image_path,true_label,predicted_label,correct,confidence,inference_time_sec,model_name,split
data/processed/test\Agaricus\003_4AurAO4Jil8.jpg,Agaricus,Amanita,False,0.5288670063018799,0.038055000000895234,MobileNetV2,test
data/processed/test\Agaricus\014_DU4RE5bim5A.jpg,Agaricus,Lactarius,False,0.36878418922424316,0.006968200001210789,MobileNetV2,test
data/processed/test\Agaricus\016_qNYODERZEms.jpg,Agaricus,Agaricus,True,0.4229370653629303,0.007987699998921016,MobileNetV2,test
data/processed/test\Agaricus\019_aaTsKm7exKE.jpg,Agaricus,Boletus,False,0.4283826947212219,0.008258199999545468,MobileNetV2,test
data/processed/test\Agaricus\020_vZJfrjIwmqU.jpg,Agaricus,Lactarius,False,0.2065521478652954,0.0082310999987385,MobileNetV2,test
data/processed/test\Agaricus\029_ZksYQQBGVIg.jpg,Agaricus,Amanita,False,0.5060564279556274,0.007725699999355129,MobileNetV2,test
data/processed/test\Agaricus\048_iC9glWRw_EM.jpg,Agaricus,Amanita,False,0.4810704290866852,0.007656699999643024,MobileNetV2,test
data/processed/test\Agaricus\052_z7PpmpKIPU4.jpg,Agaricus,Amanita,False,0.6354552507400513,0.007325500000661123,MobileNetV2,test
data/processed/test\Agaricus\055_Cggc3hvlPfg.jpg,Agaricus,Agaricus,True,0.4427644908428192,0.0076955000004090834,MobileNetV2,test
data/processed/test\Agaricus\057_n1EFvW3JrYo.jpg,Agaricus,Exidia,False,0.29063165187835693,0.00789720000102534,MobileNetV2,test
data/processed/test\Agaricus\063_Fa4IMCTXq04.jpg,Agaricus,Boletus,False,0.3369985818862915,0.007592199999635341,MobileNetV2,test
data/processed/test\Agaricus\069_W-jISbXJon8.jpg,Agaricus,Russula,False,0.3694852888584137,0.00786580000021786,MobileNetV2,test
data/processed/test\Agaricus\075_osC0agHm9UY.jpg,Agaricus,Russula,False,0.5288371443748474,0.008052499999394058,MobileNetV2,test
data/processed/test\Agaricus\083_mx9HfmWGwWo.jpg,Agaricus,Cortinarius,False,0.36096978187561035,0.007453000000168686,MobileNetV2,test
data/processed/test\Agaricus\091_3BEGnmvAiRw.jpg,Agaricus,Exidia,False,0.38441503047943115,0.007022000001597917,MobileNetV2,test
data/processed/test\Agaricus\093_Bz-kiIMN6EA.jpg,Agaricus,Lactarius,False,0.2981460988521576,0.007186099999671569,MobileNetV2,test
data/processed/test\Agaricus\115_Jd1nw0g-Z5c.jpg,Agaricus,Lactarius,False,0.7005065083503723,0.006926100000782753,MobileNetV2,test
data/processed/test\Agaricus\127_5z4-vDJFDS8.jpg,Agaricus,Amanita,False,0.7263273000717163,0.006871899999168818,MobileNetV2,test
data/processed/test\Agaricus\128_iITC2t8k-ao.jpg,Agaricus,Boletus,False,0.8959759473800659,0.006896200000483077,MobileNetV2,test
data/processed/test\Agaricus\129_E1FD01dZMiw.jpg,Agaricus,Boletus,False,0.4074355363845825,0.007010299999819836,MobileNetV2,test
data/processed/test\Agaricus\131_YrsaHYXAieo.jpg,Agaricus,Agaricus,True,0.7562968730926514,0.007039500000246335,MobileNetV2,test
data/processed/test\Agaricus\141_099PmS-9Xww.jpg,Agaricus,Boletus,False,0.2668094336986542,0.006705199999487377,MobileNetV2,test
data/processed/test\Agaricus\147_eDN4yYIkeAs.jpg,Agaricus,Agaricus,True,0.6102994680404663,0.008204899999327608,MobileNetV2,test
data/processed/test\Agaricus\162_19HDdc3YjRs.jpg,Agaricus,Russula,False,0.8706483244895935,0.007116900000255555,MobileNetV2,test
data/processed/test\Agaricus\169_qqgFJZ8Zt4g.jpg,Agaricus,Cortinarius,False,0.2904118001461029,0.009326100000180304,MobileNetV2,test
data/processed/test\Agaricus\171_wN-s2yo8YTs.jpg,Agaricus,Amanita,False,0.8241739273071289,0.006928400000106194,MobileNetV2,test
data/processed/test\Agaricus\179_jfF8TJ9ZlvU.jpg,Agaricus,Lactarius,False,0.3260875344276428,0.006894800000736723,MobileNetV2,test
data/processed/test\Agaricus\206_W3JvSvV8oF8.jpg,Agaricus,Boletus,False,0.5589615106582642,0.007150400000682566,MobileNetV2,test
data/processed/test\Agaricus\211_2k-2vImOD5g.jpg,Agaricus,Amanita,False,0.5085092782974243,0.007029399999737507,MobileNetV2,test
data/processed/test\Agaricus\213_o8ynZBRKBSE.jpg,Agaricus,Hygrocybe,False,0.729016900062561,0.006907700000738259,MobileNetV2,test
data/processed/test\Agaricus\226_0du5e8k_cCA.jpg,Agaricus,Cortinarius,False,0.44614821672439575,0.006915800000570016,MobileNetV2,test
data/processed/test\Agaricus\228_2SjHadDRW6o.jpg,Agaricus,Amanita,False,0.8609957695007324,0.007435700001224177,MobileNetV2,test
data/processed/test\Agaricus\237_y2JGdND-zxI.jpg,Agaricus,Boletus,False,0.7780227065086365,0.0075617000002239365,MobileNetV2,test
data/processed/test\Agaricus\238_I1p90MwfEEw.jpg,Agaricus,Boletus,False,0.5730077028274536,0.007473300000128802,MobileNetV2,test
data/processed/test\Agaricus\270_Js1q2S-fR_Y.jpg,Agaricus,Russula,False,0.3171752691268921,0.008272699998997268,MobileNetV2,test
data/processed/test\Agaricus\272_r-A9DMTwWoM.jpg,Agaricus,Amanita,False,0.4310368299484253,0.00815830000101414,MobileNetV2,test
data/processed/test\Agaricus\294_kPCOGW3Y_Ak.jpg,Agaricus,Amanita,False,0.2984035909175873,0.008066899999903399,MobileNetV2,test
data/processed/test\Agaricus\300_VSw-oPLasfg.jpg,Agaricus,Russula,False,0.7206839323043823,0.008233099999415572,MobileNetV2,test
data/processed/test\Agaricus\323_5Es9oQ3LeGk.jpg,Agaricus,Amanita,False,0.722603976726532,0.008571499998652143,MobileNetV2,test
data/processed/test\Agaricus\349_Euf9XZEVTMc.jpg,Agaricus,Amanita,False,0.41182151436805725,0.008446900001217728,MobileNetV2,test
data/processed/test\Agaricus\354_VP-DWvLyI3w.jpg,Agaricus,Amanita,False,0.2635360062122345,0.01152890000048501,MobileNetV2,test
data/processed/test\Agaricus\357__w_XUQZMZEw.jpg,Agaricus,Russula,False,0.36418581008911133,0.008507399999871268,MobileNetV2,test
data/processed/test\Agaricus\366_XEI1sAQds7w.jpg,Agaricus,Cortinarius,False,0.5600842237472534,0.007279099998413585,MobileNetV2,test
data/processed/test\Agaricus\374_Xap1L15Z8BM.jpg,Agaricus,Lactarius,False,0.4139396548271179,0.008319600001414074,MobileNetV2,test
data/processed/test\Agaricus\384_T_p5cKpLpsc.jpg,Agaricus,Amanita,False,0.565445601940155,0.01031680000050983,MobileNetV2,test
data/processed/test\Agaricus\385_iwfhPs4irjk.jpg,Agaricus,Boletus,False,0.6385308504104614,0.007311199999094242,MobileNetV2,test
data/processed/test\Agaricus\391_N7A0y7CgOA0.jpg,Agaricus,Russula,False,0.17963948845863342,0.008267799999885028,MobileNetV2,test
data/processed/test\Agaricus\392_QXsLZMnBIt0.jpg,Agaricus,Agaricus,True,0.5738447308540344,0.010379200000897981,MobileNetV2,test
data/processed/test\Agaricus\411_egeAEeL40Lc.jpg,Agaricus,Amanita,False,0.3328644037246704,0.008670900000652182,MobileNetV2,test
data/processed/test\Agaricus\413_4LTr0R0Dk8o.jpg,Agaricus,Russula,False,0.29322823882102966,0.007971299999553594,MobileNetV2,test
data/processed/test\Agaricus\430_IpjdsyrmIzc.jpg,Agaricus,Russula,False,0.5998364090919495,0.007749899999907939,MobileNetV2,test
data/processed/test\Agaricus\433_XWxLl-zeNQ8.jpg,Agaricus,Amanita,False,0.2697523236274719,0.007155299999794806,MobileNetV2,test
data/processed/test\Agaricus\438_uTWjQsEXep4.jpg,Agaricus,Boletus,False,0.4654139578342438,0.007790999999997439,MobileNetV2,test
data/processed/test\Agaricus\439_w5uD0w5wrXs.jpg,Agaricus,Amanita,False,0.87740558385849,0.007883300000685267,MobileNetV2,test
data/processed/test\Amanita\004_wIVV5id0aOg.jpg,Amanita,Amanita,True,0.34570541977882385,0.007858799999667099,MobileNetV2,test
data/processed/test\Amanita\010_Ji4N7IDyRKY.jpg,Amanita,Boletus,False,0.6221618056297302,0.0075200999999651685,MobileNetV2,test
data/processed/test\Amanita\011_DoZoYI2vj20.jpg,Amanita,Amanita,True,0.6848461627960205,0.00799179999921762,MobileNetV2,test
data/processed/test\Amanita\026_8kxG9731_4w.jpg,Amanita,Amanita,True,0.5223910808563232,0.007529900000008638,MobileNetV2,test
data/processed/test\Amanita\027_i47VTXypFTE.jpg,Amanita,Cortinarius,False,0.6383657455444336,0.007835300000806456,MobileNetV2,test
data/processed/test\Amanita\038_VKaJLTO8zZU.jpg,Amanita,Hygrocybe,False,0.4516102373600006,0.007547299999714596,MobileNetV2,test
data/processed/test\Amanita\041_6n9nhA4C6K8.jpg,Amanita,Boletus,False,0.7370460033416748,0.008288300001368043,MobileNetV2,test
data/processed/test\Amanita\042_aqfiTPuiGHo.jpg,Amanita,Hygrocybe,False,0.6073557138442993,0.008303000000523753,MobileNetV2,test
data/processed/test\Amanita\044_BvKKMmJ6Nfo.jpg,Amanita,Hygrocybe,False,0.7517313361167908,0.007203999999546795,MobileNetV2,test
data/processed/test\Amanita\048_3CAOSWVxhe0.jpg,Amanita,Amanita,True,0.7337598204612732,0.007190100001025712,MobileNetV2,test
data/processed/test\Amanita\055_riJalDjBcnI.jpg,Amanita,Boletus,False,0.35609814524650574,0.007546799999545328,MobileNetV2,test
data/processed/test\Amanita\075_3gL0KWhOrbs.jpg,Amanita,Amanita,True,0.46978315711021423,0.01011089999883552,MobileNetV2,test
data/processed/test\Amanita\081_C-pQjIw3h7M.jpg,Amanita,Amanita,True,0.6595441699028015,0.00839290000112669,MobileNetV2,test
data/processed/test\Amanita\083_GAJUFRatKvg.jpg,Amanita,Amanita,True,0.929429292678833,0.008115300001009018,MobileNetV2,test
data/processed/test\Amanita\101_m1QUT_IvswY.jpg,Amanita,Boletus,False,0.40350720286369324,0.007863599999836879,MobileNetV2,test
data/processed/test\Amanita\109_mApfQHzHo0k.jpg,Amanita,Inocybe,False,0.3383352756500244,0.007197499999165302,MobileNetV2,test
data/processed/test\Amanita\112_v5maqRj9Z_w.jpg,Amanita,Amanita,True,0.5195703506469727,0.00720279999950435,MobileNetV2,test
data/processed/test\Amanita\113_Ssk7arItOnk.jpg,Amanita,Amanita,True,0.4177286624908447,0.007633999999598018,MobileNetV2,test
data/processed/test\Amanita\116_V-662GMGI6U.jpg,Amanita,Cortinarius,False,0.7452694773674011,0.008166100000380538,MobileNetV2,test
data/processed/test\Amanita\117_2i4Ly-hB5rY.jpg,Amanita,Amanita,True,0.7187400460243225,0.006974300000365474,MobileNetV2,test
data/processed/test\Amanita\121_0mE3kiyOk4k.jpg,Amanita,Amanita,True,0.6844167113304138,0.0072522000009485055,MobileNetV2,test
data/processed/test\Amanita\125_jnNJwiuIHj0.jpg,Amanita,Amanita,True,0.6432158946990967,0.008411200000409735,MobileNetV2,test
data/processed/test\Amanita\138_kCA0Zae2KX0.jpg,Amanita,Amanita,True,0.8051640391349792,0.010170399998969515,MobileNetV2,test
data/processed/test\Amanita\141_zaaLqAyIHuQ.jpg,Amanita,Amanita,True,0.5990470051765442,0.007778099999995902,MobileNetV2,test
data/processed/test\Amanita\143_ZpRWUcr7GhA.jpg,Amanita,Boletus,False,0.9965003728866577,0.008451599998807069,MobileNetV2,test
data/processed/test\Amanita\145_2JCprUI2Ugw.jpg,Amanita,Amanita,True,0.5564751625061035,0.008447399999568006,MobileNetV2,test
data/processed/test\Amanita\159_majDHo2IG8U.jpg,Amanita,Lactarius,False,0.3993627727031708,0.008392600000661332,MobileNetV2,test
data/processed/test\Amanita\160_2Xs6Ueh19D4.jpg,Amanita,Russula,False,0.548571765422821,0.008619600001111394,MobileNetV2,test
data/processed/test\Amanita\166_wCNIOK2FS_U.jpg,Amanita,Inocybe,False,0.37414759397506714,0.008561599999666214,MobileNetV2,test
data/processed/test\Amanita\167_oTHBDUWfBxA.jpg,Amanita,Lactarius,False,0.34135422110557556,0.010924899999736226,MobileNetV2,test
data/processed/test\Amanita\169_ODaDqR_tlG0.jpg,Amanita,Amanita,True,0.6359619498252869,0.009428499999557971,MobileNetV2,test
data/processed/test\Amanita\171_6GMgYtjBa8k.jpg,Amanita,Russula,False,0.4350748062133789,0.008648600000014994,MobileNetV2,test
data/processed/test\Amanita\173_jqvVZF8AWxg.jpg,Amanita,Amanita,True,0.9057032465934753,0.00879970000096364,MobileNetV2,test
data/processed/test\Amanita\175_wCfYH50cXu8.jpg,Amanita,Amanita,True,0.8350799083709717,0.010346400000344147,MobileNetV2,test
data/processed/test\Amanita\192_uQQGhgvOkTI.jpg,Amanita,Amanita,True,0.878740131855011,0.0093853999987914,MobileNetV2,test
data/processed/test\Amanita\194__2kBAgeqxZc.jpg,Amanita,Amanita,True,0.8298877477645874,0.008332999999765889,MobileNetV2,test
data/processed/test\Amanita\208_EvpNOUGmeVI.jpg,Amanita,Amanita,True,0.867280900478363,0.009098599999560975,MobileNetV2,test
data/processed/test\Amanita\215_XXWsMnFz1MI.jpg,Amanita,Amanita,True,0.6931524276733398,0.01201010000113456,MobileNetV2,test
data/processed/test\Amanita\219_d2on0Kw19Ds.jpg,Amanita,Amanita,True,0.7352514266967773,0.007387600000583916,MobileNetV2,test
data/processed/test\Amanita\226_zzTeEGVX8nY.jpg,Amanita,Agaricus,False,0.2806682586669922,0.009048500000062631,MobileNetV2,test
data/processed/test\Amanita\229_AAkARuMGR0c.jpg,Amanita,Cortinarius,False,0.7466328740119934,0.00849700000071607,MobileNetV2,test
data/processed/test\Amanita\238_7M5xzSG_g_A.jpg,Amanita,Amanita,True,0.8294792771339417,0.008282700000563636,MobileNetV2,test
data/processed/test\Amanita\239_m__Mvvi_6yk.jpg,Amanita,Amanita,True,0.6216513514518738,0.008929899999202462,MobileNetV2,test
data/processed/test\Amanita\245_hJy0oklu5jA.jpg,Amanita,Boletus,False,0.8282928466796875,0.009148399998593959,MobileNetV2,test
data/processed/test\Amanita\254_Lyi3XcTltRs.jpg,Amanita,Inocybe,False,0.2557874619960785,0.008884699998816359,MobileNetV2,test
data/processed/test\Amanita\262_lkxMPar_qU4.jpg,Amanita,Amanita,True,0.2185211181640625,0.007738899999822024,MobileNetV2,test
data/processed/test\Amanita\266_1lFPzGUJdrw.jpg,Amanita,Cortinarius,False,0.4117203950881958,0.007968799998707254,MobileNetV2,test
data/processed/test\Amanita\267_Jv9rb_uZxxM.jpg,Amanita,Amanita,True,0.9164786338806152,0.0076718999989680015,MobileNetV2,test
data/processed/test\Amanita\269_y7diE9hqyqg.jpg,Amanita,Amanita,True,0.22284579277038574,0.008790500000031898,MobileNetV2,test
data/processed/test\Amanita\280_kmvGIrteUEU.jpg,Amanita,Amanita,True,0.8036159873008728,0.007386999999653199,MobileNetV2,test
data/processed/test\Amanita\283_A61Fv-WuOIQ.jpg,Amanita,Boletus,False,0.842041552066803,0.008780500000284519,MobileNetV2,test
data/processed/test\Amanita\284_hjYnEPCzZWs.jpg,Amanita,Amanita,True,0.8083696365356445,0.008114100000966573,MobileNetV2,test
data/processed/test\Amanita\286_akbOrg8qrWc.jpg,Amanita,Amanita,True,0.9126019477844238,0.008619499998530955,MobileNetV2,test
data/processed/test\Amanita\291_8IJ4_ANpJLg.jpg,Amanita,Hygrocybe,False,0.392073392868042,0.009325200000603218,MobileNetV2,test
data/processed/test\Amanita\296_sKFU2MHCmQI.jpg,Amanita,Amanita,True,0.4848497807979584,0.008190599999579717,MobileNetV2,test
data/processed/test\Amanita\301_arWVKBAl1xg.jpg,Amanita,Cortinarius,False,0.6610074043273926,0.008542199999283184,MobileNetV2,test
data/processed/test\Amanita\304_fF9sgw_cuPo.jpg,Amanita,Boletus,False,0.5779617428779602,0.007991999998921528,MobileNetV2,test
data/processed/test\Amanita\319_VSiBPtwZDwM.jpg,Amanita,Amanita,True,0.3365741968154907,0.008792000000539701,MobileNetV2,test
data/processed/test\Amanita\323_sgZnWNFTFFc.jpg,Amanita,Boletus,False,0.3881990909576416,0.008319800001117983,MobileNetV2,test
data/processed/test\Amanita\326_q3-8lXVmcVM.jpg,Amanita,Amanita,True,0.9261479377746582,0.008712099999684142,MobileNetV2,test
data/processed/test\Amanita\329_jpdnrnOYvm8.jpg,Amanita,Amanita,True,0.7158026695251465,0.008259100000941544,MobileNetV2,test
data/processed/test\Amanita\354_HFiOZg6IOL8.jpg,Amanita,Russula,False,0.4622025787830353,0.007783299999573501,MobileNetV2,test
data/processed/test\Amanita\355_e0Y8jDjEmzs.jpg,Amanita,Amanita,True,0.39594244956970215,0.008456900000965106,MobileNetV2,test
data/processed/test\Amanita\366_zzsJUWaNdxg.jpg,Amanita,Amanita,True,0.6644358038902283,0.00799890000052983,MobileNetV2,test
data/processed/test\Amanita\372_5SYWecQTaKc.jpg,Amanita,Boletus,False,0.2653222978115082,0.007779699999446166,MobileNetV2,test
data/processed/test\Amanita\373_YmenYH0HVC0.jpg,Amanita,Lactarius,False,0.2762927711009979,0.00744479999957548,MobileNetV2,test
data/processed/test\Amanita\377_qiZKoEIbfFk.jpg,Amanita,Lactarius,False,0.6398491859436035,0.00808359999973618,MobileNetV2,test
data/processed/test\Amanita\381_t_eyYyXYB1k.jpg,Amanita,Russula,False,0.3695922791957855,0.007515999999668566,MobileNetV2,test
data/processed/test\Amanita\389_1fQDmvX1jb8.jpg,Amanita,Amanita,True,0.8708243370056152,0.007215899999209796,MobileNetV2,test
data/processed/test\Amanita\395_tL3vBGNvjeI.jpg,Amanita,Amanita,True,0.5703817009925842,0.007964600001287181,MobileNetV2,test
data/processed/test\Amanita\408_Jn439YAL3hs.jpg,Amanita,Amanita,True,0.8294152617454529,0.007470599999578553,MobileNetV2,test
data/processed/test\Amanita\433_mzRZXazhvVU.jpg,Amanita,Amanita,True,0.3107394874095917,0.0073867999999492895,MobileNetV2,test
data/processed/test\Amanita\438_gh-zSGziyQ4.jpg,Amanita,Exidia,False,0.5657780766487122,0.0080735999999888,MobileNetV2,test
data/processed/test\Amanita\439_fP_ozmLLhb8.jpg,Amanita,Amanita,True,0.31919044256210327,0.007425699999657809,MobileNetV2,test
data/processed/test\Amanita\451_V0quFnk9NFA.jpg,Amanita,Amanita,True,0.8004568219184875,0.007982000000993139,MobileNetV2,test
data/processed/test\Amanita\455_noEYaXjdZno.jpg,Amanita,Cortinarius,False,0.8173208832740784,0.007405199999993783,MobileNetV2,test
data/processed/test\Amanita\458_5BlPufQsqww.jpg,Amanita,Cortinarius,False,0.4981570541858673,0.007135799998650327,MobileNetV2,test
data/processed/test\Amanita\466_wUxyOxsT5Xc.jpg,Amanita,Exidia,False,0.5307929515838623,0.006878300000607851,MobileNetV2,test
data/processed/test\Amanita\470_Qn8LOp2zdbk.jpg,Amanita,Russula,False,0.4130946397781372,0.008912200000850135,MobileNetV2,test
data/processed/test\Amanita\488_c9nCQvJtUrI.jpg,Amanita,Lactarius,False,0.5412400960922241,0.008416499998929794,MobileNetV2,test
data/processed/test\Amanita\490_GiCnvGBmknM.jpg,Amanita,Cortinarius,False,0.5240185856819153,0.007843200000934303,MobileNetV2,test
data/processed/test\Amanita\500_goYWhHd_SfA.jpg,Amanita,Lactarius,False,0.3344372510910034,0.007830300000932766,MobileNetV2,test
data/processed/test\Amanita\520_7tXL64TQTpg.jpg,Amanita,Russula,False,0.530243456363678,0.008077000000412227,MobileNetV2,test
data/processed/test\Amanita\537_5FMMhBffQ9Y.jpg,Amanita,Amanita,True,0.19981178641319275,0.0071564000008947914,MobileNetV2,test
data/processed/test\Amanita\538_EwaPkcP6eTM.jpg,Amanita,Agaricus,False,0.3477865159511566,0.007220699999379576,MobileNetV2,test
data/processed/test\Amanita\561_E5bsDlNUJ-Y.jpg,Amanita,Cortinarius,False,0.6619892716407776,0.007063499999276246,MobileNetV2,test
data/processed/test\Amanita\571_l1hoa0Kgm0U.jpg,Amanita,Lactarius,False,0.36993518471717834,0.007254000000102678,MobileNetV2,test
data/processed/test\Amanita\577_XqZEGat0kl8.jpg,Amanita,Lactarius,False,0.4539044499397278,0.007194400001026224,MobileNetV2,test
data/processed/test\Amanita\579_PS9igVuOoHE.jpg,Amanita,Lactarius,False,0.35536324977874756,0.007223799999337643,MobileNetV2,test
data/processed/test\Amanita\586_kLoafsSiyT8.jpg,Amanita,Amanita,True,0.6074724793434143,0.006953199999770732,MobileNetV2,test
data/processed/test\Amanita\587_4e3oJGC88kg.jpg,Amanita,Amanita,True,0.8034378886222839,0.00680830000055721,MobileNetV2,test
data/processed/test\Amanita\588_bh0TgHuuQ-g.jpg,Amanita,Russula,False,0.8706346750259399,0.006934799999726238,MobileNetV2,test
data/processed/test\Amanita\589_AnaL5Wx-reY.jpg,Amanita,Russula,False,0.6341909766197205,0.008126299999275943,MobileNetV2,test
data/processed/test\Amanita\596_TzXaLH4_GW0.jpg,Amanita,Amanita,True,0.34025081992149353,0.007221699999718112,MobileNetV2,test
data/processed/test\Amanita\597_t_LN8-XruiI.jpg,Amanita,Amanita,True,0.6375484466552734,0.007282499998837011,MobileNetV2,test
data/processed/test\Amanita\600_jgKLD8sC_v4.jpg,Amanita,Amanita,True,0.5611323714256287,0.0077036999991833,MobileNetV2,test
data/processed/test\Amanita\620_JDQSDCTyXyg.jpg,Amanita,Amanita,True,0.9832058548927307,0.007102000001395936,MobileNetV2,test
data/processed/test\Amanita\646_zBDcRvL_RyM.jpg,Amanita,Cortinarius,False,0.36320042610168457,0.007543499999883352,MobileNetV2,test
data/processed/test\Amanita\654_vhjqe9X5eec.jpg,Amanita,Amanita,True,0.3916442096233368,0.0069399000003613764,MobileNetV2,test
data/processed/test\Amanita\664_AXOuF6j3tyo.jpg,Amanita,Amanita,True,0.20487459003925323,0.0069483999996009516,MobileNetV2,test
data/processed/test\Amanita\665_PrGfCOsVu8Y.jpg,Amanita,Exidia,False,0.3849901854991913,0.007318100000702543,MobileNetV2,test
data/processed/test\Amanita\679_cIMzCCYdG38.jpg,Amanita,Amanita,True,0.2659435570240021,0.007717700000284822,MobileNetV2,test
data/processed/test\Amanita\682_B3EZBbmcFBE.jpg,Amanita,Russula,False,0.662481427192688,0.007577599999422091,MobileNetV2,test
data/processed/test\Amanita\702_sR0HQkA_gkA.jpg,Amanita,Amanita,True,0.4860277771949768,0.007013300000835443,MobileNetV2,test
data/processed/test\Amanita\713_znBkCzCEi-g.jpg,Amanita,Russula,False,0.46299508213996887,0.0071828999989520526,MobileNetV2,test
data/processed/test\Amanita\717_vlDmzuYG5og.jpg,Amanita,Inocybe,False,0.46317940950393677,0.007168199999796343,MobileNetV2,test
data/processed/test\Amanita\739_t_b-1IKUbgE.jpg,Amanita,Amanita,True,0.6040975451469421,0.007283199998710188,MobileNetV2,test
data/processed/test\Amanita\742_j3CNLlK7ISo.jpg,Amanita,Amanita,True,0.8461370468139648,0.0071583999997528736,MobileNetV2,test
data/processed/test\Amanita\746_Dh_6IpygI6I.jpg,Amanita,Amanita,True,0.6472927927970886,0.007094100001268089,MobileNetV2,test
data/processed/test\Amanita\754_rDpMYIR-sFE.jpg,Amanita,Cortinarius,False,0.43466389179229736,0.007145599998693797,MobileNetV2,test
data/processed/test\Amanita\756_w-xhasvBIT0.jpg,Amanita,Amanita,True,0.6121450066566467,0.007109000000127708,MobileNetV2,test
data/processed/test\Amanita\773_3H-0yRwiu6Y.jpg,Amanita,Lactarius,False,0.4669237434864044,0.007162799998695846,MobileNetV2,test
data/processed/test\Amanita\787_V5x9WHxsoqE.jpg,Amanita,Lactarius,False,0.23874624073505402,0.007368099999439437,MobileNetV2,test
data/processed/test\Boletus\0009_2hEUS66s6Gw.jpg,Boletus,Boletus,True,0.9062161445617676,0.007298000000446336,MobileNetV2,test
data/processed/test\Boletus\0010_7M6YHrGZ3aM.jpg,Boletus,Cortinarius,False,0.3244636058807373,0.0072607999991305405,MobileNetV2,test
data/processed/test\Boletus\0023_JAAEdifq1MY.jpg,Boletus,Boletus,True,0.9582411646842957,0.007308400001420523,MobileNetV2,test
data/processed/test\Boletus\0032_Sl_iMoAAJyU.jpg,Boletus,Boletus,True,0.9785903692245483,0.007163000000218744,MobileNetV2,test
data/processed/test\Boletus\0048_wGU2ETPlfqY.jpg,Boletus,Boletus,True,0.9837971329689026,0.007115899999917019,MobileNetV2,test
data/processed/test\Boletus\0051_rBIC-Uy9KzI.jpg,Boletus,Russula,False,0.35271504521369934,0.007071300000461633,MobileNetV2,test
data/processed/test\Boletus\0058_djB8UbX-XaU.jpg,Boletus,Boletus,True,0.9841068983078003,0.008096499999737716,MobileNetV2,test
data/processed/test\Boletus\0060_ph1tt9Qik4Q.jpg,Boletus,Boletus,True,0.9914608001708984,0.0075735999998869374,MobileNetV2,test
data/processed/test\Boletus\0074_-d_w6u6G7wA.jpg,Boletus,Boletus,True,0.7521976232528687,0.007455400000253576,MobileNetV2,test
data/processed/test\Boletus\0076_yMZR41Idcn0.jpg,Boletus,Boletus,True,0.7510039210319519,0.007193200000983779,MobileNetV2,test
data/processed/test\Boletus\0081_Jy-UUrFwLMA.jpg,Boletus,Boletus,True,0.8348388075828552,0.007443700000294484,MobileNetV2,test
data/processed/test\Boletus\0090_PCyZBE7zH28.jpg,Boletus,Boletus,True,0.5553513765335083,0.0070976999995764345,MobileNetV2,test
data/processed/test\Boletus\0100_Um24DDdxtxY.jpg,Boletus,Boletus,True,0.9948857426643372,0.007126800001060474,MobileNetV2,test
data/processed/test\Boletus\0110_A_F3PAXmwBw.jpg,Boletus,Boletus,True,0.980995237827301,0.007227200001580059,MobileNetV2,test
data/processed/test\Boletus\0142_osp5FSuBFx4.jpg,Boletus,Boletus,True,0.9875413775444031,0.007207800001197029,MobileNetV2,test
data/processed/test\Boletus\0148_GWuEw2WeFCY.jpg,Boletus,Boletus,True,0.9988975524902344,0.008131399999911082,MobileNetV2,test
data/processed/test\Boletus\0151_8qA6XqDaO10.jpg,Boletus,Boletus,True,0.6647794842720032,0.008897500001694425,MobileNetV2,test
data/processed/test\Boletus\0155_cfBPq0uvW7U.jpg,Boletus,Boletus,True,0.8212364315986633,0.0073439999996480765,MobileNetV2,test
data/processed/test\Boletus\0163_288vPbTy0u0.jpg,Boletus,Boletus,True,0.529015839099884,0.00732609999977285,MobileNetV2,test
data/processed/test\Boletus\0166_JjEOuNKkeSM.jpg,Boletus,Boletus,True,0.9752038717269897,0.007131100001060986,MobileNetV2,test
data/processed/test\Boletus\0176_J7Pq7LRCag0.jpg,Boletus,Amanita,False,0.43992072343826294,0.007266300000992487,MobileNetV2,test
data/processed/test\Boletus\0181_WPxAHfkr5nY.jpg,Boletus,Boletus,True,0.9470716714859009,0.008193099998607067,MobileNetV2,test
data/processed/test\Boletus\0186_8hd4Jt8Z_XU.jpg,Boletus,Boletus,True,0.8769249320030212,0.007035499998892192,MobileNetV2,test
data/processed/test\Boletus\0187__pRX2ASfyHE.jpg,Boletus,Boletus,True,0.99843829870224,0.0069631000005756505,MobileNetV2,test
data/processed/test\Boletus\0196_uqGMdVItBRg.jpg,Boletus,Boletus,True,0.9994620680809021,0.007656600000700564,MobileNetV2,test
data/processed/test\Boletus\0203_9fok2txolHA.jpg,Boletus,Boletus,True,0.9963510036468506,0.009388800001033815,MobileNetV2,test
data/processed/test\Boletus\0205_qoM5hQot18c.jpg,Boletus,Boletus,True,0.8816574215888977,0.007115200000043842,MobileNetV2,test
data/processed/test\Boletus\0206_TyUG66hONcc.jpg,Boletus,Boletus,True,0.895587682723999,0.007252299999890965,MobileNetV2,test
data/processed/test\Boletus\0207_oXbD8i2vkVg.jpg,Boletus,Boletus,True,0.9354270100593567,0.007237800000439165,MobileNetV2,test
data/processed/test\Boletus\0227_j49x_C5p-CU.jpg,Boletus,Boletus,True,0.9746554493904114,0.007078800001181662,MobileNetV2,test
data/processed/test\Boletus\0238_qz-FM7SB6M0.jpg,Boletus,Boletus,True,0.9999158382415771,0.007209100000181934,MobileNetV2,test
data/processed/test\Boletus\0240_VJBB4bFGy00.jpg,Boletus,Boletus,True,0.9998505115509033,0.007134499999665422,MobileNetV2,test
data/processed/test\Boletus\0245_M167aLbLgs8.jpg,Boletus,Boletus,True,0.9934657216072083,0.007522799998696428,MobileNetV2,test
data/processed/test\Boletus\0249_50wVqwSNvhw.jpg,Boletus,Boletus,True,0.9909351468086243,0.008342099999936181,MobileNetV2,test
data/processed/test\Boletus\0253_g1jTDCR3Zu4.jpg,Boletus,Boletus,True,0.9781926870346069,0.008852499999193242,MobileNetV2,test
data/processed/test\Boletus\0259_RjpNYKf3Zag.jpg,Boletus,Cortinarius,False,0.6808955073356628,0.007889200000136043,MobileNetV2,test
data/processed/test\Boletus\0261_Dag-SrdgNL4.jpg,Boletus,Boletus,True,0.999812662601471,0.008161199999449309,MobileNetV2,test
data/processed/test\Boletus\0263_nUgkvTMYYa4.jpg,Boletus,Boletus,True,0.9985393285751343,0.008813000000372995,MobileNetV2,test
data/processed/test\Boletus\0264_47xi69ImS58.jpg,Boletus,Boletus,True,0.9991790652275085,0.0078027999988989905,MobileNetV2,test
data/processed/test\Boletus\0285_5r1D03ayo_A.jpg,Boletus,Boletus,True,0.9627615809440613,0.009735499999806052,MobileNetV2,test
data/processed/test\Boletus\0297_Q4fwdJ_9PxA.jpg,Boletus,Boletus,True,0.9988941550254822,0.008684799999173265,MobileNetV2,test
data/processed/test\Boletus\0298_01Q7PUhybdQ.jpg,Boletus,Boletus,True,0.9777951240539551,0.006974800000534742,MobileNetV2,test
data/processed/test\Boletus\0299_Ue9AxhqQqyc.jpg,Boletus,Boletus,True,0.9998352527618408,0.007155499999498716,MobileNetV2,test
data/processed/test\Boletus\0304_7bLIdSVgaIM.jpg,Boletus,Boletus,True,0.9986152648925781,0.0074944999996660044,MobileNetV2,test
data/processed/test\Boletus\0306_64D0ZnNktPM.jpg,Boletus,Boletus,True,0.9843031167984009,0.007063699998980155,MobileNetV2,test
data/processed/test\Boletus\0310__tra6Lo5W9Q.jpg,Boletus,Boletus,True,0.6029458045959473,0.007013800001004711,MobileNetV2,test
data/processed/test\Boletus\0313_UMgAL-_294g.jpg,Boletus,Boletus,True,0.997186005115509,0.006982999999308959,MobileNetV2,test
data/processed/test\Boletus\0315_TZK9JOYNO7Q.jpg,Boletus,Boletus,True,0.9992440938949585,0.008147299999109237,MobileNetV2,test
data/processed/test\Boletus\0320_Fj4PirBfkK0.jpg,Boletus,Boletus,True,0.38878607749938965,0.00805180000133987,MobileNetV2,test
data/processed/test\Boletus\0336__FEoILXRJaU.jpg,Boletus,Cortinarius,False,0.8502117395401001,0.007594100001369952,MobileNetV2,test
data/processed/test\Boletus\0344_3nzDfs3jlQQ.jpg,Boletus,Boletus,True,0.9983378648757935,0.007873499998822808,MobileNetV2,test
data/processed/test\Boletus\0358_MmNt3oIzcU8.jpg,Boletus,Boletus,True,0.8945462107658386,0.007787900000039372,MobileNetV2,test
data/processed/test\Boletus\0365_w3QgqqeP-C8.jpg,Boletus,Boletus,True,0.9942038655281067,0.007700800000748131,MobileNetV2,test
data/processed/test\Boletus\0372_EVEx-OOzR1U.jpg,Boletus,Boletus,True,0.9992578625679016,0.007181700000728597,MobileNetV2,test
data/processed/test\Boletus\0388_M54uL5T9TkM.jpg,Boletus,Boletus,True,0.9952093958854675,0.008029499998883693,MobileNetV2,test
data/processed/test\Boletus\0391_s9Ag92abtK8.jpg,Boletus,Boletus,True,0.9965206384658813,0.00721010000052047,MobileNetV2,test
data/processed/test\Boletus\0395_jZFg843mP4g.jpg,Boletus,Boletus,True,0.9912727475166321,0.007378300000709714,MobileNetV2,test
data/processed/test\Boletus\0396_SY7PYfYNq88.jpg,Boletus,Boletus,True,0.999708354473114,0.008513700000548852,MobileNetV2,test
data/processed/test\Boletus\0398_5b-zJ94MXQk.jpg,Boletus,Boletus,True,0.744041383266449,0.008355500000106986,MobileNetV2,test
data/processed/test\Boletus\0410_jhaHnXdb-IM.jpg,Boletus,Boletus,True,0.9930347204208374,0.008228099999541882,MobileNetV2,test
data/processed/test\Boletus\0426_LWjQTfRMiXo.jpg,Boletus,Boletus,True,0.7560864686965942,0.007476699998733238,MobileNetV2,test
data/processed/test\Boletus\0439_O6QzBvZavTM.jpg,Boletus,Boletus,True,0.9998513460159302,0.007947300000523683,MobileNetV2,test
data/processed/test\Boletus\0446_xHS1WNA5GOs.jpg,Boletus,Amanita,False,0.206924170255661,0.007864100000006147,MobileNetV2,test
data/processed/test\Boletus\0457_lZNPtp0I8xY.jpg,Boletus,Boletus,True,0.9947609305381775,0.007112299999789684,MobileNetV2,test
data/processed/test\Boletus\0471_lxzgCXnZUlM.jpg,Boletus,Boletus,True,0.8207102417945862,0.007924300000013318,MobileNetV2,test
data/processed/test\Boletus\0473_x9mm3RQN3OQ.jpg,Boletus,Boletus,True,0.530120313167572,0.00693909999972675,MobileNetV2,test
data/processed/test\Boletus\0476_qTLS2LtmH20.jpg,Boletus,Boletus,True,0.6416823267936707,0.007788500000970089,MobileNetV2,test
data/processed/test\Boletus\0478_IqIYZ5z8ZaA.jpg,Boletus,Boletus,True,0.9893060326576233,0.007874400000218884,MobileNetV2,test
data/processed/test\Boletus\0482_bwKqTN52ZY0.jpg,Boletus,Lactarius,False,0.49551692605018616,0.008166400000845897,MobileNetV2,test
data/processed/test\Boletus\0485_2M-1Jj2XXfU.jpg,Boletus,Boletus,True,0.9951149225234985,0.007028499998341431,MobileNetV2,test
data/processed/test\Boletus\0487_V0mcOZZWsYc.jpg,Boletus,Boletus,True,0.995583713054657,0.007167200001276797,MobileNetV2,test
data/processed/test\Boletus\0496_oW-MXvWIdeg.jpg,Boletus,Boletus,True,0.9982377290725708,0.007009099999777391,MobileNetV2,test
data/processed/test\Boletus\0501_RcynfiUwksM.jpg,Boletus,Boletus,True,0.9977243542671204,0.0070226000007096445,MobileNetV2,test
data/processed/test\Boletus\0515_fH8FRrp-Rc4.jpg,Boletus,Lactarius,False,0.6684519648551941,0.007204400000773603,MobileNetV2,test
data/processed/test\Boletus\0516_jSgZvx-y_IA.jpg,Boletus,Boletus,True,0.9997615218162537,0.00833529999908933,MobileNetV2,test
data/processed/test\Boletus\0551_xiALBJABq4k.jpg,Boletus,Boletus,True,0.9964256882667542,0.008195000000341679,MobileNetV2,test
data/processed/test\Boletus\0552_Sm0FWjXpCUA.jpg,Boletus,Boletus,True,0.1911715269088745,0.007891199998994125,MobileNetV2,test
data/processed/test\Boletus\0569_DpPGoGLCmxw.jpg,Boletus,Boletus,True,0.48595383763313293,0.006976099999519647,MobileNetV2,test
data/processed/test\Boletus\0590_U1iXqaOG__4.jpg,Boletus,Boletus,True,0.9975054860115051,0.007056800001009833,MobileNetV2,test
data/processed/test\Boletus\0596_1eBgViXIxTo.jpg,Boletus,Boletus,True,0.8530181050300598,0.007246600000144099,MobileNetV2,test
data/processed/test\Boletus\0599_KA0H3vejy08.jpg,Boletus,Boletus,True,0.47660183906555176,0.007160699999076314,MobileNetV2,test
data/processed/test\Boletus\0608_iR5VKlchysc.jpg,Boletus,Boletus,True,0.9996161460876465,0.007256400000187568,MobileNetV2,test
data/processed/test\Boletus\0612_8lQr8TbwImc.jpg,Boletus,Boletus,True,0.9998120665550232,0.006934799999726238,MobileNetV2,test
data/processed/test\Boletus\0624_RmlDHXvJUeU.jpg,Boletus,Boletus,True,0.9933019876480103,0.007139199999073753,MobileNetV2,test
data/processed/test\Boletus\0631_PJXNFQZc7n8.jpg,Boletus,Boletus,True,0.9382620453834534,0.007194800000434043,MobileNetV2,test
data/processed/test\Boletus\0632_Rc_3hYDbYqU.jpg,Boletus,Boletus,True,0.811631441116333,0.007261800001288066,MobileNetV2,test
data/processed/test\Boletus\0635_-J_6XTsYZMA.jpg,Boletus,Boletus,True,0.9101163744926453,0.0072024999990389915,MobileNetV2,test
data/processed/test\Boletus\0645_l3ki0s-WOCU.jpg,Boletus,Lactarius,False,0.3204117715358734,0.007474599999113707,MobileNetV2,test
data/processed/test\Boletus\0646_X-9LZJb_Mm8.jpg,Boletus,Boletus,True,0.7762428522109985,0.0074855000002571614,MobileNetV2,test
data/processed/test\Boletus\0654_S0ZETeWMBPU.jpg,Boletus,Exidia,False,0.7796757221221924,0.007643900000402937,MobileNetV2,test
data/processed/test\Boletus\0659_r1c48yLOmjA.jpg,Boletus,Boletus,True,0.9973031282424927,0.007088899999871501,MobileNetV2,test
data/processed/test\Boletus\0662_zLAxc0c9R_M.jpg,Boletus,Boletus,True,0.9953222870826721,0.007356900001468603,MobileNetV2,test
data/processed/test\Boletus\0664_aAvZIRDPNUI.jpg,Boletus,Boletus,True,0.4681525230407715,0.0069798000004084315,MobileNetV2,test
data/processed/test\Boletus\0665_oAzt25TNZeQ.jpg,Boletus,Boletus,True,0.879591166973114,0.007126700000299024,MobileNetV2,test
data/processed/test\Boletus\0670_K_TCbzxFUGM.jpg,Boletus,Boletus,True,0.7118565440177917,0.0073802000006253365,MobileNetV2,test
data/processed/test\Boletus\0684_vMnFJrCY0pg.jpg,Boletus,Boletus,True,0.2562662661075592,0.007891299999755574,MobileNetV2,test
data/processed/test\Boletus\0686_HDMT9DDObck.jpg,Boletus,Lactarius,False,0.7960036993026733,0.01113949999853503,MobileNetV2,test
data/processed/test\Boletus\0687_OAh8DHQ9Ejw.jpg,Boletus,Boletus,True,0.8757087588310242,0.006954500000574626,MobileNetV2,test
data/processed/test\Boletus\0691_aeOqhuNhZUo.jpg,Boletus,Boletus,True,0.936747133731842,0.007920099998955266,MobileNetV2,test
data/processed/test\Boletus\0694_ZGhTNFYpRF0.jpg,Boletus,Boletus,True,0.5216829776763916,0.006867600000987295,MobileNetV2,test
data/processed/test\Boletus\0705_zAx-31wgOX8.jpg,Boletus,Boletus,True,0.6765221953392029,0.007319199999983539,MobileNetV2,test
data/processed/test\Boletus\0706_O2coJ1bHNyI.jpg,Boletus,Cortinarius,False,0.6217749118804932,0.007312399999136687,MobileNetV2,test
data/processed/test\Boletus\0710_3W2LVW3vahA.jpg,Boletus,Boletus,True,0.9998120665550232,0.007348400000410038,MobileNetV2,test
data/processed/test\Boletus\0711_BeW-0Vt9hao.jpg,Boletus,Cortinarius,False,0.448258638381958,0.0071833999991213204,MobileNetV2,test
data/processed/test\Boletus\0712_KcW299HdxJQ.jpg,Boletus,Boletus,True,0.43053138256073,0.007076699999743141,MobileNetV2,test
data/processed/test\Boletus\0715_bpAousgaNak.jpg,Boletus,Russula,False,0.6277139782905579,0.008254399999714224,MobileNetV2,test
data/processed/test\Boletus\0720_5nsuj2jRfF0.jpg,Boletus,Exidia,False,0.34027451276779175,0.007029700000202865,MobileNetV2,test
data/processed/test\Boletus\0731_6DJ6_aa-bZg.jpg,Boletus,Boletus,True,0.8903970718383789,0.007356199999776436,MobileNetV2,test
data/processed/test\Boletus\0754_zPtZnfibMT4.jpg,Boletus,Amanita,False,0.3438538610935211,0.0074879000003420515,MobileNetV2,test
data/processed/test\Boletus\0778_UbEygYYDhi4.jpg,Boletus,Exidia,False,0.24986840784549713,0.007752399998935289,MobileNetV2,test
data/processed/test\Boletus\0779_x10CHNm1XGs.jpg,Boletus,Boletus,True,0.8966591954231262,0.007844699999623117,MobileNetV2,test
data/processed/test\Boletus\0789_HeUlbr2dIsk.jpg,Boletus,Cortinarius,False,0.3837879002094269,0.007216200001494144,MobileNetV2,test
data/processed/test\Boletus\0790_pju1fCrxSyw.jpg,Boletus,Amanita,False,0.5939193367958069,0.006747100000211503,MobileNetV2,test
data/processed/test\Boletus\0795_O2Z0CQUcDhg.jpg,Boletus,Boletus,True,0.9982379674911499,0.0073320999999850756,MobileNetV2,test
data/processed/test\Boletus\0797_6dpBNM8twyA.jpg,Boletus,Cortinarius,False,0.6783317923545837,0.006876900000861497,MobileNetV2,test
data/processed/test\Boletus\0801_ulyFq_UWWzM.jpg,Boletus,Boletus,True,0.5873818397521973,0.00848519999999553,MobileNetV2,test
data/processed/test\Boletus\0802_MWtsI0EKttw.jpg,Boletus,Amanita,False,0.4980402886867523,0.008268100000350387,MobileNetV2,test
data/processed/test\Boletus\0807_Iqw2hN_b0s8.jpg,Boletus,Boletus,True,0.6875335574150085,0.006971099999645958,MobileNetV2,test
data/processed/test\Boletus\0811_7t2BE3xOyek.jpg,Boletus,Boletus,True,0.7624768018722534,0.009123499999986961,MobileNetV2,test
data/processed/test\Boletus\0813_mXb_8YjMI_8.jpg,Boletus,Boletus,True,0.8381494879722595,0.008996099999421858,MobileNetV2,test
data/processed/test\Boletus\0829_dHV6v4tZvMk.jpg,Boletus,Boletus,True,0.9970591068267822,0.008165499999449821,MobileNetV2,test
data/processed/test\Boletus\0832_XCzDV_JY6_M.jpg,Boletus,Boletus,True,0.9972326159477234,0.0071625000000494765,MobileNetV2,test
data/processed/test\Boletus\0833_lwqKJywKCCc.jpg,Boletus,Boletus,True,0.9960527420043945,0.006982799999605049,MobileNetV2,test
data/processed/test\Boletus\0836_FkYdaUI06h0.jpg,Boletus,Entoloma,False,0.32543325424194336,0.007204300000012154,MobileNetV2,test
data/processed/test\Boletus\0839__L3OdEzm-GA.jpg,Boletus,Boletus,True,0.9967954754829407,0.0071245999988605035,MobileNetV2,test
data/processed/test\Boletus\0841_7XAXHIAG0d8.jpg,Boletus,Boletus,True,0.9896233677864075,0.007117399998605833,MobileNetV2,test
data/processed/test\Boletus\0857_lvu1iJAnbvg.jpg,Boletus,Boletus,True,0.9990009665489197,0.00712059999932535,MobileNetV2,test
data/processed/test\Boletus\0859_z4K-tiR_PP0.jpg,Boletus,Boletus,True,0.8571452498435974,0.007634199999301927,MobileNetV2,test
data/processed/test\Boletus\0867_ExxTC0iGbxI.jpg,Boletus,Boletus,True,0.25275328755378723,0.007842500001061126,MobileNetV2,test
data/processed/test\Boletus\0870_BxgSujm7-C8.jpg,Boletus,Boletus,True,0.9641594886779785,0.007166800000049989,MobileNetV2,test
data/processed/test\Boletus\0876_Sizxg8ymXLI.jpg,Boletus,Boletus,True,0.8215925693511963,0.00696319999951811,MobileNetV2,test
data/processed/test\Boletus\0883_LcmFTebwKmA.jpg,Boletus,Boletus,True,0.9973164200782776,0.008241200001066318,MobileNetV2,test
data/processed/test\Boletus\0891_9qHx98xefUQ.jpg,Boletus,Boletus,True,0.9996496438980103,0.007415000000037253,MobileNetV2,test
data/processed/test\Boletus\0904_qppYGFqfqYg.jpg,Boletus,Boletus,True,0.9810240268707275,0.007277500000782311,MobileNetV2,test
data/processed/test\Boletus\0907_JUjr6H_B0Xo.jpg,Boletus,Boletus,True,0.933851420879364,0.0074100000001635635,MobileNetV2,test
data/processed/test\Boletus\0910_gk8EFVec-aU.jpg,Boletus,Boletus,True,0.9844650626182556,0.007136300000638585,MobileNetV2,test
data/processed/test\Boletus\0920_Mj9Gr-R_eJg.jpg,Boletus,Boletus,True,0.999871015548706,0.007245300001159194,MobileNetV2,test
data/processed/test\Boletus\0927_GeTz3gpfOCA.jpg,Boletus,Boletus,True,0.9647340774536133,0.007148400000005495,MobileNetV2,test
data/processed/test\Boletus\0939_Uu9bT1-H4ZE.jpg,Boletus,Boletus,True,0.9921225905418396,0.007928900000479189,MobileNetV2,test
data/processed/test\Boletus\0941_CD55o3j2ACk.jpg,Boletus,Russula,False,0.5987151861190796,0.007964300000821822,MobileNetV2,test
data/processed/test\Boletus\0943_7_qx73pcT5M.jpg,Boletus,Boletus,True,0.9998608827590942,0.00815629999851808,MobileNetV2,test
data/processed/test\Boletus\0944_uchnyCbCU8o.jpg,Boletus,Boletus,True,0.9409046173095703,0.007863999999244697,MobileNetV2,test
data/processed/test\Boletus\0951_12IsIr7KDL0.jpg,Boletus,Boletus,True,0.99810791015625,0.008219299999836949,MobileNetV2,test
data/processed/test\Boletus\0953_JtmTQxMa4yM.jpg,Boletus,Boletus,True,0.3566400110721588,0.008038699999815435,MobileNetV2,test
data/processed/test\Boletus\0954_UdQ21bvT_YM.jpg,Boletus,Boletus,True,0.982207715511322,0.007388300000457093,MobileNetV2,test
data/processed/test\Boletus\0974_ZIsylb_w8NE.jpg,Boletus,Boletus,True,0.7848212718963623,0.0085361000001285,MobileNetV2,test
data/processed/test\Boletus\0981_Q5GmJS_vei8.jpg,Boletus,Boletus,True,0.9981380701065063,0.00756089999958931,MobileNetV2,test
data/processed/test\Boletus\0987_JvKLOKW8WFA.jpg,Boletus,Boletus,True,0.5378161072731018,0.008135699999911594,MobileNetV2,test
data/processed/test\Boletus\0988_R0RNuJ8IqBI.jpg,Boletus,Boletus,True,0.6415581107139587,0.007466099999874132,MobileNetV2,test
data/processed/test\Boletus\1021_SyO8BpGSVjw.jpg,Boletus,Hygrocybe,False,0.4043005108833313,0.008007899999938672,MobileNetV2,test
data/processed/test\Boletus\1032_tYL581WPzXU.jpg,Boletus,Boletus,True,0.9999085664749146,0.008355799998753355,MobileNetV2,test
data/processed/test\Boletus\1036_4kWl9z7sQIY.jpg,Boletus,Inocybe,False,0.25245240330696106,0.007535800001278403,MobileNetV2,test
data/processed/test\Boletus\1040_i_rg9l4rqjw.jpg,Boletus,Boletus,True,0.9991000890731812,0.007842500001061126,MobileNetV2,test
data/processed/test\Boletus\1051_Q0ltVKrZhcQ.jpg,Boletus,Boletus,True,0.9978427886962891,0.007338800000070478,MobileNetV2,test
data/processed/test\Boletus\1055_1FFlybCSCAU.jpg,Boletus,Boletus,True,0.9926888346672058,0.007112299999789684,MobileNetV2,test
data/processed/test\Boletus\1057_Y7n8VqlTW3g.jpg,Boletus,Boletus,True,0.754746675491333,0.007205600000816048,MobileNetV2,test
data/processed/test\Boletus\1065_eMY4Zsr_msU.jpg,Boletus,Boletus,True,0.7198919057846069,0.007117400000424823,MobileNetV2,test
data/processed/test\Boletus\1077_JAOBSnuV9zc.jpg,Boletus,Boletus,True,0.9623482823371887,0.007238300000608433,MobileNetV2,test
data/processed/test\Boletus\1081_S9BZwG4wmiU.jpg,Boletus,Boletus,True,0.974604070186615,0.007259099998918828,MobileNetV2,test
data/processed/test\Boletus\1086_9A85NgFJxzc.jpg,Boletus,Lactarius,False,0.5097348093986511,0.0073998999996547354,MobileNetV2,test
data/processed/test\Boletus\1087_POSIDmOc7AE.jpg,Boletus,Boletus,True,0.9892017841339111,0.007228899999972782,MobileNetV2,test
data/processed/test\Boletus\1095_fb3O6d7sRfw.jpg,Boletus,Boletus,True,0.5528887510299683,0.0069777000007889,MobileNetV2,test
data/processed/test\Cortinarius\032_RaRNWCMOeJY.jpg,Cortinarius,Cortinarius,True,0.6230588555335999,0.007349100000283215,MobileNetV2,test
data/processed/test\Cortinarius\034_uFEs0KR55hA.jpg,Cortinarius,Boletus,False,0.822184681892395,0.00725360000069486,MobileNetV2,test
data/processed/test\Cortinarius\047_a4t7zntIs3E.jpg,Cortinarius,Lactarius,False,0.5272752046585083,0.00735270000041055,MobileNetV2,test
data/processed/test\Cortinarius\051_BcBgKIXkPFY.jpg,Cortinarius,Cortinarius,True,0.6947736144065857,0.007512799998949049,MobileNetV2,test
data/processed/test\Cortinarius\062_lU35GQ80D6k.jpg,Cortinarius,Lactarius,False,0.4108753204345703,0.0072464999993826495,MobileNetV2,test
data/processed/test\Cortinarius\068_eKtLmKWRhYQ.jpg,Cortinarius,Cortinarius,True,0.6062008738517761,0.007234700000481098,MobileNetV2,test
data/processed/test\Cortinarius\074_QZm5I2faj7M.jpg,Cortinarius,Cortinarius,True,0.5901523232460022,0.007231300000057672,MobileNetV2,test
data/processed/test\Cortinarius\082_igjSlbVXbAs.jpg,Cortinarius,Russula,False,0.5834028124809265,0.00725109999984852,MobileNetV2,test
data/processed/test\Cortinarius\083_Fx67B3DmN3Y.jpg,Cortinarius,Cortinarius,True,0.9451069831848145,0.007218299999294686,MobileNetV2,test
data/processed/test\Cortinarius\089_pSC0tp3Vin8.jpg,Cortinarius,Cortinarius,True,0.28541505336761475,0.008210500000132015,MobileNetV2,test
data/processed/test\Cortinarius\092_TIq_EZUYHvE.jpg,Cortinarius,Cortinarius,True,0.6664243936538696,0.008244500000728294,MobileNetV2,test
data/processed/test\Cortinarius\098_9sdVyNK9pSI.jpg,Cortinarius,Hygrocybe,False,0.3535425364971161,0.006995900001129485,MobileNetV2,test
data/processed/test\Cortinarius\106_zDyFzio3OcI.jpg,Cortinarius,Boletus,False,0.7800103425979614,0.007424400000672904,MobileNetV2,test
data/processed/test\Cortinarius\120_6i3qL8_7_cU.jpg,Cortinarius,Cortinarius,True,0.5464666485786438,0.008092199999737204,MobileNetV2,test
data/processed/test\Cortinarius\139_Sa-XUtLlV4s.jpg,Cortinarius,Amanita,False,0.3505011200904846,0.008311699999467237,MobileNetV2,test
data/processed/test\Cortinarius\142_UT29eeWW32A.jpg,Cortinarius,Russula,False,0.8352117538452148,0.0071375999996234896,MobileNetV2,test
data/processed/test\Cortinarius\143_SrOlFvP1n9w.jpg,Cortinarius,Boletus,False,0.23436391353607178,0.007209600000351202,MobileNetV2,test
data/processed/test\Cortinarius\146_N9FJKoJghDQ.jpg,Cortinarius,Lactarius,False,0.5127224922180176,0.007003700000495883,MobileNetV2,test
data/processed/test\Cortinarius\147_gh5SUGxwpmg.jpg,Cortinarius,Hygrocybe,False,0.2893873453140259,0.00742299999910756,MobileNetV2,test
data/processed/test\Cortinarius\148_NRYh_CNOe0Q.jpg,Cortinarius,Cortinarius,True,0.4898833632469177,0.008821999999781838,MobileNetV2,test
data/processed/test\Cortinarius\162_vx8DyMaDNbY.jpg,Cortinarius,Cortinarius,True,0.8636173605918884,0.0082576999993762,MobileNetV2,test
data/processed/test\Cortinarius\172_RQpuklei93E.jpg,Cortinarius,Russula,False,0.5146358609199524,0.00844649999999092,MobileNetV2,test
data/processed/test\Cortinarius\173_OBw2ytszKxo.jpg,Cortinarius,Cortinarius,True,0.4525030255317688,0.008621999999377294,MobileNetV2,test
data/processed/test\Cortinarius\178_xHtAXzZPN-s.jpg,Cortinarius,Cortinarius,True,0.4696105420589447,0.008420399999522488,MobileNetV2,test
data/processed/test\Cortinarius\182_kJh0aAaK590.jpg,Cortinarius,Cortinarius,True,0.6474428176879883,0.008159999999406864,MobileNetV2,test
data/processed/test\Cortinarius\185_OXwIsNfGrwY.jpg,Cortinarius,Cortinarius,True,0.7714951038360596,0.00820910000038566,MobileNetV2,test
data/processed/test\Cortinarius\192_TskFa7fOkRc.jpg,Cortinarius,Cortinarius,True,0.836624264717102,0.007421299998895847,MobileNetV2,test
data/processed/test\Cortinarius\195_lD8h4PCMaUY.jpg,Cortinarius,Cortinarius,True,0.7521769404411316,0.007476699998733238,MobileNetV2,test
data/processed/test\Cortinarius\207_zmoZZTV0lLI.jpg,Cortinarius,Agaricus,False,0.5891498327255249,0.009310800000093877,MobileNetV2,test
data/processed/test\Cortinarius\224_mLlKvEsrEcA.jpg,Cortinarius,Cortinarius,True,0.9220287203788757,0.008668599999509752,MobileNetV2,test
data/processed/test\Cortinarius\232_jKdR7Qgq_BY.jpg,Cortinarius,Hygrocybe,False,0.8991670608520508,0.007543499999883352,MobileNetV2,test
data/processed/test\Cortinarius\240_aJldHbs2JsE.jpg,Cortinarius,Hygrocybe,False,0.48748835921287537,0.007297900001503876,MobileNetV2,test
data/processed/test\Cortinarius\256_TpoM3eWkf6g.jpg,Cortinarius,Lactarius,False,0.4227590262889862,0.00758510000014212,MobileNetV2,test
data/processed/test\Cortinarius\274_RW-zkr4BQmM.jpg,Cortinarius,Cortinarius,True,0.6921086311340332,0.007828300000255695,MobileNetV2,test
data/processed/test\Cortinarius\277_2vcjLHvzssg.jpg,Cortinarius,Cortinarius,True,0.8365145325660706,0.008841800001391675,MobileNetV2,test
data/processed/test\Cortinarius\285_ALSLuAGLn64.jpg,Cortinarius,Cortinarius,True,0.22795134782791138,0.009022799999002018,MobileNetV2,test
data/processed/test\Cortinarius\301_BY2YjnDmmdc.jpg,Cortinarius,Lactarius,False,0.47517499327659607,0.0090753999993467,MobileNetV2,test
data/processed/test\Cortinarius\312_Kv_3xHcyVUE.jpg,Cortinarius,Lactarius,False,0.42780882120132446,0.00789259999874048,MobileNetV2,test
data/processed/test\Cortinarius\321_EgWJ7bpjCxM.jpg,Cortinarius,Russula,False,0.6999823451042175,0.008214400000724709,MobileNetV2,test
data/processed/test\Cortinarius\328_qxWZEmWaodk.jpg,Cortinarius,Cortinarius,True,0.42735549807548523,0.008033299998714938,MobileNetV2,test
data/processed/test\Cortinarius\337_ohrbRKjnZkA.jpg,Cortinarius,Boletus,False,0.41535377502441406,0.009544200000163983,MobileNetV2,test
data/processed/test\Cortinarius\342_3kBE30sLBPk.jpg,Cortinarius,Amanita,False,0.3491096496582031,0.010082200000397279,MobileNetV2,test
data/processed/test\Cortinarius\343_YY4qxL--3lE.jpg,Cortinarius,Russula,False,0.41056016087532043,0.010386300000391202,MobileNetV2,test
data/processed/test\Cortinarius\344_AKEJiWrKVfA.jpg,Cortinarius,Russula,False,0.4719295799732208,0.009998600000471924,MobileNetV2,test
data/processed/test\Cortinarius\349_BG4jbNRDzCI.jpg,Cortinarius,Cortinarius,True,0.33021679520606995,0.008169700000507873,MobileNetV2,test
data/processed/test\Cortinarius\353_qyVEsJs6eu8.jpg,Cortinarius,Boletus,False,0.9126116633415222,0.009085400000913069,MobileNetV2,test
data/processed/test\Cortinarius\358_L8mvKvlrYDA.jpg,Cortinarius,Cortinarius,True,0.8385453224182129,0.008598400001574191,MobileNetV2,test
data/processed/test\Cortinarius\360_QL0VQlt8Ke0.jpg,Cortinarius,Cortinarius,True,0.5094762444496155,0.009821800000281655,MobileNetV2,test
data/processed/test\Cortinarius\364_Xsj2f0KiCAk.jpg,Cortinarius,Amanita,False,0.3117591440677643,0.009481200000664103,MobileNetV2,test
data/processed/test\Cortinarius\381_IHHdqt43Ivk.jpg,Cortinarius,Cortinarius,True,0.6434550285339355,0.009354600000733626,MobileNetV2,test
data/processed/test\Cortinarius\384_NCKsip2esZ4.jpg,Cortinarius,Cortinarius,True,0.6498323678970337,0.008105500000965549,MobileNetV2,test
data/processed/test\Cortinarius\388_JTEy9_rTlno.jpg,Cortinarius,Boletus,False,0.28103721141815186,0.009088900000278954,MobileNetV2,test
data/processed/test\Cortinarius\389_D8kTQu4sbro.jpg,Cortinarius,Boletus,False,0.9560158848762512,0.009190799999487353,MobileNetV2,test
data/processed/test\Cortinarius\390_iQUMBiY-0qs.jpg,Cortinarius,Lactarius,False,0.9140506982803345,0.007327799999984563,MobileNetV2,test
data/processed/test\Cortinarius\418_YUu8Eth7vC0.jpg,Cortinarius,Cortinarius,True,0.7441244125366211,0.010621999999784748,MobileNetV2,test
data/processed/test\Cortinarius\448_uo51r2lHNAw.jpg,Cortinarius,Cortinarius,True,0.5581783056259155,0.00920380000025034,MobileNetV2,test
data/processed/test\Cortinarius\449_VlvWf0y620o.jpg,Cortinarius,Exidia,False,0.5455608367919922,0.009489799998846138,MobileNetV2,test
data/processed/test\Cortinarius\456_KDbq8QQJpF8.jpg,Cortinarius,Boletus,False,0.3160451054573059,0.0081028000004153,MobileNetV2,test
data/processed/test\Cortinarius\460_-PS3Pqhfj28.jpg,Cortinarius,Cortinarius,True,0.6911117434501648,0.008961999999883119,MobileNetV2,test
data/processed/test\Cortinarius\461_FcGRZ9NIyZM.jpg,Cortinarius,Exidia,False,0.4675214886665344,0.007974899999680929,MobileNetV2,test
data/processed/test\Cortinarius\466_M2i1qdSiRz4.jpg,Cortinarius,Amanita,False,0.2800057530403137,0.009877299999061506,MobileNetV2,test
data/processed/test\Cortinarius\467_LUja4xjFPG8.jpg,Cortinarius,Cortinarius,True,0.45347896218299866,0.030731799999557552,MobileNetV2,test
data/processed/test\Cortinarius\488_UhQdy3jXkc0.jpg,Cortinarius,Cortinarius,True,0.26127779483795166,0.01128450000032899,MobileNetV2,test
data/processed/test\Cortinarius\496_KX8TxkeLLa4.jpg,Cortinarius,Cortinarius,True,0.7003576755523682,0.012294600001041545,MobileNetV2,test
data/processed/test\Cortinarius\509_M0Gd8axTrw4.jpg,Cortinarius,Cortinarius,True,0.38720735907554626,0.010047399999166373,MobileNetV2,test
data/processed/test\Cortinarius\514_tv4keuWfvWE.jpg,Cortinarius,Cortinarius,True,0.5439084768295288,0.014620300000387942,MobileNetV2,test
data/processed/test\Cortinarius\530_sEUUp5boweI.jpg,Cortinarius,Hygrocybe,False,0.516427218914032,0.015933200000290526,MobileNetV2,test
data/processed/test\Cortinarius\532_oIJibw1tz4Y.jpg,Cortinarius,Hygrocybe,False,0.8185866475105286,0.010251600000628969,MobileNetV2,test
data/processed/test\Cortinarius\533_pNuBhaHhEmU.jpg,Cortinarius,Suillus,False,0.4025857150554657,0.011370100000931416,MobileNetV2,test
data/processed/test\Cortinarius\547_fKznDHbWCkk.jpg,Cortinarius,Inocybe,False,0.25877296924591064,0.008515800000168383,MobileNetV2,test
data/processed/test\Cortinarius\551_APFbJ2vPcGw.jpg,Cortinarius,Cortinarius,True,0.8547999262809753,0.010646300001099007,MobileNetV2,test
data/processed/test\Cortinarius\552_z4MK9UiOMoc.jpg,Cortinarius,Lactarius,False,0.3378481864929199,0.00894239999979618,MobileNetV2,test
data/processed/test\Cortinarius\567_6O0QVMS6LE4.jpg,Cortinarius,Hygrocybe,False,0.38392895460128784,0.009113000000070315,MobileNetV2,test
data/processed/test\Cortinarius\574_xXwqpgn5Fls.jpg,Cortinarius,Cortinarius,True,0.4534122943878174,0.009891499999866937,MobileNetV2,test
data/processed/test\Cortinarius\589_rgxUeggTwRk.jpg,Cortinarius,Cortinarius,True,0.4098223149776459,0.008906999999453546,MobileNetV2,test
data/processed/test\Cortinarius\592_ZR3yzj9H31I.jpg,Cortinarius,Cortinarius,True,0.4168108403682709,0.009425000000192085,MobileNetV2,test
data/processed/test\Cortinarius\593_VEBcqScsSLw.jpg,Cortinarius,Cortinarius,True,0.6614807844161987,0.009413400000994443,MobileNetV2,test
data/processed/test\Cortinarius\595_DUgPrK3WFJ0.jpg,Cortinarius,Amanita,False,0.3395751714706421,0.009167199999865261,MobileNetV2,test
data/processed/test\Cortinarius\604_55_Sj5HXI6U.jpg,Cortinarius,Agaricus,False,0.37244728207588196,0.01158930000019609,MobileNetV2,test
data/processed/test\Cortinarius\613_RZSh0QPwcnw.jpg,Cortinarius,Cortinarius,True,0.9576069116592407,0.009274899999581976,MobileNetV2,test
data/processed/test\Cortinarius\627_JqtzXHRtbPY.jpg,Cortinarius,Russula,False,0.7610002160072327,0.015154299999267096,MobileNetV2,test
data/processed/test\Cortinarius\634_3P_z4FJuvrc.jpg,Cortinarius,Boletus,False,0.7768632769584656,0.009174900000289199,MobileNetV2,test
data/processed/test\Cortinarius\648_rFy8BK5tQS4.jpg,Cortinarius,Cortinarius,True,0.42710384726524353,0.009159600000202772,MobileNetV2,test
data/processed/test\Cortinarius\651_YsGS-o5hPUk.jpg,Cortinarius,Russula,False,0.4247708022594452,0.009180099999866798,MobileNetV2,test
data/processed/test\Cortinarius\660_qqPWIG-_atg.jpg,Cortinarius,Inocybe,False,0.24470254778862,0.009942299999238458,MobileNetV2,test
data/processed/test\Cortinarius\663_vqeZWWsm7AU.jpg,Cortinarius,Boletus,False,0.3661844730377197,0.009453799999391777,MobileNetV2,test
data/processed/test\Cortinarius\665_CnMbFwJ4A3g.jpg,Cortinarius,Boletus,False,0.9837478995323181,0.009994199999709963,MobileNetV2,test
data/processed/test\Cortinarius\670_VEDFNxOmJjk.jpg,Cortinarius,Cortinarius,True,0.8155782222747803,0.009425599999303813,MobileNetV2,test
data/processed/test\Cortinarius\677_jZl6bME7gYc.jpg,Cortinarius,Boletus,False,0.830093264579773,0.011650999998892075,MobileNetV2,test
data/processed/test\Cortinarius\684_4Yz2wW3J4Vs.jpg,Cortinarius,Amanita,False,0.3363446295261383,0.009872200000245357,MobileNetV2,test
data/processed/test\Cortinarius\698_hDYmajbNTyc.jpg,Cortinarius,Cortinarius,True,0.786300003528595,0.008687800000188872,MobileNetV2,test
data/processed/test\Cortinarius\700_T0ARJ9bwVM0.jpg,Cortinarius,Boletus,False,0.2903837561607361,0.009386899999299203,MobileNetV2,test
data/processed/test\Cortinarius\706_neOW0Q7auww.jpg,Cortinarius,Cortinarius,True,0.25370579957962036,0.009297300000980613,MobileNetV2,test
data/processed/test\Cortinarius\710_9SgH3X4RwDc.jpg,Cortinarius,Cortinarius,True,0.7975436449050903,0.009986300001401105,MobileNetV2,test
data/processed/test\Cortinarius\713_0K-WK89enpQ.jpg,Cortinarius,Boletus,False,0.38683006167411804,0.010305600000720005,MobileNetV2,test
data/processed/test\Cortinarius\722_hYmaZTUMKvM.jpg,Cortinarius,Cortinarius,True,0.369756817817688,0.008902199999283766,MobileNetV2,test
data/processed/test\Cortinarius\723_z2zuRWlePHw.jpg,Cortinarius,Agaricus,False,0.5095863938331604,0.010983300000589225,MobileNetV2,test
data/processed/test\Cortinarius\726_SPq8J7DiHAU.jpg,Cortinarius,Boletus,False,0.7567076086997986,0.010341100000005099,MobileNetV2,test
data/processed/test\Cortinarius\734_gSi3maWDcms.jpg,Cortinarius,Russula,False,0.5305498838424683,0.010571000000709319,MobileNetV2,test
data/processed/test\Cortinarius\739_1fnqQJpMA1w.jpg,Cortinarius,Cortinarius,True,0.9218360781669617,0.01020520000020042,MobileNetV2,test
data/processed/test\Cortinarius\740_6uQUZGPJDtc.jpg,Cortinarius,Inocybe,False,0.24629300832748413,0.010312299998986418,MobileNetV2,test
data/processed/test\Cortinarius\741_I2jWMQKljH8.jpg,Cortinarius,Boletus,False,0.46740877628326416,0.012475499999709427,MobileNetV2,test
data/processed/test\Cortinarius\743_x_gCsSdhOPU.jpg,Cortinarius,Cortinarius,True,0.5586106777191162,0.009055200000148034,MobileNetV2,test
data/processed/test\Cortinarius\754_pGoceyCfMP8.jpg,Cortinarius,Amanita,False,0.2949245572090149,0.009136299999227049,MobileNetV2,test
data/processed/test\Cortinarius\766_vIHHxNTloEA.jpg,Cortinarius,Boletus,False,0.4054654538631439,0.00978690000010829,MobileNetV2,test
data/processed/test\Cortinarius\791_2-YR9WlEhSA.jpg,Cortinarius,Cortinarius,True,0.7552782893180847,0.008916400000089197,MobileNetV2,test
data/processed/test\Cortinarius\796_738i150K_pQ.jpg,Cortinarius,Cortinarius,True,0.8924033045768738,0.009504800000286195,MobileNetV2,test
data/processed/test\Cortinarius\800_DyXP5vXb0mQ.jpg,Cortinarius,Hygrocybe,False,0.5528563857078552,0.009613899999749265,MobileNetV2,test
data/processed/test\Cortinarius\819_ELx6VT8tmKM.jpg,Cortinarius,Inocybe,False,0.2274579256772995,0.007901499999206862,MobileNetV2,test
data/processed/test\Cortinarius\825_nn-gRPOKNNQ.jpg,Cortinarius,Cortinarius,True,0.4038947820663452,0.009628199999497156,MobileNetV2,test
data/processed/test\Cortinarius\835_znWNJNTUlcg.jpg,Cortinarius,Lactarius,False,0.36499449610710144,0.012229900001329952,MobileNetV2,test
data/processed/test\Cortinarius\838_phOn4HpRGFU.jpg,Cortinarius,Cortinarius,True,0.6791159510612488,0.010617399999318877,MobileNetV2,test
data/processed/test\Cortinarius\839_QCI2KoxuEus.jpg,Cortinarius,Cortinarius,True,0.9219242334365845,0.009432399998331675,MobileNetV2,test
data/processed/test\Cortinarius\880_2blQSwj_qqg.jpg,Cortinarius,Lactarius,False,0.7103647589683533,0.009452299998883973,MobileNetV2,test
data/processed/test\Cortinarius\896_zisCBTibqYs.jpg,Cortinarius,Russula,False,0.38809219002723694,0.010051700000985875,MobileNetV2,test
data/processed/test\Cortinarius\897_K54fKEI54-0.jpg,Cortinarius,Amanita,False,0.6759464740753174,0.010813800001415075,MobileNetV2,test
data/processed/test\Cortinarius\909_6AiLKcfk2jI.jpg,Cortinarius,Cortinarius,True,0.8705098628997803,0.010394400000222959,MobileNetV2,test
data/processed/test\Cortinarius\910_q20nsdIX9Zo.jpg,Cortinarius,Exidia,False,0.32454413175582886,0.013402099999439088,MobileNetV2,test
data/processed/test\Cortinarius\918_LWJyWIIRFwE.jpg,Cortinarius,Cortinarius,True,0.43137162923812866,0.010678399999960675,MobileNetV2,test
data/processed/test\Cortinarius\927_MThMyEFu3p4.jpg,Cortinarius,Inocybe,False,0.6241633296012878,0.010485700000572251,MobileNetV2,test
data/processed/test\Cortinarius\930_rg7s0lc2xZ4.jpg,Cortinarius,Cortinarius,True,0.8309120535850525,0.010857699999178294,MobileNetV2,test
data/processed/test\Cortinarius\932_wke3BS09elk.jpg,Cortinarius,Russula,False,0.9798771739006042,0.009463700000196695,MobileNetV2,test
data/processed/test\Cortinarius\933_9KMU6_nR5hY.jpg,Cortinarius,Cortinarius,True,0.5168005228042603,0.01017120000142313,MobileNetV2,test
data/processed/test\Cortinarius\938_c0WgxVOt3ug.jpg,Cortinarius,Inocybe,False,0.4841251075267792,0.009758700000020326,MobileNetV2,test
data/processed/test\Cortinarius\949_8OyiXJnNar8.jpg,Cortinarius,Boletus,False,0.7929950952529907,0.010151100001166924,MobileNetV2,test
data/processed/test\Cortinarius\950_HDskNFXm9xc.jpg,Cortinarius,Boletus,False,0.9848552346229553,0.01124810000146681,MobileNetV2,test
data/processed/test\Entoloma\008_AZvp1cwweLk.jpg,Entoloma,Amanita,False,0.26902875304222107,0.012454799998522503,MobileNetV2,test
data/processed/test\Entoloma\015_HkVmyyuf6D4.jpg,Entoloma,Lactarius,False,0.7336549758911133,0.010418599998956779,MobileNetV2,test
data/processed/test\Entoloma\016_ARE6YaRXCgc.jpg,Entoloma,Lactarius,False,0.3233815133571625,0.010625099999742815,MobileNetV2,test
data/processed/test\Entoloma\024_bN9lzk7miXk.jpg,Entoloma,Agaricus,False,0.32395046949386597,0.010599900000670459,MobileNetV2,test
data/processed/test\Entoloma\028_ep6xNTtGRbM.jpg,Entoloma,Cortinarius,False,0.4223520755767822,0.011824200000773999,MobileNetV2,test
data/processed/test\Entoloma\040_AaS7qJWOhTY.jpg,Entoloma,Russula,False,0.4216372072696686,0.011561799999981304,MobileNetV2,test
data/processed/test\Entoloma\041_8TLv6hZ7PQg.jpg,Entoloma,Russula,False,0.8077972531318665,0.011990699998932541,MobileNetV2,test
data/processed/test\Entoloma\043_HA9oR2t5gx4.jpg,Entoloma,Amanita,False,0.2383642941713333,0.010344199999963166,MobileNetV2,test
data/processed/test\Entoloma\053_pGhgq2L9_f8.jpg,Entoloma,Exidia,False,0.33010852336883545,0.009862499999144347,MobileNetV2,test
data/processed/test\Entoloma\075_6zFJxFd4PFI.jpg,Entoloma,Hygrocybe,False,0.277621328830719,0.011137500001495937,MobileNetV2,test
data/processed/test\Entoloma\077_MiiSt18mhFg.jpg,Entoloma,Russula,False,0.7641974687576294,0.010766100000182632,MobileNetV2,test
data/processed/test\Entoloma\087_B8cy4l0fVCM.jpg,Entoloma,Cortinarius,False,0.36463648080825806,0.010787000001073466,MobileNetV2,test
data/processed/test\Entoloma\095_sc5K2sdc95k.jpg,Entoloma,Lactarius,False,0.4203234910964966,0.010809800000060932,MobileNetV2,test
data/processed/test\Entoloma\100_DOEuA90u0n4.jpg,Entoloma,Lactarius,False,0.8262497782707214,0.011051799998313072,MobileNetV2,test
data/processed/test\Entoloma\112_tZybBnWnquU.jpg,Entoloma,Boletus,False,0.6245128512382507,0.012688000000707689,MobileNetV2,test
data/processed/test\Entoloma\114_hVYv8T9rAdI.jpg,Entoloma,Boletus,False,0.37351930141448975,0.010407099998701597,MobileNetV2,test
data/processed/test\Entoloma\123_N1nBNk8zowc.jpg,Entoloma,Amanita,False,0.31426045298576355,0.012735899999825051,MobileNetV2,test
data/processed/test\Entoloma\124_NgFCwyrvUBU.jpg,Entoloma,Amanita,False,0.5716218948364258,0.011287499999525608,MobileNetV2,test
data/processed/test\Entoloma\125_H6KQJubz60Q.jpg,Entoloma,Inocybe,False,0.5505563020706177,0.011897700000190525,MobileNetV2,test
data/processed/test\Entoloma\137_2wOQqIdze_Y.jpg,Entoloma,Hygrocybe,False,0.43262454867362976,0.011017400000127964,MobileNetV2,test
data/processed/test\Entoloma\154_HDT_he4bSpA.jpg,Entoloma,Lactarius,False,0.549964964389801,0.01055860000087705,MobileNetV2,test
data/processed/test\Entoloma\155_ab4GU9GVNl0.jpg,Entoloma,Lactarius,False,0.6492030620574951,0.009300100000473321,MobileNetV2,test
data/processed/test\Entoloma\159_gzyo4cu2SF0.jpg,Entoloma,Lactarius,False,0.2833230793476105,0.011488799998915056,MobileNetV2,test
data/processed/test\Entoloma\170_rgOUjNM_DM4.jpg,Entoloma,Cortinarius,False,0.5949258208274841,0.012659899999562185,MobileNetV2,test
data/processed/test\Entoloma\178_j9A_u3GorWg.jpg,Entoloma,Cortinarius,False,0.6448809504508972,0.011253700000452227,MobileNetV2,test
data/processed/test\Entoloma\185_UK9hgsbXBR8.jpg,Entoloma,Amanita,False,0.4117158055305481,0.009962300000552204,MobileNetV2,test
data/processed/test\Entoloma\187_m0UFCsyH-Bs.jpg,Entoloma,Cortinarius,False,0.5007150173187256,0.012758799999573966,MobileNetV2,test
data/processed/test\Entoloma\192_Tf_A1Q4bdco.jpg,Entoloma,Boletus,False,0.5015526413917542,0.012468800001443014,MobileNetV2,test
data/processed/test\Entoloma\195_tEj9VvcKoc8.jpg,Entoloma,Inocybe,False,0.317419171333313,0.011165399999299552,MobileNetV2,test
data/processed/test\Entoloma\202_FQWDsaZPytk.jpg,Entoloma,Entoloma,True,0.2678290903568268,0.012560200000734767,MobileNetV2,test
data/processed/test\Entoloma\213_xX7APSYep7c.jpg,Entoloma,Russula,False,0.39897480607032776,0.011765299999751733,MobileNetV2,test
data/processed/test\Entoloma\217_MQnUltdhEsM.jpg,Entoloma,Russula,False,0.9731076955795288,0.008517500000380096,MobileNetV2,test
data/processed/test\Entoloma\221_aU7_BswojlM.jpg,Entoloma,Cortinarius,False,0.6628672480583191,0.008724299999812501,MobileNetV2,test
data/processed/test\Entoloma\225_3YNITN-NtWM.jpg,Entoloma,Amanita,False,0.3629551827907562,0.008760599999732221,MobileNetV2,test
data/processed/test\Entoloma\244_5qYibVwYigY.jpg,Entoloma,Boletus,False,0.30905941128730774,0.008697799999936251,MobileNetV2,test
data/processed/test\Entoloma\247_ABBDuWCbqT0.jpg,Entoloma,Inocybe,False,0.38010653853416443,0.010545199998887256,MobileNetV2,test
data/processed/test\Entoloma\254_iO4rO5rmxLg.jpg,Entoloma,Cortinarius,False,0.5704144835472107,0.01034550000076706,MobileNetV2,test
data/processed/test\Entoloma\269_YSsglwYAx0A.jpg,Entoloma,Cortinarius,False,0.471152126789093,0.009754099999554455,MobileNetV2,test
data/processed/test\Entoloma\278_1UQ2eou4aVA.jpg,Entoloma,Entoloma,True,0.32659074664115906,0.01046659999883559,MobileNetV2,test
data/processed/test\Entoloma\283_eWPMK-in8bA.jpg,Entoloma,Entoloma,True,0.37766751646995544,0.009484600001087529,MobileNetV2,test
data/processed/test\Entoloma\307_bs3Q880w3uI.jpg,Entoloma,Amanita,False,0.3376685082912445,0.009913299998515868,MobileNetV2,test
data/processed/test\Entoloma\309_QMD8y_m-X9w.jpg,Entoloma,Cortinarius,False,0.6951290965080261,0.009745999999722699,MobileNetV2,test
data/processed/test\Entoloma\315_x2hPqvpEIm4.jpg,Entoloma,Lactarius,False,0.45978906750679016,0.012519200001406716,MobileNetV2,test
data/processed/test\Entoloma\321_GSSvivRkKSs.jpg,Entoloma,Lactarius,False,0.33770596981048584,0.009545000000798609,MobileNetV2,test
data/processed/test\Entoloma\323_T1uKKhFKYQo.jpg,Entoloma,Russula,False,0.8023226261138916,0.009054899999682675,MobileNetV2,test
data/processed/test\Entoloma\333_1jBot7MZWes.jpg,Entoloma,Russula,False,0.3281645178794861,0.009399900000062189,MobileNetV2,test
data/processed/test\Entoloma\337_CtXrNI3Aodw.jpg,Entoloma,Russula,False,0.788084089756012,0.010709799998949165,MobileNetV2,test
data/processed/test\Entoloma\344_uf0xKp6qwNQ.jpg,Entoloma,Exidia,False,0.27468058466911316,0.010922500001470326,MobileNetV2,test
data/processed/test\Entoloma\349_PNzUfA1WO3M.jpg,Entoloma,Russula,False,0.44640856981277466,0.010546200001044781,MobileNetV2,test
data/processed/test\Entoloma\372_hriIdsNQgxI.jpg,Entoloma,Cortinarius,False,0.7880250215530396,0.010893999999098014,MobileNetV2,test
data/processed/test\Entoloma\380_OI9EjWusj9s.jpg,Entoloma,Amanita,False,0.43944114446640015,0.010589499999696272,MobileNetV2,test
data/processed/test\Entoloma\389_-8kqVUZsNtU.jpg,Entoloma,Boletus,False,0.3440469205379486,0.011147799999889685,MobileNetV2,test
data/processed/test\Entoloma\391_u6_VQ5BQ3RQ.jpg,Entoloma,Lactarius,False,0.16678088903427124,0.009831699999267585,MobileNetV2,test
data/processed/test\Entoloma\394_I1aghwHRxKQ.jpg,Entoloma,Lactarius,False,0.4541977345943451,0.011941999999180553,MobileNetV2,test
data/processed/test\Entoloma\396_P8a-mnDratQ.jpg,Entoloma,Boletus,False,0.8534020185470581,0.010118900001543807,MobileNetV2,test
data/processed/test\Entoloma\401_7lcXxESXcOc.jpg,Entoloma,Cortinarius,False,0.7641348838806152,0.01059489999897778,MobileNetV2,test
data/processed/test\Exidia\APE2016-9184941_SkxjRjQbBe.jpg,Exidia,Exidia,True,0.6030622720718384,0.013641300000017509,MobileNetV2,test
data/processed/test\Exidia\APE2017-9186106_r1lnuhbbvl.jpg,Exidia,Exidia,True,0.937922477722168,0.009400000000823638,MobileNetV2,test
data/processed/test\Exidia\APE2017-9186594_S1gbav70Pg.jpg,Exidia,Exidia,True,0.9588750600814819,0.009982100000343053,MobileNetV2,test
data/processed/test\Exidia\BEC2017-9186082_Bk5dpkxvg.jpg,Exidia,Boletus,False,0.7788138389587402,0.00941400000010617,MobileNetV2,test
data/processed/test\Exidia\BEC2017-9186082_HkySBeewx.jpg,Exidia,Exidia,True,0.7268300652503967,0.012639700000363518,MobileNetV2,test
data/processed/test\Exidia\BT2015PIC69830748.jpg,Exidia,Exidia,True,0.8185520172119141,0.010617799998726696,MobileNetV2,test
data/processed/test\Exidia\BWP2010PIC21033449.jpg,Exidia,Boletus,False,0.7715671062469482,0.00981569999930798,MobileNetV2,test
data/processed/test\Exidia\BWP2010PIC26179585.jpg,Exidia,Boletus,False,0.312542200088501,0.009829000000536325,MobileNetV2,test
data/processed/test\Exidia\BWP2010PIC63422920.jpg,Exidia,Boletus,False,0.312542200088501,0.011214500000278349,MobileNetV2,test
data/processed/test\Exidia\BWP2012PIC72778365.jpg,Exidia,Exidia,True,0.9106374979019165,0.014854999999442953,MobileNetV2,test
data/processed/test\Exidia\BWP2012PIC73866455.jpg,Exidia,Exidia,True,0.20467807352542877,0.009484799998972449,MobileNetV2,test
data/processed/test\Exidia\DI2017-9188574_Hk1cP3Tix.jpg,Exidia,Exidia,True,0.9325343370437622,0.010210999998889747,MobileNetV2,test
data/processed/test\Exidia\EAT2017-9188143_SkIXsq-ig.jpg,Exidia,Exidia,True,0.7950956225395203,0.00901999999950931,MobileNetV2,test
data/processed/test\Exidia\FA2009PIC34033903.jpg,Exidia,Entoloma,False,0.2775264084339142,0.013869100001102197,MobileNetV2,test
data/processed/test\Exidia\FA2009PIC41674148.jpg,Exidia,Cortinarius,False,0.3874606788158417,0.00990049999927578,MobileNetV2,test
data/processed/test\Exidia\FDE2014PIC40274346.jpg,Exidia,Cortinarius,False,0.6620917320251465,0.010175999999773921,MobileNetV2,test
data/processed/test\Exidia\FS2013PIC31639353.jpg,Exidia,Inocybe,False,0.2723856270313263,0.01054420000036771,MobileNetV2,test
data/processed/test\Exidia\GLJ2012PIC77958863.jpg,Exidia,Hygrocybe,False,0.21311362087726593,0.008212199998524738,MobileNetV2,test
data/processed/test\Exidia\HM2012PIC53684895.jpg,Exidia,Exidia,True,0.5974227786064148,0.009839599999395432,MobileNetV2,test
data/processed/test\Exidia\JAH2010PIC83850018.jpg,Exidia,Exidia,True,0.6308133006095886,0.009335099999589147,MobileNetV2,test
data/processed/test\Exidia\JAH2011PIC50778683.jpg,Exidia,Cortinarius,False,0.734169602394104,0.009069100000488106,MobileNetV2,test
data/processed/test\Exidia\JAH2012PIC31946080.jpg,Exidia,Exidia,True,0.6296944618225098,0.008526599998731399,MobileNetV2,test
data/processed/test\Exidia\JAH2012PIC42360712.jpg,Exidia,Exidia,True,0.8958284854888916,0.007712599999649683,MobileNetV2,test
data/processed/test\Exidia\JAH2012PIC89993887.jpg,Exidia,Inocybe,False,0.32602450251579285,0.007527300000219839,MobileNetV2,test
data/processed/test\Exidia\JAJ2017-9185700_rkbkFjfUx.jpg,Exidia,Exidia,True,0.47618767619132996,0.007699599998886697,MobileNetV2,test
data/processed/test\Exidia\JC2016-9184056_Byw5hr_Qx.jpg,Exidia,Exidia,True,0.7618894577026367,0.007250900000144611,MobileNetV2,test
data/processed/test\Exidia\JCS2009PIC12309413.jpg,Exidia,Exidia,True,0.9404513835906982,0.007172499999796855,MobileNetV2,test
data/processed/test\Exidia\JM2011PIC15975626.jpg,Exidia,Lactarius,False,0.2302791029214859,0.007855100000597304,MobileNetV2,test
data/processed/test\Exidia\JM2012PIC10429941.jpg,Exidia,Exidia,True,0.9488025307655334,0.007284600000275532,MobileNetV2,test
data/processed/test\Exidia\JM2016-9182928_HydQkTeMe.jpg,Exidia,Exidia,True,0.6231340169906616,0.0072874999987107,MobileNetV2,test
data/processed/test\Exidia\JMI2017-9225941_BkUTwno3Z.jpg,Exidia,Exidia,True,0.6896147131919861,0.007184000000052038,MobileNetV2,test
data/processed/test\Exidia\JO2011PIC61426163.jpg,Exidia,Inocybe,False,0.300395131111145,0.007607800000187126,MobileNetV2,test
data/processed/test\Exidia\KMA2016-9182761_BJZkKzAWe.jpg,Exidia,Exidia,True,0.6657953858375549,0.007143000000723987,MobileNetV2,test
data/processed/test\Exidia\KNI2009PIC40725553.jpg,Exidia,Cortinarius,False,0.8873988389968872,0.007117400000424823,MobileNetV2,test
data/processed/test\Exidia\KNK2014PIC59831810.jpg,Exidia,Exidia,True,0.5939735174179077,0.006961700000829296,MobileNetV2,test
data/processed/test\Exidia\MC2017-9190790_r1lwUvc0e.jpg,Exidia,Exidia,True,0.4891197979450226,0.007090799999787123,MobileNetV2,test
data/processed/test\Exidia\MFC2016-9180603_HJlPfl0lxe.jpg,Exidia,Exidia,True,0.7921327352523804,0.007204300000012154,MobileNetV2,test
data/processed/test\Exidia\ML2009PIC13001963.jpg,Exidia,Exidia,True,0.5668365359306335,0.007073499999023625,MobileNetV2,test
data/processed/test\Exidia\ML2011PIC18007945.jpg,Exidia,Exidia,True,0.8543883562088013,0.007728399999905378,MobileNetV2,test
data/processed/test\Exidia\ML2011PIC65179349.jpg,Exidia,Exidia,True,0.46200406551361084,0.007595099999889499,MobileNetV2,test
data/processed/test\Exidia\MMN2010PIC69549468.jpg,Exidia,Inocybe,False,0.361788272857666,0.008200599999327096,MobileNetV2,test
data/processed/test\Exidia\MMN2012PIC61631279.jpg,Exidia,Exidia,True,0.8658890724182129,0.01060190000134753,MobileNetV2,test
data/processed/test\Exidia\MSO2011PIC32526200.jpg,Exidia,Exidia,True,0.9871522784233093,0.009717499999169377,MobileNetV2,test
data/processed/test\Exidia\MSO2012PIC15916968.jpg,Exidia,Exidia,True,0.6783542633056641,0.007684599999265629,MobileNetV2,test
data/processed/test\Exidia\MSO2014PIC66151749.jpg,Exidia,Exidia,True,0.7649604082107544,0.008767899998929352,MobileNetV2,test
data/processed/test\Exidia\MSO2015PIC74895293.jpg,Exidia,Cortinarius,False,0.3640155792236328,0.008232300000599935,MobileNetV2,test
data/processed/test\Exidia\MSO2016PIC23090222.jpg,Exidia,Exidia,True,0.33593040704727173,0.008123399999021785,MobileNetV2,test
data/processed/test\Exidia\NHE2016-9180599_Byki66lel.jpg,Exidia,Exidia,True,0.9522290825843811,0.007582899999761139,MobileNetV2,test
data/processed/test\Exidia\NVM2013PIC42485487.jpg,Exidia,Cortinarius,False,0.447835236787796,0.0072012000000540866,MobileNetV2,test
data/processed/test\Exidia\RSS2017-9188091_H1ey3FQyoe.jpg,Exidia,Inocybe,False,0.4741237461566925,0.007825799999409355,MobileNetV2,test
data/processed/test\Exidia\TAK2013PIC32572675.jpg,Exidia,Exidia,True,0.5371551513671875,0.007239499998831889,MobileNetV2,test
data/processed/test\Exidia\TIL2017-9190084_BJQTBLw6px.jpg,Exidia,Amanita,False,0.3269585967063904,0.0074272000001656124,MobileNetV2,test
data/processed/test\Exidia\TKH2012PIC10624779.jpg,Exidia,Cortinarius,False,0.372333288192749,0.007866699999794946,MobileNetV2,test
data/processed/test\Exidia\TKH2013PIC59849237.jpg,Exidia,Exidia,True,0.6541851162910461,0.007927700000436744,MobileNetV2,test
data/processed/test\Exidia\TKH2015PIC23528165.jpg,Exidia,Inocybe,False,0.32177650928497314,0.00784160000148404,MobileNetV2,test
data/processed/test\Exidia\TL2015PIC58388718.jpg,Exidia,Exidia,True,0.7748491764068604,0.007981699998708791,MobileNetV2,test
data/processed/test\Exidia\TL2015PIC80481245.jpg,Exidia,Exidia,True,0.929618239402771,0.007047000000966364,MobileNetV2,test
data/processed/test\Exidia\TL2016-9182730_HykuO06Zg.jpg,Exidia,Exidia,True,0.7501512765884399,0.007296799998584902,MobileNetV2,test
data/processed/test\Exidia\TOB2015PIC38267487.jpg,Exidia,Exidia,True,0.7776308655738831,0.00697779999973136,MobileNetV2,test
data/processed/test\Exidia\TOB2016-9184524_S10gErNNl.jpg,Exidia,Lactarius,False,0.2893317937850952,0.007970700000441866,MobileNetV2,test
data/processed/test\Exidia\TS2010PIC71382964.jpg,Exidia,Exidia,True,0.9321975708007812,0.006976799999392824,MobileNetV2,test
data/processed/test\Exidia\TS2013PIC55827351.jpg,Exidia,Exidia,True,0.819319486618042,0.008769500000198605,MobileNetV2,test
data/processed/test\Exidia\TS2016PIC29053644.jpg,Exidia,Exidia,True,0.9724082350730896,0.00922069999978703,MobileNetV2,test
data/processed/test\Exidia\TS2016PIC39839225.jpg,Exidia,Russula,False,0.548315167427063,0.007331299999350449,MobileNetV2,test
data/processed/test\Exidia\UFN2017-9192300_S1ZikyZeW.jpg,Exidia,Exidia,True,0.7409974932670593,0.007323300000280142,MobileNetV2,test
data/processed/test\Exidia\UFN2017-9192376_BkicKxmgb.jpg,Exidia,Exidia,True,0.5632348656654358,0.006830700000136858,MobileNetV2,test
data/processed/test\Hygrocybe\000_ZNTZP3tXkz8.jpg,Hygrocybe,Hygrocybe,True,0.9430452585220337,0.007062900000164518,MobileNetV2,test
data/processed/test\Hygrocybe\003_r_0kZgNW3Tc.jpg,Hygrocybe,Hygrocybe,True,0.6146239042282104,0.0070292000000335975,MobileNetV2,test
data/processed/test\Hygrocybe\004_uURYojZQbjQ.jpg,Hygrocybe,Hygrocybe,True,0.39372745156288147,0.007210200001281919,MobileNetV2,test
data/processed/test\Hygrocybe\012_LItejlRJ918.jpg,Hygrocybe,Cortinarius,False,0.5337087512016296,0.007261599999765167,MobileNetV2,test
data/processed/test\Hygrocybe\022_NycgOWqKPEA.jpg,Hygrocybe,Hygrocybe,True,0.6024101972579956,0.007208199998785858,MobileNetV2,test
data/processed/test\Hygrocybe\030_AQ4o1Xm4AL0.jpg,Hygrocybe,Boletus,False,0.5174137949943542,0.0076070999984949594,MobileNetV2,test
data/processed/test\Hygrocybe\032_DZ1xy6htm0M.jpg,Hygrocybe,Lactarius,False,0.3153008818626404,0.007366800000454532,MobileNetV2,test
data/processed/test\Hygrocybe\040_3txjJQ9iLYI.jpg,Hygrocybe,Hygrocybe,True,0.8372361660003662,0.007000800000241725,MobileNetV2,test
data/processed/test\Hygrocybe\045_TJd-2TQFv10.jpg,Hygrocybe,Lactarius,False,0.4620225429534912,0.007003599999734433,MobileNetV2,test
data/processed/test\Hygrocybe\049_XD-_-BeBBR4.jpg,Hygrocybe,Hygrocybe,True,0.9808413982391357,0.007622799999808194,MobileNetV2,test
data/processed/test\Hygrocybe\050_ubNntQr-eWE.jpg,Hygrocybe,Hygrocybe,True,0.9984149932861328,0.0070914999996603,MobileNetV2,test
data/processed/test\Hygrocybe\056_cGxyxb6UHGk.jpg,Hygrocybe,Russula,False,0.4152556359767914,0.0074399999994057,MobileNetV2,test
data/processed/test\Hygrocybe\070_WNKPUMir-JY.jpg,Hygrocybe,Lactarius,False,0.3254680931568146,0.007128299999749288,MobileNetV2,test
data/processed/test\Hygrocybe\072_G-fOGmTh3jY.jpg,Hygrocybe,Hygrocybe,True,0.9947566986083984,0.011217299999771058,MobileNetV2,test
data/processed/test\Hygrocybe\076_HGEpcAdN9KE.jpg,Hygrocybe,Hygrocybe,True,0.8741915822029114,0.006992999999056337,MobileNetV2,test
data/processed/test\Hygrocybe\081_puYZ4KzYSqs.jpg,Hygrocybe,Hygrocybe,True,0.9552619457244873,0.007316999999602558,MobileNetV2,test
data/processed/test\Hygrocybe\107_8A2HnEVmiKo.jpg,Hygrocybe,Hygrocybe,True,0.8572460412979126,0.007018300000709132,MobileNetV2,test
data/processed/test\Hygrocybe\112_qr7hsvuhJZ0.jpg,Hygrocybe,Hygrocybe,True,0.9982182383537292,0.007048199999189819,MobileNetV2,test
data/processed/test\Hygrocybe\126_0gAqgiheOxI.jpg,Hygrocybe,Hygrocybe,True,0.9956373572349548,0.0072730000010778895,MobileNetV2,test
data/processed/test\Hygrocybe\127_XCKEujZlVek.jpg,Hygrocybe,Hygrocybe,True,0.8885188698768616,0.007156600000598701,MobileNetV2,test
data/processed/test\Hygrocybe\129_j8zgmU7QMxU.jpg,Hygrocybe,Hygrocybe,True,0.9971977472305298,0.006972600000153761,MobileNetV2,test
data/processed/test\Hygrocybe\132_tuQX6vBvZRk.jpg,Hygrocybe,Hygrocybe,True,0.8998734951019287,0.0069137999998929445,MobileNetV2,test
data/processed/test\Hygrocybe\133_3_ieL2NtOF0.jpg,Hygrocybe,Hygrocybe,True,0.9829287528991699,0.007062099999529892,MobileNetV2,test
data/processed/test\Hygrocybe\142_bhwsyvZtIY0.jpg,Hygrocybe,Cortinarius,False,0.3388166129589081,0.006977299999562092,MobileNetV2,test
data/processed/test\Hygrocybe\153_vIb6t4IHEzM.jpg,Hygrocybe,Hygrocybe,True,0.9428526163101196,0.007369900000412599,MobileNetV2,test
data/processed/test\Hygrocybe\159_Ymge5g1qpP4.jpg,Hygrocybe,Hygrocybe,True,0.4684111773967743,0.0071054000000003725,MobileNetV2,test
data/processed/test\Hygrocybe\167_0dmBJfGHH8c.jpg,Hygrocybe,Hygrocybe,True,0.972429633140564,0.0070601999996142695,MobileNetV2,test
data/processed/test\Hygrocybe\181_GCIMCymbYLk.jpg,Hygrocybe,Cortinarius,False,0.5004862546920776,0.007314499998756219,MobileNetV2,test
data/processed/test\Hygrocybe\188_5IJ0j3yYEyk.jpg,Hygrocybe,Russula,False,0.6069279313087463,0.007143600001654704,MobileNetV2,test
data/processed/test\Hygrocybe\201_9i5OZWNQwG0.jpg,Hygrocybe,Hygrocybe,True,0.998230516910553,0.006852600001366227,MobileNetV2,test
data/processed/test\Hygrocybe\203_Z33ahTENL0Q.jpg,Hygrocybe,Hygrocybe,True,0.9006162285804749,0.006932300000698888,MobileNetV2,test
data/processed/test\Hygrocybe\205_pVtK0sC_qAE.jpg,Hygrocybe,Hygrocybe,True,0.23653781414031982,0.0074810999994952,MobileNetV2,test
data/processed/test\Hygrocybe\216_jDgNLEnykyU.jpg,Hygrocybe,Cortinarius,False,0.8828111886978149,0.00827469999967434,MobileNetV2,test
data/processed/test\Hygrocybe\225_KKCj-5wLqCA.jpg,Hygrocybe,Russula,False,0.8406720161437988,0.00763589999951364,MobileNetV2,test
data/processed/test\Hygrocybe\227_L3z3XTxXk78.jpg,Hygrocybe,Amanita,False,0.4559175372123718,0.00735770000028424,MobileNetV2,test
data/processed/test\Hygrocybe\230_yk2KrQJOQS8.jpg,Hygrocybe,Lactarius,False,0.3292528986930847,0.007271200000104727,MobileNetV2,test
data/processed/test\Hygrocybe\240_7wFT2NzNJsA.jpg,Hygrocybe,Hygrocybe,True,0.5561957955360413,0.007001500000114902,MobileNetV2,test
data/processed/test\Hygrocybe\253_IgK1gMXB7S0.jpg,Hygrocybe,Lactarius,False,0.5868827104568481,0.007102300000042305,MobileNetV2,test
data/processed/test\Hygrocybe\257_LPbsa5Oitj0.jpg,Hygrocybe,Suillus,False,0.35392963886260986,0.00928849999945669,MobileNetV2,test
data/processed/test\Hygrocybe\271_wkoF4DRryAY.jpg,Hygrocybe,Amanita,False,0.7494645118713379,0.013560699999288772,MobileNetV2,test
data/processed/test\Hygrocybe\272_-uL1iUddkKE.jpg,Hygrocybe,Cortinarius,False,0.5722095966339111,0.007307899999432266,MobileNetV2,test
data/processed/test\Hygrocybe\279_qMPhGAtE9-E.jpg,Hygrocybe,Hygrocybe,True,0.4625343084335327,0.007810500001141918,MobileNetV2,test
data/processed/test\Hygrocybe\287_V13XWthHpss.jpg,Hygrocybe,Boletus,False,0.36230364441871643,0.00780280000071798,MobileNetV2,test
data/processed/test\Hygrocybe\292_RJnjsciXCNM.jpg,Hygrocybe,Hygrocybe,True,0.9989652633666992,0.007953999998790096,MobileNetV2,test
data/processed/test\Hygrocybe\299_VBHrsAmQC-E.jpg,Hygrocybe,Hygrocybe,True,0.7878113985061646,0.007293799999388284,MobileNetV2,test
data/processed/test\Hygrocybe\301_vp5CIThqt4k.jpg,Hygrocybe,Hygrocybe,True,0.9986804127693176,0.007268500001373468,MobileNetV2,test
data/processed/test\Hygrocybe\314_tDtKkHcGxRM.jpg,Hygrocybe,Hygrocybe,True,0.9472885727882385,0.008021400000870926,MobileNetV2,test
data/processed/test\Hygrocybe\325_rro3hIu1Nqw.jpg,Hygrocybe,Hygrocybe,True,0.2047204077243805,0.007621000000654021,MobileNetV2,test
data/processed/test\Inocybe\AE2013PIC74694917.jpg,Inocybe,Inocybe,True,0.44722938537597656,0.007250399999975343,MobileNetV2,test
data/processed/test\Inocybe\AE2015PIC76548267.jpg,Inocybe,Lactarius,False,0.7334361672401428,0.008294999999634456,MobileNetV2,test
data/processed/test\Inocybe\AS2010PIC58249290.jpg,Inocybe,Inocybe,True,0.4147280752658844,0.007943300000988529,MobileNetV2,test
data/processed/test\Inocybe\AS2017-9214269_rygo0WejZ.jpg,Inocybe,Russula,False,0.6074457764625549,0.007954599999720813,MobileNetV2,test
data/processed/test\Inocybe\BWP2010PIC63790785.jpg,Inocybe,Cortinarius,False,0.6017951369285583,0.007150299999921117,MobileNetV2,test
data/processed/test\Inocybe\BWP2011PIC57986404.jpg,Inocybe,Inocybe,True,0.45539775490760803,0.007327600000280654,MobileNetV2,test
data/processed/test\Inocybe\BWP2013PIC14438171.jpg,Inocybe,Cortinarius,False,0.6421536207199097,0.007103199999619392,MobileNetV2,test
data/processed/test\Inocybe\BWP2015PIC54111483.jpg,Inocybe,Cortinarius,False,0.21830181777477264,0.007402600000204984,MobileNetV2,test
data/processed/test\Inocybe\BWP2015PIC66105035.jpg,Inocybe,Exidia,False,0.3493443727493286,0.007316900000660098,MobileNetV2,test
data/processed/test\Inocybe\BWP2016-9169400_r1cjMF0O.jpg,Inocybe,Cortinarius,False,0.40177780389785767,0.0072017000002233544,MobileNetV2,test
data/processed/test\Inocybe\BWP2016-9169400_ryGAfY0u.jpg,Inocybe,Amanita,False,0.31107884645462036,0.00837639999917883,MobileNetV2,test
data/processed/test\Inocybe\CL2011PIC55659604.jpg,Inocybe,Exidia,False,0.3030531406402588,0.007076400001096772,MobileNetV2,test
data/processed/test\Inocybe\DB2013PIC33800138.jpg,Inocybe,Inocybe,True,0.4707428216934204,0.0070434999997814884,MobileNetV2,test
data/processed/test\Inocybe\DB2013PIC42730442.jpg,Inocybe,Cortinarius,False,0.5293020009994507,0.007145699999455246,MobileNetV2,test
data/processed/test\Inocybe\DB2013PIC57804056.jpg,Inocybe,Inocybe,True,0.5399318337440491,0.0070805999985168455,MobileNetV2,test
data/processed/test\Inocybe\DB2013PIC89729265.jpg,Inocybe,Cortinarius,False,0.7874707579612732,0.0071845999991637655,MobileNetV2,test
data/processed/test\Inocybe\EAT2012PIC64084765.jpg,Inocybe,Cortinarius,False,0.5544026494026184,0.0069716999987576855,MobileNetV2,test
data/processed/test\Inocybe\EAT2012PIC84850246.jpg,Inocybe,Cortinarius,False,0.8119643330574036,0.007104999998773565,MobileNetV2,test
data/processed/test\Inocybe\EAT2013PIC54191345.jpg,Inocybe,Inocybe,True,0.20918205380439758,0.006991099999140715,MobileNetV2,test
data/processed/test\Inocybe\EAT2014PIC42270599.jpg,Inocybe,Boletus,False,0.919597327709198,0.009607100000721402,MobileNetV2,test
data/processed/test\Inocybe\EAT2015PIC87367583.jpg,Inocybe,Amanita,False,0.3217799961566925,0.006782699998439057,MobileNetV2,test
data/processed/test\Inocybe\EAT2015PIC89289492.jpg,Inocybe,Exidia,False,0.21746869385242462,0.0076967000004515285,MobileNetV2,test
data/processed/test\Inocybe\EAT2017-9208647_BJQtzKntb.jpg,Inocybe,Amanita,False,0.5786053538322449,0.007683300000280724,MobileNetV2,test
data/processed/test\Inocybe\FDE2011PIC86172261.jpg,Inocybe,Lactarius,False,0.5108823180198669,0.007164499998907559,MobileNetV2,test
data/processed/test\Inocybe\FDE2012PIC64061850.jpg,Inocybe,Russula,False,0.3588864803314209,0.006855399999039946,MobileNetV2,test
data/processed/test\Inocybe\FS2012PIC59633008.jpg,Inocybe,Hygrocybe,False,0.31800758838653564,0.007013399999777903,MobileNetV2,test
data/processed/test\Inocybe\JAH2014PIC52290371.jpg,Inocybe,Russula,False,0.24120038747787476,0.007145400000808877,MobileNetV2,test
data/processed/test\Inocybe\JCS2009PIC20338594.jpg,Inocybe,Cortinarius,False,0.7869930267333984,0.011740199999621836,MobileNetV2,test
data/processed/test\Inocybe\JCS2013PIC22587806.jpg,Inocybe,Inocybe,True,0.5449310541152954,0.008021199999348028,MobileNetV2,test
data/processed/test\Inocybe\JCS2013PIC43012548.jpg,Inocybe,Amanita,False,0.39950665831565857,0.007078600001477753,MobileNetV2,test
data/processed/test\Inocybe\JCS2013PIC83427178.jpg,Inocybe,Cortinarius,False,0.6356409192085266,0.006996100000833394,MobileNetV2,test
data/processed/test\Inocybe\JHC2017-9196021_r1DJCAiXW.jpg,Inocybe,Agaricus,False,0.37199270725250244,0.007020499999271124,MobileNetV2,test
data/processed/test\Inocybe\JHC2017-9201118_B1VmZiXPZ.jpg,Inocybe,Lactarius,False,0.50133216381073,0.00785859999996319,MobileNetV2,test
data/processed/test\Inocybe\JHC2017-9207705_H16Z0hStW.jpg,Inocybe,Cortinarius,False,0.4277551472187042,0.006929699999091099,MobileNetV2,test
data/processed/test\Inocybe\JM2012PIC76798409.jpg,Inocybe,Inocybe,True,0.8062235713005066,0.007963499998368206,MobileNetV2,test
data/processed/test\Inocybe\JM2014PIC65927854.jpg,Inocybe,Lactarius,False,0.42452001571655273,0.007731200001217076,MobileNetV2,test
data/processed/test\Inocybe\JM2017-9200086_HkgcxFo28W.jpg,Inocybe,Inocybe,True,0.2944239377975464,0.008237399999416084,MobileNetV2,test
data/processed/test\Inocybe\JM2017-9200086_rkceKj2LZ.jpg,Inocybe,Exidia,False,0.2737565040588379,0.007434500001181732,MobileNetV2,test
data/processed/test\Inocybe\JM2017-9202674_ByodB43P-.jpg,Inocybe,Cortinarius,False,0.5891643166542053,0.007636100001036539,MobileNetV2,test
data/processed/test\Inocybe\KNI2015PIC36175674.jpg,Inocybe,Hygrocybe,False,0.5437747240066528,0.008320299999468261,MobileNetV2,test
data/processed/test\Inocybe\LDJ2009PIC30690154.jpg,Inocybe,Inocybe,True,0.7030462622642517,0.008137500000884756,MobileNetV2,test
data/processed/test\Inocybe\MACH2016-9178188_S1cpNX6A.jpg,Inocybe,Inocybe,True,0.5066130757331848,0.008271900000181631,MobileNetV2,test
data/processed/test\Inocybe\MAV2010PIC78400496.jpg,Inocybe,Cortinarius,False,0.3218713104724884,0.008212800001274445,MobileNetV2,test
data/processed/test\Inocybe\MAV2011PIC87756495.jpg,Inocybe,Boletus,False,0.2999214828014374,0.007669500000702101,MobileNetV2,test
data/processed/test\Inocybe\MAV2013PIC41670341.jpg,Inocybe,Lactarius,False,0.1918799877166748,0.007628899998962879,MobileNetV2,test
data/processed/test\Inocybe\ML2012PIC15959384.jpg,Inocybe,Inocybe,True,0.41367167234420776,0.007641000000148779,MobileNetV2,test
data/processed/test\Inocybe\MMN2010PIC77085274.jpg,Inocybe,Amanita,False,0.3927225172519684,0.008112299999993411,MobileNetV2,test
data/processed/test\Inocybe\MS2009PIC48014779.jpg,Inocybe,Cortinarius,False,0.41443127393722534,0.007565500000055181,MobileNetV2,test
data/processed/test\Inocybe\MS2009PIC76598275.jpg,Inocybe,Inocybe,True,0.31095609068870544,0.008087800000794232,MobileNetV2,test
data/processed/test\Inocybe\MSO2012PIC41953814.jpg,Inocybe,Cortinarius,False,0.2512102425098419,0.008936599999287864,MobileNetV2,test
data/processed/test\Inocybe\OBL2011PIC48076248.jpg,Inocybe,Inocybe,True,0.3189396560192108,0.008241699999416596,MobileNetV2,test
data/processed/test\Inocybe\OBL2012PIC16913624.jpg,Inocybe,Exidia,False,0.7826501131057739,0.007110200000170153,MobileNetV2,test
data/processed/test\Inocybe\PEL2017-9195655_B1Yl9j8mb.jpg,Inocybe,Inocybe,True,0.3756488263607025,0.00703339999927266,MobileNetV2,test
data/processed/test\Inocybe\PETRA2017-9197483_rkgT7fMH-.jpg,Inocybe,Inocybe,True,0.4102223813533783,0.0071107999992818804,MobileNetV2,test
data/processed/test\Inocybe\PL2011PIC79270766.jpg,Inocybe,Boletus,False,0.3462024927139282,0.006951899998966837,MobileNetV2,test
data/processed/test\Inocybe\PTP2016-9171214_SyeyOS_pq.jpg,Inocybe,Exidia,False,0.5131433010101318,0.007317999999941094,MobileNetV2,test
data/processed/test\Inocybe\RE2010PIC60585326.jpg,Inocybe,Inocybe,True,0.2512611448764801,0.007245200000397745,MobileNetV2,test
data/processed/test\Inocybe\RE2012PIC39126061.jpg,Inocybe,Lactarius,False,0.5063748359680176,0.007424999999784632,MobileNetV2,test
data/processed/test\Inocybe\RE2012PIC69020667.jpg,Inocybe,Russula,False,0.5052561163902283,0.008109200000035344,MobileNetV2,test
data/processed/test\Inocybe\SL2013PIC12810247.jpg,Inocybe,Cortinarius,False,0.29202112555503845,0.007164300001022639,MobileNetV2,test
data/processed/test\Inocybe\TAK2012PIC72845888.jpg,Inocybe,Agaricus,False,0.3261836767196655,0.00710840000101598,MobileNetV2,test
data/processed/test\Inocybe\TAK2013PIC38129211.jpg,Inocybe,Russula,False,0.8170895576477051,0.0071119999993243255,MobileNetV2,test
data/processed/test\Inocybe\TAK2014PIC74058257.jpg,Inocybe,Russula,False,0.4831353724002838,0.0070548999992752215,MobileNetV2,test
data/processed/test\Inocybe\TAK2015PIC12430189.jpg,Inocybe,Amanita,False,0.3272700011730194,0.006993599999987055,MobileNetV2,test
data/processed/test\Inocybe\TAK2017-9195726_SJBnA3Dm-.jpg,Inocybe,Cortinarius,False,0.34949567914009094,0.007163199999922654,MobileNetV2,test
data/processed/test\Inocybe\TB2010PIC30549452.jpg,Inocybe,Inocybe,True,0.2623129189014435,0.007138999999369844,MobileNetV2,test
data/processed/test\Inocybe\TKH2011PIC29550858.jpg,Inocybe,Inocybe,True,0.27901941537857056,0.007207299999208772,MobileNetV2,test
data/processed/test\Inocybe\TKH2012PIC24863747.jpg,Inocybe,Cortinarius,False,0.45202672481536865,0.007288699998753145,MobileNetV2,test
data/processed/test\Inocybe\TKH2012PIC58539255.jpg,Inocybe,Amanita,False,0.5293108820915222,0.007513299999118317,MobileNetV2,test
data/processed/test\Inocybe\TKH2013PIC15346099.jpg,Inocybe,Boletus,False,0.43752047419548035,0.007037399998807814,MobileNetV2,test
data/processed/test\Inocybe\TKH2013PIC24960254.jpg,Inocybe,Cortinarius,False,0.38451501727104187,0.007684599999265629,MobileNetV2,test
data/processed/test\Inocybe\TKH2013PIC33707521.jpg,Inocybe,Cortinarius,False,0.3315817415714264,0.0072493000006943475,MobileNetV2,test
data/processed/test\Inocybe\TKH2013PIC43429224.jpg,Inocybe,Russula,False,0.8758494257926941,0.007109000000127708,MobileNetV2,test
data/processed/test\Inocybe\TKH2013PIC89377657.jpg,Inocybe,Inocybe,True,0.7376214265823364,0.006932500000402797,MobileNetV2,test
data/processed/test\Inocybe\TKH2014PIC28133692.jpg,Inocybe,Inocybe,True,0.3962995111942291,0.007499300001654774,MobileNetV2,test
data/processed/test\Inocybe\TOB2016-9177959_r1E_IZN1e.jpg,Inocybe,Inocybe,True,0.39676225185394287,0.007146399999328423,MobileNetV2,test
data/processed/test\Inocybe\TOB2017-9194552_ryHFsS3MZ.jpg,Inocybe,Amanita,False,0.30170875787734985,0.007158599999456783,MobileNetV2,test
data/processed/test\Inocybe\TOB2017-9202157_SJH4BiA_P-.jpg,Inocybe,Inocybe,True,0.22392655909061432,0.008095900000625988,MobileNetV2,test
data/processed/test\Inocybe\TOB2017-9202157_rkQEriRdDb.jpg,Inocybe,Lactarius,False,0.25191134214401245,0.008350899999641115,MobileNetV2,test
data/processed/test\Inocybe\TOB2017-9208818_BJI8SxBgcb.jpg,Inocybe,Inocybe,True,0.47003987431526184,0.007158200000048964,MobileNetV2,test
data/processed/test\Inocybe\TOB2017-9208818_Hy9LSxSe5Z.jpg,Inocybe,Russula,False,0.2634180188179016,0.007297899999684887,MobileNetV2,test
data/processed/test\Inocybe\TOB2017-9208818_rJG8reBe5Z.jpg,Inocybe,Inocybe,True,0.3348105847835541,0.007087399999363697,MobileNetV2,test
data/processed/test\Inocybe\TOB2017-9208818_rk8Serx5W.jpg,Inocybe,Inocybe,True,0.31660041213035583,0.00789489999988291,MobileNetV2,test
data/processed/test\Inocybe\TS2010PIC72695117.jpg,Inocybe,Agaricus,False,0.4463784396648407,0.009432599999854574,MobileNetV2,test
data/processed/test\Inocybe\TS2011PIC26376558.jpg,Inocybe,Exidia,False,0.5946173071861267,0.011187100000825012,MobileNetV2,test
data/processed/test\Inocybe\TS2011PIC53483517.jpg,Inocybe,Boletus,False,0.6988664865493774,0.008334800000739051,MobileNetV2,test
data/processed/test\Inocybe\TS2011PIC53751796.jpg,Inocybe,Agaricus,False,0.7237921953201294,0.007349099998464226,MobileNetV2,test
data/processed/test\Inocybe\TS2012PIC31340902.jpg,Inocybe,Cortinarius,False,0.7324199676513672,0.007063999999445514,MobileNetV2,test
data/processed/test\Inocybe\TS2012PIC71517695.jpg,Inocybe,Cortinarius,False,0.47931960225105286,0.0071833000001788605,MobileNetV2,test
data/processed/test\Inocybe\TS2012PIC76182348.jpg,Inocybe,Cortinarius,False,0.5177185535430908,0.007143900000301073,MobileNetV2,test
data/processed/test\Inocybe\TS2013PIC21993338.jpg,Inocybe,Cortinarius,False,0.45966365933418274,0.0069476000007853145,MobileNetV2,test
data/processed/test\Inocybe\TS2013PIC26765211.jpg,Inocybe,Lactarius,False,0.8767847418785095,0.007106999999450636,MobileNetV2,test
data/processed/test\Inocybe\TS2015PIC48470465.jpg,Inocybe,Lactarius,False,0.2577008605003357,0.007126700000299024,MobileNetV2,test
data/processed/test\Inocybe\TS2016-9180197_S1b2-Dmpye.jpg,Inocybe,Inocybe,True,0.38057762384414673,0.00854549999894516,MobileNetV2,test
data/processed/test\Lactarius\0000_av7f-8yVUNY.jpg,Lactarius,Lactarius,True,0.3892548084259033,0.007849100000385079,MobileNetV2,test
data/processed/test\Lactarius\0004_gigZhorw0Eo.jpg,Lactarius,Cortinarius,False,0.5533360838890076,0.007450299999618437,MobileNetV2,test
data/processed/test\Lactarius\0008_SSJpwPhX7Rs.jpg,Lactarius,Cortinarius,False,0.4386436939239502,0.008334899999681511,MobileNetV2,test
data/processed/test\Lactarius\001_0eat5sScleY.jpg,Lactarius,Russula,False,0.42254915833473206,0.007223399999929825,MobileNetV2,test
data/processed/test\Lactarius\0024_UzDaRx13wVs.jpg,Lactarius,Russula,False,0.6548565030097961,0.007259400001203176,MobileNetV2,test
data/processed/test\Lactarius\0026_autPTj6WXpU.jpg,Lactarius,Russula,False,0.47347143292427063,0.00786100000004808,MobileNetV2,test
data/processed/test\Lactarius\0036_UjqjlkUecEk.jpg,Lactarius,Russula,False,0.9862281084060669,0.00813679999919259,MobileNetV2,test
data/processed/test\Lactarius\0058_Ksaju-DFTOM.jpg,Lactarius,Russula,False,0.8602991700172424,0.007131999998819083,MobileNetV2,test
data/processed/test\Lactarius\0071_2YKUxBBp95A.jpg,Lactarius,Amanita,False,0.37658482789993286,0.006910599999173428,MobileNetV2,test
data/processed/test\Lactarius\0078_67hlnzvWweg.jpg,Lactarius,Boletus,False,0.708245575428009,0.0071220999998331536,MobileNetV2,test
data/processed/test\Lactarius\0090_8gZ-MF4DF5c.jpg,Lactarius,Boletus,False,0.40019625425338745,0.007917899998574285,MobileNetV2,test
data/processed/test\Lactarius\0091_GJfhcGAsQEs.jpg,Lactarius,Lactarius,True,0.3721280097961426,0.007752600000458187,MobileNetV2,test
data/processed/test\Lactarius\0092_lAL2nLK6Yqc.jpg,Lactarius,Amanita,False,0.8746734261512756,0.006966999999349355,MobileNetV2,test
data/processed/test\Lactarius\0096_YCFCQKyiPFI.jpg,Lactarius,Lactarius,True,0.5902379155158997,0.008033499998418847,MobileNetV2,test
data/processed/test\Lactarius\0100_VP4M5qp5Xuw.jpg,Lactarius,Russula,False,0.8624991178512573,0.006884599999466445,MobileNetV2,test
data/processed/test\Lactarius\0108_bkdZqadlJYM.jpg,Lactarius,Lactarius,True,0.2273377925157547,0.00707460000012361,MobileNetV2,test
data/processed/test\Lactarius\0117_LS-tLCqWBuQ.jpg,Lactarius,Russula,False,0.7002256512641907,0.007997499998964486,MobileNetV2,test
data/processed/test\Lactarius\0125_WOyBnDf1Lbs.jpg,Lactarius,Cortinarius,False,0.3860643208026886,0.007190099999206723,MobileNetV2,test
data/processed/test\Lactarius\0147_ZAySZ3Wkn8k.jpg,Lactarius,Hygrocybe,False,0.9627076387405396,0.007041299999400508,MobileNetV2,test
data/processed/test\Lactarius\0156_xCwDrPY72us.jpg,Lactarius,Cortinarius,False,0.7985242009162903,0.007201099999292637,MobileNetV2,test
data/processed/test\Lactarius\0174_S-0siMhJtoc.jpg,Lactarius,Lactarius,True,0.7276718616485596,0.008058699999310193,MobileNetV2,test
data/processed/test\Lactarius\0180_j-oei6bAdy0.jpg,Lactarius,Russula,False,0.6692679524421692,0.007189500000094995,MobileNetV2,test
data/processed/test\Lactarius\0184_wNzoTeCzC5o.jpg,Lactarius,Lactarius,True,0.46257030963897705,0.007100999999238411,MobileNetV2,test
data/processed/test\Lactarius\0188_QDGj1_inixA.jpg,Lactarius,Inocybe,False,0.2613981068134308,0.007096699999237899,MobileNetV2,test
data/processed/test\Lactarius\0189_u2k3sXqag1M.jpg,Lactarius,Russula,False,0.6296166777610779,0.0071637000000919215,MobileNetV2,test
data/processed/test\Lactarius\0192_st28pxbylcw.jpg,Lactarius,Agaricus,False,0.23535174131393433,0.012068099998941761,MobileNetV2,test
data/processed/test\Lactarius\0202_gGw05EbUi_w.jpg,Lactarius,Russula,False,0.48412173986434937,0.008637900000394438,MobileNetV2,test
data/processed/test\Lactarius\0204_PNAIMfY3CWk.jpg,Lactarius,Amanita,False,0.4959533214569092,0.007481900000129826,MobileNetV2,test
data/processed/test\Lactarius\020_AhURHwS9I_c.jpg,Lactarius,Cortinarius,False,0.5852932929992676,0.008018799999263138,MobileNetV2,test
data/processed/test\Lactarius\0211_a-wtZr6fOMw.jpg,Lactarius,Boletus,False,0.4234898090362549,0.00804220000100031,MobileNetV2,test
data/processed/test\Lactarius\0212_6r0AFhCvTk4.jpg,Lactarius,Lactarius,True,0.9235653281211853,0.00917939999999362,MobileNetV2,test
data/processed/test\Lactarius\0222_JO5jLmkfAw0.jpg,Lactarius,Lactarius,True,0.8569536805152893,0.008229700000811135,MobileNetV2,test
data/processed/test\Lactarius\0224_XrApvIigcOQ.jpg,Lactarius,Lactarius,True,0.4337984025478363,0.008052699999097968,MobileNetV2,test
data/processed/test\Lactarius\0228_HknGOROG6Cs.jpg,Lactarius,Boletus,False,0.4735581576824188,0.007879200000388664,MobileNetV2,test
data/processed/test\Lactarius\0233_YNlSVzp0Kjo.jpg,Lactarius,Lactarius,True,0.6848611235618591,0.007385299999441486,MobileNetV2,test
data/processed/test\Lactarius\0237_zZdLcl0mkD0.jpg,Lactarius,Entoloma,False,0.2310878485441208,0.007983399998920504,MobileNetV2,test
data/processed/test\Lactarius\0242_zOYn0DVnISo.jpg,Lactarius,Boletus,False,0.4472583830356598,0.007473300000128802,MobileNetV2,test
data/processed/test\Lactarius\0251_wz4ikkhjBU8.jpg,Lactarius,Lactarius,True,0.2928260862827301,0.007470599999578553,MobileNetV2,test
data/processed/test\Lactarius\0256_AfKj-CzsmLI.jpg,Lactarius,Cortinarius,False,0.31371137499809265,0.006836000000475906,MobileNetV2,test
data/processed/test\Lactarius\025_8bHMwyrm1xE.jpg,Lactarius,Hygrocybe,False,0.7218049168586731,0.00702869999986433,MobileNetV2,test
data/processed/test\Lactarius\0261_pUdRYRMfy7c.jpg,Lactarius,Lactarius,True,0.4380905032157898,0.007065300000249408,MobileNetV2,test
data/processed/test\Lactarius\0264_9xkZs2wAZRQ.jpg,Lactarius,Amanita,False,0.44469794631004333,0.007240799999635783,MobileNetV2,test
data/processed/test\Lactarius\0270_1nWaT7nSeDE.jpg,Lactarius,Lactarius,True,0.6618893146514893,0.007152500000302098,MobileNetV2,test
data/processed/test\Lactarius\0271_kYpV1APLO9s.jpg,Lactarius,Inocybe,False,0.3009764850139618,0.007293999999092193,MobileNetV2,test
data/processed/test\Lactarius\0275_akjCXeShyUw.jpg,Lactarius,Lactarius,True,0.6197199821472168,0.0099463000005926,MobileNetV2,test
data/processed/test\Lactarius\0290_KNGFGvBuZbU.jpg,Lactarius,Russula,False,0.9578347206115723,0.00701409999965108,MobileNetV2,test
data/processed/test\Lactarius\0307_MA7GubKH4ZM.jpg,Lactarius,Lactarius,True,0.7662556171417236,0.007730600000286358,MobileNetV2,test
data/processed/test\Lactarius\0313_CWX_V7CeQM4.jpg,Lactarius,Amanita,False,0.5072585940361023,0.0072718000010354444,MobileNetV2,test
data/processed/test\Lactarius\0322_2UpHsEF5Mzs.jpg,Lactarius,Lactarius,True,0.5677387118339539,0.0072220000001834705,MobileNetV2,test
data/processed/test\Lactarius\0325_lAq1Din489Y.jpg,Lactarius,Lactarius,True,0.5591201186180115,0.0072285999995074235,MobileNetV2,test
data/processed/test\Lactarius\0328_8IPggG6t9VY.jpg,Lactarius,Lactarius,True,0.5657960176467896,0.00703119999889168,MobileNetV2,test
data/processed/test\Lactarius\0335_dVTfQmjMltw.jpg,Lactarius,Lactarius,True,0.814117968082428,0.007253300000229501,MobileNetV2,test
data/processed/test\Lactarius\0340_0gzvFhGVf5M.jpg,Lactarius,Boletus,False,0.510551929473877,0.007143700000597164,MobileNetV2,test
data/processed/test\Lactarius\0348_OWdZuiQh9xc.jpg,Lactarius,Cortinarius,False,0.6407371163368225,0.007389800000964897,MobileNetV2,test
data/processed/test\Lactarius\0356_gTCmsPnWyO4.jpg,Lactarius,Boletus,False,0.7945267558097839,0.007111299999451148,MobileNetV2,test
data/processed/test\Lactarius\0360_Bfw8PtjOZoI.jpg,Lactarius,Lactarius,True,0.45298001170158386,0.007245400000101654,MobileNetV2,test
data/processed/test\Lactarius\036_Tku_ku-u_WQ.jpg,Lactarius,Lactarius,True,0.9548131227493286,0.007281999998667743,MobileNetV2,test
data/processed/test\Lactarius\0375_E_5sHNAa0DU.jpg,Lactarius,Exidia,False,0.3295109272003174,0.010403500000393251,MobileNetV2,test
data/processed/test\Lactarius\0385_zeoDavzC8Ec.jpg,Lactarius,Boletus,False,0.9988334774971008,0.009588000000803731,MobileNetV2,test
data/processed/test\Lactarius\0405_XQ5FsiWx3Sc.jpg,Lactarius,Russula,False,0.8414374589920044,0.009025400000609807,MobileNetV2,test
data/processed/test\Lactarius\0422_5SNHMw4kUg4.jpg,Lactarius,Cortinarius,False,0.6068239808082581,0.0090849000007438,MobileNetV2,test
data/processed/test\Lactarius\0436_3AJoqSsMCPY.jpg,Lactarius,Russula,False,0.39905717968940735,0.008439900000666967,MobileNetV2,test
data/processed/test\Lactarius\0438_7Qg0kxIGbd4.jpg,Lactarius,Lactarius,True,0.8014455437660217,0.007984699999724398,MobileNetV2,test
data/processed/test\Lactarius\043_JIiImC3i_NQ.jpg,Lactarius,Boletus,False,0.715355396270752,0.007751099999950384,MobileNetV2,test
data/processed/test\Lactarius\0462_t7WHbpJLnZA.jpg,Lactarius,Lactarius,True,0.2877521216869354,0.008813300000838353,MobileNetV2,test
data/processed/test\Lactarius\0473_FeKBXttVCwg.jpg,Lactarius,Russula,False,0.46030619740486145,0.007214699999167351,MobileNetV2,test
data/processed/test\Lactarius\0488_l_gNg2GDLEk.jpg,Lactarius,Amanita,False,0.7534940242767334,0.007127699998818571,MobileNetV2,test
data/processed/test\Lactarius\0489_6GuHfi0wmko.jpg,Lactarius,Cortinarius,False,0.24518805742263794,0.007209499999589752,MobileNetV2,test
data/processed/test\Lactarius\0499_MWZEqXbgfwc.jpg,Lactarius,Lactarius,True,0.694431722164154,0.007182800000009593,MobileNetV2,test
data/processed/test\Lactarius\0512_Sot3apiP2eQ.jpg,Lactarius,Amanita,False,0.48478963971138,0.008080300000074203,MobileNetV2,test
data/processed/test\Lactarius\0526_O8CTOvfgWXg.jpg,Lactarius,Exidia,False,0.27005699276924133,0.00706230000105279,MobileNetV2,test
data/processed/test\Lactarius\0532_7BfGW7kGfzM.jpg,Lactarius,Boletus,False,0.7763432264328003,0.0074855000002571614,MobileNetV2,test
data/processed/test\Lactarius\0537_q78Py0hHqVc.jpg,Lactarius,Cortinarius,False,0.5488341450691223,0.008062800001425785,MobileNetV2,test
data/processed/test\Lactarius\0545_ewwuwHvRvLc.jpg,Lactarius,Boletus,False,0.3795636296272278,0.007964200000060373,MobileNetV2,test
data/processed/test\Lactarius\056_9JgBES16B_4.jpg,Lactarius,Lactarius,True,0.5890533924102783,0.007970699998622877,MobileNetV2,test
data/processed/test\Lactarius\0571_3sjlFMXpK_0.jpg,Lactarius,Amanita,False,0.5077796578407288,0.007515000001149019,MobileNetV2,test
data/processed/test\Lactarius\0576_5wNWaAeW6vo.jpg,Lactarius,Lactarius,True,0.41867807507514954,0.008011999998416286,MobileNetV2,test
data/processed/test\Lactarius\0596_ROVmIKr9KjA.jpg,Lactarius,Exidia,False,0.371157169342041,0.007710100000622333,MobileNetV2,test
data/processed/test\Lactarius\0612_qfZxbbQUJ2o.jpg,Lactarius,Cortinarius,False,0.6110904216766357,0.007807300000422401,MobileNetV2,test
data/processed/test\Lactarius\0615_R0G-yDrCQ6U.jpg,Lactarius,Cortinarius,False,0.683288037776947,0.007417300001179683,MobileNetV2,test
data/processed/test\Lactarius\061_KShq81HACXk.jpg,Lactarius,Lactarius,True,0.801843523979187,0.007083700000293902,MobileNetV2,test
data/processed/test\Lactarius\0628_7XDugUX8ezg.jpg,Lactarius,Lactarius,True,0.38828209042549133,0.0071791999998822575,MobileNetV2,test
data/processed/test\Lactarius\0630_3idJVXnrBF4.jpg,Lactarius,Amanita,False,0.3040580451488495,0.007426000000123167,MobileNetV2,test
data/processed/test\Lactarius\0645_Z6spVFbiuEY.jpg,Lactarius,Amanita,False,0.41044533252716064,0.006879600001411745,MobileNetV2,test
data/processed/test\Lactarius\0649_uwl8etw5T-s.jpg,Lactarius,Lactarius,True,0.5236837267875671,0.007148000000597676,MobileNetV2,test
data/processed/test\Lactarius\0651_vzBdVntLr8c.jpg,Lactarius,Lactarius,True,0.4000313878059387,0.00738910000109172,MobileNetV2,test
data/processed/test\Lactarius\0664_vTIkNBMlgC0.jpg,Lactarius,Inocybe,False,0.28582167625427246,0.006877200001326855,MobileNetV2,test
data/processed/test\Lactarius\0670_V1ZK2sFc-Ro.jpg,Lactarius,Lactarius,True,0.929828941822052,0.007915199999843026,MobileNetV2,test
data/processed/test\Lactarius\0672_VwMevK3GQmI.jpg,Lactarius,Cortinarius,False,0.4553416967391968,0.0078510000003007,MobileNetV2,test
data/processed/test\Lactarius\0674_jfw03-JCIg4.jpg,Lactarius,Boletus,False,0.8437207937240601,0.008272799999758718,MobileNetV2,test
data/processed/test\Lactarius\0675_t0wBJuQaX1I.jpg,Lactarius,Lactarius,True,0.928220808506012,0.007325200000195764,MobileNetV2,test
data/processed/test\Lactarius\0680_9iK0lHxdnbE.jpg,Lactarius,Russula,False,0.7454176545143127,0.008150699999532662,MobileNetV2,test
data/processed/test\Lactarius\069_WjmaRv5colU.jpg,Lactarius,Russula,False,0.9819551110267639,0.00690279999980703,MobileNetV2,test
data/processed/test\Lactarius\0704_ylcLIXgu01w.jpg,Lactarius,Russula,False,0.7728209495544434,0.007326400000238209,MobileNetV2,test
data/processed/test\Lactarius\0706_5KiNR80hz8c.jpg,Lactarius,Lactarius,True,0.3821465075016022,0.008021000001463108,MobileNetV2,test
data/processed/test\Lactarius\0709_rGbRBgcO1Bo.jpg,Lactarius,Cortinarius,False,0.8188958168029785,0.007198100000096019,MobileNetV2,test
data/processed/test\Lactarius\0716_XAFN8ZsH8Oc.jpg,Lactarius,Lactarius,True,0.7151123285293579,0.007330799999181181,MobileNetV2,test
data/processed/test\Lactarius\0734_NI0Ax90MD5c.jpg,Lactarius,Cortinarius,False,0.35219699144363403,0.007314899999983027,MobileNetV2,test
data/processed/test\Lactarius\0736_aLqBxhhsMow.jpg,Lactarius,Lactarius,True,0.7975461483001709,0.006979300000239164,MobileNetV2,test
data/processed/test\Lactarius\0745_ey3D5LyzKTY.jpg,Lactarius,Russula,False,0.5825756192207336,0.007215200001155608,MobileNetV2,test
data/processed/test\Lactarius\0747_adx1MMw58MI.jpg,Lactarius,Russula,False,0.6901199221611023,0.007026799999948707,MobileNetV2,test
data/processed/test\Lactarius\0756_C1Ll5LZF_Cg.jpg,Lactarius,Lactarius,True,0.3048854172229767,0.007078799999362673,MobileNetV2,test
data/processed/test\Lactarius\0757_3LeqE6pda1M.jpg,Lactarius,Lactarius,True,0.46762531995773315,0.006956899998840527,MobileNetV2,test
data/processed/test\Lactarius\0759_oLEvM6Hhevs.jpg,Lactarius,Boletus,False,0.4747762084007263,0.007026400000540889,MobileNetV2,test
data/processed/test\Lactarius\0762_KnQg1QaWm0A.jpg,Lactarius,Russula,False,0.5342789888381958,0.007225800000014715,MobileNetV2,test
data/processed/test\Lactarius\0773_7sw6xICACRk.jpg,Lactarius,Lactarius,True,0.7146643996238708,0.007109399999535526,MobileNetV2,test
data/processed/test\Lactarius\0782_4hQQMaTQWEI.jpg,Lactarius,Russula,False,0.8218794465065002,0.00750049999987823,MobileNetV2,test
data/processed/test\Lactarius\0788_pRAv0S0JJWw.jpg,Lactarius,Boletus,False,0.2683538496494293,0.00754140000026382,MobileNetV2,test
data/processed/test\Lactarius\0789_YdasocklYzQ.jpg,Lactarius,Amanita,False,0.4017297923564911,0.007483200000933721,MobileNetV2,test
data/processed/test\Lactarius\0793_0GzeXD2rqQY.jpg,Lactarius,Amanita,False,0.6246944665908813,0.007042199998977594,MobileNetV2,test
data/processed/test\Lactarius\0794_rAh-SYlXfxI.jpg,Lactarius,Cortinarius,False,0.37746462225914,0.007018600001174491,MobileNetV2,test
data/processed/test\Lactarius\0805_zrH6_rVsSM8.jpg,Lactarius,Cortinarius,False,0.5371593236923218,0.007431800000631483,MobileNetV2,test
data/processed/test\Lactarius\0809_nKVSQbfh_8Q.jpg,Lactarius,Russula,False,0.6498613953590393,0.007417900000291411,MobileNetV2,test
data/processed/test\Lactarius\0810_HmCW6dmg8ww.jpg,Lactarius,Boletus,False,0.3824387192726135,0.007835000000341097,MobileNetV2,test
data/processed/test\Lactarius\0811_fny9MwqLlJQ.jpg,Lactarius,Boletus,False,0.9702457785606384,0.00671659999898111,MobileNetV2,test
data/processed/test\Lactarius\0814_QfgRmQ7qhf4.jpg,Lactarius,Amanita,False,0.7521253824234009,0.008079000001089298,MobileNetV2,test
data/processed/test\Lactarius\0819_UXB8BitCLeg.jpg,Lactarius,Lactarius,True,0.7323603630065918,0.007835400001567905,MobileNetV2,test
data/processed/test\Lactarius\0823_Ux2nE3c9Um8.jpg,Lactarius,Lactarius,True,0.8725227117538452,0.007039400001303875,MobileNetV2,test
data/processed/test\Lactarius\0829_s0YUBr49gwI.jpg,Lactarius,Boletus,False,0.6667856574058533,0.007313099999009864,MobileNetV2,test
data/processed/test\Lactarius\083_b-MWcypdVgI.jpg,Lactarius,Cortinarius,False,0.45262080430984497,0.007689999998547137,MobileNetV2,test
data/processed/test\Lactarius\0852_7k3Zyy3_DGE.jpg,Lactarius,Lactarius,True,0.6094547510147095,0.007856400001401198,MobileNetV2,test
data/processed/test\Lactarius\0861_R-QITvIdQ0I.jpg,Lactarius,Russula,False,0.9384896159172058,0.0079384000000573,MobileNetV2,test
data/processed/test\Lactarius\0863_vVoT2CYybJg.jpg,Lactarius,Lactarius,True,0.43105411529541016,0.008114399999612942,MobileNetV2,test
data/processed/test\Lactarius\0868_VH-IjF4KU2A.jpg,Lactarius,Lactarius,True,0.9626120924949646,0.007103399999323301,MobileNetV2,test
data/processed/test\Lactarius\0874_2lGLHI_YG5k.jpg,Lactarius,Boletus,False,0.5587193369865417,0.007127900000341469,MobileNetV2,test
data/processed/test\Lactarius\087_L5ZS-DiYxEI.jpg,Lactarius,Russula,False,0.6087583303451538,0.00824310000098194,MobileNetV2,test
data/processed/test\Lactarius\0881_3RtHEelIwJ0.jpg,Lactarius,Lactarius,True,0.36693909764289856,0.009251200001017423,MobileNetV2,test
data/processed/test\Lactarius\0886_DVymd3ri6ok.jpg,Lactarius,Boletus,False,0.6642100214958191,0.008255700000518118,MobileNetV2,test
data/processed/test\Lactarius\0890_Fm2kZLQ186E.jpg,Lactarius,Lactarius,True,0.8909003138542175,0.007746700001007412,MobileNetV2,test
data/processed/test\Lactarius\0891_y4giXhWdmzg.jpg,Lactarius,Inocybe,False,0.35032254457473755,0.008558199999242788,MobileNetV2,test
data/processed/test\Lactarius\0894_faLSlbF53CA.jpg,Lactarius,Lactarius,True,0.6336135268211365,0.007115500000509201,MobileNetV2,test
data/processed/test\Lactarius\0898_H5ncLRcbiOQ.jpg,Lactarius,Boletus,False,0.5525686144828796,0.0071653000013611745,MobileNetV2,test
data/processed/test\Lactarius\089_AJoVxJM23M4.jpg,Lactarius,Russula,False,0.7941301465034485,0.007190399999672081,MobileNetV2,test
data/processed/test\Lactarius\0904_Z0MfidvU7JU.jpg,Lactarius,Amanita,False,0.5996435284614563,0.008246299999882467,MobileNetV2,test
data/processed/test\Lactarius\0924_mvAXbhaPY-k.jpg,Lactarius,Lactarius,True,0.5336537957191467,0.011701999999786494,MobileNetV2,test
data/processed/test\Lactarius\0931_qYe0VtJnAhQ.jpg,Lactarius,Lactarius,True,0.5115747451782227,0.008874099999957252,MobileNetV2,test
data/processed/test\Lactarius\0941_SIWGBlVT-DI.jpg,Lactarius,Boletus,False,0.9872020483016968,0.007379700000456069,MobileNetV2,test
data/processed/test\Lactarius\0948_omWNNnbQkxU.jpg,Lactarius,Suillus,False,0.4997803866863251,0.006938099999388214,MobileNetV2,test
data/processed/test\Lactarius\094_-2iyr_W_qvQ.jpg,Lactarius,Agaricus,False,0.2577551603317261,0.006907900000442169,MobileNetV2,test
data/processed/test\Lactarius\0950_ijfkg6qgVms.jpg,Lactarius,Boletus,False,0.7130399942398071,0.00822630000038771,MobileNetV2,test
data/processed/test\Lactarius\095_BtaRrYfMJVs.jpg,Lactarius,Russula,False,0.39901605248451233,0.007225199999083998,MobileNetV2,test
data/processed/test\Lactarius\0966_RRkmCZs4Hgk.jpg,Lactarius,Russula,False,0.5204523205757141,0.007549800000560936,MobileNetV2,test
data/processed/test\Lactarius\0968_D_TOmURQt5M.jpg,Lactarius,Lactarius,True,0.26246753334999084,0.0074064000000362284,MobileNetV2,test
data/processed/test\Lactarius\0975_TPuBswVPF4E.jpg,Lactarius,Cortinarius,False,0.8124808669090271,0.00731899999846064,MobileNetV2,test
data/processed/test\Lactarius\0978_f0jCRe74OWg.jpg,Lactarius,Lactarius,True,0.4846372902393341,0.007271100001162267,MobileNetV2,test
data/processed/test\Lactarius\097_EnaERH1OSng.jpg,Lactarius,Lactarius,True,0.39533114433288574,0.007797199999913573,MobileNetV2,test
data/processed/test\Lactarius\0980_m_ohZyV7g-Y.jpg,Lactarius,Lactarius,True,0.9249671697616577,0.007266700000400306,MobileNetV2,test
data/processed/test\Lactarius\0990_eosoYFrwQLI.jpg,Lactarius,Lactarius,True,0.5962241291999817,0.008406899998590234,MobileNetV2,test
data/processed/test\Lactarius\0993_vWFD5m5EFdw.jpg,Lactarius,Boletus,False,0.33191388845443726,0.007814399999915622,MobileNetV2,test
data/processed/test\Lactarius\0997_I_lCHDRsFnk.jpg,Lactarius,Boletus,False,0.944313645362854,0.0076865999999427,MobileNetV2,test
data/processed/test\Lactarius\099_tlQryExCSSc.jpg,Lactarius,Lactarius,True,0.4804646968841553,0.010647199998857104,MobileNetV2,test
data/processed/test\Lactarius\1023_5KzdIbZlWao.jpg,Lactarius,Boletus,False,0.40268605947494507,0.007973600000696024,MobileNetV2,test
data/processed/test\Lactarius\1031_-Xmag74uj8c.jpg,Lactarius,Cortinarius,False,0.4839717149734497,0.007753500000035274,MobileNetV2,test
data/processed/test\Lactarius\1035_5IsEFXEEEaY.jpg,Lactarius,Russula,False,0.26445797085762024,0.007886399998824345,MobileNetV2,test
data/processed/test\Lactarius\1039_IeXUvS5caiU.jpg,Lactarius,Inocybe,False,0.3271622061729431,0.0074557000007189345,MobileNetV2,test
data/processed/test\Lactarius\1051_OqWmAht3bQo.jpg,Lactarius,Boletus,False,0.5583766102790833,0.008135199999742326,MobileNetV2,test
data/processed/test\Lactarius\1084__qV9VGarloM.jpg,Lactarius,Lactarius,True,0.7354146242141724,0.011549900000318303,MobileNetV2,test
data/processed/test\Lactarius\1087_T-XOvJDzPj4.jpg,Lactarius,Russula,False,0.9608075618743896,0.007622999999512103,MobileNetV2,test
data/processed/test\Lactarius\108_M1XYdkUcelY.jpg,Lactarius,Amanita,False,0.8675207495689392,0.008200599999327096,MobileNetV2,test
data/processed/test\Lactarius\1095_DTLgzikyFDc.jpg,Lactarius,Lactarius,True,0.6658724546432495,0.008270700000139186,MobileNetV2,test
data/processed/test\Lactarius\1102_LESYYltPhNw.jpg,Lactarius,Russula,False,0.5097451210021973,0.008123100000375416,MobileNetV2,test
data/processed/test\Lactarius\1104_Top2jkbHf3c.jpg,Lactarius,Russula,False,0.9659915566444397,0.012606800000867224,MobileNetV2,test
data/processed/test\Lactarius\1108_Drq20AGMUPU.jpg,Lactarius,Russula,False,0.6129907369613647,0.008441099998890422,MobileNetV2,test
data/processed/test\Lactarius\1112_BjWWPLj9vfs.jpg,Lactarius,Russula,False,0.9608075618743896,0.007458300000507734,MobileNetV2,test
data/processed/test\Lactarius\1119_97YWRRfAMdE.jpg,Lactarius,Russula,False,0.9724326133728027,0.008067300001130207,MobileNetV2,test
data/processed/test\Lactarius\1126_OzpDgrwjWNc.jpg,Lactarius,Cortinarius,False,0.4435206651687622,0.007520700000895886,MobileNetV2,test
data/processed/test\Lactarius\1133_HDYDTLTS4FA.jpg,Lactarius,Russula,False,0.47347143292427063,0.008129100000587641,MobileNetV2,test
data/processed/test\Lactarius\1140_L4hzKxVbQc0.jpg,Lactarius,Russula,False,0.8785313963890076,0.01070380000055593,MobileNetV2,test
data/processed/test\Lactarius\1144_d52jIf1q8OQ.jpg,Lactarius,Russula,False,0.7044452428817749,0.012279299999136128,MobileNetV2,test
data/processed/test\Lactarius\1157_lIsQAIM1Bms.jpg,Lactarius,Lactarius,True,0.5136747360229492,0.006835100000898819,MobileNetV2,test
data/processed/test\Lactarius\1163_6urWblLWaP0.jpg,Lactarius,Lactarius,True,0.30761846899986267,0.009249099999578902,MobileNetV2,test
data/processed/test\Lactarius\1164_sa2vKVnzdDU.jpg,Lactarius,Russula,False,0.42924389243125916,0.01284730000043055,MobileNetV2,test
data/processed/test\Lactarius\1168_liGHHAZOR28.jpg,Lactarius,Amanita,False,0.3613659143447876,0.007842200000595767,MobileNetV2,test
data/processed/test\Lactarius\1185_l8CcBJMEx4U.jpg,Lactarius,Lactarius,True,0.5600932240486145,0.0068542000008164905,MobileNetV2,test
data/processed/test\Lactarius\1187_SFmMgNJ91-I.jpg,Lactarius,Russula,False,0.9195083975791931,0.007941900001242175,MobileNetV2,test
data/processed/test\Lactarius\1194_Q_-2-NBIRlk.jpg,Lactarius,Amanita,False,0.37957197427749634,0.009856399999989662,MobileNetV2,test
data/processed/test\Lactarius\1199_hy7BCb0o9Ss.jpg,Lactarius,Inocybe,False,0.39120540022850037,0.013484299999618088,MobileNetV2,test
data/processed/test\Lactarius\1205_V_YJfaEofno.jpg,Lactarius,Suillus,False,0.3011607825756073,0.007165399998484645,MobileNetV2,test
data/processed/test\Lactarius\1209_-oHFXkHNN6c.jpg,Lactarius,Suillus,False,0.3235422372817993,0.006985199999689939,MobileNetV2,test
data/processed/test\Lactarius\1210_5y8ObCFK_r4.jpg,Lactarius,Boletus,False,0.9219081401824951,0.009296799998992356,MobileNetV2,test
data/processed/test\Lactarius\1213_E6SGc19pJFY.jpg,Lactarius,Russula,False,0.4666029214859009,0.007366399999227724,MobileNetV2,test
data/processed/test\Lactarius\1223_6yV3bv_fpo8.jpg,Lactarius,Lactarius,True,0.39892902970314026,0.008036999999603722,MobileNetV2,test
data/processed/test\Lactarius\1224_Yn3W7OW8tkQ.jpg,Lactarius,Lactarius,True,0.5921260118484497,0.007691000000704662,MobileNetV2,test
data/processed/test\Lactarius\1226_nyvT8mRno3g.jpg,Lactarius,Boletus,False,0.8833682537078857,0.007767700000840705,MobileNetV2,test
data/processed/test\Lactarius\122_W_5GcNcAuN4.jpg,Lactarius,Russula,False,0.4047289788722992,0.008434899998974288,MobileNetV2,test
data/processed/test\Lactarius\1251_bPDEkspIv50.jpg,Lactarius,Russula,False,0.4846390187740326,0.006897500001286971,MobileNetV2,test
data/processed/test\Lactarius\1252_73K3pd3sWMQ.jpg,Lactarius,Russula,False,0.880950391292572,0.007029099999272148,MobileNetV2,test
data/processed/test\Lactarius\128_dfE8pjx6FdQ.jpg,Lactarius,Cortinarius,False,0.34303417801856995,0.007132400000045891,MobileNetV2,test
data/processed/test\Lactarius\136_2lSzCzGC8cs.jpg,Lactarius,Agaricus,False,0.3284408450126648,0.007241999999678228,MobileNetV2,test
data/processed/test\Lactarius\140_exY6qQ3hXgY.jpg,Lactarius,Amanita,False,0.3302086889743805,0.007004600000072969,MobileNetV2,test
data/processed/test\Lactarius\149_CwuowlVAMxY.jpg,Lactarius,Lactarius,True,0.5950764417648315,0.007238399999550893,MobileNetV2,test
data/processed/test\Lactarius\153_gN8-LTmbt4U.jpg,Lactarius,Lactarius,True,0.6319517493247986,0.008253400001194677,MobileNetV2,test
data/processed/test\Lactarius\164_YmyEAa79xJY.jpg,Lactarius,Lactarius,True,0.44750088453292847,0.006971599999815226,MobileNetV2,test
data/processed/test\Lactarius\166_m4APlqR5cX8.jpg,Lactarius,Lactarius,True,0.8838951587677002,0.007157400001233327,MobileNetV2,test
data/processed/test\Lactarius\167_sbpN5cmc4Qw.jpg,Lactarius,Hygrocybe,False,0.47267112135887146,0.007184899999629124,MobileNetV2,test
data/processed/test\Lactarius\172_AtgfiwOgTAk.jpg,Lactarius,Russula,False,0.5782341957092285,0.007083799999236362,MobileNetV2,test
data/processed/test\Lactarius\175_I_Sk3JdyB8Q.jpg,Lactarius,Lactarius,True,0.9097262024879456,0.006977000000915723,MobileNetV2,test
data/processed/test\Lactarius\176_7c5SOZYoEEQ.jpg,Lactarius,Lactarius,True,0.4183298647403717,0.008012199999939185,MobileNetV2,test
data/processed/test\Lactarius\182_Z_eMo84pz4w.jpg,Lactarius,Lactarius,True,0.4400193393230438,0.007894299998952192,MobileNetV2,test
data/processed/test\Lactarius\186_vqv6RGdM7tQ.jpg,Lactarius,Russula,False,0.5226629376411438,0.007451299999956973,MobileNetV2,test
data/processed/test\Lactarius\187_9b5XfCCHe9s.jpg,Lactarius,Lactarius,True,0.7901495695114136,0.007183899999290588,MobileNetV2,test
data/processed/test\Lactarius\188__ssneZ3zq44.jpg,Lactarius,Lactarius,True,0.8238793611526489,0.0069826000017201295,MobileNetV2,test
data/processed/test\Lactarius\200_h-AIr5ayQw8.jpg,Lactarius,Russula,False,0.6680362224578857,0.007348799999817857,MobileNetV2,test
data/processed/test\Lactarius\204_5earXwj40js.jpg,Lactarius,Boletus,False,0.5356104969978333,0.006913200000781217,MobileNetV2,test
data/processed/test\Lactarius\206_32LgeIY1Yeg.jpg,Lactarius,Boletus,False,0.6138065457344055,0.006786300000385381,MobileNetV2,test
data/processed/test\Lactarius\216_XQewJ4iZ0SE.jpg,Lactarius,Boletus,False,0.927118718624115,0.007574499999464024,MobileNetV2,test
data/processed/test\Lactarius\217_NouQvvUbzkI.jpg,Lactarius,Boletus,False,0.9096633791923523,0.00680110000030254,MobileNetV2,test
data/processed/test\Lactarius\220_s7m6OJgigsQ.jpg,Lactarius,Lactarius,True,0.5109508037567139,0.007974199999807752,MobileNetV2,test
data/processed/test\Lactarius\221_gFGMtF63hew.jpg,Lactarius,Lactarius,True,0.6071581840515137,0.0077402999995683786,MobileNetV2,test
data/processed/test\Lactarius\233_Zrhk_kzm9RI.jpg,Lactarius,Boletus,False,0.740325391292572,0.007488000001103501,MobileNetV2,test
data/processed/test\Lactarius\243_Kcz6T9Gexhs.jpg,Lactarius,Boletus,False,0.5861989855766296,0.0069316999997681705,MobileNetV2,test
data/processed/test\Lactarius\245_8a_KwW3R88w.jpg,Lactarius,Cortinarius,False,0.558448076248169,0.007740799999737646,MobileNetV2,test
data/processed/test\Lactarius\246_RXGb-uY_OT0.jpg,Lactarius,Hygrocybe,False,0.3292296528816223,0.007418499999403139,MobileNetV2,test
data/processed/test\Lactarius\253_04FkFVirQ7Y.jpg,Lactarius,Russula,False,0.6639612913131714,0.007205900001281407,MobileNetV2,test
data/processed/test\Lactarius\263_q4EWqSw73ss.jpg,Lactarius,Cortinarius,False,0.8671407103538513,0.00715680000030261,MobileNetV2,test
data/processed/test\Lactarius\276_hZykQcrhdmk.jpg,Lactarius,Cortinarius,False,0.5208300352096558,0.007360999999946216,MobileNetV2,test
data/processed/test\Lactarius\288_q9eXJ9RotUs.jpg,Lactarius,Cortinarius,False,0.31055498123168945,0.008157300000675605,MobileNetV2,test
data/processed/test\Lactarius\295_d1IVZwM135g.jpg,Lactarius,Cortinarius,False,0.42933592200279236,0.007496599999285536,MobileNetV2,test
data/processed/test\Lactarius\310_MVmkt2VWorA.jpg,Lactarius,Lactarius,True,0.49944326281547546,0.007925199999590404,MobileNetV2,test
data/processed/test\Lactarius\312_Kxi6Fhuexdw.jpg,Lactarius,Russula,False,0.5193146467208862,0.007443200000125216,MobileNetV2,test
data/processed/test\Lactarius\327_Hk8VyUuKT-A.jpg,Lactarius,Cortinarius,False,0.21237502992153168,0.0072929999987536576,MobileNetV2,test
data/processed/test\Lactarius\333_NGUe2XVS3hk.jpg,Lactarius,Cortinarius,False,0.5232687592506409,0.007290300000022398,MobileNetV2,test
data/processed/test\Lactarius\335_fqi3SPxPO_M.jpg,Lactarius,Lactarius,True,0.8430948257446289,0.0070674999988113996,MobileNetV2,test
data/processed/test\Lactarius\338_SSuhFw6v6bo.jpg,Lactarius,Cortinarius,False,0.7418414354324341,0.007203500001196517,MobileNetV2,test
data/processed/test\Lactarius\340_eLuW-nUYdC0.jpg,Lactarius,Boletus,False,0.70676589012146,0.00716880000072706,MobileNetV2,test
data/processed/test\Lactarius\353_ZQcLrpjLWBc.jpg,Lactarius,Lactarius,True,0.45422592759132385,0.007544199999756529,MobileNetV2,test
data/processed/test\Lactarius\355_THNiI8IQ5e4.jpg,Lactarius,Russula,False,0.5604696869850159,0.006935499999599415,MobileNetV2,test
data/processed/test\Lactarius\364_TiFrgt8za6w.jpg,Lactarius,Russula,False,0.6860573291778564,0.00800359999993816,MobileNetV2,test
data/processed/test\Lactarius\365_gihWtePuGlo.jpg,Lactarius,Russula,False,0.9918169379234314,0.007089200000336859,MobileNetV2,test
data/processed/test\Lactarius\373_sb1ABlLL_Io.jpg,Lactarius,Russula,False,0.9371780753135681,0.008354100000360631,MobileNetV2,test
data/processed/test\Lactarius\381_70eN3baoMiU.jpg,Lactarius,Russula,False,0.49833595752716064,0.00803030000133731,MobileNetV2,test
data/processed/test\Lactarius\391_x5VHqfidZUA.jpg,Lactarius,Lactarius,True,0.5285385251045227,0.0072660999994695885,MobileNetV2,test
data/processed/test\Lactarius\394_pA_n_Wu4_60.jpg,Lactarius,Russula,False,0.9570372700691223,0.0077966000008018455,MobileNetV2,test
data/processed/test\Lactarius\410_gHeG6gEpGT8.jpg,Lactarius,Boletus,False,0.3573824465274811,0.00746649999928195,MobileNetV2,test
data/processed/test\Lactarius\412_r_okI2cO5S4.jpg,Lactarius,Boletus,False,0.8197112083435059,0.007582899999761139,MobileNetV2,test
data/processed/test\Russula\001_iKuK1p9EOJ0.jpg,Russula,Suillus,False,0.28940775990486145,0.007540299999163835,MobileNetV2,test
data/processed/test\Russula\007_gZhfQcNeM9U.jpg,Russula,Russula,True,0.8869180083274841,0.00710340000114229,MobileNetV2,test
data/processed/test\Russula\008_Dz7lB9JtqxQ.jpg,Russula,Russula,True,0.9078930616378784,0.007068099999742117,MobileNetV2,test
data/processed/test\Russula\013_LGHqXuWMeHE.jpg,Russula,Lactarius,False,0.7731980681419373,0.0069239999993442325,MobileNetV2,test
data/processed/test\Russula\014_a6ZorjAMstY.jpg,Russula,Lactarius,False,0.24188749492168427,0.00799179999921762,MobileNetV2,test
data/processed/test\Russula\019_EKkNgTevh1g.jpg,Russula,Russula,True,0.5106980800628662,0.009696500001155073,MobileNetV2,test
data/processed/test\Russula\024_rhgAyyNHSJo.jpg,Russula,Inocybe,False,0.43489816784858704,0.008522200001607416,MobileNetV2,test
data/processed/test\Russula\025_k35cqXEzH7Y.jpg,Russula,Lactarius,False,0.6059231758117676,0.007027100000414066,MobileNetV2,test
data/processed/test\Russula\030_sCKfBfNbOl4.jpg,Russula,Russula,True,0.8415106534957886,0.0077260999987629475,MobileNetV2,test
data/processed/test\Russula\039_ikQwz6n6X4o.jpg,Russula,Russula,True,0.6579568386077881,0.007047299999612733,MobileNetV2,test
data/processed/test\Russula\043_a_5lm55zCVc.jpg,Russula,Russula,True,0.2484164983034134,0.007105200000296463,MobileNetV2,test
data/processed/test\Russula\043_fOQ2ffx-cy8.jpg,Russula,Russula,True,0.9489282965660095,0.007987199998751748,MobileNetV2,test
data/processed/test\Russula\047_eHKYt6tnSCs.jpg,Russula,Inocybe,False,0.2230764478445053,0.007483600000341539,MobileNetV2,test
data/processed/test\Russula\050_MwOq3EeFUvc.jpg,Russula,Russula,True,0.9728050827980042,0.008195100001103128,MobileNetV2,test
data/processed/test\Russula\057_jOjOWsmPwSs.jpg,Russula,Boletus,False,0.7800527215003967,0.008292200000141747,MobileNetV2,test
data/processed/test\Russula\058_rXtA5QC0tm0.jpg,Russula,Russula,True,0.4262090027332306,0.007175300001108553,MobileNetV2,test
data/processed/test\Russula\064_7LLSFgmojbg.jpg,Russula,Russula,True,0.8915486335754395,0.007120399999621441,MobileNetV2,test
data/processed/test\Russula\066_QwlTSWbST_A.jpg,Russula,Russula,True,0.5165286660194397,0.007100800001353491,MobileNetV2,test
data/processed/test\Russula\067_1HwiqbR9nY4.jpg,Russula,Lactarius,False,0.4798037111759186,0.007364099999904283,MobileNetV2,test
data/processed/test\Russula\087_dkTD8ebKnDo.jpg,Russula,Russula,True,0.9154815673828125,0.007165000000895816,MobileNetV2,test
data/processed/test\Russula\090_wTqyZFVyKa4.jpg,Russula,Russula,True,0.4971372187137604,0.007102699999450124,MobileNetV2,test
data/processed/test\Russula\091_OhbGtsJOrac.jpg,Russula,Lactarius,False,0.24558189511299133,0.007390300001134165,MobileNetV2,test
data/processed/test\Russula\096_RZyKfwF8OnQ.jpg,Russula,Lactarius,False,0.476803719997406,0.007217799999125418,MobileNetV2,test
data/processed/test\Russula\097_MDNp4nnFbsU.jpg,Russula,Boletus,False,0.8786908984184265,0.0072546999999758555,MobileNetV2,test
data/processed/test\Russula\097_vcRnfngKDrA.jpg,Russula,Russula,True,0.9102728962898254,0.0071702000004734145,MobileNetV2,test
data/processed/test\Russula\102_ZPT8jUM20PQ.jpg,Russula,Lactarius,False,0.4358425736427307,0.008300600000438862,MobileNetV2,test
data/processed/test\Russula\104_Rsfyh5xO7v4.jpg,Russula,Lactarius,False,0.682258129119873,0.006986099999267026,MobileNetV2,test
data/processed/test\Russula\105_-Z8GVGlP6ZQ.jpg,Russula,Cortinarius,False,0.537043035030365,0.009088499999052146,MobileNetV2,test
data/processed/test\Russula\110_Dq7-S4a1PBA.jpg,Russula,Inocybe,False,0.42020490765571594,0.008095299999695271,MobileNetV2,test
data/processed/test\Russula\110_tI1gcfV67iM.jpg,Russula,Russula,True,0.9459971785545349,0.00847549999889452,MobileNetV2,test
data/processed/test\Russula\112_LjHLUTH9Ofo.jpg,Russula,Russula,True,0.9217342734336853,0.008866800000760122,MobileNetV2,test
data/processed/test\Russula\115_421ZUjl0L6I.jpg,Russula,Lactarius,False,0.7598189115524292,0.00868369999989227,MobileNetV2,test
data/processed/test\Russula\116_1OsHlMx-dSQ.jpg,Russula,Russula,True,0.468698114156723,0.00826249999954598,MobileNetV2,test
data/processed/test\Russula\121_G6PKJxVEa-M.jpg,Russula,Russula,True,0.762853741645813,0.007654800001546391,MobileNetV2,test
data/processed/test\Russula\127_VbgJEufLv7I.jpg,Russula,Russula,True,0.7322552800178528,0.008082199999989825,MobileNetV2,test
data/processed/test\Russula\139_H3FH6JjjTzg.jpg,Russula,Russula,True,0.7709618210792542,0.007653599999684957,MobileNetV2,test
data/processed/test\Russula\145_o2dRwsYbjMY.jpg,Russula,Boletus,False,0.4143187701702118,0.007717000000411645,MobileNetV2,test
data/processed/test\Russula\150_HG0rdEL96d8.jpg,Russula,Russula,True,0.8751807808876038,0.008107999999992899,MobileNetV2,test
data/processed/test\Russula\152_T7Jz4WBLsEQ.jpg,Russula,Russula,True,0.6619650721549988,0.007201999998869724,MobileNetV2,test
data/processed/test\Russula\165_iSv1-9PofVg.jpg,Russula,Russula,True,0.7899434566497803,0.00752939999983937,MobileNetV2,test
data/processed/test\Russula\167_9loyXWNmBDI.jpg,Russula,Russula,True,0.9862381219863892,0.0079213000008167,MobileNetV2,test
data/processed/test\Russula\170_8gD6VgBIRW8.jpg,Russula,Boletus,False,0.9904875159263611,0.008471500001178356,MobileNetV2,test
data/processed/test\Russula\174_ZHZm2cjKSd4.jpg,Russula,Russula,True,0.9574593901634216,0.007079999999405118,MobileNetV2,test
data/processed/test\Russula\183_7HPLUZ0JPGw.jpg,Russula,Lactarius,False,0.2801756262779236,0.00828659999933734,MobileNetV2,test
data/processed/test\Russula\187_eVoSi006rJc.jpg,Russula,Russula,True,0.554664134979248,0.007062900000164518,MobileNetV2,test
data/processed/test\Russula\190_jB_ANV0GfGc.jpg,Russula,Russula,True,0.951192319393158,0.007191700000475976,MobileNetV2,test
data/processed/test\Russula\193_0iPR4s0EgAE.jpg,Russula,Russula,True,0.8078848719596863,0.007306999999855179,MobileNetV2,test
data/processed/test\Russula\194_NP3riIl0ZRw.jpg,Russula,Cortinarius,False,0.35615649819374084,0.007508599999709986,MobileNetV2,test
data/processed/test\Russula\196_8vqiUiCZSf4.jpg,Russula,Cortinarius,False,0.2490084022283554,0.006938900000022841,MobileNetV2,test
data/processed/test\Russula\197_8SaITt5hQBY.jpg,Russula,Russula,True,0.6966191530227661,0.007094900000083726,MobileNetV2,test
data/processed/test\Russula\200_JMAjbr8Po8M.jpg,Russula,Russula,True,0.6114095449447632,0.00826729999971576,MobileNetV2,test
data/processed/test\Russula\203_7ZDu3mnm2D8.jpg,Russula,Boletus,False,0.7285667061805725,0.0071613000000070315,MobileNetV2,test
data/processed/test\Russula\212_mAsF0Tdhqu8.jpg,Russula,Cortinarius,False,0.6930738091468811,0.008866399999533314,MobileNetV2,test
data/processed/test\Russula\218_zKx8R11Bjuo.jpg,Russula,Hygrocybe,False,0.6436092257499695,0.009585699999661301,MobileNetV2,test
data/processed/test\Russula\219_Tj5ZWF3-yCc.jpg,Russula,Inocybe,False,0.4183589518070221,0.012042199999996228,MobileNetV2,test
data/processed/test\Russula\220_LB02R316CKc.jpg,Russula,Russula,True,0.8387683629989624,0.007429699999192962,MobileNetV2,test
data/processed/test\Russula\221_GAqgMbeBJ_w.jpg,Russula,Russula,True,0.9507806301116943,0.007978999999977532,MobileNetV2,test
data/processed/test\Russula\222_l5ppfQIYS20.jpg,Russula,Lactarius,False,0.2956562340259552,0.007174899999881745,MobileNetV2,test
data/processed/test\Russula\229_GvS-zosxGjw.jpg,Russula,Russula,True,0.9368241429328918,0.007451200001014513,MobileNetV2,test
data/processed/test\Russula\232_mX205dWbGSs.jpg,Russula,Boletus,False,0.7753674983978271,0.007119300000340445,MobileNetV2,test
data/processed/test\Russula\237_ngiHar4V9OQ.jpg,Russula,Russula,True,0.4289304316043854,0.007125799998902949,MobileNetV2,test
data/processed/test\Russula\251_fEoTrBJW8cM.jpg,Russula,Russula,True,0.7539485692977905,0.006981499998801155,MobileNetV2,test
data/processed/test\Russula\255_Kb8wme58c30.jpg,Russula,Cortinarius,False,0.8515964150428772,0.007567300001028343,MobileNetV2,test
data/processed/test\Russula\274_HgGEtks3OsI.jpg,Russula,Russula,True,0.9196814894676208,0.008169299999281066,MobileNetV2,test
data/processed/test\Russula\275_pEbq4xW22Ag.jpg,Russula,Russula,True,0.46393248438835144,0.007198299999799929,MobileNetV2,test
data/processed/test\Russula\280_dQwEUooNmxU.jpg,Russula,Amanita,False,0.4142642021179199,0.007681299999603652,MobileNetV2,test
data/processed/test\Russula\284_mG2jZJaeiac.jpg,Russula,Russula,True,0.8595713376998901,0.007965899998453096,MobileNetV2,test
data/processed/test\Russula\285_rVkKIZjTiRM.jpg,Russula,Amanita,False,0.4894000291824341,0.007105200000296463,MobileNetV2,test
data/processed/test\Russula\287_aSnnhXszXBg.jpg,Russula,Cortinarius,False,0.4103352725505829,0.006914400000823662,MobileNetV2,test
data/processed/test\Russula\298_6kweHNZ0RfI.jpg,Russula,Russula,True,0.7722582817077637,0.006966599999941536,MobileNetV2,test
data/processed/test\Russula\305_tdJxN8UQo7I.jpg,Russula,Cortinarius,False,0.5794716477394104,0.007040899999992689,MobileNetV2,test
data/processed/test\Russula\317_8tQhlDlTHhY.jpg,Russula,Russula,True,0.49060869216918945,0.007124700001440942,MobileNetV2,test
data/processed/test\Russula\322_Ai1EXB8gNws.jpg,Russula,Russula,True,0.945558488368988,0.007173500000135391,MobileNetV2,test
data/processed/test\Russula\329_PxteNH5w9Yk.jpg,Russula,Russula,True,0.989948034286499,0.006973600000492297,MobileNetV2,test
data/processed/test\Russula\333_7pP8aVQf3Do.jpg,Russula,Boletus,False,0.7641976475715637,0.0074789999998756684,MobileNetV2,test
data/processed/test\Russula\338_HPnjALipi70.jpg,Russula,Russula,True,0.8937828540802002,0.007665699999051867,MobileNetV2,test
data/processed/test\Russula\342_CJXxi8f2DOI.jpg,Russula,Cortinarius,False,0.7947006821632385,0.00732609999977285,MobileNetV2,test
data/processed/test\Russula\349_YRE4p7LbKdg.jpg,Russula,Lactarius,False,0.37083518505096436,0.007994800000233226,MobileNetV2,test
data/processed/test\Russula\352_ykL56k89IoE.jpg,Russula,Boletus,False,0.39382070302963257,0.008171599998604506,MobileNetV2,test
data/processed/test\Russula\354_SXkK0j9UPcc.jpg,Russula,Lactarius,False,0.31596699357032776,0.007683099998757825,MobileNetV2,test
data/processed/test\Russula\366_Rmr_uH_m3Lc.jpg,Russula,Hygrocybe,False,0.9528799653053284,0.007951200001116376,MobileNetV2,test
data/processed/test\Russula\375_h9oJuORZEoQ.jpg,Russula,Russula,True,0.8052982091903687,0.008469700000205194,MobileNetV2,test
data/processed/test\Russula\382_etpGgqzjXAw.jpg,Russula,Russula,True,0.9924241304397583,0.009063800000149058,MobileNetV2,test
data/processed/test\Russula\391_FoHQbZ-kW6k.jpg,Russula,Russula,True,0.9357452392578125,0.007111000000804779,MobileNetV2,test
data/processed/test\Russula\396_vxteiV8es0s.jpg,Russula,Russula,True,0.9909234642982483,0.008535500001016771,MobileNetV2,test
data/processed/test\Russula\398_0WzJw-BGE1E.jpg,Russula,Russula,True,0.8968692421913147,0.00832059999993362,MobileNetV2,test
data/processed/test\Russula\401_ZfuzzDXFsRU.jpg,Russula,Inocybe,False,0.3319058418273926,0.007724099999904865,MobileNetV2,test
data/processed/test\Russula\406_krT07UQMp10.jpg,Russula,Russula,True,0.9391639828681946,0.008331399998496636,MobileNetV2,test
data/processed/test\Russula\409_BMzCz6qsXNs.jpg,Russula,Russula,True,0.7047410011291504,0.007289600000149221,MobileNetV2,test
data/processed/test\Russula\412_hK_N_vllKHo.jpg,Russula,Russula,True,0.8709802031517029,0.007634499999767286,MobileNetV2,test
data/processed/test\Russula\415_UJ1wPsUTn48.jpg,Russula,Russula,True,0.6405341625213623,0.007322299999941606,MobileNetV2,test
data/processed/test\Russula\416_HL5U3TXaTig.jpg,Russula,Boletus,False,0.7442110776901245,0.009081700000024284,MobileNetV2,test
data/processed/test\Russula\421_8j91Sr4g8Kc.jpg,Russula,Russula,True,0.9933608770370483,0.010020499999882304,MobileNetV2,test
data/processed/test\Russula\426_RHi0dlqqt8o.jpg,Russula,Inocybe,False,0.2655385136604309,0.009813900000153808,MobileNetV2,test
data/processed/test\Russula\427_x9THSIBmhjg.jpg,Russula,Russula,True,0.7007679343223572,0.0071429999989049975,MobileNetV2,test
data/processed/test\Russula\430_DSSYi6MPrgM.jpg,Russula,Russula,True,0.5732561349868774,0.007080800000039744,MobileNetV2,test
data/processed/test\Russula\431_6aLV-mYubzE.jpg,Russula,Cortinarius,False,0.6031144857406616,0.009708599998702994,MobileNetV2,test
data/processed/test\Russula\437_CT0j4-xyw0U.jpg,Russula,Russula,True,0.988639235496521,0.009383699998579687,MobileNetV2,test
data/processed/test\Russula\439_Qy56g_UefV0.jpg,Russula,Lactarius,False,0.7555791735649109,0.007143400000131805,MobileNetV2,test
data/processed/test\Russula\441_OLHvhkXV5z4.jpg,Russula,Russula,True,0.9130523204803467,0.007957100000567152,MobileNetV2,test
data/processed/test\Russula\448_EjNRPvABLWs.jpg,Russula,Russula,True,0.8732914328575134,0.007882300000346731,MobileNetV2,test
data/processed/test\Russula\452_LFlsAAAX9hI.jpg,Russula,Russula,True,0.4959753155708313,0.006831299999248586,MobileNetV2,test
data/processed/test\Russula\454_uTMl-t0RwNE.jpg,Russula,Russula,True,0.948829174041748,0.007947699999931501,MobileNetV2,test
data/processed/test\Russula\458_qK1_4b1eE6c.jpg,Russula,Russula,True,0.4132177233695984,0.007312899999305955,MobileNetV2,test
data/processed/test\Russula\462_gCvKxkgbErI.jpg,Russula,Hygrocybe,False,0.3613879084587097,0.006941600000573089,MobileNetV2,test
data/processed/test\Russula\469_EEz8Pm-LqCM.jpg,Russula,Russula,True,0.8187879920005798,0.008216099999117432,MobileNetV2,test
data/processed/test\Russula\473_-0mqqVq-2vk.jpg,Russula,Lactarius,False,0.4436202049255371,0.00724629999967874,MobileNetV2,test
data/processed/test\Russula\476_fuSt9QgGDIk.jpg,Russula,Boletus,False,0.927769124507904,0.007838100000299164,MobileNetV2,test
data/processed/test\Russula\480_74nq3Oj1T0M.jpg,Russula,Russula,True,0.9916327595710754,0.007160199998907046,MobileNetV2,test
data/processed/test\Russula\483_iDdkz4PNlOg.jpg,Russula,Russula,True,0.691403329372406,0.007504799999878742,MobileNetV2,test
data/processed/test\Russula\490_Y5gzpOreJV8.jpg,Russula,Russula,True,0.9871727228164673,0.007852400000047055,MobileNetV2,test
data/processed/test\Russula\494_4l6A9UlJ6HY.jpg,Russula,Russula,True,0.37134718894958496,0.0076974999992671655,MobileNetV2,test
data/processed/test\Russula\497_hMPS4Vhoqqk.jpg,Russula,Russula,True,0.842835545539856,0.00886259999970207,MobileNetV2,test
data/processed/test\Russula\498_iH4yNw872aM.jpg,Russula,Russula,True,0.9448639750480652,0.009908500000165077,MobileNetV2,test
data/processed/test\Russula\502_nJw7weRVBlc.jpg,Russula,Russula,True,0.6026650667190552,0.009117800000240095,MobileNetV2,test
data/processed/test\Russula\511_viHZPnkp9nI.jpg,Russula,Russula,True,0.8542680144309998,0.010310100000424427,MobileNetV2,test
data/processed/test\Russula\513_e8OAjXau1_g.jpg,Russula,Russula,True,0.9574726223945618,0.007743899999695714,MobileNetV2,test
data/processed/test\Russula\515_-fmv5frqmeQ.jpg,Russula,Russula,True,0.9366320967674255,0.009664999999586144,MobileNetV2,test
data/processed/test\Russula\517_0X-ur3MZ6-g.jpg,Russula,Cortinarius,False,0.4697977900505066,0.00770360000024084,MobileNetV2,test
data/processed/test\Russula\518_ddwb9zDz0EA.jpg,Russula,Exidia,False,0.469767689704895,0.007982299999639508,MobileNetV2,test
data/processed/test\Russula\519_MgcY6NzuGRg.jpg,Russula,Russula,True,0.7266062498092651,0.008224900000641355,MobileNetV2,test
data/processed/test\Russula\519__Yn0OFxI1q4.jpg,Russula,Exidia,False,0.36157238483428955,0.00767949999863049,MobileNetV2,test
data/processed/test\Russula\521_PoCOMLLE194.jpg,Russula,Inocybe,False,0.217553973197937,0.008280600000944105,MobileNetV2,test
data/processed/test\Russula\522_HB75V6h0zHA.jpg,Russula,Russula,True,0.7848340272903442,0.009975299999496201,MobileNetV2,test
data/processed/test\Russula\529_ailR88iHnVk.jpg,Russula,Russula,True,0.8548445105552673,0.008216899999752059,MobileNetV2,test
data/processed/test\Russula\530_0Er0JIn-St8.jpg,Russula,Russula,True,0.442819744348526,0.00777149999885296,MobileNetV2,test
data/processed/test\Russula\531_nA8Zxo2h3PI.jpg,Russula,Russula,True,0.6614019870758057,0.007937599999422673,MobileNetV2,test
data/processed/test\Russula\533_HFOAEH-GMI8.jpg,Russula,Suillus,False,0.3530622720718384,0.008171399998900597,MobileNetV2,test
data/processed/test\Russula\534_qpoLwy-f_Xo.jpg,Russula,Russula,True,0.9173176884651184,0.008745099999941885,MobileNetV2,test
data/processed/test\Russula\538_KQ94jYukaKU.jpg,Russula,Amanita,False,0.26784825325012207,0.00836189999972703,MobileNetV2,test
data/processed/test\Russula\538_tf4RCsz9upY.jpg,Russula,Lactarius,False,0.3555908799171448,0.007596200000989484,MobileNetV2,test
data/processed/test\Russula\548_28oWJjM1dis.jpg,Russula,Exidia,False,0.2416098564863205,0.007642500000656582,MobileNetV2,test
data/processed/test\Russula\551_wGsl1ac6chs.jpg,Russula,Boletus,False,0.46914204955101013,0.009674100001575425,MobileNetV2,test
data/processed/test\Russula\552_ihVJ4T4Sss8.jpg,Russula,Russula,True,0.9878877401351929,0.00970950000009907,MobileNetV2,test
data/processed/test\Russula\555_FEOGSD31AJA.jpg,Russula,Boletus,False,0.7488875985145569,0.008137999999235035,MobileNetV2,test
data/processed/test\Russula\556_ppbtXziu5ZQ.jpg,Russula,Russula,True,0.569860577583313,0.008203600000342703,MobileNetV2,test
data/processed/test\Russula\557_QAd1lVBkjXU.jpg,Russula,Russula,True,0.6122393608093262,0.011153600000398,MobileNetV2,test
data/processed/test\Russula\560_cMc-iWHiAlE.jpg,Russula,Cortinarius,False,0.24713587760925293,0.007610399999975925,MobileNetV2,test
data/processed/test\Russula\569_JW9oRUfkNN0.jpg,Russula,Amanita,False,0.7157679200172424,0.009875199999441975,MobileNetV2,test
data/processed/test\Russula\572_yBKxg92PsOQ.jpg,Russula,Lactarius,False,0.31405872106552124,0.009023099999467377,MobileNetV2,test
data/processed/test\Russula\575_gWC0enFjtPM.jpg,Russula,Russula,True,0.946776270866394,0.011328900000080466,MobileNetV2,test
data/processed/test\Russula\580_ntj_DGdqmvA.jpg,Russula,Russula,True,0.9044772982597351,0.010399299999335199,MobileNetV2,test
data/processed/test\Russula\588__rRMnuidFcw.jpg,Russula,Russula,True,0.5188530087471008,0.008466400000543217,MobileNetV2,test
data/processed/test\Russula\590_uV2vuMobSEM.jpg,Russula,Russula,True,0.34455421566963196,0.007552299999588286,MobileNetV2,test
data/processed/test\Russula\591_mUNB-xH-tCw.jpg,Russula,Boletus,False,0.548179030418396,0.008378000000448083,MobileNetV2,test
data/processed/test\Russula\605_KtkMUv-JJ5I.jpg,Russula,Russula,True,0.7007157802581787,0.012558600001284503,MobileNetV2,test
data/processed/test\Russula\608_0aU_jR-I9JA.jpg,Russula,Russula,True,0.979004979133606,0.008331400000315625,MobileNetV2,test
data/processed/test\Russula\619_iJOS5fLgNQU.jpg,Russula,Russula,True,0.7191771268844604,0.008189400001356262,MobileNetV2,test
data/processed/test\Russula\624_AB7Ht1J6_Ts.jpg,Russula,Boletus,False,0.7963328957557678,0.008199199999580742,MobileNetV2,test
data/processed/test\Russula\635_CzRg4ZH0g3s.jpg,Russula,Boletus,False,0.3666893243789673,0.00893269999869517,MobileNetV2,test
data/processed/test\Russula\650_p3glAsLgTMs.jpg,Russula,Russula,True,0.5191322565078735,0.00856720000047062,MobileNetV2,test
data/processed/test\Russula\667_m3O20kXwdDE.jpg,Russula,Russula,True,0.9594141840934753,0.00763340000048629,MobileNetV2,test
data/processed/test\Russula\668_5paJFA7_Ua8.jpg,Russula,Cortinarius,False,0.8300585150718689,0.008304400000270107,MobileNetV2,test
data/processed/test\Russula\674_hp6AgJkRPZQ.jpg,Russula,Russula,True,0.6857182383537292,0.008314299999256036,MobileNetV2,test
data/processed/test\Russula\681_EsZTIQlfMjc.jpg,Russula,Inocybe,False,0.24177700281143188,0.007115899999917019,MobileNetV2,test
data/processed/test\Russula\689_A6I1XAc367A.jpg,Russula,Russula,True,0.9208021759986877,0.007046799999443465,MobileNetV2,test
data/processed/test\Russula\703_Nptow3WB0qw.jpg,Russula,Russula,True,0.993293046951294,0.008254399999714224,MobileNetV2,test
data/processed/test\Russula\705_zyUROKt6OHs.jpg,Russula,Russula,True,0.3765917420387268,0.007230900000649854,MobileNetV2,test
data/processed/test\Russula\719_RWQ7F3kVyZ8.jpg,Russula,Lactarius,False,0.5630105137825012,0.008103800000753836,MobileNetV2,test
data/processed/test\Russula\727_GqKz3HCWl0c.jpg,Russula,Russula,True,0.9389124512672424,0.011219399999390589,MobileNetV2,test
data/processed/test\Russula\728_GKNcKK0yCIc.jpg,Russula,Russula,True,0.47594019770622253,0.0082457999997132,MobileNetV2,test
data/processed/test\Russula\737_CKVsLcd_U7c.jpg,Russula,Russula,True,0.8819160461425781,0.008009499999388936,MobileNetV2,test
data/processed/test\Russula\738_erZ8MolTf3U.jpg,Russula,Russula,True,0.973932147026062,0.008016000001589418,MobileNetV2,test
data/processed/test\Russula\756_vp2vfTitRMQ.jpg,Russula,Russula,True,0.9891384243965149,0.008005399999092333,MobileNetV2,test
data/processed/test\Russula\757_iadA7ihhNeQ.jpg,Russula,Russula,True,0.9633283019065857,0.009907300000122632,MobileNetV2,test
data/processed/test\Russula\761_PoCeQSN4r0Y.jpg,Russula,Russula,True,0.9762138724327087,0.010076300000946503,MobileNetV2,test
data/processed/test\Russula\764_Km8WK13K9DM.jpg,Russula,Russula,True,0.9457138776779175,0.00823839999975462,MobileNetV2,test
data/processed/test\Russula\773_rvHJQsLi9cg.jpg,Russula,Russula,True,0.7395509481430054,0.008318700000017998,MobileNetV2,test
data/processed/test\Russula\777_1makiuR24D8.jpg,Russula,Boletus,False,0.4047451913356781,0.008513599999787402,MobileNetV2,test
data/processed/test\Russula\781_6bHC50w-YyU.jpg,Russula,Russula,True,0.9759185910224915,0.008571000000301865,MobileNetV2,test
data/processed/test\Russula\789_ZOAABwfjsvE.jpg,Russula,Russula,True,0.9685781002044678,0.007465199998478056,MobileNetV2,test
data/processed/test\Russula\790_XgJL7jUO0n0.jpg,Russula,Russula,True,0.5469380617141724,0.007262299999638344,MobileNetV2,test
data/processed/test\Russula\791_bmziJQYOR-0.jpg,Russula,Russula,True,0.6681126952171326,0.010233999999400112,MobileNetV2,test
data/processed/test\Suillus\004_LMWP6X0bx7g.jpg,Suillus,Russula,False,0.6319082379341125,0.007472999999663443,MobileNetV2,test
data/processed/test\Suillus\005_4zrEN39EHeU.jpg,Suillus,Cortinarius,False,0.6708956360816956,0.008390300001337891,MobileNetV2,test
data/processed/test\Suillus\006_8Su_kJ43Mho.jpg,Suillus,Boletus,False,0.4893612563610077,0.0070071999998617684,MobileNetV2,test
data/processed/test\Suillus\013_SzBeuYLeWzY.jpg,Suillus,Cortinarius,False,0.8042946457862854,0.009284900001148344,MobileNetV2,test
data/processed/test\Suillus\020_qW3wRprNQuU.jpg,Suillus,Cortinarius,False,0.21213296055793762,0.0075605000001814915,MobileNetV2,test
data/processed/test\Suillus\024_b9YCAgUxfLc.jpg,Suillus,Boletus,False,0.35777416825294495,0.007088000000294414,MobileNetV2,test
data/processed/test\Suillus\035_GGH3qG0fqcg.jpg,Suillus,Inocybe,False,0.2698160707950592,0.007163100000980194,MobileNetV2,test
data/processed/test\Suillus\042_S8g3kuvZPb4.jpg,Suillus,Suillus,True,0.5439605116844177,0.007789799999954994,MobileNetV2,test
data/processed/test\Suillus\053_pR_9bsx0WUU.jpg,Suillus,Lactarius,False,0.44534218311309814,0.011475999999674968,MobileNetV2,test
data/processed/test\Suillus\057_QjMKHaEMZBI.jpg,Suillus,Suillus,True,0.6496495008468628,0.010055900000224938,MobileNetV2,test
data/processed/test\Suillus\059_JRPx07CUp9I.jpg,Suillus,Hygrocybe,False,0.42789173126220703,0.009628599998904974,MobileNetV2,test
data/processed/test\Suillus\060_HFmPuFBK7f4.jpg,Suillus,Russula,False,0.3150070607662201,0.008093500000541098,MobileNetV2,test
data/processed/test\Suillus\063_DU3VJmB-I14.jpg,Suillus,Boletus,False,0.5973513722419739,0.0072481999995943625,MobileNetV2,test
data/processed/test\Suillus\066_uFngOMLuPrE.jpg,Suillus,Cortinarius,False,0.6719459295272827,0.0073766000004980015,MobileNetV2,test
data/processed/test\Suillus\071_pDklNEHcmB8.jpg,Suillus,Boletus,False,0.47844114899635315,0.007164799999372917,MobileNetV2,test
data/processed/test\Suillus\072_qfIXcNPk1eM.jpg,Suillus,Exidia,False,0.20355971157550812,0.007133099999919068,MobileNetV2,test
data/processed/test\Suillus\076_eqA9_q6_9JU.jpg,Suillus,Cortinarius,False,0.9581392407417297,0.007273600000189617,MobileNetV2,test
data/processed/test\Suillus\103_jpMZm4FpWNQ.jpg,Suillus,Boletus,False,0.8261570930480957,0.007256400000187568,MobileNetV2,test
data/processed/test\Suillus\105_ywBhq3G8x-g.jpg,Suillus,Hygrocybe,False,0.7868672609329224,0.007394199999907869,MobileNetV2,test
data/processed/test\Suillus\109_BXGWNC8c4aw.jpg,Suillus,Boletus,False,0.95709627866745,0.0071499000005132984,MobileNetV2,test
data/processed/test\Suillus\110_GXWZjkiIn3U.jpg,Suillus,Boletus,False,0.49947547912597656,0.00853339999957825,MobileNetV2,test
data/processed/test\Suillus\123_CK6TqHiLN8s.jpg,Suillus,Cortinarius,False,0.3884873390197754,0.007707199998549186,MobileNetV2,test
data/processed/test\Suillus\124_A3Rr6EGcEuc.jpg,Suillus,Boletus,False,0.9956358075141907,0.01030449999962002,MobileNetV2,test
data/processed/test\Suillus\135_jpc6hxtvXcY.jpg,Suillus,Amanita,False,0.6251963376998901,0.009382499998537241,MobileNetV2,test
data/processed/test\Suillus\140_AElK4TLjpHw.jpg,Suillus,Russula,False,0.5246742963790894,0.007581600000776234,MobileNetV2,test
data/processed/test\Suillus\143_4I78Lp4NctA.jpg,Suillus,Inocybe,False,0.3027915060520172,0.008089000000836677,MobileNetV2,test
data/processed/test\Suillus\150_jLg9QQo1nOg.jpg,Suillus,Boletus,False,0.539699375629425,0.007020699998975033,MobileNetV2,test
data/processed/test\Suillus\152_uGhPmWPTFe8.jpg,Suillus,Agaricus,False,0.34480777382850647,0.007607300000017858,MobileNetV2,test
data/processed/test\Suillus\153_iWtEXcs9CUw.jpg,Suillus,Russula,False,0.4301632344722748,0.009929199999533012,MobileNetV2,test
data/processed/test\Suillus\159_8OhWm5aBdYo.jpg,Suillus,Russula,False,0.32596921920776367,0.009496099999523722,MobileNetV2,test
data/processed/test\Suillus\174_G_tZXZc2BS8.jpg,Suillus,Lactarius,False,0.43042799830436707,0.007327099998292397,MobileNetV2,test
data/processed/test\Suillus\186_Zx-rs9g1O2M.jpg,Suillus,Hygrocybe,False,0.6209191679954529,0.008200000000215368,MobileNetV2,test
data/processed/test\Suillus\187_rbfGR0jzf1M.jpg,Suillus,Cortinarius,False,0.7610688805580139,0.007602300000144169,MobileNetV2,test
data/processed/test\Suillus\195_4bcpABEJmZ0.jpg,Suillus,Hygrocybe,False,0.25016888976097107,0.008787800001300639,MobileNetV2,test
data/processed/test\Suillus\197_0xmjWv0BbOU.jpg,Suillus,Cortinarius,False,0.5685403943061829,0.010545899998760433,MobileNetV2,test
data/processed/test\Suillus\209_7dBOxsmYgEg.jpg,Suillus,Boletus,False,0.7522977590560913,0.007842799999707495,MobileNetV2,test
data/processed/test\Suillus\217_ZAXchPHjhcE.jpg,Suillus,Suillus,True,0.5268046259880066,0.007171199998992961,MobileNetV2,test
data/processed/test\Suillus\228_LjjB-u2A1pU.jpg,Suillus,Boletus,False,0.9897498488426208,0.007197299999461393,MobileNetV2,test
data/processed/test\Suillus\239_pLvnF05ewak.jpg,Suillus,Boletus,False,0.8546714782714844,0.007265500000357861,MobileNetV2,test
data/processed/test\Suillus\246_dDYtt6MpmiI.jpg,Suillus,Boletus,False,0.9904733300209045,0.007211199999801465,MobileNetV2,test
data/processed/test\Suillus\255_9-ELp1gnP9Q.jpg,Suillus,Boletus,False,0.9048110246658325,0.0074630999988585245,MobileNetV2,test
data/processed/test\Suillus\286_3SyGqemn_aQ.jpg,Suillus,Amanita,False,0.37183380126953125,0.007479899999452755,MobileNetV2,test
data/processed/test\Suillus\287_uBlS4Qgx1HQ.jpg,Suillus,Boletus,False,0.7926729321479797,0.00717850000000908,MobileNetV2,test
data/processed/test\Suillus\289_BYUT_xNeNAg.jpg,Suillus,Lactarius,False,0.3229590952396393,0.007252899999002693,MobileNetV2,test
data/processed/test\Suillus\293_zL8A0olEfaA.jpg,Suillus,Cortinarius,False,0.940629243850708,0.008270599999377737,MobileNetV2,test
data/processed/test\Suillus\294_BX6ekzpPLto.jpg,Suillus,Cortinarius,False,0.5171594023704529,0.006919199999174452,MobileNetV2,test
data/processed/test\Suillus\302_C8yj39nTbnM.jpg,Suillus,Hygrocybe,False,0.4295649230480194,0.007157599999118247,MobileNetV2,test
data/processed/test\Suillus\324_nslhbQyQ1Gk.jpg,Suillus,Boletus,False,0.9094686508178711,0.0070964000005915295,MobileNetV2,test
