image_path,true_label,predicted_label,correct,confidence,inference_time_sec,model_name,split
data/processed/test\Agaricus\003_4AurAO4Jil8.jpg,Agaricus,Amanita,False,0.29378536343574524,0.027385299996240065,BaselineCNN,test
data/processed/test\Agaricus\014_DU4RE5bim5A.jpg,Agaricus,Amanita,False,0.9975759387016296,0.015017700003227219,BaselineCNN,test
data/processed/test\Agaricus\016_qNYODERZEms.jpg,Agaricus,Russula,False,0.8700361251831055,0.009890399989672005,BaselineCNN,test
data/processed/test\Agaricus\019_aaTsKm7exKE.jpg,Agaricus,Lactarius,False,0.4976244866847992,0.00896439999633003,BaselineCNN,test
data/processed/test\Agaricus\020_vZJfrjIwmqU.jpg,Agaricus,Agaricus,True,0.37308549880981445,0.01096770000003744,BaselineCNN,test
data/processed/test\Agaricus\029_ZksYQQBGVIg.jpg,Agaricus,Cortinarius,False,0.6402633786201477,0.015024099993752316,BaselineCNN,test
data/processed/test\Agaricus\048_iC9glWRw_EM.jpg,Agaricus,Agaricus,True,0.9988987445831299,0.009187100004055537,BaselineCNN,test
data/processed/test\Agaricus\052_z7PpmpKIPU4.jpg,Agaricus,Agaricus,True,0.9160431027412415,0.011446500007878058,BaselineCNN,test
data/processed/test\Agaricus\055_Cggc3hvlPfg.jpg,Agaricus,Agaricus,True,0.6198079586029053,0.021096399999805726,BaselineCNN,test
data/processed/test\Agaricus\057_n1EFvW3JrYo.jpg,Agaricus,Exidia,False,0.4966496229171753,0.008073099990724586,BaselineCNN,test
data/processed/test\Agaricus\063_Fa4IMCTXq04.jpg,Agaricus,Agaricus,True,0.9237260222434998,0.00923930000863038,BaselineCNN,test
data/processed/test\Agaricus\069_W-jISbXJon8.jpg,Agaricus,Cortinarius,False,0.4984895586967468,0.01197350000438746,BaselineCNN,test
data/processed/test\Agaricus\075_osC0agHm9UY.jpg,Agaricus,Agaricus,True,0.692423939704895,0.008093699987512082,BaselineCNN,test
data/processed/test\Agaricus\083_mx9HfmWGwWo.jpg,Agaricus,Lactarius,False,0.932833194732666,0.008464300000923686,BaselineCNN,test
data/processed/test\Agaricus\091_3BEGnmvAiRw.jpg,Agaricus,Inocybe,False,0.8047255277633667,0.008850099999108352,BaselineCNN,test
data/processed/test\Agaricus\093_Bz-kiIMN6EA.jpg,Agaricus,Lactarius,False,0.7944731712341309,0.01248469999700319,BaselineCNN,test
data/processed/test\Agaricus\115_Jd1nw0g-Z5c.jpg,Agaricus,Cortinarius,False,0.8049973845481873,0.006720100005622953,BaselineCNN,test
data/processed/test\Agaricus\127_5z4-vDJFDS8.jpg,Agaricus,Agaricus,True,0.6069635152816772,0.00849710000329651,BaselineCNN,test
data/processed/test\Agaricus\128_iITC2t8k-ao.jpg,Agaricus,Lactarius,False,0.616899311542511,0.009606399995391257,BaselineCNN,test
data/processed/test\Agaricus\129_E1FD01dZMiw.jpg,Agaricus,Cortinarius,False,0.5360633134841919,0.003704600007040426,BaselineCNN,test
data/processed/test\Agaricus\131_YrsaHYXAieo.jpg,Agaricus,Cortinarius,False,0.9799796342849731,0.004139199998462573,BaselineCNN,test
data/processed/test\Agaricus\141_099PmS-9Xww.jpg,Agaricus,Agaricus,True,0.9569809436798096,0.0041748000076040626,BaselineCNN,test
data/processed/test\Agaricus\147_eDN4yYIkeAs.jpg,Agaricus,Agaricus,True,0.9999427795410156,0.005101999995531514,BaselineCNN,test
data/processed/test\Agaricus\162_19HDdc3YjRs.jpg,Agaricus,Russula,False,0.8893018364906311,0.004380200000014156,BaselineCNN,test
data/processed/test\Agaricus\169_qqgFJZ8Zt4g.jpg,Agaricus,Lactarius,False,0.8403946757316589,0.0027329000004101545,BaselineCNN,test
data/processed/test\Agaricus\171_wN-s2yo8YTs.jpg,Agaricus,Russula,False,0.6147016882896423,0.004194100009044632,BaselineCNN,test
data/processed/test\Agaricus\179_jfF8TJ9ZlvU.jpg,Agaricus,Russula,False,0.9403626918792725,0.00290250001125969,BaselineCNN,test
data/processed/test\Agaricus\206_W3JvSvV8oF8.jpg,Agaricus,Lactarius,False,0.4952300190925598,0.002937699988251552,BaselineCNN,test
data/processed/test\Agaricus\211_2k-2vImOD5g.jpg,Agaricus,Inocybe,False,0.7940077781677246,0.0025197999930242077,BaselineCNN,test
data/processed/test\Agaricus\213_o8ynZBRKBSE.jpg,Agaricus,Boletus,False,0.8097459077835083,0.0024446000024909154,BaselineCNN,test
data/processed/test\Agaricus\226_0du5e8k_cCA.jpg,Agaricus,Russula,False,0.8124719262123108,0.004361999992397614,BaselineCNN,test
data/processed/test\Agaricus\228_2SjHadDRW6o.jpg,Agaricus,Lactarius,False,0.3728944957256317,0.0050977000064449385,BaselineCNN,test
data/processed/test\Agaricus\237_y2JGdND-zxI.jpg,Agaricus,Boletus,False,0.8499152064323425,0.0036117999989073724,BaselineCNN,test
data/processed/test\Agaricus\238_I1p90MwfEEw.jpg,Agaricus,Amanita,False,0.951336681842804,0.004521299997577444,BaselineCNN,test
data/processed/test\Agaricus\270_Js1q2S-fR_Y.jpg,Agaricus,Agaricus,True,0.7857720255851746,0.0037407999916467816,BaselineCNN,test
data/processed/test\Agaricus\272_r-A9DMTwWoM.jpg,Agaricus,Russula,False,0.3682912588119507,0.004604300003848039,BaselineCNN,test
data/processed/test\Agaricus\294_kPCOGW3Y_Ak.jpg,Agaricus,Amanita,False,0.6197471618652344,0.005513299998710863,BaselineCNN,test
data/processed/test\Agaricus\300_VSw-oPLasfg.jpg,Agaricus,Entoloma,False,0.9044021964073181,0.0050715999968815595,BaselineCNN,test
data/processed/test\Agaricus\323_5Es9oQ3LeGk.jpg,Agaricus,Cortinarius,False,0.9999793767929077,0.002923499996541068,BaselineCNN,test
data/processed/test\Agaricus\349_Euf9XZEVTMc.jpg,Agaricus,Cortinarius,False,0.9675313234329224,0.0028510999982245266,BaselineCNN,test
data/processed/test\Agaricus\354_VP-DWvLyI3w.jpg,Agaricus,Lactarius,False,0.3599422872066498,0.004593999998178333,BaselineCNN,test
data/processed/test\Agaricus\357__w_XUQZMZEw.jpg,Agaricus,Agaricus,True,0.9999891519546509,0.004266999996616505,BaselineCNN,test
data/processed/test\Agaricus\366_XEI1sAQds7w.jpg,Agaricus,Agaricus,True,0.9955140948295593,0.002857700004824437,BaselineCNN,test
data/processed/test\Agaricus\374_Xap1L15Z8BM.jpg,Agaricus,Entoloma,False,0.9371818900108337,0.004715400005807169,BaselineCNN,test
data/processed/test\Agaricus\384_T_p5cKpLpsc.jpg,Agaricus,Agaricus,True,0.7974218726158142,0.004599899999448098,BaselineCNN,test
data/processed/test\Agaricus\385_iwfhPs4irjk.jpg,Agaricus,Amanita,False,0.8265133500099182,0.0029085999995004386,BaselineCNN,test
data/processed/test\Agaricus\391_N7A0y7CgOA0.jpg,Agaricus,Amanita,False,0.37504708766937256,0.0026526000001467764,BaselineCNN,test
data/processed/test\Agaricus\392_QXsLZMnBIt0.jpg,Agaricus,Lactarius,False,0.45596277713775635,0.004581400004099123,BaselineCNN,test
data/processed/test\Agaricus\411_egeAEeL40Lc.jpg,Agaricus,Cortinarius,False,0.8041541576385498,0.005000899996957742,BaselineCNN,test
data/processed/test\Agaricus\413_4LTr0R0Dk8o.jpg,Agaricus,Cortinarius,False,0.27884641289711,0.0043806000030599535,BaselineCNN,test
data/processed/test\Agaricus\430_IpjdsyrmIzc.jpg,Agaricus,Amanita,False,0.7466749548912048,0.003993599995737895,BaselineCNN,test
data/processed/test\Agaricus\433_XWxLl-zeNQ8.jpg,Agaricus,Amanita,False,0.8848843574523926,0.004096000004210509,BaselineCNN,test
data/processed/test\Agaricus\438_uTWjQsEXep4.jpg,Agaricus,Amanita,False,0.22453413903713226,0.004348999995272607,BaselineCNN,test
data/processed/test\Agaricus\439_w5uD0w5wrXs.jpg,Agaricus,Russula,False,0.46742379665374756,0.004309500000090338,BaselineCNN,test
data/processed/test\Amanita\004_wIVV5id0aOg.jpg,Amanita,Exidia,False,0.35410401225090027,0.004090400005225092,BaselineCNN,test
data/processed/test\Amanita\010_Ji4N7IDyRKY.jpg,Amanita,Amanita,True,0.5974949598312378,0.004842999987886287,BaselineCNN,test
data/processed/test\Amanita\011_DoZoYI2vj20.jpg,Amanita,Russula,False,0.9981589913368225,0.002375600000959821,BaselineCNN,test
data/processed/test\Amanita\026_8kxG9731_4w.jpg,Amanita,Agaricus,False,0.3453688621520996,0.00412920000962913,BaselineCNN,test
data/processed/test\Amanita\027_i47VTXypFTE.jpg,Amanita,Boletus,False,0.9939842820167542,0.0039954000094439834,BaselineCNN,test
data/processed/test\Amanita\038_VKaJLTO8zZU.jpg,Amanita,Lactarius,False,0.5550438761711121,0.002474599998095073,BaselineCNN,test
data/processed/test\Amanita\041_6n9nhA4C6K8.jpg,Amanita,Russula,False,0.6310206055641174,0.0027873999933945015,BaselineCNN,test
data/processed/test\Amanita\042_aqfiTPuiGHo.jpg,Amanita,Boletus,False,0.2676786482334137,0.0027501000004122034,BaselineCNN,test
data/processed/test\Amanita\044_BvKKMmJ6Nfo.jpg,Amanita,Russula,False,0.9498816132545471,0.002466600009938702,BaselineCNN,test
data/processed/test\Amanita\048_3CAOSWVxhe0.jpg,Amanita,Cortinarius,False,0.7894309759140015,0.0024676999892108142,BaselineCNN,test
data/processed/test\Amanita\055_riJalDjBcnI.jpg,Amanita,Boletus,False,0.7451983690261841,0.0026326000079279765,BaselineCNN,test
data/processed/test\Amanita\075_3gL0KWhOrbs.jpg,Amanita,Entoloma,False,0.48189249634742737,0.00246540000080131,BaselineCNN,test
data/processed/test\Amanita\081_C-pQjIw3h7M.jpg,Amanita,Boletus,False,0.45913878083229065,0.0024982000031741336,BaselineCNN,test
data/processed/test\Amanita\083_GAJUFRatKvg.jpg,Amanita,Lactarius,False,0.7803221344947815,0.002449400009936653,BaselineCNN,test
data/processed/test\Amanita\101_m1QUT_IvswY.jpg,Amanita,Amanita,True,0.7534268498420715,0.0023895999911474064,BaselineCNN,test
data/processed/test\Amanita\109_mApfQHzHo0k.jpg,Amanita,Lactarius,False,0.4707196354866028,0.002620100000058301,BaselineCNN,test
data/processed/test\Amanita\112_v5maqRj9Z_w.jpg,Amanita,Lactarius,False,0.4826253652572632,0.0024929000064730644,BaselineCNN,test
data/processed/test\Amanita\113_Ssk7arItOnk.jpg,Amanita,Lactarius,False,0.9661617875099182,0.002384199993684888,BaselineCNN,test
data/processed/test\Amanita\116_V-662GMGI6U.jpg,Amanita,Cortinarius,False,0.43966957926750183,0.002463699987856671,BaselineCNN,test
data/processed/test\Amanita\117_2i4Ly-hB5rY.jpg,Amanita,Amanita,True,0.994208574295044,0.002769600003375672,BaselineCNN,test
data/processed/test\Amanita\121_0mE3kiyOk4k.jpg,Amanita,Boletus,False,0.7657796740531921,0.0025012999976752326,BaselineCNN,test
data/processed/test\Amanita\125_jnNJwiuIHj0.jpg,Amanita,Amanita,True,0.9768375158309937,0.002721400000154972,BaselineCNN,test
data/processed/test\Amanita\138_kCA0Zae2KX0.jpg,Amanita,Amanita,True,0.7257055640220642,0.0024685999960638583,BaselineCNN,test
data/processed/test\Amanita\141_zaaLqAyIHuQ.jpg,Amanita,Lactarius,False,0.3904707729816437,0.0028153000021120533,BaselineCNN,test
data/processed/test\Amanita\143_ZpRWUcr7GhA.jpg,Amanita,Lactarius,False,0.7130836844444275,0.00336619999143295,BaselineCNN,test
data/processed/test\Amanita\145_2JCprUI2Ugw.jpg,Amanita,Russula,False,0.7787801027297974,0.0024782000109553337,BaselineCNN,test
data/processed/test\Amanita\159_majDHo2IG8U.jpg,Amanita,Amanita,True,0.6080313920974731,0.0027938999992329627,BaselineCNN,test
data/processed/test\Amanita\160_2Xs6Ueh19D4.jpg,Amanita,Lactarius,False,0.92774498462677,0.002412299989373423,BaselineCNN,test
data/processed/test\Amanita\166_wCNIOK2FS_U.jpg,Amanita,Agaricus,False,0.656944990158081,0.0027246999961789697,BaselineCNN,test
data/processed/test\Amanita\167_oTHBDUWfBxA.jpg,Amanita,Lactarius,False,0.5679420828819275,0.0028305000014370307,BaselineCNN,test
data/processed/test\Amanita\169_ODaDqR_tlG0.jpg,Amanita,Russula,False,0.9991945624351501,0.0024421999987680465,BaselineCNN,test
data/processed/test\Amanita\171_6GMgYtjBa8k.jpg,Amanita,Amanita,True,0.7345403432846069,0.0028058000025339425,BaselineCNN,test
data/processed/test\Amanita\173_jqvVZF8AWxg.jpg,Amanita,Agaricus,False,0.9815239310264587,0.002754600005573593,BaselineCNN,test
data/processed/test\Amanita\175_wCfYH50cXu8.jpg,Amanita,Russula,False,0.9965081810951233,0.0025005999923450872,BaselineCNN,test
data/processed/test\Amanita\192_uQQGhgvOkTI.jpg,Amanita,Cortinarius,False,0.8739486932754517,0.0027626999944914132,BaselineCNN,test
data/processed/test\Amanita\194__2kBAgeqxZc.jpg,Amanita,Amanita,True,0.9328855872154236,0.0026184000016655773,BaselineCNN,test
data/processed/test\Amanita\208_EvpNOUGmeVI.jpg,Amanita,Lactarius,False,0.9805035591125488,0.002747499995166436,BaselineCNN,test
data/processed/test\Amanita\215_XXWsMnFz1MI.jpg,Amanita,Amanita,True,0.9914513230323792,0.0028506999951787293,BaselineCNN,test
data/processed/test\Amanita\219_d2on0Kw19Ds.jpg,Amanita,Amanita,True,0.5699054598808289,0.0024868000036804006,BaselineCNN,test
data/processed/test\Amanita\226_zzTeEGVX8nY.jpg,Amanita,Russula,False,0.7506557703018188,0.0027960999868810177,BaselineCNN,test
data/processed/test\Amanita\229_AAkARuMGR0c.jpg,Amanita,Amanita,True,0.8332442045211792,0.0028535000019473955,BaselineCNN,test
data/processed/test\Amanita\238_7M5xzSG_g_A.jpg,Amanita,Amanita,True,0.9995560050010681,0.002829300006851554,BaselineCNN,test
data/processed/test\Amanita\239_m__Mvvi_6yk.jpg,Amanita,Amanita,True,0.9933990240097046,0.002820399997290224,BaselineCNN,test
data/processed/test\Amanita\245_hJy0oklu5jA.jpg,Amanita,Entoloma,False,0.6852155327796936,0.002755299996351823,BaselineCNN,test
data/processed/test\Amanita\254_Lyi3XcTltRs.jpg,Amanita,Russula,False,0.6531599164009094,0.0028157000051578507,BaselineCNN,test
data/processed/test\Amanita\262_lkxMPar_qU4.jpg,Amanita,Lactarius,False,0.298726350069046,0.0024695000029169023,BaselineCNN,test
data/processed/test\Amanita\266_1lFPzGUJdrw.jpg,Amanita,Cortinarius,False,0.4870031177997589,0.0027913999947486445,BaselineCNN,test
data/processed/test\Amanita\267_Jv9rb_uZxxM.jpg,Amanita,Amanita,True,0.9133157730102539,0.002452500004437752,BaselineCNN,test
data/processed/test\Amanita\269_y7diE9hqyqg.jpg,Amanita,Cortinarius,False,0.9834842085838318,0.002586000002338551,BaselineCNN,test
data/processed/test\Amanita\280_kmvGIrteUEU.jpg,Amanita,Amanita,True,0.9698216319084167,0.0025523000076645985,BaselineCNN,test
data/processed/test\Amanita\283_A61Fv-WuOIQ.jpg,Amanita,Entoloma,False,0.8881776928901672,0.0026132999919354916,BaselineCNN,test
data/processed/test\Amanita\284_hjYnEPCzZWs.jpg,Amanita,Boletus,False,0.9288029074668884,0.00248979999742005,BaselineCNN,test
data/processed/test\Amanita\286_akbOrg8qrWc.jpg,Amanita,Amanita,True,0.9330118894577026,0.0024947999918367714,BaselineCNN,test
data/processed/test\Amanita\291_8IJ4_ANpJLg.jpg,Amanita,Boletus,False,0.506615936756134,0.0027944999892497435,BaselineCNN,test
data/processed/test\Amanita\296_sKFU2MHCmQI.jpg,Amanita,Boletus,False,0.9869965314865112,0.0025107000110438094,BaselineCNN,test
data/processed/test\Amanita\301_arWVKBAl1xg.jpg,Amanita,Lactarius,False,0.5257143378257751,0.0024372999905608594,BaselineCNN,test
data/processed/test\Amanita\304_fF9sgw_cuPo.jpg,Amanita,Lactarius,False,0.8596125245094299,0.0027734999894164503,BaselineCNN,test
data/processed/test\Amanita\319_VSiBPtwZDwM.jpg,Amanita,Russula,False,0.5001433491706848,0.0027145000058226287,BaselineCNN,test
data/processed/test\Amanita\323_sgZnWNFTFFc.jpg,Amanita,Boletus,False,0.9962245225906372,0.00240979999944102,BaselineCNN,test
data/processed/test\Amanita\326_q3-8lXVmcVM.jpg,Amanita,Boletus,False,0.9632146954536438,0.0028080999909434468,BaselineCNN,test
data/processed/test\Amanita\329_jpdnrnOYvm8.jpg,Amanita,Boletus,False,0.7343280911445618,0.0023877999919932336,BaselineCNN,test
data/processed/test\Amanita\354_HFiOZg6IOL8.jpg,Amanita,Russula,False,0.9331302642822266,0.002461700001731515,BaselineCNN,test
data/processed/test\Amanita\355_e0Y8jDjEmzs.jpg,Amanita,Cortinarius,False,0.9476476311683655,0.0024941000010585412,BaselineCNN,test
data/processed/test\Amanita\366_zzsJUWaNdxg.jpg,Amanita,Amanita,True,0.9540596008300781,0.0024680999922566116,BaselineCNN,test
data/processed/test\Amanita\372_5SYWecQTaKc.jpg,Amanita,Russula,False,0.9849900007247925,0.002448800005367957,BaselineCNN,test
data/processed/test\Amanita\373_YmenYH0HVC0.jpg,Amanita,Entoloma,False,0.45018690824508667,0.0024683000083314255,BaselineCNN,test
data/processed/test\Amanita\377_qiZKoEIbfFk.jpg,Amanita,Suillus,False,0.47558996081352234,0.0024840999976731837,BaselineCNN,test
data/processed/test\Amanita\381_t_eyYyXYB1k.jpg,Amanita,Cortinarius,False,0.7894331216812134,0.0028298999968683347,BaselineCNN,test
data/processed/test\Amanita\389_1fQDmvX1jb8.jpg,Amanita,Amanita,True,0.8736093044281006,0.0024643999931868166,BaselineCNN,test
data/processed/test\Amanita\395_tL3vBGNvjeI.jpg,Amanita,Amanita,True,0.5817927718162537,0.0026243000029353425,BaselineCNN,test
data/processed/test\Amanita\408_Jn439YAL3hs.jpg,Amanita,Amanita,True,0.9371282458305359,0.002793699997710064,BaselineCNN,test
data/processed/test\Amanita\433_mzRZXazhvVU.jpg,Amanita,Amanita,True,0.4116672873497009,0.0024590999964857474,BaselineCNN,test
data/processed/test\Amanita\438_gh-zSGziyQ4.jpg,Amanita,Russula,False,0.5302554965019226,0.002766300007351674,BaselineCNN,test
data/processed/test\Amanita\439_fP_ozmLLhb8.jpg,Amanita,Agaricus,False,0.9605036973953247,0.002798300003632903,BaselineCNN,test
data/processed/test\Amanita\451_V0quFnk9NFA.jpg,Amanita,Russula,False,0.914881706237793,0.002445699996314943,BaselineCNN,test
data/processed/test\Amanita\455_noEYaXjdZno.jpg,Amanita,Amanita,True,0.6171064376831055,0.0025944999943021685,BaselineCNN,test
data/processed/test\Amanita\458_5BlPufQsqww.jpg,Amanita,Russula,False,0.46444645524024963,0.002788199999486096,BaselineCNN,test
data/processed/test\Amanita\466_wUxyOxsT5Xc.jpg,Amanita,Amanita,True,0.9770287871360779,0.002510300007998012,BaselineCNN,test
data/processed/test\Amanita\470_Qn8LOp2zdbk.jpg,Amanita,Amanita,True,0.6112909317016602,0.002504200005205348,BaselineCNN,test
data/processed/test\Amanita\488_c9nCQvJtUrI.jpg,Amanita,Boletus,False,0.931387722492218,0.002594000005046837,BaselineCNN,test
data/processed/test\Amanita\490_GiCnvGBmknM.jpg,Amanita,Lactarius,False,0.9207920432090759,0.002512500010197982,BaselineCNN,test
data/processed/test\Amanita\500_goYWhHd_SfA.jpg,Amanita,Agaricus,False,0.9432451128959656,0.002439600008074194,BaselineCNN,test
data/processed/test\Amanita\520_7tXL64TQTpg.jpg,Amanita,Amanita,True,0.9950908422470093,0.0024667000107001513,BaselineCNN,test
data/processed/test\Amanita\537_5FMMhBffQ9Y.jpg,Amanita,Boletus,False,0.5784882307052612,0.002448899991577491,BaselineCNN,test
data/processed/test\Amanita\538_EwaPkcP6eTM.jpg,Amanita,Amanita,True,0.9985733032226562,0.002437700008158572,BaselineCNN,test
data/processed/test\Amanita\561_E5bsDlNUJ-Y.jpg,Amanita,Boletus,False,0.9997561573982239,0.0028808999923057854,BaselineCNN,test
data/processed/test\Amanita\571_l1hoa0Kgm0U.jpg,Amanita,Amanita,True,0.6028690934181213,0.0024390999897150323,BaselineCNN,test
data/processed/test\Amanita\577_XqZEGat0kl8.jpg,Amanita,Russula,False,0.7724276185035706,0.0027981000021100044,BaselineCNN,test
data/processed/test\Amanita\579_PS9igVuOoHE.jpg,Amanita,Amanita,True,0.847057580947876,0.002820499998051673,BaselineCNN,test
data/processed/test\Amanita\586_kLoafsSiyT8.jpg,Amanita,Amanita,True,0.9431450963020325,0.0024972999963210896,BaselineCNN,test
data/processed/test\Amanita\587_4e3oJGC88kg.jpg,Amanita,Amanita,True,0.9965369701385498,0.002732199995080009,BaselineCNN,test
data/processed/test\Amanita\588_bh0TgHuuQ-g.jpg,Amanita,Agaricus,False,0.5405371785163879,0.0025708000030135736,BaselineCNN,test
data/processed/test\Amanita\589_AnaL5Wx-reY.jpg,Amanita,Agaricus,False,0.993727445602417,0.0028357999981381,BaselineCNN,test
data/processed/test\Amanita\596_TzXaLH4_GW0.jpg,Amanita,Agaricus,False,0.5528920888900757,0.002471899992087856,BaselineCNN,test
data/processed/test\Amanita\597_t_LN8-XruiI.jpg,Amanita,Lactarius,False,0.951254665851593,0.00258390000090003,BaselineCNN,test
data/processed/test\Amanita\600_jgKLD8sC_v4.jpg,Amanita,Lactarius,False,0.7902697920799255,0.0031885999924270436,BaselineCNN,test
data/processed/test\Amanita\620_JDQSDCTyXyg.jpg,Amanita,Amanita,True,0.9992885589599609,0.0027908000047318637,BaselineCNN,test
data/processed/test\Amanita\646_zBDcRvL_RyM.jpg,Amanita,Entoloma,False,0.7086121439933777,0.002856699997209944,BaselineCNN,test
data/processed/test\Amanita\654_vhjqe9X5eec.jpg,Amanita,Russula,False,0.366574764251709,0.002513100000214763,BaselineCNN,test
data/processed/test\Amanita\664_AXOuF6j3tyo.jpg,Amanita,Lactarius,False,0.5689398050308228,0.0028763000009348616,BaselineCNN,test
data/processed/test\Amanita\665_PrGfCOsVu8Y.jpg,Amanita,Lactarius,False,0.27616897225379944,0.002855499988072552,BaselineCNN,test
data/processed/test\Amanita\679_cIMzCCYdG38.jpg,Amanita,Exidia,False,0.6888678073883057,0.002508199992007576,BaselineCNN,test
data/processed/test\Amanita\682_B3EZBbmcFBE.jpg,Amanita,Agaricus,False,0.7150852084159851,0.002601400003186427,BaselineCNN,test
data/processed/test\Amanita\702_sR0HQkA_gkA.jpg,Amanita,Lactarius,False,0.9749797582626343,0.0024892000074032694,BaselineCNN,test
data/processed/test\Amanita\713_znBkCzCEi-g.jpg,Amanita,Cortinarius,False,0.6844210624694824,0.002592200005892664,BaselineCNN,test
data/processed/test\Amanita\717_vlDmzuYG5og.jpg,Amanita,Inocybe,False,0.8124833703041077,0.0028411000093910843,BaselineCNN,test
data/processed/test\Amanita\739_t_b-1IKUbgE.jpg,Amanita,Boletus,False,0.7524825930595398,0.0029467999993357807,BaselineCNN,test
data/processed/test\Amanita\742_j3CNLlK7ISo.jpg,Amanita,Amanita,True,0.9862289428710938,0.0029366000089794397,BaselineCNN,test
data/processed/test\Amanita\746_Dh_6IpygI6I.jpg,Amanita,Cortinarius,False,0.5948036909103394,0.0035767000081250444,BaselineCNN,test
data/processed/test\Amanita\754_rDpMYIR-sFE.jpg,Amanita,Lactarius,False,0.9648283123970032,0.0025160999939544126,BaselineCNN,test
data/processed/test\Amanita\756_w-xhasvBIT0.jpg,Amanita,Amanita,True,0.5801919102668762,0.002946599997812882,BaselineCNN,test
data/processed/test\Amanita\773_3H-0yRwiu6Y.jpg,Amanita,Russula,False,0.9950886368751526,0.005117299995617941,BaselineCNN,test
data/processed/test\Amanita\787_V5x9WHxsoqE.jpg,Amanita,Lactarius,False,0.7458954453468323,0.004658500009099953,BaselineCNN,test
data/processed/test\Boletus\0009_2hEUS66s6Gw.jpg,Boletus,Boletus,True,0.9999991655349731,0.0027492000081110746,BaselineCNN,test
data/processed/test\Boletus\0010_7M6YHrGZ3aM.jpg,Boletus,Cortinarius,False,0.5026692152023315,0.0027316999912727624,BaselineCNN,test
data/processed/test\Boletus\0023_JAAEdifq1MY.jpg,Boletus,Cortinarius,False,0.7166539430618286,0.0024852000060491264,BaselineCNN,test
data/processed/test\Boletus\0032_Sl_iMoAAJyU.jpg,Boletus,Boletus,True,0.9962204098701477,0.0025024999922607094,BaselineCNN,test
data/processed/test\Boletus\0048_wGU2ETPlfqY.jpg,Boletus,Boletus,True,0.9999964237213135,0.002504400006728247,BaselineCNN,test
data/processed/test\Boletus\0051_rBIC-Uy9KzI.jpg,Boletus,Russula,False,0.6395924687385559,0.0024757999926805496,BaselineCNN,test
data/processed/test\Boletus\0058_djB8UbX-XaU.jpg,Boletus,Amanita,False,0.830359160900116,0.0028516000020317733,BaselineCNN,test
data/processed/test\Boletus\0060_ph1tt9Qik4Q.jpg,Boletus,Amanita,False,0.5681636333465576,0.0024683999945409596,BaselineCNN,test
data/processed/test\Boletus\0074_-d_w6u6G7wA.jpg,Boletus,Boletus,True,0.5967716574668884,0.0028426999924704432,BaselineCNN,test
data/processed/test\Boletus\0076_yMZR41Idcn0.jpg,Boletus,Boletus,True,0.9426529407501221,0.0025104999949689955,BaselineCNN,test
data/processed/test\Boletus\0081_Jy-UUrFwLMA.jpg,Boletus,Boletus,True,0.8631898164749146,0.0025261999981012195,BaselineCNN,test
data/processed/test\Boletus\0090_PCyZBE7zH28.jpg,Boletus,Lactarius,False,0.6651321649551392,0.0025091999996220693,BaselineCNN,test
data/processed/test\Boletus\0100_Um24DDdxtxY.jpg,Boletus,Boletus,True,0.8229721784591675,0.0024677000037627295,BaselineCNN,test
data/processed/test\Boletus\0110_A_F3PAXmwBw.jpg,Boletus,Lactarius,False,0.6649177074432373,0.0037002000026404858,BaselineCNN,test
data/processed/test\Boletus\0142_osp5FSuBFx4.jpg,Boletus,Boletus,True,0.9909782409667969,0.004348699992988259,BaselineCNN,test
data/processed/test\Boletus\0148_GWuEw2WeFCY.jpg,Boletus,Boletus,True,0.8223098516464233,0.0024800000101095065,BaselineCNN,test
data/processed/test\Boletus\0151_8qA6XqDaO10.jpg,Boletus,Lactarius,False,0.7439043521881104,0.0028285000007599592,BaselineCNN,test
data/processed/test\Boletus\0155_cfBPq0uvW7U.jpg,Boletus,Russula,False,0.43586888909339905,0.0027307999989716336,BaselineCNN,test
data/processed/test\Boletus\0163_288vPbTy0u0.jpg,Boletus,Inocybe,False,0.384846031665802,0.0024985999916680157,BaselineCNN,test
data/processed/test\Boletus\0166_JjEOuNKkeSM.jpg,Boletus,Boletus,True,0.9937830567359924,0.00243130000308156,BaselineCNN,test
data/processed/test\Boletus\0176_J7Pq7LRCag0.jpg,Boletus,Boletus,True,0.9892269372940063,0.0024874999944586307,BaselineCNN,test
data/processed/test\Boletus\0181_WPxAHfkr5nY.jpg,Boletus,Boletus,True,0.9965866804122925,0.0023922999971546233,BaselineCNN,test
data/processed/test\Boletus\0186_8hd4Jt8Z_XU.jpg,Boletus,Cortinarius,False,0.8626212477684021,0.0024990999954752624,BaselineCNN,test
data/processed/test\Boletus\0187__pRX2ASfyHE.jpg,Boletus,Boletus,True,0.9813195466995239,0.002813400002196431,BaselineCNN,test
data/processed/test\Boletus\0196_uqGMdVItBRg.jpg,Boletus,Boletus,True,0.9999995231628418,0.002462000004015863,BaselineCNN,test
data/processed/test\Boletus\0203_9fok2txolHA.jpg,Boletus,Cortinarius,False,0.5169364809989929,0.0024871999921742827,BaselineCNN,test
data/processed/test\Boletus\0205_qoM5hQot18c.jpg,Boletus,Boletus,True,0.7096895575523376,0.002452200002153404,BaselineCNN,test
data/processed/test\Boletus\0206_TyUG66hONcc.jpg,Boletus,Boletus,True,0.4726296365261078,0.0027673000004142523,BaselineCNN,test
data/processed/test\Boletus\0207_oXbD8i2vkVg.jpg,Boletus,Lactarius,False,0.8608748316764832,0.0028058999887434766,BaselineCNN,test
data/processed/test\Boletus\0227_j49x_C5p-CU.jpg,Boletus,Boletus,True,0.997197151184082,0.002464200006215833,BaselineCNN,test
data/processed/test\Boletus\0238_qz-FM7SB6M0.jpg,Boletus,Boletus,True,0.999958872795105,0.0027923000016016886,BaselineCNN,test
data/processed/test\Boletus\0240_VJBB4bFGy00.jpg,Boletus,Boletus,True,0.9996906518936157,0.0024930000072345138,BaselineCNN,test
data/processed/test\Boletus\0245_M167aLbLgs8.jpg,Boletus,Boletus,True,0.9993273019790649,0.0024160999892046675,BaselineCNN,test
data/processed/test\Boletus\0249_50wVqwSNvhw.jpg,Boletus,Boletus,True,0.9973160624504089,0.00244909999310039,BaselineCNN,test
data/processed/test\Boletus\0253_g1jTDCR3Zu4.jpg,Boletus,Boletus,True,0.7948386073112488,0.0028077000024495646,BaselineCNN,test
data/processed/test\Boletus\0259_RjpNYKf3Zag.jpg,Boletus,Amanita,False,0.8311032652854919,0.002822900001774542,BaselineCNN,test
data/processed/test\Boletus\0261_Dag-SrdgNL4.jpg,Boletus,Boletus,True,0.9996784925460815,0.0026658999995561317,BaselineCNN,test
data/processed/test\Boletus\0263_nUgkvTMYYa4.jpg,Boletus,Boletus,True,0.9953938722610474,0.0024455000093439594,BaselineCNN,test
data/processed/test\Boletus\0264_47xi69ImS58.jpg,Boletus,Boletus,True,0.999931812286377,0.002502699993783608,BaselineCNN,test
data/processed/test\Boletus\0285_5r1D03ayo_A.jpg,Boletus,Boletus,True,0.9995262622833252,0.0025541000068187714,BaselineCNN,test
data/processed/test\Boletus\0297_Q4fwdJ_9PxA.jpg,Boletus,Boletus,True,0.9999991655349731,0.0024988999939523637,BaselineCNN,test
data/processed/test\Boletus\0298_01Q7PUhybdQ.jpg,Boletus,Boletus,True,0.827454149723053,0.0027464000013424084,BaselineCNN,test
data/processed/test\Boletus\0299_Ue9AxhqQqyc.jpg,Boletus,Boletus,True,0.9999387264251709,0.0027938000130234286,BaselineCNN,test
data/processed/test\Boletus\0304_7bLIdSVgaIM.jpg,Boletus,Boletus,True,0.9999738931655884,0.002504800009774044,BaselineCNN,test
data/processed/test\Boletus\0306_64D0ZnNktPM.jpg,Boletus,Boletus,True,0.9997863173484802,0.0024956000124802813,BaselineCNN,test
data/processed/test\Boletus\0310__tra6Lo5W9Q.jpg,Boletus,Boletus,True,0.9995030164718628,0.002715199996600859,BaselineCNN,test
data/processed/test\Boletus\0313_UMgAL-_294g.jpg,Boletus,Boletus,True,0.8628574013710022,0.0024554999981774017,BaselineCNN,test
data/processed/test\Boletus\0315_TZK9JOYNO7Q.jpg,Boletus,Boletus,True,0.9792361855506897,0.0024927999911597,BaselineCNN,test
data/processed/test\Boletus\0320_Fj4PirBfkK0.jpg,Boletus,Boletus,True,0.9999107122421265,0.0028123000083724037,BaselineCNN,test
data/processed/test\Boletus\0336__FEoILXRJaU.jpg,Boletus,Cortinarius,False,0.8361498117446899,0.0024481000000378117,BaselineCNN,test
data/processed/test\Boletus\0344_3nzDfs3jlQQ.jpg,Boletus,Boletus,True,0.9996203184127808,0.002466399993863888,BaselineCNN,test
data/processed/test\Boletus\0358_MmNt3oIzcU8.jpg,Boletus,Boletus,True,0.9956973791122437,0.0023609000054420903,BaselineCNN,test
data/processed/test\Boletus\0365_w3QgqqeP-C8.jpg,Boletus,Boletus,True,0.9934241771697998,0.002392199996393174,BaselineCNN,test
data/processed/test\Boletus\0372_EVEx-OOzR1U.jpg,Boletus,Boletus,True,0.9469037652015686,0.002498600006219931,BaselineCNN,test
data/processed/test\Boletus\0388_M54uL5T9TkM.jpg,Boletus,Boletus,True,0.7040225863456726,0.0024282999947899953,BaselineCNN,test
data/processed/test\Boletus\0391_s9Ag92abtK8.jpg,Boletus,Cortinarius,False,0.4539768099784851,0.0025947000103769824,BaselineCNN,test
data/processed/test\Boletus\0395_jZFg843mP4g.jpg,Boletus,Boletus,True,0.7231346964836121,0.0025347000046167523,BaselineCNN,test
data/processed/test\Boletus\0396_SY7PYfYNq88.jpg,Boletus,Boletus,True,0.9981372356414795,0.002582999994046986,BaselineCNN,test
data/processed/test\Boletus\0398_5b-zJ94MXQk.jpg,Boletus,Boletus,True,0.9999758005142212,0.0024470000062137842,BaselineCNN,test
data/processed/test\Boletus\0410_jhaHnXdb-IM.jpg,Boletus,Boletus,True,0.8779901266098022,0.0028553999873111024,BaselineCNN,test
data/processed/test\Boletus\0426_LWjQTfRMiXo.jpg,Boletus,Boletus,True,0.9946604371070862,0.0024504000029992312,BaselineCNN,test
data/processed/test\Boletus\0439_O6QzBvZavTM.jpg,Boletus,Lactarius,False,0.5636714696884155,0.002852499994332902,BaselineCNN,test
data/processed/test\Boletus\0446_xHS1WNA5GOs.jpg,Boletus,Inocybe,False,0.9524414539337158,0.0026050000014947727,BaselineCNN,test
data/processed/test\Boletus\0457_lZNPtp0I8xY.jpg,Boletus,Boletus,True,0.8774417638778687,0.0024553999974159524,BaselineCNN,test
data/processed/test\Boletus\0471_lxzgCXnZUlM.jpg,Boletus,Boletus,True,0.48479318618774414,0.0027966000052401796,BaselineCNN,test
data/processed/test\Boletus\0473_x9mm3RQN3OQ.jpg,Boletus,Boletus,True,0.9992228746414185,0.002465700003085658,BaselineCNN,test
data/processed/test\Boletus\0476_qTLS2LtmH20.jpg,Boletus,Cortinarius,False,0.4629714787006378,0.0025966999965021387,BaselineCNN,test
data/processed/test\Boletus\0478_IqIYZ5z8ZaA.jpg,Boletus,Lactarius,False,0.913040280342102,0.0025314999948022887,BaselineCNN,test
data/processed/test\Boletus\0482_bwKqTN52ZY0.jpg,Boletus,Russula,False,0.9878716468811035,0.002589700001408346,BaselineCNN,test
data/processed/test\Boletus\0485_2M-1Jj2XXfU.jpg,Boletus,Boletus,True,0.9997467398643494,0.0024542000028304756,BaselineCNN,test
data/processed/test\Boletus\0487_V0mcOZZWsYc.jpg,Boletus,Boletus,True,0.9992213249206543,0.0030963000026531518,BaselineCNN,test
data/processed/test\Boletus\0496_oW-MXvWIdeg.jpg,Boletus,Boletus,True,0.9922972321510315,0.002978899996378459,BaselineCNN,test
data/processed/test\Boletus\0501_RcynfiUwksM.jpg,Boletus,Boletus,True,0.9073595404624939,0.0025135000032605603,BaselineCNN,test
data/processed/test\Boletus\0515_fH8FRrp-Rc4.jpg,Boletus,Boletus,True,0.9990346431732178,0.002535599996917881,BaselineCNN,test
data/processed/test\Boletus\0516_jSgZvx-y_IA.jpg,Boletus,Boletus,True,0.9999983310699463,0.004388299988931976,BaselineCNN,test
data/processed/test\Boletus\0551_xiALBJABq4k.jpg,Boletus,Boletus,True,0.9928513765335083,0.0029504999984055758,BaselineCNN,test
data/processed/test\Boletus\0552_Sm0FWjXpCUA.jpg,Boletus,Boletus,True,0.6815872192382812,0.0025273999926866964,BaselineCNN,test
data/processed/test\Boletus\0569_DpPGoGLCmxw.jpg,Boletus,Russula,False,0.984002411365509,0.0024919999996200204,BaselineCNN,test
data/processed/test\Boletus\0590_U1iXqaOG__4.jpg,Boletus,Boletus,True,0.9994282126426697,0.0028655999922193587,BaselineCNN,test
data/processed/test\Boletus\0596_1eBgViXIxTo.jpg,Boletus,Boletus,True,0.9997498393058777,0.002568199997767806,BaselineCNN,test
data/processed/test\Boletus\0599_KA0H3vejy08.jpg,Boletus,Boletus,True,0.9999866485595703,0.0025169000000460073,BaselineCNN,test
data/processed/test\Boletus\0608_iR5VKlchysc.jpg,Boletus,Boletus,True,0.9999935626983643,0.002846300005330704,BaselineCNN,test
data/processed/test\Boletus\0612_8lQr8TbwImc.jpg,Boletus,Boletus,True,0.9238775968551636,0.0025258999958168715,BaselineCNN,test
data/processed/test\Boletus\0624_RmlDHXvJUeU.jpg,Boletus,Boletus,True,0.953024685382843,0.002591199998278171,BaselineCNN,test
data/processed/test\Boletus\0631_PJXNFQZc7n8.jpg,Boletus,Boletus,True,0.9696966409683228,0.002567299990914762,BaselineCNN,test
data/processed/test\Boletus\0632_Rc_3hYDbYqU.jpg,Boletus,Boletus,True,0.42349642515182495,0.002812799997627735,BaselineCNN,test
data/processed/test\Boletus\0635_-J_6XTsYZMA.jpg,Boletus,Boletus,True,0.9757758975028992,0.002467899990733713,BaselineCNN,test
data/processed/test\Boletus\0645_l3ki0s-WOCU.jpg,Boletus,Cortinarius,False,0.3789920210838318,0.002808999997796491,BaselineCNN,test
data/processed/test\Boletus\0646_X-9LZJb_Mm8.jpg,Boletus,Lactarius,False,0.6751296520233154,0.0029648000054294243,BaselineCNN,test
data/processed/test\Boletus\0654_S0ZETeWMBPU.jpg,Boletus,Cortinarius,False,0.9992478489875793,0.0026652999949874356,BaselineCNN,test
data/processed/test\Boletus\0659_r1c48yLOmjA.jpg,Boletus,Boletus,True,0.49172332882881165,0.0026402000075904652,BaselineCNN,test
data/processed/test\Boletus\0662_zLAxc0c9R_M.jpg,Boletus,Boletus,True,0.9826573729515076,0.0028999999922234565,BaselineCNN,test
data/processed/test\Boletus\0664_aAvZIRDPNUI.jpg,Boletus,Boletus,True,0.969108521938324,0.0025868000084301457,BaselineCNN,test
data/processed/test\Boletus\0665_oAzt25TNZeQ.jpg,Boletus,Exidia,False,0.9984387755393982,0.002596799997263588,BaselineCNN,test
data/processed/test\Boletus\0670_K_TCbzxFUGM.jpg,Boletus,Boletus,True,0.9833236336708069,0.0024653000000398606,BaselineCNN,test
data/processed/test\Boletus\0684_vMnFJrCY0pg.jpg,Boletus,Lactarius,False,0.3013569116592407,0.002518299996154383,BaselineCNN,test
data/processed/test\Boletus\0686_HDMT9DDObck.jpg,Boletus,Lactarius,False,0.9301304817199707,0.0025221999967470765,BaselineCNN,test
data/processed/test\Boletus\0687_OAh8DHQ9Ejw.jpg,Boletus,Boletus,True,0.9999947547912598,0.0025082999927690253,BaselineCNN,test
data/processed/test\Boletus\0691_aeOqhuNhZUo.jpg,Boletus,Boletus,True,0.9996163845062256,0.002501099996152334,BaselineCNN,test
data/processed/test\Boletus\0694_ZGhTNFYpRF0.jpg,Boletus,Boletus,True,0.9974556565284729,0.0025674999924376607,BaselineCNN,test
data/processed/test\Boletus\0705_zAx-31wgOX8.jpg,Boletus,Suillus,False,0.2792849540710449,0.0026030000008177012,BaselineCNN,test
data/processed/test\Boletus\0706_O2coJ1bHNyI.jpg,Boletus,Cortinarius,False,0.6067780256271362,0.0029189999913796782,BaselineCNN,test
data/processed/test\Boletus\0710_3W2LVW3vahA.jpg,Boletus,Boletus,True,0.9999881982803345,0.0027442999999038875,BaselineCNN,test
data/processed/test\Boletus\0711_BeW-0Vt9hao.jpg,Boletus,Lactarius,False,0.4552197754383087,0.002732699998887256,BaselineCNN,test
data/processed/test\Boletus\0712_KcW299HdxJQ.jpg,Boletus,Cortinarius,False,0.9704201817512512,0.0027030000055674464,BaselineCNN,test
data/processed/test\Boletus\0715_bpAousgaNak.jpg,Boletus,Cortinarius,False,0.8551790118217468,0.002608800001326017,BaselineCNN,test
data/processed/test\Boletus\0720_5nsuj2jRfF0.jpg,Boletus,Boletus,True,0.9830118417739868,0.0026843999949051067,BaselineCNN,test
data/processed/test\Boletus\0731_6DJ6_aa-bZg.jpg,Boletus,Lactarius,False,0.282882958650589,0.002555900005972944,BaselineCNN,test
data/processed/test\Boletus\0754_zPtZnfibMT4.jpg,Boletus,Cortinarius,False,0.9644619226455688,0.0028212999895913526,BaselineCNN,test
data/processed/test\Boletus\0778_UbEygYYDhi4.jpg,Boletus,Inocybe,False,0.7286453247070312,0.0025267000019084662,BaselineCNN,test
data/processed/test\Boletus\0779_x10CHNm1XGs.jpg,Boletus,Boletus,True,0.9351824522018433,0.0029403000080492347,BaselineCNN,test
data/processed/test\Boletus\0789_HeUlbr2dIsk.jpg,Boletus,Boletus,True,0.995566189289093,0.0025299000117229298,BaselineCNN,test
data/processed/test\Boletus\0790_pju1fCrxSyw.jpg,Boletus,Cortinarius,False,0.6320168375968933,0.0024919999996200204,BaselineCNN,test
data/processed/test\Boletus\0795_O2Z0CQUcDhg.jpg,Boletus,Lactarius,False,0.8802790641784668,0.0028345000027911738,BaselineCNN,test
data/processed/test\Boletus\0797_6dpBNM8twyA.jpg,Boletus,Cortinarius,False,0.6472803950309753,0.0025390999944647774,BaselineCNN,test
data/processed/test\Boletus\0801_ulyFq_UWWzM.jpg,Boletus,Hygrocybe,False,0.3800734281539917,0.0028418000001693144,BaselineCNN,test
data/processed/test\Boletus\0802_MWtsI0EKttw.jpg,Boletus,Boletus,True,0.9995999932289124,0.0025957000034395605,BaselineCNN,test
data/processed/test\Boletus\0807_Iqw2hN_b0s8.jpg,Boletus,Boletus,True,0.9945530891418457,0.002947200002381578,BaselineCNN,test
data/processed/test\Boletus\0811_7t2BE3xOyek.jpg,Boletus,Cortinarius,False,0.49841922521591187,0.002576200000476092,BaselineCNN,test
data/processed/test\Boletus\0813_mXb_8YjMI_8.jpg,Boletus,Boletus,True,0.9935261011123657,0.002571599994553253,BaselineCNN,test
data/processed/test\Boletus\0829_dHV6v4tZvMk.jpg,Boletus,Boletus,True,0.9999088048934937,0.004599499996402301,BaselineCNN,test
data/processed/test\Boletus\0832_XCzDV_JY6_M.jpg,Boletus,Boletus,True,0.9999998807907104,0.002817100001266226,BaselineCNN,test
data/processed/test\Boletus\0833_lwqKJywKCCc.jpg,Boletus,Boletus,True,0.9999948740005493,0.0026559999969322234,BaselineCNN,test
data/processed/test\Boletus\0836_FkYdaUI06h0.jpg,Boletus,Cortinarius,False,0.5287901759147644,0.0026053000037791207,BaselineCNN,test
data/processed/test\Boletus\0839__L3OdEzm-GA.jpg,Boletus,Boletus,True,0.999996542930603,0.0025919999898178503,BaselineCNN,test
data/processed/test\Boletus\0841_7XAXHIAG0d8.jpg,Boletus,Lactarius,False,0.5487090945243835,0.002573999998276122,BaselineCNN,test
data/processed/test\Boletus\0857_lvu1iJAnbvg.jpg,Boletus,Boletus,True,0.9921606183052063,0.002531599995563738,BaselineCNN,test
data/processed/test\Boletus\0859_z4K-tiR_PP0.jpg,Boletus,Boletus,True,0.4886006712913513,0.002775500004645437,BaselineCNN,test
data/processed/test\Boletus\0867_ExxTC0iGbxI.jpg,Boletus,Hygrocybe,False,0.9927545189857483,0.0026097999943885952,BaselineCNN,test
data/processed/test\Boletus\0870_BxgSujm7-C8.jpg,Boletus,Lactarius,False,0.9218522906303406,0.002598899998702109,BaselineCNN,test
data/processed/test\Boletus\0876_Sizxg8ymXLI.jpg,Boletus,Lactarius,False,0.6921759843826294,0.002899200000683777,BaselineCNN,test
data/processed/test\Boletus\0883_LcmFTebwKmA.jpg,Boletus,Boletus,True,0.7040306329727173,0.002549099997850135,BaselineCNN,test
data/processed/test\Boletus\0891_9qHx98xefUQ.jpg,Boletus,Boletus,True,0.9999954700469971,0.0026264999905833974,BaselineCNN,test
data/processed/test\Boletus\0904_qppYGFqfqYg.jpg,Boletus,Boletus,True,0.5862525701522827,0.0029341999907046556,BaselineCNN,test
data/processed/test\Boletus\0907_JUjr6H_B0Xo.jpg,Boletus,Boletus,True,0.9132422804832458,0.002569999996921979,BaselineCNN,test
data/processed/test\Boletus\0910_gk8EFVec-aU.jpg,Boletus,Boletus,True,0.9991737008094788,0.002513400002499111,BaselineCNN,test
data/processed/test\Boletus\0920_Mj9Gr-R_eJg.jpg,Boletus,Boletus,True,0.9999899864196777,0.0027839999966090545,BaselineCNN,test
data/processed/test\Boletus\0927_GeTz3gpfOCA.jpg,Boletus,Boletus,True,0.9577173590660095,0.0026916999922832474,BaselineCNN,test
data/processed/test\Boletus\0939_Uu9bT1-H4ZE.jpg,Boletus,Lactarius,False,0.9441669583320618,0.0028832999960286543,BaselineCNN,test
data/processed/test\Boletus\0941_CD55o3j2ACk.jpg,Boletus,Russula,False,0.9595804214477539,0.0028060999902663752,BaselineCNN,test
data/processed/test\Boletus\0943_7_qx73pcT5M.jpg,Boletus,Boletus,True,0.9991674423217773,0.002949999994598329,BaselineCNN,test
data/processed/test\Boletus\0944_uchnyCbCU8o.jpg,Boletus,Amanita,False,0.6739972233772278,0.002501099996152334,BaselineCNN,test
data/processed/test\Boletus\0951_12IsIr7KDL0.jpg,Boletus,Boletus,True,0.9999995231628418,0.002962300000945106,BaselineCNN,test
data/processed/test\Boletus\0953_JtmTQxMa4yM.jpg,Boletus,Russula,False,0.6612639427185059,0.002943499988759868,BaselineCNN,test
data/processed/test\Boletus\0954_UdQ21bvT_YM.jpg,Boletus,Boletus,True,0.612122654914856,0.002629000009619631,BaselineCNN,test
data/processed/test\Boletus\0974_ZIsylb_w8NE.jpg,Boletus,Boletus,True,0.5978608727455139,0.0026257999998051673,BaselineCNN,test
data/processed/test\Boletus\0981_Q5GmJS_vei8.jpg,Boletus,Boletus,True,0.9995819926261902,0.002595600002678111,BaselineCNN,test
data/processed/test\Boletus\0987_JvKLOKW8WFA.jpg,Boletus,Boletus,True,0.9996167421340942,0.0029230999934952706,BaselineCNN,test
data/processed/test\Boletus\0988_R0RNuJ8IqBI.jpg,Boletus,Cortinarius,False,0.41863444447517395,0.002593000011984259,BaselineCNN,test
data/processed/test\Boletus\1021_SyO8BpGSVjw.jpg,Boletus,Lactarius,False,0.4401021897792816,0.002646599998115562,BaselineCNN,test
data/processed/test\Boletus\1032_tYL581WPzXU.jpg,Boletus,Boletus,True,0.9994673132896423,0.002951500006020069,BaselineCNN,test
data/processed/test\Boletus\1036_4kWl9z7sQIY.jpg,Boletus,Inocybe,False,0.9999330043792725,0.002428499996312894,BaselineCNN,test
data/processed/test\Boletus\1040_i_rg9l4rqjw.jpg,Boletus,Boletus,True,0.998703122138977,0.0030043000006116927,BaselineCNN,test
data/processed/test\Boletus\1051_Q0ltVKrZhcQ.jpg,Boletus,Boletus,True,0.9746952056884766,0.0026366000092821196,BaselineCNN,test
data/processed/test\Boletus\1055_1FFlybCSCAU.jpg,Boletus,Boletus,True,0.9776619076728821,0.0029680000006919727,BaselineCNN,test
data/processed/test\Boletus\1057_Y7n8VqlTW3g.jpg,Boletus,Boletus,True,0.9999747276306152,0.0029858999914722517,BaselineCNN,test
data/processed/test\Boletus\1065_eMY4Zsr_msU.jpg,Boletus,Lactarius,False,0.8489137887954712,0.0025507999962428585,BaselineCNN,test
data/processed/test\Boletus\1077_JAOBSnuV9zc.jpg,Boletus,Boletus,True,0.9144378304481506,0.0026408999983686954,BaselineCNN,test
data/processed/test\Boletus\1081_S9BZwG4wmiU.jpg,Boletus,Suillus,False,0.5588101148605347,0.0025650000025052577,BaselineCNN,test
data/processed/test\Boletus\1086_9A85NgFJxzc.jpg,Boletus,Boletus,True,1.0,0.0029088000010233372,BaselineCNN,test
data/processed/test\Boletus\1087_POSIDmOc7AE.jpg,Boletus,Boletus,True,0.9930810332298279,0.0029408000118564814,BaselineCNN,test
data/processed/test\Boletus\1095_fb3O6d7sRfw.jpg,Boletus,Entoloma,False,0.7784571647644043,0.0025788999919313937,BaselineCNN,test
data/processed/test\Cortinarius\032_RaRNWCMOeJY.jpg,Cortinarius,Hygrocybe,False,0.9716786742210388,0.002882300002966076,BaselineCNN,test
data/processed/test\Cortinarius\034_uFEs0KR55hA.jpg,Cortinarius,Boletus,False,0.999321699142456,0.0025745999882929027,BaselineCNN,test
data/processed/test\Cortinarius\047_a4t7zntIs3E.jpg,Cortinarius,Russula,False,0.6099657416343689,0.002542600006563589,BaselineCNN,test
data/processed/test\Cortinarius\051_BcBgKIXkPFY.jpg,Cortinarius,Cortinarius,True,0.9920386075973511,0.0029248000064399093,BaselineCNN,test
data/processed/test\Cortinarius\062_lU35GQ80D6k.jpg,Cortinarius,Inocybe,False,0.5832551717758179,0.002603800006909296,BaselineCNN,test
data/processed/test\Cortinarius\068_eKtLmKWRhYQ.jpg,Cortinarius,Cortinarius,True,0.9387480020523071,0.0029478999931598082,BaselineCNN,test
data/processed/test\Cortinarius\074_QZm5I2faj7M.jpg,Cortinarius,Boletus,False,0.9111224412918091,0.0026116000080946833,BaselineCNN,test
data/processed/test\Cortinarius\082_igjSlbVXbAs.jpg,Cortinarius,Exidia,False,0.38493117690086365,0.002748799990513362,BaselineCNN,test
data/processed/test\Cortinarius\083_Fx67B3DmN3Y.jpg,Cortinarius,Cortinarius,True,0.9627969264984131,0.002940999998827465,BaselineCNN,test
data/processed/test\Cortinarius\089_pSC0tp3Vin8.jpg,Cortinarius,Russula,False,0.4266948699951172,0.0025708000030135736,BaselineCNN,test
data/processed/test\Cortinarius\092_TIq_EZUYHvE.jpg,Cortinarius,Cortinarius,True,0.9995446801185608,0.0029466000123647973,BaselineCNN,test
data/processed/test\Cortinarius\098_9sdVyNK9pSI.jpg,Cortinarius,Hygrocybe,False,0.9738207459449768,0.0026792999997269362,BaselineCNN,test
data/processed/test\Cortinarius\106_zDyFzio3OcI.jpg,Cortinarius,Cortinarius,True,0.902038037776947,0.0025451999972574413,BaselineCNN,test
data/processed/test\Cortinarius\120_6i3qL8_7_cU.jpg,Cortinarius,Cortinarius,True,0.562882661819458,0.002904099994339049,BaselineCNN,test
data/processed/test\Cortinarius\139_Sa-XUtLlV4s.jpg,Cortinarius,Suillus,False,0.5079933404922485,0.0025716000091051683,BaselineCNN,test
data/processed/test\Cortinarius\142_UT29eeWW32A.jpg,Cortinarius,Suillus,False,0.5003693103790283,0.002707899999222718,BaselineCNN,test
data/processed/test\Cortinarius\143_SrOlFvP1n9w.jpg,Cortinarius,Inocybe,False,0.5075764060020447,0.002563800007919781,BaselineCNN,test
data/processed/test\Cortinarius\146_N9FJKoJghDQ.jpg,Cortinarius,Boletus,False,0.47576719522476196,0.002634900010889396,BaselineCNN,test
data/processed/test\Cortinarius\147_gh5SUGxwpmg.jpg,Cortinarius,Suillus,False,0.6158862113952637,0.0026024999970104545,BaselineCNN,test
data/processed/test\Cortinarius\148_NRYh_CNOe0Q.jpg,Cortinarius,Cortinarius,True,0.9234824776649475,0.00288840000575874,BaselineCNN,test
data/processed/test\Cortinarius\162_vx8DyMaDNbY.jpg,Cortinarius,Cortinarius,True,0.9947456121444702,0.0028805000038119033,BaselineCNN,test
data/processed/test\Cortinarius\172_RQpuklei93E.jpg,Cortinarius,Russula,False,0.8631949424743652,0.0026574999938020483,BaselineCNN,test
data/processed/test\Cortinarius\173_OBw2ytszKxo.jpg,Cortinarius,Cortinarius,True,0.9720531702041626,0.00294469999789726,BaselineCNN,test
data/processed/test\Cortinarius\178_xHtAXzZPN-s.jpg,Cortinarius,Cortinarius,True,0.43259692192077637,0.0025759999989531934,BaselineCNN,test
data/processed/test\Cortinarius\182_kJh0aAaK590.jpg,Cortinarius,Boletus,False,0.846890926361084,0.0025913000135915354,BaselineCNN,test
data/processed/test\Cortinarius\185_OXwIsNfGrwY.jpg,Cortinarius,Boletus,False,0.8646240830421448,0.0026885999977821484,BaselineCNN,test
data/processed/test\Cortinarius\192_TskFa7fOkRc.jpg,Cortinarius,Lactarius,False,0.5092204213142395,0.0025431999965803698,BaselineCNN,test
data/processed/test\Cortinarius\195_lD8h4PCMaUY.jpg,Cortinarius,Russula,False,0.6372659802436829,0.0026254999975208193,BaselineCNN,test
data/processed/test\Cortinarius\207_zmoZZTV0lLI.jpg,Cortinarius,Cortinarius,True,0.7506630420684814,0.0025832000101218,BaselineCNN,test
data/processed/test\Cortinarius\224_mLlKvEsrEcA.jpg,Cortinarius,Boletus,False,0.6197798252105713,0.0025904000067384914,BaselineCNN,test
data/processed/test\Cortinarius\232_jKdR7Qgq_BY.jpg,Cortinarius,Cortinarius,True,0.8852710723876953,0.0026063999976031482,BaselineCNN,test
data/processed/test\Cortinarius\240_aJldHbs2JsE.jpg,Cortinarius,Cortinarius,True,0.6072943806648254,0.002607200003694743,BaselineCNN,test
data/processed/test\Cortinarius\256_TpoM3eWkf6g.jpg,Cortinarius,Lactarius,False,0.8308544158935547,0.002936700009740889,BaselineCNN,test
data/processed/test\Cortinarius\274_RW-zkr4BQmM.jpg,Cortinarius,Entoloma,False,0.7980010509490967,0.0025268000026699156,BaselineCNN,test
data/processed/test\Cortinarius\277_2vcjLHvzssg.jpg,Cortinarius,Suillus,False,0.5011497139930725,0.004989099994418211,BaselineCNN,test
data/processed/test\Cortinarius\285_ALSLuAGLn64.jpg,Cortinarius,Cortinarius,True,0.9885241389274597,0.002973000009660609,BaselineCNN,test
data/processed/test\Cortinarius\301_BY2YjnDmmdc.jpg,Cortinarius,Inocybe,False,0.5640221834182739,0.0025827999925240874,BaselineCNN,test
data/processed/test\Cortinarius\312_Kv_3xHcyVUE.jpg,Cortinarius,Amanita,False,0.9505378007888794,0.0029540999967139214,BaselineCNN,test
data/processed/test\Cortinarius\321_EgWJ7bpjCxM.jpg,Cortinarius,Cortinarius,True,0.5704214572906494,0.002632499992614612,BaselineCNN,test
data/processed/test\Cortinarius\328_qxWZEmWaodk.jpg,Cortinarius,Amanita,False,0.9620555639266968,0.0028507000097306445,BaselineCNN,test
data/processed/test\Cortinarius\337_ohrbRKjnZkA.jpg,Cortinarius,Russula,False,0.9907676577568054,0.0025458000018261373,BaselineCNN,test
data/processed/test\Cortinarius\342_3kBE30sLBPk.jpg,Cortinarius,Russula,False,0.5931811928749084,0.0028800000000046566,BaselineCNN,test
data/processed/test\Cortinarius\343_YY4qxL--3lE.jpg,Cortinarius,Russula,False,0.505014181137085,0.002980499994009733,BaselineCNN,test
data/processed/test\Cortinarius\344_AKEJiWrKVfA.jpg,Cortinarius,Cortinarius,True,0.9924807548522949,0.002638299993122928,BaselineCNN,test
data/processed/test\Cortinarius\349_BG4jbNRDzCI.jpg,Cortinarius,Amanita,False,0.6005004644393921,0.002657000004546717,BaselineCNN,test
data/processed/test\Cortinarius\353_qyVEsJs6eu8.jpg,Cortinarius,Cortinarius,True,0.5332592129707336,0.00298099999781698,BaselineCNN,test
data/processed/test\Cortinarius\358_L8mvKvlrYDA.jpg,Cortinarius,Cortinarius,True,0.6022176146507263,0.0026066999998874962,BaselineCNN,test
data/processed/test\Cortinarius\360_QL0VQlt8Ke0.jpg,Cortinarius,Cortinarius,True,0.38432690501213074,0.0026394000014988706,BaselineCNN,test
data/processed/test\Cortinarius\364_Xsj2f0KiCAk.jpg,Cortinarius,Lactarius,False,0.9036712050437927,0.0028568000125233084,BaselineCNN,test
data/processed/test\Cortinarius\381_IHHdqt43Ivk.jpg,Cortinarius,Russula,False,0.8797990083694458,0.002537100008339621,BaselineCNN,test
data/processed/test\Cortinarius\384_NCKsip2esZ4.jpg,Cortinarius,Cortinarius,True,0.9957941770553589,0.0028925999940838665,BaselineCNN,test
data/processed/test\Cortinarius\388_JTEy9_rTlno.jpg,Cortinarius,Boletus,False,0.6407356262207031,0.0029587000026367605,BaselineCNN,test
data/processed/test\Cortinarius\389_D8kTQu4sbro.jpg,Cortinarius,Boletus,False,0.9881922602653503,0.0029777999880025163,BaselineCNN,test
data/processed/test\Cortinarius\390_iQUMBiY-0qs.jpg,Cortinarius,Lactarius,False,0.8465498685836792,0.002605699992273003,BaselineCNN,test
data/processed/test\Cortinarius\418_YUu8Eth7vC0.jpg,Cortinarius,Lactarius,False,0.6404687166213989,0.0029460000077961013,BaselineCNN,test
data/processed/test\Cortinarius\448_uo51r2lHNAw.jpg,Cortinarius,Lactarius,False,0.84112948179245,0.0025873999984469265,BaselineCNN,test
data/processed/test\Cortinarius\449_VlvWf0y620o.jpg,Cortinarius,Exidia,False,0.9999998807907104,0.0026252000097883865,BaselineCNN,test
data/processed/test\Cortinarius\456_KDbq8QQJpF8.jpg,Cortinarius,Boletus,False,0.6428655385971069,0.003028000006452203,BaselineCNN,test
data/processed/test\Cortinarius\460_-PS3Pqhfj28.jpg,Cortinarius,Boletus,False,0.6708707213401794,0.0029543000127887353,BaselineCNN,test
data/processed/test\Cortinarius\461_FcGRZ9NIyZM.jpg,Cortinarius,Cortinarius,True,0.5066948533058167,0.0026336000009905547,BaselineCNN,test
data/processed/test\Cortinarius\466_M2i1qdSiRz4.jpg,Cortinarius,Cortinarius,True,0.9999603033065796,0.0025600999942980707,BaselineCNN,test
data/processed/test\Cortinarius\467_LUja4xjFPG8.jpg,Cortinarius,Cortinarius,True,0.6824716925621033,0.002921600011177361,BaselineCNN,test
data/processed/test\Cortinarius\488_UhQdy3jXkc0.jpg,Cortinarius,Russula,False,0.9567215442657471,0.002523800008930266,BaselineCNN,test
data/processed/test\Cortinarius\496_KX8TxkeLLa4.jpg,Cortinarius,Cortinarius,True,0.8471794128417969,0.002854599995771423,BaselineCNN,test
data/processed/test\Cortinarius\509_M0Gd8axTrw4.jpg,Cortinarius,Cortinarius,True,0.8327432870864868,0.003018500006874092,BaselineCNN,test
data/processed/test\Cortinarius\514_tv4keuWfvWE.jpg,Cortinarius,Cortinarius,True,0.8494961261749268,0.0028796999977203086,BaselineCNN,test
data/processed/test\Cortinarius\530_sEUUp5boweI.jpg,Cortinarius,Cortinarius,True,0.7826810479164124,0.0026177999970968813,BaselineCNN,test
data/processed/test\Cortinarius\532_oIJibw1tz4Y.jpg,Cortinarius,Hygrocybe,False,0.8448922038078308,0.002603500004624948,BaselineCNN,test
data/processed/test\Cortinarius\533_pNuBhaHhEmU.jpg,Cortinarius,Cortinarius,True,0.9999442100524902,0.002895199999329634,BaselineCNN,test
data/processed/test\Cortinarius\547_fKznDHbWCkk.jpg,Cortinarius,Cortinarius,True,0.9295718669891357,0.0026119999965885654,BaselineCNN,test
data/processed/test\Cortinarius\551_APFbJ2vPcGw.jpg,Cortinarius,Cortinarius,True,0.9770630598068237,0.00239799999690149,BaselineCNN,test
data/processed/test\Cortinarius\552_z4MK9UiOMoc.jpg,Cortinarius,Boletus,False,0.9374246001243591,0.002981600002385676,BaselineCNN,test
data/processed/test\Cortinarius\567_6O0QVMS6LE4.jpg,Cortinarius,Cortinarius,True,0.41260528564453125,0.002980700010084547,BaselineCNN,test
data/processed/test\Cortinarius\574_xXwqpgn5Fls.jpg,Cortinarius,Cortinarius,True,0.9859397411346436,0.0026016000047093257,BaselineCNN,test
data/processed/test\Cortinarius\589_rgxUeggTwRk.jpg,Cortinarius,Russula,False,0.45934435725212097,0.002580400003353134,BaselineCNN,test
data/processed/test\Cortinarius\592_ZR3yzj9H31I.jpg,Cortinarius,Russula,False,0.5408743619918823,0.0029436000040732324,BaselineCNN,test
data/processed/test\Cortinarius\593_VEBcqScsSLw.jpg,Cortinarius,Cortinarius,True,0.9371827244758606,0.002594000005046837,BaselineCNN,test
data/processed/test\Cortinarius\595_DUgPrK3WFJ0.jpg,Cortinarius,Lactarius,False,0.9964721202850342,0.0027062000008299947,BaselineCNN,test
data/processed/test\Cortinarius\604_55_Sj5HXI6U.jpg,Cortinarius,Amanita,False,0.7777079939842224,0.0029485999984899536,BaselineCNN,test
data/processed/test\Cortinarius\613_RZSh0QPwcnw.jpg,Cortinarius,Cortinarius,True,0.8247495889663696,0.0025713999930303544,BaselineCNN,test
data/processed/test\Cortinarius\627_JqtzXHRtbPY.jpg,Cortinarius,Agaricus,False,0.8070111870765686,0.0026255999982822686,BaselineCNN,test
data/processed/test\Cortinarius\634_3P_z4FJuvrc.jpg,Cortinarius,Boletus,False,0.849918782711029,0.003010000000358559,BaselineCNN,test
data/processed/test\Cortinarius\648_rFy8BK5tQS4.jpg,Cortinarius,Boletus,False,0.9985602498054504,0.0030150999955367297,BaselineCNN,test
data/processed/test\Cortinarius\651_YsGS-o5hPUk.jpg,Cortinarius,Suillus,False,0.688526451587677,0.002559300002758391,BaselineCNN,test
data/processed/test\Cortinarius\660_qqPWIG-_atg.jpg,Cortinarius,Boletus,False,0.6974844932556152,0.0028550999995786697,BaselineCNN,test
data/processed/test\Cortinarius\663_vqeZWWsm7AU.jpg,Cortinarius,Cortinarius,True,0.5350267291069031,0.0025814999971771613,BaselineCNN,test
data/processed/test\Cortinarius\665_CnMbFwJ4A3g.jpg,Cortinarius,Boletus,False,0.8001094460487366,0.002631199997267686,BaselineCNN,test
data/processed/test\Cortinarius\670_VEDFNxOmJjk.jpg,Cortinarius,Boletus,False,0.9339198470115662,0.0029476999916369095,BaselineCNN,test
data/processed/test\Cortinarius\677_jZl6bME7gYc.jpg,Cortinarius,Boletus,False,0.9416079521179199,0.0025828999932855368,BaselineCNN,test
data/processed/test\Cortinarius\684_4Yz2wW3J4Vs.jpg,Cortinarius,Cortinarius,True,0.4583638310432434,0.0026713999977800995,BaselineCNN,test
data/processed/test\Cortinarius\698_hDYmajbNTyc.jpg,Cortinarius,Cortinarius,True,0.9169508218765259,0.0026111000042874366,BaselineCNN,test
data/processed/test\Cortinarius\700_T0ARJ9bwVM0.jpg,Cortinarius,Boletus,False,0.5434616804122925,0.0054912000050535426,BaselineCNN,test
data/processed/test\Cortinarius\706_neOW0Q7auww.jpg,Cortinarius,Cortinarius,True,0.9674573540687561,0.005544799991184846,BaselineCNN,test
data/processed/test\Cortinarius\710_9SgH3X4RwDc.jpg,Cortinarius,Boletus,False,0.620665967464447,0.005512599993380718,BaselineCNN,test
data/processed/test\Cortinarius\713_0K-WK89enpQ.jpg,Cortinarius,Boletus,False,0.9998308420181274,0.005491899995831773,BaselineCNN,test
data/processed/test\Cortinarius\722_hYmaZTUMKvM.jpg,Cortinarius,Cortinarius,True,0.9754233956336975,0.00537600000097882,BaselineCNN,test
data/processed/test\Cortinarius\723_z2zuRWlePHw.jpg,Cortinarius,Exidia,False,0.5354660153388977,0.005466100003104657,BaselineCNN,test
data/processed/test\Cortinarius\726_SPq8J7DiHAU.jpg,Cortinarius,Suillus,False,0.646303653717041,0.0049589999980526045,BaselineCNN,test
data/processed/test\Cortinarius\734_gSi3maWDcms.jpg,Cortinarius,Russula,False,0.7611977458000183,0.005156600003829226,BaselineCNN,test
data/processed/test\Cortinarius\739_1fnqQJpMA1w.jpg,Cortinarius,Suillus,False,0.5027980804443359,0.005591699999058619,BaselineCNN,test
data/processed/test\Cortinarius\740_6uQUZGPJDtc.jpg,Cortinarius,Cortinarius,True,0.728082001209259,0.005499999999301508,BaselineCNN,test
data/processed/test\Cortinarius\741_I2jWMQKljH8.jpg,Cortinarius,Cortinarius,True,0.528239905834198,0.005493600008776411,BaselineCNN,test
data/processed/test\Cortinarius\743_x_gCsSdhOPU.jpg,Cortinarius,Lactarius,False,0.6298444271087646,0.005553599999984726,BaselineCNN,test
data/processed/test\Cortinarius\754_pGoceyCfMP8.jpg,Cortinarius,Lactarius,False,0.5032463073730469,0.0055216999899130315,BaselineCNN,test
data/processed/test\Cortinarius\766_vIHHxNTloEA.jpg,Cortinarius,Boletus,False,0.9584950804710388,0.005028900006436743,BaselineCNN,test
data/processed/test\Cortinarius\791_2-YR9WlEhSA.jpg,Cortinarius,Hygrocybe,False,0.49483832716941833,0.005681700000423007,BaselineCNN,test
data/processed/test\Cortinarius\796_738i150K_pQ.jpg,Cortinarius,Cortinarius,True,0.6045029759407043,0.005522199993720278,BaselineCNN,test
data/processed/test\Cortinarius\800_DyXP5vXb0mQ.jpg,Cortinarius,Lactarius,False,0.4634472727775574,0.005524599997443147,BaselineCNN,test
data/processed/test\Cortinarius\819_ELx6VT8tmKM.jpg,Cortinarius,Boletus,False,0.40166234970092773,0.005513199997949414,BaselineCNN,test
data/processed/test\Cortinarius\825_nn-gRPOKNNQ.jpg,Cortinarius,Hygrocybe,False,0.33698585629463196,0.006375600001774728,BaselineCNN,test
data/processed/test\Cortinarius\835_znWNJNTUlcg.jpg,Cortinarius,Lactarius,False,0.5964717268943787,0.0054909000027691945,BaselineCNN,test
data/processed/test\Cortinarius\838_phOn4HpRGFU.jpg,Cortinarius,Entoloma,False,0.8170861005783081,0.005535599993891083,BaselineCNN,test
data/processed/test\Cortinarius\839_QCI2KoxuEus.jpg,Cortinarius,Cortinarius,True,0.9885967373847961,0.004934800002956763,BaselineCNN,test
data/processed/test\Cortinarius\880_2blQSwj_qqg.jpg,Cortinarius,Entoloma,False,0.924504280090332,0.0049128000100608915,BaselineCNN,test
data/processed/test\Cortinarius\896_zisCBTibqYs.jpg,Cortinarius,Boletus,False,0.4070590138435364,0.00490340001124423,BaselineCNN,test
data/processed/test\Cortinarius\897_K54fKEI54-0.jpg,Cortinarius,Cortinarius,True,0.974431037902832,0.005243799998424947,BaselineCNN,test
data/processed/test\Cortinarius\909_6AiLKcfk2jI.jpg,Cortinarius,Russula,False,0.9742791652679443,0.00500560000364203,BaselineCNN,test
data/processed/test\Cortinarius\910_q20nsdIX9Zo.jpg,Cortinarius,Lactarius,False,0.7832167148590088,0.0051521999994292855,BaselineCNN,test
data/processed/test\Cortinarius\918_LWJyWIIRFwE.jpg,Cortinarius,Boletus,False,0.7085562348365784,0.005523399988305755,BaselineCNN,test
data/processed/test\Cortinarius\927_MThMyEFu3p4.jpg,Cortinarius,Cortinarius,True,0.5410944819450378,0.005546099986531772,BaselineCNN,test
data/processed/test\Cortinarius\930_rg7s0lc2xZ4.jpg,Cortinarius,Cortinarius,True,0.955249547958374,0.004772800006321631,BaselineCNN,test
data/processed/test\Cortinarius\932_wke3BS09elk.jpg,Cortinarius,Cortinarius,True,0.7143114805221558,0.004843200003961101,BaselineCNN,test
data/processed/test\Cortinarius\933_9KMU6_nR5hY.jpg,Cortinarius,Amanita,False,0.7938980460166931,0.005585299993981607,BaselineCNN,test
data/processed/test\Cortinarius\938_c0WgxVOt3ug.jpg,Cortinarius,Cortinarius,True,0.6371491551399231,0.0026085999998031184,BaselineCNN,test
data/processed/test\Cortinarius\949_8OyiXJnNar8.jpg,Cortinarius,Lactarius,False,0.5347757935523987,0.002816099993651733,BaselineCNN,test
data/processed/test\Cortinarius\950_HDskNFXm9xc.jpg,Cortinarius,Cortinarius,True,0.8865975141525269,0.0025664999993750826,BaselineCNN,test
data/processed/test\Entoloma\008_AZvp1cwweLk.jpg,Entoloma,Russula,False,0.5209481120109558,0.002610900002764538,BaselineCNN,test
data/processed/test\Entoloma\015_HkVmyyuf6D4.jpg,Entoloma,Exidia,False,0.7491675019264221,0.0027414999931352213,BaselineCNN,test
data/processed/test\Entoloma\016_ARE6YaRXCgc.jpg,Entoloma,Inocybe,False,0.6055362224578857,0.0029842000076314434,BaselineCNN,test
data/processed/test\Entoloma\024_bN9lzk7miXk.jpg,Entoloma,Lactarius,False,0.4796771705150604,0.0026209000061498955,BaselineCNN,test
data/processed/test\Entoloma\028_ep6xNTtGRbM.jpg,Entoloma,Amanita,False,0.5907105207443237,0.0029181999998399988,BaselineCNN,test
data/processed/test\Entoloma\040_AaS7qJWOhTY.jpg,Entoloma,Lactarius,False,0.9350808262825012,0.0029343999922275543,BaselineCNN,test
data/processed/test\Entoloma\041_8TLv6hZ7PQg.jpg,Entoloma,Agaricus,False,0.6491103172302246,0.0027348000003257766,BaselineCNN,test
data/processed/test\Entoloma\043_HA9oR2t5gx4.jpg,Entoloma,Lactarius,False,0.6286200881004333,0.002637099998537451,BaselineCNN,test
data/processed/test\Entoloma\053_pGhgq2L9_f8.jpg,Entoloma,Boletus,False,0.9996923208236694,0.0025603999965824187,BaselineCNN,test
data/processed/test\Entoloma\075_6zFJxFd4PFI.jpg,Entoloma,Amanita,False,0.9459916949272156,0.0028768000047421083,BaselineCNN,test
data/processed/test\Entoloma\077_MiiSt18mhFg.jpg,Entoloma,Suillus,False,0.6935725212097168,0.0026320000033592805,BaselineCNN,test
data/processed/test\Entoloma\087_B8cy4l0fVCM.jpg,Entoloma,Entoloma,True,0.9485918283462524,0.0026479999942239374,BaselineCNN,test
data/processed/test\Entoloma\095_sc5K2sdc95k.jpg,Entoloma,Lactarius,False,0.8043025135993958,0.002879799998481758,BaselineCNN,test
data/processed/test\Entoloma\100_DOEuA90u0n4.jpg,Entoloma,Lactarius,False,0.6933121085166931,0.0025862000038614497,BaselineCNN,test
data/processed/test\Entoloma\112_tZybBnWnquU.jpg,Entoloma,Boletus,False,0.979925274848938,0.002625400011311285,BaselineCNN,test
data/processed/test\Entoloma\114_hVYv8T9rAdI.jpg,Entoloma,Boletus,False,0.9798398613929749,0.0029565000004367903,BaselineCNN,test
data/processed/test\Entoloma\123_N1nBNk8zowc.jpg,Entoloma,Entoloma,True,0.9999992847442627,0.002544400005717762,BaselineCNN,test
data/processed/test\Entoloma\124_NgFCwyrvUBU.jpg,Entoloma,Boletus,False,0.9845579266548157,0.0026421000075060874,BaselineCNN,test
data/processed/test\Entoloma\125_H6KQJubz60Q.jpg,Entoloma,Amanita,False,0.7413695454597473,0.0029709999944316223,BaselineCNN,test
data/processed/test\Entoloma\137_2wOQqIdze_Y.jpg,Entoloma,Boletus,False,0.3559003174304962,0.0029884999967180192,BaselineCNN,test
data/processed/test\Entoloma\154_HDT_he4bSpA.jpg,Entoloma,Lactarius,False,0.48585832118988037,0.0026373000000603497,BaselineCNN,test
data/processed/test\Entoloma\155_ab4GU9GVNl0.jpg,Entoloma,Entoloma,True,0.9958540201187134,0.002608800001326017,BaselineCNN,test
data/processed/test\Entoloma\159_gzyo4cu2SF0.jpg,Entoloma,Entoloma,True,0.8289976119995117,0.002814899999066256,BaselineCNN,test
data/processed/test\Entoloma\170_rgOUjNM_DM4.jpg,Entoloma,Agaricus,False,0.6444776654243469,0.0029599999979836866,BaselineCNN,test
data/processed/test\Entoloma\178_j9A_u3GorWg.jpg,Entoloma,Suillus,False,0.5923117399215698,0.0026416000036988407,BaselineCNN,test
data/processed/test\Entoloma\185_UK9hgsbXBR8.jpg,Entoloma,Amanita,False,0.9143794775009155,0.0026148000033572316,BaselineCNN,test
data/processed/test\Entoloma\187_m0UFCsyH-Bs.jpg,Entoloma,Boletus,False,0.9903016686439514,0.002926500004832633,BaselineCNN,test
data/processed/test\Entoloma\192_Tf_A1Q4bdco.jpg,Entoloma,Boletus,False,0.9998739957809448,0.002998299998580478,BaselineCNN,test
data/processed/test\Entoloma\195_tEj9VvcKoc8.jpg,Entoloma,Hygrocybe,False,0.3358406722545624,0.0029864000098314136,BaselineCNN,test
data/processed/test\Entoloma\202_FQWDsaZPytk.jpg,Entoloma,Entoloma,True,0.6435956954956055,0.0025720999983604997,BaselineCNN,test
data/processed/test\Entoloma\213_xX7APSYep7c.jpg,Entoloma,Cortinarius,False,0.8162041306495667,0.002842600006260909,BaselineCNN,test
data/processed/test\Entoloma\217_MQnUltdhEsM.jpg,Entoloma,Cortinarius,False,0.6960481405258179,0.002588199989986606,BaselineCNN,test
data/processed/test\Entoloma\221_aU7_BswojlM.jpg,Entoloma,Cortinarius,False,0.5135939717292786,0.002588500006822869,BaselineCNN,test
data/processed/test\Entoloma\225_3YNITN-NtWM.jpg,Entoloma,Amanita,False,0.9995661377906799,0.002969999986817129,BaselineCNN,test
data/processed/test\Entoloma\244_5qYibVwYigY.jpg,Entoloma,Russula,False,0.6474257111549377,0.002645100001245737,BaselineCNN,test
data/processed/test\Entoloma\247_ABBDuWCbqT0.jpg,Entoloma,Inocybe,False,0.5185349583625793,0.002885099995182827,BaselineCNN,test
data/processed/test\Entoloma\254_iO4rO5rmxLg.jpg,Entoloma,Exidia,False,0.9936636686325073,0.002966000000014901,BaselineCNN,test
data/processed/test\Entoloma\269_YSsglwYAx0A.jpg,Entoloma,Agaricus,False,0.6514829993247986,0.002609400005894713,BaselineCNN,test
data/processed/test\Entoloma\278_1UQ2eou4aVA.jpg,Entoloma,Entoloma,True,0.9200501441955566,0.002619599996251054,BaselineCNN,test
data/processed/test\Entoloma\283_eWPMK-in8bA.jpg,Entoloma,Lactarius,False,0.7868786454200745,0.0029630000062752515,BaselineCNN,test
data/processed/test\Entoloma\307_bs3Q880w3uI.jpg,Entoloma,Cortinarius,False,0.8532711863517761,0.0026141000125790015,BaselineCNN,test
data/processed/test\Entoloma\309_QMD8y_m-X9w.jpg,Entoloma,Entoloma,True,0.7011919021606445,0.002592199991340749,BaselineCNN,test
data/processed/test\Entoloma\315_x2hPqvpEIm4.jpg,Entoloma,Lactarius,False,0.48554155230522156,0.002954600000521168,BaselineCNN,test
data/processed/test\Entoloma\321_GSSvivRkKSs.jpg,Entoloma,Lactarius,False,0.9387184977531433,0.0026474999904166907,BaselineCNN,test
data/processed/test\Entoloma\323_T1uKKhFKYQo.jpg,Entoloma,Cortinarius,False,0.9947510361671448,0.002604799999971874,BaselineCNN,test
data/processed/test\Entoloma\333_1jBot7MZWes.jpg,Entoloma,Russula,False,0.8275357484817505,0.0029510000022128224,BaselineCNN,test
data/processed/test\Entoloma\337_CtXrNI3Aodw.jpg,Entoloma,Russula,False,0.9568130970001221,0.0025765999889699742,BaselineCNN,test
data/processed/test\Entoloma\344_uf0xKp6qwNQ.jpg,Entoloma,Entoloma,True,0.4554254412651062,0.0026701000024331734,BaselineCNN,test
data/processed/test\Entoloma\349_PNzUfA1WO3M.jpg,Entoloma,Agaricus,False,0.9987014532089233,0.002863500005332753,BaselineCNN,test
data/processed/test\Entoloma\372_hriIdsNQgxI.jpg,Entoloma,Cortinarius,False,0.668744683265686,0.002639300000737421,BaselineCNN,test
data/processed/test\Entoloma\380_OI9EjWusj9s.jpg,Entoloma,Entoloma,True,0.5053072571754456,0.002615899997181259,BaselineCNN,test
data/processed/test\Entoloma\389_-8kqVUZsNtU.jpg,Entoloma,Amanita,False,0.7966564893722534,0.002934899996034801,BaselineCNN,test
data/processed/test\Entoloma\391_u6_VQ5BQ3RQ.jpg,Entoloma,Russula,False,0.7206541895866394,0.0026381999923614785,BaselineCNN,test
data/processed/test\Entoloma\394_I1aghwHRxKQ.jpg,Entoloma,Lactarius,False,0.8817304372787476,0.0029892999882576987,BaselineCNN,test
data/processed/test\Entoloma\396_P8a-mnDratQ.jpg,Entoloma,Lactarius,False,0.7308712601661682,0.0026131999911740422,BaselineCNN,test
data/processed/test\Entoloma\401_7lcXxESXcOc.jpg,Entoloma,Boletus,False,0.7736958265304565,0.0025901999906636775,BaselineCNN,test
data/processed/test\Exidia\APE2016-9184941_SkxjRjQbBe.jpg,Exidia,Exidia,True,0.9999996423721313,0.0026122999988729134,BaselineCNN,test
data/processed/test\Exidia\APE2017-9186106_r1lnuhbbvl.jpg,Exidia,Exidia,True,1.0,0.0028430999955162406,BaselineCNN,test
data/processed/test\Exidia\APE2017-9186594_S1gbav70Pg.jpg,Exidia,Exidia,True,0.9999970197677612,0.003000099997734651,BaselineCNN,test
data/processed/test\Exidia\BEC2017-9186082_Bk5dpkxvg.jpg,Exidia,Exidia,True,0.9999914169311523,0.0029092999902786687,BaselineCNN,test
data/processed/test\Exidia\BEC2017-9186082_HkySBeewx.jpg,Exidia,Exidia,True,0.9885550141334534,0.0026073999906657264,BaselineCNN,test
data/processed/test\Exidia\BT2015PIC69830748.jpg,Exidia,Inocybe,False,0.5581057071685791,0.0025240999966626987,BaselineCNN,test
data/processed/test\Exidia\BWP2010PIC21033449.jpg,Exidia,Entoloma,False,0.6268328428268433,0.0030857999954605475,BaselineCNN,test
data/processed/test\Exidia\BWP2010PIC26179585.jpg,Exidia,Exidia,True,0.9964543581008911,0.002985300001455471,BaselineCNN,test
data/processed/test\Exidia\BWP2010PIC63422920.jpg,Exidia,Exidia,True,0.9964543581008911,0.0029645000031450763,BaselineCNN,test
data/processed/test\Exidia\BWP2012PIC72778365.jpg,Exidia,Exidia,True,0.9774729013442993,0.0025738999975146726,BaselineCNN,test
data/processed/test\Exidia\BWP2012PIC73866455.jpg,Exidia,Inocybe,False,0.2883864939212799,0.0025975000025937334,BaselineCNN,test
data/processed/test\Exidia\DI2017-9188574_Hk1cP3Tix.jpg,Exidia,Exidia,True,0.9994016885757446,0.0029420000064419582,BaselineCNN,test
data/processed/test\Exidia\EAT2017-9188143_SkIXsq-ig.jpg,Exidia,Exidia,True,0.9999885559082031,0.00275580000015907,BaselineCNN,test
data/processed/test\Exidia\FA2009PIC34033903.jpg,Exidia,Entoloma,False,0.9814087748527527,0.0025351999938720837,BaselineCNN,test
data/processed/test\Exidia\FA2009PIC41674148.jpg,Exidia,Exidia,True,0.5492043495178223,0.0029008999990765005,BaselineCNN,test
data/processed/test\Exidia\FDE2014PIC40274346.jpg,Exidia,Exidia,True,0.5865091681480408,0.002616500001749955,BaselineCNN,test
data/processed/test\Exidia\FS2013PIC31639353.jpg,Exidia,Inocybe,False,0.7631915807723999,0.0027249999984633178,BaselineCNN,test
data/processed/test\Exidia\GLJ2012PIC77958863.jpg,Exidia,Lactarius,False,0.5501767992973328,0.002618600003188476,BaselineCNN,test
data/processed/test\Exidia\HM2012PIC53684895.jpg,Exidia,Entoloma,False,0.37523362040519714,0.002638699996168725,BaselineCNN,test
data/processed/test\Exidia\JAH2010PIC83850018.jpg,Exidia,Russula,False,0.4303210377693176,0.002974500006530434,BaselineCNN,test
data/processed/test\Exidia\JAH2011PIC50778683.jpg,Exidia,Cortinarius,False,0.41044220328330994,0.0030180000030668452,BaselineCNN,test
data/processed/test\Exidia\JAH2012PIC31946080.jpg,Exidia,Exidia,True,0.3648260533809662,0.002700099998037331,BaselineCNN,test
data/processed/test\Exidia\JAH2012PIC42360712.jpg,Exidia,Boletus,False,0.8247435688972473,0.0026999000110663474,BaselineCNN,test
data/processed/test\Exidia\JAH2012PIC89993887.jpg,Exidia,Inocybe,False,0.999395489692688,0.0026892000023508444,BaselineCNN,test
data/processed/test\Exidia\JAJ2017-9185700_rkbkFjfUx.jpg,Exidia,Exidia,True,0.9994148015975952,0.0027253000007476658,BaselineCNN,test
data/processed/test\Exidia\JC2016-9184056_Byw5hr_Qx.jpg,Exidia,Exidia,True,0.955432116985321,0.0030106999911367893,BaselineCNN,test
data/processed/test\Exidia\JCS2009PIC12309413.jpg,Exidia,Exidia,True,0.9999804496765137,0.002907799993408844,BaselineCNN,test
data/processed/test\Exidia\JM2011PIC15975626.jpg,Exidia,Inocybe,False,0.3170969784259796,0.0027728999993996695,BaselineCNN,test
data/processed/test\Exidia\JM2012PIC10429941.jpg,Exidia,Exidia,True,0.9926729798316956,0.0029664000030606985,BaselineCNN,test
data/processed/test\Exidia\JM2016-9182928_HydQkTeMe.jpg,Exidia,Lactarius,False,0.7859578132629395,0.0029409000126179308,BaselineCNN,test
data/processed/test\Exidia\JMI2017-9225941_BkUTwno3Z.jpg,Exidia,Inocybe,False,0.9955300688743591,0.00295140000525862,BaselineCNN,test
data/processed/test\Exidia\JO2011PIC61426163.jpg,Exidia,Inocybe,False,0.29518744349479675,0.002564499998698011,BaselineCNN,test
data/processed/test\Exidia\KMA2016-9182761_BJZkKzAWe.jpg,Exidia,Exidia,True,0.9242079854011536,0.0026463999965926632,BaselineCNN,test
data/processed/test\Exidia\KNI2009PIC40725553.jpg,Exidia,Entoloma,False,0.9368651509284973,0.0029766000079689547,BaselineCNN,test
data/processed/test\Exidia\KNK2014PIC59831810.jpg,Exidia,Exidia,True,0.9894920587539673,0.0026230000075884163,BaselineCNN,test
data/processed/test\Exidia\MC2017-9190790_r1lwUvc0e.jpg,Exidia,Exidia,True,0.9389665722846985,0.002641400002175942,BaselineCNN,test
data/processed/test\Exidia\MFC2016-9180603_HJlPfl0lxe.jpg,Exidia,Exidia,True,0.939408004283905,0.0026111999904969707,BaselineCNN,test
data/processed/test\Exidia\ML2009PIC13001963.jpg,Exidia,Boletus,False,0.82418292760849,0.002920799990533851,BaselineCNN,test
data/processed/test\Exidia\ML2011PIC18007945.jpg,Exidia,Exidia,True,0.5999926924705505,0.0026068000006489456,BaselineCNN,test
data/processed/test\Exidia\ML2011PIC65179349.jpg,Exidia,Inocybe,False,0.7917482852935791,0.002780099996016361,BaselineCNN,test
data/processed/test\Exidia\MMN2010PIC69549468.jpg,Exidia,Lactarius,False,0.8656025528907776,0.0027645000081975013,BaselineCNN,test
data/processed/test\Exidia\MMN2012PIC61631279.jpg,Exidia,Exidia,True,0.9959800243377686,0.002989999993587844,BaselineCNN,test
data/processed/test\Exidia\MSO2011PIC32526200.jpg,Exidia,Exidia,True,0.8428659439086914,0.002628700007335283,BaselineCNN,test
data/processed/test\Exidia\MSO2012PIC15916968.jpg,Exidia,Exidia,True,0.9999996423721313,0.0027266999968560413,BaselineCNN,test
data/processed/test\Exidia\MSO2014PIC66151749.jpg,Exidia,Exidia,True,0.9563671350479126,0.0026985000004060566,BaselineCNN,test
data/processed/test\Exidia\MSO2015PIC74895293.jpg,Exidia,Lactarius,False,0.5031551122665405,0.0026265000051353127,BaselineCNN,test
data/processed/test\Exidia\MSO2016PIC23090222.jpg,Exidia,Exidia,True,0.6157575845718384,0.0026150999910896644,BaselineCNN,test
data/processed/test\Exidia\NHE2016-9180599_Byki66lel.jpg,Exidia,Inocybe,False,0.9744393229484558,0.002985300001455471,BaselineCNN,test
data/processed/test\Exidia\NVM2013PIC42485487.jpg,Exidia,Lactarius,False,0.6842257976531982,0.002978500007884577,BaselineCNN,test
data/processed/test\Exidia\RSS2017-9188091_H1ey3FQyoe.jpg,Exidia,Inocybe,False,0.45138317346572876,0.0029071000026306137,BaselineCNN,test
data/processed/test\Exidia\TAK2013PIC32572675.jpg,Exidia,Exidia,True,1.0,0.002805600001011044,BaselineCNN,test
data/processed/test\Exidia\TIL2017-9190084_BJQTBLw6px.jpg,Exidia,Exidia,True,0.9826974272727966,0.002590900010545738,BaselineCNN,test
data/processed/test\Exidia\TKH2012PIC10624779.jpg,Exidia,Exidia,True,0.9981729984283447,0.0026575999945634976,BaselineCNN,test
data/processed/test\Exidia\TKH2013PIC59849237.jpg,Exidia,Exidia,True,0.37975654006004333,0.002621999999973923,BaselineCNN,test
data/processed/test\Exidia\TKH2015PIC23528165.jpg,Exidia,Boletus,False,0.8559781312942505,0.0030264000088209286,BaselineCNN,test
data/processed/test\Exidia\TL2015PIC58388718.jpg,Exidia,Exidia,True,0.9991782307624817,0.002533699997002259,BaselineCNN,test
data/processed/test\Exidia\TL2015PIC80481245.jpg,Exidia,Cortinarius,False,0.3916933536529541,0.002807800003211014,BaselineCNN,test
data/processed/test\Exidia\TL2016-9182730_HykuO06Zg.jpg,Exidia,Inocybe,False,0.9971959590911865,0.0029789000109303743,BaselineCNN,test
data/processed/test\Exidia\TOB2015PIC38267487.jpg,Exidia,Exidia,True,0.9935890436172485,0.0025425000058021396,BaselineCNN,test
data/processed/test\Exidia\TOB2016-9184524_S10gErNNl.jpg,Exidia,Cortinarius,False,0.7207494974136353,0.0029181999998399988,BaselineCNN,test
data/processed/test\Exidia\TS2010PIC71382964.jpg,Exidia,Exidia,True,0.9968776702880859,0.0029797000024700537,BaselineCNN,test
data/processed/test\Exidia\TS2013PIC55827351.jpg,Exidia,Exidia,True,0.9514434933662415,0.002596100006485358,BaselineCNN,test
data/processed/test\Exidia\TS2016PIC29053644.jpg,Exidia,Amanita,False,0.6922175288200378,0.0026199999992968515,BaselineCNN,test
data/processed/test\Exidia\TS2016PIC39839225.jpg,Exidia,Lactarius,False,0.7685303092002869,0.0030002000130480155,BaselineCNN,test
data/processed/test\Exidia\UFN2017-9192300_S1ZikyZeW.jpg,Exidia,Exidia,True,0.9618840217590332,0.0029240000003483146,BaselineCNN,test
data/processed/test\Exidia\UFN2017-9192376_BkicKxmgb.jpg,Exidia,Exidia,True,0.6506117582321167,0.002972699992824346,BaselineCNN,test
data/processed/test\Hygrocybe\000_ZNTZP3tXkz8.jpg,Hygrocybe,Hygrocybe,True,0.6817643046379089,0.0029175000090617687,BaselineCNN,test
data/processed/test\Hygrocybe\003_r_0kZgNW3Tc.jpg,Hygrocybe,Cortinarius,False,0.7071807384490967,0.00261129999125842,BaselineCNN,test
data/processed/test\Hygrocybe\004_uURYojZQbjQ.jpg,Hygrocybe,Entoloma,False,0.8922289609909058,0.0025877000007312745,BaselineCNN,test
data/processed/test\Hygrocybe\012_LItejlRJ918.jpg,Hygrocybe,Cortinarius,False,0.8248269557952881,0.0027418999961810187,BaselineCNN,test
data/processed/test\Hygrocybe\022_NycgOWqKPEA.jpg,Hygrocybe,Boletus,False,0.8834679126739502,0.002646599998115562,BaselineCNN,test
data/processed/test\Hygrocybe\030_AQ4o1Xm4AL0.jpg,Hygrocybe,Hygrocybe,True,0.9753431081771851,0.0029744999919785187,BaselineCNN,test
data/processed/test\Hygrocybe\032_DZ1xy6htm0M.jpg,Hygrocybe,Cortinarius,False,0.4817274510860443,0.0025969999987864867,BaselineCNN,test
data/processed/test\Hygrocybe\040_3txjJQ9iLYI.jpg,Hygrocybe,Hygrocybe,True,0.8408449292182922,0.0029844999953638762,BaselineCNN,test
data/processed/test\Hygrocybe\045_TJd-2TQFv10.jpg,Hygrocybe,Lactarius,False,0.74397873878479,0.002609699993627146,BaselineCNN,test
data/processed/test\Hygrocybe\049_XD-_-BeBBR4.jpg,Hygrocybe,Cortinarius,False,0.36990734934806824,0.0025803999888012186,BaselineCNN,test
data/processed/test\Hygrocybe\050_ubNntQr-eWE.jpg,Hygrocybe,Hygrocybe,True,0.802706241607666,0.00300400001287926,BaselineCNN,test
data/processed/test\Hygrocybe\056_cGxyxb6UHGk.jpg,Hygrocybe,Boletus,False,0.7306029796600342,0.0025619000080041587,BaselineCNN,test
data/processed/test\Hygrocybe\070_WNKPUMir-JY.jpg,Hygrocybe,Lactarius,False,0.9992941617965698,0.002641099999891594,BaselineCNN,test
data/processed/test\Hygrocybe\072_G-fOGmTh3jY.jpg,Hygrocybe,Boletus,False,0.9989883303642273,0.0029165000014472753,BaselineCNN,test
data/processed/test\Hygrocybe\076_HGEpcAdN9KE.jpg,Hygrocybe,Hygrocybe,True,0.7632291316986084,0.0025957999896490946,BaselineCNN,test
data/processed/test\Hygrocybe\081_puYZ4KzYSqs.jpg,Hygrocybe,Cortinarius,False,0.9882573485374451,0.0028609000000869855,BaselineCNN,test
data/processed/test\Hygrocybe\107_8A2HnEVmiKo.jpg,Hygrocybe,Boletus,False,0.9998347759246826,0.0026217999984510243,BaselineCNN,test
data/processed/test\Hygrocybe\112_qr7hsvuhJZ0.jpg,Hygrocybe,Hygrocybe,True,0.8005241751670837,0.0025966999965021387,BaselineCNN,test
data/processed/test\Hygrocybe\126_0gAqgiheOxI.jpg,Hygrocybe,Hygrocybe,True,0.9749870300292969,0.0029636999970534816,BaselineCNN,test
data/processed/test\Hygrocybe\127_XCKEujZlVek.jpg,Hygrocybe,Lactarius,False,0.9849177002906799,0.002580100001068786,BaselineCNN,test
data/processed/test\Hygrocybe\129_j8zgmU7QMxU.jpg,Hygrocybe,Hygrocybe,True,0.9850333333015442,0.002926300003309734,BaselineCNN,test
data/processed/test\Hygrocybe\132_tuQX6vBvZRk.jpg,Hygrocybe,Cortinarius,False,0.8797830939292908,0.003001699995365925,BaselineCNN,test
data/processed/test\Hygrocybe\133_3_ieL2NtOF0.jpg,Hygrocybe,Boletus,False,0.7916291952133179,0.002584200003184378,BaselineCNN,test
data/processed/test\Hygrocybe\142_bhwsyvZtIY0.jpg,Hygrocybe,Lactarius,False,0.7666342258453369,0.0029304000054253265,BaselineCNN,test
data/processed/test\Hygrocybe\153_vIb6t4IHEzM.jpg,Hygrocybe,Hygrocybe,True,0.9976038336753845,0.0025456000003032386,BaselineCNN,test
data/processed/test\Hygrocybe\159_Ymge5g1qpP4.jpg,Hygrocybe,Boletus,False,0.9982907176017761,0.002930800008471124,BaselineCNN,test
data/processed/test\Hygrocybe\167_0dmBJfGHH8c.jpg,Hygrocybe,Hygrocybe,True,0.9381959438323975,0.0029288999940035865,BaselineCNN,test
data/processed/test\Hygrocybe\181_GCIMCymbYLk.jpg,Hygrocybe,Cortinarius,False,0.3259551227092743,0.00295209999603685,BaselineCNN,test
data/processed/test\Hygrocybe\188_5IJ0j3yYEyk.jpg,Hygrocybe,Entoloma,False,0.9414995908737183,0.002582999994046986,BaselineCNN,test
data/processed/test\Hygrocybe\201_9i5OZWNQwG0.jpg,Hygrocybe,Cortinarius,False,0.9734357595443726,0.0026046999992104247,BaselineCNN,test
data/processed/test\Hygrocybe\203_Z33ahTENL0Q.jpg,Hygrocybe,Russula,False,0.904244065284729,0.002832000012858771,BaselineCNN,test
data/processed/test\Hygrocybe\205_pVtK0sC_qAE.jpg,Hygrocybe,Hygrocybe,True,0.9901341795921326,0.002593300014268607,BaselineCNN,test
data/processed/test\Hygrocybe\216_jDgNLEnykyU.jpg,Hygrocybe,Cortinarius,False,0.8099230527877808,0.0025796999980229884,BaselineCNN,test
data/processed/test\Hygrocybe\225_KKCj-5wLqCA.jpg,Hygrocybe,Russula,False,0.7848473191261292,0.0028787000046577305,BaselineCNN,test
data/processed/test\Hygrocybe\227_L3z3XTxXk78.jpg,Hygrocybe,Suillus,False,0.6699015498161316,0.002986899999086745,BaselineCNN,test
data/processed/test\Hygrocybe\230_yk2KrQJOQS8.jpg,Hygrocybe,Lactarius,False,0.9999148845672607,0.002580400003353134,BaselineCNN,test
data/processed/test\Hygrocybe\240_7wFT2NzNJsA.jpg,Hygrocybe,Suillus,False,0.9887185096740723,0.0028409999940777197,BaselineCNN,test
data/processed/test\Hygrocybe\253_IgK1gMXB7S0.jpg,Hygrocybe,Boletus,False,0.6544751524925232,0.002631800001836382,BaselineCNN,test
data/processed/test\Hygrocybe\257_LPbsa5Oitj0.jpg,Hygrocybe,Cortinarius,False,0.6298474669456482,0.0026111000042874366,BaselineCNN,test
data/processed/test\Hygrocybe\271_wkoF4DRryAY.jpg,Hygrocybe,Inocybe,False,0.6205689311027527,0.0028628000000026077,BaselineCNN,test
data/processed/test\Hygrocybe\272_-uL1iUddkKE.jpg,Hygrocybe,Lactarius,False,0.9917954802513123,0.0027292000013403594,BaselineCNN,test
data/processed/test\Hygrocybe\279_qMPhGAtE9-E.jpg,Hygrocybe,Boletus,False,0.9967051148414612,0.0025830999948084354,BaselineCNN,test
data/processed/test\Hygrocybe\287_V13XWthHpss.jpg,Hygrocybe,Suillus,False,0.5189635157585144,0.0029280000017024577,BaselineCNN,test
data/processed/test\Hygrocybe\292_RJnjsciXCNM.jpg,Hygrocybe,Hygrocybe,True,0.984401524066925,0.002958500001113862,BaselineCNN,test
data/processed/test\Hygrocybe\299_VBHrsAmQC-E.jpg,Hygrocybe,Hygrocybe,True,0.9999988079071045,0.002585700000054203,BaselineCNN,test
data/processed/test\Hygrocybe\301_vp5CIThqt4k.jpg,Hygrocybe,Suillus,False,0.5183143019676208,0.002884499990614131,BaselineCNN,test
data/processed/test\Hygrocybe\314_tDtKkHcGxRM.jpg,Hygrocybe,Hygrocybe,True,0.9985573887825012,0.0029731999966315925,BaselineCNN,test
data/processed/test\Hygrocybe\325_rro3hIu1Nqw.jpg,Hygrocybe,Lactarius,False,0.3796318471431732,0.0026175000093644485,BaselineCNN,test
data/processed/test\Inocybe\AE2013PIC74694917.jpg,Inocybe,Inocybe,True,0.9708823561668396,0.0026729000092018396,BaselineCNN,test
data/processed/test\Inocybe\AE2015PIC76548267.jpg,Inocybe,Amanita,False,0.6180666089057922,0.0029964999994263053,BaselineCNN,test
data/processed/test\Inocybe\AS2010PIC58249290.jpg,Inocybe,Cortinarius,False,0.8561946153640747,0.0032129000028362498,BaselineCNN,test
data/processed/test\Inocybe\AS2017-9214269_rygo0WejZ.jpg,Inocybe,Lactarius,False,0.927740752696991,0.0026251999952364713,BaselineCNN,test
data/processed/test\Inocybe\BWP2010PIC63790785.jpg,Inocybe,Cortinarius,False,0.6697688698768616,0.002581100008683279,BaselineCNN,test
data/processed/test\Inocybe\BWP2011PIC57986404.jpg,Inocybe,Inocybe,True,0.9993876218795776,0.0032052000024123117,BaselineCNN,test
data/processed/test\Inocybe\BWP2013PIC14438171.jpg,Inocybe,Russula,False,0.7655068039894104,0.005878600000869483,BaselineCNN,test
data/processed/test\Inocybe\BWP2015PIC54111483.jpg,Inocybe,Exidia,False,0.6976855397224426,0.005920299998251721,BaselineCNN,test
data/processed/test\Inocybe\BWP2015PIC66105035.jpg,Inocybe,Lactarius,False,0.4097880721092224,0.01120769999397453,BaselineCNN,test
data/processed/test\Inocybe\BWP2016-9169400_r1cjMF0O.jpg,Inocybe,Agaricus,False,0.4701727628707886,0.00949330000730697,BaselineCNN,test
data/processed/test\Inocybe\BWP2016-9169400_ryGAfY0u.jpg,Inocybe,Russula,False,0.5500496029853821,0.00872009999875445,BaselineCNN,test
data/processed/test\Inocybe\CL2011PIC55659604.jpg,Inocybe,Boletus,False,0.9855092167854309,0.014595600005122833,BaselineCNN,test
data/processed/test\Inocybe\DB2013PIC33800138.jpg,Inocybe,Russula,False,0.810329258441925,0.0055847000039648265,BaselineCNN,test
data/processed/test\Inocybe\DB2013PIC42730442.jpg,Inocybe,Cortinarius,False,0.9997493624687195,0.0050829999963752925,BaselineCNN,test
data/processed/test\Inocybe\DB2013PIC57804056.jpg,Inocybe,Cortinarius,False,0.997610330581665,0.005560200006584637,BaselineCNN,test
data/processed/test\Inocybe\DB2013PIC89729265.jpg,Inocybe,Cortinarius,False,0.8874848484992981,0.005605500002275221,BaselineCNN,test
data/processed/test\Inocybe\EAT2012PIC64084765.jpg,Inocybe,Cortinarius,False,0.5251125693321228,0.005659800008288585,BaselineCNN,test
data/processed/test\Inocybe\EAT2012PIC84850246.jpg,Inocybe,Cortinarius,False,0.8415893912315369,0.005577999996603467,BaselineCNN,test
data/processed/test\Inocybe\EAT2013PIC54191345.jpg,Inocybe,Entoloma,False,0.6491401195526123,0.00555309999617748,BaselineCNN,test
data/processed/test\Inocybe\EAT2014PIC42270599.jpg,Inocybe,Cortinarius,False,0.27033454179763794,0.005312099994625896,BaselineCNN,test
data/processed/test\Inocybe\EAT2015PIC87367583.jpg,Inocybe,Suillus,False,0.671757161617279,0.002587500013760291,BaselineCNN,test
data/processed/test\Inocybe\EAT2015PIC89289492.jpg,Inocybe,Hygrocybe,False,0.4543185234069824,0.0027126000059070066,BaselineCNN,test
data/processed/test\Inocybe\EAT2017-9208647_BJQtzKntb.jpg,Inocybe,Inocybe,True,0.3015296161174774,0.002601999993203208,BaselineCNN,test
data/processed/test\Inocybe\FDE2011PIC86172261.jpg,Inocybe,Suillus,False,0.9689093828201294,0.0029492000030586496,BaselineCNN,test
data/processed/test\Inocybe\FDE2012PIC64061850.jpg,Inocybe,Inocybe,True,0.8525639176368713,0.002596100006485358,BaselineCNN,test
data/processed/test\Inocybe\FS2012PIC59633008.jpg,Inocybe,Hygrocybe,False,0.39575716853141785,0.002984099992318079,BaselineCNN,test
data/processed/test\Inocybe\JAH2014PIC52290371.jpg,Inocybe,Exidia,False,0.5700562596321106,0.002942200007964857,BaselineCNN,test
data/processed/test\Inocybe\JCS2009PIC20338594.jpg,Inocybe,Entoloma,False,0.996945321559906,0.0025714000075822696,BaselineCNN,test
data/processed/test\Inocybe\JCS2013PIC22587806.jpg,Inocybe,Inocybe,True,0.9939677715301514,0.002609699993627146,BaselineCNN,test
data/processed/test\Inocybe\JCS2013PIC43012548.jpg,Inocybe,Cortinarius,False,0.9662982225418091,0.002561100001912564,BaselineCNN,test
data/processed/test\Inocybe\JCS2013PIC83427178.jpg,Inocybe,Amanita,False,0.9844567179679871,0.002679199998965487,BaselineCNN,test
data/processed/test\Inocybe\JHC2017-9196021_r1DJCAiXW.jpg,Inocybe,Inocybe,True,0.8103459477424622,0.00362850000965409,BaselineCNN,test
data/processed/test\Inocybe\JHC2017-9201118_B1VmZiXPZ.jpg,Inocybe,Entoloma,False,0.9160531163215637,0.0045156999985920265,BaselineCNN,test
data/processed/test\Inocybe\JHC2017-9207705_H16Z0hStW.jpg,Inocybe,Inocybe,True,0.9792451858520508,0.0026975999935530126,BaselineCNN,test
data/processed/test\Inocybe\JM2012PIC76798409.jpg,Inocybe,Cortinarius,False,0.7404173016548157,0.003359099995577708,BaselineCNN,test
data/processed/test\Inocybe\JM2014PIC65927854.jpg,Inocybe,Lactarius,False,0.7804185152053833,0.002483200005372055,BaselineCNN,test
data/processed/test\Inocybe\JM2017-9200086_HkgcxFo28W.jpg,Inocybe,Russula,False,0.35751646757125854,0.004661300001316704,BaselineCNN,test
data/processed/test\Inocybe\JM2017-9200086_rkceKj2LZ.jpg,Inocybe,Russula,False,0.8690522909164429,0.0047113999899011105,BaselineCNN,test
data/processed/test\Inocybe\JM2017-9202674_ByodB43P-.jpg,Inocybe,Agaricus,False,0.9780348539352417,0.002910699986387044,BaselineCNN,test
data/processed/test\Inocybe\KNI2015PIC36175674.jpg,Inocybe,Cortinarius,False,0.9793331027030945,0.005373400010284968,BaselineCNN,test
data/processed/test\Inocybe\LDJ2009PIC30690154.jpg,Inocybe,Inocybe,True,0.5486139059066772,0.004421100005856715,BaselineCNN,test
data/processed/test\Inocybe\MACH2016-9178188_S1cpNX6A.jpg,Inocybe,Cortinarius,False,0.9109387397766113,0.005795399993075989,BaselineCNN,test
data/processed/test\Inocybe\MAV2010PIC78400496.jpg,Inocybe,Lactarius,False,0.3970474600791931,0.003552599999238737,BaselineCNN,test
data/processed/test\Inocybe\MAV2011PIC87756495.jpg,Inocybe,Inocybe,True,0.8859653472900391,0.0032956000068224967,BaselineCNN,test
data/processed/test\Inocybe\MAV2013PIC41670341.jpg,Inocybe,Lactarius,False,0.9518372416496277,0.004728100000647828,BaselineCNN,test
data/processed/test\Inocybe\ML2012PIC15959384.jpg,Inocybe,Inocybe,True,0.6139065623283386,0.004828300006920472,BaselineCNN,test
data/processed/test\Inocybe\MMN2010PIC77085274.jpg,Inocybe,Entoloma,False,0.956466794013977,0.0033856999943964183,BaselineCNN,test
data/processed/test\Inocybe\MS2009PIC48014779.jpg,Inocybe,Inocybe,True,0.9417048692703247,0.004438899995875545,BaselineCNN,test
data/processed/test\Inocybe\MS2009PIC76598275.jpg,Inocybe,Russula,False,0.7771621346473694,0.0029808999970555305,BaselineCNN,test
data/processed/test\Inocybe\MSO2012PIC41953814.jpg,Inocybe,Boletus,False,0.6788604855537415,0.0029944999987492338,BaselineCNN,test
data/processed/test\Inocybe\OBL2011PIC48076248.jpg,Inocybe,Lactarius,False,0.6828116774559021,0.0029249000072013587,BaselineCNN,test
data/processed/test\Inocybe\OBL2012PIC16913624.jpg,Inocybe,Inocybe,True,0.9190698862075806,0.003966099990066141,BaselineCNN,test
data/processed/test\Inocybe\PEL2017-9195655_B1Yl9j8mb.jpg,Inocybe,Inocybe,True,0.8707190155982971,0.0029181999998399988,BaselineCNN,test
data/processed/test\Inocybe\PETRA2017-9197483_rkgT7fMH-.jpg,Inocybe,Entoloma,False,0.9787858724594116,0.0024043000012170523,BaselineCNN,test
data/processed/test\Inocybe\PL2011PIC79270766.jpg,Inocybe,Inocybe,True,0.8008767366409302,0.0025499000039417297,BaselineCNN,test
data/processed/test\Inocybe\PTP2016-9171214_SyeyOS_pq.jpg,Inocybe,Cortinarius,False,0.6520146131515503,0.002873000004910864,BaselineCNN,test
data/processed/test\Inocybe\RE2010PIC60585326.jpg,Inocybe,Lactarius,False,0.9351871609687805,0.004382099999929778,BaselineCNN,test
data/processed/test\Inocybe\RE2012PIC39126061.jpg,Inocybe,Boletus,False,1.0,0.008541999995941296,BaselineCNN,test
data/processed/test\Inocybe\RE2012PIC69020667.jpg,Inocybe,Russula,False,0.9848542213439941,0.0036853999918093905,BaselineCNN,test
data/processed/test\Inocybe\SL2013PIC12810247.jpg,Inocybe,Boletus,False,0.39748936891555786,0.0035137999948346987,BaselineCNN,test
data/processed/test\Inocybe\TAK2012PIC72845888.jpg,Inocybe,Inocybe,True,0.9930353164672852,0.004241399990860373,BaselineCNN,test
data/processed/test\Inocybe\TAK2013PIC38129211.jpg,Inocybe,Inocybe,True,0.8229984045028687,0.007081000003381632,BaselineCNN,test
data/processed/test\Inocybe\TAK2014PIC74058257.jpg,Inocybe,Russula,False,0.5252571702003479,0.003950999991502613,BaselineCNN,test
data/processed/test\Inocybe\TAK2015PIC12430189.jpg,Inocybe,Exidia,False,0.9825047850608826,0.0025722999998833984,BaselineCNN,test
data/processed/test\Inocybe\TAK2017-9195726_SJBnA3Dm-.jpg,Inocybe,Suillus,False,0.37275004386901855,0.0029211999935796484,BaselineCNN,test
data/processed/test\Inocybe\TB2010PIC30549452.jpg,Inocybe,Inocybe,True,0.5566197633743286,0.002884400004404597,BaselineCNN,test
data/processed/test\Inocybe\TKH2011PIC29550858.jpg,Inocybe,Exidia,False,0.5881202220916748,0.004450299995369278,BaselineCNN,test
data/processed/test\Inocybe\TKH2012PIC24863747.jpg,Inocybe,Lactarius,False,0.5117709040641785,0.002946599997812882,BaselineCNN,test
data/processed/test\Inocybe\TKH2012PIC58539255.jpg,Inocybe,Suillus,False,0.8551703691482544,0.005415000006905757,BaselineCNN,test
data/processed/test\Inocybe\TKH2013PIC15346099.jpg,Inocybe,Suillus,False,0.479613333940506,0.004481399999349378,BaselineCNN,test
data/processed/test\Inocybe\TKH2013PIC24960254.jpg,Inocybe,Boletus,False,0.41123586893081665,0.002515900006983429,BaselineCNN,test
data/processed/test\Inocybe\TKH2013PIC33707521.jpg,Inocybe,Inocybe,True,0.7371681928634644,0.004768200000398792,BaselineCNN,test
data/processed/test\Inocybe\TKH2013PIC43429224.jpg,Inocybe,Lactarius,False,0.9010258913040161,0.0035275999980513006,BaselineCNN,test
data/processed/test\Inocybe\TKH2013PIC89377657.jpg,Inocybe,Suillus,False,0.6770400404930115,0.002595300000393763,BaselineCNN,test
data/processed/test\Inocybe\TKH2014PIC28133692.jpg,Inocybe,Cortinarius,False,0.8168977499008179,0.004452699999092147,BaselineCNN,test
data/processed/test\Inocybe\TOB2016-9177959_r1E_IZN1e.jpg,Inocybe,Inocybe,True,0.946269154548645,0.00454699998954311,BaselineCNN,test
data/processed/test\Inocybe\TOB2017-9194552_ryHFsS3MZ.jpg,Inocybe,Lactarius,False,0.5448391437530518,0.0029110000032233074,BaselineCNN,test
data/processed/test\Inocybe\TOB2017-9202157_SJH4BiA_P-.jpg,Inocybe,Inocybe,True,0.9053687453269958,0.0029140999977244064,BaselineCNN,test
data/processed/test\Inocybe\TOB2017-9202157_rkQEriRdDb.jpg,Inocybe,Inocybe,True,0.855954110622406,0.0035065999982180074,BaselineCNN,test
data/processed/test\Inocybe\TOB2017-9208818_BJI8SxBgcb.jpg,Inocybe,Inocybe,True,1.0,0.0050282000011065975,BaselineCNN,test
data/processed/test\Inocybe\TOB2017-9208818_Hy9LSxSe5Z.jpg,Inocybe,Inocybe,True,1.0,0.0028172000020276755,BaselineCNN,test
data/processed/test\Inocybe\TOB2017-9208818_rJG8reBe5Z.jpg,Inocybe,Inocybe,True,0.9999762773513794,0.0026919999945675954,BaselineCNN,test
data/processed/test\Inocybe\TOB2017-9208818_rk8Serx5W.jpg,Inocybe,Inocybe,True,0.9394621849060059,0.0025809999933699146,BaselineCNN,test
data/processed/test\Inocybe\TS2010PIC72695117.jpg,Inocybe,Amanita,False,0.9967480897903442,0.00393439999606926,BaselineCNN,test
data/processed/test\Inocybe\TS2011PIC26376558.jpg,Inocybe,Lactarius,False,0.9561790823936462,0.004450899999937974,BaselineCNN,test
data/processed/test\Inocybe\TS2011PIC53483517.jpg,Inocybe,Inocybe,True,0.9926907420158386,0.004541199989034794,BaselineCNN,test
data/processed/test\Inocybe\TS2011PIC53751796.jpg,Inocybe,Suillus,False,0.8820521831512451,0.003922799995052628,BaselineCNN,test
data/processed/test\Inocybe\TS2012PIC31340902.jpg,Inocybe,Cortinarius,False,0.9999222755432129,0.0036687999963760376,BaselineCNN,test
data/processed/test\Inocybe\TS2012PIC71517695.jpg,Inocybe,Lactarius,False,0.5149515867233276,0.0030842999985907227,BaselineCNN,test
data/processed/test\Inocybe\TS2012PIC76182348.jpg,Inocybe,Inocybe,True,0.9999204874038696,0.004502499999944121,BaselineCNN,test
data/processed/test\Inocybe\TS2013PIC21993338.jpg,Inocybe,Inocybe,True,0.9403955936431885,0.00258909999683965,BaselineCNN,test
data/processed/test\Inocybe\TS2013PIC26765211.jpg,Inocybe,Lactarius,False,0.8079081177711487,0.002468199993018061,BaselineCNN,test
data/processed/test\Inocybe\TS2015PIC48470465.jpg,Inocybe,Exidia,False,0.7938463687896729,0.0052832000073976815,BaselineCNN,test
data/processed/test\Inocybe\TS2016-9180197_S1b2-Dmpye.jpg,Inocybe,Inocybe,True,0.9980440139770508,0.003397899999981746,BaselineCNN,test
data/processed/test\Lactarius\0000_av7f-8yVUNY.jpg,Lactarius,Cortinarius,False,0.4717244505882263,0.0029110999894328415,BaselineCNN,test
data/processed/test\Lactarius\0004_gigZhorw0Eo.jpg,Lactarius,Cortinarius,False,0.7605082392692566,0.0024717000051168725,BaselineCNN,test
data/processed/test\Lactarius\0008_SSJpwPhX7Rs.jpg,Lactarius,Cortinarius,False,0.9723001718521118,0.0029092999902786687,BaselineCNN,test
data/processed/test\Lactarius\001_0eat5sScleY.jpg,Lactarius,Lactarius,True,0.9999731779098511,0.0037903000047663227,BaselineCNN,test
data/processed/test\Lactarius\0024_UzDaRx13wVs.jpg,Lactarius,Lactarius,True,0.9999980926513672,0.0024765999987721443,BaselineCNN,test
data/processed/test\Lactarius\0026_autPTj6WXpU.jpg,Lactarius,Lactarius,True,0.495118647813797,0.003851699992083013,BaselineCNN,test
data/processed/test\Lactarius\0036_UjqjlkUecEk.jpg,Lactarius,Lactarius,True,0.9983119964599609,0.002590999996755272,BaselineCNN,test
data/processed/test\Lactarius\0058_Ksaju-DFTOM.jpg,Lactarius,Lactarius,True,0.9997820258140564,0.0029403000080492347,BaselineCNN,test
data/processed/test\Lactarius\0071_2YKUxBBp95A.jpg,Lactarius,Agaricus,False,0.5441411733627319,0.0025843000039458275,BaselineCNN,test
data/processed/test\Lactarius\0078_67hlnzvWweg.jpg,Lactarius,Lactarius,True,0.9984075427055359,0.0026077999937115237,BaselineCNN,test
data/processed/test\Lactarius\0090_8gZ-MF4DF5c.jpg,Lactarius,Boletus,False,0.8999099731445312,0.003206299996236339,BaselineCNN,test
data/processed/test\Lactarius\0091_GJfhcGAsQEs.jpg,Lactarius,Lactarius,True,0.5170630216598511,0.002644799998961389,BaselineCNN,test
data/processed/test\Lactarius\0092_lAL2nLK6Yqc.jpg,Lactarius,Agaricus,False,0.7694845795631409,0.0030532000091625378,BaselineCNN,test
data/processed/test\Lactarius\0096_YCFCQKyiPFI.jpg,Lactarius,Boletus,False,0.6311897039413452,0.002587800001492724,BaselineCNN,test
data/processed/test\Lactarius\0100_VP4M5qp5Xuw.jpg,Lactarius,Lactarius,True,0.9999958276748657,0.0026618000119924545,BaselineCNN,test
data/processed/test\Lactarius\0108_bkdZqadlJYM.jpg,Lactarius,Lactarius,True,0.9860753417015076,0.0028426999924704432,BaselineCNN,test
data/processed/test\Lactarius\0117_LS-tLCqWBuQ.jpg,Lactarius,Lactarius,True,0.7926040291786194,0.004343099994002841,BaselineCNN,test
data/processed/test\Lactarius\0125_WOyBnDf1Lbs.jpg,Lactarius,Lactarius,True,0.9654594659805298,0.002928999994765036,BaselineCNN,test
data/processed/test\Lactarius\0147_ZAySZ3Wkn8k.jpg,Lactarius,Suillus,False,0.9209227561950684,0.0030540000007022172,BaselineCNN,test
data/processed/test\Lactarius\0156_xCwDrPY72us.jpg,Lactarius,Cortinarius,False,0.836911141872406,0.002718999996432103,BaselineCNN,test
data/processed/test\Lactarius\0174_S-0siMhJtoc.jpg,Lactarius,Lactarius,True,0.5405343770980835,0.003446500006248243,BaselineCNN,test
data/processed/test\Lactarius\0180_j-oei6bAdy0.jpg,Lactarius,Lactarius,True,0.9995219707489014,0.002921899998909794,BaselineCNN,test
data/processed/test\Lactarius\0184_wNzoTeCzC5o.jpg,Lactarius,Russula,False,0.8624072074890137,0.0028907999949296936,BaselineCNN,test
data/processed/test\Lactarius\0188_QDGj1_inixA.jpg,Lactarius,Russula,False,0.4340452253818512,0.0025695000076666474,BaselineCNN,test
data/processed/test\Lactarius\0189_u2k3sXqag1M.jpg,Lactarius,Lactarius,True,0.9663178324699402,0.0041271000081906095,BaselineCNN,test
data/processed/test\Lactarius\0192_st28pxbylcw.jpg,Lactarius,Boletus,False,0.9790705442428589,0.004185199999483302,BaselineCNN,test
data/processed/test\Lactarius\0202_gGw05EbUi_w.jpg,Lactarius,Cortinarius,False,0.9674605131149292,0.002905000001192093,BaselineCNN,test
data/processed/test\Lactarius\0204_PNAIMfY3CWk.jpg,Lactarius,Amanita,False,0.6079744696617126,0.0025366000045323744,BaselineCNN,test
data/processed/test\Lactarius\020_AhURHwS9I_c.jpg,Lactarius,Lactarius,True,0.9311812520027161,0.0035597999958554283,BaselineCNN,test
data/processed/test\Lactarius\0211_a-wtZr6fOMw.jpg,Lactarius,Lactarius,True,0.997861921787262,0.002636199991684407,BaselineCNN,test
data/processed/test\Lactarius\0212_6r0AFhCvTk4.jpg,Lactarius,Lactarius,True,0.9968061447143555,0.0029015000036451966,BaselineCNN,test
data/processed/test\Lactarius\0222_JO5jLmkfAw0.jpg,Lactarius,Suillus,False,0.4887113869190216,0.0026373000000603497,BaselineCNN,test
data/processed/test\Lactarius\0224_XrApvIigcOQ.jpg,Lactarius,Lactarius,True,0.9961912631988525,0.00261210001190193,BaselineCNN,test
data/processed/test\Lactarius\0228_HknGOROG6Cs.jpg,Lactarius,Lactarius,True,0.9809627532958984,0.0027216000016778708,BaselineCNN,test
data/processed/test\Lactarius\0233_YNlSVzp0Kjo.jpg,Lactarius,Boletus,False,0.9115958213806152,0.0025925999943865463,BaselineCNN,test
data/processed/test\Lactarius\0237_zZdLcl0mkD0.jpg,Lactarius,Lactarius,True,0.40855786204338074,0.002567899995483458,BaselineCNN,test
data/processed/test\Lactarius\0242_zOYn0DVnISo.jpg,Lactarius,Lactarius,True,0.9967286586761475,0.0025190999876940623,BaselineCNN,test
data/processed/test\Lactarius\0251_wz4ikkhjBU8.jpg,Lactarius,Boletus,False,0.42571723461151123,0.0024693000013940036,BaselineCNN,test
data/processed/test\Lactarius\0256_AfKj-CzsmLI.jpg,Lactarius,Lactarius,True,0.9778368473052979,0.002957999997306615,BaselineCNN,test
data/processed/test\Lactarius\025_8bHMwyrm1xE.jpg,Lactarius,Cortinarius,False,0.7245336174964905,0.0025926999951479957,BaselineCNN,test
data/processed/test\Lactarius\0261_pUdRYRMfy7c.jpg,Lactarius,Lactarius,True,0.777259111404419,0.002580200001830235,BaselineCNN,test
data/processed/test\Lactarius\0264_9xkZs2wAZRQ.jpg,Lactarius,Lactarius,True,0.6751099228858948,0.002876799990190193,BaselineCNN,test
data/processed/test\Lactarius\0270_1nWaT7nSeDE.jpg,Lactarius,Lactarius,True,0.9936500191688538,0.0024910999927669764,BaselineCNN,test
data/processed/test\Lactarius\0271_kYpV1APLO9s.jpg,Lactarius,Lactarius,True,0.3337211310863495,0.003461000000243075,BaselineCNN,test
data/processed/test\Lactarius\0275_akjCXeShyUw.jpg,Lactarius,Lactarius,True,0.9585497379302979,0.0029340999899432063,BaselineCNN,test
data/processed/test\Lactarius\0290_KNGFGvBuZbU.jpg,Lactarius,Russula,False,0.5935812592506409,0.002541399997426197,BaselineCNN,test
data/processed/test\Lactarius\0307_MA7GubKH4ZM.jpg,Lactarius,Russula,False,0.512281596660614,0.0025966999965021387,BaselineCNN,test
data/processed/test\Lactarius\0313_CWX_V7CeQM4.jpg,Lactarius,Boletus,False,0.539228081703186,0.002906900001107715,BaselineCNN,test
data/processed/test\Lactarius\0322_2UpHsEF5Mzs.jpg,Lactarius,Lactarius,True,0.7007277011871338,0.0025634000048739836,BaselineCNN,test
data/processed/test\Lactarius\0325_lAq1Din489Y.jpg,Lactarius,Lactarius,True,0.28587183356285095,0.002808799996273592,BaselineCNN,test
data/processed/test\Lactarius\0328_8IPggG6t9VY.jpg,Lactarius,Amanita,False,0.7065697312355042,0.0029399000050034374,BaselineCNN,test
data/processed/test\Lactarius\0335_dVTfQmjMltw.jpg,Lactarius,Russula,False,0.9868020415306091,0.0026206000038655475,BaselineCNN,test
data/processed/test\Lactarius\0340_0gzvFhGVf5M.jpg,Lactarius,Lactarius,True,0.771234929561615,0.0029473000031430274,BaselineCNN,test
data/processed/test\Lactarius\0348_OWdZuiQh9xc.jpg,Lactarius,Lactarius,True,0.4230450987815857,0.0024579999881098047,BaselineCNN,test
data/processed/test\Lactarius\0356_gTCmsPnWyO4.jpg,Lactarius,Boletus,False,0.5629171133041382,0.002358600002480671,BaselineCNN,test
data/processed/test\Lactarius\0360_Bfw8PtjOZoI.jpg,Lactarius,Boletus,False,0.9998825788497925,0.002719800002523698,BaselineCNN,test
data/processed/test\Lactarius\036_Tku_ku-u_WQ.jpg,Lactarius,Cortinarius,False,0.9542321562767029,0.0028935000009369105,BaselineCNN,test
data/processed/test\Lactarius\0375_E_5sHNAa0DU.jpg,Lactarius,Lactarius,True,0.25986945629119873,0.002602900000056252,BaselineCNN,test
data/processed/test\Lactarius\0385_zeoDavzC8Ec.jpg,Lactarius,Boletus,False,0.7787712216377258,0.0024440999986836687,BaselineCNN,test
data/processed/test\Lactarius\0405_XQ5FsiWx3Sc.jpg,Lactarius,Lactarius,True,0.7511405348777771,0.0029574999934993684,BaselineCNN,test
data/processed/test\Lactarius\0422_5SNHMw4kUg4.jpg,Lactarius,Lactarius,True,0.9877845048904419,0.0025061000051209703,BaselineCNN,test
data/processed/test\Lactarius\0436_3AJoqSsMCPY.jpg,Lactarius,Lactarius,True,0.9902752637863159,0.003123100002994761,BaselineCNN,test
data/processed/test\Lactarius\0438_7Qg0kxIGbd4.jpg,Lactarius,Lactarius,True,0.981181263923645,0.002882500004488975,BaselineCNN,test
data/processed/test\Lactarius\043_JIiImC3i_NQ.jpg,Lactarius,Cortinarius,False,0.8236709833145142,0.002683800004888326,BaselineCNN,test
data/processed/test\Lactarius\0462_t7WHbpJLnZA.jpg,Lactarius,Lactarius,True,0.9865549802780151,0.0024527000059606507,BaselineCNN,test
data/processed/test\Lactarius\0473_FeKBXttVCwg.jpg,Lactarius,Russula,False,0.5434125065803528,0.002832700003637001,BaselineCNN,test
data/processed/test\Lactarius\0488_l_gNg2GDLEk.jpg,Lactarius,Amanita,False,0.7798808813095093,0.002845600000000559,BaselineCNN,test
data/processed/test\Lactarius\0489_6GuHfi0wmko.jpg,Lactarius,Lactarius,True,0.7055835723876953,0.002544500006479211,BaselineCNN,test
data/processed/test\Lactarius\0499_MWZEqXbgfwc.jpg,Lactarius,Lactarius,True,0.9589354395866394,0.003455700003542006,BaselineCNN,test
data/processed/test\Lactarius\0512_Sot3apiP2eQ.jpg,Lactarius,Cortinarius,False,0.9697232246398926,0.0029092999902786687,BaselineCNN,test
data/processed/test\Lactarius\0526_O8CTOvfgWXg.jpg,Lactarius,Exidia,False,0.6184571981430054,0.002541000008932315,BaselineCNN,test
data/processed/test\Lactarius\0532_7BfGW7kGfzM.jpg,Lactarius,Suillus,False,0.7673746943473816,0.0028196000057505444,BaselineCNN,test
data/processed/test\Lactarius\0537_q78Py0hHqVc.jpg,Lactarius,Suillus,False,0.5502086281776428,0.002938299992820248,BaselineCNN,test
data/processed/test\Lactarius\0545_ewwuwHvRvLc.jpg,Lactarius,Cortinarius,False,0.6965544819831848,0.002561100001912564,BaselineCNN,test
data/processed/test\Lactarius\056_9JgBES16B_4.jpg,Lactarius,Lactarius,True,0.9993317723274231,0.0025205999991158023,BaselineCNN,test
data/processed/test\Lactarius\0571_3sjlFMXpK_0.jpg,Lactarius,Cortinarius,False,0.6430186629295349,0.003987399992183782,BaselineCNN,test
data/processed/test\Lactarius\0576_5wNWaAeW6vo.jpg,Lactarius,Russula,False,0.9521402716636658,0.0029436000040732324,BaselineCNN,test
data/processed/test\Lactarius\0596_ROVmIKr9KjA.jpg,Lactarius,Hygrocybe,False,0.9986088871955872,0.0026074999914271757,BaselineCNN,test
data/processed/test\Lactarius\0612_qfZxbbQUJ2o.jpg,Lactarius,Cortinarius,False,0.8796906471252441,0.002858200008631684,BaselineCNN,test
data/processed/test\Lactarius\0615_R0G-yDrCQ6U.jpg,Lactarius,Russula,False,0.40423908829689026,0.0029983999993419275,BaselineCNN,test
data/processed/test\Lactarius\061_KShq81HACXk.jpg,Lactarius,Hygrocybe,False,0.4144206643104553,0.003028699997230433,BaselineCNN,test
data/processed/test\Lactarius\0628_7XDugUX8ezg.jpg,Lactarius,Boletus,False,0.8145809173583984,0.0025966999965021387,BaselineCNN,test
data/processed/test\Lactarius\0630_3idJVXnrBF4.jpg,Lactarius,Boletus,False,0.7882278561592102,0.0029158999968785793,BaselineCNN,test
data/processed/test\Lactarius\0645_Z6spVFbiuEY.jpg,Lactarius,Lactarius,True,0.5611281394958496,0.0025337999977637082,BaselineCNN,test
data/processed/test\Lactarius\0649_uwl8etw5T-s.jpg,Lactarius,Lactarius,True,0.9200320839881897,0.0029261000017868355,BaselineCNN,test
data/processed/test\Lactarius\0651_vzBdVntLr8c.jpg,Lactarius,Lactarius,True,0.8547153472900391,0.0028898000018671155,BaselineCNN,test
data/processed/test\Lactarius\0664_vTIkNBMlgC0.jpg,Lactarius,Inocybe,False,0.44163766503334045,0.0025999000063166022,BaselineCNN,test
data/processed/test\Lactarius\0670_V1ZK2sFc-Ro.jpg,Lactarius,Lactarius,True,0.9519245028495789,0.002886300004320219,BaselineCNN,test
data/processed/test\Lactarius\0672_VwMevK3GQmI.jpg,Lactarius,Lactarius,True,0.9691153168678284,0.0025448999949730933,BaselineCNN,test
data/processed/test\Lactarius\0674_jfw03-JCIg4.jpg,Lactarius,Lactarius,True,0.9968858361244202,0.002887800001190044,BaselineCNN,test
data/processed/test\Lactarius\0675_t0wBJuQaX1I.jpg,Lactarius,Lactarius,True,0.9997827410697937,0.0025529999984428287,BaselineCNN,test
data/processed/test\Lactarius\0680_9iK0lHxdnbE.jpg,Lactarius,Russula,False,0.8853976726531982,0.0028957000031368807,BaselineCNN,test
data/processed/test\Lactarius\069_WjmaRv5colU.jpg,Lactarius,Lactarius,True,0.9989680051803589,0.0025033999991137534,BaselineCNN,test
data/processed/test\Lactarius\0704_ylcLIXgu01w.jpg,Lactarius,Lactarius,True,0.8776469826698303,0.0029094000055920333,BaselineCNN,test
data/processed/test\Lactarius\0706_5KiNR80hz8c.jpg,Lactarius,Lactarius,True,0.8877775073051453,0.002878299987060018,BaselineCNN,test
data/processed/test\Lactarius\0709_rGbRBgcO1Bo.jpg,Lactarius,Boletus,False,0.5461449027061462,0.002479899994796142,BaselineCNN,test
data/processed/test\Lactarius\0716_XAFN8ZsH8Oc.jpg,Lactarius,Lactarius,True,0.9449787735939026,0.00254760000098031,BaselineCNN,test
data/processed/test\Lactarius\0734_NI0Ax90MD5c.jpg,Lactarius,Suillus,False,0.9010392427444458,0.002561100001912564,BaselineCNN,test
data/processed/test\Lactarius\0736_aLqBxhhsMow.jpg,Lactarius,Lactarius,True,0.9804915189743042,0.002873000004910864,BaselineCNN,test
data/processed/test\Lactarius\0745_ey3D5LyzKTY.jpg,Lactarius,Amanita,False,0.45486295223236084,0.0028393999964464456,BaselineCNN,test
data/processed/test\Lactarius\0747_adx1MMw58MI.jpg,Lactarius,Lactarius,True,0.973258912563324,0.0027895999955944717,BaselineCNN,test
data/processed/test\Lactarius\0756_C1Ll5LZF_Cg.jpg,Lactarius,Agaricus,False,0.9446114897727966,0.0029126000008545816,BaselineCNN,test
data/processed/test\Lactarius\0757_3LeqE6pda1M.jpg,Lactarius,Cortinarius,False,0.9501059651374817,0.0025707000022521242,BaselineCNN,test
data/processed/test\Lactarius\0759_oLEvM6Hhevs.jpg,Lactarius,Lactarius,True,0.968217134475708,0.0029214999958639964,BaselineCNN,test
data/processed/test\Lactarius\0762_KnQg1QaWm0A.jpg,Lactarius,Amanita,False,0.895971953868866,0.0028043000056641176,BaselineCNN,test
data/processed/test\Lactarius\0773_7sw6xICACRk.jpg,Lactarius,Lactarius,True,0.7794643640518188,0.0025917000020854175,BaselineCNN,test
data/processed/test\Lactarius\0782_4hQQMaTQWEI.jpg,Lactarius,Lactarius,True,0.8811258673667908,0.0026178999978583306,BaselineCNN,test
data/processed/test\Lactarius\0788_pRAv0S0JJWw.jpg,Lactarius,Agaricus,False,0.42553529143333435,0.0027947000053245574,BaselineCNN,test
data/processed/test\Lactarius\0789_YdasocklYzQ.jpg,Lactarius,Inocybe,False,0.9101355075836182,0.0025535000022500753,BaselineCNN,test
data/processed/test\Lactarius\0793_0GzeXD2rqQY.jpg,Lactarius,Russula,False,0.721087634563446,0.002852400008123368,BaselineCNN,test
data/processed/test\Lactarius\0794_rAh-SYlXfxI.jpg,Lactarius,Agaricus,False,0.3528658449649811,0.002547900003264658,BaselineCNN,test
data/processed/test\Lactarius\0805_zrH6_rVsSM8.jpg,Lactarius,Lactarius,True,0.7691072225570679,0.002905300003476441,BaselineCNN,test
data/processed/test\Lactarius\0809_nKVSQbfh_8Q.jpg,Lactarius,Russula,False,0.9645153284072876,0.0029233999957796186,BaselineCNN,test
data/processed/test\Lactarius\0810_HmCW6dmg8ww.jpg,Lactarius,Boletus,False,0.981955349445343,0.00299510000331793,BaselineCNN,test
data/processed/test\Lactarius\0811_fny9MwqLlJQ.jpg,Lactarius,Lactarius,True,0.8944581747055054,0.002659799996763468,BaselineCNN,test
data/processed/test\Lactarius\0814_QfgRmQ7qhf4.jpg,Lactarius,Amanita,False,0.8748042583465576,0.0025966999965021387,BaselineCNN,test
data/processed/test\Lactarius\0819_UXB8BitCLeg.jpg,Lactarius,Lactarius,True,0.9843292236328125,0.0025697999953990802,BaselineCNN,test
data/processed/test\Lactarius\0823_Ux2nE3c9Um8.jpg,Lactarius,Lactarius,True,0.9978442192077637,0.002670699992449954,BaselineCNN,test
data/processed/test\Lactarius\0829_s0YUBr49gwI.jpg,Lactarius,Lactarius,True,0.26563525199890137,0.0028528000111691654,BaselineCNN,test
data/processed/test\Lactarius\083_b-MWcypdVgI.jpg,Lactarius,Lactarius,True,0.998895525932312,0.0025456000003032386,BaselineCNN,test
data/processed/test\Lactarius\0852_7k3Zyy3_DGE.jpg,Lactarius,Boletus,False,0.5493316054344177,0.0025822000025073066,BaselineCNN,test
data/processed/test\Lactarius\0861_R-QITvIdQ0I.jpg,Lactarius,Russula,False,0.9526549577713013,0.002675299998372793,BaselineCNN,test
data/processed/test\Lactarius\0863_vVoT2CYybJg.jpg,Lactarius,Boletus,False,0.5237306952476501,0.002546600007917732,BaselineCNN,test
data/processed/test\Lactarius\0868_VH-IjF4KU2A.jpg,Lactarius,Lactarius,True,0.9935131669044495,0.002956099997390993,BaselineCNN,test
data/processed/test\Lactarius\0874_2lGLHI_YG5k.jpg,Lactarius,Suillus,False,0.898375391960144,0.0025705999869387597,BaselineCNN,test
data/processed/test\Lactarius\087_L5ZS-DiYxEI.jpg,Lactarius,Lactarius,True,0.9999427795410156,0.0025519999908283353,BaselineCNN,test
data/processed/test\Lactarius\0881_3RtHEelIwJ0.jpg,Lactarius,Lactarius,True,0.9929023385047913,0.002669100009370595,BaselineCNN,test
data/processed/test\Lactarius\0886_DVymd3ri6ok.jpg,Lactarius,Lactarius,True,0.9038731455802917,0.0028612000023713335,BaselineCNN,test
data/processed/test\Lactarius\0890_Fm2kZLQ186E.jpg,Lactarius,Lactarius,True,0.7920482754707336,0.002555200000642799,BaselineCNN,test
data/processed/test\Lactarius\0891_y4giXhWdmzg.jpg,Lactarius,Boletus,False,0.44086119532585144,0.0025796999980229884,BaselineCNN,test
data/processed/test\Lactarius\0894_faLSlbF53CA.jpg,Lactarius,Lactarius,True,0.8066554665565491,0.002542000001994893,BaselineCNN,test
data/processed/test\Lactarius\0898_H5ncLRcbiOQ.jpg,Lactarius,Lactarius,True,0.3758608102798462,0.002602999986265786,BaselineCNN,test
data/processed/test\Lactarius\089_AJoVxJM23M4.jpg,Lactarius,Boletus,False,0.7498210072517395,0.0029436000040732324,BaselineCNN,test
data/processed/test\Lactarius\0904_Z0MfidvU7JU.jpg,Lactarius,Agaricus,False,0.8822572827339172,0.0030119000002741814,BaselineCNN,test
data/processed/test\Lactarius\0924_mvAXbhaPY-k.jpg,Lactarius,Agaricus,False,0.405187726020813,0.002910200011683628,BaselineCNN,test
data/processed/test\Lactarius\0931_qYe0VtJnAhQ.jpg,Lactarius,Boletus,False,0.6655349135398865,0.0030104000034043565,BaselineCNN,test
data/processed/test\Lactarius\0941_SIWGBlVT-DI.jpg,Lactarius,Suillus,False,0.987536609172821,0.0025458000018261373,BaselineCNN,test
data/processed/test\Lactarius\0948_omWNNnbQkxU.jpg,Lactarius,Suillus,False,0.8074499368667603,0.002940999998827465,BaselineCNN,test
data/processed/test\Lactarius\094_-2iyr_W_qvQ.jpg,Lactarius,Lactarius,True,0.7039397954940796,0.0025501000054646283,BaselineCNN,test
data/processed/test\Lactarius\0950_ijfkg6qgVms.jpg,Lactarius,Lactarius,True,0.4371963143348694,0.002987500003655441,BaselineCNN,test
data/processed/test\Lactarius\095_BtaRrYfMJVs.jpg,Lactarius,Russula,False,0.7523332834243774,0.0030878000106895342,BaselineCNN,test
data/processed/test\Lactarius\0966_RRkmCZs4Hgk.jpg,Lactarius,Russula,False,0.5834112763404846,0.0028282999992370605,BaselineCNN,test
data/processed/test\Lactarius\0968_D_TOmURQt5M.jpg,Lactarius,Lactarius,True,0.7373991012573242,0.007583200000226498,BaselineCNN,test
data/processed/test\Lactarius\0975_TPuBswVPF4E.jpg,Lactarius,Suillus,False,0.5900801420211792,0.002934299991466105,BaselineCNN,test
data/processed/test\Lactarius\0978_f0jCRe74OWg.jpg,Lactarius,Lactarius,True,0.9819223880767822,0.0028954000008525327,BaselineCNN,test
data/processed/test\Lactarius\097_EnaERH1OSng.jpg,Lactarius,Boletus,False,0.8754596710205078,0.002969000008306466,BaselineCNN,test
data/processed/test\Lactarius\0980_m_ohZyV7g-Y.jpg,Lactarius,Boletus,False,0.7350181937217712,0.005217500001890585,BaselineCNN,test
data/processed/test\Lactarius\0990_eosoYFrwQLI.jpg,Lactarius,Cortinarius,False,0.3720962703227997,0.0030404999997699633,BaselineCNN,test
data/processed/test\Lactarius\0993_vWFD5m5EFdw.jpg,Lactarius,Lactarius,True,0.9721008539199829,0.0026376000023446977,BaselineCNN,test
data/processed/test\Lactarius\0997_I_lCHDRsFnk.jpg,Lactarius,Inocybe,False,0.6527623534202576,0.004366099994513206,BaselineCNN,test
data/processed/test\Lactarius\099_tlQryExCSSc.jpg,Lactarius,Russula,False,0.634042501449585,0.0027181000041309744,BaselineCNN,test
data/processed/test\Lactarius\1023_5KzdIbZlWao.jpg,Lactarius,Boletus,False,0.8088710904121399,0.004053099997690879,BaselineCNN,test
data/processed/test\Lactarius\1031_-Xmag74uj8c.jpg,Lactarius,Cortinarius,False,0.9624795317649841,0.0027581000031204894,BaselineCNN,test
data/processed/test\Lactarius\1035_5IsEFXEEEaY.jpg,Lactarius,Boletus,False,0.7231650352478027,0.003748500006622635,BaselineCNN,test
data/processed/test\Lactarius\1039_IeXUvS5caiU.jpg,Lactarius,Lactarius,True,0.5731736421585083,0.0030295000033220276,BaselineCNN,test
data/processed/test\Lactarius\1051_OqWmAht3bQo.jpg,Lactarius,Lactarius,True,0.7894951105117798,0.0027473999944049865,BaselineCNN,test
data/processed/test\Lactarius\1084__qV9VGarloM.jpg,Lactarius,Amanita,False,0.893591582775116,0.0026713000115705654,BaselineCNN,test
data/processed/test\Lactarius\1087_T-XOvJDzPj4.jpg,Lactarius,Russula,False,0.9614315032958984,0.0025683999992907047,BaselineCNN,test
data/processed/test\Lactarius\108_M1XYdkUcelY.jpg,Lactarius,Amanita,False,0.633333146572113,0.0025956999888876453,BaselineCNN,test
data/processed/test\Lactarius\1095_DTLgzikyFDc.jpg,Lactarius,Lactarius,True,0.9029995799064636,0.0026664000033633783,BaselineCNN,test
data/processed/test\Lactarius\1102_LESYYltPhNw.jpg,Lactarius,Lactarius,True,0.9999064207077026,0.0031663999980082735,BaselineCNN,test
data/processed/test\Lactarius\1104_Top2jkbHf3c.jpg,Lactarius,Agaricus,False,0.9964840412139893,0.002940799997304566,BaselineCNN,test
data/processed/test\Lactarius\1108_Drq20AGMUPU.jpg,Lactarius,Lactarius,True,0.7280734777450562,0.0029614999948535115,BaselineCNN,test
data/processed/test\Lactarius\1112_BjWWPLj9vfs.jpg,Lactarius,Russula,False,0.9614315032958984,0.0025797999987844378,BaselineCNN,test
data/processed/test\Lactarius\1119_97YWRRfAMdE.jpg,Lactarius,Lactarius,True,0.9276176691055298,0.0029489000007743016,BaselineCNN,test
data/processed/test\Lactarius\1126_OzpDgrwjWNc.jpg,Lactarius,Lactarius,True,0.6335602402687073,0.0029843000083928928,BaselineCNN,test
data/processed/test\Lactarius\1133_HDYDTLTS4FA.jpg,Lactarius,Lactarius,True,0.495118647813797,0.0026489999872865155,BaselineCNN,test
data/processed/test\Lactarius\1140_L4hzKxVbQc0.jpg,Lactarius,Amanita,False,0.8986068367958069,0.0029855000029783696,BaselineCNN,test
data/processed/test\Lactarius\1144_d52jIf1q8OQ.jpg,Lactarius,Russula,False,0.9793287515640259,0.0025956999888876453,BaselineCNN,test
data/processed/test\Lactarius\1157_lIsQAIM1Bms.jpg,Lactarius,Russula,False,0.9811576008796692,0.004195999994408339,BaselineCNN,test
data/processed/test\Lactarius\1163_6urWblLWaP0.jpg,Lactarius,Boletus,False,0.5876603126525879,0.0029092000040691346,BaselineCNN,test
data/processed/test\Lactarius\1164_sa2vKVnzdDU.jpg,Lactarius,Lactarius,True,0.9092780351638794,0.003074799999012612,BaselineCNN,test
data/processed/test\Lactarius\1168_liGHHAZOR28.jpg,Lactarius,Boletus,False,0.9898928999900818,0.0029749999957857653,BaselineCNN,test
data/processed/test\Lactarius\1185_l8CcBJMEx4U.jpg,Lactarius,Lactarius,True,0.8527437448501587,0.0025896000006468967,BaselineCNN,test
data/processed/test\Lactarius\1187_SFmMgNJ91-I.jpg,Lactarius,Russula,False,0.5908142924308777,0.004190600011497736,BaselineCNN,test
data/processed/test\Lactarius\1194_Q_-2-NBIRlk.jpg,Lactarius,Cortinarius,False,0.6211689114570618,0.002626399989821948,BaselineCNN,test
data/processed/test\Lactarius\1199_hy7BCb0o9Ss.jpg,Lactarius,Russula,False,0.817847728729248,0.00293950000195764,BaselineCNN,test
data/processed/test\Lactarius\1205_V_YJfaEofno.jpg,Lactarius,Boletus,False,0.48451003432273865,0.0030168999946909025,BaselineCNN,test
data/processed/test\Lactarius\1209_-oHFXkHNN6c.jpg,Lactarius,Suillus,False,0.4369235634803772,0.003068100006203167,BaselineCNN,test
data/processed/test\Lactarius\1210_5y8ObCFK_r4.jpg,Lactarius,Boletus,False,0.9388021230697632,0.0026212999946437776,BaselineCNN,test
data/processed/test\Lactarius\1213_E6SGc19pJFY.jpg,Lactarius,Suillus,False,0.9926421046257019,0.002787499994155951,BaselineCNN,test
data/processed/test\Lactarius\1223_6yV3bv_fpo8.jpg,Lactarius,Lactarius,True,0.9663515686988831,0.0029709000082220882,BaselineCNN,test
data/processed/test\Lactarius\1224_Yn3W7OW8tkQ.jpg,Lactarius,Lactarius,True,0.7789976596832275,0.0025975000025937334,BaselineCNN,test
data/processed/test\Lactarius\1226_nyvT8mRno3g.jpg,Lactarius,Boletus,False,0.5956071615219116,0.0026584000006550923,BaselineCNN,test
data/processed/test\Lactarius\122_W_5GcNcAuN4.jpg,Lactarius,Lactarius,True,0.663338840007782,0.002668500004801899,BaselineCNN,test
data/processed/test\Lactarius\1251_bPDEkspIv50.jpg,Lactarius,Boletus,False,0.8066486716270447,0.0029786000086460263,BaselineCNN,test
data/processed/test\Lactarius\1252_73K3pd3sWMQ.jpg,Lactarius,Lactarius,True,0.7136631608009338,0.005591699999058619,BaselineCNN,test
data/processed/test\Lactarius\128_dfE8pjx6FdQ.jpg,Lactarius,Cortinarius,False,0.6506060361862183,0.005269900007988326,BaselineCNN,test
data/processed/test\Lactarius\136_2lSzCzGC8cs.jpg,Lactarius,Agaricus,False,0.4899866580963135,0.005549199995584786,BaselineCNN,test
data/processed/test\Lactarius\140_exY6qQ3hXgY.jpg,Lactarius,Cortinarius,False,0.9982324242591858,0.0057813000021269545,BaselineCNN,test
data/processed/test\Lactarius\149_CwuowlVAMxY.jpg,Lactarius,Exidia,False,0.9757059812545776,0.005543200008105487,BaselineCNN,test
data/processed/test\Lactarius\153_gN8-LTmbt4U.jpg,Lactarius,Agaricus,False,0.8888700604438782,0.004789800004800782,BaselineCNN,test
data/processed/test\Lactarius\164_YmyEAa79xJY.jpg,Lactarius,Lactarius,True,0.9392998218536377,0.005628699989756569,BaselineCNN,test
data/processed/test\Lactarius\166_m4APlqR5cX8.jpg,Lactarius,Lactarius,True,0.992070734500885,0.005611900007352233,BaselineCNN,test
data/processed/test\Lactarius\167_sbpN5cmc4Qw.jpg,Lactarius,Boletus,False,0.9928532242774963,0.004985599996871315,BaselineCNN,test
data/processed/test\Lactarius\172_AtgfiwOgTAk.jpg,Lactarius,Lactarius,True,0.9654551148414612,0.008061000000452623,BaselineCNN,test
data/processed/test\Lactarius\175_I_Sk3JdyB8Q.jpg,Lactarius,Lactarius,True,0.9202521443367004,0.005543699997360818,BaselineCNN,test
data/processed/test\Lactarius\176_7c5SOZYoEEQ.jpg,Lactarius,Lactarius,True,0.5789018869400024,0.005054799999925308,BaselineCNN,test
data/processed/test\Lactarius\182_Z_eMo84pz4w.jpg,Lactarius,Boletus,False,0.5732511281967163,0.008213799999793991,BaselineCNN,test
data/processed/test\Lactarius\186_vqv6RGdM7tQ.jpg,Lactarius,Lactarius,True,0.29694128036499023,0.0048020999965956435,BaselineCNN,test
data/processed/test\Lactarius\187_9b5XfCCHe9s.jpg,Lactarius,Inocybe,False,0.5376419425010681,0.005477699989569373,BaselineCNN,test
data/processed/test\Lactarius\188__ssneZ3zq44.jpg,Lactarius,Exidia,False,0.6686093211174011,0.005575399991357699,BaselineCNN,test
data/processed/test\Lactarius\200_h-AIr5ayQw8.jpg,Lactarius,Lactarius,True,0.7636429071426392,0.005507699999725446,BaselineCNN,test
data/processed/test\Lactarius\204_5earXwj40js.jpg,Lactarius,Lactarius,True,0.7100967168807983,0.005555799987632781,BaselineCNN,test
data/processed/test\Lactarius\206_32LgeIY1Yeg.jpg,Lactarius,Lactarius,True,0.9962826371192932,0.005081700001028366,BaselineCNN,test
data/processed/test\Lactarius\216_XQewJ4iZ0SE.jpg,Lactarius,Agaricus,False,0.5505468845367432,0.005050500010838732,BaselineCNN,test
data/processed/test\Lactarius\217_NouQvvUbzkI.jpg,Lactarius,Suillus,False,0.7512140870094299,0.005017799994675443,BaselineCNN,test
data/processed/test\Lactarius\220_s7m6OJgigsQ.jpg,Lactarius,Lactarius,True,0.5177475810050964,0.005543200008105487,BaselineCNN,test
data/processed/test\Lactarius\221_gFGMtF63hew.jpg,Lactarius,Lactarius,True,0.9921196699142456,0.005491999996593222,BaselineCNN,test
data/processed/test\Lactarius\233_Zrhk_kzm9RI.jpg,Lactarius,Boletus,False,0.8269877433776855,0.00544340000487864,BaselineCNN,test
data/processed/test\Lactarius\243_Kcz6T9Gexhs.jpg,Lactarius,Boletus,False,0.9931039214134216,0.005258999997749925,BaselineCNN,test
data/processed/test\Lactarius\245_8a_KwW3R88w.jpg,Lactarius,Russula,False,0.9305831789970398,0.004876999999396503,BaselineCNN,test
data/processed/test\Lactarius\246_RXGb-uY_OT0.jpg,Lactarius,Lactarius,True,0.9737434387207031,0.005588699990767054,BaselineCNN,test
data/processed/test\Lactarius\253_04FkFVirQ7Y.jpg,Lactarius,Boletus,False,0.9395382404327393,0.005549299996346235,BaselineCNN,test
data/processed/test\Lactarius\263_q4EWqSw73ss.jpg,Lactarius,Cortinarius,False,0.9525853991508484,0.0055561000044690445,BaselineCNN,test
data/processed/test\Lactarius\276_hZykQcrhdmk.jpg,Lactarius,Lactarius,True,0.5860766172409058,0.00497969999560155,BaselineCNN,test
data/processed/test\Lactarius\288_q9eXJ9RotUs.jpg,Lactarius,Suillus,False,0.6303306221961975,0.005571000001509674,BaselineCNN,test
data/processed/test\Lactarius\295_d1IVZwM135g.jpg,Lactarius,Lactarius,True,0.7984437346458435,0.002865999995265156,BaselineCNN,test
data/processed/test\Lactarius\310_MVmkt2VWorA.jpg,Lactarius,Lactarius,True,0.9770724773406982,0.0032921000092756003,BaselineCNN,test
data/processed/test\Lactarius\312_Kxi6Fhuexdw.jpg,Lactarius,Lactarius,True,0.9997367262840271,0.002611599993542768,BaselineCNN,test
data/processed/test\Lactarius\327_Hk8VyUuKT-A.jpg,Lactarius,Lactarius,True,0.9999985694885254,0.0026926999998977408,BaselineCNN,test
data/processed/test\Lactarius\333_NGUe2XVS3hk.jpg,Lactarius,Cortinarius,False,0.9349148869514465,0.004313900004490279,BaselineCNN,test
data/processed/test\Lactarius\335_fqi3SPxPO_M.jpg,Lactarius,Boletus,False,0.8951132297515869,0.0026236999983666465,BaselineCNN,test
data/processed/test\Lactarius\338_SSuhFw6v6bo.jpg,Lactarius,Amanita,False,0.7128633856773376,0.003882999997586012,BaselineCNN,test
data/processed/test\Lactarius\340_eLuW-nUYdC0.jpg,Lactarius,Lactarius,True,0.7954813838005066,0.00271430000429973,BaselineCNN,test
data/processed/test\Lactarius\353_ZQcLrpjLWBc.jpg,Lactarius,Lactarius,True,0.8814108967781067,0.004332299999077804,BaselineCNN,test
data/processed/test\Lactarius\355_THNiI8IQ5e4.jpg,Lactarius,Agaricus,False,0.7205647230148315,0.002931499999249354,BaselineCNN,test
data/processed/test\Lactarius\364_TiFrgt8za6w.jpg,Lactarius,Suillus,False,0.3610146939754486,0.0026079999952344224,BaselineCNN,test
data/processed/test\Lactarius\365_gihWtePuGlo.jpg,Lactarius,Lactarius,True,0.9560551047325134,0.0028544999950099736,BaselineCNN,test
data/processed/test\Lactarius\373_sb1ABlLL_Io.jpg,Lactarius,Cortinarius,False,0.7925224900245667,0.002652499999385327,BaselineCNN,test
data/processed/test\Lactarius\381_70eN3baoMiU.jpg,Lactarius,Russula,False,0.8694379925727844,0.003029300001799129,BaselineCNN,test
data/processed/test\Lactarius\391_x5VHqfidZUA.jpg,Lactarius,Lactarius,True,0.9984951019287109,0.002889700001105666,BaselineCNN,test
data/processed/test\Lactarius\394_pA_n_Wu4_60.jpg,Lactarius,Boletus,False,0.6591851115226746,0.002976099989609793,BaselineCNN,test
data/processed/test\Lactarius\410_gHeG6gEpGT8.jpg,Lactarius,Lactarius,True,0.6526457667350769,0.002580800006398931,BaselineCNN,test
data/processed/test\Lactarius\412_r_okI2cO5S4.jpg,Lactarius,Russula,False,0.347030371427536,0.0026148000033572316,BaselineCNN,test
data/processed/test\Russula\001_iKuK1p9EOJ0.jpg,Russula,Boletus,False,0.8143510222434998,0.0025618000072427094,BaselineCNN,test
data/processed/test\Russula\007_gZhfQcNeM9U.jpg,Russula,Russula,True,0.9832651019096375,0.0026242999883834273,BaselineCNN,test
data/processed/test\Russula\008_Dz7lB9JtqxQ.jpg,Russula,Lactarius,False,0.7302349805831909,0.002911800009314902,BaselineCNN,test
data/processed/test\Russula\013_LGHqXuWMeHE.jpg,Russula,Boletus,False,0.6486755609512329,0.002597099999547936,BaselineCNN,test
data/processed/test\Russula\014_a6ZorjAMstY.jpg,Russula,Exidia,False,0.8591709733009338,0.0025821000017458573,BaselineCNN,test
data/processed/test\Russula\019_EKkNgTevh1g.jpg,Russula,Russula,True,0.497799813747406,0.003007499995874241,BaselineCNN,test
data/processed/test\Russula\024_rhgAyyNHSJo.jpg,Russula,Amanita,False,0.3813871443271637,0.0029725000058533624,BaselineCNN,test
data/processed/test\Russula\025_k35cqXEzH7Y.jpg,Russula,Lactarius,False,0.29951241612434387,0.0026172999932896346,BaselineCNN,test
data/processed/test\Russula\030_sCKfBfNbOl4.jpg,Russula,Russula,True,0.70039963722229,0.002613999997265637,BaselineCNN,test
data/processed/test\Russula\039_ikQwz6n6X4o.jpg,Russula,Russula,True,0.969810426235199,0.003045599994948134,BaselineCNN,test
data/processed/test\Russula\043_a_5lm55zCVc.jpg,Russula,Inocybe,False,0.6483233571052551,0.0029162999999243766,BaselineCNN,test
data/processed/test\Russula\043_fOQ2ffx-cy8.jpg,Russula,Russula,True,0.9463339447975159,0.0026450000004842877,BaselineCNN,test
data/processed/test\Russula\047_eHKYt6tnSCs.jpg,Russula,Inocybe,False,0.5765004754066467,0.002771200001006946,BaselineCNN,test
data/processed/test\Russula\050_MwOq3EeFUvc.jpg,Russula,Boletus,False,0.4877290427684784,0.0028957000031368807,BaselineCNN,test
data/processed/test\Russula\057_jOjOWsmPwSs.jpg,Russula,Boletus,False,0.868930459022522,0.002761000010650605,BaselineCNN,test
data/processed/test\Russula\058_rXtA5QC0tm0.jpg,Russula,Russula,True,0.8391023874282837,0.0026166000025114045,BaselineCNN,test
data/processed/test\Russula\064_7LLSFgmojbg.jpg,Russula,Russula,True,0.756875216960907,0.0029547000012826174,BaselineCNN,test
data/processed/test\Russula\066_QwlTSWbST_A.jpg,Russula,Cortinarius,False,0.7141090631484985,0.00269280000065919,BaselineCNN,test
data/processed/test\Russula\067_1HwiqbR9nY4.jpg,Russula,Boletus,False,0.9529542922973633,0.0028886000072816387,BaselineCNN,test
data/processed/test\Russula\087_dkTD8ebKnDo.jpg,Russula,Russula,True,0.9915095567703247,0.002612500000395812,BaselineCNN,test
data/processed/test\Russula\090_wTqyZFVyKa4.jpg,Russula,Russula,True,0.48950204253196716,0.004236199994920753,BaselineCNN,test
data/processed/test\Russula\091_OhbGtsJOrac.jpg,Russula,Entoloma,False,0.968665599822998,0.002609100003610365,BaselineCNN,test
data/processed/test\Russula\096_RZyKfwF8OnQ.jpg,Russula,Boletus,False,0.8080236911773682,0.0027162000042153522,BaselineCNN,test
data/processed/test\Russula\097_MDNp4nnFbsU.jpg,Russula,Suillus,False,0.8990789651870728,0.002969900000607595,BaselineCNN,test
data/processed/test\Russula\097_vcRnfngKDrA.jpg,Russula,Russula,True,0.9999938011169434,0.002624100001412444,BaselineCNN,test
data/processed/test\Russula\102_ZPT8jUM20PQ.jpg,Russula,Russula,True,0.9037086963653564,0.002610900002764538,BaselineCNN,test
data/processed/test\Russula\104_Rsfyh5xO7v4.jpg,Russula,Russula,True,0.9864046573638916,0.0029137999954400584,BaselineCNN,test
data/processed/test\Russula\105_-Z8GVGlP6ZQ.jpg,Russula,Lactarius,False,0.5787497758865356,0.002597400001832284,BaselineCNN,test
data/processed/test\Russula\110_Dq7-S4a1PBA.jpg,Russula,Inocybe,False,0.9845598936080933,0.002910900002461858,BaselineCNN,test
data/processed/test\Russula\110_tI1gcfV67iM.jpg,Russula,Cortinarius,False,0.9986566305160522,0.002558900014264509,BaselineCNN,test
data/processed/test\Russula\112_LjHLUTH9Ofo.jpg,Russula,Suillus,False,0.9935207962989807,0.0029609000048367307,BaselineCNN,test
data/processed/test\Russula\115_421ZUjl0L6I.jpg,Russula,Boletus,False,0.9901757836341858,0.002696399998967536,BaselineCNN,test
data/processed/test\Russula\116_1OsHlMx-dSQ.jpg,Russula,Lactarius,False,0.5353043079376221,0.002530300000216812,BaselineCNN,test
data/processed/test\Russula\121_G6PKJxVEa-M.jpg,Russula,Lactarius,False,0.5818977952003479,0.002900799998315051,BaselineCNN,test
data/processed/test\Russula\127_VbgJEufLv7I.jpg,Russula,Agaricus,False,0.8863622546195984,0.002986899999086745,BaselineCNN,test
data/processed/test\Russula\139_H3FH6JjjTzg.jpg,Russula,Entoloma,False,0.5013920664787292,0.0025982000079238787,BaselineCNN,test
data/processed/test\Russula\145_o2dRwsYbjMY.jpg,Russula,Boletus,False,0.4359195828437805,0.00258390000090003,BaselineCNN,test
data/processed/test\Russula\150_HG0rdEL96d8.jpg,Russula,Russula,True,0.4388083517551422,0.0025652000040281564,BaselineCNN,test
data/processed/test\Russula\152_T7Jz4WBLsEQ.jpg,Russula,Suillus,False,0.48844048380851746,0.003282799996668473,BaselineCNN,test
data/processed/test\Russula\165_iSv1-9PofVg.jpg,Russula,Russula,True,0.8497074842453003,0.0025711000052979216,BaselineCNN,test
data/processed/test\Russula\167_9loyXWNmBDI.jpg,Russula,Russula,True,0.9057716727256775,0.00290839999797754,BaselineCNN,test
data/processed/test\Russula\170_8gD6VgBIRW8.jpg,Russula,Boletus,False,0.999968409538269,0.0025705000007292256,BaselineCNN,test
data/processed/test\Russula\174_ZHZm2cjKSd4.jpg,Russula,Russula,True,0.9687775373458862,0.0029427999979816377,BaselineCNN,test
data/processed/test\Russula\183_7HPLUZ0JPGw.jpg,Russula,Russula,True,0.5576335191726685,0.002612500000395812,BaselineCNN,test
data/processed/test\Russula\187_eVoSi006rJc.jpg,Russula,Lactarius,False,0.9945704340934753,0.0025991000002250075,BaselineCNN,test
data/processed/test\Russula\190_jB_ANV0GfGc.jpg,Russula,Lactarius,False,0.9982245564460754,0.0030202000052668154,BaselineCNN,test
data/processed/test\Russula\193_0iPR4s0EgAE.jpg,Russula,Cortinarius,False,0.8563458323478699,0.0025759999989531934,BaselineCNN,test
data/processed/test\Russula\194_NP3riIl0ZRw.jpg,Russula,Cortinarius,False,0.6243047118186951,0.0028421000024536625,BaselineCNN,test
data/processed/test\Russula\196_8vqiUiCZSf4.jpg,Russula,Lactarius,False,0.8255637884140015,0.0026034000038634986,BaselineCNN,test
data/processed/test\Russula\197_8SaITt5hQBY.jpg,Russula,Exidia,False,0.6948779225349426,0.002972400005091913,BaselineCNN,test
data/processed/test\Russula\200_JMAjbr8Po8M.jpg,Russula,Cortinarius,False,0.7004392743110657,0.002957099990453571,BaselineCNN,test
data/processed/test\Russula\203_7ZDu3mnm2D8.jpg,Russula,Russula,True,0.7556444406509399,0.0026771999982884154,BaselineCNN,test
data/processed/test\Russula\212_mAsF0Tdhqu8.jpg,Russula,Amanita,False,0.5217109322547913,0.002972999995108694,BaselineCNN,test
data/processed/test\Russula\218_zKx8R11Bjuo.jpg,Russula,Lactarius,False,0.5253766179084778,0.0029211999935796484,BaselineCNN,test
data/processed/test\Russula\219_Tj5ZWF3-yCc.jpg,Russula,Lactarius,False,0.7846953868865967,0.002640700011397712,BaselineCNN,test
data/processed/test\Russula\220_LB02R316CKc.jpg,Russula,Russula,True,0.9912556409835815,0.0026332000124966726,BaselineCNN,test
data/processed/test\Russula\221_GAqgMbeBJ_w.jpg,Russula,Russula,True,0.6850467324256897,0.002921099992818199,BaselineCNN,test
data/processed/test\Russula\222_l5ppfQIYS20.jpg,Russula,Boletus,False,0.9677429795265198,0.003603699995437637,BaselineCNN,test
data/processed/test\Russula\229_GvS-zosxGjw.jpg,Russula,Russula,True,0.9889511466026306,0.003007499995874241,BaselineCNN,test
data/processed/test\Russula\232_mX205dWbGSs.jpg,Russula,Boletus,False,0.8228360414505005,0.0026061999960802495,BaselineCNN,test
data/processed/test\Russula\237_ngiHar4V9OQ.jpg,Russula,Boletus,False,0.7255517244338989,0.0029719000012846664,BaselineCNN,test
data/processed/test\Russula\251_fEoTrBJW8cM.jpg,Russula,Russula,True,0.9861143827438354,0.0026262999890604988,BaselineCNN,test
data/processed/test\Russula\255_Kb8wme58c30.jpg,Russula,Russula,True,0.5675134658813477,0.002596799997263588,BaselineCNN,test
data/processed/test\Russula\274_HgGEtks3OsI.jpg,Russula,Cortinarius,False,0.9146917462348938,0.0028763000009348616,BaselineCNN,test
data/processed/test\Russula\275_pEbq4xW22Ag.jpg,Russula,Agaricus,False,0.8551121354103088,0.002589700001408346,BaselineCNN,test
data/processed/test\Russula\280_dQwEUooNmxU.jpg,Russula,Entoloma,False,0.22668702900409698,0.0025830999948084354,BaselineCNN,test
data/processed/test\Russula\284_mG2jZJaeiac.jpg,Russula,Russula,True,0.9997292160987854,0.0029993999924045056,BaselineCNN,test
data/processed/test\Russula\285_rVkKIZjTiRM.jpg,Russula,Amanita,False,0.6276111602783203,0.002978599994094111,BaselineCNN,test
data/processed/test\Russula\287_aSnnhXszXBg.jpg,Russula,Russula,True,0.9623900055885315,0.002631299998029135,BaselineCNN,test
data/processed/test\Russula\298_6kweHNZ0RfI.jpg,Russula,Entoloma,False,0.5780003070831299,0.0027097999991383404,BaselineCNN,test
data/processed/test\Russula\305_tdJxN8UQo7I.jpg,Russula,Russula,True,0.9953150749206543,0.002648100009537302,BaselineCNN,test
data/processed/test\Russula\317_8tQhlDlTHhY.jpg,Russula,Russula,True,0.9904215335845947,0.003002199999173172,BaselineCNN,test
data/processed/test\Russula\322_Ai1EXB8gNws.jpg,Russula,Agaricus,False,0.5932692885398865,0.002577699997345917,BaselineCNN,test
data/processed/test\Russula\329_PxteNH5w9Yk.jpg,Russula,Russula,True,0.9999114274978638,0.00269730000582058,BaselineCNN,test
data/processed/test\Russula\333_7pP8aVQf3Do.jpg,Russula,Russula,True,0.9958486557006836,0.0028763000009348616,BaselineCNN,test
data/processed/test\Russula\338_HPnjALipi70.jpg,Russula,Cortinarius,False,0.872791051864624,0.0029888999997638166,BaselineCNN,test
data/processed/test\Russula\342_CJXxi8f2DOI.jpg,Russula,Suillus,False,0.9380514025688171,0.0025676999939605594,BaselineCNN,test
data/processed/test\Russula\349_YRE4p7LbKdg.jpg,Russula,Amanita,False,0.8617601990699768,0.0029762000049231574,BaselineCNN,test
data/processed/test\Russula\352_ykL56k89IoE.jpg,Russula,Boletus,False,0.8654764294624329,0.0029921999957878143,BaselineCNN,test
data/processed/test\Russula\354_SXkK0j9UPcc.jpg,Russula,Hygrocybe,False,0.62308669090271,0.0025680999970063567,BaselineCNN,test
data/processed/test\Russula\366_Rmr_uH_m3Lc.jpg,Russula,Lactarius,False,0.5840992331504822,0.0026829999987967312,BaselineCNN,test
data/processed/test\Russula\375_h9oJuORZEoQ.jpg,Russula,Lactarius,False,0.41980886459350586,0.0028883000049972907,BaselineCNN,test
data/processed/test\Russula\382_etpGgqzjXAw.jpg,Russula,Lactarius,False,0.8027530312538147,0.00300250000145752,BaselineCNN,test
data/processed/test\Russula\391_FoHQbZ-kW6k.jpg,Russula,Lactarius,False,0.5263766050338745,0.002629000009619631,BaselineCNN,test
data/processed/test\Russula\396_vxteiV8es0s.jpg,Russula,Lactarius,False,0.6658602952957153,0.0025923999928636476,BaselineCNN,test
data/processed/test\Russula\398_0WzJw-BGE1E.jpg,Russula,Cortinarius,False,0.8519227504730225,0.0027226999955018982,BaselineCNN,test
data/processed/test\Russula\401_ZfuzzDXFsRU.jpg,Russula,Boletus,False,0.34821203351020813,0.002609100003610365,BaselineCNN,test
data/processed/test\Russula\406_krT07UQMp10.jpg,Russula,Lactarius,False,0.8581254482269287,0.0029701000021304935,BaselineCNN,test
data/processed/test\Russula\409_BMzCz6qsXNs.jpg,Russula,Boletus,False,0.35382309556007385,0.0025233999913325533,BaselineCNN,test
data/processed/test\Russula\412_hK_N_vllKHo.jpg,Russula,Russula,True,0.9808102250099182,0.002576800005044788,BaselineCNN,test
data/processed/test\Russula\415_UJ1wPsUTn48.jpg,Russula,Boletus,False,0.3479316830635071,0.00298320000001695,BaselineCNN,test
data/processed/test\Russula\416_HL5U3TXaTig.jpg,Russula,Russula,True,0.924961507320404,0.0029467999993357807,BaselineCNN,test
data/processed/test\Russula\421_8j91Sr4g8Kc.jpg,Russula,Agaricus,False,0.7218630909919739,0.005507599998963997,BaselineCNN,test
data/processed/test\Russula\426_RHi0dlqqt8o.jpg,Russula,Inocybe,False,0.7231051325798035,0.005036000002291985,BaselineCNN,test
data/processed/test\Russula\427_x9THSIBmhjg.jpg,Russula,Russula,True,0.8634042739868164,0.003002199999173172,BaselineCNN,test
data/processed/test\Russula\430_DSSYi6MPrgM.jpg,Russula,Lactarius,False,0.3598090410232544,0.003017399998498149,BaselineCNN,test
data/processed/test\Russula\431_6aLV-mYubzE.jpg,Russula,Agaricus,False,0.5242860913276672,0.0031082999921636656,BaselineCNN,test
data/processed/test\Russula\437_CT0j4-xyw0U.jpg,Russula,Cortinarius,False,0.8527775406837463,0.0031002000032458454,BaselineCNN,test
data/processed/test\Russula\439_Qy56g_UefV0.jpg,Russula,Agaricus,False,0.7111929655075073,0.0030169000092428178,BaselineCNN,test
data/processed/test\Russula\441_OLHvhkXV5z4.jpg,Russula,Russula,True,0.9712653160095215,0.0025634000048739836,BaselineCNN,test
data/processed/test\Russula\448_EjNRPvABLWs.jpg,Russula,Russula,True,0.9872869253158569,0.0026442999951541424,BaselineCNN,test
data/processed/test\Russula\452_LFlsAAAX9hI.jpg,Russula,Cortinarius,False,0.5283246040344238,0.0027353000041330233,BaselineCNN,test
data/processed/test\Russula\454_uTMl-t0RwNE.jpg,Russula,Amanita,False,0.4573665261268616,0.0026070000021718442,BaselineCNN,test
data/processed/test\Russula\458_qK1_4b1eE6c.jpg,Russula,Russula,True,0.9819837808609009,0.003016100003151223,BaselineCNN,test
data/processed/test\Russula\462_gCvKxkgbErI.jpg,Russula,Amanita,False,0.7806409001350403,0.002977900003315881,BaselineCNN,test
data/processed/test\Russula\469_EEz8Pm-LqCM.jpg,Russula,Amanita,False,0.41286802291870117,0.0030165000061970204,BaselineCNN,test
data/processed/test\Russula\473_-0mqqVq-2vk.jpg,Russula,Agaricus,False,0.8957863450050354,0.0026294999988749623,BaselineCNN,test
data/processed/test\Russula\476_fuSt9QgGDIk.jpg,Russula,Boletus,False,0.9176959991455078,0.0025939000042853877,BaselineCNN,test
data/processed/test\Russula\480_74nq3Oj1T0M.jpg,Russula,Cortinarius,False,0.724022626876831,0.004201700008707121,BaselineCNN,test
data/processed/test\Russula\483_iDdkz4PNlOg.jpg,Russula,Cortinarius,False,0.657270610332489,0.0029479000077117234,BaselineCNN,test
data/processed/test\Russula\490_Y5gzpOreJV8.jpg,Russula,Russula,True,0.935016930103302,0.003108000004431233,BaselineCNN,test
data/processed/test\Russula\494_4l6A9UlJ6HY.jpg,Russula,Agaricus,False,0.5484645366668701,0.0025754999951459467,BaselineCNN,test
data/processed/test\Russula\497_hMPS4Vhoqqk.jpg,Russula,Cortinarius,False,0.4634682238101959,0.0026373000000603497,BaselineCNN,test
data/processed/test\Russula\498_iH4yNw872aM.jpg,Russula,Russula,True,0.9999996423721313,0.0028811000083805993,BaselineCNN,test
data/processed/test\Russula\502_nJw7weRVBlc.jpg,Russula,Russula,True,0.7355824708938599,0.003004799989867024,BaselineCNN,test
data/processed/test\Russula\511_viHZPnkp9nI.jpg,Russula,Russula,True,0.9779239296913147,0.0029829000122845173,BaselineCNN,test
data/processed/test\Russula\513_e8OAjXau1_g.jpg,Russula,Suillus,False,0.6079682111740112,0.0025612999888835475,BaselineCNN,test
data/processed/test\Russula\515_-fmv5frqmeQ.jpg,Russula,Russula,True,0.9558964371681213,0.0026338000025134534,BaselineCNN,test
data/processed/test\Russula\517_0X-ur3MZ6-g.jpg,Russula,Cortinarius,False,0.9262201189994812,0.002613100004964508,BaselineCNN,test
data/processed/test\Russula\518_ddwb9zDz0EA.jpg,Russula,Lactarius,False,0.44131267070770264,0.002913000003900379,BaselineCNN,test
data/processed/test\Russula\519_MgcY6NzuGRg.jpg,Russula,Russula,True,0.9613182544708252,0.002617000005557202,BaselineCNN,test
data/processed/test\Russula\519__Yn0OFxI1q4.jpg,Russula,Russula,True,0.8879344463348389,0.0025549999991199,BaselineCNN,test
data/processed/test\Russula\521_PoCOMLLE194.jpg,Russula,Russula,True,0.44382530450820923,0.0025757999974302948,BaselineCNN,test
data/processed/test\Russula\522_HB75V6h0zHA.jpg,Russula,Russula,True,0.9250636100769043,0.0025886000075843185,BaselineCNN,test
data/processed/test\Russula\529_ailR88iHnVk.jpg,Russula,Russula,True,0.7314248085021973,0.0027276000037090853,BaselineCNN,test
data/processed/test\Russula\530_0Er0JIn-St8.jpg,Russula,Russula,True,0.6496067643165588,0.002949900008388795,BaselineCNN,test
data/processed/test\Russula\531_nA8Zxo2h3PI.jpg,Russula,Lactarius,False,0.9656161665916443,0.0025849000085145235,BaselineCNN,test
data/processed/test\Russula\533_HFOAEH-GMI8.jpg,Russula,Cortinarius,False,0.9831482172012329,0.0029107000009389594,BaselineCNN,test
data/processed/test\Russula\534_qpoLwy-f_Xo.jpg,Russula,Russula,True,0.9993770718574524,0.0026695999986259267,BaselineCNN,test
data/processed/test\Russula\538_KQ94jYukaKU.jpg,Russula,Amanita,False,0.7900905609130859,0.0025602999958209693,BaselineCNN,test
data/processed/test\Russula\538_tf4RCsz9upY.jpg,Russula,Russula,True,0.49000194668769836,0.0029944999987492338,BaselineCNN,test
data/processed/test\Russula\548_28oWJjM1dis.jpg,Russula,Russula,True,0.3830789625644684,0.0025310000055469573,BaselineCNN,test
data/processed/test\Russula\551_wGsl1ac6chs.jpg,Russula,Lactarius,False,0.6167590618133545,0.0029235999973025173,BaselineCNN,test
data/processed/test\Russula\552_ihVJ4T4Sss8.jpg,Russula,Boletus,False,0.6207379698753357,0.0025849999947240576,BaselineCNN,test
data/processed/test\Russula\555_FEOGSD31AJA.jpg,Russula,Entoloma,False,0.490574449300766,0.002925699998741038,BaselineCNN,test
data/processed/test\Russula\556_ppbtXziu5ZQ.jpg,Russula,Russula,True,0.9882263541221619,0.0025698999961605296,BaselineCNN,test
data/processed/test\Russula\557_QAd1lVBkjXU.jpg,Russula,Boletus,False,0.6908050179481506,0.0029538000089814886,BaselineCNN,test
data/processed/test\Russula\560_cMc-iWHiAlE.jpg,Russula,Lactarius,False,0.6386551856994629,0.0025851999962469563,BaselineCNN,test
data/processed/test\Russula\569_JW9oRUfkNN0.jpg,Russula,Agaricus,False,0.5003613829612732,0.002791199993225746,BaselineCNN,test
data/processed/test\Russula\572_yBKxg92PsOQ.jpg,Russula,Russula,True,0.7403653860092163,0.002573399993707426,BaselineCNN,test
data/processed/test\Russula\575_gWC0enFjtPM.jpg,Russula,Lactarius,False,0.44376340508461,0.00267060000624042,BaselineCNN,test
data/processed/test\Russula\580_ntj_DGdqmvA.jpg,Russula,Boletus,False,0.8969305753707886,0.0029452000017045066,BaselineCNN,test
data/processed/test\Russula\588__rRMnuidFcw.jpg,Russula,Amanita,False,0.536668598651886,0.002536200001486577,BaselineCNN,test
data/processed/test\Russula\590_uV2vuMobSEM.jpg,Russula,Agaricus,False,0.9020747542381287,0.0029394000011961907,BaselineCNN,test
data/processed/test\Russula\591_mUNB-xH-tCw.jpg,Russula,Boletus,False,0.4631805419921875,0.002589399999123998,BaselineCNN,test
data/processed/test\Russula\605_KtkMUv-JJ5I.jpg,Russula,Russula,True,0.9986178874969482,0.002686300009372644,BaselineCNN,test
data/processed/test\Russula\608_0aU_jR-I9JA.jpg,Russula,Russula,True,0.6385635733604431,0.0025585000112187117,BaselineCNN,test
data/processed/test\Russula\619_iJOS5fLgNQU.jpg,Russula,Cortinarius,False,0.6557254791259766,0.002615899997181259,BaselineCNN,test
data/processed/test\Russula\624_AB7Ht1J6_Ts.jpg,Russula,Boletus,False,0.5209593772888184,0.0029269999940879643,BaselineCNN,test
data/processed/test\Russula\635_CzRg4ZH0g3s.jpg,Russula,Lactarius,False,0.5617933869361877,0.0026104999997187406,BaselineCNN,test
data/processed/test\Russula\650_p3glAsLgTMs.jpg,Russula,Boletus,False,0.4147557318210602,0.002642899999045767,BaselineCNN,test
data/processed/test\Russula\667_m3O20kXwdDE.jpg,Russula,Boletus,False,0.8587853312492371,0.004135900002438575,BaselineCNN,test
data/processed/test\Russula\668_5paJFA7_Ua8.jpg,Russula,Cortinarius,False,0.9294561147689819,0.0026224999892292544,BaselineCNN,test
data/processed/test\Russula\674_hp6AgJkRPZQ.jpg,Russula,Lactarius,False,0.9112676978111267,0.004474000001209788,BaselineCNN,test
data/processed/test\Russula\681_EsZTIQlfMjc.jpg,Russula,Inocybe,False,0.9971024394035339,0.00259649999497924,BaselineCNN,test
data/processed/test\Russula\689_A6I1XAc367A.jpg,Russula,Russula,True,0.9996163845062256,0.004332700002123602,BaselineCNN,test
data/processed/test\Russula\703_Nptow3WB0qw.jpg,Russula,Lactarius,False,0.741413414478302,0.002606900001410395,BaselineCNN,test
data/processed/test\Russula\705_zyUROKt6OHs.jpg,Russula,Lactarius,False,0.8972560167312622,0.003012999994098209,BaselineCNN,test
data/processed/test\Russula\719_RWQ7F3kVyZ8.jpg,Russula,Lactarius,False,0.5913311243057251,0.007816700002877042,BaselineCNN,test
data/processed/test\Russula\727_GqKz3HCWl0c.jpg,Russula,Hygrocybe,False,0.8043050169944763,0.0030001999984961003,BaselineCNN,test
data/processed/test\Russula\728_GKNcKK0yCIc.jpg,Russula,Boletus,False,0.9646901488304138,0.002509400001144968,BaselineCNN,test
data/processed/test\Russula\737_CKVsLcd_U7c.jpg,Russula,Russula,True,0.9994639754295349,0.00417520001064986,BaselineCNN,test
data/processed/test\Russula\738_erZ8MolTf3U.jpg,Russula,Cortinarius,False,0.6016564965248108,0.003722099994774908,BaselineCNN,test
data/processed/test\Russula\756_vp2vfTitRMQ.jpg,Russula,Russula,True,0.7926002144813538,0.0029590999911306426,BaselineCNN,test
data/processed/test\Russula\757_iadA7ihhNeQ.jpg,Russula,Lactarius,False,0.9931249618530273,0.003785799999604933,BaselineCNN,test
data/processed/test\Russula\761_PoCeQSN4r0Y.jpg,Russula,Hygrocybe,False,0.667448878288269,0.0030832999909762293,BaselineCNN,test
data/processed/test\Russula\764_Km8WK13K9DM.jpg,Russula,Russula,True,0.9175010919570923,0.0037792999937664717,BaselineCNN,test
data/processed/test\Russula\773_rvHJQsLi9cg.jpg,Russula,Russula,True,0.8864336609840393,0.0028356999973766506,BaselineCNN,test
data/processed/test\Russula\777_1makiuR24D8.jpg,Russula,Boletus,False,0.6659409403800964,0.004928700000164099,BaselineCNN,test
data/processed/test\Russula\781_6bHC50w-YyU.jpg,Russula,Russula,True,0.8106573224067688,0.002999799995450303,BaselineCNN,test
data/processed/test\Russula\789_ZOAABwfjsvE.jpg,Russula,Lactarius,False,0.7377882599830627,0.002585000009275973,BaselineCNN,test
data/processed/test\Russula\790_XgJL7jUO0n0.jpg,Russula,Russula,True,0.5238222479820251,0.00453739998920355,BaselineCNN,test
data/processed/test\Russula\791_bmziJQYOR-0.jpg,Russula,Lactarius,False,0.5789492726325989,0.0040213000029325485,BaselineCNN,test
data/processed/test\Suillus\004_LMWP6X0bx7g.jpg,Suillus,Russula,False,0.8868225812911987,0.004059400002006441,BaselineCNN,test
data/processed/test\Suillus\005_4zrEN39EHeU.jpg,Suillus,Boletus,False,0.3460712432861328,0.002746900005149655,BaselineCNN,test
data/processed/test\Suillus\006_8Su_kJ43Mho.jpg,Suillus,Boletus,False,0.49410393834114075,0.004096499993465841,BaselineCNN,test
data/processed/test\Suillus\013_SzBeuYLeWzY.jpg,Suillus,Cortinarius,False,0.9963723421096802,0.004454599999007769,BaselineCNN,test
data/processed/test\Suillus\020_qW3wRprNQuU.jpg,Suillus,Amanita,False,0.33079156279563904,0.004258900007698685,BaselineCNN,test
data/processed/test\Suillus\024_b9YCAgUxfLc.jpg,Suillus,Lactarius,False,0.9816547632217407,0.0025470999971730635,BaselineCNN,test
data/processed/test\Suillus\035_GGH3qG0fqcg.jpg,Suillus,Boletus,False,0.2804732918739319,0.003871299995807931,BaselineCNN,test
data/processed/test\Suillus\042_S8g3kuvZPb4.jpg,Suillus,Cortinarius,False,0.4509860873222351,0.003724599999259226,BaselineCNN,test
data/processed/test\Suillus\053_pR_9bsx0WUU.jpg,Suillus,Lactarius,False,0.854992687702179,0.004622799999197014,BaselineCNN,test
data/processed/test\Suillus\057_QjMKHaEMZBI.jpg,Suillus,Cortinarius,False,0.6377161741256714,0.0029921999957878143,BaselineCNN,test
data/processed/test\Suillus\059_JRPx07CUp9I.jpg,Suillus,Lactarius,False,0.5880683660507202,0.0036041999992448837,BaselineCNN,test
data/processed/test\Suillus\060_HFmPuFBK7f4.jpg,Suillus,Russula,False,0.96988844871521,0.004596600003424101,BaselineCNN,test
data/processed/test\Suillus\063_DU3VJmB-I14.jpg,Suillus,Russula,False,0.8630990386009216,0.0044599999964702874,BaselineCNN,test
data/processed/test\Suillus\066_uFngOMLuPrE.jpg,Suillus,Russula,False,0.8982868790626526,0.004025499991257675,BaselineCNN,test
data/processed/test\Suillus\071_pDklNEHcmB8.jpg,Suillus,Hygrocybe,False,0.6275135278701782,0.004123500009882264,BaselineCNN,test
data/processed/test\Suillus\072_qfIXcNPk1eM.jpg,Suillus,Inocybe,False,0.8548973202705383,0.002585399997769855,BaselineCNN,test
data/processed/test\Suillus\076_eqA9_q6_9JU.jpg,Suillus,Cortinarius,False,0.572039783000946,0.003638199996203184,BaselineCNN,test
data/processed/test\Suillus\103_jpMZm4FpWNQ.jpg,Suillus,Cortinarius,False,0.8539208769798279,0.0029080000094836578,BaselineCNN,test
data/processed/test\Suillus\105_ywBhq3G8x-g.jpg,Suillus,Russula,False,0.7314719557762146,0.004669399990234524,BaselineCNN,test
data/processed/test\Suillus\109_BXGWNC8c4aw.jpg,Suillus,Lactarius,False,0.8947128057479858,0.004396100004669279,BaselineCNN,test
data/processed/test\Suillus\110_GXWZjkiIn3U.jpg,Suillus,Suillus,True,0.5214149951934814,0.002834300001268275,BaselineCNN,test
data/processed/test\Suillus\123_CK6TqHiLN8s.jpg,Suillus,Cortinarius,False,0.5435686707496643,0.0025465999933658168,BaselineCNN,test
data/processed/test\Suillus\124_A3Rr6EGcEuc.jpg,Suillus,Entoloma,False,0.5948041677474976,0.0043154000013601035,BaselineCNN,test
data/processed/test\Suillus\135_jpc6hxtvXcY.jpg,Suillus,Boletus,False,0.9731238484382629,0.004324599998653866,BaselineCNN,test
data/processed/test\Suillus\140_AElK4TLjpHw.jpg,Suillus,Boletus,False,0.9691104292869568,0.0026305000064894557,BaselineCNN,test
data/processed/test\Suillus\143_4I78Lp4NctA.jpg,Suillus,Inocybe,False,0.8808305263519287,0.004579900007229298,BaselineCNN,test
data/processed/test\Suillus\150_jLg9QQo1nOg.jpg,Suillus,Lactarius,False,0.5568153858184814,0.002622300002258271,BaselineCNN,test
data/processed/test\Suillus\152_uGhPmWPTFe8.jpg,Suillus,Cortinarius,False,0.9149917960166931,0.004210300001432188,BaselineCNN,test
data/processed/test\Suillus\153_iWtEXcs9CUw.jpg,Suillus,Russula,False,0.5011088848114014,0.002630099988891743,BaselineCNN,test
data/processed/test\Suillus\159_8OhWm5aBdYo.jpg,Suillus,Suillus,True,0.81657874584198,0.00422190000244882,BaselineCNN,test
data/processed/test\Suillus\174_G_tZXZc2BS8.jpg,Suillus,Lactarius,False,0.9035132527351379,0.0033026000019162893,BaselineCNN,test
data/processed/test\Suillus\186_Zx-rs9g1O2M.jpg,Suillus,Entoloma,False,0.7201271653175354,0.002966600004583597,BaselineCNN,test
data/processed/test\Suillus\187_rbfGR0jzf1M.jpg,Suillus,Cortinarius,False,0.911247968673706,0.0032659999997122213,BaselineCNN,test
data/processed/test\Suillus\195_4bcpABEJmZ0.jpg,Suillus,Cortinarius,False,0.5317874550819397,0.0028218999941600487,BaselineCNN,test
data/processed/test\Suillus\197_0xmjWv0BbOU.jpg,Suillus,Lactarius,False,0.8026201128959656,0.0030556999990949407,BaselineCNN,test
data/processed/test\Suillus\209_7dBOxsmYgEg.jpg,Suillus,Suillus,True,0.7942168116569519,0.0051623999897856265,BaselineCNN,test
data/processed/test\Suillus\217_ZAXchPHjhcE.jpg,Suillus,Suillus,True,0.7450313568115234,0.0029155999945942312,BaselineCNN,test
data/processed/test\Suillus\228_LjjB-u2A1pU.jpg,Suillus,Lactarius,False,0.5254024863243103,0.005333600012818351,BaselineCNN,test
data/processed/test\Suillus\239_pLvnF05ewak.jpg,Suillus,Boletus,False,0.9977117776870728,0.0041252999944845214,BaselineCNN,test
data/processed/test\Suillus\246_dDYtt6MpmiI.jpg,Suillus,Boletus,False,0.9150425791740417,0.0045110999926691875,BaselineCNN,test
data/processed/test\Suillus\255_9-ELp1gnP9Q.jpg,Suillus,Lactarius,False,0.904263973236084,0.004728700005216524,BaselineCNN,test
data/processed/test\Suillus\286_3SyGqemn_aQ.jpg,Suillus,Hygrocybe,False,0.76107257604599,0.002834300001268275,BaselineCNN,test
data/processed/test\Suillus\287_uBlS4Qgx1HQ.jpg,Suillus,Lactarius,False,0.9998559951782227,0.0028149999998277053,BaselineCNN,test
data/processed/test\Suillus\289_BYUT_xNeNAg.jpg,Suillus,Lactarius,False,0.7387322187423706,0.003112300008069724,BaselineCNN,test
data/processed/test\Suillus\293_zL8A0olEfaA.jpg,Suillus,Lactarius,False,0.9990261793136597,0.004448299994692206,BaselineCNN,test
data/processed/test\Suillus\294_BX6ekzpPLto.jpg,Suillus,Cortinarius,False,0.8115275502204895,0.004053700002259575,BaselineCNN,test
data/processed/test\Suillus\302_C8yj39nTbnM.jpg,Suillus,Cortinarius,False,0.6505469679832458,0.004610000003594905,BaselineCNN,test
data/processed/test\Suillus\324_nslhbQyQ1Gk.jpg,Suillus,Boletus,False,0.9917905330657959,0.004055299999890849,BaselineCNN,test
