image_path,true_label,predicted_label,correct,confidence,inference_time_sec,model_name,split
data/processed/test\Agaricus\003_4AurAO4Jil8.jpg,Agaricus,Lactarius,False,0.49244773387908936,0.02059749999898486,ResNet18,test
data/processed/test\Agaricus\014_DU4RE5bim5A.jpg,Agaricus,Agaricus,True,0.3099684715270996,0.0020222000021021813,ResNet18,test
data/processed/test\Agaricus\016_qNYODERZEms.jpg,Agaricus,Russula,False,0.45747214555740356,0.002341400002478622,ResNet18,test
data/processed/test\Agaricus\019_aaTsKm7exKE.jpg,Agaricus,Agaricus,True,0.49737095832824707,0.00232500000129221,ResNet18,test
data/processed/test\Agaricus\020_vZJfrjIwmqU.jpg,Agaricus,Russula,False,0.24516205489635468,0.0022724000009475276,ResNet18,test
data/processed/test\Agaricus\029_ZksYQQBGVIg.jpg,Agaricus,Russula,False,0.3449772298336029,0.002248400000098627,ResNet18,test
data/processed/test\Agaricus\048_iC9glWRw_EM.jpg,Agaricus,Agaricus,True,0.7667406797409058,0.0023086000001057982,ResNet18,test
data/processed/test\Agaricus\052_z7PpmpKIPU4.jpg,Agaricus,Russula,False,0.5717272162437439,0.0024635000008856878,ResNet18,test
data/processed/test\Agaricus\055_Cggc3hvlPfg.jpg,Agaricus,Boletus,False,0.4164293706417084,0.0022903999997652136,ResNet18,test
data/processed/test\Agaricus\057_n1EFvW3JrYo.jpg,Agaricus,Exidia,False,0.3475722670555115,0.004285499999241438,ResNet18,test
data/processed/test\Agaricus\063_Fa4IMCTXq04.jpg,Agaricus,Russula,False,0.7559248805046082,0.004178399998636451,ResNet18,test
data/processed/test\Agaricus\069_W-jISbXJon8.jpg,Agaricus,Suillus,False,0.5240291953086853,0.0042505000019446015,ResNet18,test
data/processed/test\Agaricus\075_osC0agHm9UY.jpg,Agaricus,Russula,False,0.39382824301719666,0.004128800006583333,ResNet18,test
data/processed/test\Agaricus\083_mx9HfmWGwWo.jpg,Agaricus,Russula,False,0.6781778335571289,0.004296099999919534,ResNet18,test
data/processed/test\Agaricus\091_3BEGnmvAiRw.jpg,Agaricus,Entoloma,False,0.22824464738368988,0.004246200005582068,ResNet18,test
data/processed/test\Agaricus\093_Bz-kiIMN6EA.jpg,Agaricus,Amanita,False,0.36419156193733215,0.0034546999959275126,ResNet18,test
data/processed/test\Agaricus\115_Jd1nw0g-Z5c.jpg,Agaricus,Lactarius,False,0.7366971969604492,0.002540900000894908,ResNet18,test
data/processed/test\Agaricus\127_5z4-vDJFDS8.jpg,Agaricus,Russula,False,0.8953500390052795,0.0025276000014855526,ResNet18,test
data/processed/test\Agaricus\128_iITC2t8k-ao.jpg,Agaricus,Russula,False,0.8264632821083069,0.0025718000033521093,ResNet18,test
data/processed/test\Agaricus\129_E1FD01dZMiw.jpg,Agaricus,Russula,False,0.9581741690635681,0.002541000001656357,ResNet18,test
data/processed/test\Agaricus\131_YrsaHYXAieo.jpg,Agaricus,Russula,False,0.928535521030426,0.0025562000009813346,ResNet18,test
data/processed/test\Agaricus\141_099PmS-9Xww.jpg,Agaricus,Boletus,False,0.28909316658973694,0.0025986000036937185,ResNet18,test
data/processed/test\Agaricus\147_eDN4yYIkeAs.jpg,Agaricus,Agaricus,True,0.5634966492652893,0.0025831999955698848,ResNet18,test
data/processed/test\Agaricus\162_19HDdc3YjRs.jpg,Agaricus,Russula,False,0.9221653342247009,0.0025760999997146428,ResNet18,test
data/processed/test\Agaricus\169_qqgFJZ8Zt4g.jpg,Agaricus,Amanita,False,0.46255388855934143,0.0025345000030938536,ResNet18,test
data/processed/test\Agaricus\171_wN-s2yo8YTs.jpg,Agaricus,Amanita,False,0.6987062096595764,0.002626300003612414,ResNet18,test
data/processed/test\Agaricus\179_jfF8TJ9ZlvU.jpg,Agaricus,Russula,False,0.4611664116382599,0.0026013000024249777,ResNet18,test
data/processed/test\Agaricus\206_W3JvSvV8oF8.jpg,Agaricus,Russula,False,0.8585861325263977,0.0025903999994625337,ResNet18,test
data/processed/test\Agaricus\211_2k-2vImOD5g.jpg,Agaricus,Russula,False,0.7568376064300537,0.0025451000037719496,ResNet18,test
data/processed/test\Agaricus\213_o8ynZBRKBSE.jpg,Agaricus,Cortinarius,False,0.5291881561279297,0.0029001000002608635,ResNet18,test
data/processed/test\Agaricus\226_0du5e8k_cCA.jpg,Agaricus,Amanita,False,0.6744378805160522,0.004565299997921102,ResNet18,test
data/processed/test\Agaricus\228_2SjHadDRW6o.jpg,Agaricus,Agaricus,True,0.5087191462516785,0.004193300002953038,ResNet18,test
data/processed/test\Agaricus\237_y2JGdND-zxI.jpg,Agaricus,Boletus,False,0.5066391825675964,0.004216399996948894,ResNet18,test
data/processed/test\Agaricus\238_I1p90MwfEEw.jpg,Agaricus,Boletus,False,0.3603740334510803,0.0045921000055386685,ResNet18,test
data/processed/test\Agaricus\270_Js1q2S-fR_Y.jpg,Agaricus,Amanita,False,0.39003387093544006,0.004353900003479794,ResNet18,test
data/processed/test\Agaricus\272_r-A9DMTwWoM.jpg,Agaricus,Russula,False,0.6673406362533569,0.004203999997116625,ResNet18,test
data/processed/test\Agaricus\294_kPCOGW3Y_Ak.jpg,Agaricus,Russula,False,0.32782670855522156,0.004216400004224852,ResNet18,test
data/processed/test\Agaricus\300_VSw-oPLasfg.jpg,Agaricus,Entoloma,False,0.7874143719673157,0.0027372999975341372,ResNet18,test
data/processed/test\Agaricus\323_5Es9oQ3LeGk.jpg,Agaricus,Russula,False,0.6407027244567871,0.0027449999979580753,ResNet18,test
data/processed/test\Agaricus\349_Euf9XZEVTMc.jpg,Agaricus,Russula,False,0.26282161474227905,0.002509400001144968,ResNet18,test
data/processed/test\Agaricus\354_VP-DWvLyI3w.jpg,Agaricus,Agaricus,True,0.34935662150382996,0.004218100002617575,ResNet18,test
data/processed/test\Agaricus\357__w_XUQZMZEw.jpg,Agaricus,Russula,False,0.6894415616989136,0.004356500001449604,ResNet18,test
data/processed/test\Agaricus\366_XEI1sAQds7w.jpg,Agaricus,Agaricus,True,0.35302087664604187,0.004320899999584071,ResNet18,test
data/processed/test\Agaricus\374_Xap1L15Z8BM.jpg,Agaricus,Boletus,False,0.28160879015922546,0.004330599993409123,ResNet18,test
data/processed/test\Agaricus\384_T_p5cKpLpsc.jpg,Agaricus,Amanita,False,0.2587054371833801,0.004420100005518179,ResNet18,test
data/processed/test\Agaricus\385_iwfhPs4irjk.jpg,Agaricus,Amanita,False,0.37038907408714294,0.004364200001873542,ResNet18,test
data/processed/test\Agaricus\391_N7A0y7CgOA0.jpg,Agaricus,Russula,False,0.435285359621048,0.004245500000251923,ResNet18,test
data/processed/test\Agaricus\392_QXsLZMnBIt0.jpg,Agaricus,Agaricus,True,0.3269628584384918,0.004217499998048879,ResNet18,test
data/processed/test\Agaricus\411_egeAEeL40Lc.jpg,Agaricus,Russula,False,0.3794720768928528,0.004219399997964501,ResNet18,test
data/processed/test\Agaricus\413_4LTr0R0Dk8o.jpg,Agaricus,Russula,False,0.4760826528072357,0.004241699993144721,ResNet18,test
data/processed/test\Agaricus\430_IpjdsyrmIzc.jpg,Agaricus,Lactarius,False,0.4673573970794678,0.004269199998816475,ResNet18,test
data/processed/test\Agaricus\433_XWxLl-zeNQ8.jpg,Agaricus,Agaricus,True,0.6290728449821472,0.004556699997920077,ResNet18,test
data/processed/test\Agaricus\438_uTWjQsEXep4.jpg,Agaricus,Amanita,False,0.4635466933250427,0.004253799997968599,ResNet18,test
data/processed/test\Agaricus\439_w5uD0w5wrXs.jpg,Agaricus,Agaricus,True,0.4071388840675354,0.004381900005682837,ResNet18,test
data/processed/test\Amanita\004_wIVV5id0aOg.jpg,Amanita,Amanita,True,0.9500610828399658,0.004191499996522907,ResNet18,test
data/processed/test\Amanita\010_Ji4N7IDyRKY.jpg,Amanita,Amanita,True,0.8786283731460571,0.004397899996547494,ResNet18,test
data/processed/test\Amanita\011_DoZoYI2vj20.jpg,Amanita,Amanita,True,0.7766172289848328,0.004364599997643381,ResNet18,test
data/processed/test\Amanita\026_8kxG9731_4w.jpg,Amanita,Amanita,True,0.6414374709129333,0.0042897000021184795,ResNet18,test
data/processed/test\Amanita\027_i47VTXypFTE.jpg,Amanita,Boletus,False,0.47860753536224365,0.00426549999974668,ResNet18,test
data/processed/test\Amanita\038_VKaJLTO8zZU.jpg,Amanita,Lactarius,False,0.697882890701294,0.004231600003549829,ResNet18,test
data/processed/test\Amanita\041_6n9nhA4C6K8.jpg,Amanita,Amanita,True,0.5003013014793396,0.0045195000056992285,ResNet18,test
data/processed/test\Amanita\042_aqfiTPuiGHo.jpg,Amanita,Hygrocybe,False,0.6309993863105774,0.0037561999997706152,ResNet18,test
data/processed/test\Amanita\044_BvKKMmJ6Nfo.jpg,Amanita,Russula,False,0.5100407004356384,0.002612899996165652,ResNet18,test
data/processed/test\Amanita\048_3CAOSWVxhe0.jpg,Amanita,Cortinarius,False,0.38199886679649353,0.002606100002594758,ResNet18,test
data/processed/test\Amanita\055_riJalDjBcnI.jpg,Amanita,Amanita,True,0.9539263248443604,0.0026185999959125184,ResNet18,test
data/processed/test\Amanita\075_3gL0KWhOrbs.jpg,Amanita,Amanita,True,0.861530065536499,0.0027361000029486604,ResNet18,test
data/processed/test\Amanita\081_C-pQjIw3h7M.jpg,Amanita,Amanita,True,0.9143978357315063,0.0027007999960915186,ResNet18,test
data/processed/test\Amanita\083_GAJUFRatKvg.jpg,Amanita,Amanita,True,0.9321420192718506,0.0027054000020143576,ResNet18,test
data/processed/test\Amanita\101_m1QUT_IvswY.jpg,Amanita,Amanita,True,0.3402177691459656,0.0026653000022633933,ResNet18,test
data/processed/test\Amanita\109_mApfQHzHo0k.jpg,Amanita,Lactarius,False,0.42847949266433716,0.002742900003795512,ResNet18,test
data/processed/test\Amanita\112_v5maqRj9Z_w.jpg,Amanita,Boletus,False,0.20541951060295105,0.003440000000409782,ResNet18,test
data/processed/test\Amanita\113_Ssk7arItOnk.jpg,Amanita,Inocybe,False,0.43723729252815247,0.0045596999989356846,ResNet18,test
data/processed/test\Amanita\116_V-662GMGI6U.jpg,Amanita,Inocybe,False,0.5071017146110535,0.0046978000027593225,ResNet18,test
data/processed/test\Amanita\117_2i4Ly-hB5rY.jpg,Amanita,Inocybe,False,0.8035106658935547,0.004445000005944166,ResNet18,test
data/processed/test\Amanita\121_0mE3kiyOk4k.jpg,Amanita,Amanita,True,0.8825460076332092,0.004344399996625725,ResNet18,test
data/processed/test\Amanita\125_jnNJwiuIHj0.jpg,Amanita,Amanita,True,0.5957657098770142,0.00435029999789549,ResNet18,test
data/processed/test\Amanita\138_kCA0Zae2KX0.jpg,Amanita,Amanita,True,0.893110454082489,0.004291700002795551,ResNet18,test
data/processed/test\Amanita\141_zaaLqAyIHuQ.jpg,Amanita,Amanita,True,0.9938602447509766,0.00428000000101747,ResNet18,test
data/processed/test\Amanita\143_ZpRWUcr7GhA.jpg,Amanita,Boletus,False,0.7992013096809387,0.0026064999983645976,ResNet18,test
data/processed/test\Amanita\145_2JCprUI2Ugw.jpg,Amanita,Amanita,True,0.7117571830749512,0.0024004999941098504,ResNet18,test
data/processed/test\Amanita\159_majDHo2IG8U.jpg,Amanita,Amanita,True,0.7294625639915466,0.0026326999941375107,ResNet18,test
data/processed/test\Amanita\160_2Xs6Ueh19D4.jpg,Amanita,Lactarius,False,0.5211710333824158,0.002588799994555302,ResNet18,test
data/processed/test\Amanita\166_wCNIOK2FS_U.jpg,Amanita,Entoloma,False,0.3277045786380768,0.002569299998867791,ResNet18,test
data/processed/test\Amanita\167_oTHBDUWfBxA.jpg,Amanita,Entoloma,False,0.7658407688140869,0.00253280000470113,ResNet18,test
data/processed/test\Amanita\169_ODaDqR_tlG0.jpg,Amanita,Amanita,True,0.8783847689628601,0.002605900001071859,ResNet18,test
data/processed/test\Amanita\171_6GMgYtjBa8k.jpg,Amanita,Amanita,True,0.28911149501800537,0.0025650000025052577,ResNet18,test
data/processed/test\Amanita\173_jqvVZF8AWxg.jpg,Amanita,Amanita,True,0.8332869410514832,0.0025237999943783507,ResNet18,test
data/processed/test\Amanita\175_wCfYH50cXu8.jpg,Amanita,Amanita,True,0.7679846286773682,0.00254020000284072,ResNet18,test
data/processed/test\Amanita\192_uQQGhgvOkTI.jpg,Amanita,Amanita,True,0.7380161285400391,0.0025716999953147024,ResNet18,test
data/processed/test\Amanita\194__2kBAgeqxZc.jpg,Amanita,Amanita,True,0.7572891116142273,0.0026118000023416243,ResNet18,test
data/processed/test\Amanita\208_EvpNOUGmeVI.jpg,Amanita,Amanita,True,0.9841902852058411,0.0025561000002198853,ResNet18,test
data/processed/test\Amanita\215_XXWsMnFz1MI.jpg,Amanita,Amanita,True,0.9731242060661316,0.0025393999967491254,ResNet18,test
data/processed/test\Amanita\219_d2on0Kw19Ds.jpg,Amanita,Amanita,True,0.8439969420433044,0.002525299998524133,ResNet18,test
data/processed/test\Amanita\226_zzTeEGVX8nY.jpg,Amanita,Russula,False,0.4626403748989105,0.0025722999998833984,ResNet18,test
data/processed/test\Amanita\229_AAkARuMGR0c.jpg,Amanita,Inocybe,False,0.3266971707344055,0.002561799999966752,ResNet18,test
data/processed/test\Amanita\238_7M5xzSG_g_A.jpg,Amanita,Amanita,True,0.9365997910499573,0.002579899999545887,ResNet18,test
data/processed/test\Amanita\239_m__Mvvi_6yk.jpg,Amanita,Amanita,True,0.9487041234970093,0.0025683999992907047,ResNet18,test
data/processed/test\Amanita\245_hJy0oklu5jA.jpg,Amanita,Boletus,False,0.9795719981193542,0.002584099995146971,ResNet18,test
data/processed/test\Amanita\254_Lyi3XcTltRs.jpg,Amanita,Amanita,True,0.8542165160179138,0.00258130000293022,ResNet18,test
data/processed/test\Amanita\262_lkxMPar_qU4.jpg,Amanita,Russula,False,0.47252607345581055,0.0025385999979334883,ResNet18,test
data/processed/test\Amanita\266_1lFPzGUJdrw.jpg,Amanita,Boletus,False,0.48882627487182617,0.002563899994129315,ResNet18,test
data/processed/test\Amanita\267_Jv9rb_uZxxM.jpg,Amanita,Amanita,True,0.9643187522888184,0.002537200001825113,ResNet18,test
data/processed/test\Amanita\269_y7diE9hqyqg.jpg,Amanita,Amanita,True,0.40275171399116516,0.00252540000656154,ResNet18,test
data/processed/test\Amanita\280_kmvGIrteUEU.jpg,Amanita,Amanita,True,0.9682523012161255,0.002552600002672989,ResNet18,test
data/processed/test\Amanita\283_A61Fv-WuOIQ.jpg,Amanita,Cortinarius,False,0.7423644661903381,0.002565499999036547,ResNet18,test
data/processed/test\Amanita\284_hjYnEPCzZWs.jpg,Amanita,Boletus,False,0.5663522481918335,0.0025594999970053323,ResNet18,test
data/processed/test\Amanita\286_akbOrg8qrWc.jpg,Amanita,Amanita,True,0.9855288863182068,0.002806199998303782,ResNet18,test
data/processed/test\Amanita\291_8IJ4_ANpJLg.jpg,Amanita,Cortinarius,False,0.23553462326526642,0.003900999996403698,ResNet18,test
data/processed/test\Amanita\296_sKFU2MHCmQI.jpg,Amanita,Amanita,True,0.21721410751342773,0.004356600002211053,ResNet18,test
data/processed/test\Amanita\301_arWVKBAl1xg.jpg,Amanita,Russula,False,0.3171112835407257,0.00444710000010673,ResNet18,test
data/processed/test\Amanita\304_fF9sgw_cuPo.jpg,Amanita,Russula,False,0.6510815620422363,0.0042322000008425675,ResNet18,test
data/processed/test\Amanita\319_VSiBPtwZDwM.jpg,Amanita,Amanita,True,0.7218686938285828,0.004265099996700883,ResNet18,test
data/processed/test\Amanita\323_sgZnWNFTFFc.jpg,Amanita,Amanita,True,0.5723937749862671,0.004236900000250898,ResNet18,test
data/processed/test\Amanita\326_q3-8lXVmcVM.jpg,Amanita,Amanita,True,0.5938491225242615,0.004213499996694736,ResNet18,test
data/processed/test\Amanita\329_jpdnrnOYvm8.jpg,Amanita,Amanita,True,0.4910007417201996,0.004244399999151938,ResNet18,test
data/processed/test\Amanita\354_HFiOZg6IOL8.jpg,Amanita,Russula,False,0.31922224164009094,0.00429930000245804,ResNet18,test
data/processed/test\Amanita\355_e0Y8jDjEmzs.jpg,Amanita,Amanita,True,0.974413275718689,0.004149400003370829,ResNet18,test
data/processed/test\Amanita\366_zzsJUWaNdxg.jpg,Amanita,Amanita,True,0.9768487811088562,0.004115800002182368,ResNet18,test
data/processed/test\Amanita\372_5SYWecQTaKc.jpg,Amanita,Russula,False,0.5838285088539124,0.004220099996018689,ResNet18,test
data/processed/test\Amanita\373_YmenYH0HVC0.jpg,Amanita,Amanita,True,0.2832129895687103,0.004201399999146815,ResNet18,test
data/processed/test\Amanita\377_qiZKoEIbfFk.jpg,Amanita,Russula,False,0.6569925546646118,0.0042238999958499335,ResNet18,test
data/processed/test\Amanita\381_t_eyYyXYB1k.jpg,Amanita,Amanita,True,0.5309576988220215,0.004264299997885246,ResNet18,test
data/processed/test\Amanita\389_1fQDmvX1jb8.jpg,Amanita,Amanita,True,0.5440462827682495,0.00419289999990724,ResNet18,test
data/processed/test\Amanita\395_tL3vBGNvjeI.jpg,Amanita,Amanita,True,0.34944307804107666,0.004221199997118674,ResNet18,test
data/processed/test\Amanita\408_Jn439YAL3hs.jpg,Amanita,Amanita,True,0.4873847961425781,0.004212300002109259,ResNet18,test
data/processed/test\Amanita\433_mzRZXazhvVU.jpg,Amanita,Russula,False,0.4701067805290222,0.0042648000016924925,ResNet18,test
data/processed/test\Amanita\438_gh-zSGziyQ4.jpg,Amanita,Inocybe,False,0.6073907613754272,0.0025181999953929335,ResNet18,test
data/processed/test\Amanita\439_fP_ozmLLhb8.jpg,Amanita,Russula,False,0.5092961192131042,0.0026369999977760017,ResNet18,test
data/processed/test\Amanita\451_V0quFnk9NFA.jpg,Amanita,Amanita,True,0.7814562916755676,0.0025960000057239085,ResNet18,test
data/processed/test\Amanita\455_noEYaXjdZno.jpg,Amanita,Amanita,True,0.36983034014701843,0.0025448000014876015,ResNet18,test
data/processed/test\Amanita\458_5BlPufQsqww.jpg,Amanita,Russula,False,0.34033510088920593,0.002527700002247002,ResNet18,test
data/processed/test\Amanita\466_wUxyOxsT5Xc.jpg,Amanita,Amanita,True,0.5963489413261414,0.0024469999989378266,ResNet18,test
data/processed/test\Amanita\470_Qn8LOp2zdbk.jpg,Amanita,Amanita,True,0.512826681137085,0.002566100003605243,ResNet18,test
data/processed/test\Amanita\488_c9nCQvJtUrI.jpg,Amanita,Entoloma,False,0.4073638617992401,0.004435100003320258,ResNet18,test
data/processed/test\Amanita\490_GiCnvGBmknM.jpg,Amanita,Lactarius,False,0.37924280762672424,0.002595100006146822,ResNet18,test
data/processed/test\Amanita\500_goYWhHd_SfA.jpg,Amanita,Lactarius,False,0.4524862468242645,0.0025334000019938685,ResNet18,test
data/processed/test\Amanita\520_7tXL64TQTpg.jpg,Amanita,Amanita,True,0.6061147451400757,0.0026293000046280213,ResNet18,test
data/processed/test\Amanita\537_5FMMhBffQ9Y.jpg,Amanita,Lactarius,False,0.3236496150493622,0.0026196000035270117,ResNet18,test
data/processed/test\Amanita\538_EwaPkcP6eTM.jpg,Amanita,Agaricus,False,0.498398095369339,0.002611700001580175,ResNet18,test
data/processed/test\Amanita\561_E5bsDlNUJ-Y.jpg,Amanita,Boletus,False,0.47498083114624023,0.0025051999982679263,ResNet18,test
data/processed/test\Amanita\571_l1hoa0Kgm0U.jpg,Amanita,Lactarius,False,0.30583399534225464,0.002591999997093808,ResNet18,test
data/processed/test\Amanita\577_XqZEGat0kl8.jpg,Amanita,Entoloma,False,0.42771148681640625,0.0025257000015699305,ResNet18,test
data/processed/test\Amanita\579_PS9igVuOoHE.jpg,Amanita,Russula,False,0.2794046401977539,0.0025502000062260777,ResNet18,test
data/processed/test\Amanita\586_kLoafsSiyT8.jpg,Amanita,Amanita,True,0.9373895525932312,0.002682899998035282,ResNet18,test
data/processed/test\Amanita\587_4e3oJGC88kg.jpg,Amanita,Amanita,True,0.7511438727378845,0.002649900001415517,ResNet18,test
data/processed/test\Amanita\588_bh0TgHuuQ-g.jpg,Amanita,Amanita,True,0.7793002128601074,0.002621399995405227,ResNet18,test
data/processed/test\Amanita\589_AnaL5Wx-reY.jpg,Amanita,Lactarius,False,0.32666686177253723,0.004329999996116385,ResNet18,test
data/processed/test\Amanita\596_TzXaLH4_GW0.jpg,Amanita,Amanita,True,0.5648241639137268,0.004475400004594121,ResNet18,test
data/processed/test\Amanita\597_t_LN8-XruiI.jpg,Amanita,Amanita,True,0.8879976868629456,0.0043629000065266155,ResNet18,test
data/processed/test\Amanita\600_jgKLD8sC_v4.jpg,Amanita,Amanita,True,0.9895519614219666,0.004338599996117409,ResNet18,test
data/processed/test\Amanita\620_JDQSDCTyXyg.jpg,Amanita,Amanita,True,0.958350419998169,0.00424110000312794,ResNet18,test
data/processed/test\Amanita\646_zBDcRvL_RyM.jpg,Amanita,Russula,False,0.6840861439704895,0.004240100002789404,ResNet18,test
data/processed/test\Amanita\654_vhjqe9X5eec.jpg,Amanita,Agaricus,False,0.35199883580207825,0.004280699999071658,ResNet18,test
data/processed/test\Amanita\664_AXOuF6j3tyo.jpg,Amanita,Entoloma,False,0.32009199261665344,0.004258699998899829,ResNet18,test
data/processed/test\Amanita\665_PrGfCOsVu8Y.jpg,Amanita,Russula,False,0.4250262975692749,0.004204500000923872,ResNet18,test
data/processed/test\Amanita\679_cIMzCCYdG38.jpg,Amanita,Amanita,True,0.9265289902687073,0.0042826000062632374,ResNet18,test
data/processed/test\Amanita\682_B3EZBbmcFBE.jpg,Amanita,Russula,False,0.22595669329166412,0.004252000006090384,ResNet18,test
data/processed/test\Amanita\702_sR0HQkA_gkA.jpg,Amanita,Russula,False,0.3915606141090393,0.004318300001614261,ResNet18,test
data/processed/test\Amanita\713_znBkCzCEi-g.jpg,Amanita,Russula,False,0.5270976424217224,0.0044214000008651055,ResNet18,test
data/processed/test\Amanita\717_vlDmzuYG5og.jpg,Amanita,Lactarius,False,0.3424921929836273,0.004239900001266506,ResNet18,test
data/processed/test\Amanita\739_t_b-1IKUbgE.jpg,Amanita,Amanita,True,0.8973901271820068,0.0042161999954259954,ResNet18,test
data/processed/test\Amanita\742_j3CNLlK7ISo.jpg,Amanita,Amanita,True,0.9390416145324707,0.004173799999989569,ResNet18,test
data/processed/test\Amanita\746_Dh_6IpygI6I.jpg,Amanita,Amanita,True,0.9732741713523865,0.004362100000435021,ResNet18,test
data/processed/test\Amanita\754_rDpMYIR-sFE.jpg,Amanita,Amanita,True,0.6513096690177917,0.004480900002818089,ResNet18,test
data/processed/test\Amanita\756_w-xhasvBIT0.jpg,Amanita,Amanita,True,0.9743801355361938,0.004211500003293622,ResNet18,test
data/processed/test\Amanita\773_3H-0yRwiu6Y.jpg,Amanita,Entoloma,False,0.26525041460990906,0.0043110999977216125,ResNet18,test
data/processed/test\Amanita\787_V5x9WHxsoqE.jpg,Amanita,Lactarius,False,0.30164146423339844,0.004174100002273917,ResNet18,test
data/processed/test\Boletus\0009_2hEUS66s6Gw.jpg,Boletus,Boletus,True,0.38214603066444397,0.004439899996214081,ResNet18,test
data/processed/test\Boletus\0010_7M6YHrGZ3aM.jpg,Boletus,Boletus,True,0.5861717462539673,0.004427300002134871,ResNet18,test
data/processed/test\Boletus\0023_JAAEdifq1MY.jpg,Boletus,Boletus,True,0.7053693532943726,0.00438179999764543,ResNet18,test
data/processed/test\Boletus\0032_Sl_iMoAAJyU.jpg,Boletus,Boletus,True,0.9716565012931824,0.002699599994230084,ResNet18,test
data/processed/test\Boletus\0048_wGU2ETPlfqY.jpg,Boletus,Boletus,True,0.37824344635009766,0.0027106999987154268,ResNet18,test
data/processed/test\Boletus\0051_rBIC-Uy9KzI.jpg,Boletus,Russula,False,0.5519933104515076,0.002635000004374888,ResNet18,test
data/processed/test\Boletus\0058_djB8UbX-XaU.jpg,Boletus,Boletus,True,0.982677161693573,0.0028705000004265457,ResNet18,test
data/processed/test\Boletus\0060_ph1tt9Qik4Q.jpg,Boletus,Lactarius,False,0.3028337359428406,0.0027912000005017035,ResNet18,test
data/processed/test\Boletus\0074_-d_w6u6G7wA.jpg,Boletus,Suillus,False,0.38187456130981445,0.0027068999988841824,ResNet18,test
data/processed/test\Boletus\0076_yMZR41Idcn0.jpg,Boletus,Amanita,False,0.8137373328208923,0.002645799999299925,ResNet18,test
data/processed/test\Boletus\0081_Jy-UUrFwLMA.jpg,Boletus,Boletus,True,0.7916359305381775,0.0027281000002403744,ResNet18,test
data/processed/test\Boletus\0090_PCyZBE7zH28.jpg,Boletus,Amanita,False,0.8189149498939514,0.0025501000054646283,ResNet18,test
data/processed/test\Boletus\0100_Um24DDdxtxY.jpg,Boletus,Boletus,True,0.30644741654396057,0.0025371000010636635,ResNet18,test
data/processed/test\Boletus\0110_A_F3PAXmwBw.jpg,Boletus,Boletus,True,0.8072712421417236,0.0026875999974436127,ResNet18,test
data/processed/test\Boletus\0142_osp5FSuBFx4.jpg,Boletus,Boletus,True,0.86583012342453,0.004150500004470814,ResNet18,test
data/processed/test\Boletus\0148_GWuEw2WeFCY.jpg,Boletus,Boletus,True,0.8875830769538879,0.004315199999837205,ResNet18,test
data/processed/test\Boletus\0151_8qA6XqDaO10.jpg,Boletus,Boletus,True,0.6911128759384155,0.004458600000361912,ResNet18,test
data/processed/test\Boletus\0155_cfBPq0uvW7U.jpg,Boletus,Boletus,True,0.5922000408172607,0.004313099998398684,ResNet18,test
data/processed/test\Boletus\0163_288vPbTy0u0.jpg,Boletus,Boletus,True,0.46109938621520996,0.004227999997965526,ResNet18,test
data/processed/test\Boletus\0166_JjEOuNKkeSM.jpg,Boletus,Boletus,True,0.38008928298950195,0.0042418999946676195,ResNet18,test
data/processed/test\Boletus\0176_J7Pq7LRCag0.jpg,Boletus,Amanita,False,0.2598952651023865,0.004381200000352692,ResNet18,test
data/processed/test\Boletus\0181_WPxAHfkr5nY.jpg,Boletus,Boletus,True,0.4776995778083801,0.004235000000335276,ResNet18,test
data/processed/test\Boletus\0186_8hd4Jt8Z_XU.jpg,Boletus,Boletus,True,0.3074548542499542,0.004591200005961582,ResNet18,test
data/processed/test\Boletus\0187__pRX2ASfyHE.jpg,Boletus,Boletus,True,0.9865384101867676,0.004211700004816521,ResNet18,test
data/processed/test\Boletus\0196_uqGMdVItBRg.jpg,Boletus,Boletus,True,0.9189638495445251,0.002984200000355486,ResNet18,test
data/processed/test\Boletus\0203_9fok2txolHA.jpg,Boletus,Boletus,True,0.86184161901474,0.0025611999953980558,ResNet18,test
data/processed/test\Boletus\0205_qoM5hQot18c.jpg,Boletus,Boletus,True,0.5925841927528381,0.004356999997980893,ResNet18,test
data/processed/test\Boletus\0206_TyUG66hONcc.jpg,Boletus,Lactarius,False,0.5785248875617981,0.0042127999986405484,ResNet18,test
data/processed/test\Boletus\0207_oXbD8i2vkVg.jpg,Boletus,Lactarius,False,0.3122517764568329,0.004232299994328059,ResNet18,test
data/processed/test\Boletus\0227_j49x_C5p-CU.jpg,Boletus,Boletus,True,0.8279513716697693,0.004058200000145007,ResNet18,test
data/processed/test\Boletus\0238_qz-FM7SB6M0.jpg,Boletus,Boletus,True,0.686245322227478,0.004114800001843832,ResNet18,test
data/processed/test\Boletus\0240_VJBB4bFGy00.jpg,Boletus,Boletus,True,0.9518880844116211,0.004094199997780379,ResNet18,test
data/processed/test\Boletus\0245_M167aLbLgs8.jpg,Boletus,Boletus,True,0.7794977426528931,0.0025518999973428436,ResNet18,test
data/processed/test\Boletus\0249_50wVqwSNvhw.jpg,Boletus,Boletus,True,0.848447859287262,0.0025371000010636635,ResNet18,test
data/processed/test\Boletus\0253_g1jTDCR3Zu4.jpg,Boletus,Boletus,True,0.728446364402771,0.0025500999981886707,ResNet18,test
data/processed/test\Boletus\0259_RjpNYKf3Zag.jpg,Boletus,Lactarius,False,0.4315517246723175,0.0025469000029261224,ResNet18,test
data/processed/test\Boletus\0261_Dag-SrdgNL4.jpg,Boletus,Boletus,True,0.9629400372505188,0.002568800002336502,ResNet18,test
data/processed/test\Boletus\0263_nUgkvTMYYa4.jpg,Boletus,Boletus,True,0.7900423407554626,0.0025804999968386255,ResNet18,test
data/processed/test\Boletus\0264_47xi69ImS58.jpg,Boletus,Boletus,True,0.9720109701156616,0.0026973999993060715,ResNet18,test
data/processed/test\Boletus\0285_5r1D03ayo_A.jpg,Boletus,Boletus,True,0.6311705708503723,0.0026933999979519285,ResNet18,test
data/processed/test\Boletus\0297_Q4fwdJ_9PxA.jpg,Boletus,Boletus,True,0.9782968759536743,0.0026429999998072162,ResNet18,test
data/processed/test\Boletus\0298_01Q7PUhybdQ.jpg,Boletus,Boletus,True,0.3410521447658539,0.0027285999967716634,ResNet18,test
data/processed/test\Boletus\0299_Ue9AxhqQqyc.jpg,Boletus,Boletus,True,0.9818769693374634,0.0028316999960225075,ResNet18,test
data/processed/test\Boletus\0304_7bLIdSVgaIM.jpg,Boletus,Boletus,True,0.9068670272827148,0.0028467999945860356,ResNet18,test
data/processed/test\Boletus\0306_64D0ZnNktPM.jpg,Boletus,Boletus,True,0.9672403931617737,0.0027349999945727177,ResNet18,test
data/processed/test\Boletus\0310__tra6Lo5W9Q.jpg,Boletus,Boletus,True,0.47436097264289856,0.002637899997353088,ResNet18,test
data/processed/test\Boletus\0313_UMgAL-_294g.jpg,Boletus,Boletus,True,0.9130735993385315,0.0025741999997990206,ResNet18,test
data/processed/test\Boletus\0315_TZK9JOYNO7Q.jpg,Boletus,Boletus,True,0.9708237051963806,0.0026253000032738782,ResNet18,test
data/processed/test\Boletus\0320_Fj4PirBfkK0.jpg,Boletus,Lactarius,False,0.5486921668052673,0.0026309000022592954,ResNet18,test
data/processed/test\Boletus\0336__FEoILXRJaU.jpg,Boletus,Russula,False,0.34034720063209534,0.002842499998223502,ResNet18,test
data/processed/test\Boletus\0344_3nzDfs3jlQQ.jpg,Boletus,Boletus,True,0.9885813593864441,0.0026266999993822537,ResNet18,test
data/processed/test\Boletus\0358_MmNt3oIzcU8.jpg,Boletus,Boletus,True,0.8944575190544128,0.0027765999984694645,ResNet18,test
data/processed/test\Boletus\0365_w3QgqqeP-C8.jpg,Boletus,Boletus,True,0.7802159190177917,0.004701300000306219,ResNet18,test
data/processed/test\Boletus\0372_EVEx-OOzR1U.jpg,Boletus,Boletus,True,0.9241456985473633,0.0045797000057064,ResNet18,test
data/processed/test\Boletus\0388_M54uL5T9TkM.jpg,Boletus,Boletus,True,0.8735305070877075,0.004326400005083997,ResNet18,test
data/processed/test\Boletus\0391_s9Ag92abtK8.jpg,Boletus,Boletus,True,0.719937264919281,0.004761600001074839,ResNet18,test
data/processed/test\Boletus\0395_jZFg843mP4g.jpg,Boletus,Boletus,True,0.8952643275260925,0.004702799997176044,ResNet18,test
data/processed/test\Boletus\0396_SY7PYfYNq88.jpg,Boletus,Boletus,True,0.9935615062713623,0.00458220000291476,ResNet18,test
data/processed/test\Boletus\0398_5b-zJ94MXQk.jpg,Boletus,Boletus,True,0.95766681432724,0.0045815000048605725,ResNet18,test
data/processed/test\Boletus\0410_jhaHnXdb-IM.jpg,Boletus,Boletus,True,0.9752523899078369,0.004477300004509743,ResNet18,test
data/processed/test\Boletus\0426_LWjQTfRMiXo.jpg,Boletus,Boletus,True,0.41048261523246765,0.004642199994123075,ResNet18,test
data/processed/test\Boletus\0439_O6QzBvZavTM.jpg,Boletus,Boletus,True,0.9017410278320312,0.005096699998830445,ResNet18,test
data/processed/test\Boletus\0446_xHS1WNA5GOs.jpg,Boletus,Inocybe,False,0.8901986479759216,0.004888700001174584,ResNet18,test
data/processed/test\Boletus\0457_lZNPtp0I8xY.jpg,Boletus,Boletus,True,0.8869984745979309,0.004861800000071526,ResNet18,test
data/processed/test\Boletus\0471_lxzgCXnZUlM.jpg,Boletus,Boletus,True,0.5239031910896301,0.004966199994669296,ResNet18,test
data/processed/test\Boletus\0473_x9mm3RQN3OQ.jpg,Boletus,Boletus,True,0.5725539922714233,0.004741100005048793,ResNet18,test
data/processed/test\Boletus\0476_qTLS2LtmH20.jpg,Boletus,Boletus,True,0.49662071466445923,0.00450000000273576,ResNet18,test
data/processed/test\Boletus\0478_IqIYZ5z8ZaA.jpg,Boletus,Boletus,True,0.6960840821266174,0.004454900001292117,ResNet18,test
data/processed/test\Boletus\0482_bwKqTN52ZY0.jpg,Boletus,Cortinarius,False,0.28826749324798584,0.004320600004575681,ResNet18,test
data/processed/test\Boletus\0485_2M-1Jj2XXfU.jpg,Boletus,Boletus,True,0.47434213757514954,0.004317899998568464,ResNet18,test
data/processed/test\Boletus\0487_V0mcOZZWsYc.jpg,Boletus,Boletus,True,0.5322269797325134,0.00453669999842532,ResNet18,test
data/processed/test\Boletus\0496_oW-MXvWIdeg.jpg,Boletus,Lactarius,False,0.3875789940357208,0.004503199997998308,ResNet18,test
data/processed/test\Boletus\0501_RcynfiUwksM.jpg,Boletus,Boletus,True,0.815485417842865,0.004280199995264411,ResNet18,test
data/processed/test\Boletus\0515_fH8FRrp-Rc4.jpg,Boletus,Lactarius,False,0.571074903011322,0.004364200001873542,ResNet18,test
data/processed/test\Boletus\0516_jSgZvx-y_IA.jpg,Boletus,Boletus,True,0.9330637454986572,0.004428200001711957,ResNet18,test
data/processed/test\Boletus\0551_xiALBJABq4k.jpg,Boletus,Boletus,True,0.983322262763977,0.00455810000130441,ResNet18,test
data/processed/test\Boletus\0552_Sm0FWjXpCUA.jpg,Boletus,Inocybe,False,0.4211195111274719,0.004613799996150192,ResNet18,test
data/processed/test\Boletus\0569_DpPGoGLCmxw.jpg,Boletus,Russula,False,0.637507438659668,0.004873199999565259,ResNet18,test
data/processed/test\Boletus\0590_U1iXqaOG__4.jpg,Boletus,Boletus,True,0.8202995657920837,0.0026518000013311394,ResNet18,test
data/processed/test\Boletus\0596_1eBgViXIxTo.jpg,Boletus,Inocybe,False,0.5124058127403259,0.0025385000044479966,ResNet18,test
data/processed/test\Boletus\0599_KA0H3vejy08.jpg,Boletus,Boletus,True,0.9117483496665955,0.0026915999987977557,ResNet18,test
data/processed/test\Boletus\0608_iR5VKlchysc.jpg,Boletus,Boletus,True,0.9909698367118835,0.002627499998197891,ResNet18,test
data/processed/test\Boletus\0612_8lQr8TbwImc.jpg,Boletus,Boletus,True,0.9953115582466125,0.0026219000064884312,ResNet18,test
data/processed/test\Boletus\0624_RmlDHXvJUeU.jpg,Boletus,Boletus,True,0.8155856728553772,0.004504200005612802,ResNet18,test
data/processed/test\Boletus\0631_PJXNFQZc7n8.jpg,Boletus,Boletus,True,0.5783923864364624,0.004481799995119218,ResNet18,test
data/processed/test\Boletus\0632_Rc_3hYDbYqU.jpg,Boletus,Boletus,True,0.2952415347099304,0.004445300000952557,ResNet18,test
data/processed/test\Boletus\0635_-J_6XTsYZMA.jpg,Boletus,Boletus,True,0.4596654176712036,0.004280900000594556,ResNet18,test
data/processed/test\Boletus\0645_l3ki0s-WOCU.jpg,Boletus,Lactarius,False,0.1593874841928482,0.004366100001789164,ResNet18,test
data/processed/test\Boletus\0646_X-9LZJb_Mm8.jpg,Boletus,Boletus,True,0.7577149271965027,0.004241000002366491,ResNet18,test
data/processed/test\Boletus\0654_S0ZETeWMBPU.jpg,Boletus,Inocybe,False,0.4308203458786011,0.004271900004823692,ResNet18,test
data/processed/test\Boletus\0659_r1c48yLOmjA.jpg,Boletus,Boletus,True,0.8495895266532898,0.004246399999829009,ResNet18,test
data/processed/test\Boletus\0662_zLAxc0c9R_M.jpg,Boletus,Boletus,True,0.6842265129089355,0.004506799996306654,ResNet18,test
data/processed/test\Boletus\0664_aAvZIRDPNUI.jpg,Boletus,Boletus,True,0.4940883219242096,0.004314500001783017,ResNet18,test
data/processed/test\Boletus\0665_oAzt25TNZeQ.jpg,Boletus,Inocybe,False,0.5266433954238892,0.004270200006430969,ResNet18,test
data/processed/test\Boletus\0670_K_TCbzxFUGM.jpg,Boletus,Boletus,True,0.6012684106826782,0.004273400001693517,ResNet18,test
data/processed/test\Boletus\0684_vMnFJrCY0pg.jpg,Boletus,Lactarius,False,0.28717008233070374,0.004638500002329238,ResNet18,test
data/processed/test\Boletus\0686_HDMT9DDObck.jpg,Boletus,Russula,False,0.4461667537689209,0.004320799998822622,ResNet18,test
data/processed/test\Boletus\0687_OAh8DHQ9Ejw.jpg,Boletus,Boletus,True,0.9503751397132874,0.004284100003133062,ResNet18,test
data/processed/test\Boletus\0691_aeOqhuNhZUo.jpg,Boletus,Boletus,True,0.4340502619743347,0.004272900005162228,ResNet18,test
data/processed/test\Boletus\0694_ZGhTNFYpRF0.jpg,Boletus,Lactarius,False,0.3597128093242645,0.004202299998723902,ResNet18,test
data/processed/test\Boletus\0705_zAx-31wgOX8.jpg,Boletus,Boletus,True,0.3453759253025055,0.0041784999993979,ResNet18,test
data/processed/test\Boletus\0706_O2coJ1bHNyI.jpg,Boletus,Cortinarius,False,0.4506480395793915,0.0024923000019043684,ResNet18,test
data/processed/test\Boletus\0710_3W2LVW3vahA.jpg,Boletus,Boletus,True,0.9808118343353271,0.002494799999112729,ResNet18,test
data/processed/test\Boletus\0711_BeW-0Vt9hao.jpg,Boletus,Suillus,False,0.6939185857772827,0.00258429999666987,ResNet18,test
data/processed/test\Boletus\0712_KcW299HdxJQ.jpg,Boletus,Suillus,False,0.4637017250061035,0.0025184999976772815,ResNet18,test
data/processed/test\Boletus\0715_bpAousgaNak.jpg,Boletus,Russula,False,0.35446882247924805,0.005178100000193808,ResNet18,test
data/processed/test\Boletus\0720_5nsuj2jRfF0.jpg,Boletus,Russula,False,0.3059996962547302,0.004397400000016205,ResNet18,test
data/processed/test\Boletus\0731_6DJ6_aa-bZg.jpg,Boletus,Suillus,False,0.40949222445487976,0.004582900000968948,ResNet18,test
data/processed/test\Boletus\0754_zPtZnfibMT4.jpg,Boletus,Amanita,False,0.3332517147064209,0.004433299996890128,ResNet18,test
data/processed/test\Boletus\0778_UbEygYYDhi4.jpg,Boletus,Inocybe,False,0.4763822853565216,0.00430439999763621,ResNet18,test
data/processed/test\Boletus\0779_x10CHNm1XGs.jpg,Boletus,Boletus,True,0.8706895709037781,0.0025605000046198256,ResNet18,test
data/processed/test\Boletus\0789_HeUlbr2dIsk.jpg,Boletus,Lactarius,False,0.23216946423053741,0.0024956999986898154,ResNet18,test
data/processed/test\Boletus\0790_pju1fCrxSyw.jpg,Boletus,Amanita,False,0.733242392539978,0.0027136000062455423,ResNet18,test
data/processed/test\Boletus\0795_O2Z0CQUcDhg.jpg,Boletus,Boletus,True,0.9025195837020874,0.0025361000007251278,ResNet18,test
data/processed/test\Boletus\0797_6dpBNM8twyA.jpg,Boletus,Lactarius,False,0.47681987285614014,0.002545700001064688,ResNet18,test
data/processed/test\Boletus\0801_ulyFq_UWWzM.jpg,Boletus,Lactarius,False,0.4397006928920746,0.002727999999478925,ResNet18,test
data/processed/test\Boletus\0802_MWtsI0EKttw.jpg,Boletus,Amanita,False,0.565732479095459,0.0026948000013362616,ResNet18,test
data/processed/test\Boletus\0807_Iqw2hN_b0s8.jpg,Boletus,Boletus,True,0.5138186812400818,0.0026956000001518987,ResNet18,test
data/processed/test\Boletus\0811_7t2BE3xOyek.jpg,Boletus,Russula,False,0.3499866724014282,0.0025910999975167215,ResNet18,test
data/processed/test\Boletus\0813_mXb_8YjMI_8.jpg,Boletus,Suillus,False,0.5297192335128784,0.002526299998862669,ResNet18,test
data/processed/test\Boletus\0829_dHV6v4tZvMk.jpg,Boletus,Boletus,True,0.7509300708770752,0.0025440000026719645,ResNet18,test
data/processed/test\Boletus\0832_XCzDV_JY6_M.jpg,Boletus,Boletus,True,0.7005683183670044,0.002516300002753269,ResNet18,test
data/processed/test\Boletus\0833_lwqKJywKCCc.jpg,Boletus,Boletus,True,0.8625259399414062,0.002507900004275143,ResNet18,test
data/processed/test\Boletus\0836_FkYdaUI06h0.jpg,Boletus,Exidia,False,0.8793317675590515,0.0025433999981032684,ResNet18,test
data/processed/test\Boletus\0839__L3OdEzm-GA.jpg,Boletus,Lactarius,False,0.30309027433395386,0.004059499995491933,ResNet18,test
data/processed/test\Boletus\0841_7XAXHIAG0d8.jpg,Boletus,Boletus,True,0.5172091126441956,0.004394999996293336,ResNet18,test
data/processed/test\Boletus\0857_lvu1iJAnbvg.jpg,Boletus,Boletus,True,0.9829427003860474,0.004319600004237145,ResNet18,test
data/processed/test\Boletus\0859_z4K-tiR_PP0.jpg,Boletus,Boletus,True,0.5755226612091064,0.002502800001821015,ResNet18,test
data/processed/test\Boletus\0867_ExxTC0iGbxI.jpg,Boletus,Amanita,False,0.22235378623008728,0.0032006000037654303,ResNet18,test
data/processed/test\Boletus\0870_BxgSujm7-C8.jpg,Boletus,Boletus,True,0.36465707421302795,0.004186600002867635,ResNet18,test
data/processed/test\Boletus\0876_Sizxg8ymXLI.jpg,Boletus,Boletus,True,0.23800121247768402,0.004286600000341423,ResNet18,test
data/processed/test\Boletus\0883_LcmFTebwKmA.jpg,Boletus,Boletus,True,0.9901854991912842,0.004211899999063462,ResNet18,test
data/processed/test\Boletus\0891_9qHx98xefUQ.jpg,Boletus,Boletus,True,0.9517976641654968,0.0042164999977103435,ResNet18,test
data/processed/test\Boletus\0904_qppYGFqfqYg.jpg,Boletus,Boletus,True,0.9960677623748779,0.004185300000244752,ResNet18,test
data/processed/test\Boletus\0907_JUjr6H_B0Xo.jpg,Boletus,Lactarius,False,0.36797094345092773,0.0042065000016009435,ResNet18,test
data/processed/test\Boletus\0910_gk8EFVec-aU.jpg,Boletus,Boletus,True,0.8876902461051941,0.004140600001846906,ResNet18,test
data/processed/test\Boletus\0920_Mj9Gr-R_eJg.jpg,Boletus,Boletus,True,0.9980231523513794,0.004229700003634207,ResNet18,test
data/processed/test\Boletus\0927_GeTz3gpfOCA.jpg,Boletus,Russula,False,0.6239711046218872,0.0042890999975497834,ResNet18,test
data/processed/test\Boletus\0939_Uu9bT1-H4ZE.jpg,Boletus,Boletus,True,0.9498365521430969,0.004103799998119939,ResNet18,test
data/processed/test\Boletus\0941_CD55o3j2ACk.jpg,Boletus,Russula,False,0.9293563961982727,0.004114499999559484,ResNet18,test
data/processed/test\Boletus\0943_7_qx73pcT5M.jpg,Boletus,Boletus,True,0.9980332255363464,0.004126300002099015,ResNet18,test
data/processed/test\Boletus\0944_uchnyCbCU8o.jpg,Boletus,Amanita,False,0.37856265902519226,0.0041473999954178,ResNet18,test
data/processed/test\Boletus\0951_12IsIr7KDL0.jpg,Boletus,Boletus,True,0.9954386353492737,0.0043007999993278645,ResNet18,test
data/processed/test\Boletus\0953_JtmTQxMa4yM.jpg,Boletus,Boletus,True,0.8125513792037964,0.004196499998215586,ResNet18,test
data/processed/test\Boletus\0954_UdQ21bvT_YM.jpg,Boletus,Boletus,True,0.6439732313156128,0.004174900001089554,ResNet18,test
data/processed/test\Boletus\0974_ZIsylb_w8NE.jpg,Boletus,Boletus,True,0.7549383044242859,0.004274699997040443,ResNet18,test
data/processed/test\Boletus\0981_Q5GmJS_vei8.jpg,Boletus,Boletus,True,0.9280927181243896,0.004163600002357271,ResNet18,test
data/processed/test\Boletus\0987_JvKLOKW8WFA.jpg,Boletus,Cortinarius,False,0.30783960223197937,0.004253200000675861,ResNet18,test
data/processed/test\Boletus\0988_R0RNuJ8IqBI.jpg,Boletus,Boletus,True,0.6592602729797363,0.0043660000010277145,ResNet18,test
data/processed/test\Boletus\1021_SyO8BpGSVjw.jpg,Boletus,Russula,False,0.49069225788116455,0.004307600000174716,ResNet18,test
data/processed/test\Boletus\1032_tYL581WPzXU.jpg,Boletus,Boletus,True,0.998584508895874,0.004210699997202028,ResNet18,test
data/processed/test\Boletus\1036_4kWl9z7sQIY.jpg,Boletus,Inocybe,False,0.7835725545883179,0.004310900003474671,ResNet18,test
data/processed/test\Boletus\1040_i_rg9l4rqjw.jpg,Boletus,Boletus,True,0.8909695148468018,0.004441400000359863,ResNet18,test
data/processed/test\Boletus\1051_Q0ltVKrZhcQ.jpg,Boletus,Boletus,True,0.9048336744308472,0.004266799995093606,ResNet18,test
data/processed/test\Boletus\1055_1FFlybCSCAU.jpg,Boletus,Boletus,True,0.921898603439331,0.004141199999139644,ResNet18,test
data/processed/test\Boletus\1057_Y7n8VqlTW3g.jpg,Boletus,Boletus,True,0.8807712197303772,0.004280599998310208,ResNet18,test
data/processed/test\Boletus\1065_eMY4Zsr_msU.jpg,Boletus,Boletus,True,0.37105244398117065,0.002518399996915832,ResNet18,test
data/processed/test\Boletus\1077_JAOBSnuV9zc.jpg,Boletus,Lactarius,False,0.5363954305648804,0.0027349999945727177,ResNet18,test
data/processed/test\Boletus\1081_S9BZwG4wmiU.jpg,Boletus,Boletus,True,0.6389138698577881,0.0028953000000910833,ResNet18,test
data/processed/test\Boletus\1086_9A85NgFJxzc.jpg,Boletus,Boletus,True,0.8941136002540588,0.003026400001544971,ResNet18,test
data/processed/test\Boletus\1087_POSIDmOc7AE.jpg,Boletus,Boletus,True,0.9794273376464844,0.0031682999979238957,ResNet18,test
data/processed/test\Boletus\1095_fb3O6d7sRfw.jpg,Boletus,Entoloma,False,0.5310161113739014,0.0031271999978343956,ResNet18,test
data/processed/test\Cortinarius\032_RaRNWCMOeJY.jpg,Cortinarius,Lactarius,False,0.6788243055343628,0.0052604999946197495,ResNet18,test
data/processed/test\Cortinarius\034_uFEs0KR55hA.jpg,Cortinarius,Boletus,False,0.6355728507041931,0.0032772000049590133,ResNet18,test
data/processed/test\Cortinarius\047_a4t7zntIs3E.jpg,Cortinarius,Russula,False,0.4869273900985718,0.0030637000018032268,ResNet18,test
data/processed/test\Cortinarius\051_BcBgKIXkPFY.jpg,Cortinarius,Cortinarius,True,0.6021754741668701,0.003007799998158589,ResNet18,test
data/processed/test\Cortinarius\062_lU35GQ80D6k.jpg,Cortinarius,Exidia,False,0.8700344562530518,0.002826600000844337,ResNet18,test
data/processed/test\Cortinarius\068_eKtLmKWRhYQ.jpg,Cortinarius,Cortinarius,True,0.4688122570514679,0.0027794999987236224,ResNet18,test
data/processed/test\Cortinarius\074_QZm5I2faj7M.jpg,Cortinarius,Suillus,False,0.6124925017356873,0.002704899998207111,ResNet18,test
data/processed/test\Cortinarius\082_igjSlbVXbAs.jpg,Cortinarius,Cortinarius,True,0.38667991757392883,0.002584599998954218,ResNet18,test
data/processed/test\Cortinarius\083_Fx67B3DmN3Y.jpg,Cortinarius,Cortinarius,True,0.5574108958244324,0.0025311999997938983,ResNet18,test
data/processed/test\Cortinarius\089_pSC0tp3Vin8.jpg,Cortinarius,Entoloma,False,0.29232969880104065,0.0026251000017509796,ResNet18,test
data/processed/test\Cortinarius\092_TIq_EZUYHvE.jpg,Cortinarius,Amanita,False,0.6447049379348755,0.002693800000997726,ResNet18,test
data/processed/test\Cortinarius\098_9sdVyNK9pSI.jpg,Cortinarius,Hygrocybe,False,0.4343007802963257,0.002760299998044502,ResNet18,test
data/processed/test\Cortinarius\106_zDyFzio3OcI.jpg,Cortinarius,Suillus,False,0.4778108596801758,0.002618300000904128,ResNet18,test
data/processed/test\Cortinarius\120_6i3qL8_7_cU.jpg,Cortinarius,Russula,False,0.5118427276611328,0.002609600000141654,ResNet18,test
data/processed/test\Cortinarius\139_Sa-XUtLlV4s.jpg,Cortinarius,Cortinarius,True,0.5137355923652649,0.0026265000051353127,ResNet18,test
data/processed/test\Cortinarius\142_UT29eeWW32A.jpg,Cortinarius,Russula,False,0.33509349822998047,0.0025468999956501648,ResNet18,test
data/processed/test\Cortinarius\143_SrOlFvP1n9w.jpg,Cortinarius,Cortinarius,True,0.3454781174659729,0.0026280000020051375,ResNet18,test
data/processed/test\Cortinarius\146_N9FJKoJghDQ.jpg,Cortinarius,Lactarius,False,0.40774041414260864,0.002644000000145752,ResNet18,test
data/processed/test\Cortinarius\147_gh5SUGxwpmg.jpg,Cortinarius,Inocybe,False,0.35362234711647034,0.002609800001664553,ResNet18,test
data/processed/test\Cortinarius\148_NRYh_CNOe0Q.jpg,Cortinarius,Cortinarius,True,0.7684755921363831,0.0026910000015050173,ResNet18,test
data/processed/test\Cortinarius\162_vx8DyMaDNbY.jpg,Cortinarius,Cortinarius,True,0.47634732723236084,0.0025968000045395456,ResNet18,test
data/processed/test\Cortinarius\172_RQpuklei93E.jpg,Cortinarius,Russula,False,0.6456382274627686,0.00267840000014985,ResNet18,test
data/processed/test\Cortinarius\173_OBw2ytszKxo.jpg,Cortinarius,Cortinarius,True,0.35450637340545654,0.002671800000825897,ResNet18,test
data/processed/test\Cortinarius\178_xHtAXzZPN-s.jpg,Cortinarius,Lactarius,False,0.5811752676963806,0.004595099999278318,ResNet18,test
data/processed/test\Cortinarius\182_kJh0aAaK590.jpg,Cortinarius,Lactarius,False,0.4642995297908783,0.0044726000051014125,ResNet18,test
data/processed/test\Cortinarius\185_OXwIsNfGrwY.jpg,Cortinarius,Cortinarius,True,0.5277731418609619,0.0042278999972040765,ResNet18,test
data/processed/test\Cortinarius\192_TskFa7fOkRc.jpg,Cortinarius,Cortinarius,True,0.4697055220603943,0.004213699998217635,ResNet18,test
data/processed/test\Cortinarius\195_lD8h4PCMaUY.jpg,Cortinarius,Amanita,False,0.31414568424224854,0.00495750000118278,ResNet18,test
data/processed/test\Cortinarius\207_zmoZZTV0lLI.jpg,Cortinarius,Russula,False,0.6636629104614258,0.0024712999947951175,ResNet18,test
data/processed/test\Cortinarius\224_mLlKvEsrEcA.jpg,Cortinarius,Cortinarius,True,0.34417399764060974,0.0024797999940346926,ResNet18,test
data/processed/test\Cortinarius\232_jKdR7Qgq_BY.jpg,Cortinarius,Lactarius,False,0.4651504456996918,0.003137899999273941,ResNet18,test
data/processed/test\Cortinarius\240_aJldHbs2JsE.jpg,Cortinarius,Cortinarius,True,0.7372663617134094,0.004593199999362696,ResNet18,test
data/processed/test\Cortinarius\256_TpoM3eWkf6g.jpg,Cortinarius,Lactarius,False,0.36858880519866943,0.004317500002798624,ResNet18,test
data/processed/test\Cortinarius\274_RW-zkr4BQmM.jpg,Cortinarius,Inocybe,False,0.445502370595932,0.0042824999982258305,ResNet18,test
data/processed/test\Cortinarius\277_2vcjLHvzssg.jpg,Cortinarius,Suillus,False,0.37416332960128784,0.004231399994750973,ResNet18,test
data/processed/test\Cortinarius\285_ALSLuAGLn64.jpg,Cortinarius,Russula,False,0.354158490896225,0.0046687000067322515,ResNet18,test
data/processed/test\Cortinarius\301_BY2YjnDmmdc.jpg,Cortinarius,Lactarius,False,0.42933911085128784,0.004342199994425755,ResNet18,test
data/processed/test\Cortinarius\312_Kv_3xHcyVUE.jpg,Cortinarius,Amanita,False,0.8210510015487671,0.00442700000712648,ResNet18,test
data/processed/test\Cortinarius\321_EgWJ7bpjCxM.jpg,Cortinarius,Cortinarius,True,0.45978832244873047,0.004324000001361128,ResNet18,test
data/processed/test\Cortinarius\328_qxWZEmWaodk.jpg,Cortinarius,Lactarius,False,0.348886638879776,0.004345600005763117,ResNet18,test
data/processed/test\Cortinarius\337_ohrbRKjnZkA.jpg,Cortinarius,Russula,False,0.37083670496940613,0.0043953999993391335,ResNet18,test
data/processed/test\Cortinarius\342_3kBE30sLBPk.jpg,Cortinarius,Agaricus,False,0.2821856439113617,0.004360899998573586,ResNet18,test
data/processed/test\Cortinarius\343_YY4qxL--3lE.jpg,Cortinarius,Russula,False,0.6542821526527405,0.004561200003081467,ResNet18,test
data/processed/test\Cortinarius\344_AKEJiWrKVfA.jpg,Cortinarius,Lactarius,False,0.4686340093612671,0.0042604999980540015,ResNet18,test
data/processed/test\Cortinarius\349_BG4jbNRDzCI.jpg,Cortinarius,Russula,False,0.3488602638244629,0.004157600000326056,ResNet18,test
data/processed/test\Cortinarius\353_qyVEsJs6eu8.jpg,Cortinarius,Cortinarius,True,0.6479944586753845,0.0043152999933226965,ResNet18,test
data/processed/test\Cortinarius\358_L8mvKvlrYDA.jpg,Cortinarius,Lactarius,False,0.42407920956611633,0.004281300003640354,ResNet18,test
data/processed/test\Cortinarius\360_QL0VQlt8Ke0.jpg,Cortinarius,Lactarius,False,0.5936568975448608,0.00425560000439873,ResNet18,test
data/processed/test\Cortinarius\364_Xsj2f0KiCAk.jpg,Cortinarius,Lactarius,False,0.8932347893714905,0.004257200002030004,ResNet18,test
data/processed/test\Cortinarius\381_IHHdqt43Ivk.jpg,Cortinarius,Cortinarius,True,0.6536871790885925,0.004233500003465451,ResNet18,test
data/processed/test\Cortinarius\384_NCKsip2esZ4.jpg,Cortinarius,Lactarius,False,0.616995096206665,0.00431630000093719,ResNet18,test
data/processed/test\Cortinarius\388_JTEy9_rTlno.jpg,Cortinarius,Lactarius,False,0.5916348099708557,0.004215399996610358,ResNet18,test
data/processed/test\Cortinarius\389_D8kTQu4sbro.jpg,Cortinarius,Lactarius,False,0.5124151110649109,0.004240900001605041,ResNet18,test
data/processed/test\Cortinarius\390_iQUMBiY-0qs.jpg,Cortinarius,Lactarius,False,0.8298181295394897,0.002653600000485312,ResNet18,test
data/processed/test\Cortinarius\418_YUu8Eth7vC0.jpg,Cortinarius,Inocybe,False,0.3829182982444763,0.0026177000036113895,ResNet18,test
data/processed/test\Cortinarius\448_uo51r2lHNAw.jpg,Cortinarius,Cortinarius,True,0.6161773204803467,0.0026522999978624284,ResNet18,test
data/processed/test\Cortinarius\449_VlvWf0y620o.jpg,Cortinarius,Exidia,False,0.9813432097434998,0.002816399995936081,ResNet18,test
data/processed/test\Cortinarius\456_KDbq8QQJpF8.jpg,Cortinarius,Exidia,False,0.5244388580322266,0.002884100002120249,ResNet18,test
data/processed/test\Cortinarius\460_-PS3Pqhfj28.jpg,Cortinarius,Russula,False,0.5141147375106812,0.004274599996278994,ResNet18,test
data/processed/test\Cortinarius\461_FcGRZ9NIyZM.jpg,Cortinarius,Exidia,False,0.6681280136108398,0.004541900001640897,ResNet18,test
data/processed/test\Cortinarius\466_M2i1qdSiRz4.jpg,Cortinarius,Cortinarius,True,0.3294914960861206,0.0046509000021615066,ResNet18,test
data/processed/test\Cortinarius\467_LUja4xjFPG8.jpg,Cortinarius,Cortinarius,True,0.6769094467163086,0.005043199998908676,ResNet18,test
data/processed/test\Cortinarius\488_UhQdy3jXkc0.jpg,Cortinarius,Lactarius,False,0.43805304169654846,0.004160000004048925,ResNet18,test
data/processed/test\Cortinarius\496_KX8TxkeLLa4.jpg,Cortinarius,Inocybe,False,0.303408145904541,0.0025600999942980707,ResNet18,test
data/processed/test\Cortinarius\509_M0Gd8axTrw4.jpg,Cortinarius,Russula,False,0.794983983039856,0.002705500002775807,ResNet18,test
data/processed/test\Cortinarius\514_tv4keuWfvWE.jpg,Cortinarius,Lactarius,False,0.36751869320869446,0.002648600006068591,ResNet18,test
data/processed/test\Cortinarius\530_sEUUp5boweI.jpg,Cortinarius,Suillus,False,0.45985299348831177,0.0027072000011685304,ResNet18,test
data/processed/test\Cortinarius\532_oIJibw1tz4Y.jpg,Cortinarius,Suillus,False,0.31476542353630066,0.004768700004206039,ResNet18,test
data/processed/test\Cortinarius\533_pNuBhaHhEmU.jpg,Cortinarius,Lactarius,False,0.3740518391132355,0.002762399999483023,ResNet18,test
data/processed/test\Cortinarius\547_fKznDHbWCkk.jpg,Cortinarius,Inocybe,False,0.5319910049438477,0.002627400004712399,ResNet18,test
data/processed/test\Cortinarius\551_APFbJ2vPcGw.jpg,Cortinarius,Suillus,False,0.5016152858734131,0.00437959999544546,ResNet18,test
data/processed/test\Cortinarius\552_z4MK9UiOMoc.jpg,Cortinarius,Russula,False,0.3914695382118225,0.004245299998729024,ResNet18,test
data/processed/test\Cortinarius\567_6O0QVMS6LE4.jpg,Cortinarius,Hygrocybe,False,0.4222794473171234,0.0026005000036093406,ResNet18,test
data/processed/test\Cortinarius\574_xXwqpgn5Fls.jpg,Cortinarius,Russula,False,0.557675838470459,0.002549599994381424,ResNet18,test
data/processed/test\Cortinarius\589_rgxUeggTwRk.jpg,Cortinarius,Cortinarius,True,0.28745412826538086,0.0027023999937227927,ResNet18,test
data/processed/test\Cortinarius\592_ZR3yzj9H31I.jpg,Cortinarius,Exidia,False,0.5032934546470642,0.002618799997435417,ResNet18,test
data/processed/test\Cortinarius\593_VEBcqScsSLw.jpg,Cortinarius,Cortinarius,True,0.42062804102897644,0.0025832000028458424,ResNet18,test
data/processed/test\Cortinarius\595_DUgPrK3WFJ0.jpg,Cortinarius,Lactarius,False,0.3436581492424011,0.002775500004645437,ResNet18,test
data/processed/test\Cortinarius\604_55_Sj5HXI6U.jpg,Cortinarius,Lactarius,False,0.5978389978408813,0.002553899998019915,ResNet18,test
data/processed/test\Cortinarius\613_RZSh0QPwcnw.jpg,Cortinarius,Cortinarius,True,0.6882519721984863,0.0025473999994574115,ResNet18,test
data/processed/test\Cortinarius\627_JqtzXHRtbPY.jpg,Cortinarius,Agaricus,False,0.3427428901195526,0.0025562000009813346,ResNet18,test
data/processed/test\Cortinarius\634_3P_z4FJuvrc.jpg,Cortinarius,Hygrocybe,False,0.7108924984931946,0.0025143000020761974,ResNet18,test
data/processed/test\Cortinarius\648_rFy8BK5tQS4.jpg,Cortinarius,Russula,False,0.5104127526283264,0.002744099998380989,ResNet18,test
data/processed/test\Cortinarius\651_YsGS-o5hPUk.jpg,Cortinarius,Amanita,False,0.44893983006477356,0.00246349999360973,ResNet18,test
data/processed/test\Cortinarius\660_qqPWIG-_atg.jpg,Cortinarius,Inocybe,False,0.35013890266418457,0.0024543999970774166,ResNet18,test
data/processed/test\Cortinarius\663_vqeZWWsm7AU.jpg,Cortinarius,Cortinarius,True,0.4071069359779358,0.004927599999064114,ResNet18,test
data/processed/test\Cortinarius\665_CnMbFwJ4A3g.jpg,Cortinarius,Inocybe,False,0.3392162322998047,0.004374600001028739,ResNet18,test
data/processed/test\Cortinarius\670_VEDFNxOmJjk.jpg,Cortinarius,Cortinarius,True,0.8722326755523682,0.0040756000016699545,ResNet18,test
data/processed/test\Cortinarius\677_jZl6bME7gYc.jpg,Cortinarius,Lactarius,False,0.27539223432540894,0.004430200002389029,ResNet18,test
data/processed/test\Cortinarius\684_4Yz2wW3J4Vs.jpg,Cortinarius,Cortinarius,True,0.6709451675415039,0.0025624999980209395,ResNet18,test
data/processed/test\Cortinarius\698_hDYmajbNTyc.jpg,Cortinarius,Lactarius,False,0.6669147610664368,0.0025858000008156523,ResNet18,test
data/processed/test\Cortinarius\700_T0ARJ9bwVM0.jpg,Cortinarius,Lactarius,False,0.3713006377220154,0.0025408000001334585,ResNet18,test
data/processed/test\Cortinarius\706_neOW0Q7auww.jpg,Cortinarius,Cortinarius,True,0.3342844545841217,0.002718399999139365,ResNet18,test
data/processed/test\Cortinarius\710_9SgH3X4RwDc.jpg,Cortinarius,Lactarius,False,0.34524303674697876,0.0025968999980250373,ResNet18,test
data/processed/test\Cortinarius\713_0K-WK89enpQ.jpg,Cortinarius,Cortinarius,True,0.4367828071117401,0.004295300001103897,ResNet18,test
data/processed/test\Cortinarius\722_hYmaZTUMKvM.jpg,Cortinarius,Cortinarius,True,0.4355575144290924,0.0042175999988103285,ResNet18,test
data/processed/test\Cortinarius\723_z2zuRWlePHw.jpg,Cortinarius,Inocybe,False,0.37524205446243286,0.0040499000024283305,ResNet18,test
data/processed/test\Cortinarius\726_SPq8J7DiHAU.jpg,Cortinarius,Suillus,False,0.43325984477996826,0.00431630000093719,ResNet18,test
data/processed/test\Cortinarius\734_gSi3maWDcms.jpg,Cortinarius,Russula,False,0.7405540943145752,0.004384200001368299,ResNet18,test
data/processed/test\Cortinarius\739_1fnqQJpMA1w.jpg,Cortinarius,Cortinarius,True,0.49358972907066345,0.004439500000444241,ResNet18,test
data/processed/test\Cortinarius\740_6uQUZGPJDtc.jpg,Cortinarius,Lactarius,False,0.2755204439163208,0.0026018000062322244,ResNet18,test
data/processed/test\Cortinarius\741_I2jWMQKljH8.jpg,Cortinarius,Agaricus,False,0.40354159474372864,0.004308299998228904,ResNet18,test
data/processed/test\Cortinarius\743_x_gCsSdhOPU.jpg,Cortinarius,Inocybe,False,0.46230828762054443,0.004241599999659229,ResNet18,test
data/processed/test\Cortinarius\754_pGoceyCfMP8.jpg,Cortinarius,Lactarius,False,0.5998097658157349,0.002468499995302409,ResNet18,test
data/processed/test\Cortinarius\766_vIHHxNTloEA.jpg,Cortinarius,Russula,False,0.6048509478569031,0.0025517999965813942,ResNet18,test
data/processed/test\Cortinarius\791_2-YR9WlEhSA.jpg,Cortinarius,Lactarius,False,0.6078892946243286,0.0023052000033203512,ResNet18,test
data/processed/test\Cortinarius\796_738i150K_pQ.jpg,Cortinarius,Hygrocybe,False,0.3883885145187378,0.0026340999975218438,ResNet18,test
data/processed/test\Cortinarius\800_DyXP5vXb0mQ.jpg,Cortinarius,Cortinarius,True,0.5431413650512695,0.002568500000052154,ResNet18,test
data/processed/test\Cortinarius\819_ELx6VT8tmKM.jpg,Cortinarius,Lactarius,False,0.19622702896595,0.002598999999463558,ResNet18,test
data/processed/test\Cortinarius\825_nn-gRPOKNNQ.jpg,Cortinarius,Lactarius,False,0.5470792651176453,0.002561299996159505,ResNet18,test
data/processed/test\Cortinarius\835_znWNJNTUlcg.jpg,Cortinarius,Lactarius,False,0.4223075807094574,0.002594199999293778,ResNet18,test
data/processed/test\Cortinarius\838_phOn4HpRGFU.jpg,Cortinarius,Inocybe,False,0.9690300226211548,0.0025565000032656826,ResNet18,test
data/processed/test\Cortinarius\839_QCI2KoxuEus.jpg,Cortinarius,Cortinarius,True,0.5068568587303162,0.0025308999975095503,ResNet18,test
data/processed/test\Cortinarius\880_2blQSwj_qqg.jpg,Cortinarius,Lactarius,False,0.5047544836997986,0.0025719000041135587,ResNet18,test
data/processed/test\Cortinarius\896_zisCBTibqYs.jpg,Cortinarius,Boletus,False,0.6329891085624695,0.002551500001573004,ResNet18,test
data/processed/test\Cortinarius\897_K54fKEI54-0.jpg,Cortinarius,Cortinarius,True,0.5994122624397278,0.0025352000011480413,ResNet18,test
data/processed/test\Cortinarius\909_6AiLKcfk2jI.jpg,Cortinarius,Russula,False,0.7413133382797241,0.0025718000033521093,ResNet18,test
data/processed/test\Cortinarius\910_q20nsdIX9Zo.jpg,Cortinarius,Inocybe,False,0.2727336585521698,0.002529799996409565,ResNet18,test
data/processed/test\Cortinarius\918_LWJyWIIRFwE.jpg,Cortinarius,Suillus,False,0.5267592072486877,0.0025243999989470467,ResNet18,test
data/processed/test\Cortinarius\927_MThMyEFu3p4.jpg,Cortinarius,Amanita,False,0.47514504194259644,0.0025477000017417595,ResNet18,test
data/processed/test\Cortinarius\930_rg7s0lc2xZ4.jpg,Cortinarius,Inocybe,False,0.6321147680282593,0.0025763000012375414,ResNet18,test
data/processed/test\Cortinarius\932_wke3BS09elk.jpg,Cortinarius,Russula,False,0.4737238883972168,0.0028011999966111034,ResNet18,test
data/processed/test\Cortinarius\933_9KMU6_nR5hY.jpg,Cortinarius,Suillus,False,0.31686264276504517,0.002710000000661239,ResNet18,test
data/processed/test\Cortinarius\938_c0WgxVOt3ug.jpg,Cortinarius,Exidia,False,0.48086118698120117,0.002677200005564373,ResNet18,test
data/processed/test\Cortinarius\949_8OyiXJnNar8.jpg,Cortinarius,Suillus,False,0.48083484172821045,0.0025491999986115843,ResNet18,test
data/processed/test\Cortinarius\950_HDskNFXm9xc.jpg,Cortinarius,Lactarius,False,0.5876387357711792,0.0026035999981104396,ResNet18,test
data/processed/test\Entoloma\008_AZvp1cwweLk.jpg,Entoloma,Entoloma,True,0.3723089098930359,0.002641099999891594,ResNet18,test
data/processed/test\Entoloma\015_HkVmyyuf6D4.jpg,Entoloma,Lactarius,False,0.7004681825637817,0.00258390000090003,ResNet18,test
data/processed/test\Entoloma\016_ARE6YaRXCgc.jpg,Entoloma,Russula,False,0.3951970636844635,0.0025385999979334883,ResNet18,test
data/processed/test\Entoloma\024_bN9lzk7miXk.jpg,Entoloma,Agaricus,False,0.35435280203819275,0.002542600006563589,ResNet18,test
data/processed/test\Entoloma\028_ep6xNTtGRbM.jpg,Entoloma,Inocybe,False,0.5448768734931946,0.002854899998055771,ResNet18,test
data/processed/test\Entoloma\040_AaS7qJWOhTY.jpg,Entoloma,Lactarius,False,0.450188547372818,0.002620500003104098,ResNet18,test
data/processed/test\Entoloma\041_8TLv6hZ7PQg.jpg,Entoloma,Lactarius,False,0.2499801516532898,0.002849599994078744,ResNet18,test
data/processed/test\Entoloma\043_HA9oR2t5gx4.jpg,Entoloma,Entoloma,True,0.3637197017669678,0.0026452000020071864,ResNet18,test
data/processed/test\Entoloma\053_pGhgq2L9_f8.jpg,Entoloma,Entoloma,True,0.5257845520973206,0.0025569999997969717,ResNet18,test
data/processed/test\Entoloma\075_6zFJxFd4PFI.jpg,Entoloma,Russula,False,0.4450530707836151,0.0026167999967583455,ResNet18,test
data/processed/test\Entoloma\077_MiiSt18mhFg.jpg,Entoloma,Lactarius,False,0.44940677285194397,0.0026482999965082854,ResNet18,test
data/processed/test\Entoloma\087_B8cy4l0fVCM.jpg,Entoloma,Entoloma,True,0.6654468774795532,0.004275699997378979,ResNet18,test
data/processed/test\Entoloma\095_sc5K2sdc95k.jpg,Entoloma,Lactarius,False,0.7148717641830444,0.004266100004315376,ResNet18,test
data/processed/test\Entoloma\100_DOEuA90u0n4.jpg,Entoloma,Lactarius,False,0.6887343525886536,0.004169499996351078,ResNet18,test
data/processed/test\Entoloma\112_tZybBnWnquU.jpg,Entoloma,Lactarius,False,0.4589064121246338,0.00429959999746643,ResNet18,test
data/processed/test\Entoloma\114_hVYv8T9rAdI.jpg,Entoloma,Entoloma,True,0.6808452010154724,0.004201700001431163,ResNet18,test
data/processed/test\Entoloma\123_N1nBNk8zowc.jpg,Entoloma,Russula,False,0.7716081142425537,0.0042025000002468005,ResNet18,test
data/processed/test\Entoloma\124_NgFCwyrvUBU.jpg,Entoloma,Boletus,False,0.3303523659706116,0.0041416000021854416,ResNet18,test
data/processed/test\Entoloma\125_H6KQJubz60Q.jpg,Entoloma,Inocybe,False,0.5096886157989502,0.004401500002131797,ResNet18,test
data/processed/test\Entoloma\137_2wOQqIdze_Y.jpg,Entoloma,Inocybe,False,0.4627385139465332,0.004179499999736436,ResNet18,test
data/processed/test\Entoloma\154_HDT_he4bSpA.jpg,Entoloma,Lactarius,False,0.43905556201934814,0.004066900000907481,ResNet18,test
data/processed/test\Entoloma\155_ab4GU9GVNl0.jpg,Entoloma,Entoloma,True,0.6094690561294556,0.004068599999300204,ResNet18,test
data/processed/test\Entoloma\159_gzyo4cu2SF0.jpg,Entoloma,Entoloma,True,0.9573033452033997,0.004322400003729854,ResNet18,test
data/processed/test\Entoloma\170_rgOUjNM_DM4.jpg,Entoloma,Inocybe,False,0.425020694732666,0.0039157999999588355,ResNet18,test
data/processed/test\Entoloma\178_j9A_u3GorWg.jpg,Entoloma,Lactarius,False,0.2789524495601654,0.002564800000982359,ResNet18,test
data/processed/test\Entoloma\185_UK9hgsbXBR8.jpg,Entoloma,Inocybe,False,0.2619108259677887,0.0027987000066787004,ResNet18,test
data/processed/test\Entoloma\187_m0UFCsyH-Bs.jpg,Entoloma,Hygrocybe,False,0.7487776279449463,0.0025209000014001504,ResNet18,test
data/processed/test\Entoloma\192_Tf_A1Q4bdco.jpg,Entoloma,Boletus,False,0.6635000109672546,0.0042466999948374,ResNet18,test
data/processed/test\Entoloma\195_tEj9VvcKoc8.jpg,Entoloma,Entoloma,True,0.4307746887207031,0.004266700001608115,ResNet18,test
data/processed/test\Entoloma\202_FQWDsaZPytk.jpg,Entoloma,Amanita,False,0.3080323338508606,0.004099300000234507,ResNet18,test
data/processed/test\Entoloma\213_xX7APSYep7c.jpg,Entoloma,Russula,False,0.3729868233203888,0.004265699993993621,ResNet18,test
data/processed/test\Entoloma\217_MQnUltdhEsM.jpg,Entoloma,Russula,False,0.563633143901825,0.0040895999991334975,ResNet18,test
data/processed/test\Entoloma\221_aU7_BswojlM.jpg,Entoloma,Russula,False,0.851581871509552,0.004073600000992883,ResNet18,test
data/processed/test\Entoloma\225_3YNITN-NtWM.jpg,Entoloma,Russula,False,0.8531489372253418,0.004310999996960163,ResNet18,test
data/processed/test\Entoloma\244_5qYibVwYigY.jpg,Entoloma,Lactarius,False,0.7347326278686523,0.004072700001415797,ResNet18,test
data/processed/test\Entoloma\247_ABBDuWCbqT0.jpg,Entoloma,Inocybe,False,0.5239871144294739,0.004070700000738725,ResNet18,test
data/processed/test\Entoloma\254_iO4rO5rmxLg.jpg,Entoloma,Lactarius,False,0.4910200536251068,0.0041001999998115934,ResNet18,test
data/processed/test\Entoloma\269_YSsglwYAx0A.jpg,Entoloma,Lactarius,False,0.4328985810279846,0.004133700000238605,ResNet18,test
data/processed/test\Entoloma\278_1UQ2eou4aVA.jpg,Entoloma,Amanita,False,0.3694356679916382,0.004115099996852223,ResNet18,test
data/processed/test\Entoloma\283_eWPMK-in8bA.jpg,Entoloma,Lactarius,False,0.5229372978210449,0.004258000000845641,ResNet18,test
data/processed/test\Entoloma\307_bs3Q880w3uI.jpg,Entoloma,Entoloma,True,0.2117466926574707,0.004240199996274896,ResNet18,test
data/processed/test\Entoloma\309_QMD8y_m-X9w.jpg,Entoloma,Entoloma,True,0.4174789488315582,0.004350200004409999,ResNet18,test
data/processed/test\Entoloma\315_x2hPqvpEIm4.jpg,Entoloma,Lactarius,False,0.5469347238540649,0.004226100005325861,ResNet18,test
data/processed/test\Entoloma\321_GSSvivRkKSs.jpg,Entoloma,Lactarius,False,0.6758925318717957,0.004177199996775016,ResNet18,test
data/processed/test\Entoloma\323_T1uKKhFKYQo.jpg,Entoloma,Russula,False,0.7787209749221802,0.004222600000503007,ResNet18,test
data/processed/test\Entoloma\333_1jBot7MZWes.jpg,Entoloma,Lactarius,False,0.6433339715003967,0.0041775999998208135,ResNet18,test
data/processed/test\Entoloma\337_CtXrNI3Aodw.jpg,Entoloma,Lactarius,False,0.7834784984588623,0.004197599999315571,ResNet18,test
data/processed/test\Entoloma\344_uf0xKp6qwNQ.jpg,Entoloma,Entoloma,True,0.8499147295951843,0.00419780000083847,ResNet18,test
data/processed/test\Entoloma\349_PNzUfA1WO3M.jpg,Entoloma,Entoloma,True,0.5764058828353882,0.004089499998372048,ResNet18,test
data/processed/test\Entoloma\372_hriIdsNQgxI.jpg,Entoloma,Lactarius,False,0.8844802379608154,0.004144700003962498,ResNet18,test
data/processed/test\Entoloma\380_OI9EjWusj9s.jpg,Entoloma,Russula,False,0.3161398470401764,0.0042428000015206635,ResNet18,test
data/processed/test\Entoloma\389_-8kqVUZsNtU.jpg,Entoloma,Amanita,False,0.2440427988767624,0.004244499999913387,ResNet18,test
data/processed/test\Entoloma\391_u6_VQ5BQ3RQ.jpg,Entoloma,Russula,False,0.3406226634979248,0.0041192999997292645,ResNet18,test
data/processed/test\Entoloma\394_I1aghwHRxKQ.jpg,Entoloma,Lactarius,False,0.3730678856372833,0.00417110000125831,ResNet18,test
data/processed/test\Entoloma\396_P8a-mnDratQ.jpg,Entoloma,Boletus,False,0.301773339509964,0.004397900003823452,ResNet18,test
data/processed/test\Entoloma\401_7lcXxESXcOc.jpg,Entoloma,Cortinarius,False,0.5611794590950012,0.004256599997461308,ResNet18,test
data/processed/test\Exidia\APE2016-9184941_SkxjRjQbBe.jpg,Exidia,Exidia,True,0.9621938467025757,0.005242399995040614,ResNet18,test
data/processed/test\Exidia\APE2017-9186106_r1lnuhbbvl.jpg,Exidia,Exidia,True,0.715057373046875,0.004314700003305916,ResNet18,test
data/processed/test\Exidia\APE2017-9186594_S1gbav70Pg.jpg,Exidia,Exidia,True,0.9697830677032471,0.004284399998141453,ResNet18,test
data/processed/test\Exidia\BEC2017-9186082_Bk5dpkxvg.jpg,Exidia,Amanita,False,0.22566264867782593,0.00440629999502562,ResNet18,test
data/processed/test\Exidia\BEC2017-9186082_HkySBeewx.jpg,Exidia,Exidia,True,0.5641897916793823,0.00414959999761777,ResNet18,test
data/processed/test\Exidia\BT2015PIC69830748.jpg,Exidia,Inocybe,False,0.5495385527610779,0.004099600002518855,ResNet18,test
data/processed/test\Exidia\BWP2010PIC21033449.jpg,Exidia,Amanita,False,0.34627610445022583,0.004256399995938409,ResNet18,test
data/processed/test\Exidia\BWP2010PIC26179585.jpg,Exidia,Exidia,True,0.3761102557182312,0.004243600000336301,ResNet18,test
data/processed/test\Exidia\BWP2010PIC63422920.jpg,Exidia,Exidia,True,0.3761102557182312,0.0043491000033100136,ResNet18,test
data/processed/test\Exidia\BWP2012PIC72778365.jpg,Exidia,Exidia,True,0.5933567881584167,0.004210099999909289,ResNet18,test
data/processed/test\Exidia\BWP2012PIC73866455.jpg,Exidia,Entoloma,False,0.23541244864463806,0.004259399996954016,ResNet18,test
data/processed/test\Exidia\DI2017-9188574_Hk1cP3Tix.jpg,Exidia,Exidia,True,0.9729142785072327,0.004343599997810088,ResNet18,test
data/processed/test\Exidia\EAT2017-9188143_SkIXsq-ig.jpg,Exidia,Exidia,True,0.9514171481132507,0.004290999997465406,ResNet18,test
data/processed/test\Exidia\FA2009PIC34033903.jpg,Exidia,Entoloma,False,0.2380296140909195,0.004214499997033272,ResNet18,test
data/processed/test\Exidia\FA2009PIC41674148.jpg,Exidia,Lactarius,False,0.36905959248542786,0.004256800006260164,ResNet18,test
data/processed/test\Exidia\FDE2014PIC40274346.jpg,Exidia,Exidia,True,0.37395748496055603,0.004667699999117758,ResNet18,test
data/processed/test\Exidia\FS2013PIC31639353.jpg,Exidia,Inocybe,False,0.4988832473754883,0.004288900003302842,ResNet18,test
data/processed/test\Exidia\GLJ2012PIC77958863.jpg,Exidia,Amanita,False,0.48933732509613037,0.004310899996198714,ResNet18,test
data/processed/test\Exidia\HM2012PIC53684895.jpg,Exidia,Exidia,True,0.8637967109680176,0.004329199997300748,ResNet18,test
data/processed/test\Exidia\JAH2010PIC83850018.jpg,Exidia,Entoloma,False,0.3468892276287079,0.004272099999070633,ResNet18,test
data/processed/test\Exidia\JAH2011PIC50778683.jpg,Exidia,Cortinarius,False,0.23448887467384338,0.004316799997468479,ResNet18,test
data/processed/test\Exidia\JAH2012PIC31946080.jpg,Exidia,Russula,False,0.22435511648654938,0.004265299998223782,ResNet18,test
data/processed/test\Exidia\JAH2012PIC42360712.jpg,Exidia,Exidia,True,0.6583206653594971,0.004325499998230953,ResNet18,test
data/processed/test\Exidia\JAH2012PIC89993887.jpg,Exidia,Entoloma,False,0.2731468677520752,0.004070400005730335,ResNet18,test
data/processed/test\Exidia\JAJ2017-9185700_rkbkFjfUx.jpg,Exidia,Exidia,True,0.9520699977874756,0.0044639999978244305,ResNet18,test
data/processed/test\Exidia\JC2016-9184056_Byw5hr_Qx.jpg,Exidia,Exidia,True,0.6714503765106201,0.004260399997292552,ResNet18,test
data/processed/test\Exidia\JCS2009PIC12309413.jpg,Exidia,Exidia,True,0.9868564009666443,0.0042648000016924925,ResNet18,test
data/processed/test\Exidia\JM2011PIC15975626.jpg,Exidia,Exidia,True,0.38721928000450134,0.0044166000006953254,ResNet18,test
data/processed/test\Exidia\JM2012PIC10429941.jpg,Exidia,Inocybe,False,0.45220816135406494,0.0045042999990982935,ResNet18,test
data/processed/test\Exidia\JM2016-9182928_HydQkTeMe.jpg,Exidia,Exidia,True,0.49988695979118347,0.004492200001550373,ResNet18,test
data/processed/test\Exidia\JMI2017-9225941_BkUTwno3Z.jpg,Exidia,Exidia,True,0.5246413946151733,0.0043330999978934415,ResNet18,test
data/processed/test\Exidia\JO2011PIC61426163.jpg,Exidia,Inocybe,False,0.37476876378059387,0.004713700000138488,ResNet18,test
data/processed/test\Exidia\KMA2016-9182761_BJZkKzAWe.jpg,Exidia,Russula,False,0.21292081475257874,0.002890099996875506,ResNet18,test
data/processed/test\Exidia\KNI2009PIC40725553.jpg,Exidia,Cortinarius,False,0.4125644564628601,0.0025234999993699603,ResNet18,test
data/processed/test\Exidia\KNK2014PIC59831810.jpg,Exidia,Inocybe,False,0.3999049961566925,0.002541500005463604,ResNet18,test
data/processed/test\Exidia\MC2017-9190790_r1lwUvc0e.jpg,Exidia,Exidia,True,0.8951472043991089,0.0027314000035403296,ResNet18,test
data/processed/test\Exidia\MFC2016-9180603_HJlPfl0lxe.jpg,Exidia,Exidia,True,0.2994178533554077,0.002865800001018215,ResNet18,test
data/processed/test\Exidia\ML2009PIC13001963.jpg,Exidia,Entoloma,False,0.5427056550979614,0.00265650000073947,ResNet18,test
data/processed/test\Exidia\ML2011PIC18007945.jpg,Exidia,Exidia,True,0.4398762881755829,0.0025661999970907345,ResNet18,test
data/processed/test\Exidia\ML2011PIC65179349.jpg,Exidia,Russula,False,0.5508163571357727,0.0026486999995540828,ResNet18,test
data/processed/test\Exidia\MMN2010PIC69549468.jpg,Exidia,Lactarius,False,0.2999068796634674,0.0042378999933134764,ResNet18,test
data/processed/test\Exidia\MMN2012PIC61631279.jpg,Exidia,Exidia,True,0.4658236801624298,0.004267099997377954,ResNet18,test
data/processed/test\Exidia\MSO2011PIC32526200.jpg,Exidia,Exidia,True,0.9331644177436829,0.004307299997890368,ResNet18,test
data/processed/test\Exidia\MSO2012PIC15916968.jpg,Exidia,Exidia,True,0.5539536476135254,0.004240099995513447,ResNet18,test
data/processed/test\Exidia\MSO2014PIC66151749.jpg,Exidia,Lactarius,False,0.33940303325653076,0.004284099995857105,ResNet18,test
data/processed/test\Exidia\MSO2015PIC74895293.jpg,Exidia,Inocybe,False,0.34552711248397827,0.004234800006088335,ResNet18,test
data/processed/test\Exidia\MSO2016PIC23090222.jpg,Exidia,Inocybe,False,0.22173212468624115,0.004335099998570513,ResNet18,test
data/processed/test\Exidia\NHE2016-9180599_Byki66lel.jpg,Exidia,Exidia,True,0.5127609372138977,0.00407670000276994,ResNet18,test
data/processed/test\Exidia\NVM2013PIC42485487.jpg,Exidia,Cortinarius,False,0.3925810754299164,0.004105100000742823,ResNet18,test
data/processed/test\Exidia\RSS2017-9188091_H1ey3FQyoe.jpg,Exidia,Inocybe,False,0.45652616024017334,0.004114800001843832,ResNet18,test
data/processed/test\Exidia\TAK2013PIC32572675.jpg,Exidia,Exidia,True,0.870091438293457,0.004114000003028195,ResNet18,test
data/processed/test\Exidia\TIL2017-9190084_BJQTBLw6px.jpg,Exidia,Exidia,True,0.38342541456222534,0.004196899993985426,ResNet18,test
data/processed/test\Exidia\TKH2012PIC10624779.jpg,Exidia,Exidia,True,0.4425531327724457,0.004224600001180079,ResNet18,test
data/processed/test\Exidia\TKH2013PIC59849237.jpg,Exidia,Russula,False,0.5510283708572388,0.004245700001774821,ResNet18,test
data/processed/test\Exidia\TKH2015PIC23528165.jpg,Exidia,Inocybe,False,0.46095967292785645,0.004243399998813402,ResNet18,test
data/processed/test\Exidia\TL2015PIC58388718.jpg,Exidia,Exidia,True,0.4385611414909363,0.004113400005735457,ResNet18,test
data/processed/test\Exidia\TL2015PIC80481245.jpg,Exidia,Agaricus,False,0.26365482807159424,0.004129100001591723,ResNet18,test
data/processed/test\Exidia\TL2016-9182730_HykuO06Zg.jpg,Exidia,Exidia,True,0.5810871124267578,0.00408400000014808,ResNet18,test
data/processed/test\Exidia\TOB2015PIC38267487.jpg,Exidia,Exidia,True,0.8501051664352417,0.004076899997016881,ResNet18,test
data/processed/test\Exidia\TOB2016-9184524_S10gErNNl.jpg,Exidia,Inocybe,False,0.3493238091468811,0.004102099999727216,ResNet18,test
data/processed/test\Exidia\TS2010PIC71382964.jpg,Exidia,Exidia,True,0.5705211162567139,0.004678099998272955,ResNet18,test
data/processed/test\Exidia\TS2013PIC55827351.jpg,Exidia,Exidia,True,0.8416732549667358,0.004160800002864562,ResNet18,test
data/processed/test\Exidia\TS2016PIC29053644.jpg,Exidia,Amanita,False,0.48222705721855164,0.00258390000090003,ResNet18,test
data/processed/test\Exidia\TS2016PIC39839225.jpg,Exidia,Entoloma,False,0.3172551393508911,0.0025456000003032386,ResNet18,test
data/processed/test\Exidia\UFN2017-9192300_S1ZikyZeW.jpg,Exidia,Exidia,True,0.895806610584259,0.002452200002153404,ResNet18,test
data/processed/test\Exidia\UFN2017-9192376_BkicKxmgb.jpg,Exidia,Exidia,True,0.5826212167739868,0.0026357000024290755,ResNet18,test
data/processed/test\Hygrocybe\000_ZNTZP3tXkz8.jpg,Hygrocybe,Hygrocybe,True,0.813660740852356,0.002626499997859355,ResNet18,test
data/processed/test\Hygrocybe\003_r_0kZgNW3Tc.jpg,Hygrocybe,Cortinarius,False,0.5524167418479919,0.0025323000008938834,ResNet18,test
data/processed/test\Hygrocybe\004_uURYojZQbjQ.jpg,Hygrocybe,Hygrocybe,True,0.5308789014816284,0.0025635999991209246,ResNet18,test
data/processed/test\Hygrocybe\012_LItejlRJ918.jpg,Hygrocybe,Inocybe,False,0.45765241980552673,0.002763999997114297,ResNet18,test
data/processed/test\Hygrocybe\022_NycgOWqKPEA.jpg,Hygrocybe,Lactarius,False,0.5020245313644409,0.002666799999133218,ResNet18,test
data/processed/test\Hygrocybe\030_AQ4o1Xm4AL0.jpg,Hygrocybe,Hygrocybe,True,0.5868611931800842,0.004268200005753897,ResNet18,test
data/processed/test\Hygrocybe\032_DZ1xy6htm0M.jpg,Hygrocybe,Russula,False,0.9185827374458313,0.004142699996009469,ResNet18,test
data/processed/test\Hygrocybe\040_3txjJQ9iLYI.jpg,Hygrocybe,Hygrocybe,True,0.8197112083435059,0.0041001999998115934,ResNet18,test
data/processed/test\Hygrocybe\045_TJd-2TQFv10.jpg,Hygrocybe,Hygrocybe,True,0.8196490406990051,0.004182899996521883,ResNet18,test
data/processed/test\Hygrocybe\049_XD-_-BeBBR4.jpg,Hygrocybe,Hygrocybe,True,0.7666297554969788,0.004233699997712392,ResNet18,test
data/processed/test\Hygrocybe\050_ubNntQr-eWE.jpg,Hygrocybe,Hygrocybe,True,0.9008329510688782,0.0030423999996855855,ResNet18,test
data/processed/test\Hygrocybe\056_cGxyxb6UHGk.jpg,Hygrocybe,Russula,False,0.446394681930542,0.002579899999545887,ResNet18,test
data/processed/test\Hygrocybe\070_WNKPUMir-JY.jpg,Hygrocybe,Hygrocybe,True,0.32197636365890503,0.0025270000041928142,ResNet18,test
data/processed/test\Hygrocybe\072_G-fOGmTh3jY.jpg,Hygrocybe,Hygrocybe,True,0.920440137386322,0.002565800001320895,ResNet18,test
data/processed/test\Hygrocybe\076_HGEpcAdN9KE.jpg,Hygrocybe,Hygrocybe,True,0.7667741179466248,0.0025211999964085408,ResNet18,test
data/processed/test\Hygrocybe\081_puYZ4KzYSqs.jpg,Hygrocybe,Cortinarius,False,0.6775144338607788,0.0025320999993709847,ResNet18,test
data/processed/test\Hygrocybe\107_8A2HnEVmiKo.jpg,Hygrocybe,Hygrocybe,True,0.3444196581840515,0.002522299997508526,ResNet18,test
data/processed/test\Hygrocybe\112_qr7hsvuhJZ0.jpg,Hygrocybe,Hygrocybe,True,0.7264890670776367,0.0026024999970104545,ResNet18,test
data/processed/test\Hygrocybe\126_0gAqgiheOxI.jpg,Hygrocybe,Hygrocybe,True,0.4254259169101715,0.0024257999975816347,ResNet18,test
data/processed/test\Hygrocybe\127_XCKEujZlVek.jpg,Hygrocybe,Lactarius,False,0.2911743223667145,0.0024884000013116747,ResNet18,test
data/processed/test\Hygrocybe\129_j8zgmU7QMxU.jpg,Hygrocybe,Hygrocybe,True,0.954051673412323,0.002553400001488626,ResNet18,test
data/processed/test\Hygrocybe\132_tuQX6vBvZRk.jpg,Hygrocybe,Hygrocybe,True,0.9582983255386353,0.0025327000039396808,ResNet18,test
data/processed/test\Hygrocybe\133_3_ieL2NtOF0.jpg,Hygrocybe,Hygrocybe,True,0.8335279822349548,0.002276800005347468,ResNet18,test
data/processed/test\Hygrocybe\142_bhwsyvZtIY0.jpg,Hygrocybe,Entoloma,False,0.43988439440727234,0.0024436999956378713,ResNet18,test
data/processed/test\Hygrocybe\153_vIb6t4IHEzM.jpg,Hygrocybe,Hygrocybe,True,0.9288259744644165,0.002518900000723079,ResNet18,test
data/processed/test\Hygrocybe\159_Ymge5g1qpP4.jpg,Hygrocybe,Cortinarius,False,0.34166187047958374,0.0024900000062189065,ResNet18,test
data/processed/test\Hygrocybe\167_0dmBJfGHH8c.jpg,Hygrocybe,Hygrocybe,True,0.9388245940208435,0.0025862999973469414,ResNet18,test
data/processed/test\Hygrocybe\181_GCIMCymbYLk.jpg,Hygrocybe,Russula,False,0.7579548954963684,0.0026013000024249777,ResNet18,test
data/processed/test\Hygrocybe\188_5IJ0j3yYEyk.jpg,Hygrocybe,Russula,False,0.9066563844680786,0.002560799999628216,ResNet18,test
data/processed/test\Hygrocybe\201_9i5OZWNQwG0.jpg,Hygrocybe,Hygrocybe,True,0.9552757740020752,0.0024869999979273416,ResNet18,test
data/processed/test\Hygrocybe\203_Z33ahTENL0Q.jpg,Hygrocybe,Hygrocybe,True,0.6735100150108337,0.002581399996415712,ResNet18,test
data/processed/test\Hygrocybe\205_pVtK0sC_qAE.jpg,Hygrocybe,Inocybe,False,0.46397864818573,0.002590999996755272,ResNet18,test
data/processed/test\Hygrocybe\216_jDgNLEnykyU.jpg,Hygrocybe,Hygrocybe,True,0.6413217782974243,0.002600799998617731,ResNet18,test
data/processed/test\Hygrocybe\225_KKCj-5wLqCA.jpg,Hygrocybe,Entoloma,False,0.38630932569503784,0.002537500004109461,ResNet18,test
data/processed/test\Hygrocybe\227_L3z3XTxXk78.jpg,Hygrocybe,Russula,False,0.9198718070983887,0.002577300001576077,ResNet18,test
data/processed/test\Hygrocybe\230_yk2KrQJOQS8.jpg,Hygrocybe,Lactarius,False,0.3238039016723633,0.0024846000014804304,ResNet18,test
data/processed/test\Hygrocybe\240_7wFT2NzNJsA.jpg,Hygrocybe,Hygrocybe,True,0.29268649220466614,0.002536800006055273,ResNet18,test
data/processed/test\Hygrocybe\253_IgK1gMXB7S0.jpg,Hygrocybe,Lactarius,False,0.4993329644203186,0.002602100001240615,ResNet18,test
data/processed/test\Hygrocybe\257_LPbsa5Oitj0.jpg,Hygrocybe,Lactarius,False,0.3778153359889984,0.002581200002168771,ResNet18,test
data/processed/test\Hygrocybe\271_wkoF4DRryAY.jpg,Hygrocybe,Amanita,False,0.4033380448818207,0.0025710000045364723,ResNet18,test
data/processed/test\Hygrocybe\272_-uL1iUddkKE.jpg,Hygrocybe,Lactarius,False,0.4788958430290222,0.0025276000014855526,ResNet18,test
data/processed/test\Hygrocybe\279_qMPhGAtE9-E.jpg,Hygrocybe,Suillus,False,0.43983739614486694,0.002571400000306312,ResNet18,test
data/processed/test\Hygrocybe\287_V13XWthHpss.jpg,Hygrocybe,Suillus,False,0.3878318667411804,0.002576200000476092,ResNet18,test
data/processed/test\Hygrocybe\292_RJnjsciXCNM.jpg,Hygrocybe,Hygrocybe,True,0.8590351343154907,0.0025440000026719645,ResNet18,test
data/processed/test\Hygrocybe\299_VBHrsAmQC-E.jpg,Hygrocybe,Hygrocybe,True,0.8720125555992126,0.0025611999953980558,ResNet18,test
data/processed/test\Hygrocybe\301_vp5CIThqt4k.jpg,Hygrocybe,Hygrocybe,True,0.5959075689315796,0.0025132000009762123,ResNet18,test
data/processed/test\Hygrocybe\314_tDtKkHcGxRM.jpg,Hygrocybe,Russula,False,0.7524694204330444,0.0026593000002321787,ResNet18,test
data/processed/test\Hygrocybe\325_rro3hIu1Nqw.jpg,Hygrocybe,Lactarius,False,0.22119413316249847,0.0025973000010708347,ResNet18,test
data/processed/test\Inocybe\AE2013PIC74694917.jpg,Inocybe,Inocybe,True,0.450695276260376,0.002646400003868621,ResNet18,test
data/processed/test\Inocybe\AE2015PIC76548267.jpg,Inocybe,Lactarius,False,0.3657923638820648,0.0025787000049604103,ResNet18,test
data/processed/test\Inocybe\AS2010PIC58249290.jpg,Inocybe,Inocybe,True,0.9510730504989624,0.002531899997848086,ResNet18,test
data/processed/test\Inocybe\AS2017-9214269_rygo0WejZ.jpg,Inocybe,Russula,False,0.8243499398231506,0.0025811000014073215,ResNet18,test
data/processed/test\Inocybe\BWP2010PIC63790785.jpg,Inocybe,Inocybe,True,0.30338433384895325,0.0026155000014114194,ResNet18,test
data/processed/test\Inocybe\BWP2011PIC57986404.jpg,Inocybe,Inocybe,True,0.9078525900840759,0.002569299998867791,ResNet18,test
data/processed/test\Inocybe\BWP2013PIC14438171.jpg,Inocybe,Russula,False,0.7876944541931152,0.002568300005805213,ResNet18,test
data/processed/test\Inocybe\BWP2015PIC54111483.jpg,Inocybe,Russula,False,0.21595008671283722,0.002609999995911494,ResNet18,test
data/processed/test\Inocybe\BWP2015PIC66105035.jpg,Inocybe,Entoloma,False,0.5074954628944397,0.0024778000006335787,ResNet18,test
data/processed/test\Inocybe\BWP2016-9169400_r1cjMF0O.jpg,Inocybe,Cortinarius,False,0.3498745262622833,0.002525600000808481,ResNet18,test
data/processed/test\Inocybe\BWP2016-9169400_ryGAfY0u.jpg,Inocybe,Amanita,False,0.2954293489456177,0.002525900003092829,ResNet18,test
data/processed/test\Inocybe\CL2011PIC55659604.jpg,Inocybe,Amanita,False,0.273990273475647,0.003013500005181413,ResNet18,test
data/processed/test\Inocybe\DB2013PIC33800138.jpg,Inocybe,Inocybe,True,0.8226162791252136,0.002817499997036066,ResNet18,test
data/processed/test\Inocybe\DB2013PIC42730442.jpg,Inocybe,Inocybe,True,0.5473939776420593,0.0028297999961068854,ResNet18,test
data/processed/test\Inocybe\DB2013PIC57804056.jpg,Inocybe,Inocybe,True,0.8939507603645325,0.00278430000616936,ResNet18,test
data/processed/test\Inocybe\DB2013PIC89729265.jpg,Inocybe,Inocybe,True,0.5940280556678772,0.004890600001090206,ResNet18,test
data/processed/test\Inocybe\EAT2012PIC64084765.jpg,Inocybe,Lactarius,False,0.2806423306465149,0.00479780000023311,ResNet18,test
data/processed/test\Inocybe\EAT2012PIC84850246.jpg,Inocybe,Inocybe,True,0.845660924911499,0.0043656999987433665,ResNet18,test
data/processed/test\Inocybe\EAT2013PIC54191345.jpg,Inocybe,Hygrocybe,False,0.43195632100105286,0.004311299999244511,ResNet18,test
data/processed/test\Inocybe\EAT2014PIC42270599.jpg,Inocybe,Amanita,False,0.5471749901771545,0.004526400000031572,ResNet18,test
data/processed/test\Inocybe\EAT2015PIC87367583.jpg,Inocybe,Inocybe,True,0.2583482265472412,0.004384400002891198,ResNet18,test
data/processed/test\Inocybe\EAT2015PIC89289492.jpg,Inocybe,Inocybe,True,0.3729007840156555,0.00453929999639513,ResNet18,test
data/processed/test\Inocybe\EAT2017-9208647_BJQtzKntb.jpg,Inocybe,Agaricus,False,0.24303607642650604,0.0045915000009699725,ResNet18,test
data/processed/test\Inocybe\FDE2011PIC86172261.jpg,Inocybe,Inocybe,True,0.4732847213745117,0.004210799997963477,ResNet18,test
data/processed/test\Inocybe\FDE2012PIC64061850.jpg,Inocybe,Lactarius,False,0.3989567458629608,0.004323099994508084,ResNet18,test
data/processed/test\Inocybe\FS2012PIC59633008.jpg,Inocybe,Inocybe,True,0.25024938583374023,0.004310500000428874,ResNet18,test
data/processed/test\Inocybe\JAH2014PIC52290371.jpg,Inocybe,Russula,False,0.43830111622810364,0.0041875999959302135,ResNet18,test
data/processed/test\Inocybe\JCS2009PIC20338594.jpg,Inocybe,Inocybe,True,0.4591124951839447,0.0043599999989965,ResNet18,test
data/processed/test\Inocybe\JCS2013PIC22587806.jpg,Inocybe,Inocybe,True,0.7059388756752014,0.004227799996442627,ResNet18,test
data/processed/test\Inocybe\JCS2013PIC43012548.jpg,Inocybe,Inocybe,True,0.5653843283653259,0.004176400005235337,ResNet18,test
data/processed/test\Inocybe\JCS2013PIC83427178.jpg,Inocybe,Lactarius,False,0.358498215675354,0.004079700003785547,ResNet18,test
data/processed/test\Inocybe\JHC2017-9196021_r1DJCAiXW.jpg,Inocybe,Russula,False,0.3389682173728943,0.00421739999728743,ResNet18,test
data/processed/test\Inocybe\JHC2017-9201118_B1VmZiXPZ.jpg,Inocybe,Lactarius,False,0.3938008248806,0.004675099997257348,ResNet18,test
data/processed/test\Inocybe\JHC2017-9207705_H16Z0hStW.jpg,Inocybe,Inocybe,True,0.4789118766784668,0.004694600000220817,ResNet18,test
data/processed/test\Inocybe\JM2012PIC76798409.jpg,Inocybe,Inocybe,True,0.7349032759666443,0.0030406999940169044,ResNet18,test
data/processed/test\Inocybe\JM2014PIC65927854.jpg,Inocybe,Inocybe,True,0.5702075362205505,0.0027982000028714538,ResNet18,test
data/processed/test\Inocybe\JM2017-9200086_HkgcxFo28W.jpg,Inocybe,Russula,False,0.5594016909599304,0.0027629999967757612,ResNet18,test
data/processed/test\Inocybe\JM2017-9200086_rkceKj2LZ.jpg,Inocybe,Russula,False,0.4834231436252594,0.0026753999991342425,ResNet18,test
data/processed/test\Inocybe\JM2017-9202674_ByodB43P-.jpg,Inocybe,Russula,False,0.5805407166481018,0.0041588000021874905,ResNet18,test
data/processed/test\Inocybe\KNI2015PIC36175674.jpg,Inocybe,Lactarius,False,0.3755933940410614,0.002572800003690645,ResNet18,test
data/processed/test\Inocybe\LDJ2009PIC30690154.jpg,Inocybe,Inocybe,True,0.5363144278526306,0.002779700000246521,ResNet18,test
data/processed/test\Inocybe\MACH2016-9178188_S1cpNX6A.jpg,Inocybe,Exidia,False,0.4505644142627716,0.0026727000004029833,ResNet18,test
data/processed/test\Inocybe\MAV2010PIC78400496.jpg,Inocybe,Inocybe,True,0.4573114216327667,0.0027838000023621134,ResNet18,test
data/processed/test\Inocybe\MAV2011PIC87756495.jpg,Inocybe,Cortinarius,False,0.24419493973255157,0.004319099993153941,ResNet18,test
data/processed/test\Inocybe\MAV2013PIC41670341.jpg,Inocybe,Lactarius,False,0.2759522795677185,0.0026514999990467913,ResNet18,test
data/processed/test\Inocybe\ML2012PIC15959384.jpg,Inocybe,Russula,False,0.41987499594688416,0.002551600002334453,ResNet18,test
data/processed/test\Inocybe\MMN2010PIC77085274.jpg,Inocybe,Amanita,False,0.8506061434745789,0.0026743999987957068,ResNet18,test
data/processed/test\Inocybe\MS2009PIC48014779.jpg,Inocybe,Entoloma,False,0.4577817916870117,0.0026167999967583455,ResNet18,test
data/processed/test\Inocybe\MS2009PIC76598275.jpg,Inocybe,Inocybe,True,0.5781003832817078,0.0026397999972687103,ResNet18,test
data/processed/test\Inocybe\MSO2012PIC41953814.jpg,Inocybe,Inocybe,True,0.7095272541046143,0.003147199997329153,ResNet18,test
data/processed/test\Inocybe\OBL2011PIC48076248.jpg,Inocybe,Inocybe,True,0.8162383437156677,0.0029741999969701283,ResNet18,test
data/processed/test\Inocybe\OBL2012PIC16913624.jpg,Inocybe,Russula,False,0.34979724884033203,0.0028301999991526827,ResNet18,test
data/processed/test\Inocybe\PEL2017-9195655_B1Yl9j8mb.jpg,Inocybe,Russula,False,0.3845812976360321,0.002705200000491459,ResNet18,test
data/processed/test\Inocybe\PETRA2017-9197483_rkgT7fMH-.jpg,Inocybe,Inocybe,True,0.8176001906394958,0.002739399998972658,ResNet18,test
data/processed/test\Inocybe\PL2011PIC79270766.jpg,Inocybe,Russula,False,0.4798762798309326,0.0026794000004883856,ResNet18,test
data/processed/test\Inocybe\PTP2016-9171214_SyeyOS_pq.jpg,Inocybe,Exidia,False,0.4253186881542206,0.0027068999988841824,ResNet18,test
data/processed/test\Inocybe\RE2010PIC60585326.jpg,Inocybe,Inocybe,True,0.6268635392189026,0.003762500004086178,ResNet18,test
data/processed/test\Inocybe\RE2012PIC39126061.jpg,Inocybe,Boletus,False,0.4144752621650696,0.004312900004151743,ResNet18,test
data/processed/test\Inocybe\RE2012PIC69020667.jpg,Inocybe,Russula,False,0.5225361585617065,0.004356099998403806,ResNet18,test
data/processed/test\Inocybe\SL2013PIC12810247.jpg,Inocybe,Amanita,False,0.277789443731308,0.004306299997551832,ResNet18,test
data/processed/test\Inocybe\TAK2012PIC72845888.jpg,Inocybe,Russula,False,0.552483856678009,0.004298100000596605,ResNet18,test
data/processed/test\Inocybe\TAK2013PIC38129211.jpg,Inocybe,Lactarius,False,0.4012477397918701,0.004205700002785306,ResNet18,test
data/processed/test\Inocybe\TAK2014PIC74058257.jpg,Inocybe,Amanita,False,0.4508005678653717,0.004286600000341423,ResNet18,test
data/processed/test\Inocybe\TAK2015PIC12430189.jpg,Inocybe,Russula,False,0.23978747427463531,0.004349300004832912,ResNet18,test
data/processed/test\Inocybe\TAK2017-9195726_SJBnA3Dm-.jpg,Inocybe,Russula,False,0.5341180562973022,0.004273700003977865,ResNet18,test
data/processed/test\Inocybe\TB2010PIC30549452.jpg,Inocybe,Russula,False,0.4577995538711548,0.004205700002785306,ResNet18,test
data/processed/test\Inocybe\TKH2011PIC29550858.jpg,Inocybe,Lactarius,False,0.4076479971408844,0.00416409999888856,ResNet18,test
data/processed/test\Inocybe\TKH2012PIC24863747.jpg,Inocybe,Russula,False,0.37138834595680237,0.0042747999978018925,ResNet18,test
data/processed/test\Inocybe\TKH2012PIC58539255.jpg,Inocybe,Lactarius,False,0.535503089427948,0.004228400001011323,ResNet18,test
data/processed/test\Inocybe\TKH2013PIC15346099.jpg,Inocybe,Agaricus,False,0.29671698808670044,0.0041685000032885,ResNet18,test
data/processed/test\Inocybe\TKH2013PIC24960254.jpg,Inocybe,Inocybe,True,0.686077356338501,0.003294800000730902,ResNet18,test
data/processed/test\Inocybe\TKH2013PIC33707521.jpg,Inocybe,Inocybe,True,0.45222264528274536,0.0026244999971822836,ResNet18,test
data/processed/test\Inocybe\TKH2013PIC43429224.jpg,Inocybe,Lactarius,False,0.35529592633247375,0.002630800001497846,ResNet18,test
data/processed/test\Inocybe\TKH2013PIC89377657.jpg,Inocybe,Inocybe,True,0.8095344305038452,0.0026702000031946227,ResNet18,test
data/processed/test\Inocybe\TKH2014PIC28133692.jpg,Inocybe,Inocybe,True,0.7444451451301575,0.0025862999973469414,ResNet18,test
data/processed/test\Inocybe\TOB2016-9177959_r1E_IZN1e.jpg,Inocybe,Inocybe,True,0.7057710289955139,0.0025357999984407797,ResNet18,test
data/processed/test\Inocybe\TOB2017-9194552_ryHFsS3MZ.jpg,Inocybe,Inocybe,True,0.30718424916267395,0.0026276999997207895,ResNet18,test
data/processed/test\Inocybe\TOB2017-9202157_SJH4BiA_P-.jpg,Inocybe,Inocybe,True,0.5238067507743835,0.002614299999549985,ResNet18,test
data/processed/test\Inocybe\TOB2017-9202157_rkQEriRdDb.jpg,Inocybe,Russula,False,0.5137109756469727,0.0025217000002157874,ResNet18,test
data/processed/test\Inocybe\TOB2017-9208818_BJI8SxBgcb.jpg,Inocybe,Inocybe,True,0.7951776385307312,0.002580899999884423,ResNet18,test
data/processed/test\Inocybe\TOB2017-9208818_Hy9LSxSe5Z.jpg,Inocybe,Inocybe,True,0.5872998237609863,0.0025858000008156523,ResNet18,test
data/processed/test\Inocybe\TOB2017-9208818_rJG8reBe5Z.jpg,Inocybe,Russula,False,0.37604233622550964,0.002630800001497846,ResNet18,test
data/processed/test\Inocybe\TOB2017-9208818_rk8Serx5W.jpg,Inocybe,Russula,False,0.4888278841972351,0.0026849999994738027,ResNet18,test
data/processed/test\Inocybe\TS2010PIC72695117.jpg,Inocybe,Russula,False,0.8053889870643616,0.0025486999948043376,ResNet18,test
data/processed/test\Inocybe\TS2011PIC26376558.jpg,Inocybe,Amanita,False,0.45711231231689453,0.0024491000003763475,ResNet18,test
data/processed/test\Inocybe\TS2011PIC53483517.jpg,Inocybe,Inocybe,True,0.5843300223350525,0.0022291999994195066,ResNet18,test
data/processed/test\Inocybe\TS2011PIC53751796.jpg,Inocybe,Inocybe,True,0.6651620268821716,0.0024139000015566126,ResNet18,test
data/processed/test\Inocybe\TS2012PIC31340902.jpg,Inocybe,Inocybe,True,0.8251751661300659,0.002486299999873154,ResNet18,test
data/processed/test\Inocybe\TS2012PIC71517695.jpg,Inocybe,Inocybe,True,0.9125329852104187,0.0024964000040199608,ResNet18,test
data/processed/test\Inocybe\TS2012PIC76182348.jpg,Inocybe,Inocybe,True,0.5360755920410156,0.0025672999981907196,ResNet18,test
data/processed/test\Inocybe\TS2013PIC21993338.jpg,Inocybe,Inocybe,True,0.8803393244743347,0.002555200000642799,ResNet18,test
data/processed/test\Inocybe\TS2013PIC26765211.jpg,Inocybe,Inocybe,True,0.4693237841129303,0.002591999997093808,ResNet18,test
data/processed/test\Inocybe\TS2015PIC48470465.jpg,Inocybe,Inocybe,True,0.5931442975997925,0.0028362000011838973,ResNet18,test
data/processed/test\Inocybe\TS2016-9180197_S1b2-Dmpye.jpg,Inocybe,Inocybe,True,0.6218408346176147,0.003027200000360608,ResNet18,test
data/processed/test\Lactarius\0000_av7f-8yVUNY.jpg,Lactarius,Inocybe,False,0.30264395475387573,0.003122299996903166,ResNet18,test
data/processed/test\Lactarius\0004_gigZhorw0Eo.jpg,Lactarius,Lactarius,True,0.5260039567947388,0.0029370000047492795,ResNet18,test
data/processed/test\Lactarius\0008_SSJpwPhX7Rs.jpg,Lactarius,Russula,False,0.48266467452049255,0.0028964000011910684,ResNet18,test
data/processed/test\Lactarius\001_0eat5sScleY.jpg,Lactarius,Lactarius,True,0.7563731670379639,0.0028616999989026226,ResNet18,test
data/processed/test\Lactarius\0024_UzDaRx13wVs.jpg,Lactarius,Russula,False,0.5255309343338013,0.002668500004801899,ResNet18,test
data/processed/test\Lactarius\0026_autPTj6WXpU.jpg,Lactarius,Lactarius,True,0.7125028371810913,0.0027592999977059662,ResNet18,test
data/processed/test\Lactarius\0036_UjqjlkUecEk.jpg,Lactarius,Lactarius,True,0.963444709777832,0.00299059999815654,ResNet18,test
data/processed/test\Lactarius\0058_Ksaju-DFTOM.jpg,Lactarius,Lactarius,True,0.9118487238883972,0.0029576000015367754,ResNet18,test
data/processed/test\Lactarius\0071_2YKUxBBp95A.jpg,Lactarius,Russula,False,0.8561598658561707,0.002795400003378745,ResNet18,test
data/processed/test\Lactarius\0078_67hlnzvWweg.jpg,Lactarius,Lactarius,True,0.6286857724189758,0.002919499995186925,ResNet18,test
data/processed/test\Lactarius\0090_8gZ-MF4DF5c.jpg,Lactarius,Lactarius,True,0.5312036275863647,0.002881200001866091,ResNet18,test
data/processed/test\Lactarius\0091_GJfhcGAsQEs.jpg,Lactarius,Russula,False,0.592743992805481,0.0026447000054758973,ResNet18,test
data/processed/test\Lactarius\0092_lAL2nLK6Yqc.jpg,Lactarius,Russula,False,0.6116926074028015,0.002631600000313483,ResNet18,test
data/processed/test\Lactarius\0096_YCFCQKyiPFI.jpg,Lactarius,Lactarius,True,0.5283942222595215,0.0026429999998072162,ResNet18,test
data/processed/test\Lactarius\0100_VP4M5qp5Xuw.jpg,Lactarius,Lactarius,True,0.8192206621170044,0.0026768000025185756,ResNet18,test
data/processed/test\Lactarius\0108_bkdZqadlJYM.jpg,Lactarius,Lactarius,True,0.49837279319763184,0.0026613000009092502,ResNet18,test
data/processed/test\Lactarius\0117_LS-tLCqWBuQ.jpg,Lactarius,Inocybe,False,0.33244818449020386,0.0027106999987154268,ResNet18,test
data/processed/test\Lactarius\0125_WOyBnDf1Lbs.jpg,Lactarius,Lactarius,True,0.7889804244041443,0.002971499998238869,ResNet18,test
data/processed/test\Lactarius\0147_ZAySZ3Wkn8k.jpg,Lactarius,Hygrocybe,False,0.5874025821685791,0.0027104000037070364,ResNet18,test
data/processed/test\Lactarius\0156_xCwDrPY72us.jpg,Lactarius,Russula,False,0.25468963384628296,0.0027611000041360967,ResNet18,test
data/processed/test\Lactarius\0174_S-0siMhJtoc.jpg,Lactarius,Russula,False,0.7797033786773682,0.00240279999707127,ResNet18,test
data/processed/test\Lactarius\0180_j-oei6bAdy0.jpg,Lactarius,Russula,False,0.46411070227622986,0.0026116000008187257,ResNet18,test
data/processed/test\Lactarius\0184_wNzoTeCzC5o.jpg,Lactarius,Lactarius,True,0.5636963248252869,0.002754899993306026,ResNet18,test
data/processed/test\Lactarius\0188_QDGj1_inixA.jpg,Lactarius,Russula,False,0.2559157907962799,0.0026779999971040525,ResNet18,test
data/processed/test\Lactarius\0189_u2k3sXqag1M.jpg,Lactarius,Lactarius,True,0.4820483326911926,0.0026206000038655475,ResNet18,test
data/processed/test\Lactarius\0192_st28pxbylcw.jpg,Lactarius,Lactarius,True,0.2926448583602905,0.0026089000020874664,ResNet18,test
data/processed/test\Lactarius\0202_gGw05EbUi_w.jpg,Lactarius,Lactarius,True,0.4971659779548645,0.002635199998621829,ResNet18,test
data/processed/test\Lactarius\0204_PNAIMfY3CWk.jpg,Lactarius,Lactarius,True,0.7406803369522095,0.00259840000217082,ResNet18,test
data/processed/test\Lactarius\020_AhURHwS9I_c.jpg,Lactarius,Cortinarius,False,0.5529356002807617,0.0026471000019228086,ResNet18,test
data/processed/test\Lactarius\0211_a-wtZr6fOMw.jpg,Lactarius,Lactarius,True,0.8016502261161804,0.0025752000001375563,ResNet18,test
data/processed/test\Lactarius\0212_6r0AFhCvTk4.jpg,Lactarius,Lactarius,True,0.7637936472892761,0.0025164000035147183,ResNet18,test
data/processed/test\Lactarius\0222_JO5jLmkfAw0.jpg,Lactarius,Russula,False,0.40776315331459045,0.002612199998111464,ResNet18,test
data/processed/test\Lactarius\0224_XrApvIigcOQ.jpg,Lactarius,Lactarius,True,0.6306260824203491,0.002667100001417566,ResNet18,test
data/processed/test\Lactarius\0228_HknGOROG6Cs.jpg,Lactarius,Lactarius,True,0.3843310475349426,0.002583800000138581,ResNet18,test
data/processed/test\Lactarius\0233_YNlSVzp0Kjo.jpg,Lactarius,Russula,False,0.36749306321144104,0.0025583000024198554,ResNet18,test
data/processed/test\Lactarius\0237_zZdLcl0mkD0.jpg,Lactarius,Lactarius,True,0.5207417011260986,0.002572599994891789,ResNet18,test
data/processed/test\Lactarius\0242_zOYn0DVnISo.jpg,Lactarius,Lactarius,True,0.7373427748680115,0.0025257000015699305,ResNet18,test
data/processed/test\Lactarius\0251_wz4ikkhjBU8.jpg,Lactarius,Lactarius,True,0.3800739049911499,0.002533300001232419,ResNet18,test
data/processed/test\Lactarius\0256_AfKj-CzsmLI.jpg,Lactarius,Lactarius,True,0.550682783126831,0.0025441999969189055,ResNet18,test
data/processed/test\Lactarius\025_8bHMwyrm1xE.jpg,Lactarius,Lactarius,True,0.6797627806663513,0.002578600004198961,ResNet18,test
data/processed/test\Lactarius\0261_pUdRYRMfy7c.jpg,Lactarius,Lactarius,True,0.7594311237335205,0.0025490000043646432,ResNet18,test
data/processed/test\Lactarius\0264_9xkZs2wAZRQ.jpg,Lactarius,Amanita,False,0.24728381633758545,0.002663700004632119,ResNet18,test
data/processed/test\Lactarius\0270_1nWaT7nSeDE.jpg,Lactarius,Lactarius,True,0.8452757000923157,0.0025293000071542338,ResNet18,test
data/processed/test\Lactarius\0271_kYpV1APLO9s.jpg,Lactarius,Inocybe,False,0.33961382508277893,0.002511200000299141,ResNet18,test
data/processed/test\Lactarius\0275_akjCXeShyUw.jpg,Lactarius,Lactarius,True,0.8480674028396606,0.00251869999920018,ResNet18,test
data/processed/test\Lactarius\0290_KNGFGvBuZbU.jpg,Lactarius,Russula,False,0.7494542002677917,0.0026146999953198247,ResNet18,test
data/processed/test\Lactarius\0307_MA7GubKH4ZM.jpg,Lactarius,Lactarius,True,0.7027767896652222,0.002540400004363619,ResNet18,test
data/processed/test\Lactarius\0313_CWX_V7CeQM4.jpg,Lactarius,Lactarius,True,0.4060564339160919,0.0024744999973336235,ResNet18,test
data/processed/test\Lactarius\0322_2UpHsEF5Mzs.jpg,Lactarius,Lactarius,True,0.500106692314148,0.0025305000017397106,ResNet18,test
data/processed/test\Lactarius\0325_lAq1Din489Y.jpg,Lactarius,Amanita,False,0.44615182280540466,0.002514200001314748,ResNet18,test
data/processed/test\Lactarius\0328_8IPggG6t9VY.jpg,Lactarius,Amanita,False,0.3251161277294159,0.0025049999967450276,ResNet18,test
data/processed/test\Lactarius\0335_dVTfQmjMltw.jpg,Lactarius,Russula,False,0.498854398727417,0.0024784000052022748,ResNet18,test
data/processed/test\Lactarius\0340_0gzvFhGVf5M.jpg,Lactarius,Russula,False,0.557573139667511,0.0025483999997959472,ResNet18,test
data/processed/test\Lactarius\0348_OWdZuiQh9xc.jpg,Lactarius,Lactarius,True,0.7130767703056335,0.0024802000043564476,ResNet18,test
data/processed/test\Lactarius\0356_gTCmsPnWyO4.jpg,Lactarius,Lactarius,True,0.3047381341457367,0.0025033999991137534,ResNet18,test
data/processed/test\Lactarius\0360_Bfw8PtjOZoI.jpg,Lactarius,Lactarius,True,0.6792588233947754,0.002546999996411614,ResNet18,test
data/processed/test\Lactarius\036_Tku_ku-u_WQ.jpg,Lactarius,Lactarius,True,0.759894609451294,0.0025337000042782165,ResNet18,test
data/processed/test\Lactarius\0375_E_5sHNAa0DU.jpg,Lactarius,Entoloma,False,0.19643543660640717,0.002543299997341819,ResNet18,test
data/processed/test\Lactarius\0385_zeoDavzC8Ec.jpg,Lactarius,Boletus,False,0.3198804259300232,0.002543299997341819,ResNet18,test
data/processed/test\Lactarius\0405_XQ5FsiWx3Sc.jpg,Lactarius,Lactarius,True,0.6361413598060608,0.0024879000047803856,ResNet18,test
data/processed/test\Lactarius\0422_5SNHMw4kUg4.jpg,Lactarius,Lactarius,True,0.5546055436134338,0.002590899995993823,ResNet18,test
data/processed/test\Lactarius\0436_3AJoqSsMCPY.jpg,Lactarius,Lactarius,True,0.46401581168174744,0.002523000002838671,ResNet18,test
data/processed/test\Lactarius\0438_7Qg0kxIGbd4.jpg,Lactarius,Lactarius,True,0.6754459142684937,0.0026257999998051673,ResNet18,test
data/processed/test\Lactarius\043_JIiImC3i_NQ.jpg,Lactarius,Lactarius,True,0.43348097801208496,0.0025101000064751133,ResNet18,test
data/processed/test\Lactarius\0462_t7WHbpJLnZA.jpg,Lactarius,Lactarius,True,0.2581119239330292,0.002595300000393763,ResNet18,test
data/processed/test\Lactarius\0473_FeKBXttVCwg.jpg,Lactarius,Russula,False,0.810421884059906,0.0025099000049522147,ResNet18,test
data/processed/test\Lactarius\0488_l_gNg2GDLEk.jpg,Lactarius,Lactarius,True,0.3140537142753601,0.0025535000022500753,ResNet18,test
data/processed/test\Lactarius\0489_6GuHfi0wmko.jpg,Lactarius,Boletus,False,0.3279377818107605,0.002718800002185162,ResNet18,test
data/processed/test\Lactarius\0499_MWZEqXbgfwc.jpg,Lactarius,Lactarius,True,0.9662967920303345,0.0027027000032830983,ResNet18,test
data/processed/test\Lactarius\0512_Sot3apiP2eQ.jpg,Lactarius,Russula,False,0.5930769443511963,0.003067800003918819,ResNet18,test
data/processed/test\Lactarius\0526_O8CTOvfgWXg.jpg,Lactarius,Lactarius,True,0.5775756239891052,0.0027010999983758666,ResNet18,test
data/processed/test\Lactarius\0532_7BfGW7kGfzM.jpg,Lactarius,Lactarius,True,0.8619441986083984,0.0026193000012426637,ResNet18,test
data/processed/test\Lactarius\0537_q78Py0hHqVc.jpg,Lactarius,Lactarius,True,0.455384224653244,0.0025848999939626083,ResNet18,test
data/processed/test\Lactarius\0545_ewwuwHvRvLc.jpg,Lactarius,Suillus,False,0.5048516392707825,0.0026288999943062663,ResNet18,test
data/processed/test\Lactarius\056_9JgBES16B_4.jpg,Lactarius,Lactarius,True,0.9328259229660034,0.002644799998961389,ResNet18,test
data/processed/test\Lactarius\0571_3sjlFMXpK_0.jpg,Lactarius,Lactarius,True,0.2932673394680023,0.0026090000028489158,ResNet18,test
data/processed/test\Lactarius\0576_5wNWaAeW6vo.jpg,Lactarius,Russula,False,0.9500208497047424,0.0024854000002960674,ResNet18,test
data/processed/test\Lactarius\0596_ROVmIKr9KjA.jpg,Lactarius,Lactarius,True,0.4722050130367279,0.0030626000007032417,ResNet18,test
data/processed/test\Lactarius\0612_qfZxbbQUJ2o.jpg,Lactarius,Russula,False,0.5946100950241089,0.0025027000010595657,ResNet18,test
data/processed/test\Lactarius\0615_R0G-yDrCQ6U.jpg,Lactarius,Russula,False,0.4489392638206482,0.0025568999990355223,ResNet18,test
data/processed/test\Lactarius\061_KShq81HACXk.jpg,Lactarius,Lactarius,True,0.7760811448097229,0.0025107000037678517,ResNet18,test
data/processed/test\Lactarius\0628_7XDugUX8ezg.jpg,Lactarius,Amanita,False,0.33312568068504333,0.002549700002418831,ResNet18,test
data/processed/test\Lactarius\0630_3idJVXnrBF4.jpg,Lactarius,Lactarius,True,0.22462964057922363,0.0025510000050417148,ResNet18,test
data/processed/test\Lactarius\0645_Z6spVFbiuEY.jpg,Lactarius,Russula,False,0.4383913576602936,0.002498000001651235,ResNet18,test
data/processed/test\Lactarius\0649_uwl8etw5T-s.jpg,Lactarius,Lactarius,True,0.4050178527832031,0.0026996000015060417,ResNet18,test
data/processed/test\Lactarius\0651_vzBdVntLr8c.jpg,Lactarius,Lactarius,True,0.2621197998523712,0.002657999997609295,ResNet18,test
data/processed/test\Lactarius\0664_vTIkNBMlgC0.jpg,Lactarius,Inocybe,False,0.3845260739326477,0.00258169999870006,ResNet18,test
data/processed/test\Lactarius\0670_V1ZK2sFc-Ro.jpg,Lactarius,Lactarius,True,0.9521974325180054,0.002494799999112729,ResNet18,test
data/processed/test\Lactarius\0672_VwMevK3GQmI.jpg,Lactarius,Lactarius,True,0.38930171728134155,0.002408399996056687,ResNet18,test
data/processed/test\Lactarius\0674_jfw03-JCIg4.jpg,Lactarius,Lactarius,True,0.9469444751739502,0.0024373000051127747,ResNet18,test
data/processed/test\Lactarius\0675_t0wBJuQaX1I.jpg,Lactarius,Lactarius,True,0.650229275226593,0.0029704000044148415,ResNet18,test
data/processed/test\Lactarius\0680_9iK0lHxdnbE.jpg,Lactarius,Russula,False,0.6198456287384033,0.0024735000042710453,ResNet18,test
data/processed/test\Lactarius\069_WjmaRv5colU.jpg,Lactarius,Lactarius,True,0.8268006443977356,0.0026625000027706847,ResNet18,test
data/processed/test\Lactarius\0704_ylcLIXgu01w.jpg,Lactarius,Lactarius,True,0.5221832990646362,0.0025939999977708794,ResNet18,test
data/processed/test\Lactarius\0706_5KiNR80hz8c.jpg,Lactarius,Lactarius,True,0.5500572919845581,0.002493399995728396,ResNet18,test
data/processed/test\Lactarius\0709_rGbRBgcO1Bo.jpg,Lactarius,Cortinarius,False,0.3213244676589966,0.0024737999992794357,ResNet18,test
data/processed/test\Lactarius\0716_XAFN8ZsH8Oc.jpg,Lactarius,Lactarius,True,0.8843936324119568,0.002525600000808481,ResNet18,test
data/processed/test\Lactarius\0734_NI0Ax90MD5c.jpg,Lactarius,Lactarius,True,0.9073297381401062,0.002484800003003329,ResNet18,test
data/processed/test\Lactarius\0736_aLqBxhhsMow.jpg,Lactarius,Lactarius,True,0.760166585445404,0.00243870000122115,ResNet18,test
data/processed/test\Lactarius\0745_ey3D5LyzKTY.jpg,Lactarius,Russula,False,0.7367302179336548,0.002469099999871105,ResNet18,test
data/processed/test\Lactarius\0747_adx1MMw58MI.jpg,Lactarius,Lactarius,True,0.45860299468040466,0.00457520000054501,ResNet18,test
data/processed/test\Lactarius\0756_C1Ll5LZF_Cg.jpg,Lactarius,Lactarius,True,0.26356393098831177,0.004313199999160133,ResNet18,test
data/processed/test\Lactarius\0757_3LeqE6pda1M.jpg,Lactarius,Russula,False,0.5860534310340881,0.004307200004404876,ResNet18,test
data/processed/test\Lactarius\0759_oLEvM6Hhevs.jpg,Lactarius,Lactarius,True,0.9293504357337952,0.0042673999996623024,ResNet18,test
data/processed/test\Lactarius\0762_KnQg1QaWm0A.jpg,Lactarius,Amanita,False,0.3499552607536316,0.004543800001556519,ResNet18,test
data/processed/test\Lactarius\0773_7sw6xICACRk.jpg,Lactarius,Lactarius,True,0.778984010219574,0.004676000004110392,ResNet18,test
data/processed/test\Lactarius\0782_4hQQMaTQWEI.jpg,Lactarius,Russula,False,0.8038099408149719,0.0043918999945162795,ResNet18,test
data/processed/test\Lactarius\0788_pRAv0S0JJWw.jpg,Lactarius,Russula,False,0.6011838316917419,0.0041412999999010935,ResNet18,test
data/processed/test\Lactarius\0789_YdasocklYzQ.jpg,Lactarius,Lactarius,True,0.33743804693222046,0.004155000002356246,ResNet18,test
data/processed/test\Lactarius\0793_0GzeXD2rqQY.jpg,Lactarius,Russula,False,0.9247621297836304,0.004195800000161398,ResNet18,test
data/processed/test\Lactarius\0794_rAh-SYlXfxI.jpg,Lactarius,Russula,False,0.6624581217765808,0.004151300003286451,ResNet18,test
data/processed/test\Lactarius\0805_zrH6_rVsSM8.jpg,Lactarius,Russula,False,0.5434715747833252,0.004272099999070633,ResNet18,test
data/processed/test\Lactarius\0809_nKVSQbfh_8Q.jpg,Lactarius,Russula,False,0.4329189360141754,0.00424370000109775,ResNet18,test
data/processed/test\Lactarius\0810_HmCW6dmg8ww.jpg,Lactarius,Russula,False,0.5719934701919556,0.0025395000047865324,ResNet18,test
data/processed/test\Lactarius\0811_fny9MwqLlJQ.jpg,Lactarius,Russula,False,0.29534831643104553,0.0025546000033500604,ResNet18,test
data/processed/test\Lactarius\0814_QfgRmQ7qhf4.jpg,Lactarius,Amanita,False,0.7286235690116882,0.004221000002871733,ResNet18,test
data/processed/test\Lactarius\0819_UXB8BitCLeg.jpg,Lactarius,Lactarius,True,0.5358946919441223,0.004086499997356441,ResNet18,test
data/processed/test\Lactarius\0823_Ux2nE3c9Um8.jpg,Lactarius,Lactarius,True,0.9040144085884094,0.004128100001253188,ResNet18,test
data/processed/test\Lactarius\0829_s0YUBr49gwI.jpg,Lactarius,Lactarius,True,0.6141875386238098,0.0040865000046323985,ResNet18,test
data/processed/test\Lactarius\083_b-MWcypdVgI.jpg,Lactarius,Lactarius,True,0.8772035241127014,0.0042579000000841916,ResNet18,test
data/processed/test\Lactarius\0852_7k3Zyy3_DGE.jpg,Lactarius,Lactarius,True,0.6277337074279785,0.004533400002401322,ResNet18,test
data/processed/test\Lactarius\0861_R-QITvIdQ0I.jpg,Lactarius,Lactarius,True,0.5874370336532593,0.004551200006972067,ResNet18,test
data/processed/test\Lactarius\0863_vVoT2CYybJg.jpg,Lactarius,Inocybe,False,0.5562836527824402,0.004335199999331962,ResNet18,test
data/processed/test\Lactarius\0868_VH-IjF4KU2A.jpg,Lactarius,Lactarius,True,0.8982951641082764,0.004222700001264457,ResNet18,test
data/processed/test\Lactarius\0874_2lGLHI_YG5k.jpg,Lactarius,Lactarius,True,0.36657458543777466,0.004408900000271387,ResNet18,test
data/processed/test\Lactarius\087_L5ZS-DiYxEI.jpg,Lactarius,Lactarius,True,0.5918830633163452,0.004383899999083951,ResNet18,test
data/processed/test\Lactarius\0881_3RtHEelIwJ0.jpg,Lactarius,Lactarius,True,0.9576981067657471,0.004097199998795986,ResNet18,test
data/processed/test\Lactarius\0886_DVymd3ri6ok.jpg,Lactarius,Lactarius,True,0.710698664188385,0.004567700001643971,ResNet18,test
data/processed/test\Lactarius\0890_Fm2kZLQ186E.jpg,Lactarius,Lactarius,True,0.9532731175422668,0.004302200002712198,ResNet18,test
data/processed/test\Lactarius\0891_y4giXhWdmzg.jpg,Lactarius,Inocybe,False,0.5671468377113342,0.004319799998484086,ResNet18,test
data/processed/test\Lactarius\0894_faLSlbF53CA.jpg,Lactarius,Inocybe,False,0.5823659896850586,0.00419589999364689,ResNet18,test
data/processed/test\Lactarius\0898_H5ncLRcbiOQ.jpg,Lactarius,Lactarius,True,0.5484750866889954,0.00420260000100825,ResNet18,test
data/processed/test\Lactarius\089_AJoVxJM23M4.jpg,Lactarius,Lactarius,True,0.5255261659622192,0.004895300000498537,ResNet18,test
data/processed/test\Lactarius\0904_Z0MfidvU7JU.jpg,Lactarius,Inocybe,False,0.5137901306152344,0.002686299994820729,ResNet18,test
data/processed/test\Lactarius\0924_mvAXbhaPY-k.jpg,Lactarius,Lactarius,True,0.5926198959350586,0.002580400003353134,ResNet18,test
data/processed/test\Lactarius\0931_qYe0VtJnAhQ.jpg,Lactarius,Lactarius,True,0.5435711145401001,0.0025638000006438233,ResNet18,test
data/processed/test\Lactarius\0941_SIWGBlVT-DI.jpg,Lactarius,Lactarius,True,0.4232034683227539,0.0025197000068146735,ResNet18,test
data/processed/test\Lactarius\0948_omWNNnbQkxU.jpg,Lactarius,Lactarius,True,0.7799702882766724,0.002529800003685523,ResNet18,test
data/processed/test\Lactarius\094_-2iyr_W_qvQ.jpg,Lactarius,Entoloma,False,0.3120979070663452,0.002548299999034498,ResNet18,test
data/processed/test\Lactarius\0950_ijfkg6qgVms.jpg,Lactarius,Lactarius,True,0.5781468749046326,0.0026547000015852973,ResNet18,test
data/processed/test\Lactarius\095_BtaRrYfMJVs.jpg,Lactarius,Russula,False,0.7305387854576111,0.0025301999994553626,ResNet18,test
data/processed/test\Lactarius\0966_RRkmCZs4Hgk.jpg,Lactarius,Lactarius,True,0.26174136996269226,0.0026221000007353723,ResNet18,test
data/processed/test\Lactarius\0968_D_TOmURQt5M.jpg,Lactarius,Lactarius,True,0.4817541241645813,0.0026452000020071864,ResNet18,test
data/processed/test\Lactarius\0975_TPuBswVPF4E.jpg,Lactarius,Lactarius,True,0.7776325345039368,0.0026562999992165715,ResNet18,test
data/processed/test\Lactarius\0978_f0jCRe74OWg.jpg,Lactarius,Lactarius,True,0.5011486411094666,0.0027263000010862015,ResNet18,test
data/processed/test\Lactarius\097_EnaERH1OSng.jpg,Lactarius,Lactarius,True,0.8918508291244507,0.004534500003501307,ResNet18,test
data/processed/test\Lactarius\0980_m_ohZyV7g-Y.jpg,Lactarius,Lactarius,True,0.6477797627449036,0.002770099999906961,ResNet18,test
data/processed/test\Lactarius\0990_eosoYFrwQLI.jpg,Lactarius,Lactarius,True,0.5429232120513916,0.0029020000001764856,ResNet18,test
data/processed/test\Lactarius\0993_vWFD5m5EFdw.jpg,Lactarius,Russula,False,0.5815199017524719,0.0028535000019473955,ResNet18,test
data/processed/test\Lactarius\0997_I_lCHDRsFnk.jpg,Lactarius,Suillus,False,0.5569380521774292,0.0027661000058287755,ResNet18,test
data/processed/test\Lactarius\099_tlQryExCSSc.jpg,Lactarius,Lactarius,True,0.6451399922370911,0.0028634000045713037,ResNet18,test
data/processed/test\Lactarius\1023_5KzdIbZlWao.jpg,Lactarius,Lactarius,True,0.6717953681945801,0.0029426000037346967,ResNet18,test
data/processed/test\Lactarius\1031_-Xmag74uj8c.jpg,Lactarius,Lactarius,True,0.4681687355041504,0.0029169999979785644,ResNet18,test
data/processed/test\Lactarius\1035_5IsEFXEEEaY.jpg,Lactarius,Lactarius,True,0.554221510887146,0.002724799996940419,ResNet18,test
data/processed/test\Lactarius\1039_IeXUvS5caiU.jpg,Lactarius,Inocybe,False,0.3747769296169281,0.004363200001535006,ResNet18,test
data/processed/test\Lactarius\1051_OqWmAht3bQo.jpg,Lactarius,Lactarius,True,0.6542247533798218,0.004379700003482867,ResNet18,test
data/processed/test\Lactarius\1084__qV9VGarloM.jpg,Lactarius,Russula,False,0.4933261275291443,0.004648800000722986,ResNet18,test
data/processed/test\Lactarius\1087_T-XOvJDzPj4.jpg,Lactarius,Russula,False,0.949964702129364,0.002614600001834333,ResNet18,test
data/processed/test\Lactarius\108_M1XYdkUcelY.jpg,Lactarius,Agaricus,False,0.4434368312358856,0.002628799993544817,ResNet18,test
data/processed/test\Lactarius\1095_DTLgzikyFDc.jpg,Lactarius,Lactarius,True,0.47454172372817993,0.0026071000029332936,ResNet18,test
data/processed/test\Lactarius\1102_LESYYltPhNw.jpg,Lactarius,Russula,False,0.94635009765625,0.0025425000058021396,ResNet18,test
data/processed/test\Lactarius\1104_Top2jkbHf3c.jpg,Lactarius,Amanita,False,0.4896691143512726,0.0025408000001334585,ResNet18,test
data/processed/test\Lactarius\1108_Drq20AGMUPU.jpg,Lactarius,Lactarius,True,0.8075138926506042,0.00254280000081053,ResNet18,test
data/processed/test\Lactarius\1112_BjWWPLj9vfs.jpg,Lactarius,Russula,False,0.949964702129364,0.002522900002077222,ResNet18,test
data/processed/test\Lactarius\1119_97YWRRfAMdE.jpg,Lactarius,Russula,False,0.7659007906913757,0.0026155000014114194,ResNet18,test
data/processed/test\Lactarius\1126_OzpDgrwjWNc.jpg,Lactarius,Lactarius,True,0.37921735644340515,0.0025576999978511594,ResNet18,test
data/processed/test\Lactarius\1133_HDYDTLTS4FA.jpg,Lactarius,Lactarius,True,0.7125028371810913,0.00253800000064075,ResNet18,test
data/processed/test\Lactarius\1140_L4hzKxVbQc0.jpg,Lactarius,Agaricus,False,0.2956744134426117,0.002554500002588611,ResNet18,test
data/processed/test\Lactarius\1144_d52jIf1q8OQ.jpg,Lactarius,Russula,False,0.5448188781738281,0.002503600000636652,ResNet18,test
data/processed/test\Lactarius\1157_lIsQAIM1Bms.jpg,Lactarius,Russula,False,0.7237555384635925,0.0027072000011685304,ResNet18,test
data/processed/test\Lactarius\1163_6urWblLWaP0.jpg,Lactarius,Entoloma,False,0.359437495470047,0.0026377999965916388,ResNet18,test
data/processed/test\Lactarius\1164_sa2vKVnzdDU.jpg,Lactarius,Amanita,False,0.7072510123252869,0.00384699999995064,ResNet18,test
data/processed/test\Lactarius\1168_liGHHAZOR28.jpg,Lactarius,Boletus,False,0.24339164793491364,0.004290600001695566,ResNet18,test
data/processed/test\Lactarius\1185_l8CcBJMEx4U.jpg,Lactarius,Lactarius,True,0.5805588960647583,0.0042975999967893586,ResNet18,test
data/processed/test\Lactarius\1187_SFmMgNJ91-I.jpg,Lactarius,Lactarius,True,0.8903318643569946,0.0042241999981342815,ResNet18,test
data/processed/test\Lactarius\1194_Q_-2-NBIRlk.jpg,Lactarius,Hygrocybe,False,0.40388068556785583,0.004290700002457015,ResNet18,test
data/processed/test\Lactarius\1199_hy7BCb0o9Ss.jpg,Lactarius,Agaricus,False,0.41063153743743896,0.004253799997968599,ResNet18,test
data/processed/test\Lactarius\1205_V_YJfaEofno.jpg,Lactarius,Lactarius,True,0.6968148946762085,0.004162400000495836,ResNet18,test
data/processed/test\Lactarius\1209_-oHFXkHNN6c.jpg,Lactarius,Lactarius,True,0.541571319103241,0.004091299997526221,ResNet18,test
data/processed/test\Lactarius\1210_5y8ObCFK_r4.jpg,Lactarius,Lactarius,True,0.3595067858695984,0.004049800001666881,ResNet18,test
data/processed/test\Lactarius\1213_E6SGc19pJFY.jpg,Lactarius,Lactarius,True,0.8260387182235718,0.004039999999804422,ResNet18,test
data/processed/test\Lactarius\1223_6yV3bv_fpo8.jpg,Lactarius,Lactarius,True,0.9141969084739685,0.004000500004622154,ResNet18,test
data/processed/test\Lactarius\1224_Yn3W7OW8tkQ.jpg,Lactarius,Lactarius,True,0.8958202600479126,0.004171599997789599,ResNet18,test
data/processed/test\Lactarius\1226_nyvT8mRno3g.jpg,Lactarius,Suillus,False,0.3006736636161804,0.004124699997191783,ResNet18,test
data/processed/test\Lactarius\122_W_5GcNcAuN4.jpg,Lactarius,Russula,False,0.4512966275215149,0.004504500000621192,ResNet18,test
data/processed/test\Lactarius\1251_bPDEkspIv50.jpg,Lactarius,Russula,False,0.41629043221473694,0.004223999996611383,ResNet18,test
data/processed/test\Lactarius\1252_73K3pd3sWMQ.jpg,Lactarius,Lactarius,True,0.8633394241333008,0.0041199000042979605,ResNet18,test
data/processed/test\Lactarius\128_dfE8pjx6FdQ.jpg,Lactarius,Amanita,False,0.39046528935432434,0.0041086999990511686,ResNet18,test
data/processed/test\Lactarius\136_2lSzCzGC8cs.jpg,Lactarius,Russula,False,0.901258647441864,0.0041342000040458515,ResNet18,test
data/processed/test\Lactarius\140_exY6qQ3hXgY.jpg,Lactarius,Amanita,False,0.3623062074184418,0.004044499997689854,ResNet18,test
data/processed/test\Lactarius\149_CwuowlVAMxY.jpg,Lactarius,Lactarius,True,0.5189910531044006,0.004287600000679959,ResNet18,test
data/processed/test\Lactarius\153_gN8-LTmbt4U.jpg,Lactarius,Lactarius,True,0.5001506209373474,0.004247800003213342,ResNet18,test
data/processed/test\Lactarius\164_YmyEAa79xJY.jpg,Lactarius,Russula,False,0.5254883170127869,0.004852199999731965,ResNet18,test
data/processed/test\Lactarius\166_m4APlqR5cX8.jpg,Lactarius,Russula,False,0.6975820064544678,0.004488999999011867,ResNet18,test
data/processed/test\Lactarius\167_sbpN5cmc4Qw.jpg,Lactarius,Lactarius,True,0.5901397466659546,0.004349099996034056,ResNet18,test
data/processed/test\Lactarius\172_AtgfiwOgTAk.jpg,Lactarius,Lactarius,True,0.9070705771446228,0.004309699994337279,ResNet18,test
data/processed/test\Lactarius\175_I_Sk3JdyB8Q.jpg,Lactarius,Lactarius,True,0.5040037631988525,0.0040929999959189445,ResNet18,test
data/processed/test\Lactarius\176_7c5SOZYoEEQ.jpg,Lactarius,Russula,False,0.8890444040298462,0.004289500000595581,ResNet18,test
data/processed/test\Lactarius\182_Z_eMo84pz4w.jpg,Lactarius,Russula,False,0.774190366268158,0.004491200001211837,ResNet18,test
data/processed/test\Lactarius\186_vqv6RGdM7tQ.jpg,Lactarius,Russula,False,0.6400824189186096,0.0038655000025755726,ResNet18,test
data/processed/test\Lactarius\187_9b5XfCCHe9s.jpg,Lactarius,Lactarius,True,0.5768564343452454,0.0027389999959268607,ResNet18,test
data/processed/test\Lactarius\188__ssneZ3zq44.jpg,Lactarius,Lactarius,True,0.6789466142654419,0.0025212000036844984,ResNet18,test
data/processed/test\Lactarius\200_h-AIr5ayQw8.jpg,Lactarius,Russula,False,0.6979153156280518,0.0025338999985251576,ResNet18,test
data/processed/test\Lactarius\204_5earXwj40js.jpg,Lactarius,Lactarius,True,0.5102749466896057,0.0025171999950543977,ResNet18,test
data/processed/test\Lactarius\206_32LgeIY1Yeg.jpg,Lactarius,Lactarius,True,0.7189617156982422,0.002527399999962654,ResNet18,test
data/processed/test\Lactarius\216_XQewJ4iZ0SE.jpg,Lactarius,Lactarius,True,0.7686395645141602,0.002473100001225248,ResNet18,test
data/processed/test\Lactarius\217_NouQvvUbzkI.jpg,Lactarius,Lactarius,True,0.4657181203365326,0.002548099997511599,ResNet18,test
data/processed/test\Lactarius\220_s7m6OJgigsQ.jpg,Lactarius,Lactarius,True,0.7027173638343811,0.0026589999979478307,ResNet18,test
data/processed/test\Lactarius\221_gFGMtF63hew.jpg,Lactarius,Lactarius,True,0.703794538974762,0.003652999999758322,ResNet18,test
data/processed/test\Lactarius\233_Zrhk_kzm9RI.jpg,Lactarius,Lactarius,True,0.3955160081386566,0.004238599998643622,ResNet18,test
data/processed/test\Lactarius\243_Kcz6T9Gexhs.jpg,Lactarius,Boletus,False,0.4756380319595337,0.00442960000509629,ResNet18,test
data/processed/test\Lactarius\245_8a_KwW3R88w.jpg,Lactarius,Lactarius,True,0.4311279356479645,0.004440999997314066,ResNet18,test
data/processed/test\Lactarius\246_RXGb-uY_OT0.jpg,Lactarius,Lactarius,True,0.7989837527275085,0.0044071000011172146,ResNet18,test
data/processed/test\Lactarius\253_04FkFVirQ7Y.jpg,Lactarius,Russula,False,0.9770400524139404,0.0042358999999123625,ResNet18,test
data/processed/test\Lactarius\263_q4EWqSw73ss.jpg,Lactarius,Lactarius,True,0.6858261227607727,0.004332199998316355,ResNet18,test
data/processed/test\Lactarius\276_hZykQcrhdmk.jpg,Lactarius,Russula,False,0.5486937165260315,0.004157499999564607,ResNet18,test
data/processed/test\Lactarius\288_q9eXJ9RotUs.jpg,Lactarius,Russula,False,0.6035504937171936,0.004324699999415316,ResNet18,test
data/processed/test\Lactarius\295_d1IVZwM135g.jpg,Lactarius,Lactarius,True,0.6149480938911438,0.0043293999988236465,ResNet18,test
data/processed/test\Lactarius\310_MVmkt2VWorA.jpg,Lactarius,Russula,False,0.49199002981185913,0.004390399997646455,ResNet18,test
data/processed/test\Lactarius\312_Kxi6Fhuexdw.jpg,Lactarius,Lactarius,True,0.9420326948165894,0.004422300000442192,ResNet18,test
data/processed/test\Lactarius\327_Hk8VyUuKT-A.jpg,Lactarius,Lactarius,True,0.8630732893943787,0.004463599994778633,ResNet18,test
data/processed/test\Lactarius\333_NGUe2XVS3hk.jpg,Lactarius,Lactarius,True,0.3936800956726074,0.004338899998401757,ResNet18,test
data/processed/test\Lactarius\335_fqi3SPxPO_M.jpg,Lactarius,Lactarius,True,0.5176587700843811,0.0044063000023015775,ResNet18,test
data/processed/test\Lactarius\338_SSuhFw6v6bo.jpg,Lactarius,Lactarius,True,0.5778911709785461,0.004308299998228904,ResNet18,test
data/processed/test\Lactarius\340_eLuW-nUYdC0.jpg,Lactarius,Cortinarius,False,0.2957060933113098,0.004226400000334252,ResNet18,test
data/processed/test\Lactarius\353_ZQcLrpjLWBc.jpg,Lactarius,Russula,False,0.562437117099762,0.0042911000055028126,ResNet18,test
data/processed/test\Lactarius\355_THNiI8IQ5e4.jpg,Lactarius,Lactarius,True,0.5016710758209229,0.004266700001608115,ResNet18,test
data/processed/test\Lactarius\364_TiFrgt8za6w.jpg,Lactarius,Lactarius,True,0.5386093258857727,0.004323399996792432,ResNet18,test
data/processed/test\Lactarius\365_gihWtePuGlo.jpg,Lactarius,Russula,False,0.7457678914070129,0.004240499998559244,ResNet18,test
data/processed/test\Lactarius\373_sb1ABlLL_Io.jpg,Lactarius,Lactarius,True,0.6491320729255676,0.004295599996112287,ResNet18,test
data/processed/test\Lactarius\381_70eN3baoMiU.jpg,Lactarius,Lactarius,True,0.7005040645599365,0.004940599996189121,ResNet18,test
data/processed/test\Lactarius\391_x5VHqfidZUA.jpg,Lactarius,Lactarius,True,0.6824778914451599,0.002569600001152139,ResNet18,test
data/processed/test\Lactarius\394_pA_n_Wu4_60.jpg,Lactarius,Lactarius,True,0.7067726254463196,0.0022489999973913655,ResNet18,test
data/processed/test\Lactarius\410_gHeG6gEpGT8.jpg,Lactarius,Suillus,False,0.5120593905448914,0.00262759999895934,ResNet18,test
data/processed/test\Lactarius\412_r_okI2cO5S4.jpg,Lactarius,Lactarius,True,0.7729983329772949,0.002707900006498676,ResNet18,test
data/processed/test\Russula\001_iKuK1p9EOJ0.jpg,Russula,Russula,True,0.8996995687484741,0.0028015999996569008,ResNet18,test
data/processed/test\Russula\007_gZhfQcNeM9U.jpg,Russula,Russula,True,0.9793037176132202,0.002749999999650754,ResNet18,test
data/processed/test\Russula\008_Dz7lB9JtqxQ.jpg,Russula,Lactarius,False,0.5934674143791199,0.0039558999997098,ResNet18,test
data/processed/test\Russula\013_LGHqXuWMeHE.jpg,Russula,Inocybe,False,0.5325085520744324,0.002626300003612414,ResNet18,test
data/processed/test\Russula\014_a6ZorjAMstY.jpg,Russula,Amanita,False,0.2230595350265503,0.0026818000042112544,ResNet18,test
data/processed/test\Russula\019_EKkNgTevh1g.jpg,Russula,Russula,True,0.47910571098327637,0.0024158000014722347,ResNet18,test
data/processed/test\Russula\024_rhgAyyNHSJo.jpg,Russula,Cortinarius,False,0.27542516589164734,0.002394399998593144,ResNet18,test
data/processed/test\Russula\025_k35cqXEzH7Y.jpg,Russula,Russula,True,0.5130361914634705,0.002388100001553539,ResNet18,test
data/processed/test\Russula\030_sCKfBfNbOl4.jpg,Russula,Lactarius,False,0.7014858722686768,0.002485500001057517,ResNet18,test
data/processed/test\Russula\039_ikQwz6n6X4o.jpg,Russula,Russula,True,0.9278237819671631,0.002451100001053419,ResNet18,test
data/processed/test\Russula\043_a_5lm55zCVc.jpg,Russula,Russula,True,0.5484085083007812,0.0024436000021523796,ResNet18,test
data/processed/test\Russula\043_fOQ2ffx-cy8.jpg,Russula,Russula,True,0.985114336013794,0.0024995000057970174,ResNet18,test
data/processed/test\Russula\047_eHKYt6tnSCs.jpg,Russula,Inocybe,False,0.27071624994277954,0.0024121000024024397,ResNet18,test
data/processed/test\Russula\050_MwOq3EeFUvc.jpg,Russula,Russula,True,0.9813408851623535,0.0024630999978398904,ResNet18,test
data/processed/test\Russula\057_jOjOWsmPwSs.jpg,Russula,Lactarius,False,0.30128273367881775,0.002396500000031665,ResNet18,test
data/processed/test\Russula\058_rXtA5QC0tm0.jpg,Russula,Russula,True,0.6917530298233032,0.0024622999990242533,ResNet18,test
data/processed/test\Russula\064_7LLSFgmojbg.jpg,Russula,Russula,True,0.6553610563278198,0.0025124000021605752,ResNet18,test
data/processed/test\Russula\066_QwlTSWbST_A.jpg,Russula,Russula,True,0.9875935912132263,0.0024029999985941686,ResNet18,test
data/processed/test\Russula\067_1HwiqbR9nY4.jpg,Russula,Russula,True,0.6539011001586914,0.004328900002292357,ResNet18,test
data/processed/test\Russula\087_dkTD8ebKnDo.jpg,Russula,Russula,True,0.9964578747749329,0.0043364999946788885,ResNet18,test
data/processed/test\Russula\090_wTqyZFVyKa4.jpg,Russula,Russula,True,0.8225334882736206,0.0043001999947591685,ResNet18,test
data/processed/test\Russula\091_OhbGtsJOrac.jpg,Russula,Russula,True,0.5172221660614014,0.004353099997388199,ResNet18,test
data/processed/test\Russula\096_RZyKfwF8OnQ.jpg,Russula,Russula,True,0.9677071571350098,0.004310100004659034,ResNet18,test
data/processed/test\Russula\097_MDNp4nnFbsU.jpg,Russula,Lactarius,False,0.3512504994869232,0.00437919999967562,ResNet18,test
data/processed/test\Russula\097_vcRnfngKDrA.jpg,Russula,Russula,True,0.9998745918273926,0.004182500000752043,ResNet18,test
data/processed/test\Russula\102_ZPT8jUM20PQ.jpg,Russula,Russula,True,0.6017187237739563,0.004063799999130424,ResNet18,test
data/processed/test\Russula\104_Rsfyh5xO7v4.jpg,Russula,Russula,True,0.7419155836105347,0.002999099997396115,ResNet18,test
data/processed/test\Russula\105_-Z8GVGlP6ZQ.jpg,Russula,Lactarius,False,0.7932679057121277,0.0025785999969230033,ResNet18,test
data/processed/test\Russula\110_Dq7-S4a1PBA.jpg,Russula,Inocybe,False,0.5121488571166992,0.0025865000061457977,ResNet18,test
data/processed/test\Russula\110_tI1gcfV67iM.jpg,Russula,Russula,True,0.9728279709815979,0.002613600001495797,ResNet18,test
data/processed/test\Russula\112_LjHLUTH9Ofo.jpg,Russula,Russula,True,0.9738081097602844,0.0026071999964187853,ResNet18,test
data/processed/test\Russula\115_421ZUjl0L6I.jpg,Russula,Lactarius,False,0.4234704375267029,0.002548099997511599,ResNet18,test
data/processed/test\Russula\116_1OsHlMx-dSQ.jpg,Russula,Russula,True,0.8598201870918274,0.0025720999983604997,ResNet18,test
data/processed/test\Russula\121_G6PKJxVEa-M.jpg,Russula,Russula,True,0.741738498210907,0.002577800005383324,ResNet18,test
data/processed/test\Russula\127_VbgJEufLv7I.jpg,Russula,Amanita,False,0.4804661273956299,0.0025400000013178214,ResNet18,test
data/processed/test\Russula\139_H3FH6JjjTzg.jpg,Russula,Russula,True,0.7240409255027771,0.002551999998104293,ResNet18,test
data/processed/test\Russula\145_o2dRwsYbjMY.jpg,Russula,Lactarius,False,0.29147157073020935,0.002648000001499895,ResNet18,test
data/processed/test\Russula\150_HG0rdEL96d8.jpg,Russula,Russula,True,0.9635453820228577,0.0026701000024331734,ResNet18,test
data/processed/test\Russula\152_T7Jz4WBLsEQ.jpg,Russula,Russula,True,0.4935486912727356,0.0025782000011531636,ResNet18,test
data/processed/test\Russula\165_iSv1-9PofVg.jpg,Russula,Russula,True,0.9546740055084229,0.0025568999990355223,ResNet18,test
data/processed/test\Russula\167_9loyXWNmBDI.jpg,Russula,Russula,True,0.8601235747337341,0.0025525000019115396,ResNet18,test
data/processed/test\Russula\170_8gD6VgBIRW8.jpg,Russula,Boletus,False,0.5262866020202637,0.0025668000016594306,ResNet18,test
data/processed/test\Russula\174_ZHZm2cjKSd4.jpg,Russula,Russula,True,0.9973694086074829,0.0043147999967914075,ResNet18,test
data/processed/test\Russula\183_7HPLUZ0JPGw.jpg,Russula,Russula,True,0.4544042944908142,0.004086799999640789,ResNet18,test
data/processed/test\Russula\187_eVoSi006rJc.jpg,Russula,Russula,True,0.6261267066001892,0.0025452999980188906,ResNet18,test
data/processed/test\Russula\190_jB_ANV0GfGc.jpg,Russula,Russula,True,0.6513465046882629,0.002660800004377961,ResNet18,test
data/processed/test\Russula\193_0iPR4s0EgAE.jpg,Russula,Amanita,False,0.3864305317401886,0.002508799996576272,ResNet18,test
data/processed/test\Russula\194_NP3riIl0ZRw.jpg,Russula,Lactarius,False,0.3976556658744812,0.00252129999716999,ResNet18,test
data/processed/test\Russula\196_8vqiUiCZSf4.jpg,Russula,Lactarius,False,0.32677915692329407,0.002598899998702109,ResNet18,test
data/processed/test\Russula\197_8SaITt5hQBY.jpg,Russula,Russula,True,0.7347115874290466,0.0025214999986928888,ResNet18,test
data/processed/test\Russula\200_JMAjbr8Po8M.jpg,Russula,Russula,True,0.9192133545875549,0.00251649999700021,ResNet18,test
data/processed/test\Russula\203_7ZDu3mnm2D8.jpg,Russula,Russula,True,0.5158262252807617,0.002525299998524133,ResNet18,test
data/processed/test\Russula\212_mAsF0Tdhqu8.jpg,Russula,Lactarius,False,0.5086068511009216,0.0025281000052927993,ResNet18,test
data/processed/test\Russula\218_zKx8R11Bjuo.jpg,Russula,Russula,True,0.8026760816574097,0.0025248999954783358,ResNet18,test
data/processed/test\Russula\219_Tj5ZWF3-yCc.jpg,Russula,Russula,True,0.4048709273338318,0.002517599998100195,ResNet18,test
data/processed/test\Russula\220_LB02R316CKc.jpg,Russula,Russula,True,0.9985295534133911,0.0025652000040281564,ResNet18,test
data/processed/test\Russula\221_GAqgMbeBJ_w.jpg,Russula,Russula,True,0.9681156873703003,0.0025711999987834133,ResNet18,test
data/processed/test\Russula\222_l5ppfQIYS20.jpg,Russula,Entoloma,False,0.6586738228797913,0.0025863999981083907,ResNet18,test
data/processed/test\Russula\229_GvS-zosxGjw.jpg,Russula,Russula,True,0.9018818736076355,0.0025419000012334436,ResNet18,test
data/processed/test\Russula\232_mX205dWbGSs.jpg,Russula,Russula,True,0.6725499033927917,0.002619099999719765,ResNet18,test
data/processed/test\Russula\237_ngiHar4V9OQ.jpg,Russula,Russula,True,0.9751778841018677,0.002630999995744787,ResNet18,test
data/processed/test\Russula\251_fEoTrBJW8cM.jpg,Russula,Russula,True,0.6723626852035522,0.0025276999949710444,ResNet18,test
data/processed/test\Russula\255_Kb8wme58c30.jpg,Russula,Russula,True,0.8954355120658875,0.002581500004453119,ResNet18,test
data/processed/test\Russula\274_HgGEtks3OsI.jpg,Russula,Lactarius,False,0.635804295539856,0.0025300999986939132,ResNet18,test
data/processed/test\Russula\275_pEbq4xW22Ag.jpg,Russula,Russula,True,0.9680766463279724,0.0027446000021882355,ResNet18,test
data/processed/test\Russula\280_dQwEUooNmxU.jpg,Russula,Russula,True,0.5721355676651001,0.0026123999996343628,ResNet18,test
data/processed/test\Russula\284_mG2jZJaeiac.jpg,Russula,Russula,True,0.684063732624054,0.0025964000014937483,ResNet18,test
data/processed/test\Russula\285_rVkKIZjTiRM.jpg,Russula,Lactarius,False,0.30298009514808655,0.0025631000025896356,ResNet18,test
data/processed/test\Russula\287_aSnnhXszXBg.jpg,Russula,Amanita,False,0.7807248830795288,0.002532500002416782,ResNet18,test
data/processed/test\Russula\298_6kweHNZ0RfI.jpg,Russula,Russula,True,0.540300190448761,0.0025308999975095503,ResNet18,test
data/processed/test\Russula\305_tdJxN8UQo7I.jpg,Russula,Russula,True,0.8998239636421204,0.0025722999998833984,ResNet18,test
data/processed/test\Russula\317_8tQhlDlTHhY.jpg,Russula,Russula,True,0.9644178748130798,0.002599300001747906,ResNet18,test
data/processed/test\Russula\322_Ai1EXB8gNws.jpg,Russula,Suillus,False,0.33743348717689514,0.002528500001062639,ResNet18,test
data/processed/test\Russula\329_PxteNH5w9Yk.jpg,Russula,Russula,True,0.9941955208778381,0.002657299999555107,ResNet18,test
data/processed/test\Russula\333_7pP8aVQf3Do.jpg,Russula,Russula,True,0.9881616234779358,0.002579700005298946,ResNet18,test
data/processed/test\Russula\338_HPnjALipi70.jpg,Russula,Russula,True,0.9985055923461914,0.002573199999460485,ResNet18,test
data/processed/test\Russula\342_CJXxi8f2DOI.jpg,Russula,Lactarius,False,0.5870044827461243,0.0026061999960802495,ResNet18,test
data/processed/test\Russula\349_YRE4p7LbKdg.jpg,Russula,Russula,True,0.7515509724617004,0.0025653000047896057,ResNet18,test
data/processed/test\Russula\352_ykL56k89IoE.jpg,Russula,Russula,True,0.5870094895362854,0.00253540000267094,ResNet18,test
data/processed/test\Russula\354_SXkK0j9UPcc.jpg,Russula,Lactarius,False,0.5999166965484619,0.0025202000033459626,ResNet18,test
data/processed/test\Russula\366_Rmr_uH_m3Lc.jpg,Russula,Russula,True,0.9308143854141235,0.004274200000509154,ResNet18,test
data/processed/test\Russula\375_h9oJuORZEoQ.jpg,Russula,Russula,True,0.8828567266464233,0.00448080000205664,ResNet18,test
data/processed/test\Russula\382_etpGgqzjXAw.jpg,Russula,Russula,True,0.7367559671401978,0.004369499998574611,ResNet18,test
data/processed/test\Russula\391_FoHQbZ-kW6k.jpg,Russula,Russula,True,0.9564052820205688,0.004310299998905975,ResNet18,test
data/processed/test\Russula\396_vxteiV8es0s.jpg,Russula,Russula,True,0.4226594865322113,0.004207700003462378,ResNet18,test
data/processed/test\Russula\398_0WzJw-BGE1E.jpg,Russula,Russula,True,0.872079610824585,0.002478900001733564,ResNet18,test
data/processed/test\Russula\401_ZfuzzDXFsRU.jpg,Russula,Russula,True,0.36482927203178406,0.004226299999572802,ResNet18,test
data/processed/test\Russula\406_krT07UQMp10.jpg,Russula,Lactarius,False,0.5959439277648926,0.004423700003826525,ResNet18,test
data/processed/test\Russula\409_BMzCz6qsXNs.jpg,Russula,Russula,True,0.8701328635215759,0.004288000003725756,ResNet18,test
data/processed/test\Russula\412_hK_N_vllKHo.jpg,Russula,Lactarius,False,0.7173384428024292,0.004237399996782187,ResNet18,test
data/processed/test\Russula\415_UJ1wPsUTn48.jpg,Russula,Russula,True,0.6209479570388794,0.004244799994921777,ResNet18,test
data/processed/test\Russula\416_HL5U3TXaTig.jpg,Russula,Russula,True,0.6812702417373657,0.0042677000019466504,ResNet18,test
data/processed/test\Russula\421_8j91Sr4g8Kc.jpg,Russula,Russula,True,0.9800665378570557,0.004201399999146815,ResNet18,test
data/processed/test\Russula\426_RHi0dlqqt8o.jpg,Russula,Inocybe,False,0.8095848560333252,0.0025544000018271618,ResNet18,test
data/processed/test\Russula\427_x9THSIBmhjg.jpg,Russula,Lactarius,False,0.4267749488353729,0.0025496000016573817,ResNet18,test
data/processed/test\Russula\430_DSSYi6MPrgM.jpg,Russula,Russula,True,0.6975246667861938,0.002551900004618801,ResNet18,test
data/processed/test\Russula\431_6aLV-mYubzE.jpg,Russula,Russula,True,0.3878897428512573,0.002517900000384543,ResNet18,test
data/processed/test\Russula\437_CT0j4-xyw0U.jpg,Russula,Russula,True,0.9887477159500122,0.002517900000384543,ResNet18,test
data/processed/test\Russula\439_Qy56g_UefV0.jpg,Russula,Russula,True,0.4866080582141876,0.0026083999982802197,ResNet18,test
data/processed/test\Russula\441_OLHvhkXV5z4.jpg,Russula,Russula,True,0.9990019202232361,0.0026174000013270415,ResNet18,test
data/processed/test\Russula\448_EjNRPvABLWs.jpg,Russula,Russula,True,0.9926393032073975,0.00259840000217082,ResNet18,test
data/processed/test\Russula\452_LFlsAAAX9hI.jpg,Russula,Russula,True,0.5811758637428284,0.0025940999985323288,ResNet18,test
data/processed/test\Russula\454_uTMl-t0RwNE.jpg,Russula,Russula,True,0.5541858673095703,0.0026587000029394403,ResNet18,test
data/processed/test\Russula\458_qK1_4b1eE6c.jpg,Russula,Russula,True,0.8699392080307007,0.0025605999981053174,ResNet18,test
data/processed/test\Russula\462_gCvKxkgbErI.jpg,Russula,Suillus,False,0.32068389654159546,0.002580400003353134,ResNet18,test
data/processed/test\Russula\469_EEz8Pm-LqCM.jpg,Russula,Russula,True,0.8654987812042236,0.0026693000036175363,ResNet18,test
data/processed/test\Russula\473_-0mqqVq-2vk.jpg,Russula,Russula,True,0.5897893905639648,0.002550500001234468,ResNet18,test
data/processed/test\Russula\476_fuSt9QgGDIk.jpg,Russula,Lactarius,False,0.2880806624889374,0.0025285999945481308,ResNet18,test
data/processed/test\Russula\480_74nq3Oj1T0M.jpg,Russula,Russula,True,0.9522892236709595,0.0025787000049604103,ResNet18,test
data/processed/test\Russula\483_iDdkz4PNlOg.jpg,Russula,Russula,True,0.9964750409126282,0.00258169999870006,ResNet18,test
data/processed/test\Russula\490_Y5gzpOreJV8.jpg,Russula,Russula,True,0.8743007779121399,0.0025679999962449074,ResNet18,test
data/processed/test\Russula\494_4l6A9UlJ6HY.jpg,Russula,Russula,True,0.6303561925888062,0.0025707000022521242,ResNet18,test
data/processed/test\Russula\497_hMPS4Vhoqqk.jpg,Russula,Russula,True,0.9580415487289429,0.0026728999946499243,ResNet18,test
data/processed/test\Russula\498_iH4yNw872aM.jpg,Russula,Russula,True,0.7278544306755066,0.002538499997172039,ResNet18,test
data/processed/test\Russula\502_nJw7weRVBlc.jpg,Russula,Russula,True,0.6105389595031738,0.0024961000017356128,ResNet18,test
data/processed/test\Russula\511_viHZPnkp9nI.jpg,Russula,Russula,True,0.5961542725563049,0.002504600000975188,ResNet18,test
data/processed/test\Russula\513_e8OAjXau1_g.jpg,Russula,Lactarius,False,0.47791844606399536,0.002558899999712594,ResNet18,test
data/processed/test\Russula\515_-fmv5frqmeQ.jpg,Russula,Russula,True,0.7859974503517151,0.0026197999977739528,ResNet18,test
data/processed/test\Russula\517_0X-ur3MZ6-g.jpg,Russula,Suillus,False,0.3696556091308594,0.0026364000004832633,ResNet18,test
data/processed/test\Russula\518_ddwb9zDz0EA.jpg,Russula,Cortinarius,False,0.3682551383972168,0.0025361999942106195,ResNet18,test
data/processed/test\Russula\519_MgcY6NzuGRg.jpg,Russula,Russula,True,0.9393610954284668,0.0025417999931960367,ResNet18,test
data/processed/test\Russula\519__Yn0OFxI1q4.jpg,Russula,Entoloma,False,0.5067539811134338,0.005142299996805377,ResNet18,test
data/processed/test\Russula\521_PoCOMLLE194.jpg,Russula,Lactarius,False,0.29577386379241943,0.0037097000022185966,ResNet18,test
data/processed/test\Russula\522_HB75V6h0zHA.jpg,Russula,Russula,True,0.9189324378967285,0.0025166999985231087,ResNet18,test
data/processed/test\Russula\529_ailR88iHnVk.jpg,Russula,Russula,True,0.5917885303497314,0.002661800004716497,ResNet18,test
data/processed/test\Russula\530_0Er0JIn-St8.jpg,Russula,Lactarius,False,0.6851953864097595,0.002612699994642753,ResNet18,test
data/processed/test\Russula\531_nA8Zxo2h3PI.jpg,Russula,Boletus,False,0.2937583327293396,0.0025925000009010546,ResNet18,test
data/processed/test\Russula\533_HFOAEH-GMI8.jpg,Russula,Russula,True,0.4507463574409485,0.0025389000002178364,ResNet18,test
data/processed/test\Russula\534_qpoLwy-f_Xo.jpg,Russula,Lactarius,False,0.5884329080581665,0.002551800003857352,ResNet18,test
data/processed/test\Russula\538_KQ94jYukaKU.jpg,Russula,Russula,True,0.33013609051704407,0.0025250999970012344,ResNet18,test
data/processed/test\Russula\538_tf4RCsz9upY.jpg,Russula,Russula,True,0.6860147714614868,0.002575899998191744,ResNet18,test
data/processed/test\Russula\548_28oWJjM1dis.jpg,Russula,Russula,True,0.356533408164978,0.002567399998952169,ResNet18,test
data/processed/test\Russula\551_wGsl1ac6chs.jpg,Russula,Russula,True,0.5260547995567322,0.0025081999992835335,ResNet18,test
data/processed/test\Russula\552_ihVJ4T4Sss8.jpg,Russula,Lactarius,False,0.6880151629447937,0.0025788999992073514,ResNet18,test
data/processed/test\Russula\555_FEOGSD31AJA.jpg,Russula,Russula,True,0.8449956178665161,0.0024975999986054376,ResNet18,test
data/processed/test\Russula\556_ppbtXziu5ZQ.jpg,Russula,Russula,True,0.46255433559417725,0.002550500001234468,ResNet18,test
data/processed/test\Russula\557_QAd1lVBkjXU.jpg,Russula,Lactarius,False,0.28064948320388794,0.0025600999942980707,ResNet18,test
data/processed/test\Russula\560_cMc-iWHiAlE.jpg,Russula,Entoloma,False,0.31319156289100647,0.0025460999968345277,ResNet18,test
data/processed/test\Russula\569_JW9oRUfkNN0.jpg,Russula,Amanita,False,0.7718698382377625,0.002529199999116827,ResNet18,test
data/processed/test\Russula\572_yBKxg92PsOQ.jpg,Russula,Russula,True,0.49154725670814514,0.0025170000008074567,ResNet18,test
data/processed/test\Russula\575_gWC0enFjtPM.jpg,Russula,Lactarius,False,0.6459245681762695,0.00250909999886062,ResNet18,test
data/processed/test\Russula\580_ntj_DGdqmvA.jpg,Russula,Russula,True,0.946185827255249,0.002514899999368936,ResNet18,test
data/processed/test\Russula\588__rRMnuidFcw.jpg,Russula,Russula,True,0.8167259097099304,0.0025518999973428436,ResNet18,test
data/processed/test\Russula\590_uV2vuMobSEM.jpg,Russula,Lactarius,False,0.8993988037109375,0.0025261999981012195,ResNet18,test
data/processed/test\Russula\591_mUNB-xH-tCw.jpg,Russula,Lactarius,False,0.3781794607639313,0.002526399999624118,ResNet18,test
data/processed/test\Russula\605_KtkMUv-JJ5I.jpg,Russula,Russula,True,0.9796062111854553,0.002501399998436682,ResNet18,test
data/processed/test\Russula\608_0aU_jR-I9JA.jpg,Russula,Russula,True,0.813036322593689,0.0026485999987926334,ResNet18,test
data/processed/test\Russula\619_iJOS5fLgNQU.jpg,Russula,Russula,True,0.5042751431465149,0.0025175000046147034,ResNet18,test
data/processed/test\Russula\624_AB7Ht1J6_Ts.jpg,Russula,Russula,True,0.3394353985786438,0.002591100004792679,ResNet18,test
data/processed/test\Russula\635_CzRg4ZH0g3s.jpg,Russula,Boletus,False,0.1737036406993866,0.0025133999952231534,ResNet18,test
data/processed/test\Russula\650_p3glAsLgTMs.jpg,Russula,Amanita,False,0.4822211265563965,0.0025932999997166917,ResNet18,test
data/processed/test\Russula\667_m3O20kXwdDE.jpg,Russula,Russula,True,0.9908832907676697,0.0025722999998833984,ResNet18,test
data/processed/test\Russula\668_5paJFA7_Ua8.jpg,Russula,Russula,True,0.9729099869728088,0.0025356999976793304,ResNet18,test
data/processed/test\Russula\674_hp6AgJkRPZQ.jpg,Russula,Russula,True,0.8294486999511719,0.002618300000904128,ResNet18,test
data/processed/test\Russula\681_EsZTIQlfMjc.jpg,Russula,Inocybe,False,0.5089224576950073,0.002653800002008211,ResNet18,test
data/processed/test\Russula\689_A6I1XAc367A.jpg,Russula,Russula,True,0.9350147247314453,0.0030070000066189095,ResNet18,test
data/processed/test\Russula\703_Nptow3WB0qw.jpg,Russula,Russula,True,0.9697834253311157,0.002685899999050889,ResNet18,test
data/processed/test\Russula\705_zyUROKt6OHs.jpg,Russula,Russula,True,0.9477436542510986,0.002826299998559989,ResNet18,test
data/processed/test\Russula\719_RWQ7F3kVyZ8.jpg,Russula,Russula,True,0.7883766889572144,0.0026664000033633783,ResNet18,test
data/processed/test\Russula\727_GqKz3HCWl0c.jpg,Russula,Russula,True,0.9803104996681213,0.0026310999965062365,ResNet18,test
data/processed/test\Russula\728_GKNcKK0yCIc.jpg,Russula,Russula,True,0.9285290241241455,0.002608300004794728,ResNet18,test
data/processed/test\Russula\737_CKVsLcd_U7c.jpg,Russula,Russula,True,0.9958848357200623,0.002620500003104098,ResNet18,test
data/processed/test\Russula\738_erZ8MolTf3U.jpg,Russula,Russula,True,0.7806424498558044,0.002596600003016647,ResNet18,test
data/processed/test\Russula\756_vp2vfTitRMQ.jpg,Russula,Russula,True,0.9634590744972229,0.0026259000005666167,ResNet18,test
data/processed/test\Russula\757_iadA7ihhNeQ.jpg,Russula,Russula,True,0.9717069268226624,0.002619099999719765,ResNet18,test
data/processed/test\Russula\761_PoCeQSN4r0Y.jpg,Russula,Russula,True,0.9967251420021057,0.003977999993367121,ResNet18,test
data/processed/test\Russula\764_Km8WK13K9DM.jpg,Russula,Russula,True,0.986084520816803,0.0026257999998051673,ResNet18,test
data/processed/test\Russula\773_rvHJQsLi9cg.jpg,Russula,Russula,True,0.9537200927734375,0.0026178999978583306,ResNet18,test
data/processed/test\Russula\777_1makiuR24D8.jpg,Russula,Lactarius,False,0.6251562833786011,0.002640300001075957,ResNet18,test
data/processed/test\Russula\781_6bHC50w-YyU.jpg,Russula,Russula,True,0.9197062849998474,0.002544900002249051,ResNet18,test
data/processed/test\Russula\789_ZOAABwfjsvE.jpg,Russula,Russula,True,0.7707023024559021,0.002660099999047816,ResNet18,test
data/processed/test\Russula\790_XgJL7jUO0n0.jpg,Russula,Lactarius,False,0.6925298571586609,0.002649999994901009,ResNet18,test
data/processed/test\Russula\791_bmziJQYOR-0.jpg,Russula,Russula,True,0.5859431624412537,0.0026580999983707443,ResNet18,test
data/processed/test\Suillus\004_LMWP6X0bx7g.jpg,Suillus,Lactarius,False,0.5672584772109985,0.0025594999970053323,ResNet18,test
data/processed/test\Suillus\005_4zrEN39EHeU.jpg,Suillus,Inocybe,False,0.5653494000434875,0.0025103000007220544,ResNet18,test
data/processed/test\Suillus\006_8Su_kJ43Mho.jpg,Suillus,Boletus,False,0.3665800094604492,0.002573300000221934,ResNet18,test
data/processed/test\Suillus\013_SzBeuYLeWzY.jpg,Suillus,Lactarius,False,0.7471849322319031,0.002658100005646702,ResNet18,test
data/processed/test\Suillus\020_qW3wRprNQuU.jpg,Suillus,Suillus,True,0.4540832042694092,0.002589899995655287,ResNet18,test
data/processed/test\Suillus\024_b9YCAgUxfLc.jpg,Suillus,Inocybe,False,0.4621579647064209,0.0025526999961584806,ResNet18,test
data/processed/test\Suillus\035_GGH3qG0fqcg.jpg,Suillus,Entoloma,False,0.21261543035507202,0.0026969000027747825,ResNet18,test
data/processed/test\Suillus\042_S8g3kuvZPb4.jpg,Suillus,Suillus,True,0.5092321038246155,0.0026052000030176714,ResNet18,test
data/processed/test\Suillus\053_pR_9bsx0WUU.jpg,Suillus,Suillus,True,0.3289237320423126,0.002610299998195842,ResNet18,test
data/processed/test\Suillus\057_QjMKHaEMZBI.jpg,Suillus,Lactarius,False,0.8636285662651062,0.002663700004632119,ResNet18,test
data/processed/test\Suillus\059_JRPx07CUp9I.jpg,Suillus,Lactarius,False,0.3968028128147125,0.002566399998613633,ResNet18,test
data/processed/test\Suillus\060_HFmPuFBK7f4.jpg,Suillus,Russula,False,0.77126544713974,0.0026008999993791804,ResNet18,test
data/processed/test\Suillus\063_DU3VJmB-I14.jpg,Suillus,Lactarius,False,0.9036952257156372,0.0026400999995530583,ResNet18,test
data/processed/test\Suillus\066_uFngOMLuPrE.jpg,Suillus,Suillus,True,0.2973063886165619,0.0026635000031092204,ResNet18,test
data/processed/test\Suillus\071_pDklNEHcmB8.jpg,Suillus,Hygrocybe,False,0.2109769731760025,0.002612899996165652,ResNet18,test
data/processed/test\Suillus\072_qfIXcNPk1eM.jpg,Suillus,Inocybe,False,0.4024917781352997,0.002704899998207111,ResNet18,test
data/processed/test\Suillus\076_eqA9_q6_9JU.jpg,Suillus,Russula,False,0.4670153260231018,0.0025611999953980558,ResNet18,test
data/processed/test\Suillus\103_jpMZm4FpWNQ.jpg,Suillus,Suillus,True,0.7210766077041626,0.0025565999967511743,ResNet18,test
data/processed/test\Suillus\105_ywBhq3G8x-g.jpg,Suillus,Lactarius,False,0.7609028220176697,0.002526100004615728,ResNet18,test
data/processed/test\Suillus\109_BXGWNC8c4aw.jpg,Suillus,Lactarius,False,0.45331668853759766,0.002606900001410395,ResNet18,test
data/processed/test\Suillus\110_GXWZjkiIn3U.jpg,Suillus,Lactarius,False,0.5450494289398193,0.0025366000045323744,ResNet18,test
data/processed/test\Suillus\123_CK6TqHiLN8s.jpg,Suillus,Suillus,True,0.34584346413612366,0.0027486000035423785,ResNet18,test
data/processed/test\Suillus\124_A3Rr6EGcEuc.jpg,Suillus,Suillus,True,0.6505407691001892,0.0044350999960443005,ResNet18,test
data/processed/test\Suillus\135_jpc6hxtvXcY.jpg,Suillus,Inocybe,False,0.3393983244895935,0.0047418000031029806,ResNet18,test
data/processed/test\Suillus\140_AElK4TLjpHw.jpg,Suillus,Lactarius,False,0.39706161618232727,0.004408000000694301,ResNet18,test
data/processed/test\Suillus\143_4I78Lp4NctA.jpg,Suillus,Inocybe,False,0.5364205837249756,0.004139100004977081,ResNet18,test
data/processed/test\Suillus\150_jLg9QQo1nOg.jpg,Suillus,Lactarius,False,0.4611191749572754,0.0040899000014178455,ResNet18,test
data/processed/test\Suillus\152_uGhPmWPTFe8.jpg,Suillus,Inocybe,False,0.30727043747901917,0.004061999999976251,ResNet18,test
data/processed/test\Suillus\153_iWtEXcs9CUw.jpg,Suillus,Lactarius,False,0.5251114964485168,0.004070300004968885,ResNet18,test
data/processed/test\Suillus\159_8OhWm5aBdYo.jpg,Suillus,Russula,False,0.655316174030304,0.004273999998986255,ResNet18,test
data/processed/test\Suillus\174_G_tZXZc2BS8.jpg,Suillus,Russula,False,0.41308629512786865,0.004236000000673812,ResNet18,test
data/processed/test\Suillus\186_Zx-rs9g1O2M.jpg,Suillus,Boletus,False,0.31773683428764343,0.004309500000090338,ResNet18,test
data/processed/test\Suillus\187_rbfGR0jzf1M.jpg,Suillus,Suillus,True,0.4378657341003418,0.0041292999958386645,ResNet18,test
data/processed/test\Suillus\195_4bcpABEJmZ0.jpg,Suillus,Cortinarius,False,0.3706740438938141,0.004486899997573346,ResNet18,test
data/processed/test\Suillus\197_0xmjWv0BbOU.jpg,Suillus,Lactarius,False,0.5314428210258484,0.004526400000031572,ResNet18,test
data/processed/test\Suillus\209_7dBOxsmYgEg.jpg,Suillus,Boletus,False,0.8535977602005005,0.004251000005751848,ResNet18,test
data/processed/test\Suillus\217_ZAXchPHjhcE.jpg,Suillus,Suillus,True,0.45431679487228394,0.004101200000150129,ResNet18,test
data/processed/test\Suillus\228_LjjB-u2A1pU.jpg,Suillus,Boletus,False,0.47028258442878723,0.004288600001018494,ResNet18,test
data/processed/test\Suillus\239_pLvnF05ewak.jpg,Suillus,Boletus,False,0.4738646149635315,0.004367299996374641,ResNet18,test
data/processed/test\Suillus\246_dDYtt6MpmiI.jpg,Suillus,Boletus,False,0.9189375638961792,0.004266700001608115,ResNet18,test
data/processed/test\Suillus\255_9-ELp1gnP9Q.jpg,Suillus,Lactarius,False,0.6205636262893677,0.00428920000558719,ResNet18,test
data/processed/test\Suillus\286_3SyGqemn_aQ.jpg,Suillus,Lactarius,False,0.5664642453193665,0.004215100001601968,ResNet18,test
data/processed/test\Suillus\287_uBlS4Qgx1HQ.jpg,Suillus,Lactarius,False,0.30317047238349915,0.0043187999981455505,ResNet18,test
data/processed/test\Suillus\289_BYUT_xNeNAg.jpg,Suillus,Russula,False,0.5488213300704956,0.004216599998471793,ResNet18,test
data/processed/test\Suillus\293_zL8A0olEfaA.jpg,Suillus,Lactarius,False,0.7578371167182922,0.00408400000014808,ResNet18,test
data/processed/test\Suillus\294_BX6ekzpPLto.jpg,Suillus,Inocybe,False,0.6069551110267639,0.004070000002684537,ResNet18,test
data/processed/test\Suillus\302_C8yj39nTbnM.jpg,Suillus,Lactarius,False,0.31959494948387146,0.004287899995688349,ResNet18,test
data/processed/test\Suillus\324_nslhbQyQ1Gk.jpg,Suillus,Lactarius,False,0.27166345715522766,0.004163800003880169,ResNet18,test
