image_path,true_label,predicted_label,correct,confidence,inference_time_sec,model_name,split
data/processed/test\Agaricus\003_4AurAO4Jil8.jpg,Agaricus,Amanita,False,0.2937853634357452,0.02738529999624,BaselineCNN,test
data/processed/test\Agaricus\014_DU4RE5bim5A.jpg,Agaricus,Amanita,False,0.9975759387016296,0.0150177000032272,BaselineCNN,test
data/processed/test\Agaricus\016_qNYODERZEms.jpg,Agaricus,Russula,False,0.8700361251831055,0.009890399989672,BaselineCNN,test
data/processed/test\Agaricus\019_aaTsKm7exKE.jpg,Agaricus,Lactarius,False,0.4976244866847992,0.00896439999633,BaselineCNN,test
data/processed/test\Agaricus\020_vZJfrjIwmqU.jpg,Agaricus,Agaricus,True,0.3730854988098144,0.0109677000000374,BaselineCNN,test
data/processed/test\Agaricus\029_ZksYQQBGVIg.jpg,Agaricus,Cortinarius,False,0.6402633786201477,0.0150240999937523,BaselineCNN,test
data/processed/test\Agaricus\048_iC9glWRw_EM.jpg,Agaricus,Agaricus,True,0.99889874458313,0.0091871000040555,BaselineCNN,test
data/processed/test\Agaricus\052_z7PpmpKIPU4.jpg,Agaricus,Agaricus,True,0.9160431027412416,0.011446500007878,BaselineCNN,test
data/processed/test\Agaricus\055_Cggc3hvlPfg.jpg,Agaricus,Agaricus,True,0.6198079586029053,0.0210963999998057,BaselineCNN,test
data/processed/test\Agaricus\057_n1EFvW3JrYo.jpg,Agaricus,Exidia,False,0.4966496229171753,0.0080730999907245,BaselineCNN,test
data/processed/test\Agaricus\063_Fa4IMCTXq04.jpg,Agaricus,Agaricus,True,0.9237260222434998,0.0092393000086303,BaselineCNN,test
data/processed/test\Agaricus\069_W-jISbXJon8.jpg,Agaricus,Cortinarius,False,0.4984895586967468,0.0119735000043874,BaselineCNN,test
data/processed/test\Agaricus\075_osC0agHm9UY.jpg,Agaricus,Agaricus,True,0.692423939704895,0.008093699987512,BaselineCNN,test
data/processed/test\Agaricus\083_mx9HfmWGwWo.jpg,Agaricus,Lactarius,False,0.932833194732666,0.0084643000009236,BaselineCNN,test
data/processed/test\Agaricus\091_3BEGnmvAiRw.jpg,Agaricus,Inocybe,False,0.8047255277633667,0.0088500999991083,BaselineCNN,test
data/processed/test\Agaricus\093_Bz-kiIMN6EA.jpg,Agaricus,Lactarius,False,0.7944731712341309,0.0124846999970031,BaselineCNN,test
data/processed/test\Agaricus\115_Jd1nw0g-Z5c.jpg,Agaricus,Cortinarius,False,0.8049973845481873,0.0067201000056229,BaselineCNN,test
data/processed/test\Agaricus\127_5z4-vDJFDS8.jpg,Agaricus,Agaricus,True,0.6069635152816772,0.0084971000032965,BaselineCNN,test
data/processed/test\Agaricus\128_iITC2t8k-ao.jpg,Agaricus,Lactarius,False,0.616899311542511,0.0096063999953912,BaselineCNN,test
data/processed/test\Agaricus\129_E1FD01dZMiw.jpg,Agaricus,Cortinarius,False,0.5360633134841919,0.0037046000070404,BaselineCNN,test
data/processed/test\Agaricus\131_YrsaHYXAieo.jpg,Agaricus,Cortinarius,False,0.9799796342849731,0.0041391999984625,BaselineCNN,test
data/processed/test\Agaricus\141_099PmS-9Xww.jpg,Agaricus,Agaricus,True,0.9569809436798096,0.004174800007604,BaselineCNN,test
data/processed/test\Agaricus\147_eDN4yYIkeAs.jpg,Agaricus,Agaricus,True,0.9999427795410156,0.0051019999955315,BaselineCNN,test
data/processed/test\Agaricus\162_19HDdc3YjRs.jpg,Agaricus,Russula,False,0.8893018364906311,0.0043802000000141,BaselineCNN,test
data/processed/test\Agaricus\169_qqgFJZ8Zt4g.jpg,Agaricus,Lactarius,False,0.8403946757316589,0.0027329000004101,BaselineCNN,test
data/processed/test\Agaricus\171_wN-s2yo8YTs.jpg,Agaricus,Russula,False,0.6147016882896423,0.0041941000090446,BaselineCNN,test
data/processed/test\Agaricus\179_jfF8TJ9ZlvU.jpg,Agaricus,Russula,False,0.9403626918792723,0.0029025000112596,BaselineCNN,test
data/processed/test\Agaricus\206_W3JvSvV8oF8.jpg,Agaricus,Lactarius,False,0.4952300190925598,0.0029376999882515,BaselineCNN,test
data/processed/test\Agaricus\211_2k-2vImOD5g.jpg,Agaricus,Inocybe,False,0.7940077781677246,0.0025197999930242,BaselineCNN,test
data/processed/test\Agaricus\213_o8ynZBRKBSE.jpg,Agaricus,Boletus,False,0.8097459077835083,0.0024446000024909,BaselineCNN,test
data/processed/test\Agaricus\226_0du5e8k_cCA.jpg,Agaricus,Russula,False,0.8124719262123108,0.0043619999923976,BaselineCNN,test
data/processed/test\Agaricus\228_2SjHadDRW6o.jpg,Agaricus,Lactarius,False,0.3728944957256317,0.0050977000064449,BaselineCNN,test
data/processed/test\Agaricus\237_y2JGdND-zxI.jpg,Agaricus,Boletus,False,0.8499152064323425,0.0036117999989073,BaselineCNN,test
data/processed/test\Agaricus\238_I1p90MwfEEw.jpg,Agaricus,Amanita,False,0.951336681842804,0.0045212999975774,BaselineCNN,test
data/processed/test\Agaricus\270_Js1q2S-fR_Y.jpg,Agaricus,Agaricus,True,0.7857720255851746,0.0037407999916467,BaselineCNN,test
data/processed/test\Agaricus\272_r-A9DMTwWoM.jpg,Agaricus,Russula,False,0.3682912588119507,0.004604300003848,BaselineCNN,test
data/processed/test\Agaricus\294_kPCOGW3Y_Ak.jpg,Agaricus,Amanita,False,0.6197471618652344,0.0055132999987108,BaselineCNN,test
data/processed/test\Agaricus\300_VSw-oPLasfg.jpg,Agaricus,Entoloma,False,0.904402196407318,0.0050715999968815,BaselineCNN,test
data/processed/test\Agaricus\323_5Es9oQ3LeGk.jpg,Agaricus,Cortinarius,False,0.9999793767929076,0.002923499996541,BaselineCNN,test
data/processed/test\Agaricus\349_Euf9XZEVTMc.jpg,Agaricus,Cortinarius,False,0.9675313234329224,0.0028510999982245,BaselineCNN,test
data/processed/test\Agaricus\354_VP-DWvLyI3w.jpg,Agaricus,Lactarius,False,0.3599422872066498,0.0045939999981783,BaselineCNN,test
data/processed/test\Agaricus\357__w_XUQZMZEw.jpg,Agaricus,Agaricus,True,0.9999891519546508,0.0042669999966165,BaselineCNN,test
data/processed/test\Agaricus\366_XEI1sAQds7w.jpg,Agaricus,Agaricus,True,0.9955140948295592,0.0028577000048244,BaselineCNN,test
data/processed/test\Agaricus\374_Xap1L15Z8BM.jpg,Agaricus,Entoloma,False,0.9371818900108336,0.0047154000058071,BaselineCNN,test
data/processed/test\Agaricus\384_T_p5cKpLpsc.jpg,Agaricus,Agaricus,True,0.7974218726158142,0.004599899999448,BaselineCNN,test
data/processed/test\Agaricus\385_iwfhPs4irjk.jpg,Agaricus,Amanita,False,0.8265133500099182,0.0029085999995004,BaselineCNN,test
data/processed/test\Agaricus\391_N7A0y7CgOA0.jpg,Agaricus,Amanita,False,0.3750470876693725,0.0026526000001467,BaselineCNN,test
data/processed/test\Agaricus\392_QXsLZMnBIt0.jpg,Agaricus,Lactarius,False,0.4559627771377563,0.0045814000040991,BaselineCNN,test
data/processed/test\Agaricus\411_egeAEeL40Lc.jpg,Agaricus,Cortinarius,False,0.8041541576385498,0.0050008999969577,BaselineCNN,test
data/processed/test\Agaricus\413_4LTr0R0Dk8o.jpg,Agaricus,Cortinarius,False,0.27884641289711,0.0043806000030599,BaselineCNN,test
data/processed/test\Agaricus\430_IpjdsyrmIzc.jpg,Agaricus,Amanita,False,0.7466749548912048,0.0039935999957378,BaselineCNN,test
data/processed/test\Agaricus\433_XWxLl-zeNQ8.jpg,Agaricus,Amanita,False,0.8848843574523926,0.0040960000042105,BaselineCNN,test
data/processed/test\Agaricus\438_uTWjQsEXep4.jpg,Agaricus,Amanita,False,0.2245341390371322,0.0043489999952726,BaselineCNN,test
data/processed/test\Agaricus\439_w5uD0w5wrXs.jpg,Agaricus,Russula,False,0.4674237966537475,0.0043095000000903,BaselineCNN,test
data/processed/test\Amanita\004_wIVV5id0aOg.jpg,Amanita,Exidia,False,0.3541040122509002,0.004090400005225,BaselineCNN,test
data/processed/test\Amanita\010_Ji4N7IDyRKY.jpg,Amanita,Amanita,True,0.5974949598312378,0.0048429999878862,BaselineCNN,test
data/processed/test\Amanita\011_DoZoYI2vj20.jpg,Amanita,Russula,False,0.9981589913368224,0.0023756000009598,BaselineCNN,test
data/processed/test\Amanita\026_8kxG9731_4w.jpg,Amanita,Agaricus,False,0.3453688621520996,0.0041292000096291,BaselineCNN,test
data/processed/test\Amanita\027_i47VTXypFTE.jpg,Amanita,Boletus,False,0.9939842820167542,0.0039954000094439,BaselineCNN,test
data/processed/test\Amanita\038_VKaJLTO8zZU.jpg,Amanita,Lactarius,False,0.5550438761711121,0.002474599998095,BaselineCNN,test
data/processed/test\Amanita\041_6n9nhA4C6K8.jpg,Amanita,Russula,False,0.6310206055641174,0.0027873999933945,BaselineCNN,test
data/processed/test\Amanita\042_aqfiTPuiGHo.jpg,Amanita,Boletus,False,0.2676786482334137,0.0027501000004122,BaselineCNN,test
data/processed/test\Amanita\044_BvKKMmJ6Nfo.jpg,Amanita,Russula,False,0.9498816132545472,0.0024666000099387,BaselineCNN,test
data/processed/test\Amanita\048_3CAOSWVxhe0.jpg,Amanita,Cortinarius,False,0.7894309759140015,0.0024676999892108,BaselineCNN,test
data/processed/test\Amanita\055_riJalDjBcnI.jpg,Amanita,Boletus,False,0.7451983690261841,0.0026326000079279,BaselineCNN,test
data/processed/test\Amanita\075_3gL0KWhOrbs.jpg,Amanita,Entoloma,False,0.4818924963474273,0.0024654000008013,BaselineCNN,test
data/processed/test\Amanita\081_C-pQjIw3h7M.jpg,Amanita,Boletus,False,0.4591387808322906,0.0024982000031741,BaselineCNN,test
data/processed/test\Amanita\083_GAJUFRatKvg.jpg,Amanita,Lactarius,False,0.7803221344947815,0.0024494000099366,BaselineCNN,test
data/processed/test\Amanita\101_m1QUT_IvswY.jpg,Amanita,Amanita,True,0.7534268498420715,0.0023895999911474,BaselineCNN,test
data/processed/test\Amanita\109_mApfQHzHo0k.jpg,Amanita,Lactarius,False,0.4707196354866028,0.0026201000000583,BaselineCNN,test
data/processed/test\Amanita\112_v5maqRj9Z_w.jpg,Amanita,Lactarius,False,0.4826253652572632,0.002492900006473,BaselineCNN,test
data/processed/test\Amanita\113_Ssk7arItOnk.jpg,Amanita,Lactarius,False,0.9661617875099182,0.0023841999936848,BaselineCNN,test
data/processed/test\Amanita\116_V-662GMGI6U.jpg,Amanita,Cortinarius,False,0.4396695792675018,0.0024636999878566,BaselineCNN,test
data/processed/test\Amanita\117_2i4Ly-hB5rY.jpg,Amanita,Amanita,True,0.994208574295044,0.0027696000033756,BaselineCNN,test
data/processed/test\Amanita\121_0mE3kiyOk4k.jpg,Amanita,Boletus,False,0.7657796740531921,0.0025012999976752,BaselineCNN,test
data/processed/test\Amanita\125_jnNJwiuIHj0.jpg,Amanita,Amanita,True,0.9768375158309937,0.0027214000001549,BaselineCNN,test
data/processed/test\Amanita\138_kCA0Zae2KX0.jpg,Amanita,Amanita,True,0.7257055640220642,0.0024685999960638,BaselineCNN,test
data/processed/test\Amanita\141_zaaLqAyIHuQ.jpg,Amanita,Lactarius,False,0.3904707729816437,0.002815300002112,BaselineCNN,test
data/processed/test\Amanita\143_ZpRWUcr7GhA.jpg,Amanita,Lactarius,False,0.7130836844444275,0.0033661999914329,BaselineCNN,test
data/processed/test\Amanita\145_2JCprUI2Ugw.jpg,Amanita,Russula,False,0.7787801027297974,0.0024782000109553,BaselineCNN,test
data/processed/test\Amanita\159_majDHo2IG8U.jpg,Amanita,Amanita,True,0.6080313920974731,0.0027938999992329,BaselineCNN,test
data/processed/test\Amanita\160_2Xs6Ueh19D4.jpg,Amanita,Lactarius,False,0.92774498462677,0.0024122999893734,BaselineCNN,test
data/processed/test\Amanita\166_wCNIOK2FS_U.jpg,Amanita,Agaricus,False,0.656944990158081,0.0027246999961789,BaselineCNN,test
data/processed/test\Amanita\167_oTHBDUWfBxA.jpg,Amanita,Lactarius,False,0.5679420828819275,0.002830500001437,BaselineCNN,test
data/processed/test\Amanita\169_ODaDqR_tlG0.jpg,Amanita,Russula,False,0.99919456243515,0.002442199998768,BaselineCNN,test
data/processed/test\Amanita\171_6GMgYtjBa8k.jpg,Amanita,Amanita,True,0.7345403432846069,0.0028058000025339,BaselineCNN,test
data/processed/test\Amanita\173_jqvVZF8AWxg.jpg,Amanita,Agaricus,False,0.9815239310264589,0.0027546000055735,BaselineCNN,test
data/processed/test\Amanita\175_wCfYH50cXu8.jpg,Amanita,Russula,False,0.9965081810951232,0.002500599992345,BaselineCNN,test
data/processed/test\Amanita\192_uQQGhgvOkTI.jpg,Amanita,Cortinarius,False,0.8739486932754517,0.0027626999944914,BaselineCNN,test
data/processed/test\Amanita\194__2kBAgeqxZc.jpg,Amanita,Amanita,True,0.9328855872154236,0.0026184000016655,BaselineCNN,test
data/processed/test\Amanita\208_EvpNOUGmeVI.jpg,Amanita,Lactarius,False,0.9805035591125488,0.0027474999951664,BaselineCNN,test
data/processed/test\Amanita\215_XXWsMnFz1MI.jpg,Amanita,Amanita,True,0.9914513230323792,0.0028506999951787,BaselineCNN,test
data/processed/test\Amanita\219_d2on0Kw19Ds.jpg,Amanita,Amanita,True,0.5699054598808289,0.0024868000036804,BaselineCNN,test
data/processed/test\Amanita\226_zzTeEGVX8nY.jpg,Amanita,Russula,False,0.7506557703018188,0.002796099986881,BaselineCNN,test
data/processed/test\Amanita\229_AAkARuMGR0c.jpg,Amanita,Amanita,True,0.8332442045211792,0.0028535000019473,BaselineCNN,test
data/processed/test\Amanita\238_7M5xzSG_g_A.jpg,Amanita,Amanita,True,0.999556005001068,0.0028293000068515,BaselineCNN,test
data/processed/test\Amanita\239_m__Mvvi_6yk.jpg,Amanita,Amanita,True,0.9933990240097046,0.0028203999972902,BaselineCNN,test
data/processed/test\Amanita\245_hJy0oklu5jA.jpg,Amanita,Entoloma,False,0.6852155327796936,0.0027552999963518,BaselineCNN,test
data/processed/test\Amanita\254_Lyi3XcTltRs.jpg,Amanita,Russula,False,0.6531599164009094,0.0028157000051578,BaselineCNN,test
data/processed/test\Amanita\262_lkxMPar_qU4.jpg,Amanita,Lactarius,False,0.298726350069046,0.0024695000029169,BaselineCNN,test
data/processed/test\Amanita\266_1lFPzGUJdrw.jpg,Amanita,Cortinarius,False,0.4870031177997589,0.0027913999947486,BaselineCNN,test
data/processed/test\Amanita\267_Jv9rb_uZxxM.jpg,Amanita,Amanita,True,0.913315773010254,0.0024525000044377,BaselineCNN,test
data/processed/test\Amanita\269_y7diE9hqyqg.jpg,Amanita,Cortinarius,False,0.9834842085838318,0.0025860000023385,BaselineCNN,test
data/processed/test\Amanita\280_kmvGIrteUEU.jpg,Amanita,Amanita,True,0.9698216319084167,0.0025523000076645,BaselineCNN,test
data/processed/test\Amanita\283_A61Fv-WuOIQ.jpg,Amanita,Entoloma,False,0.8881776928901672,0.0026132999919354,BaselineCNN,test
data/processed/test\Amanita\284_hjYnEPCzZWs.jpg,Amanita,Boletus,False,0.9288029074668884,0.00248979999742,BaselineCNN,test
data/processed/test\Amanita\286_akbOrg8qrWc.jpg,Amanita,Amanita,True,0.9330118894577026,0.0024947999918367,BaselineCNN,test
data/processed/test\Amanita\291_8IJ4_ANpJLg.jpg,Amanita,Boletus,False,0.506615936756134,0.0027944999892497,BaselineCNN,test
data/processed/test\Amanita\296_sKFU2MHCmQI.jpg,Amanita,Boletus,False,0.9869965314865112,0.0025107000110438,BaselineCNN,test
data/processed/test\Amanita\301_arWVKBAl1xg.jpg,Amanita,Lactarius,False,0.5257143378257751,0.0024372999905608,BaselineCNN,test
data/processed/test\Amanita\304_fF9sgw_cuPo.jpg,Amanita,Lactarius,False,0.8596125245094299,0.0027734999894164,BaselineCNN,test
data/processed/test\Amanita\319_VSiBPtwZDwM.jpg,Amanita,Russula,False,0.5001433491706848,0.0027145000058226,BaselineCNN,test
data/processed/test\Amanita\323_sgZnWNFTFFc.jpg,Amanita,Boletus,False,0.9962245225906372,0.002409799999441,BaselineCNN,test
data/processed/test\Amanita\326_q3-8lXVmcVM.jpg,Amanita,Boletus,False,0.9632146954536438,0.0028080999909434,BaselineCNN,test
data/processed/test\Amanita\329_jpdnrnOYvm8.jpg,Amanita,Boletus,False,0.7343280911445618,0.0023877999919932,BaselineCNN,test
data/processed/test\Amanita\354_HFiOZg6IOL8.jpg,Amanita,Russula,False,0.9331302642822266,0.0024617000017315,BaselineCNN,test
data/processed/test\Amanita\355_e0Y8jDjEmzs.jpg,Amanita,Cortinarius,False,0.9476476311683656,0.0024941000010585,BaselineCNN,test
data/processed/test\Amanita\366_zzsJUWaNdxg.jpg,Amanita,Amanita,True,0.954059600830078,0.0024680999922566,BaselineCNN,test
data/processed/test\Amanita\372_5SYWecQTaKc.jpg,Amanita,Russula,False,0.9849900007247924,0.0024488000053679,BaselineCNN,test
data/processed/test\Amanita\373_YmenYH0HVC0.jpg,Amanita,Entoloma,False,0.4501869082450866,0.0024683000083314,BaselineCNN,test
data/processed/test\Amanita\377_qiZKoEIbfFk.jpg,Amanita,Suillus,False,0.4755899608135223,0.0024840999976731,BaselineCNN,test
data/processed/test\Amanita\381_t_eyYyXYB1k.jpg,Amanita,Cortinarius,False,0.7894331216812134,0.0028298999968683,BaselineCNN,test
data/processed/test\Amanita\389_1fQDmvX1jb8.jpg,Amanita,Amanita,True,0.8736093044281006,0.0024643999931868,BaselineCNN,test
data/processed/test\Amanita\395_tL3vBGNvjeI.jpg,Amanita,Amanita,True,0.5817927718162537,0.0026243000029353,BaselineCNN,test
data/processed/test\Amanita\408_Jn439YAL3hs.jpg,Amanita,Amanita,True,0.937128245830536,0.00279369999771,BaselineCNN,test
data/processed/test\Amanita\433_mzRZXazhvVU.jpg,Amanita,Amanita,True,0.4116672873497009,0.0024590999964857,BaselineCNN,test
data/processed/test\Amanita\438_gh-zSGziyQ4.jpg,Amanita,Russula,False,0.5302554965019226,0.0027663000073516,BaselineCNN,test
data/processed/test\Amanita\439_fP_ozmLLhb8.jpg,Amanita,Agaricus,False,0.9605036973953248,0.0027983000036329,BaselineCNN,test
data/processed/test\Amanita\451_V0quFnk9NFA.jpg,Amanita,Russula,False,0.914881706237793,0.0024456999963149,BaselineCNN,test
data/processed/test\Amanita\455_noEYaXjdZno.jpg,Amanita,Amanita,True,0.6171064376831055,0.0025944999943021,BaselineCNN,test
data/processed/test\Amanita\458_5BlPufQsqww.jpg,Amanita,Russula,False,0.4644464552402496,0.002788199999486,BaselineCNN,test
data/processed/test\Amanita\466_wUxyOxsT5Xc.jpg,Amanita,Amanita,True,0.977028787136078,0.002510300007998,BaselineCNN,test
data/processed/test\Amanita\470_Qn8LOp2zdbk.jpg,Amanita,Amanita,True,0.6112909317016602,0.0025042000052053,BaselineCNN,test
data/processed/test\Amanita\488_c9nCQvJtUrI.jpg,Amanita,Boletus,False,0.931387722492218,0.0025940000050468,BaselineCNN,test
data/processed/test\Amanita\490_GiCnvGBmknM.jpg,Amanita,Lactarius,False,0.920792043209076,0.0025125000101979,BaselineCNN,test
data/processed/test\Amanita\500_goYWhHd_SfA.jpg,Amanita,Agaricus,False,0.9432451128959656,0.0024396000080741,BaselineCNN,test
data/processed/test\Amanita\520_7tXL64TQTpg.jpg,Amanita,Amanita,True,0.9950908422470092,0.0024667000107001,BaselineCNN,test
data/processed/test\Amanita\537_5FMMhBffQ9Y.jpg,Amanita,Boletus,False,0.5784882307052612,0.0024488999915774,BaselineCNN,test
data/processed/test\Amanita\538_EwaPkcP6eTM.jpg,Amanita,Amanita,True,0.9985733032226562,0.0024377000081585,BaselineCNN,test
data/processed/test\Amanita\561_E5bsDlNUJ-Y.jpg,Amanita,Boletus,False,0.999756157398224,0.0028808999923057,BaselineCNN,test
data/processed/test\Amanita\571_l1hoa0Kgm0U.jpg,Amanita,Amanita,True,0.6028690934181213,0.002439099989715,BaselineCNN,test
data/processed/test\Amanita\577_XqZEGat0kl8.jpg,Amanita,Russula,False,0.7724276185035706,0.00279810000211,BaselineCNN,test
data/processed/test\Amanita\579_PS9igVuOoHE.jpg,Amanita,Amanita,True,0.847057580947876,0.0028204999980516,BaselineCNN,test
data/processed/test\Amanita\586_kLoafsSiyT8.jpg,Amanita,Amanita,True,0.9431450963020324,0.002497299996321,BaselineCNN,test
data/processed/test\Amanita\587_4e3oJGC88kg.jpg,Amanita,Amanita,True,0.9965369701385498,0.00273219999508,BaselineCNN,test
data/processed/test\Amanita\588_bh0TgHuuQ-g.jpg,Amanita,Agaricus,False,0.5405371785163879,0.0025708000030135,BaselineCNN,test
data/processed/test\Amanita\589_AnaL5Wx-reY.jpg,Amanita,Agaricus,False,0.993727445602417,0.0028357999981381,BaselineCNN,test
data/processed/test\Amanita\596_TzXaLH4_GW0.jpg,Amanita,Agaricus,False,0.5528920888900757,0.0024718999920878,BaselineCNN,test
data/processed/test\Amanita\597_t_LN8-XruiI.jpg,Amanita,Lactarius,False,0.951254665851593,0.0025839000009,BaselineCNN,test
data/processed/test\Amanita\600_jgKLD8sC_v4.jpg,Amanita,Lactarius,False,0.7902697920799255,0.003188599992427,BaselineCNN,test
data/processed/test\Amanita\620_JDQSDCTyXyg.jpg,Amanita,Amanita,True,0.9992885589599608,0.0027908000047318,BaselineCNN,test
data/processed/test\Amanita\646_zBDcRvL_RyM.jpg,Amanita,Entoloma,False,0.7086121439933777,0.0028566999972099,BaselineCNN,test
data/processed/test\Amanita\654_vhjqe9X5eec.jpg,Amanita,Russula,False,0.366574764251709,0.0025131000002147,BaselineCNN,test
data/processed/test\Amanita\664_AXOuF6j3tyo.jpg,Amanita,Lactarius,False,0.5689398050308228,0.0028763000009348,BaselineCNN,test
data/processed/test\Amanita\665_PrGfCOsVu8Y.jpg,Amanita,Lactarius,False,0.2761689722537994,0.0028554999880725,BaselineCNN,test
data/processed/test\Amanita\679_cIMzCCYdG38.jpg,Amanita,Exidia,False,0.6888678073883057,0.0025081999920075,BaselineCNN,test
data/processed/test\Amanita\682_B3EZBbmcFBE.jpg,Amanita,Agaricus,False,0.7150852084159851,0.0026014000031864,BaselineCNN,test
data/processed/test\Amanita\702_sR0HQkA_gkA.jpg,Amanita,Lactarius,False,0.9749797582626344,0.0024892000074032,BaselineCNN,test
data/processed/test\Amanita\713_znBkCzCEi-g.jpg,Amanita,Cortinarius,False,0.6844210624694824,0.0025922000058926,BaselineCNN,test
data/processed/test\Amanita\717_vlDmzuYG5og.jpg,Amanita,Inocybe,False,0.8124833703041077,0.002841100009391,BaselineCNN,test
data/processed/test\Amanita\739_t_b-1IKUbgE.jpg,Amanita,Boletus,False,0.7524825930595398,0.0029467999993357,BaselineCNN,test
data/processed/test\Amanita\742_j3CNLlK7ISo.jpg,Amanita,Amanita,True,0.9862289428710938,0.0029366000089794,BaselineCNN,test
data/processed/test\Amanita\746_Dh_6IpygI6I.jpg,Amanita,Cortinarius,False,0.5948036909103394,0.003576700008125,BaselineCNN,test
data/processed/test\Amanita\754_rDpMYIR-sFE.jpg,Amanita,Lactarius,False,0.9648283123970032,0.0025160999939544,BaselineCNN,test
data/processed/test\Amanita\756_w-xhasvBIT0.jpg,Amanita,Amanita,True,0.5801919102668762,0.0029465999978128,BaselineCNN,test
data/processed/test\Amanita\773_3H-0yRwiu6Y.jpg,Amanita,Russula,False,0.9950886368751526,0.0051172999956179,BaselineCNN,test
data/processed/test\Amanita\787_V5x9WHxsoqE.jpg,Amanita,Lactarius,False,0.7458954453468323,0.0046585000090999,BaselineCNN,test
data/processed/test\Boletus\0009_2hEUS66s6Gw.jpg,Boletus,Boletus,True,0.9999991655349731,0.002749200008111,BaselineCNN,test
data/processed/test\Boletus\0010_7M6YHrGZ3aM.jpg,Boletus,Cortinarius,False,0.5026692152023315,0.0027316999912727,BaselineCNN,test
data/processed/test\Boletus\0023_JAAEdifq1MY.jpg,Boletus,Cortinarius,False,0.7166539430618286,0.0024852000060491,BaselineCNN,test
data/processed/test\Boletus\0032_Sl_iMoAAJyU.jpg,Boletus,Boletus,True,0.9962204098701476,0.0025024999922607,BaselineCNN,test
data/processed/test\Boletus\0048_wGU2ETPlfqY.jpg,Boletus,Boletus,True,0.9999964237213136,0.0025044000067282,BaselineCNN,test
data/processed/test\Boletus\0051_rBIC-Uy9KzI.jpg,Boletus,Russula,False,0.6395924687385559,0.0024757999926805,BaselineCNN,test
data/processed/test\Boletus\0058_djB8UbX-XaU.jpg,Boletus,Amanita,False,0.830359160900116,0.0028516000020317,BaselineCNN,test
data/processed/test\Boletus\0060_ph1tt9Qik4Q.jpg,Boletus,Amanita,False,0.5681636333465576,0.0024683999945409,BaselineCNN,test
data/processed/test\Boletus\0074_-d_w6u6G7wA.jpg,Boletus,Boletus,True,0.5967716574668884,0.0028426999924704,BaselineCNN,test
data/processed/test\Boletus\0076_yMZR41Idcn0.jpg,Boletus,Boletus,True,0.942652940750122,0.0025104999949689,BaselineCNN,test
data/processed/test\Boletus\0081_Jy-UUrFwLMA.jpg,Boletus,Boletus,True,0.8631898164749146,0.0025261999981012,BaselineCNN,test
data/processed/test\Boletus\0090_PCyZBE7zH28.jpg,Boletus,Lactarius,False,0.6651321649551392,0.002509199999622,BaselineCNN,test
data/processed/test\Boletus\0100_Um24DDdxtxY.jpg,Boletus,Boletus,True,0.8229721784591675,0.0024677000037627,BaselineCNN,test
data/processed/test\Boletus\0110_A_F3PAXmwBw.jpg,Boletus,Lactarius,False,0.6649177074432373,0.0037002000026404,BaselineCNN,test
data/processed/test\Boletus\0142_osp5FSuBFx4.jpg,Boletus,Boletus,True,0.9909782409667968,0.0043486999929882,BaselineCNN,test
data/processed/test\Boletus\0148_GWuEw2WeFCY.jpg,Boletus,Boletus,True,0.8223098516464233,0.0024800000101095,BaselineCNN,test
data/processed/test\Boletus\0151_8qA6XqDaO10.jpg,Boletus,Lactarius,False,0.7439043521881104,0.0028285000007599,BaselineCNN,test
data/processed/test\Boletus\0155_cfBPq0uvW7U.jpg,Boletus,Russula,False,0.435868889093399,0.0027307999989716,BaselineCNN,test
data/processed/test\Boletus\0163_288vPbTy0u0.jpg,Boletus,Inocybe,False,0.384846031665802,0.002498599991668,BaselineCNN,test
data/processed/test\Boletus\0166_JjEOuNKkeSM.jpg,Boletus,Boletus,True,0.9937830567359924,0.0024313000030815,BaselineCNN,test
data/processed/test\Boletus\0176_J7Pq7LRCag0.jpg,Boletus,Boletus,True,0.9892269372940063,0.0024874999944586,BaselineCNN,test
data/processed/test\Boletus\0181_WPxAHfkr5nY.jpg,Boletus,Boletus,True,0.9965866804122924,0.0023922999971546,BaselineCNN,test
data/processed/test\Boletus\0186_8hd4Jt8Z_XU.jpg,Boletus,Cortinarius,False,0.8626212477684021,0.0024990999954752,BaselineCNN,test
data/processed/test\Boletus\0187__pRX2ASfyHE.jpg,Boletus,Boletus,True,0.981319546699524,0.0028134000021964,BaselineCNN,test
data/processed/test\Boletus\0196_uqGMdVItBRg.jpg,Boletus,Boletus,True,0.9999995231628418,0.0024620000040158,BaselineCNN,test
data/processed/test\Boletus\0203_9fok2txolHA.jpg,Boletus,Cortinarius,False,0.5169364809989929,0.0024871999921742,BaselineCNN,test
data/processed/test\Boletus\0205_qoM5hQot18c.jpg,Boletus,Boletus,True,0.7096895575523376,0.0024522000021534,BaselineCNN,test
data/processed/test\Boletus\0206_TyUG66hONcc.jpg,Boletus,Boletus,True,0.4726296365261078,0.0027673000004142,BaselineCNN,test
data/processed/test\Boletus\0207_oXbD8i2vkVg.jpg,Boletus,Lactarius,False,0.8608748316764832,0.0028058999887434,BaselineCNN,test
data/processed/test\Boletus\0227_j49x_C5p-CU.jpg,Boletus,Boletus,True,0.997197151184082,0.0024642000062158,BaselineCNN,test
data/processed/test\Boletus\0238_qz-FM7SB6M0.jpg,Boletus,Boletus,True,0.999958872795105,0.0027923000016016,BaselineCNN,test
data/processed/test\Boletus\0240_VJBB4bFGy00.jpg,Boletus,Boletus,True,0.9996906518936156,0.0024930000072345,BaselineCNN,test
data/processed/test\Boletus\0245_M167aLbLgs8.jpg,Boletus,Boletus,True,0.9993273019790648,0.0024160999892046,BaselineCNN,test
data/processed/test\Boletus\0249_50wVqwSNvhw.jpg,Boletus,Boletus,True,0.9973160624504088,0.0024490999931003,BaselineCNN,test
data/processed/test\Boletus\0253_g1jTDCR3Zu4.jpg,Boletus,Boletus,True,0.7948386073112488,0.0028077000024495,BaselineCNN,test
data/processed/test\Boletus\0259_RjpNYKf3Zag.jpg,Boletus,Amanita,False,0.8311032652854919,0.0028229000017745,BaselineCNN,test
data/processed/test\Boletus\0261_Dag-SrdgNL4.jpg,Boletus,Boletus,True,0.9996784925460817,0.0026658999995561,BaselineCNN,test
data/processed/test\Boletus\0263_nUgkvTMYYa4.jpg,Boletus,Boletus,True,0.9953938722610474,0.0024455000093439,BaselineCNN,test
data/processed/test\Boletus\0264_47xi69ImS58.jpg,Boletus,Boletus,True,0.999931812286377,0.0025026999937836,BaselineCNN,test
data/processed/test\Boletus\0285_5r1D03ayo_A.jpg,Boletus,Boletus,True,0.9995262622833252,0.0025541000068187,BaselineCNN,test
data/processed/test\Boletus\0297_Q4fwdJ_9PxA.jpg,Boletus,Boletus,True,0.9999991655349731,0.0024988999939523,BaselineCNN,test
data/processed/test\Boletus\0298_01Q7PUhybdQ.jpg,Boletus,Boletus,True,0.827454149723053,0.0027464000013424,BaselineCNN,test
data/processed/test\Boletus\0299_Ue9AxhqQqyc.jpg,Boletus,Boletus,True,0.9999387264251708,0.0027938000130234,BaselineCNN,test
data/processed/test\Boletus\0304_7bLIdSVgaIM.jpg,Boletus,Boletus,True,0.9999738931655884,0.002504800009774,BaselineCNN,test
data/processed/test\Boletus\0306_64D0ZnNktPM.jpg,Boletus,Boletus,True,0.9997863173484802,0.0024956000124802,BaselineCNN,test
data/processed/test\Boletus\0310__tra6Lo5W9Q.jpg,Boletus,Boletus,True,0.9995030164718628,0.0027151999966008,BaselineCNN,test
data/processed/test\Boletus\0313_UMgAL-_294g.jpg,Boletus,Boletus,True,0.8628574013710022,0.0024554999981774,BaselineCNN,test
data/processed/test\Boletus\0315_TZK9JOYNO7Q.jpg,Boletus,Boletus,True,0.9792361855506896,0.0024927999911597,BaselineCNN,test
data/processed/test\Boletus\0320_Fj4PirBfkK0.jpg,Boletus,Boletus,True,0.9999107122421264,0.0028123000083724,BaselineCNN,test
data/processed/test\Boletus\0336__FEoILXRJaU.jpg,Boletus,Cortinarius,False,0.8361498117446899,0.0024481000000378,BaselineCNN,test
data/processed/test\Boletus\0344_3nzDfs3jlQQ.jpg,Boletus,Boletus,True,0.9996203184127808,0.0024663999938638,BaselineCNN,test
data/processed/test\Boletus\0358_MmNt3oIzcU8.jpg,Boletus,Boletus,True,0.9956973791122437,0.002360900005442,BaselineCNN,test
data/processed/test\Boletus\0365_w3QgqqeP-C8.jpg,Boletus,Boletus,True,0.9934241771697998,0.0023921999963931,BaselineCNN,test
data/processed/test\Boletus\0372_EVEx-OOzR1U.jpg,Boletus,Boletus,True,0.9469037652015686,0.0024986000062199,BaselineCNN,test
data/processed/test\Boletus\0388_M54uL5T9TkM.jpg,Boletus,Boletus,True,0.7040225863456726,0.0024282999947899,BaselineCNN,test
data/processed/test\Boletus\0391_s9Ag92abtK8.jpg,Boletus,Cortinarius,False,0.4539768099784851,0.0025947000103769,BaselineCNN,test
data/processed/test\Boletus\0395_jZFg843mP4g.jpg,Boletus,Boletus,True,0.7231346964836121,0.0025347000046167,BaselineCNN,test
data/processed/test\Boletus\0396_SY7PYfYNq88.jpg,Boletus,Boletus,True,0.9981372356414796,0.0025829999940469,BaselineCNN,test
data/processed/test\Boletus\0398_5b-zJ94MXQk.jpg,Boletus,Boletus,True,0.9999758005142212,0.0024470000062137,BaselineCNN,test
data/processed/test\Boletus\0410_jhaHnXdb-IM.jpg,Boletus,Boletus,True,0.8779901266098022,0.0028553999873111,BaselineCNN,test
data/processed/test\Boletus\0426_LWjQTfRMiXo.jpg,Boletus,Boletus,True,0.9946604371070862,0.0024504000029992,BaselineCNN,test
data/processed/test\Boletus\0439_O6QzBvZavTM.jpg,Boletus,Lactarius,False,0.5636714696884155,0.0028524999943329,BaselineCNN,test
data/processed/test\Boletus\0446_xHS1WNA5GOs.jpg,Boletus,Inocybe,False,0.9524414539337158,0.0026050000014947,BaselineCNN,test
data/processed/test\Boletus\0457_lZNPtp0I8xY.jpg,Boletus,Boletus,True,0.8774417638778687,0.0024553999974159,BaselineCNN,test
data/processed/test\Boletus\0471_lxzgCXnZUlM.jpg,Boletus,Boletus,True,0.4847931861877441,0.0027966000052401,BaselineCNN,test
data/processed/test\Boletus\0473_x9mm3RQN3OQ.jpg,Boletus,Boletus,True,0.9992228746414183,0.0024657000030856,BaselineCNN,test
data/processed/test\Boletus\0476_qTLS2LtmH20.jpg,Boletus,Cortinarius,False,0.4629714787006378,0.0025966999965021,BaselineCNN,test
data/processed/test\Boletus\0478_IqIYZ5z8ZaA.jpg,Boletus,Lactarius,False,0.913040280342102,0.0025314999948022,BaselineCNN,test
data/processed/test\Boletus\0482_bwKqTN52ZY0.jpg,Boletus,Russula,False,0.9878716468811036,0.0025897000014083,BaselineCNN,test
data/processed/test\Boletus\0485_2M-1Jj2XXfU.jpg,Boletus,Boletus,True,0.9997467398643494,0.0024542000028304,BaselineCNN,test
data/processed/test\Boletus\0487_V0mcOZZWsYc.jpg,Boletus,Boletus,True,0.9992213249206544,0.0030963000026531,BaselineCNN,test
data/processed/test\Boletus\0496_oW-MXvWIdeg.jpg,Boletus,Boletus,True,0.9922972321510316,0.0029788999963784,BaselineCNN,test
data/processed/test\Boletus\0501_RcynfiUwksM.jpg,Boletus,Boletus,True,0.907359540462494,0.0025135000032605,BaselineCNN,test
data/processed/test\Boletus\0515_fH8FRrp-Rc4.jpg,Boletus,Boletus,True,0.9990346431732178,0.0025355999969178,BaselineCNN,test
data/processed/test\Boletus\0516_jSgZvx-y_IA.jpg,Boletus,Boletus,True,0.9999983310699464,0.0043882999889319,BaselineCNN,test
data/processed/test\Boletus\0551_xiALBJABq4k.jpg,Boletus,Boletus,True,0.9928513765335084,0.0029504999984055,BaselineCNN,test
data/processed/test\Boletus\0552_Sm0FWjXpCUA.jpg,Boletus,Boletus,True,0.6815872192382812,0.0025273999926866,BaselineCNN,test
data/processed/test\Boletus\0569_DpPGoGLCmxw.jpg,Boletus,Russula,False,0.984002411365509,0.00249199999962,BaselineCNN,test
data/processed/test\Boletus\0590_U1iXqaOG__4.jpg,Boletus,Boletus,True,0.9994282126426696,0.0028655999922193,BaselineCNN,test
data/processed/test\Boletus\0596_1eBgViXIxTo.jpg,Boletus,Boletus,True,0.9997498393058776,0.0025681999977678,BaselineCNN,test
data/processed/test\Boletus\0599_KA0H3vejy08.jpg,Boletus,Boletus,True,0.9999866485595704,0.002516900000046,BaselineCNN,test
data/processed/test\Boletus\0608_iR5VKlchysc.jpg,Boletus,Boletus,True,0.9999935626983644,0.0028463000053307,BaselineCNN,test
data/processed/test\Boletus\0612_8lQr8TbwImc.jpg,Boletus,Boletus,True,0.9238775968551636,0.0025258999958168,BaselineCNN,test
data/processed/test\Boletus\0624_RmlDHXvJUeU.jpg,Boletus,Boletus,True,0.953024685382843,0.0025911999982781,BaselineCNN,test
data/processed/test\Boletus\0631_PJXNFQZc7n8.jpg,Boletus,Boletus,True,0.9696966409683228,0.0025672999909147,BaselineCNN,test
data/processed/test\Boletus\0632_Rc_3hYDbYqU.jpg,Boletus,Boletus,True,0.4234964251518249,0.0028127999976277,BaselineCNN,test
data/processed/test\Boletus\0635_-J_6XTsYZMA.jpg,Boletus,Boletus,True,0.9757758975028992,0.0024678999907337,BaselineCNN,test
data/processed/test\Boletus\0645_l3ki0s-WOCU.jpg,Boletus,Cortinarius,False,0.3789920210838318,0.0028089999977964,BaselineCNN,test
data/processed/test\Boletus\0646_X-9LZJb_Mm8.jpg,Boletus,Lactarius,False,0.6751296520233154,0.0029648000054294,BaselineCNN,test
data/processed/test\Boletus\0654_S0ZETeWMBPU.jpg,Boletus,Cortinarius,False,0.9992478489875792,0.0026652999949874,BaselineCNN,test
data/processed/test\Boletus\0659_r1c48yLOmjA.jpg,Boletus,Boletus,True,0.4917233288288116,0.0026402000075904,BaselineCNN,test
data/processed/test\Boletus\0662_zLAxc0c9R_M.jpg,Boletus,Boletus,True,0.9826573729515076,0.0028999999922234,BaselineCNN,test
data/processed/test\Boletus\0664_aAvZIRDPNUI.jpg,Boletus,Boletus,True,0.969108521938324,0.0025868000084301,BaselineCNN,test
data/processed/test\Boletus\0665_oAzt25TNZeQ.jpg,Boletus,Exidia,False,0.9984387755393982,0.0025967999972635,BaselineCNN,test
data/processed/test\Boletus\0670_K_TCbzxFUGM.jpg,Boletus,Boletus,True,0.9833236336708068,0.0024653000000398,BaselineCNN,test
data/processed/test\Boletus\0684_vMnFJrCY0pg.jpg,Boletus,Lactarius,False,0.3013569116592407,0.0025182999961543,BaselineCNN,test
data/processed/test\Boletus\0686_HDMT9DDObck.jpg,Boletus,Lactarius,False,0.9301304817199708,0.002522199996747,BaselineCNN,test
data/processed/test\Boletus\0687_OAh8DHQ9Ejw.jpg,Boletus,Boletus,True,0.9999947547912598,0.002508299992769,BaselineCNN,test
data/processed/test\Boletus\0691_aeOqhuNhZUo.jpg,Boletus,Boletus,True,0.9996163845062256,0.0025010999961523,BaselineCNN,test
data/processed/test\Boletus\0694_ZGhTNFYpRF0.jpg,Boletus,Boletus,True,0.9974556565284728,0.0025674999924376,BaselineCNN,test
data/processed/test\Boletus\0705_zAx-31wgOX8.jpg,Boletus,Suillus,False,0.2792849540710449,0.0026030000008177,BaselineCNN,test
data/processed/test\Boletus\0706_O2coJ1bHNyI.jpg,Boletus,Cortinarius,False,0.6067780256271362,0.0029189999913796,BaselineCNN,test
data/processed/test\Boletus\0710_3W2LVW3vahA.jpg,Boletus,Boletus,True,0.9999881982803344,0.0027442999999038,BaselineCNN,test
data/processed/test\Boletus\0711_BeW-0Vt9hao.jpg,Boletus,Lactarius,False,0.4552197754383087,0.0027326999988872,BaselineCNN,test
data/processed/test\Boletus\0712_KcW299HdxJQ.jpg,Boletus,Cortinarius,False,0.9704201817512512,0.0027030000055674,BaselineCNN,test
data/processed/test\Boletus\0715_bpAousgaNak.jpg,Boletus,Cortinarius,False,0.8551790118217468,0.002608800001326,BaselineCNN,test
data/processed/test\Boletus\0720_5nsuj2jRfF0.jpg,Boletus,Boletus,True,0.9830118417739868,0.0026843999949051,BaselineCNN,test
data/processed/test\Boletus\0731_6DJ6_aa-bZg.jpg,Boletus,Lactarius,False,0.282882958650589,0.0025559000059729,BaselineCNN,test
data/processed/test\Boletus\0754_zPtZnfibMT4.jpg,Boletus,Cortinarius,False,0.9644619226455688,0.0028212999895913,BaselineCNN,test
data/processed/test\Boletus\0778_UbEygYYDhi4.jpg,Boletus,Inocybe,False,0.7286453247070312,0.0025267000019084,BaselineCNN,test
data/processed/test\Boletus\0779_x10CHNm1XGs.jpg,Boletus,Boletus,True,0.9351824522018432,0.0029403000080492,BaselineCNN,test
data/processed/test\Boletus\0789_HeUlbr2dIsk.jpg,Boletus,Boletus,True,0.995566189289093,0.0025299000117229,BaselineCNN,test
data/processed/test\Boletus\0790_pju1fCrxSyw.jpg,Boletus,Cortinarius,False,0.6320168375968933,0.00249199999962,BaselineCNN,test
data/processed/test\Boletus\0795_O2Z0CQUcDhg.jpg,Boletus,Lactarius,False,0.8802790641784668,0.0028345000027911,BaselineCNN,test
data/processed/test\Boletus\0797_6dpBNM8twyA.jpg,Boletus,Cortinarius,False,0.6472803950309753,0.0025390999944647,BaselineCNN,test
data/processed/test\Boletus\0801_ulyFq_UWWzM.jpg,Boletus,Hygrocybe,False,0.3800734281539917,0.0028418000001693,BaselineCNN,test
data/processed/test\Boletus\0802_MWtsI0EKttw.jpg,Boletus,Boletus,True,0.9995999932289124,0.0025957000034395,BaselineCNN,test
data/processed/test\Boletus\0807_Iqw2hN_b0s8.jpg,Boletus,Boletus,True,0.9945530891418456,0.0029472000023815,BaselineCNN,test
data/processed/test\Boletus\0811_7t2BE3xOyek.jpg,Boletus,Cortinarius,False,0.4984192252159118,0.002576200000476,BaselineCNN,test
data/processed/test\Boletus\0813_mXb_8YjMI_8.jpg,Boletus,Boletus,True,0.9935261011123656,0.0025715999945532,BaselineCNN,test
data/processed/test\Boletus\0829_dHV6v4tZvMk.jpg,Boletus,Boletus,True,0.9999088048934937,0.0045994999964023,BaselineCNN,test
data/processed/test\Boletus\0832_XCzDV_JY6_M.jpg,Boletus,Boletus,True,0.9999998807907104,0.0028171000012662,BaselineCNN,test
data/processed/test\Boletus\0833_lwqKJywKCCc.jpg,Boletus,Boletus,True,0.9999948740005492,0.0026559999969322,BaselineCNN,test
data/processed/test\Boletus\0836_FkYdaUI06h0.jpg,Boletus,Cortinarius,False,0.5287901759147644,0.0026053000037791,BaselineCNN,test
data/processed/test\Boletus\0839__L3OdEzm-GA.jpg,Boletus,Boletus,True,0.999996542930603,0.0025919999898178,BaselineCNN,test
data/processed/test\Boletus\0841_7XAXHIAG0d8.jpg,Boletus,Lactarius,False,0.5487090945243835,0.0025739999982761,BaselineCNN,test
data/processed/test\Boletus\0857_lvu1iJAnbvg.jpg,Boletus,Boletus,True,0.9921606183052064,0.0025315999955637,BaselineCNN,test
data/processed/test\Boletus\0859_z4K-tiR_PP0.jpg,Boletus,Boletus,True,0.4886006712913513,0.0027755000046454,BaselineCNN,test
data/processed/test\Boletus\0867_ExxTC0iGbxI.jpg,Boletus,Hygrocybe,False,0.9927545189857484,0.0026097999943885,BaselineCNN,test
data/processed/test\Boletus\0870_BxgSujm7-C8.jpg,Boletus,Lactarius,False,0.9218522906303406,0.0025988999987021,BaselineCNN,test
data/processed/test\Boletus\0876_Sizxg8ymXLI.jpg,Boletus,Lactarius,False,0.6921759843826294,0.0028992000006837,BaselineCNN,test
data/processed/test\Boletus\0883_LcmFTebwKmA.jpg,Boletus,Boletus,True,0.7040306329727173,0.0025490999978501,BaselineCNN,test
data/processed/test\Boletus\0891_9qHx98xefUQ.jpg,Boletus,Boletus,True,0.9999954700469972,0.0026264999905833,BaselineCNN,test
data/processed/test\Boletus\0904_qppYGFqfqYg.jpg,Boletus,Boletus,True,0.5862525701522827,0.0029341999907046,BaselineCNN,test
data/processed/test\Boletus\0907_JUjr6H_B0Xo.jpg,Boletus,Boletus,True,0.9132422804832458,0.0025699999969219,BaselineCNN,test
data/processed/test\Boletus\0910_gk8EFVec-aU.jpg,Boletus,Boletus,True,0.9991737008094788,0.0025134000024991,BaselineCNN,test
data/processed/test\Boletus\0920_Mj9Gr-R_eJg.jpg,Boletus,Boletus,True,0.9999899864196776,0.002783999996609,BaselineCNN,test
data/processed/test\Boletus\0927_GeTz3gpfOCA.jpg,Boletus,Boletus,True,0.9577173590660096,0.0026916999922832,BaselineCNN,test
data/processed/test\Boletus\0939_Uu9bT1-H4ZE.jpg,Boletus,Lactarius,False,0.9441669583320618,0.0028832999960286,BaselineCNN,test
data/processed/test\Boletus\0941_CD55o3j2ACk.jpg,Boletus,Russula,False,0.959580421447754,0.0028060999902663,BaselineCNN,test
data/processed/test\Boletus\0943_7_qx73pcT5M.jpg,Boletus,Boletus,True,0.9991674423217772,0.0029499999945983,BaselineCNN,test
data/processed/test\Boletus\0944_uchnyCbCU8o.jpg,Boletus,Amanita,False,0.6739972233772278,0.0025010999961523,BaselineCNN,test
data/processed/test\Boletus\0951_12IsIr7KDL0.jpg,Boletus,Boletus,True,0.9999995231628418,0.0029623000009451,BaselineCNN,test
data/processed/test\Boletus\0953_JtmTQxMa4yM.jpg,Boletus,Russula,False,0.6612639427185059,0.0029434999887598,BaselineCNN,test
data/processed/test\Boletus\0954_UdQ21bvT_YM.jpg,Boletus,Boletus,True,0.612122654914856,0.0026290000096196,BaselineCNN,test
data/processed/test\Boletus\0974_ZIsylb_w8NE.jpg,Boletus,Boletus,True,0.5978608727455139,0.0026257999998051,BaselineCNN,test
data/processed/test\Boletus\0981_Q5GmJS_vei8.jpg,Boletus,Boletus,True,0.9995819926261902,0.0025956000026781,BaselineCNN,test
data/processed/test\Boletus\0987_JvKLOKW8WFA.jpg,Boletus,Boletus,True,0.9996167421340942,0.0029230999934952,BaselineCNN,test
data/processed/test\Boletus\0988_R0RNuJ8IqBI.jpg,Boletus,Cortinarius,False,0.4186344444751739,0.0025930000119842,BaselineCNN,test
data/processed/test\Boletus\1021_SyO8BpGSVjw.jpg,Boletus,Lactarius,False,0.4401021897792816,0.0026465999981155,BaselineCNN,test
data/processed/test\Boletus\1032_tYL581WPzXU.jpg,Boletus,Boletus,True,0.9994673132896424,0.00295150000602,BaselineCNN,test
data/processed/test\Boletus\1036_4kWl9z7sQIY.jpg,Boletus,Inocybe,False,0.9999330043792723,0.0024284999963128,BaselineCNN,test
data/processed/test\Boletus\1040_i_rg9l4rqjw.jpg,Boletus,Boletus,True,0.998703122138977,0.0030043000006116,BaselineCNN,test
data/processed/test\Boletus\1051_Q0ltVKrZhcQ.jpg,Boletus,Boletus,True,0.9746952056884766,0.0026366000092821,BaselineCNN,test
data/processed/test\Boletus\1055_1FFlybCSCAU.jpg,Boletus,Boletus,True,0.977661907672882,0.0029680000006919,BaselineCNN,test
data/processed/test\Boletus\1057_Y7n8VqlTW3g.jpg,Boletus,Boletus,True,0.9999747276306152,0.0029858999914722,BaselineCNN,test
data/processed/test\Boletus\1065_eMY4Zsr_msU.jpg,Boletus,Lactarius,False,0.8489137887954712,0.0025507999962428,BaselineCNN,test
data/processed/test\Boletus\1077_JAOBSnuV9zc.jpg,Boletus,Boletus,True,0.9144378304481506,0.0026408999983686,BaselineCNN,test
data/processed/test\Boletus\1081_S9BZwG4wmiU.jpg,Boletus,Suillus,False,0.5588101148605347,0.0025650000025052,BaselineCNN,test
data/processed/test\Boletus\1086_9A85NgFJxzc.jpg,Boletus,Boletus,True,1.0,0.0029088000010233,BaselineCNN,test
data/processed/test\Boletus\1087_POSIDmOc7AE.jpg,Boletus,Boletus,True,0.993081033229828,0.0029408000118564,BaselineCNN,test
data/processed/test\Boletus\1095_fb3O6d7sRfw.jpg,Boletus,Entoloma,False,0.7784571647644043,0.0025788999919313,BaselineCNN,test
data/processed/test\Cortinarius\032_RaRNWCMOeJY.jpg,Cortinarius,Hygrocybe,False,0.9716786742210388,0.002882300002966,BaselineCNN,test
data/processed/test\Cortinarius\034_uFEs0KR55hA.jpg,Cortinarius,Boletus,False,0.999321699142456,0.0025745999882929,BaselineCNN,test
data/processed/test\Cortinarius\047_a4t7zntIs3E.jpg,Cortinarius,Russula,False,0.6099657416343689,0.0025426000065635,BaselineCNN,test
data/processed/test\Cortinarius\051_BcBgKIXkPFY.jpg,Cortinarius,Cortinarius,True,0.9920386075973512,0.0029248000064399,BaselineCNN,test
data/processed/test\Cortinarius\062_lU35GQ80D6k.jpg,Cortinarius,Inocybe,False,0.5832551717758179,0.0026038000069092,BaselineCNN,test
data/processed/test\Cortinarius\068_eKtLmKWRhYQ.jpg,Cortinarius,Cortinarius,True,0.9387480020523072,0.0029478999931598,BaselineCNN,test
data/processed/test\Cortinarius\074_QZm5I2faj7M.jpg,Cortinarius,Boletus,False,0.9111224412918092,0.0026116000080946,BaselineCNN,test
data/processed/test\Cortinarius\082_igjSlbVXbAs.jpg,Cortinarius,Exidia,False,0.3849311769008636,0.0027487999905133,BaselineCNN,test
data/processed/test\Cortinarius\083_Fx67B3DmN3Y.jpg,Cortinarius,Cortinarius,True,0.9627969264984132,0.0029409999988274,BaselineCNN,test
data/processed/test\Cortinarius\089_pSC0tp3Vin8.jpg,Cortinarius,Russula,False,0.4266948699951172,0.0025708000030135,BaselineCNN,test
data/processed/test\Cortinarius\092_TIq_EZUYHvE.jpg,Cortinarius,Cortinarius,True,0.9995446801185608,0.0029466000123647,BaselineCNN,test
data/processed/test\Cortinarius\098_9sdVyNK9pSI.jpg,Cortinarius,Hygrocybe,False,0.9738207459449768,0.0026792999997269,BaselineCNN,test
data/processed/test\Cortinarius\106_zDyFzio3OcI.jpg,Cortinarius,Cortinarius,True,0.902038037776947,0.0025451999972574,BaselineCNN,test
data/processed/test\Cortinarius\120_6i3qL8_7_cU.jpg,Cortinarius,Cortinarius,True,0.562882661819458,0.002904099994339,BaselineCNN,test
data/processed/test\Cortinarius\139_Sa-XUtLlV4s.jpg,Cortinarius,Suillus,False,0.5079933404922485,0.0025716000091051,BaselineCNN,test
data/processed/test\Cortinarius\142_UT29eeWW32A.jpg,Cortinarius,Suillus,False,0.5003693103790283,0.0027078999992227,BaselineCNN,test
data/processed/test\Cortinarius\143_SrOlFvP1n9w.jpg,Cortinarius,Inocybe,False,0.5075764060020447,0.0025638000079197,BaselineCNN,test
data/processed/test\Cortinarius\146_N9FJKoJghDQ.jpg,Cortinarius,Boletus,False,0.4757671952247619,0.0026349000108893,BaselineCNN,test
data/processed/test\Cortinarius\147_gh5SUGxwpmg.jpg,Cortinarius,Suillus,False,0.6158862113952637,0.0026024999970104,BaselineCNN,test
data/processed/test\Cortinarius\148_NRYh_CNOe0Q.jpg,Cortinarius,Cortinarius,True,0.9234824776649476,0.0028884000057587,BaselineCNN,test
data/processed/test\Cortinarius\162_vx8DyMaDNbY.jpg,Cortinarius,Cortinarius,True,0.9947456121444702,0.0028805000038119,BaselineCNN,test
data/processed/test\Cortinarius\172_RQpuklei93E.jpg,Cortinarius,Russula,False,0.8631949424743652,0.002657499993802,BaselineCNN,test
data/processed/test\Cortinarius\173_OBw2ytszKxo.jpg,Cortinarius,Cortinarius,True,0.9720531702041626,0.0029446999978972,BaselineCNN,test
data/processed/test\Cortinarius\178_xHtAXzZPN-s.jpg,Cortinarius,Cortinarius,True,0.4325969219207763,0.0025759999989531,BaselineCNN,test
data/processed/test\Cortinarius\182_kJh0aAaK590.jpg,Cortinarius,Boletus,False,0.846890926361084,0.0025913000135915,BaselineCNN,test
data/processed/test\Cortinarius\185_OXwIsNfGrwY.jpg,Cortinarius,Boletus,False,0.8646240830421448,0.0026885999977821,BaselineCNN,test
data/processed/test\Cortinarius\192_TskFa7fOkRc.jpg,Cortinarius,Lactarius,False,0.5092204213142395,0.0025431999965803,BaselineCNN,test
data/processed/test\Cortinarius\195_lD8h4PCMaUY.jpg,Cortinarius,Russula,False,0.6372659802436829,0.0026254999975208,BaselineCNN,test
data/processed/test\Cortinarius\207_zmoZZTV0lLI.jpg,Cortinarius,Cortinarius,True,0.7506630420684814,0.0025832000101218,BaselineCNN,test
data/processed/test\Cortinarius\224_mLlKvEsrEcA.jpg,Cortinarius,Boletus,False,0.6197798252105713,0.0025904000067384,BaselineCNN,test
data/processed/test\Cortinarius\232_jKdR7Qgq_BY.jpg,Cortinarius,Cortinarius,True,0.8852710723876953,0.0026063999976031,BaselineCNN,test
data/processed/test\Cortinarius\240_aJldHbs2JsE.jpg,Cortinarius,Cortinarius,True,0.6072943806648254,0.0026072000036947,BaselineCNN,test
data/processed/test\Cortinarius\256_TpoM3eWkf6g.jpg,Cortinarius,Lactarius,False,0.8308544158935547,0.0029367000097408,BaselineCNN,test
data/processed/test\Cortinarius\274_RW-zkr4BQmM.jpg,Cortinarius,Entoloma,False,0.7980010509490967,0.0025268000026699,BaselineCNN,test
data/processed/test\Cortinarius\277_2vcjLHvzssg.jpg,Cortinarius,Suillus,False,0.5011497139930725,0.0049890999944182,BaselineCNN,test
data/processed/test\Cortinarius\285_ALSLuAGLn64.jpg,Cortinarius,Cortinarius,True,0.9885241389274596,0.0029730000096606,BaselineCNN,test
data/processed/test\Cortinarius\301_BY2YjnDmmdc.jpg,Cortinarius,Inocybe,False,0.5640221834182739,0.002582799992524,BaselineCNN,test
data/processed/test\Cortinarius\312_Kv_3xHcyVUE.jpg,Cortinarius,Amanita,False,0.9505378007888794,0.0029540999967139,BaselineCNN,test
data/processed/test\Cortinarius\321_EgWJ7bpjCxM.jpg,Cortinarius,Cortinarius,True,0.5704214572906494,0.0026324999926146,BaselineCNN,test
data/processed/test\Cortinarius\328_qxWZEmWaodk.jpg,Cortinarius,Amanita,False,0.9620555639266968,0.0028507000097306,BaselineCNN,test
data/processed/test\Cortinarius\337_ohrbRKjnZkA.jpg,Cortinarius,Russula,False,0.9907676577568054,0.0025458000018261,BaselineCNN,test
data/processed/test\Cortinarius\342_3kBE30sLBPk.jpg,Cortinarius,Russula,False,0.5931811928749084,0.0028800000000046,BaselineCNN,test
data/processed/test\Cortinarius\343_YY4qxL--3lE.jpg,Cortinarius,Russula,False,0.505014181137085,0.0029804999940097,BaselineCNN,test
data/processed/test\Cortinarius\344_AKEJiWrKVfA.jpg,Cortinarius,Cortinarius,True,0.9924807548522948,0.0026382999931229,BaselineCNN,test
data/processed/test\Cortinarius\349_BG4jbNRDzCI.jpg,Cortinarius,Amanita,False,0.6005004644393921,0.0026570000045467,BaselineCNN,test
data/processed/test\Cortinarius\353_qyVEsJs6eu8.jpg,Cortinarius,Cortinarius,True,0.5332592129707336,0.0029809999978169,BaselineCNN,test
data/processed/test\Cortinarius\358_L8mvKvlrYDA.jpg,Cortinarius,Cortinarius,True,0.6022176146507263,0.0026066999998874,BaselineCNN,test
data/processed/test\Cortinarius\360_QL0VQlt8Ke0.jpg,Cortinarius,Cortinarius,True,0.3843269050121307,0.0026394000014988,BaselineCNN,test
data/processed/test\Cortinarius\364_Xsj2f0KiCAk.jpg,Cortinarius,Lactarius,False,0.9036712050437928,0.0028568000125233,BaselineCNN,test
data/processed/test\Cortinarius\381_IHHdqt43Ivk.jpg,Cortinarius,Russula,False,0.8797990083694458,0.0025371000083396,BaselineCNN,test
data/processed/test\Cortinarius\384_NCKsip2esZ4.jpg,Cortinarius,Cortinarius,True,0.9957941770553588,0.0028925999940838,BaselineCNN,test
data/processed/test\Cortinarius\388_JTEy9_rTlno.jpg,Cortinarius,Boletus,False,0.6407356262207031,0.0029587000026367,BaselineCNN,test
data/processed/test\Cortinarius\389_D8kTQu4sbro.jpg,Cortinarius,Boletus,False,0.9881922602653505,0.0029777999880025,BaselineCNN,test
data/processed/test\Cortinarius\390_iQUMBiY-0qs.jpg,Cortinarius,Lactarius,False,0.8465498685836792,0.002605699992273,BaselineCNN,test
data/processed/test\Cortinarius\418_YUu8Eth7vC0.jpg,Cortinarius,Lactarius,False,0.6404687166213989,0.0029460000077961,BaselineCNN,test
data/processed/test\Cortinarius\448_uo51r2lHNAw.jpg,Cortinarius,Lactarius,False,0.84112948179245,0.0025873999984469,BaselineCNN,test
data/processed/test\Cortinarius\449_VlvWf0y620o.jpg,Cortinarius,Exidia,False,0.9999998807907104,0.0026252000097883,BaselineCNN,test
data/processed/test\Cortinarius\456_KDbq8QQJpF8.jpg,Cortinarius,Boletus,False,0.6428655385971069,0.0030280000064522,BaselineCNN,test
data/processed/test\Cortinarius\460_-PS3Pqhfj28.jpg,Cortinarius,Boletus,False,0.6708707213401794,0.0029543000127887,BaselineCNN,test
data/processed/test\Cortinarius\461_FcGRZ9NIyZM.jpg,Cortinarius,Cortinarius,True,0.5066948533058167,0.0026336000009905,BaselineCNN,test
data/processed/test\Cortinarius\466_M2i1qdSiRz4.jpg,Cortinarius,Cortinarius,True,0.9999603033065796,0.002560099994298,BaselineCNN,test
data/processed/test\Cortinarius\467_LUja4xjFPG8.jpg,Cortinarius,Cortinarius,True,0.6824716925621033,0.0029216000111773,BaselineCNN,test
data/processed/test\Cortinarius\488_UhQdy3jXkc0.jpg,Cortinarius,Russula,False,0.9567215442657472,0.0025238000089302,BaselineCNN,test
data/processed/test\Cortinarius\496_KX8TxkeLLa4.jpg,Cortinarius,Cortinarius,True,0.8471794128417969,0.0028545999957714,BaselineCNN,test
data/processed/test\Cortinarius\509_M0Gd8axTrw4.jpg,Cortinarius,Cortinarius,True,0.8327432870864868,0.003018500006874,BaselineCNN,test
data/processed/test\Cortinarius\514_tv4keuWfvWE.jpg,Cortinarius,Cortinarius,True,0.8494961261749268,0.0028796999977203,BaselineCNN,test
data/processed/test\Cortinarius\530_sEUUp5boweI.jpg,Cortinarius,Cortinarius,True,0.7826810479164124,0.0026177999970968,BaselineCNN,test
data/processed/test\Cortinarius\532_oIJibw1tz4Y.jpg,Cortinarius,Hygrocybe,False,0.8448922038078308,0.0026035000046249,BaselineCNN,test
data/processed/test\Cortinarius\533_pNuBhaHhEmU.jpg,Cortinarius,Cortinarius,True,0.9999442100524902,0.0028951999993296,BaselineCNN,test
data/processed/test\Cortinarius\547_fKznDHbWCkk.jpg,Cortinarius,Cortinarius,True,0.9295718669891356,0.0026119999965885,BaselineCNN,test
data/processed/test\Cortinarius\551_APFbJ2vPcGw.jpg,Cortinarius,Cortinarius,True,0.9770630598068236,0.0023979999969014,BaselineCNN,test
data/processed/test\Cortinarius\552_z4MK9UiOMoc.jpg,Cortinarius,Boletus,False,0.9374246001243592,0.0029816000023856,BaselineCNN,test
data/processed/test\Cortinarius\567_6O0QVMS6LE4.jpg,Cortinarius,Cortinarius,True,0.4126052856445312,0.0029807000100845,BaselineCNN,test
data/processed/test\Cortinarius\574_xXwqpgn5Fls.jpg,Cortinarius,Cortinarius,True,0.9859397411346436,0.0026016000047093,BaselineCNN,test
data/processed/test\Cortinarius\589_rgxUeggTwRk.jpg,Cortinarius,Russula,False,0.4593443572521209,0.0025804000033531,BaselineCNN,test
data/processed/test\Cortinarius\592_ZR3yzj9H31I.jpg,Cortinarius,Russula,False,0.5408743619918823,0.0029436000040732,BaselineCNN,test
data/processed/test\Cortinarius\593_VEBcqScsSLw.jpg,Cortinarius,Cortinarius,True,0.9371827244758606,0.0025940000050468,BaselineCNN,test
data/processed/test\Cortinarius\595_DUgPrK3WFJ0.jpg,Cortinarius,Lactarius,False,0.9964721202850342,0.0027062000008299,BaselineCNN,test
data/processed/test\Cortinarius\604_55_Sj5HXI6U.jpg,Cortinarius,Amanita,False,0.7777079939842224,0.0029485999984899,BaselineCNN,test
data/processed/test\Cortinarius\613_RZSh0QPwcnw.jpg,Cortinarius,Cortinarius,True,0.8247495889663696,0.0025713999930303,BaselineCNN,test
data/processed/test\Cortinarius\627_JqtzXHRtbPY.jpg,Cortinarius,Agaricus,False,0.8070111870765686,0.0026255999982822,BaselineCNN,test
data/processed/test\Cortinarius\634_3P_z4FJuvrc.jpg,Cortinarius,Boletus,False,0.849918782711029,0.0030100000003585,BaselineCNN,test
data/processed/test\Cortinarius\648_rFy8BK5tQS4.jpg,Cortinarius,Boletus,False,0.9985602498054504,0.0030150999955367,BaselineCNN,test
data/processed/test\Cortinarius\651_YsGS-o5hPUk.jpg,Cortinarius,Suillus,False,0.688526451587677,0.0025593000027583,BaselineCNN,test
data/processed/test\Cortinarius\660_qqPWIG-_atg.jpg,Cortinarius,Boletus,False,0.6974844932556152,0.0028550999995786,BaselineCNN,test
data/processed/test\Cortinarius\663_vqeZWWsm7AU.jpg,Cortinarius,Cortinarius,True,0.5350267291069031,0.0025814999971771,BaselineCNN,test
data/processed/test\Cortinarius\665_CnMbFwJ4A3g.jpg,Cortinarius,Boletus,False,0.8001094460487366,0.0026311999972676,BaselineCNN,test
data/processed/test\Cortinarius\670_VEDFNxOmJjk.jpg,Cortinarius,Boletus,False,0.9339198470115662,0.0029476999916369,BaselineCNN,test
data/processed/test\Cortinarius\677_jZl6bME7gYc.jpg,Cortinarius,Boletus,False,0.94160795211792,0.0025828999932855,BaselineCNN,test
data/processed/test\Cortinarius\684_4Yz2wW3J4Vs.jpg,Cortinarius,Cortinarius,True,0.4583638310432434,0.00267139999778,BaselineCNN,test
data/processed/test\Cortinarius\698_hDYmajbNTyc.jpg,Cortinarius,Cortinarius,True,0.916950821876526,0.0026111000042874,BaselineCNN,test
data/processed/test\Cortinarius\700_T0ARJ9bwVM0.jpg,Cortinarius,Boletus,False,0.5434616804122925,0.0054912000050535,BaselineCNN,test
data/processed/test\Cortinarius\706_neOW0Q7auww.jpg,Cortinarius,Cortinarius,True,0.967457354068756,0.0055447999911848,BaselineCNN,test
data/processed/test\Cortinarius\710_9SgH3X4RwDc.jpg,Cortinarius,Boletus,False,0.620665967464447,0.0055125999933807,BaselineCNN,test
data/processed/test\Cortinarius\713_0K-WK89enpQ.jpg,Cortinarius,Boletus,False,0.9998308420181274,0.0054918999958317,BaselineCNN,test
data/processed/test\Cortinarius\722_hYmaZTUMKvM.jpg,Cortinarius,Cortinarius,True,0.9754233956336976,0.0053760000009788,BaselineCNN,test
data/processed/test\Cortinarius\723_z2zuRWlePHw.jpg,Cortinarius,Exidia,False,0.5354660153388977,0.0054661000031046,BaselineCNN,test
data/processed/test\Cortinarius\726_SPq8J7DiHAU.jpg,Cortinarius,Suillus,False,0.646303653717041,0.0049589999980526,BaselineCNN,test
data/processed/test\Cortinarius\734_gSi3maWDcms.jpg,Cortinarius,Russula,False,0.7611977458000183,0.0051566000038292,BaselineCNN,test
data/processed/test\Cortinarius\739_1fnqQJpMA1w.jpg,Cortinarius,Suillus,False,0.5027980804443359,0.0055916999990586,BaselineCNN,test
data/processed/test\Cortinarius\740_6uQUZGPJDtc.jpg,Cortinarius,Cortinarius,True,0.728082001209259,0.0054999999993015,BaselineCNN,test
data/processed/test\Cortinarius\741_I2jWMQKljH8.jpg,Cortinarius,Cortinarius,True,0.528239905834198,0.0054936000087764,BaselineCNN,test
data/processed/test\Cortinarius\743_x_gCsSdhOPU.jpg,Cortinarius,Lactarius,False,0.6298444271087646,0.0055535999999847,BaselineCNN,test
data/processed/test\Cortinarius\754_pGoceyCfMP8.jpg,Cortinarius,Lactarius,False,0.5032463073730469,0.005521699989913,BaselineCNN,test
data/processed/test\Cortinarius\766_vIHHxNTloEA.jpg,Cortinarius,Boletus,False,0.9584950804710388,0.0050289000064367,BaselineCNN,test
data/processed/test\Cortinarius\791_2-YR9WlEhSA.jpg,Cortinarius,Hygrocybe,False,0.4948383271694183,0.005681700000423,BaselineCNN,test
data/processed/test\Cortinarius\796_738i150K_pQ.jpg,Cortinarius,Cortinarius,True,0.6045029759407043,0.0055221999937202,BaselineCNN,test
data/processed/test\Cortinarius\800_DyXP5vXb0mQ.jpg,Cortinarius,Lactarius,False,0.4634472727775574,0.0055245999974431,BaselineCNN,test
data/processed/test\Cortinarius\819_ELx6VT8tmKM.jpg,Cortinarius,Boletus,False,0.4016623497009277,0.0055131999979494,BaselineCNN,test
data/processed/test\Cortinarius\825_nn-gRPOKNNQ.jpg,Cortinarius,Hygrocybe,False,0.3369858562946319,0.0063756000017747,BaselineCNN,test
data/processed/test\Cortinarius\835_znWNJNTUlcg.jpg,Cortinarius,Lactarius,False,0.5964717268943787,0.0054909000027691,BaselineCNN,test
data/processed/test\Cortinarius\838_phOn4HpRGFU.jpg,Cortinarius,Entoloma,False,0.8170861005783081,0.005535599993891,BaselineCNN,test
data/processed/test\Cortinarius\839_QCI2KoxuEus.jpg,Cortinarius,Cortinarius,True,0.988596737384796,0.0049348000029567,BaselineCNN,test
data/processed/test\Cortinarius\880_2blQSwj_qqg.jpg,Cortinarius,Entoloma,False,0.924504280090332,0.0049128000100608,BaselineCNN,test
data/processed/test\Cortinarius\896_zisCBTibqYs.jpg,Cortinarius,Boletus,False,0.4070590138435364,0.0049034000112442,BaselineCNN,test
data/processed/test\Cortinarius\897_K54fKEI54-0.jpg,Cortinarius,Cortinarius,True,0.974431037902832,0.0052437999984249,BaselineCNN,test
data/processed/test\Cortinarius\909_6AiLKcfk2jI.jpg,Cortinarius,Russula,False,0.9742791652679444,0.005005600003642,BaselineCNN,test
data/processed/test\Cortinarius\910_q20nsdIX9Zo.jpg,Cortinarius,Lactarius,False,0.7832167148590088,0.0051521999994292,BaselineCNN,test
data/processed/test\Cortinarius\918_LWJyWIIRFwE.jpg,Cortinarius,Boletus,False,0.7085562348365784,0.0055233999883057,BaselineCNN,test
data/processed/test\Cortinarius\927_MThMyEFu3p4.jpg,Cortinarius,Cortinarius,True,0.5410944819450378,0.0055460999865317,BaselineCNN,test
data/processed/test\Cortinarius\930_rg7s0lc2xZ4.jpg,Cortinarius,Cortinarius,True,0.955249547958374,0.0047728000063216,BaselineCNN,test
data/processed/test\Cortinarius\932_wke3BS09elk.jpg,Cortinarius,Cortinarius,True,0.7143114805221558,0.0048432000039611,BaselineCNN,test
data/processed/test\Cortinarius\933_9KMU6_nR5hY.jpg,Cortinarius,Amanita,False,0.7938980460166931,0.0055852999939816,BaselineCNN,test
data/processed/test\Cortinarius\938_c0WgxVOt3ug.jpg,Cortinarius,Cortinarius,True,0.6371491551399231,0.0026085999998031,BaselineCNN,test
data/processed/test\Cortinarius\949_8OyiXJnNar8.jpg,Cortinarius,Lactarius,False,0.5347757935523987,0.0028160999936517,BaselineCNN,test
data/processed/test\Cortinarius\950_HDskNFXm9xc.jpg,Cortinarius,Cortinarius,True,0.8865975141525269,0.002566499999375,BaselineCNN,test
data/processed/test\Entoloma\008_AZvp1cwweLk.jpg,Entoloma,Russula,False,0.5209481120109558,0.0026109000027645,BaselineCNN,test
data/processed/test\Entoloma\015_HkVmyyuf6D4.jpg,Entoloma,Exidia,False,0.7491675019264221,0.0027414999931352,BaselineCNN,test
data/processed/test\Entoloma\016_ARE6YaRXCgc.jpg,Entoloma,Inocybe,False,0.6055362224578857,0.0029842000076314,BaselineCNN,test
data/processed/test\Entoloma\024_bN9lzk7miXk.jpg,Entoloma,Lactarius,False,0.4796771705150604,0.0026209000061498,BaselineCNN,test
data/processed/test\Entoloma\028_ep6xNTtGRbM.jpg,Entoloma,Amanita,False,0.5907105207443237,0.0029181999998399,BaselineCNN,test
data/processed/test\Entoloma\040_AaS7qJWOhTY.jpg,Entoloma,Lactarius,False,0.9350808262825012,0.0029343999922275,BaselineCNN,test
data/processed/test\Entoloma\041_8TLv6hZ7PQg.jpg,Entoloma,Agaricus,False,0.6491103172302246,0.0027348000003257,BaselineCNN,test
data/processed/test\Entoloma\043_HA9oR2t5gx4.jpg,Entoloma,Lactarius,False,0.6286200881004333,0.0026370999985374,BaselineCNN,test
data/processed/test\Entoloma\053_pGhgq2L9_f8.jpg,Entoloma,Boletus,False,0.9996923208236694,0.0025603999965824,BaselineCNN,test
data/processed/test\Entoloma\075_6zFJxFd4PFI.jpg,Entoloma,Amanita,False,0.9459916949272156,0.0028768000047421,BaselineCNN,test
data/processed/test\Entoloma\077_MiiSt18mhFg.jpg,Entoloma,Suillus,False,0.6935725212097168,0.0026320000033592,BaselineCNN,test
data/processed/test\Entoloma\087_B8cy4l0fVCM.jpg,Entoloma,Entoloma,True,0.9485918283462524,0.0026479999942239,BaselineCNN,test
data/processed/test\Entoloma\095_sc5K2sdc95k.jpg,Entoloma,Lactarius,False,0.8043025135993958,0.0028797999984817,BaselineCNN,test
data/processed/test\Entoloma\100_DOEuA90u0n4.jpg,Entoloma,Lactarius,False,0.6933121085166931,0.0025862000038614,BaselineCNN,test
data/processed/test\Entoloma\112_tZybBnWnquU.jpg,Entoloma,Boletus,False,0.979925274848938,0.0026254000113112,BaselineCNN,test
data/processed/test\Entoloma\114_hVYv8T9rAdI.jpg,Entoloma,Boletus,False,0.9798398613929749,0.0029565000004367,BaselineCNN,test
data/processed/test\Entoloma\123_N1nBNk8zowc.jpg,Entoloma,Entoloma,True,0.9999992847442628,0.0025444000057177,BaselineCNN,test
data/processed/test\Entoloma\124_NgFCwyrvUBU.jpg,Entoloma,Boletus,False,0.9845579266548156,0.002642100007506,BaselineCNN,test
data/processed/test\Entoloma\125_H6KQJubz60Q.jpg,Entoloma,Amanita,False,0.7413695454597473,0.0029709999944316,BaselineCNN,test
data/processed/test\Entoloma\137_2wOQqIdze_Y.jpg,Entoloma,Boletus,False,0.3559003174304962,0.002988499996718,BaselineCNN,test
data/processed/test\Entoloma\154_HDT_he4bSpA.jpg,Entoloma,Lactarius,False,0.4858583211898803,0.0026373000000603,BaselineCNN,test
data/processed/test\Entoloma\155_ab4GU9GVNl0.jpg,Entoloma,Entoloma,True,0.9958540201187134,0.002608800001326,BaselineCNN,test
data/processed/test\Entoloma\159_gzyo4cu2SF0.jpg,Entoloma,Entoloma,True,0.8289976119995117,0.0028148999990662,BaselineCNN,test
data/processed/test\Entoloma\170_rgOUjNM_DM4.jpg,Entoloma,Agaricus,False,0.6444776654243469,0.0029599999979836,BaselineCNN,test
data/processed/test\Entoloma\178_j9A_u3GorWg.jpg,Entoloma,Suillus,False,0.5923117399215698,0.0026416000036988,BaselineCNN,test
data/processed/test\Entoloma\185_UK9hgsbXBR8.jpg,Entoloma,Amanita,False,0.9143794775009156,0.0026148000033572,BaselineCNN,test
data/processed/test\Entoloma\187_m0UFCsyH-Bs.jpg,Entoloma,Boletus,False,0.9903016686439514,0.0029265000048326,BaselineCNN,test
data/processed/test\Entoloma\192_Tf_A1Q4bdco.jpg,Entoloma,Boletus,False,0.9998739957809448,0.0029982999985804,BaselineCNN,test
data/processed/test\Entoloma\195_tEj9VvcKoc8.jpg,Entoloma,Hygrocybe,False,0.3358406722545624,0.0029864000098314,BaselineCNN,test
data/processed/test\Entoloma\202_FQWDsaZPytk.jpg,Entoloma,Entoloma,True,0.6435956954956055,0.0025720999983604,BaselineCNN,test
data/processed/test\Entoloma\213_xX7APSYep7c.jpg,Entoloma,Cortinarius,False,0.8162041306495667,0.0028426000062609,BaselineCNN,test
data/processed/test\Entoloma\217_MQnUltdhEsM.jpg,Entoloma,Cortinarius,False,0.6960481405258179,0.0025881999899866,BaselineCNN,test
data/processed/test\Entoloma\221_aU7_BswojlM.jpg,Entoloma,Cortinarius,False,0.5135939717292786,0.0025885000068228,BaselineCNN,test
data/processed/test\Entoloma\225_3YNITN-NtWM.jpg,Entoloma,Amanita,False,0.99956613779068,0.0029699999868171,BaselineCNN,test
data/processed/test\Entoloma\244_5qYibVwYigY.jpg,Entoloma,Russula,False,0.6474257111549377,0.0026451000012457,BaselineCNN,test
data/processed/test\Entoloma\247_ABBDuWCbqT0.jpg,Entoloma,Inocybe,False,0.5185349583625793,0.0028850999951828,BaselineCNN,test
data/processed/test\Entoloma\254_iO4rO5rmxLg.jpg,Entoloma,Exidia,False,0.9936636686325072,0.0029660000000149,BaselineCNN,test
data/processed/test\Entoloma\269_YSsglwYAx0A.jpg,Entoloma,Agaricus,False,0.6514829993247986,0.0026094000058947,BaselineCNN,test
data/processed/test\Entoloma\278_1UQ2eou4aVA.jpg,Entoloma,Entoloma,True,0.9200501441955566,0.002619599996251,BaselineCNN,test
data/processed/test\Entoloma\283_eWPMK-in8bA.jpg,Entoloma,Lactarius,False,0.7868786454200745,0.0029630000062752,BaselineCNN,test
data/processed/test\Entoloma\307_bs3Q880w3uI.jpg,Entoloma,Cortinarius,False,0.8532711863517761,0.002614100012579,BaselineCNN,test
data/processed/test\Entoloma\309_QMD8y_m-X9w.jpg,Entoloma,Entoloma,True,0.7011919021606445,0.0025921999913407,BaselineCNN,test
data/processed/test\Entoloma\315_x2hPqvpEIm4.jpg,Entoloma,Lactarius,False,0.4855415523052215,0.0029546000005211,BaselineCNN,test
data/processed/test\Entoloma\321_GSSvivRkKSs.jpg,Entoloma,Lactarius,False,0.9387184977531432,0.0026474999904166,BaselineCNN,test
data/processed/test\Entoloma\323_T1uKKhFKYQo.jpg,Entoloma,Cortinarius,False,0.9947510361671448,0.0026047999999718,BaselineCNN,test
data/processed/test\Entoloma\333_1jBot7MZWes.jpg,Entoloma,Russula,False,0.8275357484817505,0.0029510000022128,BaselineCNN,test
data/processed/test\Entoloma\337_CtXrNI3Aodw.jpg,Entoloma,Russula,False,0.956813097000122,0.0025765999889699,BaselineCNN,test
data/processed/test\Entoloma\344_uf0xKp6qwNQ.jpg,Entoloma,Entoloma,True,0.4554254412651062,0.0026701000024331,BaselineCNN,test
data/processed/test\Entoloma\349_PNzUfA1WO3M.jpg,Entoloma,Agaricus,False,0.9987014532089232,0.0028635000053327,BaselineCNN,test
data/processed/test\Entoloma\372_hriIdsNQgxI.jpg,Entoloma,Cortinarius,False,0.668744683265686,0.0026393000007374,BaselineCNN,test
data/processed/test\Entoloma\380_OI9EjWusj9s.jpg,Entoloma,Entoloma,True,0.5053072571754456,0.0026158999971812,BaselineCNN,test
data/processed/test\Entoloma\389_-8kqVUZsNtU.jpg,Entoloma,Amanita,False,0.7966564893722534,0.0029348999960348,BaselineCNN,test
data/processed/test\Entoloma\391_u6_VQ5BQ3RQ.jpg,Entoloma,Russula,False,0.7206541895866394,0.0026381999923614,BaselineCNN,test
data/processed/test\Entoloma\394_I1aghwHRxKQ.jpg,Entoloma,Lactarius,False,0.8817304372787476,0.0029892999882576,BaselineCNN,test
data/processed/test\Entoloma\396_P8a-mnDratQ.jpg,Entoloma,Lactarius,False,0.7308712601661682,0.002613199991174,BaselineCNN,test
data/processed/test\Entoloma\401_7lcXxESXcOc.jpg,Entoloma,Boletus,False,0.7736958265304565,0.0025901999906636,BaselineCNN,test
data/processed/test\Exidia\APE2016-9184941_SkxjRjQbBe.jpg,Exidia,Exidia,True,0.9999996423721312,0.0026122999988729,BaselineCNN,test
data/processed/test\Exidia\APE2017-9186106_r1lnuhbbvl.jpg,Exidia,Exidia,True,1.0,0.0028430999955162,BaselineCNN,test
data/processed/test\Exidia\APE2017-9186594_S1gbav70Pg.jpg,Exidia,Exidia,True,0.9999970197677612,0.0030000999977346,BaselineCNN,test
data/processed/test\Exidia\BEC2017-9186082_Bk5dpkxvg.jpg,Exidia,Exidia,True,0.9999914169311525,0.0029092999902786,BaselineCNN,test
data/processed/test\Exidia\BEC2017-9186082_HkySBeewx.jpg,Exidia,Exidia,True,0.9885550141334534,0.0026073999906657,BaselineCNN,test
data/processed/test\Exidia\BT2015PIC69830748.jpg,Exidia,Inocybe,False,0.5581057071685791,0.0025240999966626,BaselineCNN,test
data/processed/test\Exidia\BWP2010PIC21033449.jpg,Exidia,Entoloma,False,0.6268328428268433,0.0030857999954605,BaselineCNN,test
data/processed/test\Exidia\BWP2010PIC26179585.jpg,Exidia,Exidia,True,0.9964543581008912,0.0029853000014554,BaselineCNN,test
data/processed/test\Exidia\BWP2010PIC63422920.jpg,Exidia,Exidia,True,0.9964543581008912,0.002964500003145,BaselineCNN,test
data/processed/test\Exidia\BWP2012PIC72778365.jpg,Exidia,Exidia,True,0.9774729013442992,0.0025738999975146,BaselineCNN,test
data/processed/test\Exidia\BWP2012PIC73866455.jpg,Exidia,Inocybe,False,0.2883864939212799,0.0025975000025937,BaselineCNN,test
data/processed/test\Exidia\DI2017-9188574_Hk1cP3Tix.jpg,Exidia,Exidia,True,0.9994016885757446,0.0029420000064419,BaselineCNN,test
data/processed/test\Exidia\EAT2017-9188143_SkIXsq-ig.jpg,Exidia,Exidia,True,0.9999885559082032,0.002755800000159,BaselineCNN,test
data/processed/test\Exidia\FA2009PIC34033903.jpg,Exidia,Entoloma,False,0.9814087748527528,0.002535199993872,BaselineCNN,test
data/processed/test\Exidia\FA2009PIC41674148.jpg,Exidia,Exidia,True,0.5492043495178223,0.0029008999990765,BaselineCNN,test
data/processed/test\Exidia\FDE2014PIC40274346.jpg,Exidia,Exidia,True,0.5865091681480408,0.0026165000017499,BaselineCNN,test
data/processed/test\Exidia\FS2013PIC31639353.jpg,Exidia,Inocybe,False,0.7631915807723999,0.0027249999984633,BaselineCNN,test
data/processed/test\Exidia\GLJ2012PIC77958863.jpg,Exidia,Lactarius,False,0.5501767992973328,0.0026186000031884,BaselineCNN,test
data/processed/test\Exidia\HM2012PIC53684895.jpg,Exidia,Entoloma,False,0.3752336204051971,0.0026386999961687,BaselineCNN,test
data/processed/test\Exidia\JAH2010PIC83850018.jpg,Exidia,Russula,False,0.4303210377693176,0.0029745000065304,BaselineCNN,test
data/processed/test\Exidia\JAH2011PIC50778683.jpg,Exidia,Cortinarius,False,0.4104422032833099,0.0030180000030668,BaselineCNN,test
data/processed/test\Exidia\JAH2012PIC31946080.jpg,Exidia,Exidia,True,0.3648260533809662,0.0027000999980373,BaselineCNN,test
data/processed/test\Exidia\JAH2012PIC42360712.jpg,Exidia,Boletus,False,0.8247435688972473,0.0026999000110663,BaselineCNN,test
data/processed/test\Exidia\JAH2012PIC89993887.jpg,Exidia,Inocybe,False,0.999395489692688,0.0026892000023508,BaselineCNN,test
data/processed/test\Exidia\JAJ2017-9185700_rkbkFjfUx.jpg,Exidia,Exidia,True,0.9994148015975952,0.0027253000007476,BaselineCNN,test
data/processed/test\Exidia\JC2016-9184056_Byw5hr_Qx.jpg,Exidia,Exidia,True,0.955432116985321,0.0030106999911367,BaselineCNN,test
data/processed/test\Exidia\JCS2009PIC12309413.jpg,Exidia,Exidia,True,0.9999804496765136,0.0029077999934088,BaselineCNN,test
data/processed/test\Exidia\JM2011PIC15975626.jpg,Exidia,Inocybe,False,0.3170969784259796,0.0027728999993996,BaselineCNN,test
data/processed/test\Exidia\JM2012PIC10429941.jpg,Exidia,Exidia,True,0.9926729798316956,0.0029664000030606,BaselineCNN,test
data/processed/test\Exidia\JM2016-9182928_HydQkTeMe.jpg,Exidia,Lactarius,False,0.7859578132629395,0.0029409000126179,BaselineCNN,test
data/processed/test\Exidia\JMI2017-9225941_BkUTwno3Z.jpg,Exidia,Inocybe,False,0.9955300688743592,0.0029514000052586,BaselineCNN,test
data/processed/test\Exidia\JO2011PIC61426163.jpg,Exidia,Inocybe,False,0.2951874434947967,0.002564499998698,BaselineCNN,test
data/processed/test\Exidia\KMA2016-9182761_BJZkKzAWe.jpg,Exidia,Exidia,True,0.9242079854011536,0.0026463999965926,BaselineCNN,test
data/processed/test\Exidia\KNI2009PIC40725553.jpg,Exidia,Entoloma,False,0.9368651509284972,0.0029766000079689,BaselineCNN,test
data/processed/test\Exidia\KNK2014PIC59831810.jpg,Exidia,Exidia,True,0.9894920587539672,0.0026230000075884,BaselineCNN,test
data/processed/test\Exidia\MC2017-9190790_r1lwUvc0e.jpg,Exidia,Exidia,True,0.9389665722846984,0.0026414000021759,BaselineCNN,test
data/processed/test\Exidia\MFC2016-9180603_HJlPfl0lxe.jpg,Exidia,Exidia,True,0.939408004283905,0.0026111999904969,BaselineCNN,test
data/processed/test\Exidia\ML2009PIC13001963.jpg,Exidia,Boletus,False,0.82418292760849,0.0029207999905338,BaselineCNN,test
data/processed/test\Exidia\ML2011PIC18007945.jpg,Exidia,Exidia,True,0.5999926924705505,0.0026068000006489,BaselineCNN,test
data/processed/test\Exidia\ML2011PIC65179349.jpg,Exidia,Inocybe,False,0.7917482852935791,0.0027800999960163,BaselineCNN,test
data/processed/test\Exidia\MMN2010PIC69549468.jpg,Exidia,Lactarius,False,0.8656025528907776,0.0027645000081975,BaselineCNN,test
data/processed/test\Exidia\MMN2012PIC61631279.jpg,Exidia,Exidia,True,0.9959800243377686,0.0029899999935878,BaselineCNN,test
data/processed/test\Exidia\MSO2011PIC32526200.jpg,Exidia,Exidia,True,0.8428659439086914,0.0026287000073352,BaselineCNN,test
data/processed/test\Exidia\MSO2012PIC15916968.jpg,Exidia,Exidia,True,0.9999996423721312,0.002726699996856,BaselineCNN,test
data/processed/test\Exidia\MSO2014PIC66151749.jpg,Exidia,Exidia,True,0.9563671350479126,0.002698500000406,BaselineCNN,test
data/processed/test\Exidia\MSO2015PIC74895293.jpg,Exidia,Lactarius,False,0.5031551122665405,0.0026265000051353,BaselineCNN,test
data/processed/test\Exidia\MSO2016PIC23090222.jpg,Exidia,Exidia,True,0.6157575845718384,0.0026150999910896,BaselineCNN,test
data/processed/test\Exidia\NHE2016-9180599_Byki66lel.jpg,Exidia,Inocybe,False,0.9744393229484558,0.0029853000014554,BaselineCNN,test
data/processed/test\Exidia\NVM2013PIC42485487.jpg,Exidia,Lactarius,False,0.6842257976531982,0.0029785000078845,BaselineCNN,test
data/processed/test\Exidia\RSS2017-9188091_H1ey3FQyoe.jpg,Exidia,Inocybe,False,0.4513831734657287,0.0029071000026306,BaselineCNN,test
data/processed/test\Exidia\TAK2013PIC32572675.jpg,Exidia,Exidia,True,1.0,0.002805600001011,BaselineCNN,test
data/processed/test\Exidia\TIL2017-9190084_BJQTBLw6px.jpg,Exidia,Exidia,True,0.9826974272727966,0.0025909000105457,BaselineCNN,test
data/processed/test\Exidia\TKH2012PIC10624779.jpg,Exidia,Exidia,True,0.9981729984283448,0.0026575999945634,BaselineCNN,test
data/processed/test\Exidia\TKH2013PIC59849237.jpg,Exidia,Exidia,True,0.3797565400600433,0.0026219999999739,BaselineCNN,test
data/processed/test\Exidia\TKH2015PIC23528165.jpg,Exidia,Boletus,False,0.8559781312942505,0.0030264000088209,BaselineCNN,test
data/processed/test\Exidia\TL2015PIC58388718.jpg,Exidia,Exidia,True,0.9991782307624816,0.0025336999970022,BaselineCNN,test
data/processed/test\Exidia\TL2015PIC80481245.jpg,Exidia,Cortinarius,False,0.3916933536529541,0.002807800003211,BaselineCNN,test
data/processed/test\Exidia\TL2016-9182730_HykuO06Zg.jpg,Exidia,Inocybe,False,0.9971959590911864,0.0029789000109303,BaselineCNN,test
data/processed/test\Exidia\TOB2015PIC38267487.jpg,Exidia,Exidia,True,0.9935890436172484,0.0025425000058021,BaselineCNN,test
data/processed/test\Exidia\TOB2016-9184524_S10gErNNl.jpg,Exidia,Cortinarius,False,0.7207494974136353,0.0029181999998399,BaselineCNN,test
data/processed/test\Exidia\TS2010PIC71382964.jpg,Exidia,Exidia,True,0.996877670288086,0.00297970000247,BaselineCNN,test
data/processed/test\Exidia\TS2013PIC55827351.jpg,Exidia,Exidia,True,0.9514434933662416,0.0025961000064853,BaselineCNN,test
data/processed/test\Exidia\TS2016PIC29053644.jpg,Exidia,Amanita,False,0.6922175288200378,0.0026199999992968,BaselineCNN,test
data/processed/test\Exidia\TS2016PIC39839225.jpg,Exidia,Lactarius,False,0.7685303092002869,0.003000200013048,BaselineCNN,test
data/processed/test\Exidia\UFN2017-9192300_S1ZikyZeW.jpg,Exidia,Exidia,True,0.9618840217590332,0.0029240000003483,BaselineCNN,test
data/processed/test\Exidia\UFN2017-9192376_BkicKxmgb.jpg,Exidia,Exidia,True,0.6506117582321167,0.0029726999928243,BaselineCNN,test
data/processed/test\Hygrocybe\000_ZNTZP3tXkz8.jpg,Hygrocybe,Hygrocybe,True,0.6817643046379089,0.0029175000090617,BaselineCNN,test
data/processed/test\Hygrocybe\003_r_0kZgNW3Tc.jpg,Hygrocybe,Cortinarius,False,0.7071807384490967,0.0026112999912584,BaselineCNN,test
data/processed/test\Hygrocybe\004_uURYojZQbjQ.jpg,Hygrocybe,Entoloma,False,0.8922289609909058,0.0025877000007312,BaselineCNN,test
data/processed/test\Hygrocybe\012_LItejlRJ918.jpg,Hygrocybe,Cortinarius,False,0.8248269557952881,0.002741899996181,BaselineCNN,test
data/processed/test\Hygrocybe\022_NycgOWqKPEA.jpg,Hygrocybe,Boletus,False,0.8834679126739502,0.0026465999981155,BaselineCNN,test
data/processed/test\Hygrocybe\030_AQ4o1Xm4AL0.jpg,Hygrocybe,Hygrocybe,True,0.9753431081771852,0.0029744999919785,BaselineCNN,test
data/processed/test\Hygrocybe\032_DZ1xy6htm0M.jpg,Hygrocybe,Cortinarius,False,0.4817274510860443,0.0025969999987864,BaselineCNN,test
data/processed/test\Hygrocybe\040_3txjJQ9iLYI.jpg,Hygrocybe,Hygrocybe,True,0.8408449292182922,0.0029844999953638,BaselineCNN,test
data/processed/test\Hygrocybe\045_TJd-2TQFv10.jpg,Hygrocybe,Lactarius,False,0.74397873878479,0.0026096999936271,BaselineCNN,test
data/processed/test\Hygrocybe\049_XD-_-BeBBR4.jpg,Hygrocybe,Cortinarius,False,0.3699073493480682,0.0025803999888012,BaselineCNN,test
data/processed/test\Hygrocybe\050_ubNntQr-eWE.jpg,Hygrocybe,Hygrocybe,True,0.802706241607666,0.0030040000128792,BaselineCNN,test
data/processed/test\Hygrocybe\056_cGxyxb6UHGk.jpg,Hygrocybe,Boletus,False,0.7306029796600342,0.0025619000080041,BaselineCNN,test
data/processed/test\Hygrocybe\070_WNKPUMir-JY.jpg,Hygrocybe,Lactarius,False,0.9992941617965698,0.0026410999998915,BaselineCNN,test
data/processed/test\Hygrocybe\072_G-fOGmTh3jY.jpg,Hygrocybe,Boletus,False,0.9989883303642272,0.0029165000014472,BaselineCNN,test
data/processed/test\Hygrocybe\076_HGEpcAdN9KE.jpg,Hygrocybe,Hygrocybe,True,0.7632291316986084,0.002595799989649,BaselineCNN,test
data/processed/test\Hygrocybe\081_puYZ4KzYSqs.jpg,Hygrocybe,Cortinarius,False,0.9882573485374452,0.0028609000000869,BaselineCNN,test
data/processed/test\Hygrocybe\107_8A2HnEVmiKo.jpg,Hygrocybe,Boletus,False,0.9998347759246826,0.002621799998451,BaselineCNN,test
data/processed/test\Hygrocybe\112_qr7hsvuhJZ0.jpg,Hygrocybe,Hygrocybe,True,0.8005241751670837,0.0025966999965021,BaselineCNN,test
data/processed/test\Hygrocybe\126_0gAqgiheOxI.jpg,Hygrocybe,Hygrocybe,True,0.9749870300292968,0.0029636999970534,BaselineCNN,test
data/processed/test\Hygrocybe\127_XCKEujZlVek.jpg,Hygrocybe,Lactarius,False,0.98491770029068,0.0025801000010687,BaselineCNN,test
data/processed/test\Hygrocybe\129_j8zgmU7QMxU.jpg,Hygrocybe,Hygrocybe,True,0.9850333333015442,0.0029263000033097,BaselineCNN,test
data/processed/test\Hygrocybe\132_tuQX6vBvZRk.jpg,Hygrocybe,Cortinarius,False,0.8797830939292908,0.0030016999953659,BaselineCNN,test
data/processed/test\Hygrocybe\133_3_ieL2NtOF0.jpg,Hygrocybe,Boletus,False,0.7916291952133179,0.0025842000031843,BaselineCNN,test
data/processed/test\Hygrocybe\142_bhwsyvZtIY0.jpg,Hygrocybe,Lactarius,False,0.7666342258453369,0.0029304000054253,BaselineCNN,test
data/processed/test\Hygrocybe\153_vIb6t4IHEzM.jpg,Hygrocybe,Hygrocybe,True,0.9976038336753844,0.0025456000003032,BaselineCNN,test
data/processed/test\Hygrocybe\159_Ymge5g1qpP4.jpg,Hygrocybe,Boletus,False,0.998290717601776,0.0029308000084711,BaselineCNN,test
data/processed/test\Hygrocybe\167_0dmBJfGHH8c.jpg,Hygrocybe,Hygrocybe,True,0.9381959438323976,0.0029288999940035,BaselineCNN,test
data/processed/test\Hygrocybe\181_GCIMCymbYLk.jpg,Hygrocybe,Cortinarius,False,0.3259551227092743,0.0029520999960368,BaselineCNN,test
data/processed/test\Hygrocybe\188_5IJ0j3yYEyk.jpg,Hygrocybe,Entoloma,False,0.9414995908737184,0.0025829999940469,BaselineCNN,test
data/processed/test\Hygrocybe\201_9i5OZWNQwG0.jpg,Hygrocybe,Cortinarius,False,0.9734357595443726,0.0026046999992104,BaselineCNN,test
data/processed/test\Hygrocybe\203_Z33ahTENL0Q.jpg,Hygrocybe,Russula,False,0.904244065284729,0.0028320000128587,BaselineCNN,test
data/processed/test\Hygrocybe\205_pVtK0sC_qAE.jpg,Hygrocybe,Hygrocybe,True,0.9901341795921326,0.0025933000142686,BaselineCNN,test
data/processed/test\Hygrocybe\216_jDgNLEnykyU.jpg,Hygrocybe,Cortinarius,False,0.8099230527877808,0.0025796999980229,BaselineCNN,test
data/processed/test\Hygrocybe\225_KKCj-5wLqCA.jpg,Hygrocybe,Russula,False,0.7848473191261292,0.0028787000046577,BaselineCNN,test
data/processed/test\Hygrocybe\227_L3z3XTxXk78.jpg,Hygrocybe,Suillus,False,0.6699015498161316,0.0029868999990867,BaselineCNN,test
data/processed/test\Hygrocybe\230_yk2KrQJOQS8.jpg,Hygrocybe,Lactarius,False,0.9999148845672609,0.0025804000033531,BaselineCNN,test
data/processed/test\Hygrocybe\240_7wFT2NzNJsA.jpg,Hygrocybe,Suillus,False,0.9887185096740724,0.0028409999940777,BaselineCNN,test
data/processed/test\Hygrocybe\253_IgK1gMXB7S0.jpg,Hygrocybe,Boletus,False,0.6544751524925232,0.0026318000018363,BaselineCNN,test
data/processed/test\Hygrocybe\257_LPbsa5Oitj0.jpg,Hygrocybe,Cortinarius,False,0.6298474669456482,0.0026111000042874,BaselineCNN,test
data/processed/test\Hygrocybe\271_wkoF4DRryAY.jpg,Hygrocybe,Inocybe,False,0.6205689311027527,0.0028628000000026,BaselineCNN,test
data/processed/test\Hygrocybe\272_-uL1iUddkKE.jpg,Hygrocybe,Lactarius,False,0.9917954802513124,0.0027292000013403,BaselineCNN,test
data/processed/test\Hygrocybe\279_qMPhGAtE9-E.jpg,Hygrocybe,Boletus,False,0.9967051148414612,0.0025830999948084,BaselineCNN,test
data/processed/test\Hygrocybe\287_V13XWthHpss.jpg,Hygrocybe,Suillus,False,0.5189635157585144,0.0029280000017024,BaselineCNN,test
data/processed/test\Hygrocybe\292_RJnjsciXCNM.jpg,Hygrocybe,Hygrocybe,True,0.984401524066925,0.0029585000011138,BaselineCNN,test
data/processed/test\Hygrocybe\299_VBHrsAmQC-E.jpg,Hygrocybe,Hygrocybe,True,0.9999988079071044,0.0025857000000542,BaselineCNN,test
data/processed/test\Hygrocybe\301_vp5CIThqt4k.jpg,Hygrocybe,Suillus,False,0.5183143019676208,0.0028844999906141,BaselineCNN,test
data/processed/test\Hygrocybe\314_tDtKkHcGxRM.jpg,Hygrocybe,Hygrocybe,True,0.9985573887825012,0.0029731999966315,BaselineCNN,test
data/processed/test\Hygrocybe\325_rro3hIu1Nqw.jpg,Hygrocybe,Lactarius,False,0.3796318471431732,0.0026175000093644,BaselineCNN,test
data/processed/test\Inocybe\AE2013PIC74694917.jpg,Inocybe,Inocybe,True,0.9708823561668396,0.0026729000092018,BaselineCNN,test
data/processed/test\Inocybe\AE2015PIC76548267.jpg,Inocybe,Amanita,False,0.6180666089057922,0.0029964999994263,BaselineCNN,test
data/processed/test\Inocybe\AS2010PIC58249290.jpg,Inocybe,Cortinarius,False,0.8561946153640747,0.0032129000028362,BaselineCNN,test
data/processed/test\Inocybe\AS2017-9214269_rygo0WejZ.jpg,Inocybe,Lactarius,False,0.927740752696991,0.0026251999952364,BaselineCNN,test
data/processed/test\Inocybe\BWP2010PIC63790785.jpg,Inocybe,Cortinarius,False,0.6697688698768616,0.0025811000086832,BaselineCNN,test
data/processed/test\Inocybe\BWP2011PIC57986404.jpg,Inocybe,Inocybe,True,0.9993876218795776,0.0032052000024123,BaselineCNN,test
data/processed/test\Inocybe\BWP2013PIC14438171.jpg,Inocybe,Russula,False,0.7655068039894104,0.0058786000008694,BaselineCNN,test
data/processed/test\Inocybe\BWP2015PIC54111483.jpg,Inocybe,Exidia,False,0.6976855397224426,0.0059202999982517,BaselineCNN,test
data/processed/test\Inocybe\BWP2015PIC66105035.jpg,Inocybe,Lactarius,False,0.4097880721092224,0.0112076999939745,BaselineCNN,test
data/processed/test\Inocybe\BWP2016-9169400_r1cjMF0O.jpg,Inocybe,Agaricus,False,0.4701727628707886,0.0094933000073069,BaselineCNN,test
data/processed/test\Inocybe\BWP2016-9169400_ryGAfY0u.jpg,Inocybe,Russula,False,0.5500496029853821,0.0087200999987544,BaselineCNN,test
data/processed/test\Inocybe\CL2011PIC55659604.jpg,Inocybe,Boletus,False,0.9855092167854308,0.0145956000051228,BaselineCNN,test
data/processed/test\Inocybe\DB2013PIC33800138.jpg,Inocybe,Russula,False,0.810329258441925,0.0055847000039648,BaselineCNN,test
data/processed/test\Inocybe\DB2013PIC42730442.jpg,Inocybe,Cortinarius,False,0.9997493624687196,0.0050829999963752,BaselineCNN,test
data/processed/test\Inocybe\DB2013PIC57804056.jpg,Inocybe,Cortinarius,False,0.997610330581665,0.0055602000065846,BaselineCNN,test
data/processed/test\Inocybe\DB2013PIC89729265.jpg,Inocybe,Cortinarius,False,0.8874848484992981,0.0056055000022752,BaselineCNN,test
data/processed/test\Inocybe\EAT2012PIC64084765.jpg,Inocybe,Cortinarius,False,0.5251125693321228,0.0056598000082885,BaselineCNN,test
data/processed/test\Inocybe\EAT2012PIC84850246.jpg,Inocybe,Cortinarius,False,0.8415893912315369,0.0055779999966034,BaselineCNN,test
data/processed/test\Inocybe\EAT2013PIC54191345.jpg,Inocybe,Entoloma,False,0.6491401195526123,0.0055530999961774,BaselineCNN,test
data/processed/test\Inocybe\EAT2014PIC42270599.jpg,Inocybe,Cortinarius,False,0.2703345417976379,0.0053120999946258,BaselineCNN,test
data/processed/test\Inocybe\EAT2015PIC87367583.jpg,Inocybe,Suillus,False,0.671757161617279,0.0025875000137602,BaselineCNN,test
data/processed/test\Inocybe\EAT2015PIC89289492.jpg,Inocybe,Hygrocybe,False,0.4543185234069824,0.002712600005907,BaselineCNN,test
data/processed/test\Inocybe\EAT2017-9208647_BJQtzKntb.jpg,Inocybe,Inocybe,True,0.3015296161174774,0.0026019999932032,BaselineCNN,test
data/processed/test\Inocybe\FDE2011PIC86172261.jpg,Inocybe,Suillus,False,0.9689093828201294,0.0029492000030586,BaselineCNN,test
data/processed/test\Inocybe\FDE2012PIC64061850.jpg,Inocybe,Inocybe,True,0.8525639176368713,0.0025961000064853,BaselineCNN,test
data/processed/test\Inocybe\FS2012PIC59633008.jpg,Inocybe,Hygrocybe,False,0.3957571685314178,0.002984099992318,BaselineCNN,test
data/processed/test\Inocybe\JAH2014PIC52290371.jpg,Inocybe,Exidia,False,0.5700562596321106,0.0029422000079648,BaselineCNN,test
data/processed/test\Inocybe\JCS2009PIC20338594.jpg,Inocybe,Entoloma,False,0.996945321559906,0.0025714000075822,BaselineCNN,test
data/processed/test\Inocybe\JCS2013PIC22587806.jpg,Inocybe,Inocybe,True,0.9939677715301514,0.0026096999936271,BaselineCNN,test
data/processed/test\Inocybe\JCS2013PIC43012548.jpg,Inocybe,Cortinarius,False,0.9662982225418092,0.0025611000019125,BaselineCNN,test
data/processed/test\Inocybe\JCS2013PIC83427178.jpg,Inocybe,Amanita,False,0.9844567179679872,0.0026791999989654,BaselineCNN,test
data/processed/test\Inocybe\JHC2017-9196021_r1DJCAiXW.jpg,Inocybe,Inocybe,True,0.8103459477424622,0.003628500009654,BaselineCNN,test
data/processed/test\Inocybe\JHC2017-9201118_B1VmZiXPZ.jpg,Inocybe,Entoloma,False,0.9160531163215636,0.004515699998592,BaselineCNN,test
data/processed/test\Inocybe\JHC2017-9207705_H16Z0hStW.jpg,Inocybe,Inocybe,True,0.9792451858520508,0.002697599993553,BaselineCNN,test
data/processed/test\Inocybe\JM2012PIC76798409.jpg,Inocybe,Cortinarius,False,0.7404173016548157,0.0033590999955777,BaselineCNN,test
data/processed/test\Inocybe\JM2014PIC65927854.jpg,Inocybe,Lactarius,False,0.7804185152053833,0.002483200005372,BaselineCNN,test
data/processed/test\Inocybe\JM2017-9200086_HkgcxFo28W.jpg,Inocybe,Russula,False,0.3575164675712585,0.0046613000013167,BaselineCNN,test
data/processed/test\Inocybe\JM2017-9200086_rkceKj2LZ.jpg,Inocybe,Russula,False,0.8690522909164429,0.0047113999899011,BaselineCNN,test
data/processed/test\Inocybe\JM2017-9202674_ByodB43P-.jpg,Inocybe,Agaricus,False,0.9780348539352416,0.002910699986387,BaselineCNN,test
data/processed/test\Inocybe\KNI2015PIC36175674.jpg,Inocybe,Cortinarius,False,0.9793331027030944,0.0053734000102849,BaselineCNN,test
data/processed/test\Inocybe\LDJ2009PIC30690154.jpg,Inocybe,Inocybe,True,0.5486139059066772,0.0044211000058567,BaselineCNN,test
data/processed/test\Inocybe\MACH2016-9178188_S1cpNX6A.jpg,Inocybe,Cortinarius,False,0.9109387397766112,0.0057953999930759,BaselineCNN,test
data/processed/test\Inocybe\MAV2010PIC78400496.jpg,Inocybe,Lactarius,False,0.3970474600791931,0.0035525999992387,BaselineCNN,test
data/processed/test\Inocybe\MAV2011PIC87756495.jpg,Inocybe,Inocybe,True,0.8859653472900391,0.0032956000068224,BaselineCNN,test
data/processed/test\Inocybe\MAV2013PIC41670341.jpg,Inocybe,Lactarius,False,0.9518372416496276,0.0047281000006478,BaselineCNN,test
data/processed/test\Inocybe\ML2012PIC15959384.jpg,Inocybe,Inocybe,True,0.6139065623283386,0.0048283000069204,BaselineCNN,test
data/processed/test\Inocybe\MMN2010PIC77085274.jpg,Inocybe,Entoloma,False,0.956466794013977,0.0033856999943964,BaselineCNN,test
data/processed/test\Inocybe\MS2009PIC48014779.jpg,Inocybe,Inocybe,True,0.9417048692703248,0.0044388999958755,BaselineCNN,test
data/processed/test\Inocybe\MS2009PIC76598275.jpg,Inocybe,Russula,False,0.7771621346473694,0.0029808999970555,BaselineCNN,test
data/processed/test\Inocybe\MSO2012PIC41953814.jpg,Inocybe,Boletus,False,0.6788604855537415,0.0029944999987492,BaselineCNN,test
data/processed/test\Inocybe\OBL2011PIC48076248.jpg,Inocybe,Lactarius,False,0.6828116774559021,0.0029249000072013,BaselineCNN,test
data/processed/test\Inocybe\OBL2012PIC16913624.jpg,Inocybe,Inocybe,True,0.9190698862075806,0.0039660999900661,BaselineCNN,test
data/processed/test\Inocybe\PEL2017-9195655_B1Yl9j8mb.jpg,Inocybe,Inocybe,True,0.8707190155982971,0.0029181999998399,BaselineCNN,test
data/processed/test\Inocybe\PETRA2017-9197483_rkgT7fMH-.jpg,Inocybe,Entoloma,False,0.9787858724594116,0.002404300001217,BaselineCNN,test
data/processed/test\Inocybe\PL2011PIC79270766.jpg,Inocybe,Inocybe,True,0.8008767366409302,0.0025499000039417,BaselineCNN,test
data/processed/test\Inocybe\PTP2016-9171214_SyeyOS_pq.jpg,Inocybe,Cortinarius,False,0.6520146131515503,0.0028730000049108,BaselineCNN,test
data/processed/test\Inocybe\RE2010PIC60585326.jpg,Inocybe,Lactarius,False,0.9351871609687804,0.0043820999999297,BaselineCNN,test
data/processed/test\Inocybe\RE2012PIC39126061.jpg,Inocybe,Boletus,False,1.0,0.0085419999959412,BaselineCNN,test
data/processed/test\Inocybe\RE2012PIC69020667.jpg,Inocybe,Russula,False,0.984854221343994,0.0036853999918093,BaselineCNN,test
data/processed/test\Inocybe\SL2013PIC12810247.jpg,Inocybe,Boletus,False,0.3974893689155578,0.0035137999948346,BaselineCNN,test
data/processed/test\Inocybe\TAK2012PIC72845888.jpg,Inocybe,Inocybe,True,0.9930353164672852,0.0042413999908603,BaselineCNN,test
data/processed/test\Inocybe\TAK2013PIC38129211.jpg,Inocybe,Inocybe,True,0.8229984045028687,0.0070810000033816,BaselineCNN,test
data/processed/test\Inocybe\TAK2014PIC74058257.jpg,Inocybe,Russula,False,0.5252571702003479,0.0039509999915026,BaselineCNN,test
data/processed/test\Inocybe\TAK2015PIC12430189.jpg,Inocybe,Exidia,False,0.9825047850608826,0.0025722999998833,BaselineCNN,test
data/processed/test\Inocybe\TAK2017-9195726_SJBnA3Dm-.jpg,Inocybe,Suillus,False,0.3727500438690185,0.0029211999935796,BaselineCNN,test
data/processed/test\Inocybe\TB2010PIC30549452.jpg,Inocybe,Inocybe,True,0.5566197633743286,0.0028844000044045,BaselineCNN,test
data/processed/test\Inocybe\TKH2011PIC29550858.jpg,Inocybe,Exidia,False,0.5881202220916748,0.0044502999953692,BaselineCNN,test
data/processed/test\Inocybe\TKH2012PIC24863747.jpg,Inocybe,Lactarius,False,0.5117709040641785,0.0029465999978128,BaselineCNN,test
data/processed/test\Inocybe\TKH2012PIC58539255.jpg,Inocybe,Suillus,False,0.8551703691482544,0.0054150000069057,BaselineCNN,test
data/processed/test\Inocybe\TKH2013PIC15346099.jpg,Inocybe,Suillus,False,0.479613333940506,0.0044813999993493,BaselineCNN,test
data/processed/test\Inocybe\TKH2013PIC24960254.jpg,Inocybe,Boletus,False,0.4112358689308166,0.0025159000069834,BaselineCNN,test
data/processed/test\Inocybe\TKH2013PIC33707521.jpg,Inocybe,Inocybe,True,0.7371681928634644,0.0047682000003987,BaselineCNN,test
data/processed/test\Inocybe\TKH2013PIC43429224.jpg,Inocybe,Lactarius,False,0.901025891304016,0.0035275999980513,BaselineCNN,test
data/processed/test\Inocybe\TKH2013PIC89377657.jpg,Inocybe,Suillus,False,0.6770400404930115,0.0025953000003937,BaselineCNN,test
data/processed/test\Inocybe\TKH2014PIC28133692.jpg,Inocybe,Cortinarius,False,0.8168977499008179,0.0044526999990921,BaselineCNN,test
data/processed/test\Inocybe\TOB2016-9177959_r1E_IZN1e.jpg,Inocybe,Inocybe,True,0.946269154548645,0.0045469999895431,BaselineCNN,test
data/processed/test\Inocybe\TOB2017-9194552_ryHFsS3MZ.jpg,Inocybe,Lactarius,False,0.5448391437530518,0.0029110000032233,BaselineCNN,test
data/processed/test\Inocybe\TOB2017-9202157_SJH4BiA_P-.jpg,Inocybe,Inocybe,True,0.9053687453269958,0.0029140999977244,BaselineCNN,test
data/processed/test\Inocybe\TOB2017-9202157_rkQEriRdDb.jpg,Inocybe,Inocybe,True,0.855954110622406,0.003506599998218,BaselineCNN,test
data/processed/test\Inocybe\TOB2017-9208818_BJI8SxBgcb.jpg,Inocybe,Inocybe,True,1.0,0.0050282000011065,BaselineCNN,test
data/processed/test\Inocybe\TOB2017-9208818_Hy9LSxSe5Z.jpg,Inocybe,Inocybe,True,1.0,0.0028172000020276,BaselineCNN,test
data/processed/test\Inocybe\TOB2017-9208818_rJG8reBe5Z.jpg,Inocybe,Inocybe,True,0.9999762773513794,0.0026919999945675,BaselineCNN,test
data/processed/test\Inocybe\TOB2017-9208818_rk8Serx5W.jpg,Inocybe,Inocybe,True,0.939462184906006,0.0025809999933699,BaselineCNN,test
data/processed/test\Inocybe\TS2010PIC72695117.jpg,Inocybe,Amanita,False,0.9967480897903442,0.0039343999960692,BaselineCNN,test
data/processed/test\Inocybe\TS2011PIC26376558.jpg,Inocybe,Lactarius,False,0.9561790823936462,0.0044508999999379,BaselineCNN,test
data/processed/test\Inocybe\TS2011PIC53483517.jpg,Inocybe,Inocybe,True,0.9926907420158386,0.0045411999890347,BaselineCNN,test
data/processed/test\Inocybe\TS2011PIC53751796.jpg,Inocybe,Suillus,False,0.8820521831512451,0.0039227999950526,BaselineCNN,test
data/processed/test\Inocybe\TS2012PIC31340902.jpg,Inocybe,Cortinarius,False,0.9999222755432128,0.003668799996376,BaselineCNN,test
data/processed/test\Inocybe\TS2012PIC71517695.jpg,Inocybe,Lactarius,False,0.5149515867233276,0.0030842999985907,BaselineCNN,test
data/processed/test\Inocybe\TS2012PIC76182348.jpg,Inocybe,Inocybe,True,0.9999204874038696,0.0045024999999441,BaselineCNN,test
data/processed/test\Inocybe\TS2013PIC21993338.jpg,Inocybe,Inocybe,True,0.9403955936431884,0.0025890999968396,BaselineCNN,test
data/processed/test\Inocybe\TS2013PIC26765211.jpg,Inocybe,Lactarius,False,0.8079081177711487,0.002468199993018,BaselineCNN,test
data/processed/test\Inocybe\TS2015PIC48470465.jpg,Inocybe,Exidia,False,0.7938463687896729,0.0052832000073976,BaselineCNN,test
data/processed/test\Inocybe\TS2016-9180197_S1b2-Dmpye.jpg,Inocybe,Inocybe,True,0.9980440139770508,0.0033978999999817,BaselineCNN,test
data/processed/test\Lactarius\0000_av7f-8yVUNY.jpg,Lactarius,Cortinarius,False,0.4717244505882263,0.0029110999894328,BaselineCNN,test
data/processed/test\Lactarius\0004_gigZhorw0Eo.jpg,Lactarius,Cortinarius,False,0.7605082392692566,0.0024717000051168,BaselineCNN,test
data/processed/test\Lactarius\0008_SSJpwPhX7Rs.jpg,Lactarius,Cortinarius,False,0.9723001718521118,0.0029092999902786,BaselineCNN,test
data/processed/test\Lactarius\001_0eat5sScleY.jpg,Lactarius,Lactarius,True,0.9999731779098512,0.0037903000047663,BaselineCNN,test
data/processed/test\Lactarius\0024_UzDaRx13wVs.jpg,Lactarius,Lactarius,True,0.9999980926513672,0.0024765999987721,BaselineCNN,test
data/processed/test\Lactarius\0026_autPTj6WXpU.jpg,Lactarius,Lactarius,True,0.495118647813797,0.003851699992083,BaselineCNN,test
data/processed/test\Lactarius\0036_UjqjlkUecEk.jpg,Lactarius,Lactarius,True,0.9983119964599608,0.0025909999967552,BaselineCNN,test
data/processed/test\Lactarius\0058_Ksaju-DFTOM.jpg,Lactarius,Lactarius,True,0.9997820258140564,0.0029403000080492,BaselineCNN,test
data/processed/test\Lactarius\0071_2YKUxBBp95A.jpg,Lactarius,Agaricus,False,0.5441411733627319,0.0025843000039458,BaselineCNN,test
data/processed/test\Lactarius\0078_67hlnzvWweg.jpg,Lactarius,Lactarius,True,0.998407542705536,0.0026077999937115,BaselineCNN,test
data/processed/test\Lactarius\0090_8gZ-MF4DF5c.jpg,Lactarius,Boletus,False,0.8999099731445312,0.0032062999962363,BaselineCNN,test
data/processed/test\Lactarius\0091_GJfhcGAsQEs.jpg,Lactarius,Lactarius,True,0.5170630216598511,0.0026447999989613,BaselineCNN,test
data/processed/test\Lactarius\0092_lAL2nLK6Yqc.jpg,Lactarius,Agaricus,False,0.7694845795631409,0.0030532000091625,BaselineCNN,test
data/processed/test\Lactarius\0096_YCFCQKyiPFI.jpg,Lactarius,Boletus,False,0.6311897039413452,0.0025878000014927,BaselineCNN,test
data/processed/test\Lactarius\0100_VP4M5qp5Xuw.jpg,Lactarius,Lactarius,True,0.9999958276748656,0.0026618000119924,BaselineCNN,test
data/processed/test\Lactarius\0108_bkdZqadlJYM.jpg,Lactarius,Lactarius,True,0.9860753417015076,0.0028426999924704,BaselineCNN,test
data/processed/test\Lactarius\0117_LS-tLCqWBuQ.jpg,Lactarius,Lactarius,True,0.7926040291786194,0.0043430999940028,BaselineCNN,test
data/processed/test\Lactarius\0125_WOyBnDf1Lbs.jpg,Lactarius,Lactarius,True,0.9654594659805298,0.002928999994765,BaselineCNN,test
data/processed/test\Lactarius\0147_ZAySZ3Wkn8k.jpg,Lactarius,Suillus,False,0.9209227561950684,0.0030540000007022,BaselineCNN,test
data/processed/test\Lactarius\0156_xCwDrPY72us.jpg,Lactarius,Cortinarius,False,0.836911141872406,0.0027189999964321,BaselineCNN,test
data/processed/test\Lactarius\0174_S-0siMhJtoc.jpg,Lactarius,Lactarius,True,0.5405343770980835,0.0034465000062482,BaselineCNN,test
data/processed/test\Lactarius\0180_j-oei6bAdy0.jpg,Lactarius,Lactarius,True,0.9995219707489014,0.0029218999989097,BaselineCNN,test
data/processed/test\Lactarius\0184_wNzoTeCzC5o.jpg,Lactarius,Russula,False,0.8624072074890137,0.0028907999949296,BaselineCNN,test
data/processed/test\Lactarius\0188_QDGj1_inixA.jpg,Lactarius,Russula,False,0.4340452253818512,0.0025695000076666,BaselineCNN,test
data/processed/test\Lactarius\0189_u2k3sXqag1M.jpg,Lactarius,Lactarius,True,0.9663178324699402,0.0041271000081906,BaselineCNN,test
data/processed/test\Lactarius\0192_st28pxbylcw.jpg,Lactarius,Boletus,False,0.9790705442428588,0.0041851999994833,BaselineCNN,test
data/processed/test\Lactarius\0202_gGw05EbUi_w.jpg,Lactarius,Cortinarius,False,0.9674605131149292,0.002905000001192,BaselineCNN,test
data/processed/test\Lactarius\0204_PNAIMfY3CWk.jpg,Lactarius,Amanita,False,0.6079744696617126,0.0025366000045323,BaselineCNN,test
data/processed/test\Lactarius\020_AhURHwS9I_c.jpg,Lactarius,Lactarius,True,0.931181252002716,0.0035597999958554,BaselineCNN,test
data/processed/test\Lactarius\0211_a-wtZr6fOMw.jpg,Lactarius,Lactarius,True,0.997861921787262,0.0026361999916844,BaselineCNN,test
data/processed/test\Lactarius\0212_6r0AFhCvTk4.jpg,Lactarius,Lactarius,True,0.9968061447143556,0.0029015000036451,BaselineCNN,test
data/processed/test\Lactarius\0222_JO5jLmkfAw0.jpg,Lactarius,Suillus,False,0.4887113869190216,0.0026373000000603,BaselineCNN,test
data/processed/test\Lactarius\0224_XrApvIigcOQ.jpg,Lactarius,Lactarius,True,0.9961912631988524,0.0026121000119019,BaselineCNN,test
data/processed/test\Lactarius\0228_HknGOROG6Cs.jpg,Lactarius,Lactarius,True,0.9809627532958984,0.0027216000016778,BaselineCNN,test
data/processed/test\Lactarius\0233_YNlSVzp0Kjo.jpg,Lactarius,Boletus,False,0.9115958213806152,0.0025925999943865,BaselineCNN,test
data/processed/test\Lactarius\0237_zZdLcl0mkD0.jpg,Lactarius,Lactarius,True,0.4085578620433807,0.0025678999954834,BaselineCNN,test
data/processed/test\Lactarius\0242_zOYn0DVnISo.jpg,Lactarius,Lactarius,True,0.9967286586761476,0.002519099987694,BaselineCNN,test
data/processed/test\Lactarius\0251_wz4ikkhjBU8.jpg,Lactarius,Boletus,False,0.4257172346115112,0.002469300001394,BaselineCNN,test
data/processed/test\Lactarius\0256_AfKj-CzsmLI.jpg,Lactarius,Lactarius,True,0.977836847305298,0.0029579999973066,BaselineCNN,test
data/processed/test\Lactarius\025_8bHMwyrm1xE.jpg,Lactarius,Cortinarius,False,0.7245336174964905,0.0025926999951479,BaselineCNN,test
data/processed/test\Lactarius\0261_pUdRYRMfy7c.jpg,Lactarius,Lactarius,True,0.777259111404419,0.0025802000018302,BaselineCNN,test
data/processed/test\Lactarius\0264_9xkZs2wAZRQ.jpg,Lactarius,Lactarius,True,0.6751099228858948,0.0028767999901901,BaselineCNN,test
data/processed/test\Lactarius\0270_1nWaT7nSeDE.jpg,Lactarius,Lactarius,True,0.9936500191688538,0.0024910999927669,BaselineCNN,test
data/processed/test\Lactarius\0271_kYpV1APLO9s.jpg,Lactarius,Lactarius,True,0.3337211310863495,0.003461000000243,BaselineCNN,test
data/processed/test\Lactarius\0275_akjCXeShyUw.jpg,Lactarius,Lactarius,True,0.958549737930298,0.0029340999899432,BaselineCNN,test
data/processed/test\Lactarius\0290_KNGFGvBuZbU.jpg,Lactarius,Russula,False,0.5935812592506409,0.0025413999974261,BaselineCNN,test
data/processed/test\Lactarius\0307_MA7GubKH4ZM.jpg,Lactarius,Russula,False,0.512281596660614,0.0025966999965021,BaselineCNN,test
data/processed/test\Lactarius\0313_CWX_V7CeQM4.jpg,Lactarius,Boletus,False,0.539228081703186,0.0029069000011077,BaselineCNN,test
data/processed/test\Lactarius\0322_2UpHsEF5Mzs.jpg,Lactarius,Lactarius,True,0.7007277011871338,0.0025634000048739,BaselineCNN,test
data/processed/test\Lactarius\0325_lAq1Din489Y.jpg,Lactarius,Lactarius,True,0.2858718335628509,0.0028087999962735,BaselineCNN,test
data/processed/test\Lactarius\0328_8IPggG6t9VY.jpg,Lactarius,Amanita,False,0.7065697312355042,0.0029399000050034,BaselineCNN,test
data/processed/test\Lactarius\0335_dVTfQmjMltw.jpg,Lactarius,Russula,False,0.9868020415306092,0.0026206000038655,BaselineCNN,test
data/processed/test\Lactarius\0340_0gzvFhGVf5M.jpg,Lactarius,Lactarius,True,0.771234929561615,0.002947300003143,BaselineCNN,test
data/processed/test\Lactarius\0348_OWdZuiQh9xc.jpg,Lactarius,Lactarius,True,0.4230450987815857,0.0024579999881098,BaselineCNN,test
data/processed/test\Lactarius\0356_gTCmsPnWyO4.jpg,Lactarius,Boletus,False,0.5629171133041382,0.0023586000024806,BaselineCNN,test
data/processed/test\Lactarius\0360_Bfw8PtjOZoI.jpg,Lactarius,Boletus,False,0.9998825788497924,0.0027198000025236,BaselineCNN,test
data/processed/test\Lactarius\036_Tku_ku-u_WQ.jpg,Lactarius,Cortinarius,False,0.9542321562767028,0.0028935000009369,BaselineCNN,test
data/processed/test\Lactarius\0375_E_5sHNAa0DU.jpg,Lactarius,Lactarius,True,0.2598694562911987,0.0026029000000562,BaselineCNN,test
data/processed/test\Lactarius\0385_zeoDavzC8Ec.jpg,Lactarius,Boletus,False,0.7787712216377258,0.0024440999986836,BaselineCNN,test
data/processed/test\Lactarius\0405_XQ5FsiWx3Sc.jpg,Lactarius,Lactarius,True,0.7511405348777771,0.0029574999934993,BaselineCNN,test
data/processed/test\Lactarius\0422_5SNHMw4kUg4.jpg,Lactarius,Lactarius,True,0.987784504890442,0.0025061000051209,BaselineCNN,test
data/processed/test\Lactarius\0436_3AJoqSsMCPY.jpg,Lactarius,Lactarius,True,0.990275263786316,0.0031231000029947,BaselineCNN,test
data/processed/test\Lactarius\0438_7Qg0kxIGbd4.jpg,Lactarius,Lactarius,True,0.981181263923645,0.0028825000044889,BaselineCNN,test
data/processed/test\Lactarius\043_JIiImC3i_NQ.jpg,Lactarius,Cortinarius,False,0.8236709833145142,0.0026838000048883,BaselineCNN,test
data/processed/test\Lactarius\0462_t7WHbpJLnZA.jpg,Lactarius,Lactarius,True,0.9865549802780152,0.0024527000059606,BaselineCNN,test
data/processed/test\Lactarius\0473_FeKBXttVCwg.jpg,Lactarius,Russula,False,0.5434125065803528,0.002832700003637,BaselineCNN,test
data/processed/test\Lactarius\0488_l_gNg2GDLEk.jpg,Lactarius,Amanita,False,0.7798808813095093,0.0028456000000005,BaselineCNN,test
data/processed/test\Lactarius\0489_6GuHfi0wmko.jpg,Lactarius,Lactarius,True,0.7055835723876953,0.0025445000064792,BaselineCNN,test
data/processed/test\Lactarius\0499_MWZEqXbgfwc.jpg,Lactarius,Lactarius,True,0.9589354395866394,0.003455700003542,BaselineCNN,test
data/processed/test\Lactarius\0512_Sot3apiP2eQ.jpg,Lactarius,Cortinarius,False,0.9697232246398926,0.0029092999902786,BaselineCNN,test
data/processed/test\Lactarius\0526_O8CTOvfgWXg.jpg,Lactarius,Exidia,False,0.6184571981430054,0.0025410000089323,BaselineCNN,test
data/processed/test\Lactarius\0532_7BfGW7kGfzM.jpg,Lactarius,Suillus,False,0.7673746943473816,0.0028196000057505,BaselineCNN,test
data/processed/test\Lactarius\0537_q78Py0hHqVc.jpg,Lactarius,Suillus,False,0.5502086281776428,0.0029382999928202,BaselineCNN,test
data/processed/test\Lactarius\0545_ewwuwHvRvLc.jpg,Lactarius,Cortinarius,False,0.6965544819831848,0.0025611000019125,BaselineCNN,test
data/processed/test\Lactarius\056_9JgBES16B_4.jpg,Lactarius,Lactarius,True,0.9993317723274232,0.0025205999991158,BaselineCNN,test
data/processed/test\Lactarius\0571_3sjlFMXpK_0.jpg,Lactarius,Cortinarius,False,0.6430186629295349,0.0039873999921837,BaselineCNN,test
data/processed/test\Lactarius\0576_5wNWaAeW6vo.jpg,Lactarius,Russula,False,0.9521402716636658,0.0029436000040732,BaselineCNN,test
data/processed/test\Lactarius\0596_ROVmIKr9KjA.jpg,Lactarius,Hygrocybe,False,0.9986088871955872,0.0026074999914271,BaselineCNN,test
data/processed/test\Lactarius\0612_qfZxbbQUJ2o.jpg,Lactarius,Cortinarius,False,0.8796906471252441,0.0028582000086316,BaselineCNN,test
data/processed/test\Lactarius\0615_R0G-yDrCQ6U.jpg,Lactarius,Russula,False,0.4042390882968902,0.0029983999993419,BaselineCNN,test
data/processed/test\Lactarius\061_KShq81HACXk.jpg,Lactarius,Hygrocybe,False,0.4144206643104553,0.0030286999972304,BaselineCNN,test
data/processed/test\Lactarius\0628_7XDugUX8ezg.jpg,Lactarius,Boletus,False,0.8145809173583984,0.0025966999965021,BaselineCNN,test
data/processed/test\Lactarius\0630_3idJVXnrBF4.jpg,Lactarius,Boletus,False,0.7882278561592102,0.0029158999968785,BaselineCNN,test
data/processed/test\Lactarius\0645_Z6spVFbiuEY.jpg,Lactarius,Lactarius,True,0.5611281394958496,0.0025337999977637,BaselineCNN,test
data/processed/test\Lactarius\0649_uwl8etw5T-s.jpg,Lactarius,Lactarius,True,0.9200320839881896,0.0029261000017868,BaselineCNN,test
data/processed/test\Lactarius\0651_vzBdVntLr8c.jpg,Lactarius,Lactarius,True,0.8547153472900391,0.0028898000018671,BaselineCNN,test
data/processed/test\Lactarius\0664_vTIkNBMlgC0.jpg,Lactarius,Inocybe,False,0.4416376650333404,0.0025999000063166,BaselineCNN,test
data/processed/test\Lactarius\0670_V1ZK2sFc-Ro.jpg,Lactarius,Lactarius,True,0.9519245028495787,0.0028863000043202,BaselineCNN,test
data/processed/test\Lactarius\0672_VwMevK3GQmI.jpg,Lactarius,Lactarius,True,0.9691153168678284,0.002544899994973,BaselineCNN,test
data/processed/test\Lactarius\0674_jfw03-JCIg4.jpg,Lactarius,Lactarius,True,0.9968858361244202,0.00288780000119,BaselineCNN,test
data/processed/test\Lactarius\0675_t0wBJuQaX1I.jpg,Lactarius,Lactarius,True,0.9997827410697936,0.0025529999984428,BaselineCNN,test
data/processed/test\Lactarius\0680_9iK0lHxdnbE.jpg,Lactarius,Russula,False,0.8853976726531982,0.0028957000031368,BaselineCNN,test
data/processed/test\Lactarius\069_WjmaRv5colU.jpg,Lactarius,Lactarius,True,0.9989680051803588,0.0025033999991137,BaselineCNN,test
data/processed/test\Lactarius\0704_ylcLIXgu01w.jpg,Lactarius,Lactarius,True,0.8776469826698303,0.002909400005592,BaselineCNN,test
data/processed/test\Lactarius\0706_5KiNR80hz8c.jpg,Lactarius,Lactarius,True,0.8877775073051453,0.00287829998706,BaselineCNN,test
data/processed/test\Lactarius\0709_rGbRBgcO1Bo.jpg,Lactarius,Boletus,False,0.5461449027061462,0.0024798999947961,BaselineCNN,test
data/processed/test\Lactarius\0716_XAFN8ZsH8Oc.jpg,Lactarius,Lactarius,True,0.9449787735939026,0.0025476000009803,BaselineCNN,test
data/processed/test\Lactarius\0734_NI0Ax90MD5c.jpg,Lactarius,Suillus,False,0.9010392427444458,0.0025611000019125,BaselineCNN,test
data/processed/test\Lactarius\0736_aLqBxhhsMow.jpg,Lactarius,Lactarius,True,0.9804915189743042,0.0028730000049108,BaselineCNN,test
data/processed/test\Lactarius\0745_ey3D5LyzKTY.jpg,Lactarius,Amanita,False,0.4548629522323608,0.0028393999964464,BaselineCNN,test
data/processed/test\Lactarius\0747_adx1MMw58MI.jpg,Lactarius,Lactarius,True,0.973258912563324,0.0027895999955944,BaselineCNN,test
data/processed/test\Lactarius\0756_C1Ll5LZF_Cg.jpg,Lactarius,Agaricus,False,0.9446114897727966,0.0029126000008545,BaselineCNN,test
data/processed/test\Lactarius\0757_3LeqE6pda1M.jpg,Lactarius,Cortinarius,False,0.9501059651374816,0.0025707000022521,BaselineCNN,test
data/processed/test\Lactarius\0759_oLEvM6Hhevs.jpg,Lactarius,Lactarius,True,0.968217134475708,0.0029214999958639,BaselineCNN,test
data/processed/test\Lactarius\0762_KnQg1QaWm0A.jpg,Lactarius,Amanita,False,0.895971953868866,0.0028043000056641,BaselineCNN,test
data/processed/test\Lactarius\0773_7sw6xICACRk.jpg,Lactarius,Lactarius,True,0.7794643640518188,0.0025917000020854,BaselineCNN,test
data/processed/test\Lactarius\0782_4hQQMaTQWEI.jpg,Lactarius,Lactarius,True,0.8811258673667908,0.0026178999978583,BaselineCNN,test
data/processed/test\Lactarius\0788_pRAv0S0JJWw.jpg,Lactarius,Agaricus,False,0.4255352914333343,0.0027947000053245,BaselineCNN,test
data/processed/test\Lactarius\0789_YdasocklYzQ.jpg,Lactarius,Inocybe,False,0.9101355075836182,0.00255350000225,BaselineCNN,test
data/processed/test\Lactarius\0793_0GzeXD2rqQY.jpg,Lactarius,Russula,False,0.721087634563446,0.0028524000081233,BaselineCNN,test
data/processed/test\Lactarius\0794_rAh-SYlXfxI.jpg,Lactarius,Agaricus,False,0.3528658449649811,0.0025479000032646,BaselineCNN,test
data/processed/test\Lactarius\0805_zrH6_rVsSM8.jpg,Lactarius,Lactarius,True,0.7691072225570679,0.0029053000034764,BaselineCNN,test
data/processed/test\Lactarius\0809_nKVSQbfh_8Q.jpg,Lactarius,Russula,False,0.9645153284072876,0.0029233999957796,BaselineCNN,test
data/processed/test\Lactarius\0810_HmCW6dmg8ww.jpg,Lactarius,Boletus,False,0.981955349445343,0.0029951000033179,BaselineCNN,test
data/processed/test\Lactarius\0811_fny9MwqLlJQ.jpg,Lactarius,Lactarius,True,0.8944581747055054,0.0026597999967634,BaselineCNN,test
data/processed/test\Lactarius\0814_QfgRmQ7qhf4.jpg,Lactarius,Amanita,False,0.8748042583465576,0.0025966999965021,BaselineCNN,test
data/processed/test\Lactarius\0819_UXB8BitCLeg.jpg,Lactarius,Lactarius,True,0.9843292236328124,0.002569799995399,BaselineCNN,test
data/processed/test\Lactarius\0823_Ux2nE3c9Um8.jpg,Lactarius,Lactarius,True,0.9978442192077636,0.0026706999924499,BaselineCNN,test
data/processed/test\Lactarius\0829_s0YUBr49gwI.jpg,Lactarius,Lactarius,True,0.2656352519989013,0.0028528000111691,BaselineCNN,test
data/processed/test\Lactarius\083_b-MWcypdVgI.jpg,Lactarius,Lactarius,True,0.998895525932312,0.0025456000003032,BaselineCNN,test
data/processed/test\Lactarius\0852_7k3Zyy3_DGE.jpg,Lactarius,Boletus,False,0.5493316054344177,0.0025822000025073,BaselineCNN,test
data/processed/test\Lactarius\0861_R-QITvIdQ0I.jpg,Lactarius,Russula,False,0.9526549577713012,0.0026752999983727,BaselineCNN,test
data/processed/test\Lactarius\0863_vVoT2CYybJg.jpg,Lactarius,Boletus,False,0.5237306952476501,0.0025466000079177,BaselineCNN,test
data/processed/test\Lactarius\0868_VH-IjF4KU2A.jpg,Lactarius,Lactarius,True,0.9935131669044496,0.0029560999973909,BaselineCNN,test
data/processed/test\Lactarius\0874_2lGLHI_YG5k.jpg,Lactarius,Suillus,False,0.898375391960144,0.0025705999869387,BaselineCNN,test
data/processed/test\Lactarius\087_L5ZS-DiYxEI.jpg,Lactarius,Lactarius,True,0.9999427795410156,0.0025519999908283,BaselineCNN,test
data/processed/test\Lactarius\0881_3RtHEelIwJ0.jpg,Lactarius,Lactarius,True,0.9929023385047911,0.0026691000093705,BaselineCNN,test
data/processed/test\Lactarius\0886_DVymd3ri6ok.jpg,Lactarius,Lactarius,True,0.9038731455802916,0.0028612000023713,BaselineCNN,test
data/processed/test\Lactarius\0890_Fm2kZLQ186E.jpg,Lactarius,Lactarius,True,0.7920482754707336,0.0025552000006427,BaselineCNN,test
data/processed/test\Lactarius\0891_y4giXhWdmzg.jpg,Lactarius,Boletus,False,0.4408611953258514,0.0025796999980229,BaselineCNN,test
data/processed/test\Lactarius\0894_faLSlbF53CA.jpg,Lactarius,Lactarius,True,0.8066554665565491,0.0025420000019948,BaselineCNN,test
data/processed/test\Lactarius\0898_H5ncLRcbiOQ.jpg,Lactarius,Lactarius,True,0.3758608102798462,0.0026029999862657,BaselineCNN,test
data/processed/test\Lactarius\089_AJoVxJM23M4.jpg,Lactarius,Boletus,False,0.7498210072517395,0.0029436000040732,BaselineCNN,test
data/processed/test\Lactarius\0904_Z0MfidvU7JU.jpg,Lactarius,Agaricus,False,0.8822572827339172,0.0030119000002741,BaselineCNN,test
data/processed/test\Lactarius\0924_mvAXbhaPY-k.jpg,Lactarius,Agaricus,False,0.405187726020813,0.0029102000116836,BaselineCNN,test
data/processed/test\Lactarius\0931_qYe0VtJnAhQ.jpg,Lactarius,Boletus,False,0.6655349135398865,0.0030104000034043,BaselineCNN,test
data/processed/test\Lactarius\0941_SIWGBlVT-DI.jpg,Lactarius,Suillus,False,0.987536609172821,0.0025458000018261,BaselineCNN,test
data/processed/test\Lactarius\0948_omWNNnbQkxU.jpg,Lactarius,Suillus,False,0.8074499368667603,0.0029409999988274,BaselineCNN,test
data/processed/test\Lactarius\094_-2iyr_W_qvQ.jpg,Lactarius,Lactarius,True,0.7039397954940796,0.0025501000054646,BaselineCNN,test
data/processed/test\Lactarius\0950_ijfkg6qgVms.jpg,Lactarius,Lactarius,True,0.4371963143348694,0.0029875000036554,BaselineCNN,test
data/processed/test\Lactarius\095_BtaRrYfMJVs.jpg,Lactarius,Russula,False,0.7523332834243774,0.0030878000106895,BaselineCNN,test
data/processed/test\Lactarius\0966_RRkmCZs4Hgk.jpg,Lactarius,Russula,False,0.5834112763404846,0.002828299999237,BaselineCNN,test
data/processed/test\Lactarius\0968_D_TOmURQt5M.jpg,Lactarius,Lactarius,True,0.7373991012573242,0.0075832000002264,BaselineCNN,test
data/processed/test\Lactarius\0975_TPuBswVPF4E.jpg,Lactarius,Suillus,False,0.5900801420211792,0.0029342999914661,BaselineCNN,test
data/processed/test\Lactarius\0978_f0jCRe74OWg.jpg,Lactarius,Lactarius,True,0.9819223880767822,0.0028954000008525,BaselineCNN,test
data/processed/test\Lactarius\097_EnaERH1OSng.jpg,Lactarius,Boletus,False,0.8754596710205078,0.0029690000083064,BaselineCNN,test
data/processed/test\Lactarius\0980_m_ohZyV7g-Y.jpg,Lactarius,Boletus,False,0.7350181937217712,0.0052175000018905,BaselineCNN,test
data/processed/test\Lactarius\0990_eosoYFrwQLI.jpg,Lactarius,Cortinarius,False,0.3720962703227997,0.0030404999997699,BaselineCNN,test
data/processed/test\Lactarius\0993_vWFD5m5EFdw.jpg,Lactarius,Lactarius,True,0.9721008539199828,0.0026376000023446,BaselineCNN,test
data/processed/test\Lactarius\0997_I_lCHDRsFnk.jpg,Lactarius,Inocybe,False,0.6527623534202576,0.0043660999945132,BaselineCNN,test
data/processed/test\Lactarius\099_tlQryExCSSc.jpg,Lactarius,Russula,False,0.634042501449585,0.0027181000041309,BaselineCNN,test
data/processed/test\Lactarius\1023_5KzdIbZlWao.jpg,Lactarius,Boletus,False,0.8088710904121399,0.0040530999976908,BaselineCNN,test
data/processed/test\Lactarius\1031_-Xmag74uj8c.jpg,Lactarius,Cortinarius,False,0.962479531764984,0.0027581000031204,BaselineCNN,test
data/processed/test\Lactarius\1035_5IsEFXEEEaY.jpg,Lactarius,Boletus,False,0.7231650352478027,0.0037485000066226,BaselineCNN,test
data/processed/test\Lactarius\1039_IeXUvS5caiU.jpg,Lactarius,Lactarius,True,0.5731736421585083,0.003029500003322,BaselineCNN,test
data/processed/test\Lactarius\1051_OqWmAht3bQo.jpg,Lactarius,Lactarius,True,0.7894951105117798,0.0027473999944049,BaselineCNN,test
data/processed/test\Lactarius\1084__qV9VGarloM.jpg,Lactarius,Amanita,False,0.893591582775116,0.0026713000115705,BaselineCNN,test
data/processed/test\Lactarius\1087_T-XOvJDzPj4.jpg,Lactarius,Russula,False,0.9614315032958984,0.0025683999992907,BaselineCNN,test
data/processed/test\Lactarius\108_M1XYdkUcelY.jpg,Lactarius,Amanita,False,0.633333146572113,0.0025956999888876,BaselineCNN,test
data/processed/test\Lactarius\1095_DTLgzikyFDc.jpg,Lactarius,Lactarius,True,0.9029995799064636,0.0026664000033633,BaselineCNN,test
data/processed/test\Lactarius\1102_LESYYltPhNw.jpg,Lactarius,Lactarius,True,0.9999064207077026,0.0031663999980082,BaselineCNN,test
data/processed/test\Lactarius\1104_Top2jkbHf3c.jpg,Lactarius,Agaricus,False,0.9964840412139891,0.0029407999973045,BaselineCNN,test
data/processed/test\Lactarius\1108_Drq20AGMUPU.jpg,Lactarius,Lactarius,True,0.7280734777450562,0.0029614999948535,BaselineCNN,test
data/processed/test\Lactarius\1112_BjWWPLj9vfs.jpg,Lactarius,Russula,False,0.9614315032958984,0.0025797999987844,BaselineCNN,test
data/processed/test\Lactarius\1119_97YWRRfAMdE.jpg,Lactarius,Lactarius,True,0.9276176691055298,0.0029489000007743,BaselineCNN,test
data/processed/test\Lactarius\1126_OzpDgrwjWNc.jpg,Lactarius,Lactarius,True,0.6335602402687073,0.0029843000083928,BaselineCNN,test
data/processed/test\Lactarius\1133_HDYDTLTS4FA.jpg,Lactarius,Lactarius,True,0.495118647813797,0.0026489999872865,BaselineCNN,test
data/processed/test\Lactarius\1140_L4hzKxVbQc0.jpg,Lactarius,Amanita,False,0.8986068367958069,0.0029855000029783,BaselineCNN,test
data/processed/test\Lactarius\1144_d52jIf1q8OQ.jpg,Lactarius,Russula,False,0.979328751564026,0.0025956999888876,BaselineCNN,test
data/processed/test\Lactarius\1157_lIsQAIM1Bms.jpg,Lactarius,Russula,False,0.9811576008796692,0.0041959999944083,BaselineCNN,test
data/processed/test\Lactarius\1163_6urWblLWaP0.jpg,Lactarius,Boletus,False,0.5876603126525879,0.0029092000040691,BaselineCNN,test
data/processed/test\Lactarius\1164_sa2vKVnzdDU.jpg,Lactarius,Lactarius,True,0.9092780351638794,0.0030747999990126,BaselineCNN,test
data/processed/test\Lactarius\1168_liGHHAZOR28.jpg,Lactarius,Boletus,False,0.9898928999900818,0.0029749999957857,BaselineCNN,test
data/processed/test\Lactarius\1185_l8CcBJMEx4U.jpg,Lactarius,Lactarius,True,0.8527437448501587,0.0025896000006468,BaselineCNN,test
data/processed/test\Lactarius\1187_SFmMgNJ91-I.jpg,Lactarius,Russula,False,0.5908142924308777,0.0041906000114977,BaselineCNN,test
data/processed/test\Lactarius\1194_Q_-2-NBIRlk.jpg,Lactarius,Cortinarius,False,0.6211689114570618,0.0026263999898219,BaselineCNN,test
data/processed/test\Lactarius\1199_hy7BCb0o9Ss.jpg,Lactarius,Russula,False,0.817847728729248,0.0029395000019576,BaselineCNN,test
data/processed/test\Lactarius\1205_V_YJfaEofno.jpg,Lactarius,Boletus,False,0.4845100343227386,0.0030168999946909,BaselineCNN,test
data/processed/test\Lactarius\1209_-oHFXkHNN6c.jpg,Lactarius,Suillus,False,0.4369235634803772,0.0030681000062031,BaselineCNN,test
data/processed/test\Lactarius\1210_5y8ObCFK_r4.jpg,Lactarius,Boletus,False,0.9388021230697632,0.0026212999946437,BaselineCNN,test
data/processed/test\Lactarius\1213_E6SGc19pJFY.jpg,Lactarius,Suillus,False,0.992642104625702,0.0027874999941559,BaselineCNN,test
data/processed/test\Lactarius\1223_6yV3bv_fpo8.jpg,Lactarius,Lactarius,True,0.9663515686988832,0.002970900008222,BaselineCNN,test
data/processed/test\Lactarius\1224_Yn3W7OW8tkQ.jpg,Lactarius,Lactarius,True,0.7789976596832275,0.0025975000025937,BaselineCNN,test
data/processed/test\Lactarius\1226_nyvT8mRno3g.jpg,Lactarius,Boletus,False,0.5956071615219116,0.002658400000655,BaselineCNN,test
data/processed/test\Lactarius\122_W_5GcNcAuN4.jpg,Lactarius,Lactarius,True,0.663338840007782,0.0026685000048018,BaselineCNN,test
data/processed/test\Lactarius\1251_bPDEkspIv50.jpg,Lactarius,Boletus,False,0.8066486716270447,0.002978600008646,BaselineCNN,test
data/processed/test\Lactarius\1252_73K3pd3sWMQ.jpg,Lactarius,Lactarius,True,0.7136631608009338,0.0055916999990586,BaselineCNN,test
data/processed/test\Lactarius\128_dfE8pjx6FdQ.jpg,Lactarius,Cortinarius,False,0.6506060361862183,0.0052699000079883,BaselineCNN,test
data/processed/test\Lactarius\136_2lSzCzGC8cs.jpg,Lactarius,Agaricus,False,0.4899866580963135,0.0055491999955847,BaselineCNN,test
data/processed/test\Lactarius\140_exY6qQ3hXgY.jpg,Lactarius,Cortinarius,False,0.9982324242591858,0.0057813000021269,BaselineCNN,test
data/processed/test\Lactarius\149_CwuowlVAMxY.jpg,Lactarius,Exidia,False,0.9757059812545776,0.0055432000081054,BaselineCNN,test
data/processed/test\Lactarius\153_gN8-LTmbt4U.jpg,Lactarius,Agaricus,False,0.8888700604438782,0.0047898000048007,BaselineCNN,test
data/processed/test\Lactarius\164_YmyEAa79xJY.jpg,Lactarius,Lactarius,True,0.9392998218536376,0.0056286999897565,BaselineCNN,test
data/processed/test\Lactarius\166_m4APlqR5cX8.jpg,Lactarius,Lactarius,True,0.992070734500885,0.0056119000073522,BaselineCNN,test
data/processed/test\Lactarius\167_sbpN5cmc4Qw.jpg,Lactarius,Boletus,False,0.9928532242774964,0.0049855999968713,BaselineCNN,test
data/processed/test\Lactarius\172_AtgfiwOgTAk.jpg,Lactarius,Lactarius,True,0.9654551148414612,0.0080610000004526,BaselineCNN,test
data/processed/test\Lactarius\175_I_Sk3JdyB8Q.jpg,Lactarius,Lactarius,True,0.9202521443367004,0.0055436999973608,BaselineCNN,test
data/processed/test\Lactarius\176_7c5SOZYoEEQ.jpg,Lactarius,Lactarius,True,0.5789018869400024,0.0050547999999253,BaselineCNN,test
data/processed/test\Lactarius\182_Z_eMo84pz4w.jpg,Lactarius,Boletus,False,0.5732511281967163,0.0082137999997939,BaselineCNN,test
data/processed/test\Lactarius\186_vqv6RGdM7tQ.jpg,Lactarius,Lactarius,True,0.2969412803649902,0.0048020999965956,BaselineCNN,test
data/processed/test\Lactarius\187_9b5XfCCHe9s.jpg,Lactarius,Inocybe,False,0.5376419425010681,0.0054776999895693,BaselineCNN,test
data/processed/test\Lactarius\188__ssneZ3zq44.jpg,Lactarius,Exidia,False,0.6686093211174011,0.0055753999913576,BaselineCNN,test
data/processed/test\Lactarius\200_h-AIr5ayQw8.jpg,Lactarius,Lactarius,True,0.7636429071426392,0.0055076999997254,BaselineCNN,test
data/processed/test\Lactarius\204_5earXwj40js.jpg,Lactarius,Lactarius,True,0.7100967168807983,0.0055557999876327,BaselineCNN,test
data/processed/test\Lactarius\206_32LgeIY1Yeg.jpg,Lactarius,Lactarius,True,0.9962826371192932,0.0050817000010283,BaselineCNN,test
data/processed/test\Lactarius\216_XQewJ4iZ0SE.jpg,Lactarius,Agaricus,False,0.5505468845367432,0.0050505000108387,BaselineCNN,test
data/processed/test\Lactarius\217_NouQvvUbzkI.jpg,Lactarius,Suillus,False,0.7512140870094299,0.0050177999946754,BaselineCNN,test
data/processed/test\Lactarius\220_s7m6OJgigsQ.jpg,Lactarius,Lactarius,True,0.5177475810050964,0.0055432000081054,BaselineCNN,test
data/processed/test\Lactarius\221_gFGMtF63hew.jpg,Lactarius,Lactarius,True,0.9921196699142456,0.0054919999965932,BaselineCNN,test
data/processed/test\Lactarius\233_Zrhk_kzm9RI.jpg,Lactarius,Boletus,False,0.8269877433776855,0.0054434000048786,BaselineCNN,test
data/processed/test\Lactarius\243_Kcz6T9Gexhs.jpg,Lactarius,Boletus,False,0.9931039214134216,0.0052589999977499,BaselineCNN,test
data/processed/test\Lactarius\245_8a_KwW3R88w.jpg,Lactarius,Russula,False,0.9305831789970398,0.0048769999993965,BaselineCNN,test
data/processed/test\Lactarius\246_RXGb-uY_OT0.jpg,Lactarius,Lactarius,True,0.9737434387207032,0.005588699990767,BaselineCNN,test
data/processed/test\Lactarius\253_04FkFVirQ7Y.jpg,Lactarius,Boletus,False,0.9395382404327391,0.0055492999963462,BaselineCNN,test
data/processed/test\Lactarius\263_q4EWqSw73ss.jpg,Lactarius,Cortinarius,False,0.9525853991508484,0.005556100004469,BaselineCNN,test
data/processed/test\Lactarius\276_hZykQcrhdmk.jpg,Lactarius,Lactarius,True,0.5860766172409058,0.0049796999956015,BaselineCNN,test
data/processed/test\Lactarius\288_q9eXJ9RotUs.jpg,Lactarius,Suillus,False,0.6303306221961975,0.0055710000015096,BaselineCNN,test
data/processed/test\Lactarius\295_d1IVZwM135g.jpg,Lactarius,Lactarius,True,0.7984437346458435,0.0028659999952651,BaselineCNN,test
data/processed/test\Lactarius\310_MVmkt2VWorA.jpg,Lactarius,Lactarius,True,0.9770724773406982,0.0032921000092756,BaselineCNN,test
data/processed/test\Lactarius\312_Kxi6Fhuexdw.jpg,Lactarius,Lactarius,True,0.9997367262840272,0.0026115999935427,BaselineCNN,test
data/processed/test\Lactarius\327_Hk8VyUuKT-A.jpg,Lactarius,Lactarius,True,0.9999985694885254,0.0026926999998977,BaselineCNN,test
data/processed/test\Lactarius\333_NGUe2XVS3hk.jpg,Lactarius,Cortinarius,False,0.9349148869514464,0.0043139000044902,BaselineCNN,test
data/processed/test\Lactarius\335_fqi3SPxPO_M.jpg,Lactarius,Boletus,False,0.8951132297515869,0.0026236999983666,BaselineCNN,test
data/processed/test\Lactarius\338_SSuhFw6v6bo.jpg,Lactarius,Amanita,False,0.7128633856773376,0.003882999997586,BaselineCNN,test
data/processed/test\Lactarius\340_eLuW-nUYdC0.jpg,Lactarius,Lactarius,True,0.7954813838005066,0.0027143000042997,BaselineCNN,test
data/processed/test\Lactarius\353_ZQcLrpjLWBc.jpg,Lactarius,Lactarius,True,0.8814108967781067,0.0043322999990778,BaselineCNN,test
data/processed/test\Lactarius\355_THNiI8IQ5e4.jpg,Lactarius,Agaricus,False,0.7205647230148315,0.0029314999992493,BaselineCNN,test
data/processed/test\Lactarius\364_TiFrgt8za6w.jpg,Lactarius,Suillus,False,0.3610146939754486,0.0026079999952344,BaselineCNN,test
data/processed/test\Lactarius\365_gihWtePuGlo.jpg,Lactarius,Lactarius,True,0.9560551047325134,0.0028544999950099,BaselineCNN,test
data/processed/test\Lactarius\373_sb1ABlLL_Io.jpg,Lactarius,Cortinarius,False,0.7925224900245667,0.0026524999993853,BaselineCNN,test
data/processed/test\Lactarius\381_70eN3baoMiU.jpg,Lactarius,Russula,False,0.8694379925727844,0.0030293000017991,BaselineCNN,test
data/processed/test\Lactarius\391_x5VHqfidZUA.jpg,Lactarius,Lactarius,True,0.9984951019287108,0.0028897000011056,BaselineCNN,test
data/processed/test\Lactarius\394_pA_n_Wu4_60.jpg,Lactarius,Boletus,False,0.6591851115226746,0.0029760999896097,BaselineCNN,test
data/processed/test\Lactarius\410_gHeG6gEpGT8.jpg,Lactarius,Lactarius,True,0.6526457667350769,0.0025808000063989,BaselineCNN,test
data/processed/test\Lactarius\412_r_okI2cO5S4.jpg,Lactarius,Russula,False,0.347030371427536,0.0026148000033572,BaselineCNN,test
data/processed/test\Russula\001_iKuK1p9EOJ0.jpg,Russula,Boletus,False,0.8143510222434998,0.0025618000072427,BaselineCNN,test
data/processed/test\Russula\007_gZhfQcNeM9U.jpg,Russula,Russula,True,0.9832651019096376,0.0026242999883834,BaselineCNN,test
data/processed/test\Russula\008_Dz7lB9JtqxQ.jpg,Russula,Lactarius,False,0.7302349805831909,0.0029118000093149,BaselineCNN,test
data/processed/test\Russula\013_LGHqXuWMeHE.jpg,Russula,Boletus,False,0.6486755609512329,0.0025970999995479,BaselineCNN,test
data/processed/test\Russula\014_a6ZorjAMstY.jpg,Russula,Exidia,False,0.8591709733009338,0.0025821000017458,BaselineCNN,test
data/processed/test\Russula\019_EKkNgTevh1g.jpg,Russula,Russula,True,0.497799813747406,0.0030074999958742,BaselineCNN,test
data/processed/test\Russula\024_rhgAyyNHSJo.jpg,Russula,Amanita,False,0.3813871443271637,0.0029725000058533,BaselineCNN,test
data/processed/test\Russula\025_k35cqXEzH7Y.jpg,Russula,Lactarius,False,0.2995124161243438,0.0026172999932896,BaselineCNN,test
data/processed/test\Russula\030_sCKfBfNbOl4.jpg,Russula,Russula,True,0.70039963722229,0.0026139999972656,BaselineCNN,test
data/processed/test\Russula\039_ikQwz6n6X4o.jpg,Russula,Russula,True,0.969810426235199,0.0030455999949481,BaselineCNN,test
data/processed/test\Russula\043_a_5lm55zCVc.jpg,Russula,Inocybe,False,0.6483233571052551,0.0029162999999243,BaselineCNN,test
data/processed/test\Russula\043_fOQ2ffx-cy8.jpg,Russula,Russula,True,0.946333944797516,0.0026450000004842,BaselineCNN,test
data/processed/test\Russula\047_eHKYt6tnSCs.jpg,Russula,Inocybe,False,0.5765004754066467,0.0027712000010069,BaselineCNN,test
data/processed/test\Russula\050_MwOq3EeFUvc.jpg,Russula,Boletus,False,0.4877290427684784,0.0028957000031368,BaselineCNN,test
data/processed/test\Russula\057_jOjOWsmPwSs.jpg,Russula,Boletus,False,0.868930459022522,0.0027610000106506,BaselineCNN,test
data/processed/test\Russula\058_rXtA5QC0tm0.jpg,Russula,Russula,True,0.8391023874282837,0.0026166000025114,BaselineCNN,test
data/processed/test\Russula\064_7LLSFgmojbg.jpg,Russula,Russula,True,0.756875216960907,0.0029547000012826,BaselineCNN,test
data/processed/test\Russula\066_QwlTSWbST_A.jpg,Russula,Cortinarius,False,0.7141090631484985,0.0026928000006591,BaselineCNN,test
data/processed/test\Russula\067_1HwiqbR9nY4.jpg,Russula,Boletus,False,0.9529542922973632,0.0028886000072816,BaselineCNN,test
data/processed/test\Russula\087_dkTD8ebKnDo.jpg,Russula,Russula,True,0.9915095567703248,0.0026125000003958,BaselineCNN,test
data/processed/test\Russula\090_wTqyZFVyKa4.jpg,Russula,Russula,True,0.4895020425319671,0.0042361999949207,BaselineCNN,test
data/processed/test\Russula\091_OhbGtsJOrac.jpg,Russula,Entoloma,False,0.968665599822998,0.0026091000036103,BaselineCNN,test
data/processed/test\Russula\096_RZyKfwF8OnQ.jpg,Russula,Boletus,False,0.8080236911773682,0.0027162000042153,BaselineCNN,test
data/processed/test\Russula\097_MDNp4nnFbsU.jpg,Russula,Suillus,False,0.8990789651870728,0.0029699000006075,BaselineCNN,test
data/processed/test\Russula\097_vcRnfngKDrA.jpg,Russula,Russula,True,0.9999938011169434,0.0026241000014124,BaselineCNN,test
data/processed/test\Russula\102_ZPT8jUM20PQ.jpg,Russula,Russula,True,0.9037086963653564,0.0026109000027645,BaselineCNN,test
data/processed/test\Russula\104_Rsfyh5xO7v4.jpg,Russula,Russula,True,0.9864046573638916,0.00291379999544,BaselineCNN,test
data/processed/test\Russula\105_-Z8GVGlP6ZQ.jpg,Russula,Lactarius,False,0.5787497758865356,0.0025974000018322,BaselineCNN,test
data/processed/test\Russula\110_Dq7-S4a1PBA.jpg,Russula,Inocybe,False,0.9845598936080932,0.0029109000024618,BaselineCNN,test
data/processed/test\Russula\110_tI1gcfV67iM.jpg,Russula,Cortinarius,False,0.9986566305160522,0.0025589000142645,BaselineCNN,test
data/processed/test\Russula\112_LjHLUTH9Ofo.jpg,Russula,Suillus,False,0.9935207962989808,0.0029609000048367,BaselineCNN,test
data/processed/test\Russula\115_421ZUjl0L6I.jpg,Russula,Boletus,False,0.9901757836341858,0.0026963999989675,BaselineCNN,test
data/processed/test\Russula\116_1OsHlMx-dSQ.jpg,Russula,Lactarius,False,0.5353043079376221,0.0025303000002168,BaselineCNN,test
data/processed/test\Russula\121_G6PKJxVEa-M.jpg,Russula,Lactarius,False,0.5818977952003479,0.002900799998315,BaselineCNN,test
data/processed/test\Russula\127_VbgJEufLv7I.jpg,Russula,Agaricus,False,0.8863622546195984,0.0029868999990867,BaselineCNN,test
data/processed/test\Russula\139_H3FH6JjjTzg.jpg,Russula,Entoloma,False,0.5013920664787292,0.0025982000079238,BaselineCNN,test
data/processed/test\Russula\145_o2dRwsYbjMY.jpg,Russula,Boletus,False,0.4359195828437805,0.0025839000009,BaselineCNN,test
data/processed/test\Russula\150_HG0rdEL96d8.jpg,Russula,Russula,True,0.4388083517551422,0.0025652000040281,BaselineCNN,test
data/processed/test\Russula\152_T7Jz4WBLsEQ.jpg,Russula,Suillus,False,0.4884404838085174,0.0032827999966684,BaselineCNN,test
data/processed/test\Russula\165_iSv1-9PofVg.jpg,Russula,Russula,True,0.8497074842453003,0.0025711000052979,BaselineCNN,test
data/processed/test\Russula\167_9loyXWNmBDI.jpg,Russula,Russula,True,0.9057716727256776,0.0029083999979775,BaselineCNN,test
data/processed/test\Russula\170_8gD6VgBIRW8.jpg,Russula,Boletus,False,0.999968409538269,0.0025705000007292,BaselineCNN,test
data/processed/test\Russula\174_ZHZm2cjKSd4.jpg,Russula,Russula,True,0.9687775373458862,0.0029427999979816,BaselineCNN,test
data/processed/test\Russula\183_7HPLUZ0JPGw.jpg,Russula,Russula,True,0.5576335191726685,0.0026125000003958,BaselineCNN,test
data/processed/test\Russula\187_eVoSi006rJc.jpg,Russula,Lactarius,False,0.9945704340934752,0.002599100000225,BaselineCNN,test
data/processed/test\Russula\190_jB_ANV0GfGc.jpg,Russula,Lactarius,False,0.9982245564460754,0.0030202000052668,BaselineCNN,test
data/processed/test\Russula\193_0iPR4s0EgAE.jpg,Russula,Cortinarius,False,0.8563458323478699,0.0025759999989531,BaselineCNN,test
data/processed/test\Russula\194_NP3riIl0ZRw.jpg,Russula,Cortinarius,False,0.6243047118186951,0.0028421000024536,BaselineCNN,test
data/processed/test\Russula\196_8vqiUiCZSf4.jpg,Russula,Lactarius,False,0.8255637884140015,0.0026034000038634,BaselineCNN,test
data/processed/test\Russula\197_8SaITt5hQBY.jpg,Russula,Exidia,False,0.6948779225349426,0.0029724000050919,BaselineCNN,test
data/processed/test\Russula\200_JMAjbr8Po8M.jpg,Russula,Cortinarius,False,0.7004392743110657,0.0029570999904535,BaselineCNN,test
data/processed/test\Russula\203_7ZDu3mnm2D8.jpg,Russula,Russula,True,0.7556444406509399,0.0026771999982884,BaselineCNN,test
data/processed/test\Russula\212_mAsF0Tdhqu8.jpg,Russula,Amanita,False,0.5217109322547913,0.0029729999951086,BaselineCNN,test
data/processed/test\Russula\218_zKx8R11Bjuo.jpg,Russula,Lactarius,False,0.5253766179084778,0.0029211999935796,BaselineCNN,test
data/processed/test\Russula\219_Tj5ZWF3-yCc.jpg,Russula,Lactarius,False,0.7846953868865967,0.0026407000113977,BaselineCNN,test
data/processed/test\Russula\220_LB02R316CKc.jpg,Russula,Russula,True,0.9912556409835817,0.0026332000124966,BaselineCNN,test
data/processed/test\Russula\221_GAqgMbeBJ_w.jpg,Russula,Russula,True,0.6850467324256897,0.0029210999928181,BaselineCNN,test
data/processed/test\Russula\222_l5ppfQIYS20.jpg,Russula,Boletus,False,0.9677429795265198,0.0036036999954376,BaselineCNN,test
data/processed/test\Russula\229_GvS-zosxGjw.jpg,Russula,Russula,True,0.9889511466026306,0.0030074999958742,BaselineCNN,test
data/processed/test\Russula\232_mX205dWbGSs.jpg,Russula,Boletus,False,0.8228360414505005,0.0026061999960802,BaselineCNN,test
data/processed/test\Russula\237_ngiHar4V9OQ.jpg,Russula,Boletus,False,0.7255517244338989,0.0029719000012846,BaselineCNN,test
data/processed/test\Russula\251_fEoTrBJW8cM.jpg,Russula,Russula,True,0.9861143827438354,0.0026262999890604,BaselineCNN,test
data/processed/test\Russula\255_Kb8wme58c30.jpg,Russula,Russula,True,0.5675134658813477,0.0025967999972635,BaselineCNN,test
data/processed/test\Russula\274_HgGEtks3OsI.jpg,Russula,Cortinarius,False,0.9146917462348938,0.0028763000009348,BaselineCNN,test
data/processed/test\Russula\275_pEbq4xW22Ag.jpg,Russula,Agaricus,False,0.8551121354103088,0.0025897000014083,BaselineCNN,test
data/processed/test\Russula\280_dQwEUooNmxU.jpg,Russula,Entoloma,False,0.2266870290040969,0.0025830999948084,BaselineCNN,test
data/processed/test\Russula\284_mG2jZJaeiac.jpg,Russula,Russula,True,0.9997292160987854,0.0029993999924045,BaselineCNN,test
data/processed/test\Russula\285_rVkKIZjTiRM.jpg,Russula,Amanita,False,0.6276111602783203,0.0029785999940941,BaselineCNN,test
data/processed/test\Russula\287_aSnnhXszXBg.jpg,Russula,Russula,True,0.9623900055885316,0.0026312999980291,BaselineCNN,test
data/processed/test\Russula\298_6kweHNZ0RfI.jpg,Russula,Entoloma,False,0.5780003070831299,0.0027097999991383,BaselineCNN,test
data/processed/test\Russula\305_tdJxN8UQo7I.jpg,Russula,Russula,True,0.9953150749206544,0.0026481000095373,BaselineCNN,test
data/processed/test\Russula\317_8tQhlDlTHhY.jpg,Russula,Russula,True,0.9904215335845948,0.0030021999991731,BaselineCNN,test
data/processed/test\Russula\322_Ai1EXB8gNws.jpg,Russula,Agaricus,False,0.5932692885398865,0.0025776999973459,BaselineCNN,test
data/processed/test\Russula\329_PxteNH5w9Yk.jpg,Russula,Russula,True,0.9999114274978638,0.0026973000058205,BaselineCNN,test
data/processed/test\Russula\333_7pP8aVQf3Do.jpg,Russula,Russula,True,0.9958486557006836,0.0028763000009348,BaselineCNN,test
data/processed/test\Russula\338_HPnjALipi70.jpg,Russula,Cortinarius,False,0.872791051864624,0.0029888999997638,BaselineCNN,test
data/processed/test\Russula\342_CJXxi8f2DOI.jpg,Russula,Suillus,False,0.9380514025688172,0.0025676999939605,BaselineCNN,test
data/processed/test\Russula\349_YRE4p7LbKdg.jpg,Russula,Amanita,False,0.8617601990699768,0.0029762000049231,BaselineCNN,test
data/processed/test\Russula\352_ykL56k89IoE.jpg,Russula,Boletus,False,0.8654764294624329,0.0029921999957878,BaselineCNN,test
data/processed/test\Russula\354_SXkK0j9UPcc.jpg,Russula,Hygrocybe,False,0.62308669090271,0.0025680999970063,BaselineCNN,test
data/processed/test\Russula\366_Rmr_uH_m3Lc.jpg,Russula,Lactarius,False,0.5840992331504822,0.0026829999987967,BaselineCNN,test
data/processed/test\Russula\375_h9oJuORZEoQ.jpg,Russula,Lactarius,False,0.4198088645935058,0.0028883000049972,BaselineCNN,test
data/processed/test\Russula\382_etpGgqzjXAw.jpg,Russula,Lactarius,False,0.8027530312538147,0.0030025000014575,BaselineCNN,test
data/processed/test\Russula\391_FoHQbZ-kW6k.jpg,Russula,Lactarius,False,0.5263766050338745,0.0026290000096196,BaselineCNN,test
data/processed/test\Russula\396_vxteiV8es0s.jpg,Russula,Lactarius,False,0.6658602952957153,0.0025923999928636,BaselineCNN,test
data/processed/test\Russula\398_0WzJw-BGE1E.jpg,Russula,Cortinarius,False,0.8519227504730225,0.0027226999955018,BaselineCNN,test
data/processed/test\Russula\401_ZfuzzDXFsRU.jpg,Russula,Boletus,False,0.3482120335102081,0.0026091000036103,BaselineCNN,test
data/processed/test\Russula\406_krT07UQMp10.jpg,Russula,Lactarius,False,0.8581254482269287,0.0029701000021304,BaselineCNN,test
data/processed/test\Russula\409_BMzCz6qsXNs.jpg,Russula,Boletus,False,0.3538230955600738,0.0025233999913325,BaselineCNN,test
data/processed/test\Russula\412_hK_N_vllKHo.jpg,Russula,Russula,True,0.9808102250099182,0.0025768000050447,BaselineCNN,test
data/processed/test\Russula\415_UJ1wPsUTn48.jpg,Russula,Boletus,False,0.3479316830635071,0.0029832000000169,BaselineCNN,test
data/processed/test\Russula\416_HL5U3TXaTig.jpg,Russula,Russula,True,0.924961507320404,0.0029467999993357,BaselineCNN,test
data/processed/test\Russula\421_8j91Sr4g8Kc.jpg,Russula,Agaricus,False,0.7218630909919739,0.0055075999989639,BaselineCNN,test
data/processed/test\Russula\426_RHi0dlqqt8o.jpg,Russula,Inocybe,False,0.7231051325798035,0.0050360000022919,BaselineCNN,test
data/processed/test\Russula\427_x9THSIBmhjg.jpg,Russula,Russula,True,0.8634042739868164,0.0030021999991731,BaselineCNN,test
data/processed/test\Russula\430_DSSYi6MPrgM.jpg,Russula,Lactarius,False,0.3598090410232544,0.0030173999984981,BaselineCNN,test
data/processed/test\Russula\431_6aLV-mYubzE.jpg,Russula,Agaricus,False,0.5242860913276672,0.0031082999921636,BaselineCNN,test
data/processed/test\Russula\437_CT0j4-xyw0U.jpg,Russula,Cortinarius,False,0.8527775406837463,0.0031002000032458,BaselineCNN,test
data/processed/test\Russula\439_Qy56g_UefV0.jpg,Russula,Agaricus,False,0.7111929655075073,0.0030169000092428,BaselineCNN,test
data/processed/test\Russula\441_OLHvhkXV5z4.jpg,Russula,Russula,True,0.9712653160095216,0.0025634000048739,BaselineCNN,test
data/processed/test\Russula\448_EjNRPvABLWs.jpg,Russula,Russula,True,0.9872869253158568,0.0026442999951541,BaselineCNN,test
data/processed/test\Russula\452_LFlsAAAX9hI.jpg,Russula,Cortinarius,False,0.5283246040344238,0.002735300004133,BaselineCNN,test
data/processed/test\Russula\454_uTMl-t0RwNE.jpg,Russula,Amanita,False,0.4573665261268616,0.0026070000021718,BaselineCNN,test
data/processed/test\Russula\458_qK1_4b1eE6c.jpg,Russula,Russula,True,0.9819837808609008,0.0030161000031512,BaselineCNN,test
data/processed/test\Russula\462_gCvKxkgbErI.jpg,Russula,Amanita,False,0.7806409001350403,0.0029779000033158,BaselineCNN,test
data/processed/test\Russula\469_EEz8Pm-LqCM.jpg,Russula,Amanita,False,0.4128680229187011,0.003016500006197,BaselineCNN,test
data/processed/test\Russula\473_-0mqqVq-2vk.jpg,Russula,Agaricus,False,0.8957863450050354,0.0026294999988749,BaselineCNN,test
data/processed/test\Russula\476_fuSt9QgGDIk.jpg,Russula,Boletus,False,0.9176959991455078,0.0025939000042853,BaselineCNN,test
data/processed/test\Russula\480_74nq3Oj1T0M.jpg,Russula,Cortinarius,False,0.724022626876831,0.0042017000087071,BaselineCNN,test
data/processed/test\Russula\483_iDdkz4PNlOg.jpg,Russula,Cortinarius,False,0.657270610332489,0.0029479000077117,BaselineCNN,test
data/processed/test\Russula\490_Y5gzpOreJV8.jpg,Russula,Russula,True,0.935016930103302,0.0031080000044312,BaselineCNN,test
data/processed/test\Russula\494_4l6A9UlJ6HY.jpg,Russula,Agaricus,False,0.5484645366668701,0.0025754999951459,BaselineCNN,test
data/processed/test\Russula\497_hMPS4Vhoqqk.jpg,Russula,Cortinarius,False,0.4634682238101959,0.0026373000000603,BaselineCNN,test
data/processed/test\Russula\498_iH4yNw872aM.jpg,Russula,Russula,True,0.9999996423721312,0.0028811000083805,BaselineCNN,test
data/processed/test\Russula\502_nJw7weRVBlc.jpg,Russula,Russula,True,0.7355824708938599,0.003004799989867,BaselineCNN,test
data/processed/test\Russula\511_viHZPnkp9nI.jpg,Russula,Russula,True,0.9779239296913148,0.0029829000122845,BaselineCNN,test
data/processed/test\Russula\513_e8OAjXau1_g.jpg,Russula,Suillus,False,0.6079682111740112,0.0025612999888835,BaselineCNN,test
data/processed/test\Russula\515_-fmv5frqmeQ.jpg,Russula,Russula,True,0.9558964371681212,0.0026338000025134,BaselineCNN,test
data/processed/test\Russula\517_0X-ur3MZ6-g.jpg,Russula,Cortinarius,False,0.9262201189994812,0.0026131000049645,BaselineCNN,test
data/processed/test\Russula\518_ddwb9zDz0EA.jpg,Russula,Lactarius,False,0.4413126707077026,0.0029130000039003,BaselineCNN,test
data/processed/test\Russula\519_MgcY6NzuGRg.jpg,Russula,Russula,True,0.9613182544708252,0.0026170000055572,BaselineCNN,test
data/processed/test\Russula\519__Yn0OFxI1q4.jpg,Russula,Russula,True,0.8879344463348389,0.0025549999991199,BaselineCNN,test
data/processed/test\Russula\521_PoCOMLLE194.jpg,Russula,Russula,True,0.4438253045082092,0.0025757999974302,BaselineCNN,test
data/processed/test\Russula\522_HB75V6h0zHA.jpg,Russula,Russula,True,0.9250636100769044,0.0025886000075843,BaselineCNN,test
data/processed/test\Russula\529_ailR88iHnVk.jpg,Russula,Russula,True,0.7314248085021973,0.002727600003709,BaselineCNN,test
data/processed/test\Russula\530_0Er0JIn-St8.jpg,Russula,Russula,True,0.6496067643165588,0.0029499000083887,BaselineCNN,test
data/processed/test\Russula\531_nA8Zxo2h3PI.jpg,Russula,Lactarius,False,0.9656161665916444,0.0025849000085145,BaselineCNN,test
data/processed/test\Russula\533_HFOAEH-GMI8.jpg,Russula,Cortinarius,False,0.9831482172012328,0.0029107000009389,BaselineCNN,test
data/processed/test\Russula\534_qpoLwy-f_Xo.jpg,Russula,Russula,True,0.9993770718574524,0.0026695999986259,BaselineCNN,test
data/processed/test\Russula\538_KQ94jYukaKU.jpg,Russula,Amanita,False,0.7900905609130859,0.0025602999958209,BaselineCNN,test
data/processed/test\Russula\538_tf4RCsz9upY.jpg,Russula,Russula,True,0.4900019466876983,0.0029944999987492,BaselineCNN,test
data/processed/test\Russula\548_28oWJjM1dis.jpg,Russula,Russula,True,0.3830789625644684,0.0025310000055469,BaselineCNN,test
data/processed/test\Russula\551_wGsl1ac6chs.jpg,Russula,Lactarius,False,0.6167590618133545,0.0029235999973025,BaselineCNN,test
data/processed/test\Russula\552_ihVJ4T4Sss8.jpg,Russula,Boletus,False,0.6207379698753357,0.002584999994724,BaselineCNN,test
data/processed/test\Russula\555_FEOGSD31AJA.jpg,Russula,Entoloma,False,0.490574449300766,0.002925699998741,BaselineCNN,test
data/processed/test\Russula\556_ppbtXziu5ZQ.jpg,Russula,Russula,True,0.988226354122162,0.0025698999961605,BaselineCNN,test
data/processed/test\Russula\557_QAd1lVBkjXU.jpg,Russula,Boletus,False,0.6908050179481506,0.0029538000089814,BaselineCNN,test
data/processed/test\Russula\560_cMc-iWHiAlE.jpg,Russula,Lactarius,False,0.6386551856994629,0.0025851999962469,BaselineCNN,test
data/processed/test\Russula\569_JW9oRUfkNN0.jpg,Russula,Agaricus,False,0.5003613829612732,0.0027911999932257,BaselineCNN,test
data/processed/test\Russula\572_yBKxg92PsOQ.jpg,Russula,Russula,True,0.7403653860092163,0.0025733999937074,BaselineCNN,test
data/processed/test\Russula\575_gWC0enFjtPM.jpg,Russula,Lactarius,False,0.44376340508461,0.0026706000062404,BaselineCNN,test
data/processed/test\Russula\580_ntj_DGdqmvA.jpg,Russula,Boletus,False,0.8969305753707886,0.0029452000017045,BaselineCNN,test
data/processed/test\Russula\588__rRMnuidFcw.jpg,Russula,Amanita,False,0.536668598651886,0.0025362000014865,BaselineCNN,test
data/processed/test\Russula\590_uV2vuMobSEM.jpg,Russula,Agaricus,False,0.9020747542381288,0.0029394000011961,BaselineCNN,test
data/processed/test\Russula\591_mUNB-xH-tCw.jpg,Russula,Boletus,False,0.4631805419921875,0.0025893999991239,BaselineCNN,test
data/processed/test\Russula\605_KtkMUv-JJ5I.jpg,Russula,Russula,True,0.9986178874969482,0.0026863000093726,BaselineCNN,test
data/processed/test\Russula\608_0aU_jR-I9JA.jpg,Russula,Russula,True,0.6385635733604431,0.0025585000112187,BaselineCNN,test
data/processed/test\Russula\619_iJOS5fLgNQU.jpg,Russula,Cortinarius,False,0.6557254791259766,0.0026158999971812,BaselineCNN,test
data/processed/test\Russula\624_AB7Ht1J6_Ts.jpg,Russula,Boletus,False,0.5209593772888184,0.0029269999940879,BaselineCNN,test
data/processed/test\Russula\635_CzRg4ZH0g3s.jpg,Russula,Lactarius,False,0.5617933869361877,0.0026104999997187,BaselineCNN,test
data/processed/test\Russula\650_p3glAsLgTMs.jpg,Russula,Boletus,False,0.4147557318210602,0.0026428999990457,BaselineCNN,test
data/processed/test\Russula\667_m3O20kXwdDE.jpg,Russula,Boletus,False,0.8587853312492371,0.0041359000024385,BaselineCNN,test
data/processed/test\Russula\668_5paJFA7_Ua8.jpg,Russula,Cortinarius,False,0.929456114768982,0.0026224999892292,BaselineCNN,test
data/processed/test\Russula\674_hp6AgJkRPZQ.jpg,Russula,Lactarius,False,0.9112676978111268,0.0044740000012097,BaselineCNN,test
data/processed/test\Russula\681_EsZTIQlfMjc.jpg,Russula,Inocybe,False,0.997102439403534,0.0025964999949792,BaselineCNN,test
data/processed/test\Russula\689_A6I1XAc367A.jpg,Russula,Russula,True,0.9996163845062256,0.0043327000021236,BaselineCNN,test
data/processed/test\Russula\703_Nptow3WB0qw.jpg,Russula,Lactarius,False,0.741413414478302,0.0026069000014103,BaselineCNN,test
data/processed/test\Russula\705_zyUROKt6OHs.jpg,Russula,Lactarius,False,0.8972560167312622,0.0030129999940982,BaselineCNN,test
data/processed/test\Russula\719_RWQ7F3kVyZ8.jpg,Russula,Lactarius,False,0.5913311243057251,0.007816700002877,BaselineCNN,test
data/processed/test\Russula\727_GqKz3HCWl0c.jpg,Russula,Hygrocybe,False,0.8043050169944763,0.0030001999984961,BaselineCNN,test
data/processed/test\Russula\728_GKNcKK0yCIc.jpg,Russula,Boletus,False,0.9646901488304138,0.0025094000011449,BaselineCNN,test
data/processed/test\Russula\737_CKVsLcd_U7c.jpg,Russula,Russula,True,0.9994639754295348,0.0041752000106498,BaselineCNN,test
data/processed/test\Russula\738_erZ8MolTf3U.jpg,Russula,Cortinarius,False,0.6016564965248108,0.0037220999947749,BaselineCNN,test
data/processed/test\Russula\756_vp2vfTitRMQ.jpg,Russula,Russula,True,0.7926002144813538,0.0029590999911306,BaselineCNN,test
data/processed/test\Russula\757_iadA7ihhNeQ.jpg,Russula,Lactarius,False,0.9931249618530272,0.0037857999996049,BaselineCNN,test
data/processed/test\Russula\761_PoCeQSN4r0Y.jpg,Russula,Hygrocybe,False,0.667448878288269,0.0030832999909762,BaselineCNN,test
data/processed/test\Russula\764_Km8WK13K9DM.jpg,Russula,Russula,True,0.9175010919570924,0.0037792999937664,BaselineCNN,test
data/processed/test\Russula\773_rvHJQsLi9cg.jpg,Russula,Russula,True,0.8864336609840393,0.0028356999973766,BaselineCNN,test
data/processed/test\Russula\777_1makiuR24D8.jpg,Russula,Boletus,False,0.6659409403800964,0.004928700000164,BaselineCNN,test
data/processed/test\Russula\781_6bHC50w-YyU.jpg,Russula,Russula,True,0.8106573224067688,0.0029997999954503,BaselineCNN,test
data/processed/test\Russula\789_ZOAABwfjsvE.jpg,Russula,Lactarius,False,0.7377882599830627,0.0025850000092759,BaselineCNN,test
data/processed/test\Russula\790_XgJL7jUO0n0.jpg,Russula,Russula,True,0.5238222479820251,0.0045373999892035,BaselineCNN,test
data/processed/test\Russula\791_bmziJQYOR-0.jpg,Russula,Lactarius,False,0.5789492726325989,0.0040213000029325,BaselineCNN,test
data/processed/test\Suillus\004_LMWP6X0bx7g.jpg,Suillus,Russula,False,0.8868225812911987,0.0040594000020064,BaselineCNN,test
data/processed/test\Suillus\005_4zrEN39EHeU.jpg,Suillus,Boletus,False,0.3460712432861328,0.0027469000051496,BaselineCNN,test
data/processed/test\Suillus\006_8Su_kJ43Mho.jpg,Suillus,Boletus,False,0.4941039383411407,0.0040964999934658,BaselineCNN,test
data/processed/test\Suillus\013_SzBeuYLeWzY.jpg,Suillus,Cortinarius,False,0.9963723421096802,0.0044545999990077,BaselineCNN,test
data/processed/test\Suillus\020_qW3wRprNQuU.jpg,Suillus,Amanita,False,0.330791562795639,0.0042589000076986,BaselineCNN,test
data/processed/test\Suillus\024_b9YCAgUxfLc.jpg,Suillus,Lactarius,False,0.9816547632217408,0.002547099997173,BaselineCNN,test
data/processed/test\Suillus\035_GGH3qG0fqcg.jpg,Suillus,Boletus,False,0.2804732918739319,0.0038712999958079,BaselineCNN,test
data/processed/test\Suillus\042_S8g3kuvZPb4.jpg,Suillus,Cortinarius,False,0.4509860873222351,0.0037245999992592,BaselineCNN,test
data/processed/test\Suillus\053_pR_9bsx0WUU.jpg,Suillus,Lactarius,False,0.854992687702179,0.004622799999197,BaselineCNN,test
data/processed/test\Suillus\057_QjMKHaEMZBI.jpg,Suillus,Cortinarius,False,0.6377161741256714,0.0029921999957878,BaselineCNN,test
data/processed/test\Suillus\059_JRPx07CUp9I.jpg,Suillus,Lactarius,False,0.5880683660507202,0.0036041999992448,BaselineCNN,test
data/processed/test\Suillus\060_HFmPuFBK7f4.jpg,Suillus,Russula,False,0.96988844871521,0.0045966000034241,BaselineCNN,test
data/processed/test\Suillus\063_DU3VJmB-I14.jpg,Suillus,Russula,False,0.8630990386009216,0.0044599999964702,BaselineCNN,test
data/processed/test\Suillus\066_uFngOMLuPrE.jpg,Suillus,Russula,False,0.8982868790626526,0.0040254999912576,BaselineCNN,test
data/processed/test\Suillus\071_pDklNEHcmB8.jpg,Suillus,Hygrocybe,False,0.6275135278701782,0.0041235000098822,BaselineCNN,test
data/processed/test\Suillus\072_qfIXcNPk1eM.jpg,Suillus,Inocybe,False,0.8548973202705383,0.0025853999977698,BaselineCNN,test
data/processed/test\Suillus\076_eqA9_q6_9JU.jpg,Suillus,Cortinarius,False,0.572039783000946,0.0036381999962031,BaselineCNN,test
data/processed/test\Suillus\103_jpMZm4FpWNQ.jpg,Suillus,Cortinarius,False,0.8539208769798279,0.0029080000094836,BaselineCNN,test
data/processed/test\Suillus\105_ywBhq3G8x-g.jpg,Suillus,Russula,False,0.7314719557762146,0.0046693999902345,BaselineCNN,test
data/processed/test\Suillus\109_BXGWNC8c4aw.jpg,Suillus,Lactarius,False,0.8947128057479858,0.0043961000046692,BaselineCNN,test
data/processed/test\Suillus\110_GXWZjkiIn3U.jpg,Suillus,Suillus,True,0.5214149951934814,0.0028343000012682,BaselineCNN,test
data/processed/test\Suillus\123_CK6TqHiLN8s.jpg,Suillus,Cortinarius,False,0.5435686707496643,0.0025465999933658,BaselineCNN,test
data/processed/test\Suillus\124_A3Rr6EGcEuc.jpg,Suillus,Entoloma,False,0.5948041677474976,0.0043154000013601,BaselineCNN,test
data/processed/test\Suillus\135_jpc6hxtvXcY.jpg,Suillus,Boletus,False,0.9731238484382628,0.0043245999986538,BaselineCNN,test
data/processed/test\Suillus\140_AElK4TLjpHw.jpg,Suillus,Boletus,False,0.9691104292869568,0.0026305000064894,BaselineCNN,test
data/processed/test\Suillus\143_4I78Lp4NctA.jpg,Suillus,Inocybe,False,0.8808305263519287,0.0045799000072292,BaselineCNN,test
data/processed/test\Suillus\150_jLg9QQo1nOg.jpg,Suillus,Lactarius,False,0.5568153858184814,0.0026223000022582,BaselineCNN,test
data/processed/test\Suillus\152_uGhPmWPTFe8.jpg,Suillus,Cortinarius,False,0.9149917960166932,0.0042103000014321,BaselineCNN,test
data/processed/test\Suillus\153_iWtEXcs9CUw.jpg,Suillus,Russula,False,0.5011088848114014,0.0026300999888917,BaselineCNN,test
data/processed/test\Suillus\159_8OhWm5aBdYo.jpg,Suillus,Suillus,True,0.81657874584198,0.0042219000024488,BaselineCNN,test
data/processed/test\Suillus\174_G_tZXZc2BS8.jpg,Suillus,Lactarius,False,0.903513252735138,0.0033026000019162,BaselineCNN,test
data/processed/test\Suillus\186_Zx-rs9g1O2M.jpg,Suillus,Entoloma,False,0.7201271653175354,0.0029666000045835,BaselineCNN,test
data/processed/test\Suillus\187_rbfGR0jzf1M.jpg,Suillus,Cortinarius,False,0.911247968673706,0.0032659999997122,BaselineCNN,test
data/processed/test\Suillus\195_4bcpABEJmZ0.jpg,Suillus,Cortinarius,False,0.5317874550819397,0.00282189999416,BaselineCNN,test
data/processed/test\Suillus\197_0xmjWv0BbOU.jpg,Suillus,Lactarius,False,0.8026201128959656,0.0030556999990949,BaselineCNN,test
data/processed/test\Suillus\209_7dBOxsmYgEg.jpg,Suillus,Suillus,True,0.7942168116569519,0.0051623999897856,BaselineCNN,test
data/processed/test\Suillus\217_ZAXchPHjhcE.jpg,Suillus,Suillus,True,0.7450313568115234,0.0029155999945942,BaselineCNN,test
data/processed/test\Suillus\228_LjjB-u2A1pU.jpg,Suillus,Lactarius,False,0.5254024863243103,0.0053336000128183,BaselineCNN,test
data/processed/test\Suillus\239_pLvnF05ewak.jpg,Suillus,Boletus,False,0.9977117776870728,0.0041252999944845,BaselineCNN,test
data/processed/test\Suillus\246_dDYtt6MpmiI.jpg,Suillus,Boletus,False,0.9150425791740416,0.0045110999926691,BaselineCNN,test
data/processed/test\Suillus\255_9-ELp1gnP9Q.jpg,Suillus,Lactarius,False,0.904263973236084,0.0047287000052165,BaselineCNN,test
data/processed/test\Suillus\286_3SyGqemn_aQ.jpg,Suillus,Hygrocybe,False,0.76107257604599,0.0028343000012682,BaselineCNN,test
data/processed/test\Suillus\287_uBlS4Qgx1HQ.jpg,Suillus,Lactarius,False,0.9998559951782228,0.0028149999998277,BaselineCNN,test
data/processed/test\Suillus\289_BYUT_xNeNAg.jpg,Suillus,Lactarius,False,0.7387322187423706,0.0031123000080697,BaselineCNN,test
data/processed/test\Suillus\293_zL8A0olEfaA.jpg,Suillus,Lactarius,False,0.9990261793136596,0.0044482999946922,BaselineCNN,test
data/processed/test\Suillus\294_BX6ekzpPLto.jpg,Suillus,Cortinarius,False,0.8115275502204895,0.0040537000022595,BaselineCNN,test
data/processed/test\Suillus\302_C8yj39nTbnM.jpg,Suillus,Cortinarius,False,0.6505469679832458,0.0046100000035949,BaselineCNN,test
data/processed/test\Suillus\324_nslhbQyQ1Gk.jpg,Suillus,Boletus,False,0.991790533065796,0.0040552999998908,BaselineCNN,test
data/processed/test\Agaricus\003_4AurAO4Jil8.jpg,Agaricus,Russula,False,0.3540717661380768,0.0357449000002816,ResNet18,test
data/processed/test\Agaricus\014_DU4RE5bim5A.jpg,Agaricus,Agaricus,True,0.2410301268100738,0.0081948000006377,ResNet18,test
data/processed/test\Agaricus\016_qNYODERZEms.jpg,Agaricus,Russula,False,0.5223069190979004,0.0083397999987937,ResNet18,test
data/processed/test\Agaricus\019_aaTsKm7exKE.jpg,Agaricus,Agaricus,True,0.5779364705085754,0.0071023999917088,ResNet18,test
data/processed/test\Agaricus\020_vZJfrjIwmqU.jpg,Agaricus,Russula,False,0.3920489251613617,0.006714599992847,ResNet18,test
data/processed/test\Agaricus\029_ZksYQQBGVIg.jpg,Agaricus,Agaricus,True,0.4008934795856476,0.0082947999908356,ResNet18,test
data/processed/test\Agaricus\048_iC9glWRw_EM.jpg,Agaricus,Agaricus,True,0.7816547155380249,0.0065820000017993,ResNet18,test
data/processed/test\Agaricus\052_z7PpmpKIPU4.jpg,Agaricus,Agaricus,True,0.583441972732544,0.0084633999940706,ResNet18,test
data/processed/test\Agaricus\055_Cggc3hvlPfg.jpg,Agaricus,Agaricus,True,0.5883311629295349,0.0080065999936778,ResNet18,test
data/processed/test\Agaricus\057_n1EFvW3JrYo.jpg,Agaricus,Cortinarius,False,0.3043241202831268,0.0071815999981481,ResNet18,test
data/processed/test\Agaricus\063_Fa4IMCTXq04.jpg,Agaricus,Agaricus,True,0.5619024038314819,0.0077972999861231,ResNet18,test
data/processed/test\Agaricus\069_W-jISbXJon8.jpg,Agaricus,Suillus,False,0.23138327896595,0.0067052000085823,ResNet18,test
data/processed/test\Agaricus\075_osC0agHm9UY.jpg,Agaricus,Russula,False,0.5908520817756653,0.006686400010949,ResNet18,test
data/processed/test\Agaricus\083_mx9HfmWGwWo.jpg,Agaricus,Russula,False,0.6542887687683105,0.0087444000091636,ResNet18,test
data/processed/test\Agaricus\091_3BEGnmvAiRw.jpg,Agaricus,Inocybe,False,0.3058074414730072,0.007103800002369,ResNet18,test
data/processed/test\Agaricus\093_Bz-kiIMN6EA.jpg,Agaricus,Entoloma,False,0.454738438129425,0.0080592000012984,ResNet18,test
data/processed/test\Agaricus\115_Jd1nw0g-Z5c.jpg,Agaricus,Lactarius,False,0.5201897025108337,0.0066556999954627,ResNet18,test
data/processed/test\Agaricus\127_5z4-vDJFDS8.jpg,Agaricus,Russula,False,0.726929247379303,0.0078645000030519,ResNet18,test
data/processed/test\Agaricus\128_iITC2t8k-ao.jpg,Agaricus,Russula,False,0.6914666891098022,0.006701599995722,ResNet18,test
data/processed/test\Agaricus\129_E1FD01dZMiw.jpg,Agaricus,Russula,False,0.9923502802848816,0.0080445999919902,ResNet18,test
data/processed/test\Agaricus\131_YrsaHYXAieo.jpg,Agaricus,Russula,False,0.5840297341346741,0.0070907999906921,ResNet18,test
data/processed/test\Agaricus\141_099PmS-9Xww.jpg,Agaricus,Agaricus,True,0.465406060218811,0.0061991999973542,ResNet18,test
data/processed/test\Agaricus\147_eDN4yYIkeAs.jpg,Agaricus,Russula,False,0.4938248097896576,0.0050674999947659,ResNet18,test
data/processed/test\Agaricus\162_19HDdc3YjRs.jpg,Agaricus,Russula,False,0.9870392680168152,0.0053141999960644,ResNet18,test
data/processed/test\Agaricus\169_qqgFJZ8Zt4g.jpg,Agaricus,Amanita,False,0.384827196598053,0.0049853999953484,ResNet18,test
data/processed/test\Agaricus\171_wN-s2yo8YTs.jpg,Agaricus,Amanita,False,0.669637143611908,0.0076762999960919,ResNet18,test
data/processed/test\Agaricus\179_jfF8TJ9ZlvU.jpg,Agaricus,Russula,False,0.7374838590621948,0.0046020000008866,ResNet18,test
data/processed/test\Agaricus\206_W3JvSvV8oF8.jpg,Agaricus,Russula,False,0.5795601606369019,0.0056671999918762,ResNet18,test
data/processed/test\Agaricus\211_2k-2vImOD5g.jpg,Agaricus,Russula,False,0.69798344373703,0.0048874000058276,ResNet18,test
data/processed/test\Agaricus\213_o8ynZBRKBSE.jpg,Agaricus,Inocybe,False,0.2123866826295852,0.0051256000006105,ResNet18,test
data/processed/test\Agaricus\226_0du5e8k_cCA.jpg,Agaricus,Russula,False,0.4865111410617828,0.0045262999919941,ResNet18,test
data/processed/test\Agaricus\228_2SjHadDRW6o.jpg,Agaricus,Agaricus,True,0.5532445311546326,0.0045240000035846,ResNet18,test
data/processed/test\Agaricus\237_y2JGdND-zxI.jpg,Agaricus,Boletus,False,0.5926796793937683,0.0045164999901317,ResNet18,test
data/processed/test\Agaricus\238_I1p90MwfEEw.jpg,Agaricus,Boletus,False,0.3613050282001495,0.0040929000097094,ResNet18,test
data/processed/test\Agaricus\270_Js1q2S-fR_Y.jpg,Agaricus,Amanita,False,0.5564179420471191,0.0049740999966161,ResNet18,test
data/processed/test\Agaricus\272_r-A9DMTwWoM.jpg,Agaricus,Russula,False,0.6223047971725464,0.0048584999894956,ResNet18,test
data/processed/test\Agaricus\294_kPCOGW3Y_Ak.jpg,Agaricus,Russula,False,0.2242951989173889,0.0045629999949596,ResNet18,test
data/processed/test\Agaricus\300_VSw-oPLasfg.jpg,Agaricus,Entoloma,False,0.3416233360767364,0.0046388000046135,ResNet18,test
data/processed/test\Agaricus\323_5Es9oQ3LeGk.jpg,Agaricus,Russula,False,0.2972544133663177,0.0041068999998969,ResNet18,test
data/processed/test\Agaricus\349_Euf9XZEVTMc.jpg,Agaricus,Agaricus,True,0.3218352198600769,0.0045889000030001,ResNet18,test
data/processed/test\Agaricus\354_VP-DWvLyI3w.jpg,Agaricus,Agaricus,True,0.3055961430072784,0.0044949000002816,ResNet18,test
data/processed/test\Agaricus\357__w_XUQZMZEw.jpg,Agaricus,Russula,False,0.8031741380691528,0.0043977000023005,ResNet18,test
data/processed/test\Agaricus\366_XEI1sAQds7w.jpg,Agaricus,Agaricus,True,0.2945482134819031,0.0044303000031504,ResNet18,test
data/processed/test\Agaricus\374_Xap1L15Z8BM.jpg,Agaricus,Russula,False,0.5740121006965637,0.0043183999950997,ResNet18,test
data/processed/test\Agaricus\384_T_p5cKpLpsc.jpg,Agaricus,Amanita,False,0.6030826568603516,0.005153899997822,ResNet18,test
data/processed/test\Agaricus\385_iwfhPs4irjk.jpg,Agaricus,Amanita,False,0.3504186868667602,0.0047038000047905,ResNet18,test
data/processed/test\Agaricus\391_N7A0y7CgOA0.jpg,Agaricus,Russula,False,0.369452029466629,0.0048880999966058,ResNet18,test
data/processed/test\Agaricus\392_QXsLZMnBIt0.jpg,Agaricus,Russula,False,0.2893947958946228,0.0048642000037943,ResNet18,test
data/processed/test\Agaricus\411_egeAEeL40Lc.jpg,Agaricus,Russula,False,0.4236094653606415,0.0048568000056548,ResNet18,test
data/processed/test\Agaricus\413_4LTr0R0Dk8o.jpg,Agaricus,Russula,False,0.4769337177276611,0.004626099995221,ResNet18,test
data/processed/test\Agaricus\430_IpjdsyrmIzc.jpg,Agaricus,Entoloma,False,0.3500622808933258,0.0046328000025823,ResNet18,test
data/processed/test\Agaricus\433_XWxLl-zeNQ8.jpg,Agaricus,Agaricus,True,0.4399577677249908,0.0044015000021317,ResNet18,test
data/processed/test\Agaricus\438_uTWjQsEXep4.jpg,Agaricus,Amanita,False,0.3699478805065155,0.0036713000008603,ResNet18,test
data/processed/test\Agaricus\439_w5uD0w5wrXs.jpg,Agaricus,Amanita,False,0.335118681192398,0.0039525000029243,ResNet18,test
data/processed/test\Amanita\004_wIVV5id0aOg.jpg,Amanita,Amanita,True,0.9917004704475404,0.0043168999982299,ResNet18,test
data/processed/test\Amanita\010_Ji4N7IDyRKY.jpg,Amanita,Amanita,True,0.8467125296592712,0.003767299989704,ResNet18,test
data/processed/test\Amanita\011_DoZoYI2vj20.jpg,Amanita,Amanita,True,0.8510826230049133,0.0049843000015243,ResNet18,test
data/processed/test\Amanita\026_8kxG9731_4w.jpg,Amanita,Amanita,True,0.7164915204048157,0.0048563000018475,ResNet18,test
data/processed/test\Amanita\027_i47VTXypFTE.jpg,Amanita,Russula,False,0.5218560099601746,0.005157000006875,ResNet18,test
data/processed/test\Amanita\038_VKaJLTO8zZU.jpg,Amanita,Russula,False,0.8480551838874817,0.0046744999999646,ResNet18,test
data/processed/test\Amanita\041_6n9nhA4C6K8.jpg,Amanita,Amanita,True,0.6624054312705994,0.0044809999963035,ResNet18,test
data/processed/test\Amanita\042_aqfiTPuiGHo.jpg,Amanita,Amanita,True,0.5337851047515869,0.0043465000053402,ResNet18,test
data/processed/test\Amanita\044_BvKKMmJ6Nfo.jpg,Amanita,Amanita,True,0.7753251791000366,0.0049004999891621,ResNet18,test
data/processed/test\Amanita\048_3CAOSWVxhe0.jpg,Amanita,Amanita,True,0.7258032560348511,0.0037890000094193,ResNet18,test
data/processed/test\Amanita\055_riJalDjBcnI.jpg,Amanita,Amanita,True,0.9500719308853148,0.0037140999920666,ResNet18,test
data/processed/test\Amanita\075_3gL0KWhOrbs.jpg,Amanita,Amanita,True,0.961682140827179,0.0044429999979911,ResNet18,test
data/processed/test\Amanita\081_C-pQjIw3h7M.jpg,Amanita,Amanita,True,0.9108049273490906,0.0042333000019425,ResNet18,test
data/processed/test\Amanita\083_GAJUFRatKvg.jpg,Amanita,Amanita,True,0.8505349159240723,0.0042606999923009,ResNet18,test
data/processed/test\Amanita\101_m1QUT_IvswY.jpg,Amanita,Amanita,True,0.5065857172012329,0.0035873999877367,ResNet18,test
data/processed/test\Amanita\109_mApfQHzHo0k.jpg,Amanita,Inocybe,False,0.4271389842033386,0.0035255999973742,ResNet18,test
data/processed/test\Amanita\112_v5maqRj9Z_w.jpg,Amanita,Amanita,True,0.289867490530014,0.0036135999980615,ResNet18,test
data/processed/test\Amanita\113_Ssk7arItOnk.jpg,Amanita,Inocybe,False,0.4133842289447784,0.0035692999954335,ResNet18,test
data/processed/test\Amanita\116_V-662GMGI6U.jpg,Amanita,Amanita,True,0.6660155057907104,0.0038430999993579,ResNet18,test
data/processed/test\Amanita\117_2i4Ly-hB5rY.jpg,Amanita,Inocybe,False,0.8367749452590942,0.0037634999898727,ResNet18,test
data/processed/test\Amanita\121_0mE3kiyOk4k.jpg,Amanita,Amanita,True,0.9376246333122252,0.0041230999922845,ResNet18,test
data/processed/test\Amanita\125_jnNJwiuIHj0.jpg,Amanita,Amanita,True,0.5919021368026733,0.0037058000016259,ResNet18,test
data/processed/test\Amanita\138_kCA0Zae2KX0.jpg,Amanita,Amanita,True,0.929086208343506,0.0036283000081311,ResNet18,test
data/processed/test\Amanita\141_zaaLqAyIHuQ.jpg,Amanita,Amanita,True,0.9685335755348206,0.003770399998757,ResNet18,test
data/processed/test\Amanita\143_ZpRWUcr7GhA.jpg,Amanita,Boletus,False,0.789966881275177,0.0040536000014981,ResNet18,test
data/processed/test\Amanita\145_2JCprUI2Ugw.jpg,Amanita,Amanita,True,0.6175413131713867,0.0036854000063613,ResNet18,test
data/processed/test\Amanita\159_majDHo2IG8U.jpg,Amanita,Amanita,True,0.762082576751709,0.0035190999915357,ResNet18,test
data/processed/test\Amanita\160_2Xs6Ueh19D4.jpg,Amanita,Russula,False,0.3644066751003265,0.0036083000013604,ResNet18,test
data/processed/test\Amanita\166_wCNIOK2FS_U.jpg,Amanita,Inocybe,False,0.3647932708263397,0.0035543999983929,ResNet18,test
data/processed/test\Amanita\167_oTHBDUWfBxA.jpg,Amanita,Entoloma,False,0.7113880515098572,0.0035871000000042,ResNet18,test
data/processed/test\Amanita\169_ODaDqR_tlG0.jpg,Amanita,Amanita,True,0.7657099366188049,0.0038234000094234,ResNet18,test
data/processed/test\Amanita\171_6GMgYtjBa8k.jpg,Amanita,Russula,False,0.3032960593700409,0.0036258000036468,ResNet18,test
data/processed/test\Amanita\173_jqvVZF8AWxg.jpg,Amanita,Amanita,True,0.8822094798088074,0.003648099998827,ResNet18,test
data/processed/test\Amanita\175_wCfYH50cXu8.jpg,Amanita,Amanita,True,0.900753378868103,0.003614799992647,ResNet18,test
data/processed/test\Amanita\192_uQQGhgvOkTI.jpg,Amanita,Amanita,True,0.6431137323379517,0.0035248000058345,ResNet18,test
data/processed/test\Amanita\194__2kBAgeqxZc.jpg,Amanita,Amanita,True,0.9242818355560304,0.003666400007205,ResNet18,test
data/processed/test\Amanita\208_EvpNOUGmeVI.jpg,Amanita,Amanita,True,0.9811550974845886,0.0038404000079026,ResNet18,test
data/processed/test\Amanita\215_XXWsMnFz1MI.jpg,Amanita,Amanita,True,0.96070796251297,0.0037430999946082,ResNet18,test
data/processed/test\Amanita\219_d2on0Kw19Ds.jpg,Amanita,Amanita,True,0.7650244832038879,0.0040584999951533,ResNet18,test
data/processed/test\Amanita\226_zzTeEGVX8nY.jpg,Amanita,Entoloma,False,0.3117281198501587,0.0036182000039843,ResNet18,test
data/processed/test\Amanita\229_AAkARuMGR0c.jpg,Amanita,Inocybe,False,0.5808547735214233,0.003683999995701,ResNet18,test
data/processed/test\Amanita\238_7M5xzSG_g_A.jpg,Amanita,Amanita,True,0.92312890291214,0.0045133999956306,ResNet18,test
data/processed/test\Amanita\239_m__Mvvi_6yk.jpg,Amanita,Amanita,True,0.977758526802063,0.0037580000062007,ResNet18,test
data/processed/test\Amanita\245_hJy0oklu5jA.jpg,Amanita,Boletus,False,0.8979032635688782,0.0043503000051714,ResNet18,test
data/processed/test\Amanita\254_Lyi3XcTltRs.jpg,Amanita,Amanita,True,0.8790348768234253,0.0043000000005122,ResNet18,test
data/processed/test\Amanita\262_lkxMPar_qU4.jpg,Amanita,Russula,False,0.6284576654434204,0.0040551999991294,ResNet18,test
data/processed/test\Amanita\266_1lFPzGUJdrw.jpg,Amanita,Amanita,True,0.8131392002105713,0.0042269999976269,ResNet18,test
data/processed/test\Amanita\267_Jv9rb_uZxxM.jpg,Amanita,Amanita,True,0.984650731086731,0.0041042000084416,ResNet18,test
data/processed/test\Amanita\269_y7diE9hqyqg.jpg,Amanita,Amanita,True,0.5292578339576721,0.0049861000006785,ResNet18,test
data/processed/test\Amanita\280_kmvGIrteUEU.jpg,Amanita,Amanita,True,0.9757970571517944,0.004187800004729,ResNet18,test
data/processed/test\Amanita\283_A61Fv-WuOIQ.jpg,Amanita,Cortinarius,False,0.3901896774768829,0.0040869999938877,ResNet18,test
data/processed/test\Amanita\284_hjYnEPCzZWs.jpg,Amanita,Amanita,True,0.5380691885948181,0.004107999993721,ResNet18,test
data/processed/test\Amanita\286_akbOrg8qrWc.jpg,Amanita,Amanita,True,0.9535067081451416,0.0040751000051386,ResNet18,test
data/processed/test\Amanita\291_8IJ4_ANpJLg.jpg,Amanita,Boletus,False,0.2311706095933914,0.0039037999958964,ResNet18,test
data/processed/test\Amanita\296_sKFU2MHCmQI.jpg,Amanita,Amanita,True,0.4195957481861114,0.0036190999962855,ResNet18,test
data/processed/test\Amanita\301_arWVKBAl1xg.jpg,Amanita,Hygrocybe,False,0.5913105607032776,0.0036830000026384,ResNet18,test
data/processed/test\Amanita\304_fF9sgw_cuPo.jpg,Amanita,Russula,False,0.851784348487854,0.0036545000039041,ResNet18,test
data/processed/test\Amanita\319_VSiBPtwZDwM.jpg,Amanita,Amanita,True,0.4675002098083496,0.0037194000033196,ResNet18,test
data/processed/test\Amanita\323_sgZnWNFTFFc.jpg,Amanita,Russula,False,0.5827651023864746,0.0035610000049928,ResNet18,test
data/processed/test\Amanita\326_q3-8lXVmcVM.jpg,Amanita,Amanita,True,0.6532139778137207,0.0036227999953553,ResNet18,test
data/processed/test\Amanita\329_jpdnrnOYvm8.jpg,Amanita,Amanita,True,0.5303608179092407,0.0040122999926097,ResNet18,test
data/processed/test\Amanita\354_HFiOZg6IOL8.jpg,Amanita,Russula,False,0.5374618172645569,0.0039541000005556,ResNet18,test
data/processed/test\Amanita\355_e0Y8jDjEmzs.jpg,Amanita,Amanita,True,0.5802961587905884,0.0037357000110205,ResNet18,test
data/processed/test\Amanita\366_zzsJUWaNdxg.jpg,Amanita,Amanita,True,0.9596444368362428,0.0040724999998928,ResNet18,test
data/processed/test\Amanita\372_5SYWecQTaKc.jpg,Amanita,Russula,False,0.749240517616272,0.0041252000082749,ResNet18,test
data/processed/test\Amanita\373_YmenYH0HVC0.jpg,Amanita,Amanita,True,0.5759474039077759,0.0038440000062109,ResNet18,test
data/processed/test\Amanita\377_qiZKoEIbfFk.jpg,Amanita,Lactarius,False,0.275715172290802,0.0042883999994955,ResNet18,test
data/processed/test\Amanita\381_t_eyYyXYB1k.jpg,Amanita,Amanita,True,0.8170440196990967,0.0046042999892961,ResNet18,test
data/processed/test\Amanita\389_1fQDmvX1jb8.jpg,Amanita,Amanita,True,0.5709095597267151,0.003836499992758,ResNet18,test
data/processed/test\Amanita\395_tL3vBGNvjeI.jpg,Amanita,Amanita,True,0.8008773326873779,0.0036726999969687,ResNet18,test
data/processed/test\Amanita\408_Jn439YAL3hs.jpg,Amanita,Boletus,False,0.5185970067977905,0.0035475000040605,ResNet18,test
data/processed/test\Amanita\433_mzRZXazhvVU.jpg,Amanita,Russula,False,0.3241026699542999,0.0046290000027511,ResNet18,test
data/processed/test\Amanita\438_gh-zSGziyQ4.jpg,Amanita,Inocybe,False,0.6285222768783569,0.0045143000024836,ResNet18,test
data/processed/test\Amanita\439_fP_ozmLLhb8.jpg,Amanita,Amanita,True,0.4261648654937744,0.0043949999962933,ResNet18,test
data/processed/test\Amanita\451_V0quFnk9NFA.jpg,Amanita,Amanita,True,0.9523890018463136,0.0041191999916918,ResNet18,test
data/processed/test\Amanita\455_noEYaXjdZno.jpg,Amanita,Amanita,True,0.4783181548118591,0.0036691999994218,ResNet18,test
data/processed/test\Amanita\458_5BlPufQsqww.jpg,Amanita,Amanita,True,0.3687894940376282,0.0036143999896012,ResNet18,test
data/processed/test\Amanita\466_wUxyOxsT5Xc.jpg,Amanita,Amanita,True,0.4775425493717193,0.0036226999945938,ResNet18,test
data/processed/test\Amanita\470_Qn8LOp2zdbk.jpg,Amanita,Amanita,True,0.6566864252090454,0.0040421000012429,ResNet18,test
data/processed/test\Amanita\488_c9nCQvJtUrI.jpg,Amanita,Amanita,True,0.5277212262153625,0.004524299991317,ResNet18,test
data/processed/test\Amanita\490_GiCnvGBmknM.jpg,Amanita,Russula,False,0.5575676560401917,0.0043026000057579,ResNet18,test
data/processed/test\Amanita\500_goYWhHd_SfA.jpg,Amanita,Amanita,True,0.2920369803905487,0.004001600012998,ResNet18,test
data/processed/test\Amanita\520_7tXL64TQTpg.jpg,Amanita,Boletus,False,0.7887642979621887,0.0039395000057993,ResNet18,test
data/processed/test\Amanita\537_5FMMhBffQ9Y.jpg,Amanita,Boletus,False,0.3904202580451965,0.0041363999916939,ResNet18,test
data/processed/test\Amanita\538_EwaPkcP6eTM.jpg,Amanita,Amanita,True,0.700459897518158,0.003734700003406,ResNet18,test
data/processed/test\Amanita\561_E5bsDlNUJ-Y.jpg,Amanita,Amanita,True,0.7926032543182373,0.003981499990914,ResNet18,test
data/processed/test\Amanita\571_l1hoa0Kgm0U.jpg,Amanita,Amanita,True,0.3431927859783172,0.0040096000011544,ResNet18,test
data/processed/test\Amanita\577_XqZEGat0kl8.jpg,Amanita,Russula,False,0.2402513325214386,0.00403969999752,ResNet18,test
data/processed/test\Amanita\579_PS9igVuOoHE.jpg,Amanita,Amanita,True,0.2350848764181137,0.0037588999985018,ResNet18,test
data/processed/test\Amanita\586_kLoafsSiyT8.jpg,Amanita,Amanita,True,0.9859061241149902,0.0041720000008353,ResNet18,test
data/processed/test\Amanita\587_4e3oJGC88kg.jpg,Amanita,Amanita,True,0.6125451326370239,0.0039058999973349,ResNet18,test
data/processed/test\Amanita\588_bh0TgHuuQ-g.jpg,Amanita,Amanita,True,0.5701160430908203,0.0035635000094771,ResNet18,test
data/processed/test\Amanita\589_AnaL5Wx-reY.jpg,Amanita,Russula,False,0.3576956987380981,0.0037339999980758,ResNet18,test
data/processed/test\Amanita\596_TzXaLH4_GW0.jpg,Amanita,Amanita,True,0.6578468680381775,0.003677599990624,ResNet18,test
data/processed/test\Amanita\597_t_LN8-XruiI.jpg,Amanita,Amanita,True,0.9581270217895508,0.0040206999983638,ResNet18,test
data/processed/test\Amanita\600_jgKLD8sC_v4.jpg,Amanita,Amanita,True,0.8409871459007263,0.0044025000097462,ResNet18,test
data/processed/test\Amanita\620_JDQSDCTyXyg.jpg,Amanita,Amanita,True,0.9930388331413268,0.0041986999858636,ResNet18,test
data/processed/test\Amanita\646_zBDcRvL_RyM.jpg,Amanita,Russula,False,0.621353030204773,0.0044797000009566,ResNet18,test
data/processed/test\Amanita\654_vhjqe9X5eec.jpg,Amanita,Russula,False,0.4540660679340362,0.0039534999959869,ResNet18,test
data/processed/test\Amanita\664_AXOuF6j3tyo.jpg,Amanita,Entoloma,False,0.5214436650276184,0.0035823000071104,ResNet18,test
data/processed/test\Amanita\665_PrGfCOsVu8Y.jpg,Amanita,Russula,False,0.4572887420654297,0.0040054999990388,ResNet18,test
data/processed/test\Amanita\679_cIMzCCYdG38.jpg,Amanita,Amanita,True,0.6855255365371704,0.0036267999967094,ResNet18,test
data/processed/test\Amanita\682_B3EZBbmcFBE.jpg,Amanita,Russula,False,0.5688245296478271,0.0034875999990617,ResNet18,test
data/processed/test\Amanita\702_sR0HQkA_gkA.jpg,Amanita,Russula,False,0.4067018628120422,0.0035797000018646,ResNet18,test
data/processed/test\Amanita\713_znBkCzCEi-g.jpg,Amanita,Russula,False,0.7324105501174927,0.0036891999916406,ResNet18,test
data/processed/test\Amanita\717_vlDmzuYG5og.jpg,Amanita,Inocybe,False,0.4587467312812805,0.003677400003653,ResNet18,test
data/processed/test\Amanita\739_t_b-1IKUbgE.jpg,Amanita,Amanita,True,0.7783718109130859,0.0036090000066906,ResNet18,test
data/processed/test\Amanita\742_j3CNLlK7ISo.jpg,Amanita,Amanita,True,0.9123533964157104,0.0035788000095635,ResNet18,test
data/processed/test\Amanita\746_Dh_6IpygI6I.jpg,Amanita,Amanita,True,0.9711685180664062,0.0036112000088905,ResNet18,test
data/processed/test\Amanita\754_rDpMYIR-sFE.jpg,Amanita,Amanita,True,0.8093927502632141,0.0035017999907722,ResNet18,test
data/processed/test\Amanita\756_w-xhasvBIT0.jpg,Amanita,Amanita,True,0.9653955698013306,0.0034597000048961,ResNet18,test
data/processed/test\Amanita\773_3H-0yRwiu6Y.jpg,Amanita,Inocybe,False,0.5870082378387451,0.0036576999991666,ResNet18,test
data/processed/test\Amanita\787_V5x9WHxsoqE.jpg,Amanita,Russula,False,0.4909105002880096,0.0035066999989794,ResNet18,test
data/processed/test\Boletus\0009_2hEUS66s6Gw.jpg,Boletus,Cortinarius,False,0.4097108244895935,0.0035927000135416,ResNet18,test
data/processed/test\Boletus\0010_7M6YHrGZ3aM.jpg,Boletus,Boletus,True,0.7105835676193237,0.0044168000022182,ResNet18,test
data/processed/test\Boletus\0023_JAAEdifq1MY.jpg,Boletus,Boletus,True,0.714236855506897,0.0045540999999502,ResNet18,test
data/processed/test\Boletus\0032_Sl_iMoAAJyU.jpg,Boletus,Boletus,True,0.9946256279945374,0.004271099998732,ResNet18,test
data/processed/test\Boletus\0048_wGU2ETPlfqY.jpg,Boletus,Boletus,True,0.8081128597259521,0.00394779999624,ResNet18,test
data/processed/test\Boletus\0051_rBIC-Uy9KzI.jpg,Boletus,Lactarius,False,0.3275556564331054,0.0034486999938962,ResNet18,test
data/processed/test\Boletus\0058_djB8UbX-XaU.jpg,Boletus,Boletus,True,0.9965709447860718,0.0042748999985633,ResNet18,test
data/processed/test\Boletus\0060_ph1tt9Qik4Q.jpg,Boletus,Russula,False,0.476910799741745,0.0036216000007698,ResNet18,test
data/processed/test\Boletus\0074_-d_w6u6G7wA.jpg,Boletus,Suillus,False,0.3108311891555786,0.0035750999959418,ResNet18,test
data/processed/test\Boletus\0076_yMZR41Idcn0.jpg,Boletus,Amanita,False,0.9428282380104064,0.0037780999991809,ResNet18,test
data/processed/test\Boletus\0081_Jy-UUrFwLMA.jpg,Boletus,Amanita,False,0.6116933226585388,0.003513199990266,ResNet18,test
data/processed/test\Boletus\0090_PCyZBE7zH28.jpg,Boletus,Amanita,False,0.6284596920013428,0.0036604000051738,ResNet18,test
data/processed/test\Boletus\0100_Um24DDdxtxY.jpg,Boletus,Boletus,True,0.5328734517097473,0.0039336000045295,ResNet18,test
data/processed/test\Boletus\0110_A_F3PAXmwBw.jpg,Boletus,Boletus,True,0.8122537136077881,0.0036650999973062,ResNet18,test
data/processed/test\Boletus\0142_osp5FSuBFx4.jpg,Boletus,Boletus,True,0.955812692642212,0.0036767999990843,ResNet18,test
data/processed/test\Boletus\0148_GWuEw2WeFCY.jpg,Boletus,Boletus,True,0.9329979419708252,0.0035095000057481,ResNet18,test
data/processed/test\Boletus\0151_8qA6XqDaO10.jpg,Boletus,Boletus,True,0.5326917171478271,0.0039398999942932,ResNet18,test
data/processed/test\Boletus\0155_cfBPq0uvW7U.jpg,Boletus,Boletus,True,0.4226196706295013,0.003982399997767,ResNet18,test
data/processed/test\Boletus\0163_288vPbTy0u0.jpg,Boletus,Boletus,True,0.7837726473808289,0.00368380000873,ResNet18,test
data/processed/test\Boletus\0166_JjEOuNKkeSM.jpg,Boletus,Boletus,True,0.2622432708740234,0.0034316000092076,ResNet18,test
data/processed/test\Boletus\0176_J7Pq7LRCag0.jpg,Boletus,Amanita,False,0.3957352638244629,0.0035998000093968,ResNet18,test
data/processed/test\Boletus\0181_WPxAHfkr5nY.jpg,Boletus,Boletus,True,0.5112643837928772,0.0035566000005928,ResNet18,test
data/processed/test\Boletus\0186_8hd4Jt8Z_XU.jpg,Boletus,Boletus,True,0.6945199370384216,0.0040296999941347,ResNet18,test
data/processed/test\Boletus\0187__pRX2ASfyHE.jpg,Boletus,Boletus,True,0.949638843536377,0.0037524999934248,ResNet18,test
data/processed/test\Boletus\0196_uqGMdVItBRg.jpg,Boletus,Boletus,True,0.9434329867362976,0.0036628999951062,ResNet18,test
data/processed/test\Boletus\0203_9fok2txolHA.jpg,Boletus,Boletus,True,0.8570640087127686,0.0036057999968761,ResNet18,test
data/processed/test\Boletus\0205_qoM5hQot18c.jpg,Boletus,Boletus,True,0.5888498425483704,0.0039864999998826,ResNet18,test
data/processed/test\Boletus\0206_TyUG66hONcc.jpg,Boletus,Boletus,True,0.778712809085846,0.0039883999997982,ResNet18,test
data/processed/test\Boletus\0207_oXbD8i2vkVg.jpg,Boletus,Russula,False,0.3786657750606537,0.0041076000052271,ResNet18,test
data/processed/test\Boletus\0227_j49x_C5p-CU.jpg,Boletus,Boletus,True,0.7267458438873291,0.0039333000022452,ResNet18,test
data/processed/test\Boletus\0238_qz-FM7SB6M0.jpg,Boletus,Boletus,True,0.9049986600875854,0.0039142000023275,ResNet18,test
data/processed/test\Boletus\0240_VJBB4bFGy00.jpg,Boletus,Boletus,True,0.9970935583114624,0.003787800000282,ResNet18,test
data/processed/test\Boletus\0245_M167aLbLgs8.jpg,Boletus,Boletus,True,0.9042379260063172,0.0041402999922866,ResNet18,test
data/processed/test\Boletus\0249_50wVqwSNvhw.jpg,Boletus,Boletus,True,0.8699917197227478,0.0041093000036198,ResNet18,test
data/processed/test\Boletus\0253_g1jTDCR3Zu4.jpg,Boletus,Boletus,True,0.875764012336731,0.0043071999971289,ResNet18,test
data/processed/test\Boletus\0259_RjpNYKf3Zag.jpg,Boletus,Entoloma,False,0.3549059927463531,0.0040144999948097,ResNet18,test
data/processed/test\Boletus\0261_Dag-SrdgNL4.jpg,Boletus,Boletus,True,0.9913229942321776,0.0040006000053836,ResNet18,test
data/processed/test\Boletus\0263_nUgkvTMYYa4.jpg,Boletus,Boletus,True,0.933523416519165,0.0038884999958099,ResNet18,test
data/processed/test\Boletus\0264_47xi69ImS58.jpg,Boletus,Boletus,True,0.3417859375476837,0.0035938000073656,ResNet18,test
data/processed/test\Boletus\0285_5r1D03ayo_A.jpg,Boletus,Boletus,True,0.6216025948524475,0.0041591000044718,ResNet18,test
data/processed/test\Boletus\0297_Q4fwdJ_9PxA.jpg,Boletus,Boletus,True,0.9559226036071776,0.0034854999976232,ResNet18,test
data/processed/test\Boletus\0298_01Q7PUhybdQ.jpg,Boletus,Boletus,True,0.4482485651969909,0.0039882999990368,ResNet18,test
data/processed/test\Boletus\0299_Ue9AxhqQqyc.jpg,Boletus,Boletus,True,0.997350811958313,0.0039028000028338,ResNet18,test
data/processed/test\Boletus\0304_7bLIdSVgaIM.jpg,Boletus,Boletus,True,0.9823547601699828,0.0040080000035231,ResNet18,test
data/processed/test\Boletus\0306_64D0ZnNktPM.jpg,Boletus,Boletus,True,0.8689097166061401,0.0040259000088553,ResNet18,test
data/processed/test\Boletus\0310__tra6Lo5W9Q.jpg,Boletus,Boletus,True,0.6796764731407166,0.0042207999940728,ResNet18,test
data/processed/test\Boletus\0313_UMgAL-_294g.jpg,Boletus,Boletus,True,0.8977201581001282,0.0036809000011999,ResNet18,test
data/processed/test\Boletus\0315_TZK9JOYNO7Q.jpg,Boletus,Boletus,True,0.9978271126747132,0.0036593999975593,ResNet18,test
data/processed/test\Boletus\0320_Fj4PirBfkK0.jpg,Boletus,Cortinarius,False,0.3006222248077392,0.0038203000003704,ResNet18,test
data/processed/test\Boletus\0336__FEoILXRJaU.jpg,Boletus,Russula,False,0.6885881423950195,0.0040204000106314,ResNet18,test
data/processed/test\Boletus\0344_3nzDfs3jlQQ.jpg,Boletus,Boletus,True,0.9986428618431092,0.0043269000016152,ResNet18,test
data/processed/test\Boletus\0358_MmNt3oIzcU8.jpg,Boletus,Boletus,True,0.9908280372619628,0.004238699999405,ResNet18,test
data/processed/test\Boletus\0365_w3QgqqeP-C8.jpg,Boletus,Boletus,True,0.6836058497428894,0.0035958999942522,ResNet18,test
data/processed/test\Boletus\0372_EVEx-OOzR1U.jpg,Boletus,Boletus,True,0.989823877811432,0.0070035999960964,ResNet18,test
data/processed/test\Boletus\0388_M54uL5T9TkM.jpg,Boletus,Boletus,True,0.9811931848526,0.0048646999930497,ResNet18,test
data/processed/test\Boletus\0391_s9Ag92abtK8.jpg,Boletus,Boletus,True,0.9091306924819946,0.0039099999994505,ResNet18,test
data/processed/test\Boletus\0395_jZFg843mP4g.jpg,Boletus,Boletus,True,0.8748780488967896,0.0039752000011503,ResNet18,test
data/processed/test\Boletus\0396_SY7PYfYNq88.jpg,Boletus,Boletus,True,0.9976309537887572,0.0038901999942027,ResNet18,test
data/processed/test\Boletus\0398_5b-zJ94MXQk.jpg,Boletus,Boletus,True,0.9823310375213624,0.0037848000065423,ResNet18,test
data/processed/test\Boletus\0410_jhaHnXdb-IM.jpg,Boletus,Boletus,True,0.9674335718154908,0.0040876999992178,ResNet18,test
data/processed/test\Boletus\0426_LWjQTfRMiXo.jpg,Boletus,Boletus,True,0.9396306276321412,0.0038423999940278,ResNet18,test
data/processed/test\Boletus\0439_O6QzBvZavTM.jpg,Boletus,Boletus,True,0.9730045795440674,0.0038159999967319,ResNet18,test
data/processed/test\Boletus\0446_xHS1WNA5GOs.jpg,Boletus,Inocybe,False,0.6302992701530457,0.0038901000079931,ResNet18,test
data/processed/test\Boletus\0457_lZNPtp0I8xY.jpg,Boletus,Boletus,True,0.8848806023597717,0.0038838000036776,ResNet18,test
data/processed/test\Boletus\0471_lxzgCXnZUlM.jpg,Boletus,Boletus,True,0.5003077983856201,0.0041269000066677,ResNet18,test
data/processed/test\Boletus\0473_x9mm3RQN3OQ.jpg,Boletus,Russula,False,0.5721075534820557,0.0041115000058198,ResNet18,test
data/processed/test\Boletus\0476_qTLS2LtmH20.jpg,Boletus,Boletus,True,0.6199214458465576,0.0042423000122653,ResNet18,test
data/processed/test\Boletus\0478_IqIYZ5z8ZaA.jpg,Boletus,Boletus,True,0.951185941696167,0.0041649999911896,ResNet18,test
data/processed/test\Boletus\0482_bwKqTN52ZY0.jpg,Boletus,Russula,False,0.573205828666687,0.0041493999888189,ResNet18,test
data/processed/test\Boletus\0485_2M-1Jj2XXfU.jpg,Boletus,Boletus,True,0.8366407155990601,0.0041299000004073,ResNet18,test
data/processed/test\Boletus\0487_V0mcOZZWsYc.jpg,Boletus,Boletus,True,0.5817634463310242,0.0049440000002505,ResNet18,test
data/processed/test\Boletus\0496_oW-MXvWIdeg.jpg,Boletus,Boletus,True,0.2545438110828399,0.0047617000091122,ResNet18,test
data/processed/test\Boletus\0501_RcynfiUwksM.jpg,Boletus,Boletus,True,0.9619233012199402,0.0037911000108579,ResNet18,test
data/processed/test\Boletus\0515_fH8FRrp-Rc4.jpg,Boletus,Lactarius,False,0.3810860216617584,0.0044932000018889,ResNet18,test
data/processed/test\Boletus\0516_jSgZvx-y_IA.jpg,Boletus,Boletus,True,0.9788210391998292,0.0039649000100325,ResNet18,test
data/processed/test\Boletus\0551_xiALBJABq4k.jpg,Boletus,Boletus,True,0.9073294997215272,0.0039210000104503,ResNet18,test
data/processed/test\Boletus\0552_Sm0FWjXpCUA.jpg,Boletus,Russula,False,0.2868633270263672,0.003901299991412,ResNet18,test
data/processed/test\Boletus\0569_DpPGoGLCmxw.jpg,Boletus,Boletus,True,0.7948364615440369,0.0039021999982651,ResNet18,test
data/processed/test\Boletus\0590_U1iXqaOG__4.jpg,Boletus,Boletus,True,0.99677175283432,0.0038899999926798,ResNet18,test
data/processed/test\Boletus\0596_1eBgViXIxTo.jpg,Boletus,Boletus,True,0.6014631986618042,0.0038702000019839,ResNet18,test
data/processed/test\Boletus\0599_KA0H3vejy08.jpg,Boletus,Boletus,True,0.991902768611908,0.0039420000102836,ResNet18,test
data/processed/test\Boletus\0608_iR5VKlchysc.jpg,Boletus,Boletus,True,0.9976004958152772,0.0039292000001296,ResNet18,test
data/processed/test\Boletus\0612_8lQr8TbwImc.jpg,Boletus,Boletus,True,0.998340368270874,0.0038959000085014,ResNet18,test
data/processed/test\Boletus\0624_RmlDHXvJUeU.jpg,Boletus,Boletus,True,0.9240029454231262,0.0044246000034036,ResNet18,test
data/processed/test\Boletus\0631_PJXNFQZc7n8.jpg,Boletus,Boletus,True,0.6469064950942993,0.0042523000010987,ResNet18,test
data/processed/test\Boletus\0632_Rc_3hYDbYqU.jpg,Boletus,Boletus,True,0.6261958479881287,0.0040722999983699,ResNet18,test
data/processed/test\Boletus\0635_-J_6XTsYZMA.jpg,Boletus,Cortinarius,False,0.4320318102836609,0.0038788999954704,ResNet18,test
data/processed/test\Boletus\0645_l3ki0s-WOCU.jpg,Boletus,Amanita,False,0.4351695775985718,0.0039184000052046,ResNet18,test
data/processed/test\Boletus\0646_X-9LZJb_Mm8.jpg,Boletus,Boletus,True,0.898796796798706,0.0039122000016504,ResNet18,test
data/processed/test\Boletus\0654_S0ZETeWMBPU.jpg,Boletus,Inocybe,False,0.4282058775424957,0.0042219000024488,ResNet18,test
data/processed/test\Boletus\0659_r1c48yLOmjA.jpg,Boletus,Boletus,True,0.9387308955192566,0.0047305000043706,ResNet18,test
data/processed/test\Boletus\0662_zLAxc0c9R_M.jpg,Boletus,Boletus,True,0.9548664689064026,0.0041356000001542,ResNet18,test
data/processed/test\Boletus\0664_aAvZIRDPNUI.jpg,Boletus,Boletus,True,0.2947571575641632,0.0038783000054536,ResNet18,test
data/processed/test\Boletus\0665_oAzt25TNZeQ.jpg,Boletus,Boletus,True,0.811558723449707,0.0039404999988619,ResNet18,test
data/processed/test\Boletus\0670_K_TCbzxFUGM.jpg,Boletus,Boletus,True,0.67071533203125,0.0039009000029182,ResNet18,test
data/processed/test\Boletus\0684_vMnFJrCY0pg.jpg,Boletus,Lactarius,False,0.5648776888847351,0.0041370000108145,ResNet18,test
data/processed/test\Boletus\0686_HDMT9DDObck.jpg,Boletus,Russula,False,0.7163088917732239,0.0040301999979419,ResNet18,test
data/processed/test\Boletus\0687_OAh8DHQ9Ejw.jpg,Boletus,Boletus,True,0.9588041305541992,0.0042653999989852,ResNet18,test
data/processed/test\Boletus\0691_aeOqhuNhZUo.jpg,Boletus,Amanita,False,0.4887439608573913,0.0039599000010639,ResNet18,test
data/processed/test\Boletus\0694_ZGhTNFYpRF0.jpg,Boletus,Russula,False,0.5040538311004639,0.0042588999931467,ResNet18,test
data/processed/test\Boletus\0705_zAx-31wgOX8.jpg,Boletus,Boletus,True,0.5547124743461609,0.0039851000037742,ResNet18,test
data/processed/test\Boletus\0706_O2coJ1bHNyI.jpg,Boletus,Lactarius,False,0.3505070209503174,0.0042035999940708,ResNet18,test
data/processed/test\Boletus\0710_3W2LVW3vahA.jpg,Boletus,Boletus,True,0.997873067855835,0.0041959999944083,ResNet18,test
data/processed/test\Boletus\0711_BeW-0Vt9hao.jpg,Boletus,Cortinarius,False,0.4683926403522491,0.0041951000021072,ResNet18,test
data/processed/test\Boletus\0712_KcW299HdxJQ.jpg,Boletus,Hygrocybe,False,0.4543139934539795,0.0038716999988537,ResNet18,test
data/processed/test\Boletus\0715_bpAousgaNak.jpg,Boletus,Russula,False,0.621210515499115,0.0039350000006379,ResNet18,test
data/processed/test\Boletus\0720_5nsuj2jRfF0.jpg,Boletus,Russula,False,0.2625446915626526,0.0038696999981766,ResNet18,test
data/processed/test\Boletus\0731_6DJ6_aa-bZg.jpg,Boletus,Boletus,True,0.6790413856506348,0.0041823999927146,ResNet18,test
data/processed/test\Boletus\0754_zPtZnfibMT4.jpg,Boletus,Hygrocybe,False,0.2930319607257843,0.0044401999912224,ResNet18,test
data/processed/test\Boletus\0778_UbEygYYDhi4.jpg,Boletus,Inocybe,False,0.4677770137786865,0.0039214999997057,ResNet18,test
data/processed/test\Boletus\0779_x10CHNm1XGs.jpg,Boletus,Boletus,True,0.8287904858589172,0.0041817000019364,ResNet18,test
data/processed/test\Boletus\0789_HeUlbr2dIsk.jpg,Boletus,Lactarius,False,0.2236944288015365,0.0038880999927641,ResNet18,test
data/processed/test\Boletus\0790_pju1fCrxSyw.jpg,Boletus,Amanita,False,0.7463383078575134,0.0038691000081598,ResNet18,test
data/processed/test\Boletus\0795_O2Z0CQUcDhg.jpg,Boletus,Boletus,True,0.9266809821128844,0.0039246999949682,ResNet18,test
data/processed/test\Boletus\0797_6dpBNM8twyA.jpg,Boletus,Lactarius,False,0.4106867909431457,0.0038976000068942,ResNet18,test
data/processed/test\Boletus\0801_ulyFq_UWWzM.jpg,Boletus,Lactarius,False,0.3391080498695373,0.0041735999984666,ResNet18,test
data/processed/test\Boletus\0802_MWtsI0EKttw.jpg,Boletus,Amanita,False,0.4572175145149231,0.0040549999976065,ResNet18,test
data/processed/test\Boletus\0807_Iqw2hN_b0s8.jpg,Boletus,Boletus,True,0.6771130561828613,0.0039405999996233,ResNet18,test
data/processed/test\Boletus\0811_7t2BE3xOyek.jpg,Boletus,Russula,False,0.4611709713935852,0.0039106000040192,ResNet18,test
data/processed/test\Boletus\0813_mXb_8YjMI_8.jpg,Boletus,Suillus,False,0.3456262648105621,0.0039692999998806,ResNet18,test
data/processed/test\Boletus\0829_dHV6v4tZvMk.jpg,Boletus,Boletus,True,0.9488392472267152,0.0038848999975016,ResNet18,test
data/processed/test\Boletus\0832_XCzDV_JY6_M.jpg,Boletus,Boletus,True,0.5976442098617554,0.0039035000081639,ResNet18,test
data/processed/test\Boletus\0833_lwqKJywKCCc.jpg,Boletus,Boletus,True,0.9695274233818054,0.0041822999919531,ResNet18,test
data/processed/test\Boletus\0836_FkYdaUI06h0.jpg,Boletus,Amanita,False,0.7185674905776978,0.0042019999964395,ResNet18,test
data/processed/test\Boletus\0839__L3OdEzm-GA.jpg,Boletus,Boletus,True,0.8277035355567932,0.0039169999945443,ResNet18,test
data/processed/test\Boletus\0841_7XAXHIAG0d8.jpg,Boletus,Boletus,True,0.4915527403354645,0.0039096999971661,ResNet18,test
data/processed/test\Boletus\0857_lvu1iJAnbvg.jpg,Boletus,Boletus,True,0.98492830991745,0.003890499996487,ResNet18,test
data/processed/test\Boletus\0859_z4K-tiR_PP0.jpg,Boletus,Russula,False,0.7306993007659912,0.0039431000041076,ResNet18,test
data/processed/test\Boletus\0867_ExxTC0iGbxI.jpg,Boletus,Boletus,True,0.1328884214162826,0.0045056999952066,ResNet18,test
data/processed/test\Boletus\0870_BxgSujm7-C8.jpg,Boletus,Russula,False,0.580926239490509,0.0043259999947622,ResNet18,test
data/processed/test\Boletus\0876_Sizxg8ymXLI.jpg,Boletus,Boletus,True,0.6508935689926147,0.0045089999912306,ResNet18,test
data/processed/test\Boletus\0883_LcmFTebwKmA.jpg,Boletus,Boletus,True,0.9986563920974731,0.003899299990735,ResNet18,test
data/processed/test\Boletus\0891_9qHx98xefUQ.jpg,Boletus,Boletus,True,0.8157705664634705,0.0039080999995348,ResNet18,test
data/processed/test\Boletus\0904_qppYGFqfqYg.jpg,Boletus,Boletus,True,0.9813728332519532,0.0038788999954704,ResNet18,test
data/processed/test\Boletus\0907_JUjr6H_B0Xo.jpg,Boletus,Russula,False,0.4272676110267639,0.004179199997452,ResNet18,test
data/processed/test\Boletus\0910_gk8EFVec-aU.jpg,Boletus,Boletus,True,0.84503573179245,0.0057770999992499,ResNet18,test
data/processed/test\Boletus\0920_Mj9Gr-R_eJg.jpg,Boletus,Boletus,True,0.9965264201164246,0.0054413000034401,ResNet18,test
data/processed/test\Boletus\0927_GeTz3gpfOCA.jpg,Boletus,Russula,False,0.6029244661331177,0.0041115999920293,ResNet18,test
data/processed/test\Boletus\0939_Uu9bT1-H4ZE.jpg,Boletus,Boletus,True,0.9609404802322388,0.0041195999947376,ResNet18,test
data/processed/test\Boletus\0941_CD55o3j2ACk.jpg,Boletus,Russula,False,0.9178339838981628,0.0041743000037968,ResNet18,test
data/processed/test\Boletus\0943_7_qx73pcT5M.jpg,Boletus,Boletus,True,0.9982776641845704,0.0039761000080034,ResNet18,test
data/processed/test\Boletus\0944_uchnyCbCU8o.jpg,Boletus,Agaricus,False,0.3147337138652801,0.0041598999960115,ResNet18,test
data/processed/test\Boletus\0951_12IsIr7KDL0.jpg,Boletus,Boletus,True,0.9884474873542786,0.0039343000098597,ResNet18,test
data/processed/test\Boletus\0953_JtmTQxMa4yM.jpg,Boletus,Amanita,False,0.3682922720909118,0.0042335000034654,ResNet18,test
data/processed/test\Boletus\0954_UdQ21bvT_YM.jpg,Boletus,Boletus,True,0.5950590372085571,0.0039171999960672,ResNet18,test
data/processed/test\Boletus\0974_ZIsylb_w8NE.jpg,Boletus,Boletus,True,0.9414108395576476,0.0041927999991457,ResNet18,test
data/processed/test\Boletus\0981_Q5GmJS_vei8.jpg,Boletus,Boletus,True,0.9872883558273317,0.0041537000070093,ResNet18,test
data/processed/test\Boletus\0987_JvKLOKW8WFA.jpg,Boletus,Boletus,True,0.4935427606105804,0.0043048999941674,ResNet18,test
data/processed/test\Boletus\0988_R0RNuJ8IqBI.jpg,Boletus,Boletus,True,0.6928449869155884,0.0039109000063035,ResNet18,test
data/processed/test\Boletus\1021_SyO8BpGSVjw.jpg,Boletus,Russula,False,0.5174383521080017,0.003958799992688,ResNet18,test
data/processed/test\Boletus\1032_tYL581WPzXU.jpg,Boletus,Boletus,True,0.9998573064804076,0.003887200000463,ResNet18,test
data/processed/test\Boletus\1036_4kWl9z7sQIY.jpg,Boletus,Inocybe,False,0.7180209755897522,0.0039181000029202,ResNet18,test
data/processed/test\Boletus\1040_i_rg9l4rqjw.jpg,Boletus,Boletus,True,0.9951658248901368,0.0039265000086743,ResNet18,test
data/processed/test\Boletus\1051_Q0ltVKrZhcQ.jpg,Boletus,Boletus,True,0.9490503668785096,0.0039123000024119,ResNet18,test
data/processed/test\Boletus\1055_1FFlybCSCAU.jpg,Boletus,Boletus,True,0.6714503765106201,0.0038883000088389,ResNet18,test
data/processed/test\Boletus\1057_Y7n8VqlTW3g.jpg,Boletus,Boletus,True,0.8890380263328552,0.0039409000019077,ResNet18,test
data/processed/test\Boletus\1065_eMY4Zsr_msU.jpg,Boletus,Russula,False,0.26666259765625,0.0042647999944165,ResNet18,test
data/processed/test\Boletus\1077_JAOBSnuV9zc.jpg,Boletus,Boletus,True,0.4318145513534546,0.0042367999994894,ResNet18,test
data/processed/test\Boletus\1081_S9BZwG4wmiU.jpg,Boletus,Boletus,True,0.8092736601829529,0.0039333999884547,ResNet18,test
data/processed/test\Boletus\1086_9A85NgFJxzc.jpg,Boletus,Boletus,True,0.8541837334632874,0.0038898000057088,ResNet18,test
data/processed/test\Boletus\1087_POSIDmOc7AE.jpg,Boletus,Boletus,True,0.973308801651001,0.0039130999939516,ResNet18,test
data/processed/test\Boletus\1095_fb3O6d7sRfw.jpg,Boletus,Boletus,True,0.5436951518058777,0.003930400009267,ResNet18,test
data/processed/test\Cortinarius\032_RaRNWCMOeJY.jpg,Cortinarius,Lactarius,False,0.4435648918151855,0.0040351000061491,ResNet18,test
data/processed/test\Cortinarius\034_uFEs0KR55hA.jpg,Cortinarius,Boletus,False,0.663445234298706,0.004637799996999,ResNet18,test
data/processed/test\Cortinarius\047_a4t7zntIs3E.jpg,Cortinarius,Russula,False,0.9026466012001038,0.0040712999907555,ResNet18,test
data/processed/test\Cortinarius\051_BcBgKIXkPFY.jpg,Cortinarius,Cortinarius,True,0.6703444123268127,0.0039398000080836,ResNet18,test
data/processed/test\Cortinarius\062_lU35GQ80D6k.jpg,Cortinarius,Exidia,False,0.2634709477424621,0.004075400007423,ResNet18,test
data/processed/test\Cortinarius\068_eKtLmKWRhYQ.jpg,Cortinarius,Cortinarius,True,0.4542777836322784,0.0040171000000555,ResNet18,test
data/processed/test\Cortinarius\074_QZm5I2faj7M.jpg,Cortinarius,Russula,False,0.8178523182868958,0.0046776999952271,ResNet18,test
data/processed/test\Cortinarius\082_igjSlbVXbAs.jpg,Cortinarius,Cortinarius,True,0.3137545585632324,0.0042232999985571,ResNet18,test
data/processed/test\Cortinarius\083_Fx67B3DmN3Y.jpg,Cortinarius,Entoloma,False,0.5273043513298035,0.0043947999947704,ResNet18,test
data/processed/test\Cortinarius\089_pSC0tp3Vin8.jpg,Cortinarius,Russula,False,0.3540265560150146,0.004046100002597,ResNet18,test
data/processed/test\Cortinarius\092_TIq_EZUYHvE.jpg,Cortinarius,Amanita,False,0.3548448085784912,0.0040311999910045,ResNet18,test
data/processed/test\Cortinarius\098_9sdVyNK9pSI.jpg,Cortinarius,Hygrocybe,False,0.7502122521400452,0.0040586999966762,ResNet18,test
data/processed/test\Cortinarius\106_zDyFzio3OcI.jpg,Cortinarius,Suillus,False,0.4498932063579559,0.0045275000011315,ResNet18,test
data/processed/test\Cortinarius\120_6i3qL8_7_cU.jpg,Cortinarius,Russula,False,0.750127911567688,0.0040462000033585,ResNet18,test
data/processed/test\Cortinarius\139_Sa-XUtLlV4s.jpg,Cortinarius,Hygrocybe,False,0.3483425378799438,0.0040341999992961,ResNet18,test
data/processed/test\Cortinarius\142_UT29eeWW32A.jpg,Cortinarius,Russula,False,0.4737770855426788,0.0039897999959066,ResNet18,test
data/processed/test\Cortinarius\143_SrOlFvP1n9w.jpg,Cortinarius,Boletus,False,0.6867324113845825,0.0039944000018294,ResNet18,test
data/processed/test\Cortinarius\146_N9FJKoJghDQ.jpg,Cortinarius,Lactarius,False,0.3660812079906463,0.0043621000077109,ResNet18,test
data/processed/test\Cortinarius\147_gh5SUGxwpmg.jpg,Cortinarius,Cortinarius,True,0.3623130023479461,0.0040427999920211,ResNet18,test
data/processed/test\Cortinarius\148_NRYh_CNOe0Q.jpg,Cortinarius,Russula,False,0.3913161754608154,0.0039967999910004,ResNet18,test
data/processed/test\Cortinarius\162_vx8DyMaDNbY.jpg,Cortinarius,Cortinarius,True,0.3387318253517151,0.0040513999992981,ResNet18,test
data/processed/test\Cortinarius\172_RQpuklei93E.jpg,Cortinarius,Russula,False,0.9224316477775574,0.0040265999996336,ResNet18,test
data/processed/test\Cortinarius\173_OBw2ytszKxo.jpg,Cortinarius,Agaricus,False,0.267888069152832,0.0040230999875348,ResNet18,test
data/processed/test\Cortinarius\178_xHtAXzZPN-s.jpg,Cortinarius,Russula,False,0.4235814213752746,0.0047277999983634,ResNet18,test
data/processed/test\Cortinarius\182_kJh0aAaK590.jpg,Cortinarius,Lactarius,False,0.4164799749851227,0.0040480000025127,ResNet18,test
data/processed/test\Cortinarius\185_OXwIsNfGrwY.jpg,Cortinarius,Russula,False,0.6984769105911255,0.0040352000069106,ResNet18,test
data/processed/test\Cortinarius\192_TskFa7fOkRc.jpg,Cortinarius,Russula,False,0.4837154150009155,0.00407009999617,ResNet18,test
data/processed/test\Cortinarius\195_lD8h4PCMaUY.jpg,Cortinarius,Entoloma,False,0.1883631348609924,0.0039793000032659,ResNet18,test
data/processed/test\Cortinarius\207_zmoZZTV0lLI.jpg,Cortinarius,Russula,False,0.5429065227508545,0.0040263999981107,ResNet18,test
data/processed/test\Cortinarius\224_mLlKvEsrEcA.jpg,Cortinarius,Cortinarius,True,0.3484784364700317,0.0040717999945627,ResNet18,test
data/processed/test\Cortinarius\232_jKdR7Qgq_BY.jpg,Cortinarius,Lactarius,False,0.4950167834758758,0.0040661999955773,ResNet18,test
data/processed/test\Cortinarius\240_aJldHbs2JsE.jpg,Cortinarius,Hygrocybe,False,0.5763527750968933,0.0042444999999133,ResNet18,test
data/processed/test\Cortinarius\256_TpoM3eWkf6g.jpg,Cortinarius,Russula,False,0.2815639972686767,0.0040226999990409,ResNet18,test
data/processed/test\Cortinarius\274_RW-zkr4BQmM.jpg,Cortinarius,Entoloma,False,0.5656360387802124,0.0039907000027596,ResNet18,test
data/processed/test\Cortinarius\277_2vcjLHvzssg.jpg,Cortinarius,Inocybe,False,0.3614768385887146,0.0039644999924348,ResNet18,test
data/processed/test\Cortinarius\285_ALSLuAGLn64.jpg,Cortinarius,Inocybe,False,0.3120385110378265,0.0040157999901566,ResNet18,test
data/processed/test\Cortinarius\301_BY2YjnDmmdc.jpg,Cortinarius,Entoloma,False,0.6024024486541748,0.0043377000110922,ResNet18,test
data/processed/test\Cortinarius\312_Kv_3xHcyVUE.jpg,Cortinarius,Amanita,False,0.5716965198516846,0.0041973000043071,ResNet18,test
data/processed/test\Cortinarius\321_EgWJ7bpjCxM.jpg,Cortinarius,Russula,False,0.272209495306015,0.0039902999997138,ResNet18,test
data/processed/test\Cortinarius\328_qxWZEmWaodk.jpg,Cortinarius,Russula,False,0.3622142672538757,0.0040098999888869,ResNet18,test
data/processed/test\Cortinarius\337_ohrbRKjnZkA.jpg,Cortinarius,Russula,False,0.4300557076931,0.0039781000086804,ResNet18,test
data/processed/test\Cortinarius\342_3kBE30sLBPk.jpg,Cortinarius,Russula,False,0.3742146790027618,0.0040518000023439,ResNet18,test
data/processed/test\Cortinarius\343_YY4qxL--3lE.jpg,Cortinarius,Russula,False,0.9469784498214722,0.0040934999997261,ResNet18,test
data/processed/test\Cortinarius\344_AKEJiWrKVfA.jpg,Cortinarius,Entoloma,False,0.3097034692764282,0.0047350999957416,ResNet18,test
data/processed/test\Cortinarius\349_BG4jbNRDzCI.jpg,Cortinarius,Entoloma,False,0.4618266522884369,0.0044787999941036,ResNet18,test
data/processed/test\Cortinarius\353_qyVEsJs6eu8.jpg,Cortinarius,Cortinarius,True,0.5499395728111267,0.0039869000029284,ResNet18,test
data/processed/test\Cortinarius\358_L8mvKvlrYDA.jpg,Cortinarius,Russula,False,0.5139209032058716,0.004140200006077,ResNet18,test
data/processed/test\Cortinarius\360_QL0VQlt8Ke0.jpg,Cortinarius,Lactarius,False,0.5304862260818481,0.0068668000021716,ResNet18,test
data/processed/test\Cortinarius\364_Xsj2f0KiCAk.jpg,Cortinarius,Lactarius,False,0.4300082623958587,0.0068115000030957,ResNet18,test
data/processed/test\Cortinarius\381_IHHdqt43Ivk.jpg,Cortinarius,Inocybe,False,0.6369001269340515,0.006781599993701,ResNet18,test
data/processed/test\Cortinarius\384_NCKsip2esZ4.jpg,Cortinarius,Russula,False,0.5976205468177795,0.0069363000075099,ResNet18,test
data/processed/test\Cortinarius\388_JTEy9_rTlno.jpg,Cortinarius,Russula,False,0.8082917928695679,0.0067050999932689,ResNet18,test
data/processed/test\Cortinarius\389_D8kTQu4sbro.jpg,Cortinarius,Russula,False,0.3604151308536529,0.0069532999914372,ResNet18,test
data/processed/test\Cortinarius\390_iQUMBiY-0qs.jpg,Cortinarius,Lactarius,False,0.7257334589958191,0.0067793000052915,ResNet18,test
data/processed/test\Cortinarius\418_YUu8Eth7vC0.jpg,Cortinarius,Inocybe,False,0.3331975042819977,0.0076463000004878,ResNet18,test
data/processed/test\Cortinarius\448_uo51r2lHNAw.jpg,Cortinarius,Cortinarius,True,0.4094140827655792,0.0068945999955758,ResNet18,test
data/processed/test\Cortinarius\449_VlvWf0y620o.jpg,Cortinarius,Exidia,False,0.9118528962135316,0.0069161999999778,ResNet18,test
data/processed/test\Cortinarius\456_KDbq8QQJpF8.jpg,Cortinarius,Inocybe,False,0.3329806923866272,0.0071430999960284,ResNet18,test
data/processed/test\Cortinarius\460_-PS3Pqhfj28.jpg,Cortinarius,Cortinarius,True,0.534597635269165,0.0068967000115662,ResNet18,test
data/processed/test\Cortinarius\461_FcGRZ9NIyZM.jpg,Cortinarius,Exidia,False,0.486009806394577,0.0067004000011365,ResNet18,test
data/processed/test\Cortinarius\466_M2i1qdSiRz4.jpg,Cortinarius,Entoloma,False,0.6159839034080505,0.0069626999902538,ResNet18,test
data/processed/test\Cortinarius\467_LUja4xjFPG8.jpg,Cortinarius,Cortinarius,True,0.4014923572540283,0.006836700005806,ResNet18,test
data/processed/test\Cortinarius\488_UhQdy3jXkc0.jpg,Cortinarius,Russula,False,0.6134740710258484,0.0063416000048164,ResNet18,test
data/processed/test\Cortinarius\496_KX8TxkeLLa4.jpg,Cortinarius,Cortinarius,True,0.3984326720237732,0.0067169999965699,ResNet18,test
data/processed/test\Cortinarius\509_M0Gd8axTrw4.jpg,Cortinarius,Russula,False,0.7890917062759399,0.0076176000002305,ResNet18,test
data/processed/test\Cortinarius\514_tv4keuWfvWE.jpg,Cortinarius,Russula,False,0.5872942209243774,0.0065126999979838,ResNet18,test
data/processed/test\Cortinarius\530_sEUUp5boweI.jpg,Cortinarius,Russula,False,0.3935460746288299,0.0063898999942466,ResNet18,test
data/processed/test\Cortinarius\532_oIJibw1tz4Y.jpg,Cortinarius,Lactarius,False,0.2548258006572723,0.0065188000007765,ResNet18,test
data/processed/test\Cortinarius\533_pNuBhaHhEmU.jpg,Cortinarius,Lactarius,False,0.5517600178718567,0.0066270000097574,ResNet18,test
data/processed/test\Cortinarius\547_fKznDHbWCkk.jpg,Cortinarius,Inocybe,False,0.2992956936359405,0.0065364999900339,ResNet18,test
data/processed/test\Cortinarius\551_APFbJ2vPcGw.jpg,Cortinarius,Russula,False,0.7122393250465393,0.0068702999997185,ResNet18,test
data/processed/test\Cortinarius\552_z4MK9UiOMoc.jpg,Cortinarius,Russula,False,0.6861000061035156,0.0065822000033222,ResNet18,test
data/processed/test\Cortinarius\567_6O0QVMS6LE4.jpg,Cortinarius,Hygrocybe,False,0.4209484755992889,0.0062980000075185,ResNet18,test
data/processed/test\Cortinarius\574_xXwqpgn5Fls.jpg,Cortinarius,Russula,False,0.6720712780952454,0.0065498999902047,ResNet18,test
data/processed/test\Cortinarius\589_rgxUeggTwRk.jpg,Cortinarius,Entoloma,False,0.3189223408699035,0.0072861999942688,ResNet18,test
data/processed/test\Cortinarius\592_ZR3yzj9H31I.jpg,Cortinarius,Inocybe,False,0.4010362327098846,0.0063595000101486,ResNet18,test
data/processed/test\Cortinarius\593_VEBcqScsSLw.jpg,Cortinarius,Cortinarius,True,0.3812939524650574,0.006258000008529,ResNet18,test
data/processed/test\Cortinarius\595_DUgPrK3WFJ0.jpg,Cortinarius,Agaricus,False,0.3376919031143188,0.0063808000122662,ResNet18,test
data/processed/test\Cortinarius\604_55_Sj5HXI6U.jpg,Cortinarius,Agaricus,False,0.3512480556964874,0.0064769000018714,ResNet18,test
data/processed/test\Cortinarius\613_RZSh0QPwcnw.jpg,Cortinarius,Cortinarius,True,0.8721253871917725,0.0062156000058166,ResNet18,test
data/processed/test\Cortinarius\627_JqtzXHRtbPY.jpg,Cortinarius,Entoloma,False,0.3182927370071411,0.0062939000054029,ResNet18,test
data/processed/test\Cortinarius\634_3P_z4FJuvrc.jpg,Cortinarius,Boletus,False,0.3886878788471222,0.0063336000021081,ResNet18,test
data/processed/test\Cortinarius\648_rFy8BK5tQS4.jpg,Cortinarius,Amanita,False,0.624637246131897,0.0062506999965989,ResNet18,test
data/processed/test\Cortinarius\651_YsGS-o5hPUk.jpg,Cortinarius,Inocybe,False,0.2335099875926971,0.0062777999992249,ResNet18,test
data/processed/test\Cortinarius\660_qqPWIG-_atg.jpg,Cortinarius,Inocybe,False,0.2777210474014282,0.0062752999947406,ResNet18,test
data/processed/test\Cortinarius\663_vqeZWWsm7AU.jpg,Cortinarius,Cortinarius,True,0.4569118022918701,0.0062707000033697,ResNet18,test
data/processed/test\Cortinarius\665_CnMbFwJ4A3g.jpg,Cortinarius,Inocybe,False,0.2991748452186584,0.0063736999873071,ResNet18,test
data/processed/test\Cortinarius\670_VEDFNxOmJjk.jpg,Cortinarius,Cortinarius,True,0.9461873173713684,0.006337099999655,ResNet18,test
data/processed/test\Cortinarius\677_jZl6bME7gYc.jpg,Cortinarius,Suillus,False,0.2283691763877868,0.0064321999961975,ResNet18,test
data/processed/test\Cortinarius\684_4Yz2wW3J4Vs.jpg,Cortinarius,Cortinarius,True,0.4007008075714111,0.006437600008212,ResNet18,test
data/processed/test\Cortinarius\698_hDYmajbNTyc.jpg,Cortinarius,Lactarius,False,0.5672537088394165,0.0062925000092945,ResNet18,test
data/processed/test\Cortinarius\700_T0ARJ9bwVM0.jpg,Cortinarius,Suillus,False,0.2177574634552002,0.0060279999888734,ResNet18,test
data/processed/test\Cortinarius\706_neOW0Q7auww.jpg,Cortinarius,Agaricus,False,0.3654307126998901,0.0062075000023469,ResNet18,test
data/processed/test\Cortinarius\710_9SgH3X4RwDc.jpg,Cortinarius,Inocybe,False,0.3225659132003784,0.0061571000114781,ResNet18,test
data/processed/test\Cortinarius\713_0K-WK89enpQ.jpg,Cortinarius,Cortinarius,True,0.3412404358386993,0.0060045999998692,ResNet18,test
data/processed/test\Cortinarius\722_hYmaZTUMKvM.jpg,Cortinarius,Russula,False,0.7731291055679321,0.0062207000009948,ResNet18,test
data/processed/test\Cortinarius\723_z2zuRWlePHw.jpg,Cortinarius,Inocybe,False,0.4002776741981506,0.006239700000151,ResNet18,test
data/processed/test\Cortinarius\726_SPq8J7DiHAU.jpg,Cortinarius,Russula,False,0.4247922003269195,0.0062835999997332,ResNet18,test
data/processed/test\Cortinarius\734_gSi3maWDcms.jpg,Cortinarius,Russula,False,0.6150230169296265,0.0060908000014023,ResNet18,test
data/processed/test\Cortinarius\739_1fnqQJpMA1w.jpg,Cortinarius,Cortinarius,True,0.5449556708335876,0.0061016999970888,ResNet18,test
data/processed/test\Cortinarius\740_6uQUZGPJDtc.jpg,Cortinarius,Russula,False,0.2363642752170562,0.0061278000066522,ResNet18,test
data/processed/test\Cortinarius\741_I2jWMQKljH8.jpg,Cortinarius,Agaricus,False,0.3910089433193207,0.006128200009698,ResNet18,test
data/processed/test\Cortinarius\743_x_gCsSdhOPU.jpg,Cortinarius,Inocybe,False,0.3089130222797394,0.0061600000044563,ResNet18,test
data/processed/test\Cortinarius\754_pGoceyCfMP8.jpg,Cortinarius,Russula,False,0.7419446706771851,0.0061926999915158,ResNet18,test
data/processed/test\Cortinarius\766_vIHHxNTloEA.jpg,Cortinarius,Russula,False,0.6268148422241211,0.0061610999982804,ResNet18,test
data/processed/test\Cortinarius\791_2-YR9WlEhSA.jpg,Cortinarius,Russula,False,0.4062766134738922,0.0076987999927951,ResNet18,test
data/processed/test\Cortinarius\796_738i150K_pQ.jpg,Cortinarius,Hygrocybe,False,0.4239878356456756,0.0059769000072265,ResNet18,test
data/processed/test\Cortinarius\800_DyXP5vXb0mQ.jpg,Cortinarius,Lactarius,False,0.6722995638847351,0.0059481000062078,ResNet18,test
data/processed/test\Cortinarius\819_ELx6VT8tmKM.jpg,Cortinarius,Boletus,False,0.3825918436050415,0.006034100006218,ResNet18,test
data/processed/test\Cortinarius\825_nn-gRPOKNNQ.jpg,Cortinarius,Entoloma,False,0.6591257452964783,0.0060546000022441,ResNet18,test
data/processed/test\Cortinarius\835_znWNJNTUlcg.jpg,Cortinarius,Russula,False,0.3622780740261078,0.0060642999887932,ResNet18,test
data/processed/test\Cortinarius\838_phOn4HpRGFU.jpg,Cortinarius,Inocybe,False,0.7725701332092285,0.0060090999904787,ResNet18,test
data/processed/test\Cortinarius\839_QCI2KoxuEus.jpg,Cortinarius,Cortinarius,True,0.5177106857299805,0.0058462000015424,ResNet18,test
data/processed/test\Cortinarius\880_2blQSwj_qqg.jpg,Cortinarius,Entoloma,False,0.38213911652565,0.0058916000125464,ResNet18,test
data/processed/test\Cortinarius\896_zisCBTibqYs.jpg,Cortinarius,Boletus,False,0.5341134667396545,0.0058508000074652,ResNet18,test
data/processed/test\Cortinarius\897_K54fKEI54-0.jpg,Cortinarius,Cortinarius,True,0.5296926498413086,0.0059127999993506,ResNet18,test
data/processed/test\Cortinarius\909_6AiLKcfk2jI.jpg,Cortinarius,Russula,False,0.9752498865127563,0.0058213000011164,ResNet18,test
data/processed/test\Cortinarius\910_q20nsdIX9Zo.jpg,Cortinarius,Exidia,False,0.3931515514850616,0.0060213999968254,ResNet18,test
data/processed/test\Cortinarius\918_LWJyWIIRFwE.jpg,Cortinarius,Suillus,False,0.6901145577430725,0.0060472000041045,ResNet18,test
data/processed/test\Cortinarius\927_MThMyEFu3p4.jpg,Cortinarius,Inocybe,False,0.3338116407394409,0.0060176999977556,ResNet18,test
data/processed/test\Cortinarius\930_rg7s0lc2xZ4.jpg,Cortinarius,Inocybe,False,0.6307162642478943,0.0060264000057941,ResNet18,test
data/processed/test\Cortinarius\932_wke3BS09elk.jpg,Cortinarius,Russula,False,0.8429592847824097,0.0060054000059608,ResNet18,test
data/processed/test\Cortinarius\933_9KMU6_nR5hY.jpg,Cortinarius,Cortinarius,True,0.3036894500255584,0.0055177999893203,ResNet18,test
data/processed/test\Cortinarius\938_c0WgxVOt3ug.jpg,Cortinarius,Cortinarius,True,0.4798749685287475,0.0058021000004373,ResNet18,test
data/processed/test\Cortinarius\949_8OyiXJnNar8.jpg,Cortinarius,Cortinarius,True,0.6704575419425964,0.0057276000006822,ResNet18,test
data/processed/test\Cortinarius\950_HDskNFXm9xc.jpg,Cortinarius,Lactarius,False,0.308185338973999,0.0057627000060165,ResNet18,test
data/processed/test\Entoloma\008_AZvp1cwweLk.jpg,Entoloma,Entoloma,True,0.3648735284805298,0.0058638000045903,ResNet18,test
data/processed/test\Entoloma\015_HkVmyyuf6D4.jpg,Entoloma,Russula,False,0.5498558878898621,0.0058500000013737,ResNet18,test
data/processed/test\Entoloma\016_ARE6YaRXCgc.jpg,Entoloma,Russula,False,0.340720385313034,0.0058062000025529,ResNet18,test
data/processed/test\Entoloma\024_bN9lzk7miXk.jpg,Entoloma,Agaricus,False,0.2921170592308044,0.0057754000008571,ResNet18,test
data/processed/test\Entoloma\028_ep6xNTtGRbM.jpg,Entoloma,Hygrocybe,False,0.4051133394241333,0.005961799994111,ResNet18,test
data/processed/test\Entoloma\040_AaS7qJWOhTY.jpg,Entoloma,Russula,False,0.7343904972076416,0.0058481999876676,ResNet18,test
data/processed/test\Entoloma\041_8TLv6hZ7PQg.jpg,Entoloma,Russula,False,0.3142737746238708,0.0086657000065315,ResNet18,test
data/processed/test\Entoloma\043_HA9oR2t5gx4.jpg,Entoloma,Lactarius,False,0.3544613420963287,0.0058575000002747,ResNet18,test
data/processed/test\Entoloma\053_pGhgq2L9_f8.jpg,Entoloma,Entoloma,True,0.4710211157798767,0.0063296999869635,ResNet18,test
data/processed/test\Entoloma\075_6zFJxFd4PFI.jpg,Entoloma,Hygrocybe,False,0.5431141257286072,0.0065156000055139,ResNet18,test
data/processed/test\Entoloma\077_MiiSt18mhFg.jpg,Entoloma,Russula,False,0.8133193254470825,0.0058947000070475,ResNet18,test
data/processed/test\Entoloma\087_B8cy4l0fVCM.jpg,Entoloma,Entoloma,True,0.978701949119568,0.0057451000029686,ResNet18,test
data/processed/test\Entoloma\095_sc5K2sdc95k.jpg,Entoloma,Entoloma,True,0.8593499660491943,0.0057049999886658,ResNet18,test
data/processed/test\Entoloma\100_DOEuA90u0n4.jpg,Entoloma,Lactarius,False,0.4134258031845093,0.0056289000058313,ResNet18,test
data/processed/test\Entoloma\112_tZybBnWnquU.jpg,Entoloma,Lactarius,False,0.4989519715309143,0.0056533000024501,ResNet18,test
data/processed/test\Entoloma\114_hVYv8T9rAdI.jpg,Entoloma,Entoloma,True,0.4212791323661804,0.0078282000031322,ResNet18,test
data/processed/test\Entoloma\123_N1nBNk8zowc.jpg,Entoloma,Russula,False,0.5581237077713013,0.0057334000011906,ResNet18,test
data/processed/test\Entoloma\124_NgFCwyrvUBU.jpg,Entoloma,Amanita,False,0.4771739840507507,0.005951900006039,ResNet18,test
data/processed/test\Entoloma\125_H6KQJubz60Q.jpg,Entoloma,Inocybe,False,0.6950395703315735,0.0056913000007625,ResNet18,test
data/processed/test\Entoloma\137_2wOQqIdze_Y.jpg,Entoloma,Hygrocybe,False,0.4277663826942444,0.0055539999884786,ResNet18,test
data/processed/test\Entoloma\154_HDT_he4bSpA.jpg,Entoloma,Lactarius,False,0.375702440738678,0.0054818000062368,ResNet18,test
data/processed/test\Entoloma\155_ab4GU9GVNl0.jpg,Entoloma,Entoloma,True,0.3752765655517578,0.0056894000008469,ResNet18,test
data/processed/test\Entoloma\159_gzyo4cu2SF0.jpg,Entoloma,Entoloma,True,0.8086415529251099,0.0057274999999208,ResNet18,test
data/processed/test\Entoloma\170_rgOUjNM_DM4.jpg,Entoloma,Inocybe,False,0.5985528230667114,0.0057379000063519,ResNet18,test
data/processed/test\Entoloma\178_j9A_u3GorWg.jpg,Entoloma,Hygrocybe,False,0.3646453619003296,0.005824300009408,ResNet18,test
data/processed/test\Entoloma\185_UK9hgsbXBR8.jpg,Entoloma,Hygrocybe,False,0.386552482843399,0.0058604000078048,ResNet18,test
data/processed/test\Entoloma\187_m0UFCsyH-Bs.jpg,Entoloma,Hygrocybe,False,0.6435732245445251,0.006034100006218,ResNet18,test
data/processed/test\Entoloma\192_Tf_A1Q4bdco.jpg,Entoloma,Boletus,False,0.5646950006484985,0.0045089000050211,ResNet18,test
data/processed/test\Entoloma\195_tEj9VvcKoc8.jpg,Entoloma,Entoloma,True,0.585684597492218,0.003569199994672,ResNet18,test
data/processed/test\Entoloma\202_FQWDsaZPytk.jpg,Entoloma,Amanita,False,0.5484769940376282,0.003536600008374,ResNet18,test
data/processed/test\Entoloma\213_xX7APSYep7c.jpg,Entoloma,Russula,False,0.9160600304603576,0.0038711999950464,ResNet18,test
data/processed/test\Entoloma\217_MQnUltdhEsM.jpg,Entoloma,Russula,False,0.3910442292690277,0.0037428000068757,ResNet18,test
data/processed/test\Entoloma\221_aU7_BswojlM.jpg,Entoloma,Entoloma,True,0.5566942095756531,0.0041070000006584,ResNet18,test
data/processed/test\Entoloma\225_3YNITN-NtWM.jpg,Entoloma,Russula,False,0.7930269837379456,0.0039858000091044,ResNet18,test
data/processed/test\Entoloma\244_5qYibVwYigY.jpg,Entoloma,Lactarius,False,0.2881171405315399,0.0039194999990286,ResNet18,test
data/processed/test\Entoloma\247_ABBDuWCbqT0.jpg,Entoloma,Entoloma,True,0.4373440146446228,0.0039741000073263,ResNet18,test
data/processed/test\Entoloma\254_iO4rO5rmxLg.jpg,Entoloma,Russula,False,0.2894583344459533,0.003797500001383,ResNet18,test
data/processed/test\Entoloma\269_YSsglwYAx0A.jpg,Entoloma,Russula,False,0.4664197266101837,0.003355199994985,ResNet18,test
data/processed/test\Entoloma\278_1UQ2eou4aVA.jpg,Entoloma,Entoloma,True,0.8827444911003113,0.0033905999880516,ResNet18,test
data/processed/test\Entoloma\283_eWPMK-in8bA.jpg,Entoloma,Lactarius,False,0.2327442169189453,0.0032553000055486,ResNet18,test
data/processed/test\Entoloma\307_bs3Q880w3uI.jpg,Entoloma,Entoloma,True,0.3186888992786407,0.0032460999937029,ResNet18,test
data/processed/test\Entoloma\309_QMD8y_m-X9w.jpg,Entoloma,Entoloma,True,0.7247470021247864,0.0034234999911859,ResNet18,test
data/processed/test\Entoloma\315_x2hPqvpEIm4.jpg,Entoloma,Lactarius,False,0.3574205040931701,0.0035705000045709,ResNet18,test
data/processed/test\Entoloma\321_GSSvivRkKSs.jpg,Entoloma,Entoloma,True,0.4479708969593048,0.0036996999988332,ResNet18,test
data/processed/test\Entoloma\323_T1uKKhFKYQo.jpg,Entoloma,Russula,False,0.6225468516349792,0.0047029999986989,ResNet18,test
data/processed/test\Entoloma\333_1jBot7MZWes.jpg,Entoloma,Russula,False,0.5877732038497925,0.0039675000007264,ResNet18,test
data/processed/test\Entoloma\337_CtXrNI3Aodw.jpg,Entoloma,Lactarius,False,0.5200970768928528,0.0036842999979853,ResNet18,test
data/processed/test\Entoloma\344_uf0xKp6qwNQ.jpg,Entoloma,Entoloma,True,0.4916167557239532,0.0035166000016033,ResNet18,test
data/processed/test\Entoloma\349_PNzUfA1WO3M.jpg,Entoloma,Entoloma,True,0.806713342666626,0.0034021000028587,ResNet18,test
data/processed/test\Entoloma\372_hriIdsNQgxI.jpg,Entoloma,Cortinarius,False,0.3939315378665924,0.003450200005318,ResNet18,test
data/processed/test\Entoloma\380_OI9EjWusj9s.jpg,Entoloma,Russula,False,0.3023738265037536,0.0033797000069171,ResNet18,test
data/processed/test\Entoloma\389_-8kqVUZsNtU.jpg,Entoloma,Amanita,False,0.2566243708133697,0.0034933999995701,ResNet18,test
data/processed/test\Entoloma\391_u6_VQ5BQ3RQ.jpg,Entoloma,Inocybe,False,0.6082897186279297,0.0039995000115595,ResNet18,test
data/processed/test\Entoloma\394_I1aghwHRxKQ.jpg,Entoloma,Lactarius,False,0.272439956665039,0.0039946000033523,ResNet18,test
data/processed/test\Entoloma\396_P8a-mnDratQ.jpg,Entoloma,Russula,False,0.2842845320701599,0.0032496999920113,ResNet18,test
data/processed/test\Entoloma\401_7lcXxESXcOc.jpg,Entoloma,Inocybe,False,0.2520961463451385,0.0033664000075077,ResNet18,test
data/processed/test\Exidia\APE2016-9184941_SkxjRjQbBe.jpg,Exidia,Exidia,True,0.9297414422035216,0.0034753999934764,ResNet18,test
data/processed/test\Exidia\APE2017-9186106_r1lnuhbbvl.jpg,Exidia,Exidia,True,0.758405327796936,0.0038844999944558,ResNet18,test
data/processed/test\Exidia\APE2017-9186594_S1gbav70Pg.jpg,Exidia,Exidia,True,0.9151841402053832,0.0036878000100841,ResNet18,test
data/processed/test\Exidia\BEC2017-9186082_Bk5dpkxvg.jpg,Exidia,Exidia,True,0.5371993184089661,0.003546499996446,ResNet18,test
data/processed/test\Exidia\BEC2017-9186082_HkySBeewx.jpg,Exidia,Exidia,True,0.5653554797172546,0.0034973999863723,ResNet18,test
data/processed/test\Exidia\BT2015PIC69830748.jpg,Exidia,Inocybe,False,0.373389184474945,0.0032772999984445,ResNet18,test
data/processed/test\Exidia\BWP2010PIC21033449.jpg,Exidia,Exidia,True,0.2469219714403152,0.0039020999975036,ResNet18,test
data/processed/test\Exidia\BWP2010PIC26179585.jpg,Exidia,Exidia,True,0.5128607153892517,0.0057117999967886,ResNet18,test
data/processed/test\Exidia\BWP2010PIC63422920.jpg,Exidia,Exidia,True,0.5128607153892517,0.0070906000037211,ResNet18,test
data/processed/test\Exidia\BWP2012PIC72778365.jpg,Exidia,Exidia,True,0.5235591530799866,0.0061815000080969,ResNet18,test
data/processed/test\Exidia\BWP2012PIC73866455.jpg,Exidia,Russula,False,0.2214650511741638,0.0034756999957608,ResNet18,test
data/processed/test\Exidia\DI2017-9188574_Hk1cP3Tix.jpg,Exidia,Exidia,True,0.9026132822036744,0.0040222999959951,ResNet18,test
data/processed/test\Exidia\EAT2017-9188143_SkIXsq-ig.jpg,Exidia,Exidia,True,0.9072734713554382,0.0034498000022722,ResNet18,test
data/processed/test\Exidia\FA2009PIC34033903.jpg,Exidia,Entoloma,False,0.2106828093528747,0.0032659999997122,ResNet18,test
data/processed/test\Exidia\FA2009PIC41674148.jpg,Exidia,Russula,False,0.2747453451156616,0.0033758999925339,ResNet18,test
data/processed/test\Exidia\FDE2014PIC40274346.jpg,Exidia,Exidia,True,0.5742878913879395,0.0033760000078473,ResNet18,test
data/processed/test\Exidia\FS2013PIC31639353.jpg,Exidia,Inocybe,False,0.5003395080566406,0.0034107999963453,ResNet18,test
data/processed/test\Exidia\GLJ2012PIC77958863.jpg,Exidia,Amanita,False,0.5901143550872803,0.0034382999874651,ResNet18,test
data/processed/test\Exidia\HM2012PIC53684895.jpg,Exidia,Amanita,False,0.505175769329071,0.0033900999987963,ResNet18,test
data/processed/test\Exidia\JAH2010PIC83850018.jpg,Exidia,Entoloma,False,0.3647873103618622,0.0034299999970244,ResNet18,test
data/processed/test\Exidia\JAH2011PIC50778683.jpg,Exidia,Russula,False,0.4059183597564697,0.0034882000036304,ResNet18,test
data/processed/test\Exidia\JAH2012PIC31946080.jpg,Exidia,Exidia,True,0.8361415863037109,0.0034902000043075,ResNet18,test
data/processed/test\Exidia\JAH2012PIC42360712.jpg,Exidia,Exidia,True,0.2534253299236297,0.003426399998716,ResNet18,test
data/processed/test\Exidia\JAH2012PIC89993887.jpg,Exidia,Russula,False,0.5585715174674988,0.0034809000062523,ResNet18,test
data/processed/test\Exidia\JAJ2017-9185700_rkbkFjfUx.jpg,Exidia,Exidia,True,0.8701269030570984,0.0035027999983867,ResNet18,test
data/processed/test\Exidia\JC2016-9184056_Byw5hr_Qx.jpg,Exidia,Inocybe,False,0.3608623743057251,0.0034243000118294,ResNet18,test
data/processed/test\Exidia\JCS2009PIC12309413.jpg,Exidia,Exidia,True,0.9439395070075988,0.0034075000003213,ResNet18,test
data/processed/test\Exidia\JM2011PIC15975626.jpg,Exidia,Inocybe,False,0.4171699285507202,0.003459900006419,ResNet18,test
data/processed/test\Exidia\JM2012PIC10429941.jpg,Exidia,Exidia,True,0.3580614924430847,0.0036364000116009,ResNet18,test
data/processed/test\Exidia\JM2016-9182928_HydQkTeMe.jpg,Exidia,Entoloma,False,0.522417426109314,0.0035506000131135,ResNet18,test
data/processed/test\Exidia\JMI2017-9225941_BkUTwno3Z.jpg,Exidia,Inocybe,False,0.5870395302772522,0.0034657000069273,ResNet18,test
data/processed/test\Exidia\JO2011PIC61426163.jpg,Exidia,Inocybe,False,0.2694446742534637,0.0036096000112593,ResNet18,test
data/processed/test\Exidia\KMA2016-9182761_BJZkKzAWe.jpg,Exidia,Russula,False,0.2571728527545929,0.0039342999953078,ResNet18,test
data/processed/test\Exidia\KNI2009PIC40725553.jpg,Exidia,Cortinarius,False,0.3031840324401855,0.0042313000012654,ResNet18,test
data/processed/test\Exidia\KNK2014PIC59831810.jpg,Exidia,Inocybe,False,0.4721105694770813,0.0039797000063117,ResNet18,test
data/processed/test\Exidia\MC2017-9190790_r1lwUvc0e.jpg,Exidia,Exidia,True,0.7474613189697266,0.0034207999997306,ResNet18,test
data/processed/test\Exidia\MFC2016-9180603_HJlPfl0lxe.jpg,Exidia,Exidia,True,0.2508219182491302,0.0034168999991379,ResNet18,test
data/processed/test\Exidia\ML2009PIC13001963.jpg,Exidia,Entoloma,False,0.2542678117752075,0.0033320000075036,ResNet18,test
data/processed/test\Exidia\ML2011PIC18007945.jpg,Exidia,Exidia,True,0.5461764335632324,0.0034159999922849,ResNet18,test
data/processed/test\Exidia\ML2011PIC65179349.jpg,Exidia,Russula,False,0.5091778635978699,0.0035877000045729,ResNet18,test
data/processed/test\Exidia\MMN2010PIC69549468.jpg,Exidia,Lactarius,False,0.2922601997852325,0.0032351999980164,ResNet18,test
data/processed/test\Exidia\MMN2012PIC61631279.jpg,Exidia,Exidia,True,0.6444451808929443,0.0039164000045275,ResNet18,test
data/processed/test\Exidia\MSO2011PIC32526200.jpg,Exidia,Exidia,True,0.8114578723907471,0.003518299999996,ResNet18,test
data/processed/test\Exidia\MSO2012PIC15916968.jpg,Exidia,Exidia,True,0.6270033121109009,0.0032944999984465,ResNet18,test
data/processed/test\Exidia\MSO2014PIC66151749.jpg,Exidia,Lactarius,False,0.2138243317604065,0.0038884000096004,ResNet18,test
data/processed/test\Exidia\MSO2015PIC74895293.jpg,Exidia,Inocybe,False,0.509975790977478,0.00395220000064,ResNet18,test
data/processed/test\Exidia\MSO2016PIC23090222.jpg,Exidia,Inocybe,False,0.4062115550041199,0.0034935000003315,ResNet18,test
data/processed/test\Exidia\NHE2016-9180599_Byki66lel.jpg,Exidia,Amanita,False,0.7004677057266235,0.0032617999968351,ResNet18,test
data/processed/test\Exidia\NVM2013PIC42485487.jpg,Exidia,Cortinarius,False,0.4912454783916473,0.0033961000008275,ResNet18,test
data/processed/test\Exidia\RSS2017-9188091_H1ey3FQyoe.jpg,Exidia,Russula,False,0.3766586482524872,0.0035266999911982,ResNet18,test
data/processed/test\Exidia\TAK2013PIC32572675.jpg,Exidia,Exidia,True,0.9612433314323424,0.004630299998098,ResNet18,test
data/processed/test\Exidia\TIL2017-9190084_BJQTBLw6px.jpg,Exidia,Amanita,False,0.4840948283672333,0.003957499997341,ResNet18,test
data/processed/test\Exidia\TKH2012PIC10624779.jpg,Exidia,Exidia,True,0.269669771194458,0.003897999995388,ResNet18,test
data/processed/test\Exidia\TKH2013PIC59849237.jpg,Exidia,Russula,False,0.2937849462032318,0.0039051999920047,ResNet18,test
data/processed/test\Exidia\TKH2015PIC23528165.jpg,Exidia,Inocybe,False,0.4699625670909881,0.0038465999969048,ResNet18,test
data/processed/test\Exidia\TL2015PIC58388718.jpg,Exidia,Entoloma,False,0.3269833326339721,0.0035215000098105,ResNet18,test
data/processed/test\Exidia\TL2015PIC80481245.jpg,Exidia,Inocybe,False,0.3941480815410614,0.003744400004507,ResNet18,test
data/processed/test\Exidia\TL2016-9182730_HykuO06Zg.jpg,Exidia,Inocybe,False,0.2343866676092147,0.0033987999922828,ResNet18,test
data/processed/test\Exidia\TOB2015PIC38267487.jpg,Exidia,Exidia,True,0.9267098307609558,0.0034861000021919,ResNet18,test
data/processed/test\Exidia\TOB2016-9184524_S10gErNNl.jpg,Exidia,Inocybe,False,0.3051784932613373,0.0035093000042252,ResNet18,test
data/processed/test\Exidia\TS2010PIC71382964.jpg,Exidia,Exidia,True,0.9348630905151368,0.0033918000117409,ResNet18,test
data/processed/test\Exidia\TS2013PIC55827351.jpg,Exidia,Exidia,True,0.7715395092964172,0.0034711999905994,ResNet18,test
data/processed/test\Exidia\TS2016PIC29053644.jpg,Exidia,Amanita,False,0.8570654988288879,0.0036783999967155,ResNet18,test
data/processed/test\Exidia\TS2016PIC39839225.jpg,Exidia,Inocybe,False,0.3865599632263183,0.0034826999908545,ResNet18,test
data/processed/test\Exidia\UFN2017-9192300_S1ZikyZeW.jpg,Exidia,Exidia,True,0.9297199845314026,0.0035008999984711,ResNet18,test
data/processed/test\Exidia\UFN2017-9192376_BkicKxmgb.jpg,Exidia,Exidia,True,0.6936070919036865,0.0038144999998621,ResNet18,test
data/processed/test\Hygrocybe\000_ZNTZP3tXkz8.jpg,Hygrocybe,Hygrocybe,True,0.9679504632949828,0.0037903999909758,ResNet18,test
data/processed/test\Hygrocybe\003_r_0kZgNW3Tc.jpg,Hygrocybe,Hygrocybe,True,0.9532567858695984,0.0034375999966869,ResNet18,test
data/processed/test\Hygrocybe\004_uURYojZQbjQ.jpg,Hygrocybe,Hygrocybe,True,0.8261739015579224,0.0033639000030234,ResNet18,test
data/processed/test\Hygrocybe\012_LItejlRJ918.jpg,Hygrocybe,Hygrocybe,True,0.8107940554618835,0.0035025999968638,ResNet18,test
data/processed/test\Hygrocybe\022_NycgOWqKPEA.jpg,Hygrocybe,Lactarius,False,0.7027739882469177,0.0035795000003417,ResNet18,test
data/processed/test\Hygrocybe\030_AQ4o1Xm4AL0.jpg,Hygrocybe,Amanita,False,0.4772224128246307,0.0036198000016156,ResNet18,test
data/processed/test\Hygrocybe\032_DZ1xy6htm0M.jpg,Hygrocybe,Russula,False,0.8679848909378052,0.0033661000052234,ResNet18,test
data/processed/test\Hygrocybe\040_3txjJQ9iLYI.jpg,Hygrocybe,Hygrocybe,True,0.8197317123413086,0.0035460000071907,ResNet18,test
data/processed/test\Hygrocybe\045_TJd-2TQFv10.jpg,Hygrocybe,Hygrocybe,True,0.7350296378135681,0.0033865999866975,ResNet18,test
data/processed/test\Hygrocybe\049_XD-_-BeBBR4.jpg,Hygrocybe,Hygrocybe,True,0.8628931641578674,0.0034404000034555,ResNet18,test
data/processed/test\Hygrocybe\050_ubNntQr-eWE.jpg,Hygrocybe,Hygrocybe,True,0.9329502582550048,0.0035694999969564,ResNet18,test
data/processed/test\Hygrocybe\056_cGxyxb6UHGk.jpg,Hygrocybe,Russula,False,0.460085779428482,0.0033357000065734,ResNet18,test
data/processed/test\Hygrocybe\070_WNKPUMir-JY.jpg,Hygrocybe,Russula,False,0.4042179882526397,0.0038985999999567,ResNet18,test
data/processed/test\Hygrocybe\072_G-fOGmTh3jY.jpg,Hygrocybe,Hygrocybe,True,0.902650773525238,0.0039613999979337,ResNet18,test
data/processed/test\Hygrocybe\076_HGEpcAdN9KE.jpg,Hygrocybe,Hygrocybe,True,0.8572444319725037,0.0033771000016713,ResNet18,test
data/processed/test\Hygrocybe\081_puYZ4KzYSqs.jpg,Hygrocybe,Cortinarius,False,0.3895782232284546,0.0035916000051656,ResNet18,test
data/processed/test\Hygrocybe\107_8A2HnEVmiKo.jpg,Hygrocybe,Amanita,False,0.3776825368404388,0.0034746999881463,ResNet18,test
data/processed/test\Hygrocybe\112_qr7hsvuhJZ0.jpg,Hygrocybe,Hygrocybe,True,0.8956603407859802,0.0036512999940896,ResNet18,test
data/processed/test\Hygrocybe\126_0gAqgiheOxI.jpg,Hygrocybe,Hygrocybe,True,0.4508400559425354,0.0035189000045647,ResNet18,test
data/processed/test\Hygrocybe\127_XCKEujZlVek.jpg,Hygrocybe,Hygrocybe,True,0.5097747445106506,0.0032962000113911,ResNet18,test
data/processed/test\Hygrocybe\129_j8zgmU7QMxU.jpg,Hygrocybe,Hygrocybe,True,0.9802188277244568,0.0034050000103889,ResNet18,test
data/processed/test\Hygrocybe\132_tuQX6vBvZRk.jpg,Hygrocybe,Hygrocybe,True,0.928833782672882,0.0033854999928735,ResNet18,test
data/processed/test\Hygrocybe\133_3_ieL2NtOF0.jpg,Hygrocybe,Hygrocybe,True,0.8559634685516357,0.0034440000017639,ResNet18,test
data/processed/test\Hygrocybe\142_bhwsyvZtIY0.jpg,Hygrocybe,Entoloma,False,0.4124364554882049,0.0035752999974647,ResNet18,test
data/processed/test\Hygrocybe\153_vIb6t4IHEzM.jpg,Hygrocybe,Hygrocybe,True,0.9690715670585632,0.003595200003474,ResNet18,test
data/processed/test\Hygrocybe\159_Ymge5g1qpP4.jpg,Hygrocybe,Boletus,False,0.3643800914287567,0.00333779999346,ResNet18,test
data/processed/test\Hygrocybe\167_0dmBJfGHH8c.jpg,Hygrocybe,Hygrocybe,True,0.8909783959388733,0.0033349000004818,ResNet18,test
data/processed/test\Hygrocybe\181_GCIMCymbYLk.jpg,Hygrocybe,Russula,False,0.7111448645591736,0.0035399999906076,ResNet18,test
data/processed/test\Hygrocybe\188_5IJ0j3yYEyk.jpg,Hygrocybe,Russula,False,0.946557879447937,0.0033974000107264,ResNet18,test
data/processed/test\Hygrocybe\201_9i5OZWNQwG0.jpg,Hygrocybe,Hygrocybe,True,0.9965156316757202,0.0034105000086128,ResNet18,test
data/processed/test\Hygrocybe\203_Z33ahTENL0Q.jpg,Hygrocybe,Hygrocybe,True,0.896323561668396,0.003457700004219,ResNet18,test
data/processed/test\Hygrocybe\205_pVtK0sC_qAE.jpg,Hygrocybe,Inocybe,False,0.4045393168926239,0.0032680000003892,ResNet18,test
data/processed/test\Hygrocybe\216_jDgNLEnykyU.jpg,Hygrocybe,Hygrocybe,True,0.7508459687232971,0.0034959000040544,ResNet18,test
data/processed/test\Hygrocybe\225_KKCj-5wLqCA.jpg,Hygrocybe,Russula,False,0.5401213765144348,0.0033283000084338,ResNet18,test
data/processed/test\Hygrocybe\227_L3z3XTxXk78.jpg,Hygrocybe,Russula,False,0.561035692691803,0.0034371999936411,ResNet18,test
data/processed/test\Hygrocybe\230_yk2KrQJOQS8.jpg,Hygrocybe,Russula,False,0.3180747032165527,0.0034569000126793,ResNet18,test
data/processed/test\Hygrocybe\240_7wFT2NzNJsA.jpg,Hygrocybe,Hygrocybe,True,0.3400667309761047,0.0040759999974397,ResNet18,test
data/processed/test\Hygrocybe\253_IgK1gMXB7S0.jpg,Hygrocybe,Russula,False,0.329705148935318,0.0040306000009877,ResNet18,test
data/processed/test\Hygrocybe\257_LPbsa5Oitj0.jpg,Hygrocybe,Russula,False,0.6287535429000854,0.0039696000021649,ResNet18,test
data/processed/test\Hygrocybe\271_wkoF4DRryAY.jpg,Hygrocybe,Amanita,False,0.55391925573349,0.0038760000024922,ResNet18,test
data/processed/test\Hygrocybe\272_-uL1iUddkKE.jpg,Hygrocybe,Russula,False,0.9593530297279358,0.0039128000062191,ResNet18,test
data/processed/test\Hygrocybe\279_qMPhGAtE9-E.jpg,Hygrocybe,Hygrocybe,True,0.3285762369632721,0.0039337999915005,ResNet18,test
data/processed/test\Hygrocybe\287_V13XWthHpss.jpg,Hygrocybe,Suillus,False,0.2541350722312927,0.0040142000070773,ResNet18,test
data/processed/test\Hygrocybe\292_RJnjsciXCNM.jpg,Hygrocybe,Hygrocybe,True,0.692650556564331,0.0041957000066759,ResNet18,test
data/processed/test\Hygrocybe\299_VBHrsAmQC-E.jpg,Hygrocybe,Hygrocybe,True,0.7467877864837646,0.0033436000085202,ResNet18,test
data/processed/test\Hygrocybe\301_vp5CIThqt4k.jpg,Hygrocybe,Hygrocybe,True,0.3704345524311065,0.0034825999900931,ResNet18,test
data/processed/test\Hygrocybe\314_tDtKkHcGxRM.jpg,Hygrocybe,Russula,False,0.902134895324707,0.0038730000087525,ResNet18,test
data/processed/test\Hygrocybe\325_rro3hIu1Nqw.jpg,Hygrocybe,Lactarius,False,0.2650248110294342,0.0040260999958263,ResNet18,test
data/processed/test\Inocybe\AE2013PIC74694917.jpg,Inocybe,Inocybe,True,0.7939178943634033,0.0033706999965943,ResNet18,test
data/processed/test\Inocybe\AE2015PIC76548267.jpg,Inocybe,Russula,False,0.453307956457138,0.0040140000055544,ResNet18,test
data/processed/test\Inocybe\AS2010PIC58249290.jpg,Inocybe,Inocybe,True,0.8807454705238342,0.0039139999862527,ResNet18,test
data/processed/test\Inocybe\AS2017-9214269_rygo0WejZ.jpg,Inocybe,Russula,False,0.7633455991744995,0.003872000001138,ResNet18,test
data/processed/test\Inocybe\BWP2010PIC63790785.jpg,Inocybe,Inocybe,True,0.402943879365921,0.0039018999959807,ResNet18,test
data/processed/test\Inocybe\BWP2011PIC57986404.jpg,Inocybe,Inocybe,True,0.8645894527435303,0.0038746000063838,ResNet18,test
data/processed/test\Inocybe\BWP2013PIC14438171.jpg,Inocybe,Russula,False,0.6579946279525757,0.0035399999906076,ResNet18,test
data/processed/test\Inocybe\BWP2015PIC54111483.jpg,Inocybe,Exidia,False,0.4401226937770843,0.0034149999992223,ResNet18,test
data/processed/test\Inocybe\BWP2015PIC66105035.jpg,Inocybe,Entoloma,False,0.2098419070243835,0.0031871999963186,ResNet18,test
data/processed/test\Inocybe\BWP2016-9169400_r1cjMF0O.jpg,Inocybe,Amanita,False,0.5571490526199341,0.0067288999998709,ResNet18,test
data/processed/test\Inocybe\BWP2016-9169400_ryGAfY0u.jpg,Inocybe,Russula,False,0.3899101614952087,0.0038350999966496,ResNet18,test
data/processed/test\Inocybe\CL2011PIC55659604.jpg,Inocybe,Boletus,False,0.3351519107818603,0.0034281999978702,ResNet18,test
data/processed/test\Inocybe\DB2013PIC33800138.jpg,Inocybe,Inocybe,True,0.9745544195175172,0.0039710999990347,ResNet18,test
data/processed/test\Inocybe\DB2013PIC42730442.jpg,Inocybe,Inocybe,True,0.6844599843025208,0.0037589999992633,ResNet18,test
data/processed/test\Inocybe\DB2013PIC57804056.jpg,Inocybe,Inocybe,True,0.7759361267089844,0.0039194999990286,ResNet18,test
data/processed/test\Inocybe\DB2013PIC89729265.jpg,Inocybe,Inocybe,True,0.7982054948806763,0.0039018000097712,ResNet18,test
data/processed/test\Inocybe\EAT2012PIC64084765.jpg,Inocybe,Inocybe,True,0.4279538691043854,0.0040114000003086,ResNet18,test
data/processed/test\Inocybe\EAT2012PIC84850246.jpg,Inocybe,Inocybe,True,0.5925784707069397,0.0038392999995267,ResNet18,test
data/processed/test\Inocybe\EAT2013PIC54191345.jpg,Inocybe,Hygrocybe,False,0.6494237780570984,0.0038169999897945,ResNet18,test
data/processed/test\Inocybe\EAT2014PIC42270599.jpg,Inocybe,Amanita,False,0.4015838801860809,0.0042725999956019,ResNet18,test
data/processed/test\Inocybe\EAT2015PIC87367583.jpg,Inocybe,Inocybe,True,0.3006224334239959,0.0034214000042993,ResNet18,test
data/processed/test\Inocybe\EAT2015PIC89289492.jpg,Inocybe,Entoloma,False,0.272259771823883,0.0041010999993886,ResNet18,test
data/processed/test\Inocybe\EAT2017-9208647_BJQtzKntb.jpg,Inocybe,Russula,False,0.2592759430408478,0.0039056000096024,ResNet18,test
data/processed/test\Inocybe\FDE2011PIC86172261.jpg,Inocybe,Inocybe,True,0.4412181079387665,0.0037824000028194,ResNet18,test
data/processed/test\Inocybe\FDE2012PIC64061850.jpg,Inocybe,Russula,False,0.3410870134830475,0.0035352999984752,ResNet18,test
data/processed/test\Inocybe\FS2012PIC59633008.jpg,Inocybe,Inocybe,True,0.3113912343978882,0.0039077999972505,ResNet18,test
data/processed/test\Inocybe\JAH2014PIC52290371.jpg,Inocybe,Inocybe,True,0.5346280336380005,0.0040086999943014,ResNet18,test
data/processed/test\Inocybe\JCS2009PIC20338594.jpg,Inocybe,Entoloma,False,0.6354609131813049,0.003583100013202,ResNet18,test
data/processed/test\Inocybe\JCS2013PIC22587806.jpg,Inocybe,Inocybe,True,0.5451741814613342,0.0035846999962814,ResNet18,test
data/processed/test\Inocybe\JCS2013PIC43012548.jpg,Inocybe,Entoloma,False,0.4003690779209137,0.0033747999987099,ResNet18,test
data/processed/test\Inocybe\JCS2013PIC83427178.jpg,Inocybe,Entoloma,False,0.6952806115150452,0.0034832000092137,ResNet18,test
data/processed/test\Inocybe\JHC2017-9196021_r1DJCAiXW.jpg,Inocybe,Russula,False,0.5480164289474487,0.0036836000072071,ResNet18,test
data/processed/test\Inocybe\JHC2017-9201118_B1VmZiXPZ.jpg,Inocybe,Lactarius,False,0.3281438648700714,0.0038781000039307,ResNet18,test
data/processed/test\Inocybe\JHC2017-9207705_H16Z0hStW.jpg,Inocybe,Inocybe,True,0.5002037286758423,0.0042317000043112,ResNet18,test
data/processed/test\Inocybe\JM2012PIC76798409.jpg,Inocybe,Inocybe,True,0.5694692134857178,0.0035578000097302,ResNet18,test
data/processed/test\Inocybe\JM2014PIC65927854.jpg,Inocybe,Inocybe,True,0.4561890065670013,0.0035527000000001,ResNet18,test
data/processed/test\Inocybe\JM2017-9200086_HkgcxFo28W.jpg,Inocybe,Russula,False,0.499894767999649,0.0035674000100698,ResNet18,test
data/processed/test\Inocybe\JM2017-9200086_rkceKj2LZ.jpg,Inocybe,Exidia,False,0.3758505880832672,0.0033848999883048,ResNet18,test
data/processed/test\Inocybe\JM2017-9202674_ByodB43P-.jpg,Inocybe,Inocybe,True,0.4769532978534698,0.0035212000075262,ResNet18,test
data/processed/test\Inocybe\KNI2015PIC36175674.jpg,Inocybe,Russula,False,0.3423196077346802,0.0039323999953921,ResNet18,test
data/processed/test\Inocybe\LDJ2009PIC30690154.jpg,Inocybe,Inocybe,True,0.8527472615242004,0.0038003999943612,ResNet18,test
data/processed/test\Inocybe\MACH2016-9178188_S1cpNX6A.jpg,Inocybe,Inocybe,True,0.8235732913017273,0.0038968000008026,ResNet18,test
data/processed/test\Inocybe\MAV2010PIC78400496.jpg,Inocybe,Inocybe,True,0.3962189555168152,0.0035662000009324,ResNet18,test
data/processed/test\Inocybe\MAV2011PIC87756495.jpg,Inocybe,Cortinarius,False,0.3990376591682434,0.0037568000116152,ResNet18,test
data/processed/test\Inocybe\MAV2013PIC41670341.jpg,Inocybe,Inocybe,True,0.4956035912036896,0.0037174000026425,ResNet18,test
data/processed/test\Inocybe\ML2012PIC15959384.jpg,Inocybe,Russula,False,0.5467052459716797,0.0038885999965714,ResNet18,test
data/processed/test\Inocybe\MMN2010PIC77085274.jpg,Inocybe,Russula,False,0.8501767516136169,0.0038467999984277,ResNet18,test
data/processed/test\Inocybe\MS2009PIC48014779.jpg,Inocybe,Inocybe,True,0.4203090965747833,0.0042856999934883,ResNet18,test
data/processed/test\Inocybe\MS2009PIC76598275.jpg,Inocybe,Inocybe,True,0.4641698896884918,0.0035320000024512,ResNet18,test
data/processed/test\Inocybe\MSO2012PIC41953814.jpg,Inocybe,Inocybe,True,0.5496683716773987,0.0034516000014264,ResNet18,test
data/processed/test\Inocybe\OBL2011PIC48076248.jpg,Inocybe,Inocybe,True,0.6081637144088745,0.0040565999952377,ResNet18,test
data/processed/test\Inocybe\OBL2012PIC16913624.jpg,Inocybe,Lactarius,False,0.2235852628946304,0.0037081000045873,ResNet18,test
data/processed/test\Inocybe\PEL2017-9195655_B1Yl9j8mb.jpg,Inocybe,Russula,False,0.2998006343841553,0.0035122999979648,ResNet18,test
data/processed/test\Inocybe\PETRA2017-9197483_rkgT7fMH-.jpg,Inocybe,Inocybe,True,0.4085144102573395,0.0036528000055113,ResNet18,test
data/processed/test\Inocybe\PL2011PIC79270766.jpg,Inocybe,Inocybe,True,0.6376484036445618,0.0036772000021301,ResNet18,test
data/processed/test\Inocybe\PTP2016-9171214_SyeyOS_pq.jpg,Inocybe,Exidia,False,0.4500119388103485,0.0035375000006752,ResNet18,test
data/processed/test\Inocybe\RE2010PIC60585326.jpg,Inocybe,Suillus,False,0.412390649318695,0.0035025999968638,ResNet18,test
data/processed/test\Inocybe\RE2012PIC39126061.jpg,Inocybe,Boletus,False,0.6107469201087952,0.0037572000001091,ResNet18,test
data/processed/test\Inocybe\RE2012PIC69020667.jpg,Inocybe,Russula,False,0.442096084356308,0.0035182000137865,ResNet18,test
data/processed/test\Inocybe\SL2013PIC12810247.jpg,Inocybe,Inocybe,True,0.2153959721326828,0.0038573000056203,ResNet18,test
data/processed/test\Inocybe\TAK2012PIC72845888.jpg,Inocybe,Russula,False,0.3875569403171539,0.0035779000027105,ResNet18,test
data/processed/test\Inocybe\TAK2013PIC38129211.jpg,Inocybe,Russula,False,0.2752097845077514,0.0035358000022824,ResNet18,test
data/processed/test\Inocybe\TAK2014PIC74058257.jpg,Inocybe,Russula,False,0.3970020413398742,0.0036914000083925,ResNet18,test
data/processed/test\Inocybe\TAK2015PIC12430189.jpg,Inocybe,Inocybe,True,0.2610390484333038,0.0035271999950055,ResNet18,test
data/processed/test\Inocybe\TAK2017-9195726_SJBnA3Dm-.jpg,Inocybe,Russula,False,0.3631374835968017,0.0035624000011011,ResNet18,test
data/processed/test\Inocybe\TB2010PIC30549452.jpg,Inocybe,Inocybe,True,0.3966955840587616,0.0035602000134531,ResNet18,test
data/processed/test\Inocybe\TKH2011PIC29550858.jpg,Inocybe,Inocybe,True,0.4892860651016235,0.0034358999982941,ResNet18,test
data/processed/test\Inocybe\TKH2012PIC24863747.jpg,Inocybe,Russula,False,0.5899252891540527,0.0036148000071989,ResNet18,test
data/processed/test\Inocybe\TKH2012PIC58539255.jpg,Inocybe,Entoloma,False,0.3555068671703338,0.0045638000010512,ResNet18,test
data/processed/test\Inocybe\TKH2013PIC15346099.jpg,Inocybe,Entoloma,False,0.3068760633468628,0.0038227000040933,ResNet18,test
data/processed/test\Inocybe\TKH2013PIC24960254.jpg,Inocybe,Inocybe,True,0.6804842948913574,0.0035141999978804,ResNet18,test
data/processed/test\Inocybe\TKH2013PIC33707521.jpg,Inocybe,Hygrocybe,False,0.4017779529094696,0.0039280999917536,ResNet18,test
data/processed/test\Inocybe\TKH2013PIC43429224.jpg,Inocybe,Entoloma,False,0.7446700930595398,0.0039047000027494,ResNet18,test
data/processed/test\Inocybe\TKH2013PIC89377657.jpg,Inocybe,Inocybe,True,0.5236755609512329,0.003514099997119,ResNet18,test
data/processed/test\Inocybe\TKH2014PIC28133692.jpg,Inocybe,Inocybe,True,0.6917980313301086,0.0035818000033032,ResNet18,test
data/processed/test\Inocybe\TOB2016-9177959_r1E_IZN1e.jpg,Inocybe,Inocybe,True,0.8172052502632141,0.0035743000044021,ResNet18,test
data/processed/test\Inocybe\TOB2017-9194552_ryHFsS3MZ.jpg,Inocybe,Amanita,False,0.2793250679969787,0.0036944000021321,ResNet18,test
data/processed/test\Inocybe\TOB2017-9202157_SJH4BiA_P-.jpg,Inocybe,Inocybe,True,0.6079061031341553,0.0034738999966066,ResNet18,test
data/processed/test\Inocybe\TOB2017-9202157_rkQEriRdDb.jpg,Inocybe,Inocybe,True,0.4495643973350525,0.0039316000038525,ResNet18,test
data/processed/test\Inocybe\TOB2017-9208818_BJI8SxBgcb.jpg,Inocybe,Inocybe,True,0.8934997320175171,0.0039141000015661,ResNet18,test
data/processed/test\Inocybe\TOB2017-9208818_Hy9LSxSe5Z.jpg,Inocybe,Inocybe,True,0.8703628778457642,0.0040492999978596,ResNet18,test
data/processed/test\Inocybe\TOB2017-9208818_rJG8reBe5Z.jpg,Inocybe,Inocybe,True,0.7388986945152283,0.0035905999975511,ResNet18,test
data/processed/test\Inocybe\TOB2017-9208818_rk8Serx5W.jpg,Inocybe,Inocybe,True,0.4389711022377014,0.0036149999941699,ResNet18,test
data/processed/test\Inocybe\TS2010PIC72695117.jpg,Inocybe,Cortinarius,False,0.4670771658420563,0.0038637999969068,ResNet18,test
data/processed/test\Inocybe\TS2011PIC26376558.jpg,Inocybe,Amanita,False,0.3220982253551483,0.0035908999998355,ResNet18,test
data/processed/test\Inocybe\TS2011PIC53483517.jpg,Inocybe,Inocybe,True,0.4746899604797363,0.0037501000042539,ResNet18,test
data/processed/test\Inocybe\TS2011PIC53751796.jpg,Inocybe,Russula,False,0.4351887106895447,0.0036358000070322,ResNet18,test
data/processed/test\Inocybe\TS2012PIC31340902.jpg,Inocybe,Entoloma,False,0.5414426922798157,0.0035137999948346,ResNet18,test
data/processed/test\Inocybe\TS2012PIC71517695.jpg,Inocybe,Inocybe,True,0.9343953132629396,0.0035766999935731,ResNet18,test
data/processed/test\Inocybe\TS2012PIC76182348.jpg,Inocybe,Inocybe,True,0.8031021952629089,0.0036682999925687,ResNet18,test
data/processed/test\Inocybe\TS2013PIC21993338.jpg,Inocybe,Inocybe,True,0.661077618598938,0.0035511999885784,ResNet18,test
data/processed/test\Inocybe\TS2013PIC26765211.jpg,Inocybe,Inocybe,True,0.5978618264198303,0.0035689999931491,ResNet18,test
data/processed/test\Inocybe\TS2015PIC48470465.jpg,Inocybe,Inocybe,True,0.6281111240386963,0.0038295999984256,ResNet18,test
data/processed/test\Inocybe\TS2016-9180197_S1b2-Dmpye.jpg,Inocybe,Hygrocybe,False,0.5500403642654419,0.0036065000022063,ResNet18,test
data/processed/test\Lactarius\0000_av7f-8yVUNY.jpg,Lactarius,Lactarius,True,0.2476611733436584,0.0034857999999076,ResNet18,test
data/processed/test\Lactarius\0004_gigZhorw0Eo.jpg,Lactarius,Inocybe,False,0.2426374852657318,0.003981300003943,ResNet18,test
data/processed/test\Lactarius\0008_SSJpwPhX7Rs.jpg,Lactarius,Russula,False,0.7294213771820068,0.0039352000021608,ResNet18,test
data/processed/test\Lactarius\001_0eat5sScleY.jpg,Lactarius,Lactarius,True,0.4415555894374847,0.0037615999899571,ResNet18,test
data/processed/test\Lactarius\0024_UzDaRx13wVs.jpg,Lactarius,Lactarius,True,0.4059411287307739,0.0037964999937685,ResNet18,test
data/processed/test\Lactarius\0026_autPTj6WXpU.jpg,Lactarius,Lactarius,True,0.5763434767723083,0.0037483000050997,ResNet18,test
data/processed/test\Lactarius\0036_UjqjlkUecEk.jpg,Lactarius,Lactarius,True,0.8102101683616638,0.003605999998399,ResNet18,test
data/processed/test\Lactarius\0058_Ksaju-DFTOM.jpg,Lactarius,Lactarius,True,0.5057007074356079,0.0039471000054618,ResNet18,test
data/processed/test\Lactarius\0071_2YKUxBBp95A.jpg,Lactarius,Russula,False,0.781898021697998,0.0036150000087218,ResNet18,test
data/processed/test\Lactarius\0078_67hlnzvWweg.jpg,Lactarius,Russula,False,0.8113371729850769,0.0035133000055793,ResNet18,test
data/processed/test\Lactarius\0090_8gZ-MF4DF5c.jpg,Lactarius,Lactarius,True,0.4968695044517517,0.0036473999934969,ResNet18,test
data/processed/test\Lactarius\0091_GJfhcGAsQEs.jpg,Lactarius,Russula,False,0.6320598721504211,0.0035770999966189,ResNet18,test
data/processed/test\Lactarius\0092_lAL2nLK6Yqc.jpg,Lactarius,Russula,False,0.6244971752166748,0.0036209999962011,ResNet18,test
data/processed/test\Lactarius\0096_YCFCQKyiPFI.jpg,Lactarius,Entoloma,False,0.4097498953342438,0.0035370999976294,ResNet18,test
data/processed/test\Lactarius\0100_VP4M5qp5Xuw.jpg,Lactarius,Russula,False,0.7000344395637512,0.0035757000005105,ResNet18,test
data/processed/test\Lactarius\0108_bkdZqadlJYM.jpg,Lactarius,Lactarius,True,0.3518470525741577,0.0036346999986562,ResNet18,test
data/processed/test\Lactarius\0117_LS-tLCqWBuQ.jpg,Lactarius,Inocybe,False,0.3770654499530792,0.0035508000000845,ResNet18,test
data/processed/test\Lactarius\0125_WOyBnDf1Lbs.jpg,Lactarius,Lactarius,True,0.340879887342453,0.0035311999963596,ResNet18,test
data/processed/test\Lactarius\0147_ZAySZ3Wkn8k.jpg,Lactarius,Lactarius,True,0.4900872707366943,0.003833199996734,ResNet18,test
data/processed/test\Lactarius\0156_xCwDrPY72us.jpg,Lactarius,Russula,False,0.6181681752204895,0.0043976000015391,ResNet18,test
data/processed/test\Lactarius\0174_S-0siMhJtoc.jpg,Lactarius,Russula,False,0.7804563641548157,0.003616800007876,ResNet18,test
data/processed/test\Lactarius\0180_j-oei6bAdy0.jpg,Lactarius,Russula,False,0.7817080616950989,0.0039850000030128,ResNet18,test
data/processed/test\Lactarius\0184_wNzoTeCzC5o.jpg,Lactarius,Lactarius,True,0.4002399742603302,0.0043692000035662,ResNet18,test
data/processed/test\Lactarius\0188_QDGj1_inixA.jpg,Lactarius,Russula,False,0.3902744054794311,0.0041433000005781,ResNet18,test
data/processed/test\Lactarius\0189_u2k3sXqag1M.jpg,Lactarius,Russula,False,0.4447653591632843,0.0035360000038053,ResNet18,test
data/processed/test\Lactarius\0192_st28pxbylcw.jpg,Lactarius,Lactarius,True,0.2948041260242462,0.0035277999995741,ResNet18,test
data/processed/test\Lactarius\0202_gGw05EbUi_w.jpg,Lactarius,Entoloma,False,0.3551697134971618,0.0037083999923197,ResNet18,test
data/processed/test\Lactarius\0204_PNAIMfY3CWk.jpg,Lactarius,Entoloma,False,0.2717310190200805,0.0037747000023955,ResNet18,test
data/processed/test\Lactarius\020_AhURHwS9I_c.jpg,Lactarius,Lactarius,True,0.7727785706520081,0.0039752000011503,ResNet18,test
data/processed/test\Lactarius\0211_a-wtZr6fOMw.jpg,Lactarius,Lactarius,True,0.6626595854759216,0.0039173000113805,ResNet18,test
data/processed/test\Lactarius\0212_6r0AFhCvTk4.jpg,Lactarius,Lactarius,True,0.5804757475852966,0.0043766000017058,ResNet18,test
data/processed/test\Lactarius\0222_JO5jLmkfAw0.jpg,Lactarius,Russula,False,0.6032344102859497,0.0038538999942829,ResNet18,test
data/processed/test\Lactarius\0224_XrApvIigcOQ.jpg,Lactarius,Russula,False,0.8017145395278931,0.0061193000001367,ResNet18,test
data/processed/test\Lactarius\0228_HknGOROG6Cs.jpg,Lactarius,Lactarius,True,0.3154952228069305,0.0052303999982541,ResNet18,test
data/processed/test\Lactarius\0233_YNlSVzp0Kjo.jpg,Lactarius,Inocybe,False,0.3314161002635956,0.0036168999940855,ResNet18,test
data/processed/test\Lactarius\0237_zZdLcl0mkD0.jpg,Lactarius,Lactarius,True,0.3455428183078766,0.0040145999955711,ResNet18,test
data/processed/test\Lactarius\0242_zOYn0DVnISo.jpg,Lactarius,Lactarius,True,0.6354943513870239,0.0037927999946987,ResNet18,test
data/processed/test\Lactarius\0251_wz4ikkhjBU8.jpg,Lactarius,Lactarius,True,0.5319554805755615,0.0036953000089852,ResNet18,test
data/processed/test\Lactarius\0256_AfKj-CzsmLI.jpg,Lactarius,Lactarius,True,0.7278785109519958,0.0033867000020109,ResNet18,test
data/processed/test\Lactarius\025_8bHMwyrm1xE.jpg,Lactarius,Lactarius,True,0.6911939978599548,0.0036252999998396,ResNet18,test
data/processed/test\Lactarius\0261_pUdRYRMfy7c.jpg,Lactarius,Lactarius,True,0.886365532875061,0.0040586000104667,ResNet18,test
data/processed/test\Lactarius\0264_9xkZs2wAZRQ.jpg,Lactarius,Amanita,False,0.4068008065223694,0.0040025000052992,ResNet18,test
data/processed/test\Lactarius\0270_1nWaT7nSeDE.jpg,Lactarius,Russula,False,0.6700461506843567,0.003514099997119,ResNet18,test
data/processed/test\Lactarius\0271_kYpV1APLO9s.jpg,Lactarius,Inocybe,False,0.6490849852561951,0.0034769999911077,ResNet18,test
data/processed/test\Lactarius\0275_akjCXeShyUw.jpg,Lactarius,Russula,False,0.5353397130966187,0.0034655000054044,ResNet18,test
data/processed/test\Lactarius\0290_KNGFGvBuZbU.jpg,Lactarius,Russula,False,0.805149495601654,0.0038547000003745,ResNet18,test
data/processed/test\Lactarius\0307_MA7GubKH4ZM.jpg,Lactarius,Russula,False,0.5483362674713135,0.0037720999971497,ResNet18,test
data/processed/test\Lactarius\0313_CWX_V7CeQM4.jpg,Lactarius,Russula,False,0.2852716147899627,0.0037963000067975,ResNet18,test
data/processed/test\Lactarius\0322_2UpHsEF5Mzs.jpg,Lactarius,Russula,False,0.730491042137146,0.0035771999973803,ResNet18,test
data/processed/test\Lactarius\0325_lAq1Din489Y.jpg,Lactarius,Lactarius,True,0.375668853521347,0.0035708999930648,ResNet18,test
data/processed/test\Lactarius\0328_8IPggG6t9VY.jpg,Lactarius,Agaricus,False,0.3464617431163788,0.0039523000014014,ResNet18,test
data/processed/test\Lactarius\0335_dVTfQmjMltw.jpg,Lactarius,Lactarius,True,0.3702999651432037,0.0036152999964542,ResNet18,test
data/processed/test\Lactarius\0340_0gzvFhGVf5M.jpg,Lactarius,Amanita,False,0.4143244624137878,0.0036577999999281,ResNet18,test
data/processed/test\Lactarius\0348_OWdZuiQh9xc.jpg,Lactarius,Lactarius,True,0.5099847316741943,0.0038610999908996,ResNet18,test
data/processed/test\Lactarius\0356_gTCmsPnWyO4.jpg,Lactarius,Russula,False,0.2161185294389724,0.0035950000019511,ResNet18,test
data/processed/test\Lactarius\0360_Bfw8PtjOZoI.jpg,Lactarius,Russula,False,0.5076713562011719,0.0038119000091683,ResNet18,test
data/processed/test\Lactarius\036_Tku_ku-u_WQ.jpg,Lactarius,Lactarius,True,0.8585003614425659,0.003486999994493,ResNet18,test
data/processed/test\Lactarius\0375_E_5sHNAa0DU.jpg,Lactarius,Entoloma,False,0.4056406319141388,0.0040176000038627,ResNet18,test
data/processed/test\Lactarius\0385_zeoDavzC8Ec.jpg,Lactarius,Boletus,False,0.8678348660469055,0.0035758999874815,ResNet18,test
data/processed/test\Lactarius\0405_XQ5FsiWx3Sc.jpg,Lactarius,Russula,False,0.7927889823913574,0.0035548000014387,ResNet18,test
data/processed/test\Lactarius\0422_5SNHMw4kUg4.jpg,Lactarius,Russula,False,0.492079883813858,0.0039164000045275,ResNet18,test
data/processed/test\Lactarius\0436_3AJoqSsMCPY.jpg,Lactarius,Russula,False,0.7980133891105652,0.0037518999888561,ResNet18,test
data/processed/test\Lactarius\0438_7Qg0kxIGbd4.jpg,Lactarius,Lactarius,True,0.5638364553451538,0.0036570000083884,ResNet18,test
data/processed/test\Lactarius\043_JIiImC3i_NQ.jpg,Lactarius,Lactarius,True,0.7385375499725342,0.0036524000024655,ResNet18,test
data/processed/test\Lactarius\0462_t7WHbpJLnZA.jpg,Lactarius,Lactarius,True,0.3325195014476776,0.0035282000026199,ResNet18,test
data/processed/test\Lactarius\0473_FeKBXttVCwg.jpg,Lactarius,Russula,False,0.8606231212615967,0.004025600006571,ResNet18,test
data/processed/test\Lactarius\0488_l_gNg2GDLEk.jpg,Lactarius,Amanita,False,0.2816733419895172,0.0061485999904107,ResNet18,test
data/processed/test\Lactarius\0489_6GuHfi0wmko.jpg,Lactarius,Exidia,False,0.2385326623916626,0.0039298000046983,ResNet18,test
data/processed/test\Lactarius\0499_MWZEqXbgfwc.jpg,Lactarius,Lactarius,True,0.7654604911804199,0.0036258999898564,ResNet18,test
data/processed/test\Lactarius\0512_Sot3apiP2eQ.jpg,Lactarius,Russula,False,0.6807622313499451,0.0036007000016979,ResNet18,test
data/processed/test\Lactarius\0526_O8CTOvfgWXg.jpg,Lactarius,Entoloma,False,0.1646316945552826,0.0036973999958718,ResNet18,test
data/processed/test\Lactarius\0532_7BfGW7kGfzM.jpg,Lactarius,Lactarius,True,0.60811847448349,0.0035967000003438,ResNet18,test
data/processed/test\Lactarius\0537_q78Py0hHqVc.jpg,Lactarius,Lactarius,True,0.4981135129928589,0.0039881999982753,ResNet18,test
data/processed/test\Lactarius\0545_ewwuwHvRvLc.jpg,Lactarius,Suillus,False,0.3642193675041199,0.003861200006213,ResNet18,test
data/processed/test\Lactarius\056_9JgBES16B_4.jpg,Lactarius,Lactarius,True,0.8912261128425598,0.0036802999966312,ResNet18,test
data/processed/test\Lactarius\0571_3sjlFMXpK_0.jpg,Lactarius,Hygrocybe,False,0.2661148309707641,0.00371200000518,ResNet18,test
data/processed/test\Lactarius\0576_5wNWaAeW6vo.jpg,Lactarius,Russula,False,0.9883282780647278,0.0039494000084232,ResNet18,test
data/processed/test\Lactarius\0596_ROVmIKr9KjA.jpg,Lactarius,Inocybe,False,0.3668879270553589,0.0038502999959746,ResNet18,test
data/processed/test\Lactarius\0612_qfZxbbQUJ2o.jpg,Lactarius,Russula,False,0.9308421611785888,0.0036969000066164,ResNet18,test
data/processed/test\Lactarius\0615_R0G-yDrCQ6U.jpg,Lactarius,Russula,False,0.8558575510978699,0.0035839999909512,ResNet18,test
data/processed/test\Lactarius\061_KShq81HACXk.jpg,Lactarius,Russula,False,0.7069172859191895,0.0034764000010909,ResNet18,test
data/processed/test\Lactarius\0628_7XDugUX8ezg.jpg,Lactarius,Amanita,False,0.2660743296146393,0.00392180000199,ResNet18,test
data/processed/test\Lactarius\0630_3idJVXnrBF4.jpg,Lactarius,Russula,False,0.2003034353256225,0.003522700004396,ResNet18,test
data/processed/test\Lactarius\0645_Z6spVFbiuEY.jpg,Lactarius,Russula,False,0.7682257890701294,0.0038345999928424,ResNet18,test
data/processed/test\Lactarius\0649_uwl8etw5T-s.jpg,Lactarius,Agaricus,False,0.3173156380653381,0.0036323999956948,ResNet18,test
data/processed/test\Lactarius\0651_vzBdVntLr8c.jpg,Lactarius,Russula,False,0.3230323493480682,0.0035152999917045,ResNet18,test
data/processed/test\Lactarius\0664_vTIkNBMlgC0.jpg,Lactarius,Inocybe,False,0.247813418507576,0.004045199995744,ResNet18,test
data/processed/test\Lactarius\0670_V1ZK2sFc-Ro.jpg,Lactarius,Lactarius,True,0.8025037050247192,0.0037420000007841,ResNet18,test
data/processed/test\Lactarius\0672_VwMevK3GQmI.jpg,Lactarius,Russula,False,0.4869480431079864,0.0041659999988041,ResNet18,test
data/processed/test\Lactarius\0674_jfw03-JCIg4.jpg,Lactarius,Lactarius,True,0.6506484746932983,0.0039055999950505,ResNet18,test
data/processed/test\Lactarius\0675_t0wBJuQaX1I.jpg,Lactarius,Russula,False,0.8056697249412537,0.0036232999991625,ResNet18,test
data/processed/test\Lactarius\0680_9iK0lHxdnbE.jpg,Lactarius,Russula,False,0.8701581358909607,0.003734899990377,ResNet18,test
data/processed/test\Lactarius\069_WjmaRv5colU.jpg,Lactarius,Russula,False,0.6868226528167725,0.003703200010932,ResNet18,test
data/processed/test\Lactarius\0704_ylcLIXgu01w.jpg,Lactarius,Russula,False,0.4576801359653473,0.0036764999967999,ResNet18,test
data/processed/test\Lactarius\0706_5KiNR80hz8c.jpg,Lactarius,Lactarius,True,0.2659676969051361,0.0042281000060029,ResNet18,test
data/processed/test\Lactarius\0709_rGbRBgcO1Bo.jpg,Lactarius,Cortinarius,False,0.330504834651947,0.0036962000012863,ResNet18,test
data/processed/test\Lactarius\0716_XAFN8ZsH8Oc.jpg,Lactarius,Lactarius,True,0.9163289070129396,0.0035867999977199,ResNet18,test
data/processed/test\Lactarius\0734_NI0Ax90MD5c.jpg,Lactarius,Russula,False,0.5140645503997803,0.0034448000078555,ResNet18,test
data/processed/test\Lactarius\0736_aLqBxhhsMow.jpg,Lactarius,Russula,False,0.7590637803077698,0.0035980999964522,ResNet18,test
data/processed/test\Lactarius\0745_ey3D5LyzKTY.jpg,Lactarius,Russula,False,0.5664374828338623,0.003541199999745,ResNet18,test
data/processed/test\Lactarius\0747_adx1MMw58MI.jpg,Lactarius,Lactarius,True,0.3516363799571991,0.0036877999955322,ResNet18,test
data/processed/test\Lactarius\0756_C1Ll5LZF_Cg.jpg,Lactarius,Russula,False,0.3377697169780731,0.0035764999920502,ResNet18,test
data/processed/test\Lactarius\0757_3LeqE6pda1M.jpg,Lactarius,Russula,False,0.3630074262619018,0.0034855999983847,ResNet18,test
data/processed/test\Lactarius\0759_oLEvM6Hhevs.jpg,Lactarius,Lactarius,True,0.5858852863311768,0.0036966999905416,ResNet18,test
data/processed/test\Lactarius\0762_KnQg1QaWm0A.jpg,Lactarius,Amanita,False,0.3904940783977508,0.0036012999917147,ResNet18,test
data/processed/test\Lactarius\0773_7sw6xICACRk.jpg,Lactarius,Russula,False,0.6375089287757874,0.0037407999916467,ResNet18,test
data/processed/test\Lactarius\0782_4hQQMaTQWEI.jpg,Lactarius,Russula,False,0.9331334829330444,0.0040519000031054,ResNet18,test
data/processed/test\Lactarius\0788_pRAv0S0JJWw.jpg,Lactarius,Russula,False,0.480937510728836,0.0035413000005064,ResNet18,test
data/processed/test\Lactarius\0789_YdasocklYzQ.jpg,Lactarius,Amanita,False,0.4996244609355926,0.00401370000327,ResNet18,test
data/processed/test\Lactarius\0793_0GzeXD2rqQY.jpg,Lactarius,Russula,False,0.8262739181518555,0.0036399999953573,ResNet18,test
data/processed/test\Lactarius\0794_rAh-SYlXfxI.jpg,Lactarius,Inocybe,False,0.488531231880188,0.0035852000000886,ResNet18,test
data/processed/test\Lactarius\0805_zrH6_rVsSM8.jpg,Lactarius,Russula,False,0.4400537014007568,0.0041767999937292,ResNet18,test
data/processed/test\Lactarius\0809_nKVSQbfh_8Q.jpg,Lactarius,Russula,False,0.6078512072563171,0.0040377999976044,ResNet18,test
data/processed/test\Lactarius\0810_HmCW6dmg8ww.jpg,Lactarius,Russula,False,0.882013201713562,0.004108900000574,ResNet18,test
data/processed/test\Lactarius\0811_fny9MwqLlJQ.jpg,Lactarius,Russula,False,0.388927161693573,0.0036350000009406,ResNet18,test
data/processed/test\Lactarius\0814_QfgRmQ7qhf4.jpg,Lactarius,Amanita,False,0.7311704754829407,0.0037287999875843,ResNet18,test
data/processed/test\Lactarius\0819_UXB8BitCLeg.jpg,Lactarius,Lactarius,True,0.4683723747730255,0.0046587999968323,ResNet18,test
data/processed/test\Lactarius\0823_Ux2nE3c9Um8.jpg,Lactarius,Russula,False,0.6402161121368408,0.0037902000040048,ResNet18,test
data/processed/test\Lactarius\0829_s0YUBr49gwI.jpg,Lactarius,Lactarius,True,0.4347073137760162,0.003850399996736,ResNet18,test
data/processed/test\Lactarius\083_b-MWcypdVgI.jpg,Lactarius,Lactarius,True,0.7691696286201477,0.0035380999906919,ResNet18,test
data/processed/test\Lactarius\0852_7k3Zyy3_DGE.jpg,Lactarius,Lactarius,True,0.4444457292556762,0.0035935999912908,ResNet18,test
data/processed/test\Lactarius\0861_R-QITvIdQ0I.jpg,Lactarius,Russula,False,0.8214479088783264,0.0039866999868536,ResNet18,test
data/processed/test\Lactarius\0863_vVoT2CYybJg.jpg,Lactarius,Lactarius,True,0.4654392600059509,0.0036132999957771,ResNet18,test
data/processed/test\Lactarius\0868_VH-IjF4KU2A.jpg,Lactarius,Lactarius,True,0.8454258441925049,0.003796399993007,ResNet18,test
data/processed/test\Lactarius\0874_2lGLHI_YG5k.jpg,Lactarius,Lactarius,True,0.3302799165248871,0.0037513999996008,ResNet18,test
data/processed/test\Lactarius\087_L5ZS-DiYxEI.jpg,Lactarius,Russula,False,0.6079867482185364,0.003685099989525,ResNet18,test
data/processed/test\Lactarius\0881_3RtHEelIwJ0.jpg,Lactarius,Lactarius,True,0.8195464015007019,0.0037420000007841,ResNet18,test
data/processed/test\Lactarius\0886_DVymd3ri6ok.jpg,Lactarius,Lactarius,True,0.485179990530014,0.0038271000084932,ResNet18,test
data/processed/test\Lactarius\0890_Fm2kZLQ186E.jpg,Lactarius,Lactarius,True,0.8639614582061768,0.0036724999954458,ResNet18,test
data/processed/test\Lactarius\0891_y4giXhWdmzg.jpg,Lactarius,Inocybe,False,0.2461427748203277,0.0043077000009361,ResNet18,test
data/processed/test\Lactarius\0894_faLSlbF53CA.jpg,Lactarius,Inocybe,False,0.424419105052948,0.0035946999996667,ResNet18,test
data/processed/test\Lactarius\0898_H5ncLRcbiOQ.jpg,Lactarius,Lactarius,True,0.4024648070335388,0.0036718000046676,ResNet18,test
data/processed/test\Lactarius\089_AJoVxJM23M4.jpg,Lactarius,Lactarius,True,0.3000966012477875,0.0035879999923054,ResNet18,test
data/processed/test\Lactarius\0904_Z0MfidvU7JU.jpg,Lactarius,Amanita,False,0.4004840552806854,0.0036345999978948,ResNet18,test
data/processed/test\Lactarius\0924_mvAXbhaPY-k.jpg,Lactarius,Russula,False,0.7837350964546204,0.0041020000062417,ResNet18,test
data/processed/test\Lactarius\0931_qYe0VtJnAhQ.jpg,Lactarius,Lactarius,True,0.4498033821582794,0.0045559999998658,ResNet18,test
data/processed/test\Lactarius\0941_SIWGBlVT-DI.jpg,Lactarius,Suillus,False,0.4469050168991089,0.0036486000026343,ResNet18,test
data/processed/test\Lactarius\0948_omWNNnbQkxU.jpg,Lactarius,Lactarius,True,0.8841838836669922,0.0036531000077957,ResNet18,test
data/processed/test\Lactarius\094_-2iyr_W_qvQ.jpg,Lactarius,Entoloma,False,0.6036876440048218,0.0036803999973926,ResNet18,test
data/processed/test\Lactarius\0950_ijfkg6qgVms.jpg,Lactarius,Russula,False,0.9201511144638062,0.0041350999963469,ResNet18,test
data/processed/test\Lactarius\095_BtaRrYfMJVs.jpg,Lactarius,Russula,False,0.5061095356941223,0.0041261000005761,ResNet18,test
data/processed/test\Lactarius\0966_RRkmCZs4Hgk.jpg,Lactarius,Entoloma,False,0.4949720501899719,0.0040242000104626,ResNet18,test
data/processed/test\Lactarius\0968_D_TOmURQt5M.jpg,Lactarius,Entoloma,False,0.3230812549591064,0.0037532999995164,ResNet18,test
data/processed/test\Lactarius\0975_TPuBswVPF4E.jpg,Lactarius,Russula,False,0.8589406609535217,0.0036432000051718,ResNet18,test
data/processed/test\Lactarius\0978_f0jCRe74OWg.jpg,Lactarius,Russula,False,0.8024491667747498,0.0039448000025004,ResNet18,test
data/processed/test\Lactarius\097_EnaERH1OSng.jpg,Lactarius,Lactarius,True,0.8905012607574463,0.0037275000067893,ResNet18,test
data/processed/test\Lactarius\0980_m_ohZyV7g-Y.jpg,Lactarius,Lactarius,True,0.4999703168869018,0.0037063999916426,ResNet18,test
data/processed/test\Lactarius\0990_eosoYFrwQLI.jpg,Lactarius,Russula,False,0.8148729205131531,0.0040657999925315,ResNet18,test
data/processed/test\Lactarius\0993_vWFD5m5EFdw.jpg,Lactarius,Russula,False,0.8480481505393982,0.0039218999881995,ResNet18,test
data/processed/test\Lactarius\0997_I_lCHDRsFnk.jpg,Lactarius,Lactarius,True,0.2374144345521927,0.0037633000029018,ResNet18,test
data/processed/test\Lactarius\099_tlQryExCSSc.jpg,Lactarius,Lactarius,True,0.4351058602333069,0.0037245999992592,ResNet18,test
data/processed/test\Lactarius\1023_5KzdIbZlWao.jpg,Lactarius,Russula,False,0.8044804930686951,0.0035996999940834,ResNet18,test
data/processed/test\Lactarius\1031_-Xmag74uj8c.jpg,Lactarius,Lactarius,True,0.5159531235694885,0.0036538999993354,ResNet18,test
data/processed/test\Lactarius\1035_5IsEFXEEEaY.jpg,Lactarius,Hygrocybe,False,0.3195357322692871,0.0037164000095799,ResNet18,test
data/processed/test\Lactarius\1039_IeXUvS5caiU.jpg,Lactarius,Lactarius,True,0.4557065069675445,0.0037154000019654,ResNet18,test
data/processed/test\Lactarius\1051_OqWmAht3bQo.jpg,Lactarius,Russula,False,0.5655328631401062,0.0040836999978637,ResNet18,test
data/processed/test\Lactarius\1084__qV9VGarloM.jpg,Lactarius,Entoloma,False,0.2816493809223175,0.0036120000004302,ResNet18,test
data/processed/test\Lactarius\1087_T-XOvJDzPj4.jpg,Lactarius,Russula,False,0.935859441757202,0.0035484999971231,ResNet18,test
data/processed/test\Lactarius\108_M1XYdkUcelY.jpg,Lactarius,Amanita,False,0.5679628252983093,0.0037316999951144,ResNet18,test
data/processed/test\Lactarius\1095_DTLgzikyFDc.jpg,Lactarius,Russula,False,0.7060739994049072,0.0036094999959459,ResNet18,test
data/processed/test\Lactarius\1102_LESYYltPhNw.jpg,Lactarius,Russula,False,0.909514844417572,0.003636399997049,ResNet18,test
data/processed/test\Lactarius\1104_Top2jkbHf3c.jpg,Lactarius,Amanita,False,0.3996331095695495,0.004117500007851,ResNet18,test
data/processed/test\Lactarius\1108_Drq20AGMUPU.jpg,Lactarius,Russula,False,0.5846944451332092,0.0038445999962277,ResNet18,test
data/processed/test\Lactarius\1112_BjWWPLj9vfs.jpg,Lactarius,Russula,False,0.935859441757202,0.0036135999980615,ResNet18,test
data/processed/test\Lactarius\1119_97YWRRfAMdE.jpg,Lactarius,Russula,False,0.706477701663971,0.0037163000088185,ResNet18,test
data/processed/test\Lactarius\1126_OzpDgrwjWNc.jpg,Lactarius,Russula,False,0.6594858765602112,0.0037034999986644,ResNet18,test
data/processed/test\Lactarius\1133_HDYDTLTS4FA.jpg,Lactarius,Lactarius,True,0.5763434767723083,0.0036464000004343,ResNet18,test
data/processed/test\Lactarius\1140_L4hzKxVbQc0.jpg,Lactarius,Russula,False,0.4846391975879669,0.0037117999891052,ResNet18,test
data/processed/test\Lactarius\1144_d52jIf1q8OQ.jpg,Lactarius,Lactarius,True,0.3920122683048248,0.00383210000291,ResNet18,test
data/processed/test\Lactarius\1157_lIsQAIM1Bms.jpg,Lactarius,Russula,False,0.9581429958343506,0.0036881000123685,ResNet18,test
data/processed/test\Lactarius\1163_6urWblLWaP0.jpg,Lactarius,Entoloma,False,0.3881402909755707,0.0036256000021239,ResNet18,test
data/processed/test\Lactarius\1164_sa2vKVnzdDU.jpg,Lactarius,Russula,False,0.3761129677295685,0.0036275000020395,ResNet18,test
data/processed/test\Lactarius\1168_liGHHAZOR28.jpg,Lactarius,Amanita,False,0.5091870427131653,0.0036268999974709,ResNet18,test
data/processed/test\Lactarius\1185_l8CcBJMEx4U.jpg,Lactarius,Agaricus,False,0.3591707944869995,0.0038273000100161,ResNet18,test
data/processed/test\Lactarius\1187_SFmMgNJ91-I.jpg,Lactarius,Lactarius,True,0.4979666769504547,0.0037410000077215,ResNet18,test
data/processed/test\Lactarius\1194_Q_-2-NBIRlk.jpg,Lactarius,Hygrocybe,False,0.511501669883728,0.0037223999970592,ResNet18,test
data/processed/test\Lactarius\1199_hy7BCb0o9Ss.jpg,Lactarius,Agaricus,False,0.3342659473419189,0.0043986999953631,ResNet18,test
data/processed/test\Lactarius\1205_V_YJfaEofno.jpg,Lactarius,Lactarius,True,0.6169573664665222,0.0038209000049391,ResNet18,test
data/processed/test\Lactarius\1209_-oHFXkHNN6c.jpg,Lactarius,Russula,False,0.8787172436714172,0.0041695999971125,ResNet18,test
data/processed/test\Lactarius\1210_5y8ObCFK_r4.jpg,Lactarius,Boletus,False,0.6643522381782532,0.0037835000111954,ResNet18,test
data/processed/test\Lactarius\1213_E6SGc19pJFY.jpg,Lactarius,Russula,False,0.7656269073486328,0.0037286000006133,ResNet18,test
data/processed/test\Lactarius\1223_6yV3bv_fpo8.jpg,Lactarius,Lactarius,True,0.612787663936615,0.0038076000055298,ResNet18,test
data/processed/test\Lactarius\1224_Yn3W7OW8tkQ.jpg,Lactarius,Russula,False,0.7212164998054504,0.003714199992828,ResNet18,test
data/processed/test\Lactarius\1226_nyvT8mRno3g.jpg,Lactarius,Lactarius,True,0.4176997542381286,0.0039840000099502,ResNet18,test
data/processed/test\Lactarius\122_W_5GcNcAuN4.jpg,Lactarius,Russula,False,0.3642380535602569,0.0040217999921878,ResNet18,test
data/processed/test\Lactarius\1251_bPDEkspIv50.jpg,Lactarius,Russula,False,0.266031414270401,0.003671900005429,ResNet18,test
data/processed/test\Lactarius\1252_73K3pd3sWMQ.jpg,Lactarius,Lactarius,True,0.7312378287315369,0.0036735000030603,ResNet18,test
data/processed/test\Lactarius\128_dfE8pjx6FdQ.jpg,Lactarius,Entoloma,False,0.2554021775722503,0.0043760999978985,ResNet18,test
data/processed/test\Lactarius\136_2lSzCzGC8cs.jpg,Lactarius,Russula,False,0.9595311284065248,0.0040120999910868,ResNet18,test
data/processed/test\Lactarius\140_exY6qQ3hXgY.jpg,Lactarius,Amanita,False,0.7957074642181396,0.0036606000066967,ResNet18,test
data/processed/test\Lactarius\149_CwuowlVAMxY.jpg,Lactarius,Entoloma,False,0.5553655028343201,0.0040655000047991,ResNet18,test
data/processed/test\Lactarius\153_gN8-LTmbt4U.jpg,Lactarius,Russula,False,0.8626289963722229,0.0037692999903811,ResNet18,test
data/processed/test\Lactarius\164_YmyEAa79xJY.jpg,Lactarius,Russula,False,0.4137043058872223,0.0036653999995905,ResNet18,test
data/processed/test\Lactarius\166_m4APlqR5cX8.jpg,Lactarius,Russula,False,0.5690072178840637,0.0037988000112818,ResNet18,test
data/processed/test\Lactarius\167_sbpN5cmc4Qw.jpg,Lactarius,Lactarius,True,0.5170208811759949,0.0036725000099977,ResNet18,test
data/processed/test\Lactarius\172_AtgfiwOgTAk.jpg,Lactarius,Lactarius,True,0.6560047268867493,0.0041992000042228,ResNet18,test
data/processed/test\Lactarius\175_I_Sk3JdyB8Q.jpg,Lactarius,Russula,False,0.4912786781787872,0.0038118999946163,ResNet18,test
data/processed/test\Lactarius\176_7c5SOZYoEEQ.jpg,Lactarius,Russula,False,0.984372079372406,0.0041496999911032,ResNet18,test
data/processed/test\Lactarius\182_Z_eMo84pz4w.jpg,Lactarius,Russula,False,0.9608564972877502,0.0040291000041179,ResNet18,test
data/processed/test\Lactarius\186_vqv6RGdM7tQ.jpg,Lactarius,Russula,False,0.7133878469467163,0.0038692999951308,ResNet18,test
data/processed/test\Lactarius\187_9b5XfCCHe9s.jpg,Lactarius,Russula,False,0.471244603395462,0.0038717999996151,ResNet18,test
data/processed/test\Lactarius\188__ssneZ3zq44.jpg,Lactarius,Lactarius,True,0.6129185557365417,0.0037604999961331,ResNet18,test
data/processed/test\Lactarius\200_h-AIr5ayQw8.jpg,Lactarius,Russula,False,0.610581636428833,0.0037666999996872,ResNet18,test
data/processed/test\Lactarius\204_5earXwj40js.jpg,Lactarius,Russula,False,0.8951586484909058,0.0038144999998621,ResNet18,test
data/processed/test\Lactarius\206_32LgeIY1Yeg.jpg,Lactarius,Lactarius,True,0.6114696860313416,0.0035971000033896,ResNet18,test
data/processed/test\Lactarius\216_XQewJ4iZ0SE.jpg,Lactarius,Lactarius,True,0.4443520307540893,0.0040943000058177,ResNet18,test
data/processed/test\Lactarius\217_NouQvvUbzkI.jpg,Lactarius,Lactarius,True,0.3220662176609039,0.0040058000013232,ResNet18,test
data/processed/test\Lactarius\220_s7m6OJgigsQ.jpg,Lactarius,Lactarius,True,0.8276724815368652,0.0040087999950628,ResNet18,test
data/processed/test\Lactarius\221_gFGMtF63hew.jpg,Lactarius,Lactarius,True,0.7393851280212402,0.0039015999936964,ResNet18,test
data/processed/test\Lactarius\233_Zrhk_kzm9RI.jpg,Lactarius,Lactarius,True,0.4415482580661773,0.0039106999902287,ResNet18,test
data/processed/test\Lactarius\243_Kcz6T9Gexhs.jpg,Lactarius,Boletus,False,0.3925304114818573,0.0037978000036673,ResNet18,test
data/processed/test\Lactarius\245_8a_KwW3R88w.jpg,Lactarius,Russula,False,0.779155433177948,0.0036392000038176,ResNet18,test
data/processed/test\Lactarius\246_RXGb-uY_OT0.jpg,Lactarius,Russula,False,0.7882933616638184,0.0038392999995267,ResNet18,test
data/processed/test\Lactarius\253_04FkFVirQ7Y.jpg,Lactarius,Russula,False,0.9602557420730592,0.0038364000065485,ResNet18,test
data/processed/test\Lactarius\263_q4EWqSw73ss.jpg,Lactarius,Lactarius,True,0.6964388489723206,0.0037506999942706,ResNet18,test
data/processed/test\Lactarius\276_hZykQcrhdmk.jpg,Lactarius,Russula,False,0.708482563495636,0.003698999993503,ResNet18,test
data/processed/test\Lactarius\288_q9eXJ9RotUs.jpg,Lactarius,Suillus,False,0.2373342663049698,0.0037561000062851,ResNet18,test
data/processed/test\Lactarius\295_d1IVZwM135g.jpg,Lactarius,Lactarius,True,0.7599929571151733,0.0035740000021178,ResNet18,test
data/processed/test\Lactarius\310_MVmkt2VWorA.jpg,Lactarius,Russula,False,0.975723147392273,0.003979100001743,ResNet18,test
data/processed/test\Lactarius\312_Kxi6Fhuexdw.jpg,Lactarius,Lactarius,True,0.7939268350601196,0.0036920999991707,ResNet18,test
data/processed/test\Lactarius\327_Hk8VyUuKT-A.jpg,Lactarius,Lactarius,True,0.5672591328620911,0.0036771000013686,ResNet18,test
data/processed/test\Lactarius\333_NGUe2XVS3hk.jpg,Lactarius,Lactarius,True,0.6302656531333923,0.0038163999997777,ResNet18,test
data/processed/test\Lactarius\335_fqi3SPxPO_M.jpg,Lactarius,Lactarius,True,0.5172606110572815,0.0037462000036612,ResNet18,test
data/processed/test\Lactarius\338_SSuhFw6v6bo.jpg,Lactarius,Hygrocybe,False,0.4444165229797363,0.0038324999914038,ResNet18,test
data/processed/test\Lactarius\340_eLuW-nUYdC0.jpg,Lactarius,Lactarius,True,0.4097837209701538,0.0037428999930853,ResNet18,test
data/processed/test\Lactarius\353_ZQcLrpjLWBc.jpg,Lactarius,Russula,False,0.8857473731040955,0.0037897000001976,ResNet18,test
data/processed/test\Lactarius\355_THNiI8IQ5e4.jpg,Lactarius,Russula,False,0.5467398166656494,0.003918500005966,ResNet18,test
data/processed/test\Lactarius\364_TiFrgt8za6w.jpg,Lactarius,Lactarius,True,0.5053461194038391,0.0036885000008624,ResNet18,test
data/processed/test\Lactarius\365_gihWtePuGlo.jpg,Lactarius,Russula,False,0.8423507213592529,0.0037829999928362,ResNet18,test
data/processed/test\Lactarius\373_sb1ABlLL_Io.jpg,Lactarius,Russula,False,0.4597708284854889,0.0036034999939147,ResNet18,test
data/processed/test\Lactarius\381_70eN3baoMiU.jpg,Lactarius,Russula,False,0.472183346748352,0.0037102000060258,ResNet18,test
data/processed/test\Lactarius\391_x5VHqfidZUA.jpg,Lactarius,Lactarius,True,0.6034391522407532,0.0036294000019552,ResNet18,test
data/processed/test\Lactarius\394_pA_n_Wu4_60.jpg,Lactarius,Lactarius,True,0.5436612963676453,0.0043714000057661,ResNet18,test
data/processed/test\Lactarius\410_gHeG6gEpGT8.jpg,Lactarius,Lactarius,True,0.5694356560707092,0.0038629999908152,ResNet18,test
data/processed/test\Lactarius\412_r_okI2cO5S4.jpg,Lactarius,Lactarius,True,0.4252683520317077,0.0038416000024881,ResNet18,test
data/processed/test\Russula\001_iKuK1p9EOJ0.jpg,Russula,Russula,True,0.9909998774528505,0.0036487000033957,ResNet18,test
data/processed/test\Russula\007_gZhfQcNeM9U.jpg,Russula,Russula,True,0.98390132188797,0.0038339000020641,ResNet18,test
data/processed/test\Russula\008_Dz7lB9JtqxQ.jpg,Russula,Russula,True,0.5303405523300171,0.0039583999896422,ResNet18,test
data/processed/test\Russula\013_LGHqXuWMeHE.jpg,Russula,Inocybe,False,0.7638084888458252,0.0039031000051181,ResNet18,test
data/processed/test\Russula\014_a6ZorjAMstY.jpg,Russula,Russula,True,0.2401392012834549,0.0040325000009033,ResNet18,test
data/processed/test\Russula\019_EKkNgTevh1g.jpg,Russula,Russula,True,0.777816653251648,0.0041379999893251,ResNet18,test
data/processed/test\Russula\024_rhgAyyNHSJo.jpg,Russula,Cortinarius,False,0.2861466109752655,0.0036153999972157,ResNet18,test
data/processed/test\Russula\025_k35cqXEzH7Y.jpg,Russula,Russula,True,0.8217591643333435,0.0037230000016279,ResNet18,test
data/processed/test\Russula\030_sCKfBfNbOl4.jpg,Russula,Russula,True,0.6799591779708862,0.0036626000073738,ResNet18,test
data/processed/test\Russula\039_ikQwz6n6X4o.jpg,Russula,Russula,True,0.9932658672332764,0.0037281999975675,ResNet18,test
data/processed/test\Russula\043_a_5lm55zCVc.jpg,Russula,Russula,True,0.5069212913513184,0.0037234000046737,ResNet18,test
data/processed/test\Russula\043_fOQ2ffx-cy8.jpg,Russula,Russula,True,0.9794833660125732,0.0037249000015435,ResNet18,test
data/processed/test\Russula\047_eHKYt6tnSCs.jpg,Russula,Inocybe,False,0.2767300009727478,0.0036426000006031,ResNet18,test
data/processed/test\Russula\050_MwOq3EeFUvc.jpg,Russula,Russula,True,0.9957931041717528,0.0038631000061286,ResNet18,test
data/processed/test\Russula\057_jOjOWsmPwSs.jpg,Russula,Lactarius,False,0.3170459270477295,0.0037787000037496,ResNet18,test
data/processed/test\Russula\058_rXtA5QC0tm0.jpg,Russula,Russula,True,0.7187034487724304,0.0041471000004094,ResNet18,test
data/processed/test\Russula\064_7LLSFgmojbg.jpg,Russula,Russula,True,0.9640527963638306,0.0040543999930378,ResNet18,test
data/processed/test\Russula\066_QwlTSWbST_A.jpg,Russula,Russula,True,0.9972073435783386,0.0040440000011585,ResNet18,test
data/processed/test\Russula\067_1HwiqbR9nY4.jpg,Russula,Russula,True,0.5923634171485901,0.0040260999958263,ResNet18,test
data/processed/test\Russula\087_dkTD8ebKnDo.jpg,Russula,Russula,True,0.9992652535438538,0.0038836000021547,ResNet18,test
data/processed/test\Russula\090_wTqyZFVyKa4.jpg,Russula,Russula,True,0.969575583934784,0.0038371999980881,ResNet18,test
data/processed/test\Russula\091_OhbGtsJOrac.jpg,Russula,Russula,True,0.6541520953178406,0.0038735999987693,ResNet18,test
data/processed/test\Russula\096_RZyKfwF8OnQ.jpg,Russula,Russula,True,0.9684109687805176,0.0037278000090736,ResNet18,test
data/processed/test\Russula\097_MDNp4nnFbsU.jpg,Russula,Russula,True,0.3850399553775787,0.0038022000080673,ResNet18,test
data/processed/test\Russula\097_vcRnfngKDrA.jpg,Russula,Russula,True,0.9999840259552002,0.0037359999987529,ResNet18,test
data/processed/test\Russula\102_ZPT8jUM20PQ.jpg,Russula,Russula,True,0.8289420008659363,0.0037660999951185,ResNet18,test
data/processed/test\Russula\104_Rsfyh5xO7v4.jpg,Russula,Russula,True,0.979064166545868,0.0036900999984936,ResNet18,test
data/processed/test\Russula\105_-Z8GVGlP6ZQ.jpg,Russula,Russula,True,0.9004217386245728,0.0037899000017205,ResNet18,test
data/processed/test\Russula\110_Dq7-S4a1PBA.jpg,Russula,Inocybe,False,0.3270653188228607,0.0038174999936018,ResNet18,test
data/processed/test\Russula\110_tI1gcfV67iM.jpg,Russula,Russula,True,0.9922409057617188,0.0039549999928567,ResNet18,test
data/processed/test\Russula\112_LjHLUTH9Ofo.jpg,Russula,Russula,True,0.99401193857193,0.0036952999944332,ResNet18,test
data/processed/test\Russula\115_421ZUjl0L6I.jpg,Russula,Lactarius,False,0.4423021972179413,0.0037796999968122,ResNet18,test
data/processed/test\Russula\116_1OsHlMx-dSQ.jpg,Russula,Russula,True,0.9366822838783264,0.0037605999968945,ResNet18,test
data/processed/test\Russula\121_G6PKJxVEa-M.jpg,Russula,Russula,True,0.9311773777008056,0.0037957000022288,ResNet18,test
data/processed/test\Russula\127_VbgJEufLv7I.jpg,Russula,Inocybe,False,0.3160531520843506,0.0042075999954249,ResNet18,test
data/processed/test\Russula\139_H3FH6JjjTzg.jpg,Russula,Russula,True,0.4952142238616943,0.0037631000013789,ResNet18,test
data/processed/test\Russula\145_o2dRwsYbjMY.jpg,Russula,Inocybe,False,0.3973230719566345,0.0039075000095181,ResNet18,test
data/processed/test\Russula\150_HG0rdEL96d8.jpg,Russula,Russula,True,0.9966764450073242,0.0040124000079231,ResNet18,test
data/processed/test\Russula\152_T7Jz4WBLsEQ.jpg,Russula,Lactarius,False,0.6299009919166565,0.0037271000037435,ResNet18,test
data/processed/test\Russula\165_iSv1-9PofVg.jpg,Russula,Russula,True,0.9978905320167542,0.0036876000085612,ResNet18,test
data/processed/test\Russula\167_9loyXWNmBDI.jpg,Russula,Russula,True,0.9883352518081664,0.0037375999963842,ResNet18,test
data/processed/test\Russula\170_8gD6VgBIRW8.jpg,Russula,Boletus,False,0.8871549367904663,0.0037984999944455,ResNet18,test
data/processed/test\Russula\174_ZHZm2cjKSd4.jpg,Russula,Russula,True,0.9988524913787842,0.0040975000010803,ResNet18,test
data/processed/test\Russula\183_7HPLUZ0JPGw.jpg,Russula,Russula,True,0.57474285364151,0.0037684999988414,ResNet18,test
data/processed/test\Russula\187_eVoSi006rJc.jpg,Russula,Russula,True,0.9070614576339722,0.0037289000028977,ResNet18,test
data/processed/test\Russula\190_jB_ANV0GfGc.jpg,Russula,Russula,True,0.6570459008216858,0.0038585000002058,ResNet18,test
data/processed/test\Russula\193_0iPR4s0EgAE.jpg,Russula,Russula,True,0.4983322918415069,0.0041270999936386,ResNet18,test
data/processed/test\Russula\194_NP3riIl0ZRw.jpg,Russula,Russula,True,0.4808496534824371,0.0037424000038299,ResNet18,test
data/processed/test\Russula\196_8vqiUiCZSf4.jpg,Russula,Lactarius,False,0.3387192487716675,0.0038112000038381,ResNet18,test
data/processed/test\Russula\197_8SaITt5hQBY.jpg,Russula,Russula,True,0.8871362805366516,0.0037386000039987,ResNet18,test
data/processed/test\Russula\200_JMAjbr8Po8M.jpg,Russula,Russula,True,0.9339563250541688,0.0037838999996893,ResNet18,test
data/processed/test\Russula\203_7ZDu3mnm2D8.jpg,Russula,Russula,True,0.597941517829895,0.0040886000060709,ResNet18,test
data/processed/test\Russula\212_mAsF0Tdhqu8.jpg,Russula,Russula,True,0.6648233532905579,0.0037890000094193,ResNet18,test
data/processed/test\Russula\218_zKx8R11Bjuo.jpg,Russula,Russula,True,0.8089146018028259,0.0037982999929226,ResNet18,test
data/processed/test\Russula\219_Tj5ZWF3-yCc.jpg,Russula,Russula,True,0.4751675128936767,0.0038595000078203,ResNet18,test
data/processed/test\Russula\220_LB02R316CKc.jpg,Russula,Russula,True,0.9995094537734984,0.0037209000001894,ResNet18,test
data/processed/test\Russula\221_GAqgMbeBJ_w.jpg,Russula,Russula,True,0.995158851146698,0.0037244999984977,ResNet18,test
data/processed/test\Russula\222_l5ppfQIYS20.jpg,Russula,Entoloma,False,0.5380791425704956,0.0038942999963182,ResNet18,test
data/processed/test\Russula\229_GvS-zosxGjw.jpg,Russula,Russula,True,0.5947749614715576,0.0036980000004405,ResNet18,test
data/processed/test\Russula\232_mX205dWbGSs.jpg,Russula,Russula,True,0.7873953580856323,0.0036672999995062,ResNet18,test
data/processed/test\Russula\237_ngiHar4V9OQ.jpg,Russula,Russula,True,0.9917769432067872,0.0038638999976683,ResNet18,test
data/processed/test\Russula\251_fEoTrBJW8cM.jpg,Russula,Russula,True,0.924933671951294,0.0037489999958779,ResNet18,test
data/processed/test\Russula\255_Kb8wme58c30.jpg,Russula,Russula,True,0.997142493724823,0.003827500011539,ResNet18,test
data/processed/test\Russula\274_HgGEtks3OsI.jpg,Russula,Russula,True,0.5914506912231445,0.0040743999998085,ResNet18,test
data/processed/test\Russula\275_pEbq4xW22Ag.jpg,Russula,Russula,True,0.9451655745506288,0.0037019000010332,ResNet18,test
data/processed/test\Russula\280_dQwEUooNmxU.jpg,Russula,Russula,True,0.7571976184844971,0.0037294999929144,ResNet18,test
data/processed/test\Russula\284_mG2jZJaeiac.jpg,Russula,Russula,True,0.8689461350440979,0.00394999999844,ResNet18,test
data/processed/test\Russula\285_rVkKIZjTiRM.jpg,Russula,Inocybe,False,0.3045563697814941,0.0041821999911917,ResNet18,test
data/processed/test\Russula\287_aSnnhXszXBg.jpg,Russula,Amanita,False,0.5905492901802063,0.0038625000015599,ResNet18,test
data/processed/test\Russula\298_6kweHNZ0RfI.jpg,Russula,Russula,True,0.9322592616081238,0.0036786999989999,ResNet18,test
data/processed/test\Russula\305_tdJxN8UQo7I.jpg,Russula,Russula,True,0.9883445501327516,0.0040713000053074,ResNet18,test
data/processed/test\Russula\317_8tQhlDlTHhY.jpg,Russula,Russula,True,0.9929503202438354,0.0041701999871293,ResNet18,test
data/processed/test\Russula\322_Ai1EXB8gNws.jpg,Russula,Russula,True,0.8730830550193787,0.0039140000008046,ResNet18,test
data/processed/test\Russula\329_PxteNH5w9Yk.jpg,Russula,Russula,True,0.9972557425498962,0.0037524000072153,ResNet18,test
data/processed/test\Russula\333_7pP8aVQf3Do.jpg,Russula,Russula,True,0.9949489831924438,0.0039352000021608,ResNet18,test
data/processed/test\Russula\338_HPnjALipi70.jpg,Russula,Russula,True,0.9922978281974792,0.0037941999908071,ResNet18,test
data/processed/test\Russula\342_CJXxi8f2DOI.jpg,Russula,Russula,True,0.7649587988853455,0.0037622999952873,ResNet18,test
data/processed/test\Russula\349_YRE4p7LbKdg.jpg,Russula,Russula,True,0.851959764957428,0.0036760999937541,ResNet18,test
data/processed/test\Russula\352_ykL56k89IoE.jpg,Russula,Russula,True,0.9166059494018556,0.0038140999968163,ResNet18,test
data/processed/test\Russula\354_SXkK0j9UPcc.jpg,Russula,Lactarius,False,0.5023922324180603,0.0039579000003868,ResNet18,test
data/processed/test\Russula\366_Rmr_uH_m3Lc.jpg,Russula,Russula,True,0.9869197010993958,0.0037460000021383,ResNet18,test
data/processed/test\Russula\375_h9oJuORZEoQ.jpg,Russula,Russula,True,0.9660577774047852,0.0036562999885063,ResNet18,test
data/processed/test\Russula\382_etpGgqzjXAw.jpg,Russula,Russula,True,0.4568204283714294,0.003714000005857,ResNet18,test
data/processed/test\Russula\391_FoHQbZ-kW6k.jpg,Russula,Russula,True,0.935374081134796,0.0036689999978989,ResNet18,test
data/processed/test\Russula\396_vxteiV8es0s.jpg,Russula,Russula,True,0.5695294737815857,0.0037685999996028,ResNet18,test
data/processed/test\Russula\398_0WzJw-BGE1E.jpg,Russula,Russula,True,0.9855130314826964,0.0039270999986911,ResNet18,test
data/processed/test\Russula\401_ZfuzzDXFsRU.jpg,Russula,Inocybe,False,0.6317278146743774,0.0041717000131029,ResNet18,test
data/processed/test\Russula\406_krT07UQMp10.jpg,Russula,Russula,True,0.3477775752544403,0.0037814999959664,ResNet18,test
data/processed/test\Russula\409_BMzCz6qsXNs.jpg,Russula,Russula,True,0.9528692364692688,0.0038120999961392,ResNet18,test
data/processed/test\Russula\412_hK_N_vllKHo.jpg,Russula,Russula,True,0.8160538077354431,0.0038133000052766,ResNet18,test
data/processed/test\Russula\415_UJ1wPsUTn48.jpg,Russula,Russula,True,0.8318756818771362,0.0039378999936161,ResNet18,test
data/processed/test\Russula\416_HL5U3TXaTig.jpg,Russula,Russula,True,0.9654274582862854,0.0041568000015104,ResNet18,test
data/processed/test\Russula\421_8j91Sr4g8Kc.jpg,Russula,Russula,True,0.9961649179458618,0.0038228999910643,ResNet18,test
data/processed/test\Russula\426_RHi0dlqqt8o.jpg,Russula,Inocybe,False,0.6877930164337158,0.0038036000041756,ResNet18,test
data/processed/test\Russula\427_x9THSIBmhjg.jpg,Russula,Russula,True,0.5674496293067932,0.0041423999937251,ResNet18,test
data/processed/test\Russula\430_DSSYi6MPrgM.jpg,Russula,Russula,True,0.971782386302948,0.00389360000554,ResNet18,test
data/processed/test\Russula\431_6aLV-mYubzE.jpg,Russula,Russula,True,0.494940847158432,0.0037843000027351,ResNet18,test
data/processed/test\Russula\437_CT0j4-xyw0U.jpg,Russula,Russula,True,0.998115062713623,0.0037645999982487,ResNet18,test
data/processed/test\Russula\439_Qy56g_UefV0.jpg,Russula,Russula,True,0.7001891136169434,0.0038859000051161,ResNet18,test
data/processed/test\Russula\441_OLHvhkXV5z4.jpg,Russula,Russula,True,0.9978525638580322,0.0037037000001873,ResNet18,test
data/processed/test\Russula\448_EjNRPvABLWs.jpg,Russula,Russula,True,0.997016191482544,0.0037359000125434,ResNet18,test
data/processed/test\Russula\452_LFlsAAAX9hI.jpg,Russula,Russula,True,0.8188064098358154,0.0037097999884281,ResNet18,test
data/processed/test\Russula\454_uTMl-t0RwNE.jpg,Russula,Russula,True,0.539023220539093,0.0037818999990122,ResNet18,test
data/processed/test\Russula\458_qK1_4b1eE6c.jpg,Russula,Russula,True,0.9817342758178712,0.003717499988852,ResNet18,test
data/processed/test\Russula\462_gCvKxkgbErI.jpg,Russula,Inocybe,False,0.2334988862276077,0.0041098999936366,ResNet18,test
data/processed/test\Russula\469_EEz8Pm-LqCM.jpg,Russula,Russula,True,0.9790785312652588,0.0043310000037308,ResNet18,test
data/processed/test\Russula\473_-0mqqVq-2vk.jpg,Russula,Russula,True,0.5899637341499329,0.0037959000037517,ResNet18,test
data/processed/test\Russula\476_fuSt9QgGDIk.jpg,Russula,Boletus,False,0.7879799008369446,0.0037595999892801,ResNet18,test
data/processed/test\Russula\480_74nq3Oj1T0M.jpg,Russula,Russula,True,0.9956710338592528,0.0038670999929308,ResNet18,test
data/processed/test\Russula\483_iDdkz4PNlOg.jpg,Russula,Russula,True,0.9997443556785583,0.003808299996308,ResNet18,test
data/processed/test\Russula\490_Y5gzpOreJV8.jpg,Russula,Russula,True,0.9946528673171996,0.0038556000072276,ResNet18,test
data/processed/test\Russula\494_4l6A9UlJ6HY.jpg,Russula,Russula,True,0.8851110339164734,0.0039889000036055,ResNet18,test
data/processed/test\Russula\497_hMPS4Vhoqqk.jpg,Russula,Russula,True,0.9741070866584778,0.0036829999880865,ResNet18,test
data/processed/test\Russula\498_iH4yNw872aM.jpg,Russula,Russula,True,0.9975698590278624,0.003810499998508,ResNet18,test
data/processed/test\Russula\502_nJw7weRVBlc.jpg,Russula,Russula,True,0.9831862449645996,0.0039191999967442,ResNet18,test
data/processed/test\Russula\511_viHZPnkp9nI.jpg,Russula,Russula,True,0.7154036164283752,0.003758499995456,ResNet18,test
data/processed/test\Russula\513_e8OAjXau1_g.jpg,Russula,Russula,True,0.8436031937599182,0.0041327999933855,ResNet18,test
data/processed/test\Russula\515_-fmv5frqmeQ.jpg,Russula,Russula,True,0.7111994028091431,0.0037848999927518,ResNet18,test
data/processed/test\Russula\517_0X-ur3MZ6-g.jpg,Russula,Cortinarius,False,0.6031299233436584,0.0043291000038152,ResNet18,test
data/processed/test\Russula\518_ddwb9zDz0EA.jpg,Russula,Exidia,False,0.3654825985431671,0.0056530000001657,ResNet18,test
data/processed/test\Russula\519_MgcY6NzuGRg.jpg,Russula,Russula,True,0.9161402583122252,0.0045733000006293,ResNet18,test
data/processed/test\Russula\519__Yn0OFxI1q4.jpg,Russula,Inocybe,False,0.3162362575531006,0.0038515999913215,ResNet18,test
data/processed/test\Russula\521_PoCOMLLE194.jpg,Russula,Russula,True,0.4880480468273163,0.004175900001428,ResNet18,test
data/processed/test\Russula\522_HB75V6h0zHA.jpg,Russula,Russula,True,0.9927729964256288,0.0039058999973349,ResNet18,test
data/processed/test\Russula\529_ailR88iHnVk.jpg,Russula,Russula,True,0.970937728881836,0.0038731999957235,ResNet18,test
data/processed/test\Russula\530_0Er0JIn-St8.jpg,Russula,Russula,True,0.8373370170593262,0.0038063000101828,ResNet18,test
data/processed/test\Russula\531_nA8Zxo2h3PI.jpg,Russula,Russula,True,0.8367019295692444,0.0039479999977629,ResNet18,test
data/processed/test\Russula\533_HFOAEH-GMI8.jpg,Russula,Russula,True,0.8804015517234802,0.0039853000052971,ResNet18,test
data/processed/test\Russula\534_qpoLwy-f_Xo.jpg,Russula,Russula,True,0.920211374759674,0.0039257999887922,ResNet18,test
data/processed/test\Russula\538_KQ94jYukaKU.jpg,Russula,Russula,True,0.3202376663684845,0.00385809999716,ResNet18,test
data/processed/test\Russula\538_tf4RCsz9upY.jpg,Russula,Russula,True,0.7725330591201782,0.0041587999876355,ResNet18,test
data/processed/test\Russula\548_28oWJjM1dis.jpg,Russula,Russula,True,0.4683109521865845,0.0040407000051345,ResNet18,test
data/processed/test\Russula\551_wGsl1ac6chs.jpg,Russula,Russula,True,0.6335365176200867,0.0037778000114485,ResNet18,test
data/processed/test\Russula\552_ihVJ4T4Sss8.jpg,Russula,Russula,True,0.4618453681468963,0.0038023000088287,ResNet18,test
data/processed/test\Russula\555_FEOGSD31AJA.jpg,Russula,Russula,True,0.7619005441665649,0.0038491999875986,ResNet18,test
data/processed/test\Russula\556_ppbtXziu5ZQ.jpg,Russula,Russula,True,0.5056591629981995,0.0039484000008087,ResNet18,test
data/processed/test\Russula\557_QAd1lVBkjXU.jpg,Russula,Lactarius,False,0.2130300104618072,0.0041550000023562,ResNet18,test
data/processed/test\Russula\560_cMc-iWHiAlE.jpg,Russula,Entoloma,False,0.4976518154144287,0.0038640999991912,ResNet18,test
data/processed/test\Russula\569_JW9oRUfkNN0.jpg,Russula,Amanita,False,0.748058557510376,0.0044743000034941,ResNet18,test
data/processed/test\Russula\572_yBKxg92PsOQ.jpg,Russula,Russula,True,0.9675247669219972,0.0042357000056654,ResNet18,test
data/processed/test\Russula\575_gWC0enFjtPM.jpg,Russula,Russula,True,0.5918962955474854,0.0039698000036878,ResNet18,test
data/processed/test\Russula\580_ntj_DGdqmvA.jpg,Russula,Russula,True,0.9806617498397828,0.0044775999995181,ResNet18,test
data/processed/test\Russula\588__rRMnuidFcw.jpg,Russula,Russula,True,0.8749263882637024,0.0046447000058833,ResNet18,test
data/processed/test\Russula\590_uV2vuMobSEM.jpg,Russula,Russula,True,0.5132591724395752,0.0044087999995099,ResNet18,test
data/processed/test\Russula\591_mUNB-xH-tCw.jpg,Russula,Russula,True,0.7252697944641113,0.003845299987006,ResNet18,test
data/processed/test\Russula\605_KtkMUv-JJ5I.jpg,Russula,Russula,True,0.9981707334518432,0.0037604999961331,ResNet18,test
data/processed/test\Russula\608_0aU_jR-I9JA.jpg,Russula,Russula,True,0.9768127202987672,0.0038226000033318,ResNet18,test
data/processed/test\Russula\619_iJOS5fLgNQU.jpg,Russula,Russula,True,0.8476581573486328,0.0040685999993002,ResNet18,test
data/processed/test\Russula\624_AB7Ht1J6_Ts.jpg,Russula,Russula,True,0.9316546320915222,0.0038210999919101,ResNet18,test
data/processed/test\Russula\635_CzRg4ZH0g3s.jpg,Russula,Boletus,False,0.2821079790592193,0.0040086999943014,ResNet18,test
data/processed/test\Russula\650_p3glAsLgTMs.jpg,Russula,Boletus,False,0.8245044350624084,0.0038868999981787,ResNet18,test
data/processed/test\Russula\667_m3O20kXwdDE.jpg,Russula,Russula,True,0.993678867816925,0.003806099994108,ResNet18,test
data/processed/test\Russula\668_5paJFA7_Ua8.jpg,Russula,Russula,True,0.9698898196220398,0.0044008999975631,ResNet18,test
data/processed/test\Russula\674_hp6AgJkRPZQ.jpg,Russula,Russula,True,0.8868235945701599,0.0042420000099809,ResNet18,test
data/processed/test\Russula\681_EsZTIQlfMjc.jpg,Russula,Inocybe,False,0.6208328008651733,0.003788899994106,ResNet18,test
data/processed/test\Russula\689_A6I1XAc367A.jpg,Russula,Russula,True,0.9961624145507812,0.0042535000102361,ResNet18,test
data/processed/test\Russula\703_Nptow3WB0qw.jpg,Russula,Russula,True,0.9986675977706908,0.0041901000076904,ResNet18,test
data/processed/test\Russula\705_zyUROKt6OHs.jpg,Russula,Russula,True,0.732211172580719,0.0039139000000432,ResNet18,test
data/processed/test\Russula\719_RWQ7F3kVyZ8.jpg,Russula,Russula,True,0.8860411643981934,0.003804800013313,ResNet18,test
data/processed/test\Russula\727_GqKz3HCWl0c.jpg,Russula,Russula,True,0.9869247674942015,0.0038166000013006,ResNet18,test
data/processed/test\Russula\728_GKNcKK0yCIc.jpg,Russula,Russula,True,0.9885889291763306,0.0041905000107362,ResNet18,test
data/processed/test\Russula\737_CKVsLcd_U7c.jpg,Russula,Russula,True,0.9970954656600952,0.0037984999944455,ResNet18,test
data/processed/test\Russula\738_erZ8MolTf3U.jpg,Russula,Russula,True,0.9757183790206908,0.0040295000071637,ResNet18,test
data/processed/test\Russula\756_vp2vfTitRMQ.jpg,Russula,Russula,True,0.9998699426651,0.0041689000063342,ResNet18,test
data/processed/test\Russula\757_iadA7ihhNeQ.jpg,Russula,Russula,True,0.9972742199897766,0.0037975999875925,ResNet18,test
data/processed/test\Russula\761_PoCeQSN4r0Y.jpg,Russula,Russula,True,0.9999183416366576,0.0040907999937189,ResNet18,test
data/processed/test\Russula\764_Km8WK13K9DM.jpg,Russula,Russula,True,0.9964956641197203,0.0040942000050563,ResNet18,test
data/processed/test\Russula\773_rvHJQsLi9cg.jpg,Russula,Russula,True,0.973213255405426,0.0040852000092854,ResNet18,test
data/processed/test\Russula\777_1makiuR24D8.jpg,Russula,Russula,True,0.8793748021125793,0.004287400006433,ResNet18,test
data/processed/test\Russula\781_6bHC50w-YyU.jpg,Russula,Russula,True,0.9564042091369628,0.0038043999957153,ResNet18,test
data/processed/test\Russula\789_ZOAABwfjsvE.jpg,Russula,Russula,True,0.7116338610649109,0.0040479000017512,ResNet18,test
data/processed/test\Russula\790_XgJL7jUO0n0.jpg,Russula,Lactarius,False,0.4189084768295288,0.0038280000007944,ResNet18,test
data/processed/test\Russula\791_bmziJQYOR-0.jpg,Russula,Russula,True,0.4681557118892669,0.0037657000066246,ResNet18,test
data/processed/test\Suillus\004_LMWP6X0bx7g.jpg,Suillus,Russula,False,0.8106681704521179,0.0039666999946348,ResNet18,test
data/processed/test\Suillus\005_4zrEN39EHeU.jpg,Suillus,Inocybe,False,0.4803387522697449,0.0041565999999875,ResNet18,test
data/processed/test\Suillus\006_8Su_kJ43Mho.jpg,Suillus,Russula,False,0.2504768967628479,0.0040728000021772,ResNet18,test
data/processed/test\Suillus\013_SzBeuYLeWzY.jpg,Suillus,Russula,False,0.4874709546566009,0.0038356000004569,ResNet18,test
data/processed/test\Suillus\020_qW3wRprNQuU.jpg,Suillus,Suillus,True,0.3076314926147461,0.0038150000036694,ResNet18,test
data/processed/test\Suillus\024_b9YCAgUxfLc.jpg,Suillus,Suillus,True,0.3522684574127197,0.0038954000046942,ResNet18,test
data/processed/test\Suillus\035_GGH3qG0fqcg.jpg,Suillus,Russula,False,0.3939045071601867,0.0038608999893767,ResNet18,test
data/processed/test\Suillus\042_S8g3kuvZPb4.jpg,Suillus,Russula,False,0.3367064297199249,0.0038128000014694,ResNet18,test
data/processed/test\Suillus\053_pR_9bsx0WUU.jpg,Suillus,Lactarius,False,0.3400914072990417,0.0041278999997302,ResNet18,test
data/processed/test\Suillus\057_QjMKHaEMZBI.jpg,Suillus,Lactarius,False,0.533356249332428,0.00401370000327,ResNet18,test
data/processed/test\Suillus\059_JRPx07CUp9I.jpg,Suillus,Russula,False,0.4032974243164062,0.0038108999870019,ResNet18,test
data/processed/test\Suillus\060_HFmPuFBK7f4.jpg,Suillus,Russula,False,0.7869950532913208,0.0041475000034552,ResNet18,test
data/processed/test\Suillus\063_DU3VJmB-I14.jpg,Suillus,Lactarius,False,0.6675317287445068,0.0041949000005843,ResNet18,test
data/processed/test\Suillus\066_uFngOMLuPrE.jpg,Suillus,Inocybe,False,0.6164404153823853,0.0041165000002365,ResNet18,test
data/processed/test\Suillus\071_pDklNEHcmB8.jpg,Suillus,Boletus,False,0.3428490757942199,0.0042857000080402,ResNet18,test
data/processed/test\Suillus\072_qfIXcNPk1eM.jpg,Suillus,Inocybe,False,0.2404575049877166,0.0038105999992694,ResNet18,test
data/processed/test\Suillus\076_eqA9_q6_9JU.jpg,Suillus,Russula,False,0.284730464220047,0.0038370999973267,ResNet18,test
data/processed/test\Suillus\103_jpMZm4FpWNQ.jpg,Suillus,Suillus,True,0.845656156539917,0.0067006000026594,ResNet18,test
data/processed/test\Suillus\105_ywBhq3G8x-g.jpg,Suillus,Lactarius,False,0.3705314397811889,0.0038433000008808,ResNet18,test
data/processed/test\Suillus\109_BXGWNC8c4aw.jpg,Suillus,Boletus,False,0.4793583452701568,0.0037687000003643,ResNet18,test
data/processed/test\Suillus\110_GXWZjkiIn3U.jpg,Suillus,Lactarius,False,0.4200916290283203,0.0038100999954622,ResNet18,test
data/processed/test\Suillus\123_CK6TqHiLN8s.jpg,Suillus,Russula,False,0.7272653579711914,0.0038805000076536,ResNet18,test
data/processed/test\Suillus\124_A3Rr6EGcEuc.jpg,Suillus,Suillus,True,0.5532614588737488,0.0039746999973431,ResNet18,test
data/processed/test\Suillus\135_jpc6hxtvXcY.jpg,Suillus,Amanita,False,0.3148610591888428,0.0039410000026691,ResNet18,test
data/processed/test\Suillus\140_AElK4TLjpHw.jpg,Suillus,Russula,False,0.4500326216220855,0.0039269999979296,ResNet18,test
data/processed/test\Suillus\143_4I78Lp4NctA.jpg,Suillus,Inocybe,False,0.3360958695411682,0.0039205000066431,ResNet18,test
data/processed/test\Suillus\150_jLg9QQo1nOg.jpg,Suillus,Entoloma,False,0.4517862498760223,0.0038692999951308,ResNet18,test
data/processed/test\Suillus\152_uGhPmWPTFe8.jpg,Suillus,Russula,False,0.4392484128475189,0.0039268999971682,ResNet18,test
data/processed/test\Suillus\153_iWtEXcs9CUw.jpg,Suillus,Russula,False,0.8312167525291443,0.003985699993791,ResNet18,test
data/processed/test\Suillus\159_8OhWm5aBdYo.jpg,Suillus,Russula,False,0.872054934501648,0.0039851000037742,ResNet18,test
data/processed/test\Suillus\174_G_tZXZc2BS8.jpg,Suillus,Russula,False,0.497081845998764,0.004308999996283,ResNet18,test
data/processed/test\Suillus\186_Zx-rs9g1O2M.jpg,Suillus,Hygrocybe,False,0.6546610593795776,0.0040175000031013,ResNet18,test
data/processed/test\Suillus\187_rbfGR0jzf1M.jpg,Suillus,Suillus,True,0.5829482078552246,0.0038795000000391,ResNet18,test
data/processed/test\Suillus\195_4bcpABEJmZ0.jpg,Suillus,Cortinarius,False,0.5032327771186829,0.0039088999910745,ResNet18,test
data/processed/test\Suillus\197_0xmjWv0BbOU.jpg,Suillus,Lactarius,False,0.323323518037796,0.003879700001562,ResNet18,test
data/processed/test\Suillus\209_7dBOxsmYgEg.jpg,Suillus,Suillus,True,0.4721433520317077,0.0041966999997384,ResNet18,test
data/processed/test\Suillus\217_ZAXchPHjhcE.jpg,Suillus,Lactarius,False,0.3138080239295959,0.0038993000052869,ResNet18,test
data/processed/test\Suillus\228_LjjB-u2A1pU.jpg,Suillus,Boletus,False,0.8541516661643982,0.0038870999997016,ResNet18,test
data/processed/test\Suillus\239_pLvnF05ewak.jpg,Suillus,Boletus,False,0.3757449388504028,0.0039545000036014,ResNet18,test
data/processed/test\Suillus\246_dDYtt6MpmiI.jpg,Suillus,Boletus,False,0.8319950103759766,0.0039093999948818,ResNet18,test
data/processed/test\Suillus\255_9-ELp1gnP9Q.jpg,Suillus,Lactarius,False,0.5749788284301758,0.003912100000889,ResNet18,test
data/processed/test\Suillus\286_3SyGqemn_aQ.jpg,Suillus,Russula,False,0.3973528444766998,0.0039699999906588,ResNet18,test
data/processed/test\Suillus\287_uBlS4Qgx1HQ.jpg,Suillus,Russula,False,0.311152696609497,0.0039650999970035,ResNet18,test
data/processed/test\Suillus\289_BYUT_xNeNAg.jpg,Suillus,Russula,False,0.9694555997848512,0.0039151999953901,ResNet18,test
data/processed/test\Suillus\293_zL8A0olEfaA.jpg,Suillus,Russula,False,0.5653941631317139,0.0039658999885432,ResNet18,test
data/processed/test\Suillus\294_BX6ekzpPLto.jpg,Suillus,Inocybe,False,0.4746908247470855,0.0039258999895537,ResNet18,test
data/processed/test\Suillus\302_C8yj39nTbnM.jpg,Suillus,Inocybe,False,0.2641050815582275,0.003939000001992,ResNet18,test
data/processed/test\Suillus\324_nslhbQyQ1Gk.jpg,Suillus,Boletus,False,0.8352071046829224,0.0039345999975921,ResNet18,test
data/processed/test\Agaricus\003_4AurAO4Jil8.jpg,Agaricus,Amanita,False,0.5288670063018799,0.0380550000008952,MobileNetV2,test
data/processed/test\Agaricus\014_DU4RE5bim5A.jpg,Agaricus,Lactarius,False,0.3687841892242431,0.0069682000012107,MobileNetV2,test
data/processed/test\Agaricus\016_qNYODERZEms.jpg,Agaricus,Agaricus,True,0.4229370653629303,0.007987699998921,MobileNetV2,test
data/processed/test\Agaricus\019_aaTsKm7exKE.jpg,Agaricus,Boletus,False,0.4283826947212219,0.0082581999995454,MobileNetV2,test
data/processed/test\Agaricus\020_vZJfrjIwmqU.jpg,Agaricus,Lactarius,False,0.2065521478652954,0.0082310999987385,MobileNetV2,test
data/processed/test\Agaricus\029_ZksYQQBGVIg.jpg,Agaricus,Amanita,False,0.5060564279556274,0.0077256999993551,MobileNetV2,test
data/processed/test\Agaricus\048_iC9glWRw_EM.jpg,Agaricus,Amanita,False,0.4810704290866852,0.007656699999643,MobileNetV2,test
data/processed/test\Agaricus\052_z7PpmpKIPU4.jpg,Agaricus,Amanita,False,0.6354552507400513,0.0073255000006611,MobileNetV2,test
data/processed/test\Agaricus\055_Cggc3hvlPfg.jpg,Agaricus,Agaricus,True,0.4427644908428192,0.007695500000409,MobileNetV2,test
data/processed/test\Agaricus\057_n1EFvW3JrYo.jpg,Agaricus,Exidia,False,0.2906316518783569,0.0078972000010253,MobileNetV2,test
data/processed/test\Agaricus\063_Fa4IMCTXq04.jpg,Agaricus,Boletus,False,0.3369985818862915,0.0075921999996353,MobileNetV2,test
data/processed/test\Agaricus\069_W-jISbXJon8.jpg,Agaricus,Russula,False,0.3694852888584137,0.0078658000002178,MobileNetV2,test
data/processed/test\Agaricus\075_osC0agHm9UY.jpg,Agaricus,Russula,False,0.5288371443748474,0.008052499999394,MobileNetV2,test
data/processed/test\Agaricus\083_mx9HfmWGwWo.jpg,Agaricus,Cortinarius,False,0.3609697818756103,0.0074530000001686,MobileNetV2,test
data/processed/test\Agaricus\091_3BEGnmvAiRw.jpg,Agaricus,Exidia,False,0.3844150304794311,0.0070220000015979,MobileNetV2,test
data/processed/test\Agaricus\093_Bz-kiIMN6EA.jpg,Agaricus,Lactarius,False,0.2981460988521576,0.0071860999996715,MobileNetV2,test
data/processed/test\Agaricus\115_Jd1nw0g-Z5c.jpg,Agaricus,Lactarius,False,0.7005065083503723,0.0069261000007827,MobileNetV2,test
data/processed/test\Agaricus\127_5z4-vDJFDS8.jpg,Agaricus,Amanita,False,0.7263273000717163,0.0068718999991688,MobileNetV2,test
data/processed/test\Agaricus\128_iITC2t8k-ao.jpg,Agaricus,Boletus,False,0.8959759473800659,0.006896200000483,MobileNetV2,test
data/processed/test\Agaricus\129_E1FD01dZMiw.jpg,Agaricus,Boletus,False,0.4074355363845825,0.0070102999998198,MobileNetV2,test
data/processed/test\Agaricus\131_YrsaHYXAieo.jpg,Agaricus,Agaricus,True,0.7562968730926514,0.0070395000002463,MobileNetV2,test
data/processed/test\Agaricus\141_099PmS-9Xww.jpg,Agaricus,Boletus,False,0.2668094336986542,0.0067051999994873,MobileNetV2,test
data/processed/test\Agaricus\147_eDN4yYIkeAs.jpg,Agaricus,Agaricus,True,0.6102994680404663,0.0082048999993276,MobileNetV2,test
data/processed/test\Agaricus\162_19HDdc3YjRs.jpg,Agaricus,Russula,False,0.8706483244895935,0.0071169000002555,MobileNetV2,test
data/processed/test\Agaricus\169_qqgFJZ8Zt4g.jpg,Agaricus,Cortinarius,False,0.2904118001461029,0.0093261000001803,MobileNetV2,test
data/processed/test\Agaricus\171_wN-s2yo8YTs.jpg,Agaricus,Amanita,False,0.8241739273071289,0.0069284000001061,MobileNetV2,test
data/processed/test\Agaricus\179_jfF8TJ9ZlvU.jpg,Agaricus,Lactarius,False,0.3260875344276428,0.0068948000007367,MobileNetV2,test
data/processed/test\Agaricus\206_W3JvSvV8oF8.jpg,Agaricus,Boletus,False,0.5589615106582642,0.0071504000006825,MobileNetV2,test
data/processed/test\Agaricus\211_2k-2vImOD5g.jpg,Agaricus,Amanita,False,0.5085092782974243,0.0070293999997375,MobileNetV2,test
data/processed/test\Agaricus\213_o8ynZBRKBSE.jpg,Agaricus,Hygrocybe,False,0.729016900062561,0.0069077000007382,MobileNetV2,test
data/processed/test\Agaricus\226_0du5e8k_cCA.jpg,Agaricus,Cortinarius,False,0.4461482167243957,0.00691580000057,MobileNetV2,test
data/processed/test\Agaricus\228_2SjHadDRW6o.jpg,Agaricus,Amanita,False,0.8609957695007324,0.0074357000012241,MobileNetV2,test
data/processed/test\Agaricus\237_y2JGdND-zxI.jpg,Agaricus,Boletus,False,0.7780227065086365,0.0075617000002239,MobileNetV2,test
data/processed/test\Agaricus\238_I1p90MwfEEw.jpg,Agaricus,Boletus,False,0.5730077028274536,0.0074733000001288,MobileNetV2,test
data/processed/test\Agaricus\270_Js1q2S-fR_Y.jpg,Agaricus,Russula,False,0.3171752691268921,0.0082726999989972,MobileNetV2,test
data/processed/test\Agaricus\272_r-A9DMTwWoM.jpg,Agaricus,Amanita,False,0.4310368299484253,0.0081583000010141,MobileNetV2,test
data/processed/test\Agaricus\294_kPCOGW3Y_Ak.jpg,Agaricus,Amanita,False,0.2984035909175873,0.0080668999999033,MobileNetV2,test
data/processed/test\Agaricus\300_VSw-oPLasfg.jpg,Agaricus,Russula,False,0.7206839323043823,0.0082330999994155,MobileNetV2,test
data/processed/test\Agaricus\323_5Es9oQ3LeGk.jpg,Agaricus,Amanita,False,0.722603976726532,0.0085714999986521,MobileNetV2,test
data/processed/test\Agaricus\349_Euf9XZEVTMc.jpg,Agaricus,Amanita,False,0.4118215143680572,0.0084469000012177,MobileNetV2,test
data/processed/test\Agaricus\354_VP-DWvLyI3w.jpg,Agaricus,Amanita,False,0.2635360062122345,0.011528900000485,MobileNetV2,test
data/processed/test\Agaricus\357__w_XUQZMZEw.jpg,Agaricus,Russula,False,0.3641858100891113,0.0085073999998712,MobileNetV2,test
data/processed/test\Agaricus\366_XEI1sAQds7w.jpg,Agaricus,Cortinarius,False,0.5600842237472534,0.0072790999984135,MobileNetV2,test
data/processed/test\Agaricus\374_Xap1L15Z8BM.jpg,Agaricus,Lactarius,False,0.4139396548271179,0.008319600001414,MobileNetV2,test
data/processed/test\Agaricus\384_T_p5cKpLpsc.jpg,Agaricus,Amanita,False,0.565445601940155,0.0103168000005098,MobileNetV2,test
data/processed/test\Agaricus\385_iwfhPs4irjk.jpg,Agaricus,Boletus,False,0.6385308504104614,0.0073111999990942,MobileNetV2,test
data/processed/test\Agaricus\391_N7A0y7CgOA0.jpg,Agaricus,Russula,False,0.1796394884586334,0.008267799999885,MobileNetV2,test
data/processed/test\Agaricus\392_QXsLZMnBIt0.jpg,Agaricus,Agaricus,True,0.5738447308540344,0.0103792000008979,MobileNetV2,test
data/processed/test\Agaricus\411_egeAEeL40Lc.jpg,Agaricus,Amanita,False,0.3328644037246704,0.0086709000006521,MobileNetV2,test
data/processed/test\Agaricus\413_4LTr0R0Dk8o.jpg,Agaricus,Russula,False,0.2932282388210296,0.0079712999995535,MobileNetV2,test
data/processed/test\Agaricus\430_IpjdsyrmIzc.jpg,Agaricus,Russula,False,0.5998364090919495,0.0077498999999079,MobileNetV2,test
data/processed/test\Agaricus\433_XWxLl-zeNQ8.jpg,Agaricus,Amanita,False,0.2697523236274719,0.0071552999997948,MobileNetV2,test
data/processed/test\Agaricus\438_uTWjQsEXep4.jpg,Agaricus,Boletus,False,0.4654139578342438,0.0077909999999974,MobileNetV2,test
data/processed/test\Agaricus\439_w5uD0w5wrXs.jpg,Agaricus,Amanita,False,0.87740558385849,0.0078833000006852,MobileNetV2,test
data/processed/test\Amanita\004_wIVV5id0aOg.jpg,Amanita,Amanita,True,0.3457054197788238,0.007858799999667,MobileNetV2,test
data/processed/test\Amanita\010_Ji4N7IDyRKY.jpg,Amanita,Boletus,False,0.6221618056297302,0.0075200999999651,MobileNetV2,test
data/processed/test\Amanita\011_DoZoYI2vj20.jpg,Amanita,Amanita,True,0.6848461627960205,0.0079917999992176,MobileNetV2,test
data/processed/test\Amanita\026_8kxG9731_4w.jpg,Amanita,Amanita,True,0.5223910808563232,0.0075299000000086,MobileNetV2,test
data/processed/test\Amanita\027_i47VTXypFTE.jpg,Amanita,Cortinarius,False,0.6383657455444336,0.0078353000008064,MobileNetV2,test
data/processed/test\Amanita\038_VKaJLTO8zZU.jpg,Amanita,Hygrocybe,False,0.4516102373600006,0.0075472999997145,MobileNetV2,test
data/processed/test\Amanita\041_6n9nhA4C6K8.jpg,Amanita,Boletus,False,0.7370460033416748,0.008288300001368,MobileNetV2,test
data/processed/test\Amanita\042_aqfiTPuiGHo.jpg,Amanita,Hygrocybe,False,0.6073557138442993,0.0083030000005237,MobileNetV2,test
data/processed/test\Amanita\044_BvKKMmJ6Nfo.jpg,Amanita,Hygrocybe,False,0.7517313361167908,0.0072039999995467,MobileNetV2,test
data/processed/test\Amanita\048_3CAOSWVxhe0.jpg,Amanita,Amanita,True,0.7337598204612732,0.0071901000010257,MobileNetV2,test
data/processed/test\Amanita\055_riJalDjBcnI.jpg,Amanita,Boletus,False,0.3560981452465057,0.0075467999995453,MobileNetV2,test
data/processed/test\Amanita\075_3gL0KWhOrbs.jpg,Amanita,Amanita,True,0.4697831571102142,0.0101108999988355,MobileNetV2,test
data/processed/test\Amanita\081_C-pQjIw3h7M.jpg,Amanita,Amanita,True,0.6595441699028015,0.0083929000011266,MobileNetV2,test
data/processed/test\Amanita\083_GAJUFRatKvg.jpg,Amanita,Amanita,True,0.929429292678833,0.008115300001009,MobileNetV2,test
data/processed/test\Amanita\101_m1QUT_IvswY.jpg,Amanita,Boletus,False,0.4035072028636932,0.0078635999998368,MobileNetV2,test
data/processed/test\Amanita\109_mApfQHzHo0k.jpg,Amanita,Inocybe,False,0.3383352756500244,0.0071974999991653,MobileNetV2,test
data/processed/test\Amanita\112_v5maqRj9Z_w.jpg,Amanita,Amanita,True,0.5195703506469727,0.0072027999995043,MobileNetV2,test
data/processed/test\Amanita\113_Ssk7arItOnk.jpg,Amanita,Amanita,True,0.4177286624908447,0.007633999999598,MobileNetV2,test
data/processed/test\Amanita\116_V-662GMGI6U.jpg,Amanita,Cortinarius,False,0.7452694773674011,0.0081661000003805,MobileNetV2,test
data/processed/test\Amanita\117_2i4Ly-hB5rY.jpg,Amanita,Amanita,True,0.7187400460243225,0.0069743000003654,MobileNetV2,test
data/processed/test\Amanita\121_0mE3kiyOk4k.jpg,Amanita,Amanita,True,0.6844167113304138,0.0072522000009485,MobileNetV2,test
data/processed/test\Amanita\125_jnNJwiuIHj0.jpg,Amanita,Amanita,True,0.6432158946990967,0.0084112000004097,MobileNetV2,test
data/processed/test\Amanita\138_kCA0Zae2KX0.jpg,Amanita,Amanita,True,0.8051640391349792,0.0101703999989695,MobileNetV2,test
data/processed/test\Amanita\141_zaaLqAyIHuQ.jpg,Amanita,Amanita,True,0.5990470051765442,0.0077780999999959,MobileNetV2,test
data/processed/test\Amanita\143_ZpRWUcr7GhA.jpg,Amanita,Boletus,False,0.9965003728866576,0.008451599998807,MobileNetV2,test
data/processed/test\Amanita\145_2JCprUI2Ugw.jpg,Amanita,Amanita,True,0.5564751625061035,0.008447399999568,MobileNetV2,test
data/processed/test\Amanita\159_majDHo2IG8U.jpg,Amanita,Lactarius,False,0.3993627727031708,0.0083926000006613,MobileNetV2,test
data/processed/test\Amanita\160_2Xs6Ueh19D4.jpg,Amanita,Russula,False,0.548571765422821,0.0086196000011113,MobileNetV2,test
data/processed/test\Amanita\166_wCNIOK2FS_U.jpg,Amanita,Inocybe,False,0.3741475939750671,0.0085615999996662,MobileNetV2,test
data/processed/test\Amanita\167_oTHBDUWfBxA.jpg,Amanita,Lactarius,False,0.3413542211055755,0.0109248999997362,MobileNetV2,test
data/processed/test\Amanita\169_ODaDqR_tlG0.jpg,Amanita,Amanita,True,0.6359619498252869,0.0094284999995579,MobileNetV2,test
data/processed/test\Amanita\171_6GMgYtjBa8k.jpg,Amanita,Russula,False,0.4350748062133789,0.0086486000000149,MobileNetV2,test
data/processed/test\Amanita\173_jqvVZF8AWxg.jpg,Amanita,Amanita,True,0.9057032465934752,0.0087997000009636,MobileNetV2,test
data/processed/test\Amanita\175_wCfYH50cXu8.jpg,Amanita,Amanita,True,0.8350799083709717,0.0103464000003441,MobileNetV2,test
data/processed/test\Amanita\192_uQQGhgvOkTI.jpg,Amanita,Amanita,True,0.878740131855011,0.0093853999987914,MobileNetV2,test
data/processed/test\Amanita\194__2kBAgeqxZc.jpg,Amanita,Amanita,True,0.8298877477645874,0.0083329999997658,MobileNetV2,test
data/processed/test\Amanita\208_EvpNOUGmeVI.jpg,Amanita,Amanita,True,0.867280900478363,0.0090985999995609,MobileNetV2,test
data/processed/test\Amanita\215_XXWsMnFz1MI.jpg,Amanita,Amanita,True,0.6931524276733398,0.0120101000011345,MobileNetV2,test
data/processed/test\Amanita\219_d2on0Kw19Ds.jpg,Amanita,Amanita,True,0.7352514266967773,0.0073876000005839,MobileNetV2,test
data/processed/test\Amanita\226_zzTeEGVX8nY.jpg,Amanita,Agaricus,False,0.2806682586669922,0.0090485000000626,MobileNetV2,test
data/processed/test\Amanita\229_AAkARuMGR0c.jpg,Amanita,Cortinarius,False,0.7466328740119934,0.008497000000716,MobileNetV2,test
data/processed/test\Amanita\238_7M5xzSG_g_A.jpg,Amanita,Amanita,True,0.8294792771339417,0.0082827000005636,MobileNetV2,test
data/processed/test\Amanita\239_m__Mvvi_6yk.jpg,Amanita,Amanita,True,0.6216513514518738,0.0089298999992024,MobileNetV2,test
data/processed/test\Amanita\245_hJy0oklu5jA.jpg,Amanita,Boletus,False,0.8282928466796875,0.0091483999985939,MobileNetV2,test
data/processed/test\Amanita\254_Lyi3XcTltRs.jpg,Amanita,Inocybe,False,0.2557874619960785,0.0088846999988163,MobileNetV2,test
data/processed/test\Amanita\262_lkxMPar_qU4.jpg,Amanita,Amanita,True,0.2185211181640625,0.007738899999822,MobileNetV2,test
data/processed/test\Amanita\266_1lFPzGUJdrw.jpg,Amanita,Cortinarius,False,0.4117203950881958,0.0079687999987072,MobileNetV2,test
data/processed/test\Amanita\267_Jv9rb_uZxxM.jpg,Amanita,Amanita,True,0.9164786338806152,0.007671899998968,MobileNetV2,test
data/processed/test\Amanita\269_y7diE9hqyqg.jpg,Amanita,Amanita,True,0.2228457927703857,0.0087905000000318,MobileNetV2,test
data/processed/test\Amanita\280_kmvGIrteUEU.jpg,Amanita,Amanita,True,0.8036159873008728,0.0073869999996531,MobileNetV2,test
data/processed/test\Amanita\283_A61Fv-WuOIQ.jpg,Amanita,Boletus,False,0.842041552066803,0.0087805000002845,MobileNetV2,test
data/processed/test\Amanita\284_hjYnEPCzZWs.jpg,Amanita,Amanita,True,0.8083696365356445,0.0081141000009665,MobileNetV2,test
data/processed/test\Amanita\286_akbOrg8qrWc.jpg,Amanita,Amanita,True,0.9126019477844238,0.0086194999985309,MobileNetV2,test
data/processed/test\Amanita\291_8IJ4_ANpJLg.jpg,Amanita,Hygrocybe,False,0.392073392868042,0.0093252000006032,MobileNetV2,test
data/processed/test\Amanita\296_sKFU2MHCmQI.jpg,Amanita,Amanita,True,0.4848497807979584,0.0081905999995797,MobileNetV2,test
data/processed/test\Amanita\301_arWVKBAl1xg.jpg,Amanita,Cortinarius,False,0.6610074043273926,0.0085421999992831,MobileNetV2,test
data/processed/test\Amanita\304_fF9sgw_cuPo.jpg,Amanita,Boletus,False,0.5779617428779602,0.0079919999989215,MobileNetV2,test
data/processed/test\Amanita\319_VSiBPtwZDwM.jpg,Amanita,Amanita,True,0.3365741968154907,0.0087920000005397,MobileNetV2,test
data/processed/test\Amanita\323_sgZnWNFTFFc.jpg,Amanita,Boletus,False,0.3881990909576416,0.0083198000011179,MobileNetV2,test
data/processed/test\Amanita\326_q3-8lXVmcVM.jpg,Amanita,Amanita,True,0.9261479377746582,0.0087120999996841,MobileNetV2,test
data/processed/test\Amanita\329_jpdnrnOYvm8.jpg,Amanita,Amanita,True,0.7158026695251465,0.0082591000009415,MobileNetV2,test
data/processed/test\Amanita\354_HFiOZg6IOL8.jpg,Amanita,Russula,False,0.4622025787830353,0.0077832999995735,MobileNetV2,test
data/processed/test\Amanita\355_e0Y8jDjEmzs.jpg,Amanita,Amanita,True,0.3959424495697021,0.0084569000009651,MobileNetV2,test
data/processed/test\Amanita\366_zzsJUWaNdxg.jpg,Amanita,Amanita,True,0.6644358038902283,0.0079989000005298,MobileNetV2,test
data/processed/test\Amanita\372_5SYWecQTaKc.jpg,Amanita,Boletus,False,0.2653222978115082,0.0077796999994461,MobileNetV2,test
data/processed/test\Amanita\373_YmenYH0HVC0.jpg,Amanita,Lactarius,False,0.2762927711009979,0.0074447999995754,MobileNetV2,test
data/processed/test\Amanita\377_qiZKoEIbfFk.jpg,Amanita,Lactarius,False,0.6398491859436035,0.0080835999997361,MobileNetV2,test
data/processed/test\Amanita\381_t_eyYyXYB1k.jpg,Amanita,Russula,False,0.3695922791957855,0.0075159999996685,MobileNetV2,test
data/processed/test\Amanita\389_1fQDmvX1jb8.jpg,Amanita,Amanita,True,0.8708243370056152,0.0072158999992097,MobileNetV2,test
data/processed/test\Amanita\395_tL3vBGNvjeI.jpg,Amanita,Amanita,True,0.5703817009925842,0.0079646000012871,MobileNetV2,test
data/processed/test\Amanita\408_Jn439YAL3hs.jpg,Amanita,Amanita,True,0.8294152617454529,0.0074705999995785,MobileNetV2,test
data/processed/test\Amanita\433_mzRZXazhvVU.jpg,Amanita,Amanita,True,0.3107394874095917,0.0073867999999492,MobileNetV2,test
data/processed/test\Amanita\438_gh-zSGziyQ4.jpg,Amanita,Exidia,False,0.5657780766487122,0.0080735999999888,MobileNetV2,test
data/processed/test\Amanita\439_fP_ozmLLhb8.jpg,Amanita,Amanita,True,0.3191904425621032,0.0074256999996578,MobileNetV2,test
data/processed/test\Amanita\451_V0quFnk9NFA.jpg,Amanita,Amanita,True,0.8004568219184875,0.0079820000009931,MobileNetV2,test
data/processed/test\Amanita\455_noEYaXjdZno.jpg,Amanita,Cortinarius,False,0.8173208832740784,0.0074051999999937,MobileNetV2,test
data/processed/test\Amanita\458_5BlPufQsqww.jpg,Amanita,Cortinarius,False,0.4981570541858673,0.0071357999986503,MobileNetV2,test
data/processed/test\Amanita\466_wUxyOxsT5Xc.jpg,Amanita,Exidia,False,0.5307929515838623,0.0068783000006078,MobileNetV2,test
data/processed/test\Amanita\470_Qn8LOp2zdbk.jpg,Amanita,Russula,False,0.4130946397781372,0.0089122000008501,MobileNetV2,test
data/processed/test\Amanita\488_c9nCQvJtUrI.jpg,Amanita,Lactarius,False,0.5412400960922241,0.0084164999989297,MobileNetV2,test
data/processed/test\Amanita\490_GiCnvGBmknM.jpg,Amanita,Cortinarius,False,0.5240185856819153,0.0078432000009343,MobileNetV2,test
data/processed/test\Amanita\500_goYWhHd_SfA.jpg,Amanita,Lactarius,False,0.3344372510910034,0.0078303000009327,MobileNetV2,test
data/processed/test\Amanita\520_7tXL64TQTpg.jpg,Amanita,Russula,False,0.530243456363678,0.0080770000004122,MobileNetV2,test
data/processed/test\Amanita\537_5FMMhBffQ9Y.jpg,Amanita,Amanita,True,0.1998117864131927,0.0071564000008947,MobileNetV2,test
data/processed/test\Amanita\538_EwaPkcP6eTM.jpg,Amanita,Agaricus,False,0.3477865159511566,0.0072206999993795,MobileNetV2,test
data/processed/test\Amanita\561_E5bsDlNUJ-Y.jpg,Amanita,Cortinarius,False,0.6619892716407776,0.0070634999992762,MobileNetV2,test
data/processed/test\Amanita\571_l1hoa0Kgm0U.jpg,Amanita,Lactarius,False,0.3699351847171783,0.0072540000001026,MobileNetV2,test
data/processed/test\Amanita\577_XqZEGat0kl8.jpg,Amanita,Lactarius,False,0.4539044499397278,0.0071944000010262,MobileNetV2,test
data/processed/test\Amanita\579_PS9igVuOoHE.jpg,Amanita,Lactarius,False,0.3553632497787475,0.0072237999993376,MobileNetV2,test
data/processed/test\Amanita\586_kLoafsSiyT8.jpg,Amanita,Amanita,True,0.6074724793434143,0.0069531999997707,MobileNetV2,test
data/processed/test\Amanita\587_4e3oJGC88kg.jpg,Amanita,Amanita,True,0.8034378886222839,0.0068083000005572,MobileNetV2,test
data/processed/test\Amanita\588_bh0TgHuuQ-g.jpg,Amanita,Russula,False,0.8706346750259399,0.0069347999997262,MobileNetV2,test
data/processed/test\Amanita\589_AnaL5Wx-reY.jpg,Amanita,Russula,False,0.6341909766197205,0.0081262999992759,MobileNetV2,test
data/processed/test\Amanita\596_TzXaLH4_GW0.jpg,Amanita,Amanita,True,0.3402508199214935,0.0072216999997181,MobileNetV2,test
data/processed/test\Amanita\597_t_LN8-XruiI.jpg,Amanita,Amanita,True,0.6375484466552734,0.007282499998837,MobileNetV2,test
data/processed/test\Amanita\600_jgKLD8sC_v4.jpg,Amanita,Amanita,True,0.5611323714256287,0.0077036999991833,MobileNetV2,test
data/processed/test\Amanita\620_JDQSDCTyXyg.jpg,Amanita,Amanita,True,0.9832058548927308,0.0071020000013959,MobileNetV2,test
data/processed/test\Amanita\646_zBDcRvL_RyM.jpg,Amanita,Cortinarius,False,0.3632004261016845,0.0075434999998833,MobileNetV2,test
data/processed/test\Amanita\654_vhjqe9X5eec.jpg,Amanita,Amanita,True,0.3916442096233368,0.0069399000003613,MobileNetV2,test
data/processed/test\Amanita\664_AXOuF6j3tyo.jpg,Amanita,Amanita,True,0.2048745900392532,0.0069483999996009,MobileNetV2,test
data/processed/test\Amanita\665_PrGfCOsVu8Y.jpg,Amanita,Exidia,False,0.3849901854991913,0.0073181000007025,MobileNetV2,test
data/processed/test\Amanita\679_cIMzCCYdG38.jpg,Amanita,Amanita,True,0.2659435570240021,0.0077177000002848,MobileNetV2,test
data/processed/test\Amanita\682_B3EZBbmcFBE.jpg,Amanita,Russula,False,0.662481427192688,0.007577599999422,MobileNetV2,test
data/processed/test\Amanita\702_sR0HQkA_gkA.jpg,Amanita,Amanita,True,0.4860277771949768,0.0070133000008354,MobileNetV2,test
data/processed/test\Amanita\713_znBkCzCEi-g.jpg,Amanita,Russula,False,0.4629950821399688,0.007182899998952,MobileNetV2,test
data/processed/test\Amanita\717_vlDmzuYG5og.jpg,Amanita,Inocybe,False,0.4631794095039367,0.0071681999997963,MobileNetV2,test
data/processed/test\Amanita\739_t_b-1IKUbgE.jpg,Amanita,Amanita,True,0.6040975451469421,0.0072831999987101,MobileNetV2,test
data/processed/test\Amanita\742_j3CNLlK7ISo.jpg,Amanita,Amanita,True,0.8461370468139648,0.0071583999997528,MobileNetV2,test
data/processed/test\Amanita\746_Dh_6IpygI6I.jpg,Amanita,Amanita,True,0.6472927927970886,0.007094100001268,MobileNetV2,test
data/processed/test\Amanita\754_rDpMYIR-sFE.jpg,Amanita,Cortinarius,False,0.4346638917922973,0.0071455999986937,MobileNetV2,test
data/processed/test\Amanita\756_w-xhasvBIT0.jpg,Amanita,Amanita,True,0.6121450066566467,0.0071090000001277,MobileNetV2,test
data/processed/test\Amanita\773_3H-0yRwiu6Y.jpg,Amanita,Lactarius,False,0.4669237434864044,0.0071627999986958,MobileNetV2,test
data/processed/test\Amanita\787_V5x9WHxsoqE.jpg,Amanita,Lactarius,False,0.238746240735054,0.0073680999994394,MobileNetV2,test
data/processed/test\Boletus\0009_2hEUS66s6Gw.jpg,Boletus,Boletus,True,0.9062161445617676,0.0072980000004463,MobileNetV2,test
data/processed/test\Boletus\0010_7M6YHrGZ3aM.jpg,Boletus,Cortinarius,False,0.3244636058807373,0.0072607999991305,MobileNetV2,test
data/processed/test\Boletus\0023_JAAEdifq1MY.jpg,Boletus,Boletus,True,0.9582411646842957,0.0073084000014205,MobileNetV2,test
data/processed/test\Boletus\0032_Sl_iMoAAJyU.jpg,Boletus,Boletus,True,0.9785903692245485,0.0071630000002187,MobileNetV2,test
data/processed/test\Boletus\0048_wGU2ETPlfqY.jpg,Boletus,Boletus,True,0.9837971329689026,0.007115899999917,MobileNetV2,test
data/processed/test\Boletus\0051_rBIC-Uy9KzI.jpg,Boletus,Russula,False,0.3527150452136993,0.0070713000004616,MobileNetV2,test
data/processed/test\Boletus\0058_djB8UbX-XaU.jpg,Boletus,Boletus,True,0.9841068983078004,0.0080964999997377,MobileNetV2,test
data/processed/test\Boletus\0060_ph1tt9Qik4Q.jpg,Boletus,Boletus,True,0.9914608001708984,0.0075735999998869,MobileNetV2,test
data/processed/test\Boletus\0074_-d_w6u6G7wA.jpg,Boletus,Boletus,True,0.7521976232528687,0.0074554000002535,MobileNetV2,test
data/processed/test\Boletus\0076_yMZR41Idcn0.jpg,Boletus,Boletus,True,0.7510039210319519,0.0071932000009837,MobileNetV2,test
data/processed/test\Boletus\0081_Jy-UUrFwLMA.jpg,Boletus,Boletus,True,0.8348388075828552,0.0074437000002944,MobileNetV2,test
data/processed/test\Boletus\0090_PCyZBE7zH28.jpg,Boletus,Boletus,True,0.5553513765335083,0.0070976999995764,MobileNetV2,test
data/processed/test\Boletus\0100_Um24DDdxtxY.jpg,Boletus,Boletus,True,0.9948857426643372,0.0071268000010604,MobileNetV2,test
data/processed/test\Boletus\0110_A_F3PAXmwBw.jpg,Boletus,Boletus,True,0.980995237827301,0.00722720000158,MobileNetV2,test
data/processed/test\Boletus\0142_osp5FSuBFx4.jpg,Boletus,Boletus,True,0.9875413775444032,0.007207800001197,MobileNetV2,test
data/processed/test\Boletus\0148_GWuEw2WeFCY.jpg,Boletus,Boletus,True,0.9988975524902344,0.008131399999911,MobileNetV2,test
data/processed/test\Boletus\0151_8qA6XqDaO10.jpg,Boletus,Boletus,True,0.6647794842720032,0.0088975000016944,MobileNetV2,test
data/processed/test\Boletus\0155_cfBPq0uvW7U.jpg,Boletus,Boletus,True,0.8212364315986633,0.007343999999648,MobileNetV2,test
data/processed/test\Boletus\0163_288vPbTy0u0.jpg,Boletus,Boletus,True,0.529015839099884,0.0073260999997728,MobileNetV2,test
data/processed/test\Boletus\0166_JjEOuNKkeSM.jpg,Boletus,Boletus,True,0.9752038717269896,0.0071311000010609,MobileNetV2,test
data/processed/test\Boletus\0176_J7Pq7LRCag0.jpg,Boletus,Amanita,False,0.4399207234382629,0.0072663000009924,MobileNetV2,test
data/processed/test\Boletus\0181_WPxAHfkr5nY.jpg,Boletus,Boletus,True,0.9470716714859008,0.008193099998607,MobileNetV2,test
data/processed/test\Boletus\0186_8hd4Jt8Z_XU.jpg,Boletus,Boletus,True,0.8769249320030212,0.0070354999988921,MobileNetV2,test
data/processed/test\Boletus\0187__pRX2ASfyHE.jpg,Boletus,Boletus,True,0.99843829870224,0.0069631000005756,MobileNetV2,test
data/processed/test\Boletus\0196_uqGMdVItBRg.jpg,Boletus,Boletus,True,0.999462068080902,0.0076566000007005,MobileNetV2,test
data/processed/test\Boletus\0203_9fok2txolHA.jpg,Boletus,Boletus,True,0.9963510036468506,0.0093888000010338,MobileNetV2,test
data/processed/test\Boletus\0205_qoM5hQot18c.jpg,Boletus,Boletus,True,0.8816574215888977,0.0071152000000438,MobileNetV2,test
data/processed/test\Boletus\0206_TyUG66hONcc.jpg,Boletus,Boletus,True,0.895587682723999,0.0072522999998909,MobileNetV2,test
data/processed/test\Boletus\0207_oXbD8i2vkVg.jpg,Boletus,Boletus,True,0.9354270100593568,0.0072378000004391,MobileNetV2,test
data/processed/test\Boletus\0227_j49x_C5p-CU.jpg,Boletus,Boletus,True,0.9746554493904114,0.0070788000011816,MobileNetV2,test
data/processed/test\Boletus\0238_qz-FM7SB6M0.jpg,Boletus,Boletus,True,0.9999158382415771,0.0072091000001819,MobileNetV2,test
data/processed/test\Boletus\0240_VJBB4bFGy00.jpg,Boletus,Boletus,True,0.9998505115509032,0.0071344999996654,MobileNetV2,test
data/processed/test\Boletus\0245_M167aLbLgs8.jpg,Boletus,Boletus,True,0.9934657216072084,0.0075227999986964,MobileNetV2,test
data/processed/test\Boletus\0249_50wVqwSNvhw.jpg,Boletus,Boletus,True,0.9909351468086244,0.0083420999999361,MobileNetV2,test
data/processed/test\Boletus\0253_g1jTDCR3Zu4.jpg,Boletus,Boletus,True,0.9781926870346068,0.0088524999991932,MobileNetV2,test
data/processed/test\Boletus\0259_RjpNYKf3Zag.jpg,Boletus,Cortinarius,False,0.6808955073356628,0.007889200000136,MobileNetV2,test
data/processed/test\Boletus\0261_Dag-SrdgNL4.jpg,Boletus,Boletus,True,0.999812662601471,0.0081611999994493,MobileNetV2,test
data/processed/test\Boletus\0263_nUgkvTMYYa4.jpg,Boletus,Boletus,True,0.9985393285751344,0.0088130000003729,MobileNetV2,test
data/processed/test\Boletus\0264_47xi69ImS58.jpg,Boletus,Boletus,True,0.9991790652275084,0.0078027999988989,MobileNetV2,test
data/processed/test\Boletus\0285_5r1D03ayo_A.jpg,Boletus,Boletus,True,0.9627615809440612,0.009735499999806,MobileNetV2,test
data/processed/test\Boletus\0297_Q4fwdJ_9PxA.jpg,Boletus,Boletus,True,0.9988941550254822,0.0086847999991732,MobileNetV2,test
data/processed/test\Boletus\0298_01Q7PUhybdQ.jpg,Boletus,Boletus,True,0.9777951240539552,0.0069748000005347,MobileNetV2,test
data/processed/test\Boletus\0299_Ue9AxhqQqyc.jpg,Boletus,Boletus,True,0.9998352527618408,0.0071554999994987,MobileNetV2,test
data/processed/test\Boletus\0304_7bLIdSVgaIM.jpg,Boletus,Boletus,True,0.998615264892578,0.007494499999666,MobileNetV2,test
data/processed/test\Boletus\0306_64D0ZnNktPM.jpg,Boletus,Boletus,True,0.9843031167984008,0.0070636999989801,MobileNetV2,test
data/processed/test\Boletus\0310__tra6Lo5W9Q.jpg,Boletus,Boletus,True,0.6029458045959473,0.0070138000010047,MobileNetV2,test
data/processed/test\Boletus\0313_UMgAL-_294g.jpg,Boletus,Boletus,True,0.997186005115509,0.0069829999993089,MobileNetV2,test
data/processed/test\Boletus\0315_TZK9JOYNO7Q.jpg,Boletus,Boletus,True,0.9992440938949584,0.0081472999991092,MobileNetV2,test
data/processed/test\Boletus\0320_Fj4PirBfkK0.jpg,Boletus,Boletus,True,0.3887860774993896,0.0080518000013398,MobileNetV2,test
data/processed/test\Boletus\0336__FEoILXRJaU.jpg,Boletus,Cortinarius,False,0.8502117395401001,0.0075941000013699,MobileNetV2,test
data/processed/test\Boletus\0344_3nzDfs3jlQQ.jpg,Boletus,Boletus,True,0.9983378648757936,0.0078734999988228,MobileNetV2,test
data/processed/test\Boletus\0358_MmNt3oIzcU8.jpg,Boletus,Boletus,True,0.8945462107658386,0.0077879000000393,MobileNetV2,test
data/processed/test\Boletus\0365_w3QgqqeP-C8.jpg,Boletus,Boletus,True,0.9942038655281068,0.0077008000007481,MobileNetV2,test
data/processed/test\Boletus\0372_EVEx-OOzR1U.jpg,Boletus,Boletus,True,0.9992578625679016,0.0071817000007285,MobileNetV2,test
data/processed/test\Boletus\0388_M54uL5T9TkM.jpg,Boletus,Boletus,True,0.9952093958854676,0.0080294999988836,MobileNetV2,test
data/processed/test\Boletus\0391_s9Ag92abtK8.jpg,Boletus,Boletus,True,0.9965206384658812,0.0072101000005204,MobileNetV2,test
data/processed/test\Boletus\0395_jZFg843mP4g.jpg,Boletus,Boletus,True,0.991272747516632,0.0073783000007097,MobileNetV2,test
data/processed/test\Boletus\0396_SY7PYfYNq88.jpg,Boletus,Boletus,True,0.999708354473114,0.0085137000005488,MobileNetV2,test
data/processed/test\Boletus\0398_5b-zJ94MXQk.jpg,Boletus,Boletus,True,0.744041383266449,0.0083555000001069,MobileNetV2,test
data/processed/test\Boletus\0410_jhaHnXdb-IM.jpg,Boletus,Boletus,True,0.9930347204208374,0.0082280999995418,MobileNetV2,test
data/processed/test\Boletus\0426_LWjQTfRMiXo.jpg,Boletus,Boletus,True,0.7560864686965942,0.0074766999987332,MobileNetV2,test
data/processed/test\Boletus\0439_O6QzBvZavTM.jpg,Boletus,Boletus,True,0.9998513460159302,0.0079473000005236,MobileNetV2,test
data/processed/test\Boletus\0446_xHS1WNA5GOs.jpg,Boletus,Amanita,False,0.206924170255661,0.0078641000000061,MobileNetV2,test
data/processed/test\Boletus\0457_lZNPtp0I8xY.jpg,Boletus,Boletus,True,0.9947609305381776,0.0071122999997896,MobileNetV2,test
data/processed/test\Boletus\0471_lxzgCXnZUlM.jpg,Boletus,Boletus,True,0.8207102417945862,0.0079243000000133,MobileNetV2,test
data/processed/test\Boletus\0473_x9mm3RQN3OQ.jpg,Boletus,Boletus,True,0.530120313167572,0.0069390999997267,MobileNetV2,test
data/processed/test\Boletus\0476_qTLS2LtmH20.jpg,Boletus,Boletus,True,0.6416823267936707,0.00778850000097,MobileNetV2,test
data/processed/test\Boletus\0478_IqIYZ5z8ZaA.jpg,Boletus,Boletus,True,0.9893060326576232,0.0078744000002188,MobileNetV2,test
data/processed/test\Boletus\0482_bwKqTN52ZY0.jpg,Boletus,Lactarius,False,0.4955169260501861,0.0081664000008458,MobileNetV2,test
data/processed/test\Boletus\0485_2M-1Jj2XXfU.jpg,Boletus,Boletus,True,0.9951149225234984,0.0070284999983414,MobileNetV2,test
data/processed/test\Boletus\0487_V0mcOZZWsYc.jpg,Boletus,Boletus,True,0.995583713054657,0.0071672000012767,MobileNetV2,test
data/processed/test\Boletus\0496_oW-MXvWIdeg.jpg,Boletus,Boletus,True,0.9982377290725708,0.0070090999997773,MobileNetV2,test
data/processed/test\Boletus\0501_RcynfiUwksM.jpg,Boletus,Boletus,True,0.9977243542671204,0.0070226000007096,MobileNetV2,test
data/processed/test\Boletus\0515_fH8FRrp-Rc4.jpg,Boletus,Lactarius,False,0.6684519648551941,0.0072044000007736,MobileNetV2,test
data/processed/test\Boletus\0516_jSgZvx-y_IA.jpg,Boletus,Boletus,True,0.9997615218162536,0.0083352999990893,MobileNetV2,test
data/processed/test\Boletus\0551_xiALBJABq4k.jpg,Boletus,Boletus,True,0.9964256882667542,0.0081950000003416,MobileNetV2,test
data/processed/test\Boletus\0552_Sm0FWjXpCUA.jpg,Boletus,Boletus,True,0.1911715269088745,0.0078911999989941,MobileNetV2,test
data/processed/test\Boletus\0569_DpPGoGLCmxw.jpg,Boletus,Boletus,True,0.4859538376331329,0.0069760999995196,MobileNetV2,test
data/processed/test\Boletus\0590_U1iXqaOG__4.jpg,Boletus,Boletus,True,0.9975054860115052,0.0070568000010098,MobileNetV2,test
data/processed/test\Boletus\0596_1eBgViXIxTo.jpg,Boletus,Boletus,True,0.8530181050300598,0.007246600000144,MobileNetV2,test
data/processed/test\Boletus\0599_KA0H3vejy08.jpg,Boletus,Boletus,True,0.4766018390655517,0.0071606999990763,MobileNetV2,test
data/processed/test\Boletus\0608_iR5VKlchysc.jpg,Boletus,Boletus,True,0.9996161460876464,0.0072564000001875,MobileNetV2,test
data/processed/test\Boletus\0612_8lQr8TbwImc.jpg,Boletus,Boletus,True,0.9998120665550232,0.0069347999997262,MobileNetV2,test
data/processed/test\Boletus\0624_RmlDHXvJUeU.jpg,Boletus,Boletus,True,0.9933019876480104,0.0071391999990737,MobileNetV2,test
data/processed/test\Boletus\0631_PJXNFQZc7n8.jpg,Boletus,Boletus,True,0.9382620453834534,0.007194800000434,MobileNetV2,test
data/processed/test\Boletus\0632_Rc_3hYDbYqU.jpg,Boletus,Boletus,True,0.811631441116333,0.007261800001288,MobileNetV2,test
data/processed/test\Boletus\0635_-J_6XTsYZMA.jpg,Boletus,Boletus,True,0.9101163744926452,0.0072024999990389,MobileNetV2,test
data/processed/test\Boletus\0645_l3ki0s-WOCU.jpg,Boletus,Lactarius,False,0.3204117715358734,0.0074745999991137,MobileNetV2,test
data/processed/test\Boletus\0646_X-9LZJb_Mm8.jpg,Boletus,Boletus,True,0.7762428522109985,0.0074855000002571,MobileNetV2,test
data/processed/test\Boletus\0654_S0ZETeWMBPU.jpg,Boletus,Exidia,False,0.7796757221221924,0.0076439000004029,MobileNetV2,test
data/processed/test\Boletus\0659_r1c48yLOmjA.jpg,Boletus,Boletus,True,0.9973031282424928,0.0070888999998715,MobileNetV2,test
data/processed/test\Boletus\0662_zLAxc0c9R_M.jpg,Boletus,Boletus,True,0.995322287082672,0.0073569000014686,MobileNetV2,test
data/processed/test\Boletus\0664_aAvZIRDPNUI.jpg,Boletus,Boletus,True,0.4681525230407715,0.0069798000004084,MobileNetV2,test
data/processed/test\Boletus\0665_oAzt25TNZeQ.jpg,Boletus,Boletus,True,0.879591166973114,0.007126700000299,MobileNetV2,test
data/processed/test\Boletus\0670_K_TCbzxFUGM.jpg,Boletus,Boletus,True,0.7118565440177917,0.0073802000006253,MobileNetV2,test
data/processed/test\Boletus\0684_vMnFJrCY0pg.jpg,Boletus,Boletus,True,0.2562662661075592,0.0078912999997555,MobileNetV2,test
data/processed/test\Boletus\0686_HDMT9DDObck.jpg,Boletus,Lactarius,False,0.7960036993026733,0.011139499998535,MobileNetV2,test
data/processed/test\Boletus\0687_OAh8DHQ9Ejw.jpg,Boletus,Boletus,True,0.8757087588310242,0.0069545000005746,MobileNetV2,test
data/processed/test\Boletus\0691_aeOqhuNhZUo.jpg,Boletus,Boletus,True,0.936747133731842,0.0079200999989552,MobileNetV2,test
data/processed/test\Boletus\0694_ZGhTNFYpRF0.jpg,Boletus,Boletus,True,0.5216829776763916,0.0068676000009872,MobileNetV2,test
data/processed/test\Boletus\0705_zAx-31wgOX8.jpg,Boletus,Boletus,True,0.6765221953392029,0.0073191999999835,MobileNetV2,test
data/processed/test\Boletus\0706_O2coJ1bHNyI.jpg,Boletus,Cortinarius,False,0.6217749118804932,0.0073123999991366,MobileNetV2,test
data/processed/test\Boletus\0710_3W2LVW3vahA.jpg,Boletus,Boletus,True,0.9998120665550232,0.00734840000041,MobileNetV2,test
data/processed/test\Boletus\0711_BeW-0Vt9hao.jpg,Boletus,Cortinarius,False,0.448258638381958,0.0071833999991213,MobileNetV2,test
data/processed/test\Boletus\0712_KcW299HdxJQ.jpg,Boletus,Boletus,True,0.43053138256073,0.0070766999997431,MobileNetV2,test
data/processed/test\Boletus\0715_bpAousgaNak.jpg,Boletus,Russula,False,0.6277139782905579,0.0082543999997142,MobileNetV2,test
data/processed/test\Boletus\0720_5nsuj2jRfF0.jpg,Boletus,Exidia,False,0.3402745127677917,0.0070297000002028,MobileNetV2,test
data/processed/test\Boletus\0731_6DJ6_aa-bZg.jpg,Boletus,Boletus,True,0.8903970718383789,0.0073561999997764,MobileNetV2,test
data/processed/test\Boletus\0754_zPtZnfibMT4.jpg,Boletus,Amanita,False,0.3438538610935211,0.007487900000342,MobileNetV2,test
data/processed/test\Boletus\0778_UbEygYYDhi4.jpg,Boletus,Exidia,False,0.2498684078454971,0.0077523999989352,MobileNetV2,test
data/processed/test\Boletus\0779_x10CHNm1XGs.jpg,Boletus,Boletus,True,0.8966591954231262,0.0078446999996231,MobileNetV2,test
data/processed/test\Boletus\0789_HeUlbr2dIsk.jpg,Boletus,Cortinarius,False,0.3837879002094269,0.0072162000014941,MobileNetV2,test
data/processed/test\Boletus\0790_pju1fCrxSyw.jpg,Boletus,Amanita,False,0.5939193367958069,0.0067471000002115,MobileNetV2,test
data/processed/test\Boletus\0795_O2Z0CQUcDhg.jpg,Boletus,Boletus,True,0.99823796749115,0.007332099999985,MobileNetV2,test
data/processed/test\Boletus\0797_6dpBNM8twyA.jpg,Boletus,Cortinarius,False,0.6783317923545837,0.0068769000008614,MobileNetV2,test
data/processed/test\Boletus\0801_ulyFq_UWWzM.jpg,Boletus,Boletus,True,0.5873818397521973,0.0084851999999955,MobileNetV2,test
data/processed/test\Boletus\0802_MWtsI0EKttw.jpg,Boletus,Amanita,False,0.4980402886867523,0.0082681000003503,MobileNetV2,test
data/processed/test\Boletus\0807_Iqw2hN_b0s8.jpg,Boletus,Boletus,True,0.6875335574150085,0.0069710999996459,MobileNetV2,test
data/processed/test\Boletus\0811_7t2BE3xOyek.jpg,Boletus,Boletus,True,0.7624768018722534,0.0091234999999869,MobileNetV2,test
data/processed/test\Boletus\0813_mXb_8YjMI_8.jpg,Boletus,Boletus,True,0.8381494879722595,0.0089960999994218,MobileNetV2,test
data/processed/test\Boletus\0829_dHV6v4tZvMk.jpg,Boletus,Boletus,True,0.9970591068267822,0.0081654999994498,MobileNetV2,test
data/processed/test\Boletus\0832_XCzDV_JY6_M.jpg,Boletus,Boletus,True,0.9972326159477234,0.0071625000000494,MobileNetV2,test
data/processed/test\Boletus\0833_lwqKJywKCCc.jpg,Boletus,Boletus,True,0.9960527420043944,0.006982799999605,MobileNetV2,test
data/processed/test\Boletus\0836_FkYdaUI06h0.jpg,Boletus,Entoloma,False,0.3254332542419433,0.0072043000000121,MobileNetV2,test
data/processed/test\Boletus\0839__L3OdEzm-GA.jpg,Boletus,Boletus,True,0.9967954754829408,0.0071245999988605,MobileNetV2,test
data/processed/test\Boletus\0841_7XAXHIAG0d8.jpg,Boletus,Boletus,True,0.9896233677864076,0.0071173999986058,MobileNetV2,test
data/processed/test\Boletus\0857_lvu1iJAnbvg.jpg,Boletus,Boletus,True,0.9990009665489196,0.0071205999993253,MobileNetV2,test
data/processed/test\Boletus\0859_z4K-tiR_PP0.jpg,Boletus,Boletus,True,0.8571452498435974,0.0076341999993019,MobileNetV2,test
data/processed/test\Boletus\0867_ExxTC0iGbxI.jpg,Boletus,Boletus,True,0.2527532875537872,0.0078425000010611,MobileNetV2,test
data/processed/test\Boletus\0870_BxgSujm7-C8.jpg,Boletus,Boletus,True,0.9641594886779784,0.0071668000000499,MobileNetV2,test
data/processed/test\Boletus\0876_Sizxg8ymXLI.jpg,Boletus,Boletus,True,0.8215925693511963,0.0069631999995181,MobileNetV2,test
data/processed/test\Boletus\0883_LcmFTebwKmA.jpg,Boletus,Boletus,True,0.9973164200782776,0.0082412000010663,MobileNetV2,test
data/processed/test\Boletus\0891_9qHx98xefUQ.jpg,Boletus,Boletus,True,0.9996496438980104,0.0074150000000372,MobileNetV2,test
data/processed/test\Boletus\0904_qppYGFqfqYg.jpg,Boletus,Boletus,True,0.9810240268707277,0.0072775000007823,MobileNetV2,test
data/processed/test\Boletus\0907_JUjr6H_B0Xo.jpg,Boletus,Boletus,True,0.933851420879364,0.0074100000001635,MobileNetV2,test
data/processed/test\Boletus\0910_gk8EFVec-aU.jpg,Boletus,Boletus,True,0.9844650626182556,0.0071363000006385,MobileNetV2,test
data/processed/test\Boletus\0920_Mj9Gr-R_eJg.jpg,Boletus,Boletus,True,0.999871015548706,0.0072453000011591,MobileNetV2,test
data/processed/test\Boletus\0927_GeTz3gpfOCA.jpg,Boletus,Boletus,True,0.9647340774536132,0.0071484000000054,MobileNetV2,test
data/processed/test\Boletus\0939_Uu9bT1-H4ZE.jpg,Boletus,Boletus,True,0.9921225905418396,0.0079289000004791,MobileNetV2,test
data/processed/test\Boletus\0941_CD55o3j2ACk.jpg,Boletus,Russula,False,0.5987151861190796,0.0079643000008218,MobileNetV2,test
data/processed/test\Boletus\0943_7_qx73pcT5M.jpg,Boletus,Boletus,True,0.9998608827590942,0.008156299998518,MobileNetV2,test
data/processed/test\Boletus\0944_uchnyCbCU8o.jpg,Boletus,Boletus,True,0.9409046173095704,0.0078639999992446,MobileNetV2,test
data/processed/test\Boletus\0951_12IsIr7KDL0.jpg,Boletus,Boletus,True,0.99810791015625,0.0082192999998369,MobileNetV2,test
data/processed/test\Boletus\0953_JtmTQxMa4yM.jpg,Boletus,Boletus,True,0.3566400110721588,0.0080386999998154,MobileNetV2,test
data/processed/test\Boletus\0954_UdQ21bvT_YM.jpg,Boletus,Boletus,True,0.982207715511322,0.007388300000457,MobileNetV2,test
data/processed/test\Boletus\0974_ZIsylb_w8NE.jpg,Boletus,Boletus,True,0.7848212718963623,0.0085361000001285,MobileNetV2,test
data/processed/test\Boletus\0981_Q5GmJS_vei8.jpg,Boletus,Boletus,True,0.9981380701065063,0.0075608999995893,MobileNetV2,test
data/processed/test\Boletus\0987_JvKLOKW8WFA.jpg,Boletus,Boletus,True,0.5378161072731018,0.0081356999999115,MobileNetV2,test
data/processed/test\Boletus\0988_R0RNuJ8IqBI.jpg,Boletus,Boletus,True,0.6415581107139587,0.0074660999998741,MobileNetV2,test
data/processed/test\Boletus\1021_SyO8BpGSVjw.jpg,Boletus,Hygrocybe,False,0.4043005108833313,0.0080078999999386,MobileNetV2,test
data/processed/test\Boletus\1032_tYL581WPzXU.jpg,Boletus,Boletus,True,0.9999085664749146,0.0083557999987533,MobileNetV2,test
data/processed/test\Boletus\1036_4kWl9z7sQIY.jpg,Boletus,Inocybe,False,0.252452403306961,0.0075358000012784,MobileNetV2,test
data/processed/test\Boletus\1040_i_rg9l4rqjw.jpg,Boletus,Boletus,True,0.9991000890731812,0.0078425000010611,MobileNetV2,test
data/processed/test\Boletus\1051_Q0ltVKrZhcQ.jpg,Boletus,Boletus,True,0.9978427886962892,0.0073388000000704,MobileNetV2,test
data/processed/test\Boletus\1055_1FFlybCSCAU.jpg,Boletus,Boletus,True,0.9926888346672058,0.0071122999997896,MobileNetV2,test
data/processed/test\Boletus\1057_Y7n8VqlTW3g.jpg,Boletus,Boletus,True,0.754746675491333,0.007205600000816,MobileNetV2,test
data/processed/test\Boletus\1065_eMY4Zsr_msU.jpg,Boletus,Boletus,True,0.7198919057846069,0.0071174000004248,MobileNetV2,test
data/processed/test\Boletus\1077_JAOBSnuV9zc.jpg,Boletus,Boletus,True,0.9623482823371888,0.0072383000006084,MobileNetV2,test
data/processed/test\Boletus\1081_S9BZwG4wmiU.jpg,Boletus,Boletus,True,0.974604070186615,0.0072590999989188,MobileNetV2,test
data/processed/test\Boletus\1086_9A85NgFJxzc.jpg,Boletus,Lactarius,False,0.5097348093986511,0.0073998999996547,MobileNetV2,test
data/processed/test\Boletus\1087_POSIDmOc7AE.jpg,Boletus,Boletus,True,0.9892017841339112,0.0072288999999727,MobileNetV2,test
data/processed/test\Boletus\1095_fb3O6d7sRfw.jpg,Boletus,Boletus,True,0.5528887510299683,0.0069777000007889,MobileNetV2,test
data/processed/test\Cortinarius\032_RaRNWCMOeJY.jpg,Cortinarius,Cortinarius,True,0.6230588555335999,0.0073491000002832,MobileNetV2,test
data/processed/test\Cortinarius\034_uFEs0KR55hA.jpg,Cortinarius,Boletus,False,0.822184681892395,0.0072536000006948,MobileNetV2,test
data/processed/test\Cortinarius\047_a4t7zntIs3E.jpg,Cortinarius,Lactarius,False,0.5272752046585083,0.0073527000004105,MobileNetV2,test
data/processed/test\Cortinarius\051_BcBgKIXkPFY.jpg,Cortinarius,Cortinarius,True,0.6947736144065857,0.007512799998949,MobileNetV2,test
data/processed/test\Cortinarius\062_lU35GQ80D6k.jpg,Cortinarius,Lactarius,False,0.4108753204345703,0.0072464999993826,MobileNetV2,test
data/processed/test\Cortinarius\068_eKtLmKWRhYQ.jpg,Cortinarius,Cortinarius,True,0.6062008738517761,0.007234700000481,MobileNetV2,test
data/processed/test\Cortinarius\074_QZm5I2faj7M.jpg,Cortinarius,Cortinarius,True,0.5901523232460022,0.0072313000000576,MobileNetV2,test
data/processed/test\Cortinarius\082_igjSlbVXbAs.jpg,Cortinarius,Russula,False,0.5834028124809265,0.0072510999998485,MobileNetV2,test
data/processed/test\Cortinarius\083_Fx67B3DmN3Y.jpg,Cortinarius,Cortinarius,True,0.9451069831848145,0.0072182999992946,MobileNetV2,test
data/processed/test\Cortinarius\089_pSC0tp3Vin8.jpg,Cortinarius,Cortinarius,True,0.2854150533676147,0.008210500000132,MobileNetV2,test
data/processed/test\Cortinarius\092_TIq_EZUYHvE.jpg,Cortinarius,Cortinarius,True,0.6664243936538696,0.0082445000007282,MobileNetV2,test
data/processed/test\Cortinarius\098_9sdVyNK9pSI.jpg,Cortinarius,Hygrocybe,False,0.3535425364971161,0.0069959000011294,MobileNetV2,test
data/processed/test\Cortinarius\106_zDyFzio3OcI.jpg,Cortinarius,Boletus,False,0.7800103425979614,0.0074244000006729,MobileNetV2,test
data/processed/test\Cortinarius\120_6i3qL8_7_cU.jpg,Cortinarius,Cortinarius,True,0.5464666485786438,0.0080921999997372,MobileNetV2,test
data/processed/test\Cortinarius\139_Sa-XUtLlV4s.jpg,Cortinarius,Amanita,False,0.3505011200904846,0.0083116999994672,MobileNetV2,test
data/processed/test\Cortinarius\142_UT29eeWW32A.jpg,Cortinarius,Russula,False,0.8352117538452148,0.0071375999996234,MobileNetV2,test
data/processed/test\Cortinarius\143_SrOlFvP1n9w.jpg,Cortinarius,Boletus,False,0.2343639135360717,0.0072096000003512,MobileNetV2,test
data/processed/test\Cortinarius\146_N9FJKoJghDQ.jpg,Cortinarius,Lactarius,False,0.5127224922180176,0.0070037000004958,MobileNetV2,test
data/processed/test\Cortinarius\147_gh5SUGxwpmg.jpg,Cortinarius,Hygrocybe,False,0.2893873453140259,0.0074229999991075,MobileNetV2,test
data/processed/test\Cortinarius\148_NRYh_CNOe0Q.jpg,Cortinarius,Cortinarius,True,0.4898833632469177,0.0088219999997818,MobileNetV2,test
data/processed/test\Cortinarius\162_vx8DyMaDNbY.jpg,Cortinarius,Cortinarius,True,0.8636173605918884,0.0082576999993762,MobileNetV2,test
data/processed/test\Cortinarius\172_RQpuklei93E.jpg,Cortinarius,Russula,False,0.5146358609199524,0.0084464999999909,MobileNetV2,test
data/processed/test\Cortinarius\173_OBw2ytszKxo.jpg,Cortinarius,Cortinarius,True,0.4525030255317688,0.0086219999993772,MobileNetV2,test
data/processed/test\Cortinarius\178_xHtAXzZPN-s.jpg,Cortinarius,Cortinarius,True,0.4696105420589447,0.0084203999995224,MobileNetV2,test
data/processed/test\Cortinarius\182_kJh0aAaK590.jpg,Cortinarius,Cortinarius,True,0.6474428176879883,0.0081599999994068,MobileNetV2,test
data/processed/test\Cortinarius\185_OXwIsNfGrwY.jpg,Cortinarius,Cortinarius,True,0.7714951038360596,0.0082091000003856,MobileNetV2,test
data/processed/test\Cortinarius\192_TskFa7fOkRc.jpg,Cortinarius,Cortinarius,True,0.836624264717102,0.0074212999988958,MobileNetV2,test
data/processed/test\Cortinarius\195_lD8h4PCMaUY.jpg,Cortinarius,Cortinarius,True,0.7521769404411316,0.0074766999987332,MobileNetV2,test
data/processed/test\Cortinarius\207_zmoZZTV0lLI.jpg,Cortinarius,Agaricus,False,0.5891498327255249,0.0093108000000938,MobileNetV2,test
data/processed/test\Cortinarius\224_mLlKvEsrEcA.jpg,Cortinarius,Cortinarius,True,0.9220287203788756,0.0086685999995097,MobileNetV2,test
data/processed/test\Cortinarius\232_jKdR7Qgq_BY.jpg,Cortinarius,Hygrocybe,False,0.8991670608520508,0.0075434999998833,MobileNetV2,test
data/processed/test\Cortinarius\240_aJldHbs2JsE.jpg,Cortinarius,Hygrocybe,False,0.4874883592128753,0.0072979000015038,MobileNetV2,test
data/processed/test\Cortinarius\256_TpoM3eWkf6g.jpg,Cortinarius,Lactarius,False,0.4227590262889862,0.0075851000001421,MobileNetV2,test
data/processed/test\Cortinarius\274_RW-zkr4BQmM.jpg,Cortinarius,Cortinarius,True,0.6921086311340332,0.0078283000002556,MobileNetV2,test
data/processed/test\Cortinarius\277_2vcjLHvzssg.jpg,Cortinarius,Cortinarius,True,0.8365145325660706,0.0088418000013916,MobileNetV2,test
data/processed/test\Cortinarius\285_ALSLuAGLn64.jpg,Cortinarius,Cortinarius,True,0.2279513478279113,0.009022799999002,MobileNetV2,test
data/processed/test\Cortinarius\301_BY2YjnDmmdc.jpg,Cortinarius,Lactarius,False,0.475174993276596,0.0090753999993467,MobileNetV2,test
data/processed/test\Cortinarius\312_Kv_3xHcyVUE.jpg,Cortinarius,Lactarius,False,0.4278088212013244,0.0078925999987404,MobileNetV2,test
data/processed/test\Cortinarius\321_EgWJ7bpjCxM.jpg,Cortinarius,Russula,False,0.6999823451042175,0.0082144000007247,MobileNetV2,test
data/processed/test\Cortinarius\328_qxWZEmWaodk.jpg,Cortinarius,Cortinarius,True,0.4273554980754852,0.0080332999987149,MobileNetV2,test
data/processed/test\Cortinarius\337_ohrbRKjnZkA.jpg,Cortinarius,Boletus,False,0.415353775024414,0.0095442000001639,MobileNetV2,test
data/processed/test\Cortinarius\342_3kBE30sLBPk.jpg,Cortinarius,Amanita,False,0.3491096496582031,0.0100822000003972,MobileNetV2,test
data/processed/test\Cortinarius\343_YY4qxL--3lE.jpg,Cortinarius,Russula,False,0.4105601608753204,0.0103863000003912,MobileNetV2,test
data/processed/test\Cortinarius\344_AKEJiWrKVfA.jpg,Cortinarius,Russula,False,0.4719295799732208,0.0099986000004719,MobileNetV2,test
data/processed/test\Cortinarius\349_BG4jbNRDzCI.jpg,Cortinarius,Cortinarius,True,0.3302167952060699,0.0081697000005078,MobileNetV2,test
data/processed/test\Cortinarius\353_qyVEsJs6eu8.jpg,Cortinarius,Boletus,False,0.9126116633415222,0.009085400000913,MobileNetV2,test
data/processed/test\Cortinarius\358_L8mvKvlrYDA.jpg,Cortinarius,Cortinarius,True,0.8385453224182129,0.0085984000015741,MobileNetV2,test
data/processed/test\Cortinarius\360_QL0VQlt8Ke0.jpg,Cortinarius,Cortinarius,True,0.5094762444496155,0.0098218000002816,MobileNetV2,test
data/processed/test\Cortinarius\364_Xsj2f0KiCAk.jpg,Cortinarius,Amanita,False,0.3117591440677643,0.0094812000006641,MobileNetV2,test
data/processed/test\Cortinarius\381_IHHdqt43Ivk.jpg,Cortinarius,Cortinarius,True,0.6434550285339355,0.0093546000007336,MobileNetV2,test
data/processed/test\Cortinarius\384_NCKsip2esZ4.jpg,Cortinarius,Cortinarius,True,0.6498323678970337,0.0081055000009655,MobileNetV2,test
data/processed/test\Cortinarius\388_JTEy9_rTlno.jpg,Cortinarius,Boletus,False,0.2810372114181518,0.0090889000002789,MobileNetV2,test
data/processed/test\Cortinarius\389_D8kTQu4sbro.jpg,Cortinarius,Boletus,False,0.9560158848762512,0.0091907999994873,MobileNetV2,test
data/processed/test\Cortinarius\390_iQUMBiY-0qs.jpg,Cortinarius,Lactarius,False,0.9140506982803344,0.0073277999999845,MobileNetV2,test
data/processed/test\Cortinarius\418_YUu8Eth7vC0.jpg,Cortinarius,Cortinarius,True,0.7441244125366211,0.0106219999997847,MobileNetV2,test
data/processed/test\Cortinarius\448_uo51r2lHNAw.jpg,Cortinarius,Cortinarius,True,0.5581783056259155,0.0092038000002503,MobileNetV2,test
data/processed/test\Cortinarius\449_VlvWf0y620o.jpg,Cortinarius,Exidia,False,0.5455608367919922,0.0094897999988461,MobileNetV2,test
data/processed/test\Cortinarius\456_KDbq8QQJpF8.jpg,Cortinarius,Boletus,False,0.3160451054573059,0.0081028000004153,MobileNetV2,test
data/processed/test\Cortinarius\460_-PS3Pqhfj28.jpg,Cortinarius,Cortinarius,True,0.6911117434501648,0.0089619999998831,MobileNetV2,test
data/processed/test\Cortinarius\461_FcGRZ9NIyZM.jpg,Cortinarius,Exidia,False,0.4675214886665344,0.0079748999996809,MobileNetV2,test
data/processed/test\Cortinarius\466_M2i1qdSiRz4.jpg,Cortinarius,Amanita,False,0.2800057530403137,0.0098772999990615,MobileNetV2,test
data/processed/test\Cortinarius\467_LUja4xjFPG8.jpg,Cortinarius,Cortinarius,True,0.4534789621829986,0.0307317999995575,MobileNetV2,test
data/processed/test\Cortinarius\488_UhQdy3jXkc0.jpg,Cortinarius,Cortinarius,True,0.2612777948379516,0.0112845000003289,MobileNetV2,test
data/processed/test\Cortinarius\496_KX8TxkeLLa4.jpg,Cortinarius,Cortinarius,True,0.7003576755523682,0.0122946000010415,MobileNetV2,test
data/processed/test\Cortinarius\509_M0Gd8axTrw4.jpg,Cortinarius,Cortinarius,True,0.3872073590755462,0.0100473999991663,MobileNetV2,test
data/processed/test\Cortinarius\514_tv4keuWfvWE.jpg,Cortinarius,Cortinarius,True,0.5439084768295288,0.0146203000003879,MobileNetV2,test
data/processed/test\Cortinarius\530_sEUUp5boweI.jpg,Cortinarius,Hygrocybe,False,0.516427218914032,0.0159332000002905,MobileNetV2,test
data/processed/test\Cortinarius\532_oIJibw1tz4Y.jpg,Cortinarius,Hygrocybe,False,0.8185866475105286,0.0102516000006289,MobileNetV2,test
data/processed/test\Cortinarius\533_pNuBhaHhEmU.jpg,Cortinarius,Suillus,False,0.4025857150554657,0.0113701000009314,MobileNetV2,test
data/processed/test\Cortinarius\547_fKznDHbWCkk.jpg,Cortinarius,Inocybe,False,0.2587729692459106,0.0085158000001683,MobileNetV2,test
data/processed/test\Cortinarius\551_APFbJ2vPcGw.jpg,Cortinarius,Cortinarius,True,0.8547999262809753,0.010646300001099,MobileNetV2,test
data/processed/test\Cortinarius\552_z4MK9UiOMoc.jpg,Cortinarius,Lactarius,False,0.3378481864929199,0.0089423999997961,MobileNetV2,test
data/processed/test\Cortinarius\567_6O0QVMS6LE4.jpg,Cortinarius,Hygrocybe,False,0.3839289546012878,0.0091130000000703,MobileNetV2,test
data/processed/test\Cortinarius\574_xXwqpgn5Fls.jpg,Cortinarius,Cortinarius,True,0.4534122943878174,0.0098914999998669,MobileNetV2,test
data/processed/test\Cortinarius\589_rgxUeggTwRk.jpg,Cortinarius,Cortinarius,True,0.4098223149776459,0.0089069999994535,MobileNetV2,test
data/processed/test\Cortinarius\592_ZR3yzj9H31I.jpg,Cortinarius,Cortinarius,True,0.4168108403682709,0.009425000000192,MobileNetV2,test
data/processed/test\Cortinarius\593_VEBcqScsSLw.jpg,Cortinarius,Cortinarius,True,0.6614807844161987,0.0094134000009944,MobileNetV2,test
data/processed/test\Cortinarius\595_DUgPrK3WFJ0.jpg,Cortinarius,Amanita,False,0.3395751714706421,0.0091671999998652,MobileNetV2,test
data/processed/test\Cortinarius\604_55_Sj5HXI6U.jpg,Cortinarius,Agaricus,False,0.3724472820758819,0.011589300000196,MobileNetV2,test
data/processed/test\Cortinarius\613_RZSh0QPwcnw.jpg,Cortinarius,Cortinarius,True,0.9576069116592408,0.0092748999995819,MobileNetV2,test
data/processed/test\Cortinarius\627_JqtzXHRtbPY.jpg,Cortinarius,Russula,False,0.7610002160072327,0.015154299999267,MobileNetV2,test
data/processed/test\Cortinarius\634_3P_z4FJuvrc.jpg,Cortinarius,Boletus,False,0.7768632769584656,0.0091749000002891,MobileNetV2,test
data/processed/test\Cortinarius\648_rFy8BK5tQS4.jpg,Cortinarius,Cortinarius,True,0.4271038472652435,0.0091596000002027,MobileNetV2,test
data/processed/test\Cortinarius\651_YsGS-o5hPUk.jpg,Cortinarius,Russula,False,0.4247708022594452,0.0091800999998667,MobileNetV2,test
data/processed/test\Cortinarius\660_qqPWIG-_atg.jpg,Cortinarius,Inocybe,False,0.24470254778862,0.0099422999992384,MobileNetV2,test
data/processed/test\Cortinarius\663_vqeZWWsm7AU.jpg,Cortinarius,Boletus,False,0.3661844730377197,0.0094537999993917,MobileNetV2,test
data/processed/test\Cortinarius\665_CnMbFwJ4A3g.jpg,Cortinarius,Boletus,False,0.983747899532318,0.0099941999997099,MobileNetV2,test
data/processed/test\Cortinarius\670_VEDFNxOmJjk.jpg,Cortinarius,Cortinarius,True,0.8155782222747803,0.0094255999993038,MobileNetV2,test
data/processed/test\Cortinarius\677_jZl6bME7gYc.jpg,Cortinarius,Boletus,False,0.830093264579773,0.011650999998892,MobileNetV2,test
data/processed/test\Cortinarius\684_4Yz2wW3J4Vs.jpg,Cortinarius,Amanita,False,0.3363446295261383,0.0098722000002453,MobileNetV2,test
data/processed/test\Cortinarius\698_hDYmajbNTyc.jpg,Cortinarius,Cortinarius,True,0.786300003528595,0.0086878000001888,MobileNetV2,test
data/processed/test\Cortinarius\700_T0ARJ9bwVM0.jpg,Cortinarius,Boletus,False,0.2903837561607361,0.0093868999992992,MobileNetV2,test
data/processed/test\Cortinarius\706_neOW0Q7auww.jpg,Cortinarius,Cortinarius,True,0.2537057995796203,0.0092973000009806,MobileNetV2,test
data/processed/test\Cortinarius\710_9SgH3X4RwDc.jpg,Cortinarius,Cortinarius,True,0.7975436449050903,0.0099863000014011,MobileNetV2,test
data/processed/test\Cortinarius\713_0K-WK89enpQ.jpg,Cortinarius,Boletus,False,0.386830061674118,0.01030560000072,MobileNetV2,test
data/processed/test\Cortinarius\722_hYmaZTUMKvM.jpg,Cortinarius,Cortinarius,True,0.369756817817688,0.0089021999992837,MobileNetV2,test
data/processed/test\Cortinarius\723_z2zuRWlePHw.jpg,Cortinarius,Agaricus,False,0.5095863938331604,0.0109833000005892,MobileNetV2,test
data/processed/test\Cortinarius\726_SPq8J7DiHAU.jpg,Cortinarius,Boletus,False,0.7567076086997986,0.010341100000005,MobileNetV2,test
data/processed/test\Cortinarius\734_gSi3maWDcms.jpg,Cortinarius,Russula,False,0.5305498838424683,0.0105710000007093,MobileNetV2,test
data/processed/test\Cortinarius\739_1fnqQJpMA1w.jpg,Cortinarius,Cortinarius,True,0.9218360781669616,0.0102052000002004,MobileNetV2,test
data/processed/test\Cortinarius\740_6uQUZGPJDtc.jpg,Cortinarius,Inocybe,False,0.2462930083274841,0.0103122999989864,MobileNetV2,test
data/processed/test\Cortinarius\741_I2jWMQKljH8.jpg,Cortinarius,Boletus,False,0.4674087762832641,0.0124754999997094,MobileNetV2,test
data/processed/test\Cortinarius\743_x_gCsSdhOPU.jpg,Cortinarius,Cortinarius,True,0.5586106777191162,0.009055200000148,MobileNetV2,test
data/processed/test\Cortinarius\754_pGoceyCfMP8.jpg,Cortinarius,Amanita,False,0.2949245572090149,0.009136299999227,MobileNetV2,test
data/processed/test\Cortinarius\766_vIHHxNTloEA.jpg,Cortinarius,Boletus,False,0.4054654538631439,0.0097869000001082,MobileNetV2,test
data/processed/test\Cortinarius\791_2-YR9WlEhSA.jpg,Cortinarius,Cortinarius,True,0.7552782893180847,0.0089164000000891,MobileNetV2,test
data/processed/test\Cortinarius\796_738i150K_pQ.jpg,Cortinarius,Cortinarius,True,0.8924033045768738,0.0095048000002861,MobileNetV2,test
data/processed/test\Cortinarius\800_DyXP5vXb0mQ.jpg,Cortinarius,Hygrocybe,False,0.5528563857078552,0.0096138999997492,MobileNetV2,test
data/processed/test\Cortinarius\819_ELx6VT8tmKM.jpg,Cortinarius,Inocybe,False,0.2274579256772995,0.0079014999992068,MobileNetV2,test
data/processed/test\Cortinarius\825_nn-gRPOKNNQ.jpg,Cortinarius,Cortinarius,True,0.4038947820663452,0.0096281999994971,MobileNetV2,test
data/processed/test\Cortinarius\835_znWNJNTUlcg.jpg,Cortinarius,Lactarius,False,0.3649944961071014,0.0122299000013299,MobileNetV2,test
data/processed/test\Cortinarius\838_phOn4HpRGFU.jpg,Cortinarius,Cortinarius,True,0.6791159510612488,0.0106173999993188,MobileNetV2,test
data/processed/test\Cortinarius\839_QCI2KoxuEus.jpg,Cortinarius,Cortinarius,True,0.9219242334365844,0.0094323999983316,MobileNetV2,test
data/processed/test\Cortinarius\880_2blQSwj_qqg.jpg,Cortinarius,Lactarius,False,0.7103647589683533,0.0094522999988839,MobileNetV2,test
data/processed/test\Cortinarius\896_zisCBTibqYs.jpg,Cortinarius,Russula,False,0.3880921900272369,0.0100517000009858,MobileNetV2,test
data/processed/test\Cortinarius\897_K54fKEI54-0.jpg,Cortinarius,Amanita,False,0.6759464740753174,0.010813800001415,MobileNetV2,test
data/processed/test\Cortinarius\909_6AiLKcfk2jI.jpg,Cortinarius,Cortinarius,True,0.8705098628997803,0.0103944000002229,MobileNetV2,test
data/processed/test\Cortinarius\910_q20nsdIX9Zo.jpg,Cortinarius,Exidia,False,0.3245441317558288,0.013402099999439,MobileNetV2,test
data/processed/test\Cortinarius\918_LWJyWIIRFwE.jpg,Cortinarius,Cortinarius,True,0.4313716292381286,0.0106783999999606,MobileNetV2,test
data/processed/test\Cortinarius\927_MThMyEFu3p4.jpg,Cortinarius,Inocybe,False,0.6241633296012878,0.0104857000005722,MobileNetV2,test
data/processed/test\Cortinarius\930_rg7s0lc2xZ4.jpg,Cortinarius,Cortinarius,True,0.8309120535850525,0.0108576999991782,MobileNetV2,test
data/processed/test\Cortinarius\932_wke3BS09elk.jpg,Cortinarius,Russula,False,0.9798771739006042,0.0094637000001966,MobileNetV2,test
data/processed/test\Cortinarius\933_9KMU6_nR5hY.jpg,Cortinarius,Cortinarius,True,0.5168005228042603,0.0101712000014231,MobileNetV2,test
data/processed/test\Cortinarius\938_c0WgxVOt3ug.jpg,Cortinarius,Inocybe,False,0.4841251075267792,0.0097587000000203,MobileNetV2,test
data/processed/test\Cortinarius\949_8OyiXJnNar8.jpg,Cortinarius,Boletus,False,0.7929950952529907,0.0101511000011669,MobileNetV2,test
data/processed/test\Cortinarius\950_HDskNFXm9xc.jpg,Cortinarius,Boletus,False,0.9848552346229552,0.0112481000014668,MobileNetV2,test
data/processed/test\Entoloma\008_AZvp1cwweLk.jpg,Entoloma,Amanita,False,0.269028753042221,0.0124547999985225,MobileNetV2,test
data/processed/test\Entoloma\015_HkVmyyuf6D4.jpg,Entoloma,Lactarius,False,0.7336549758911133,0.0104185999989567,MobileNetV2,test
data/processed/test\Entoloma\016_ARE6YaRXCgc.jpg,Entoloma,Lactarius,False,0.3233815133571625,0.0106250999997428,MobileNetV2,test
data/processed/test\Entoloma\024_bN9lzk7miXk.jpg,Entoloma,Agaricus,False,0.3239504694938659,0.0105999000006704,MobileNetV2,test
data/processed/test\Entoloma\028_ep6xNTtGRbM.jpg,Entoloma,Cortinarius,False,0.4223520755767822,0.0118242000007739,MobileNetV2,test
data/processed/test\Entoloma\040_AaS7qJWOhTY.jpg,Entoloma,Russula,False,0.4216372072696686,0.0115617999999813,MobileNetV2,test
data/processed/test\Entoloma\041_8TLv6hZ7PQg.jpg,Entoloma,Russula,False,0.8077972531318665,0.0119906999989325,MobileNetV2,test
data/processed/test\Entoloma\043_HA9oR2t5gx4.jpg,Entoloma,Amanita,False,0.2383642941713333,0.0103441999999631,MobileNetV2,test
data/processed/test\Entoloma\053_pGhgq2L9_f8.jpg,Entoloma,Exidia,False,0.3301085233688354,0.0098624999991443,MobileNetV2,test
data/processed/test\Entoloma\075_6zFJxFd4PFI.jpg,Entoloma,Hygrocybe,False,0.277621328830719,0.0111375000014959,MobileNetV2,test
data/processed/test\Entoloma\077_MiiSt18mhFg.jpg,Entoloma,Russula,False,0.7641974687576294,0.0107661000001826,MobileNetV2,test
data/processed/test\Entoloma\087_B8cy4l0fVCM.jpg,Entoloma,Cortinarius,False,0.364636480808258,0.0107870000010734,MobileNetV2,test
data/processed/test\Entoloma\095_sc5K2sdc95k.jpg,Entoloma,Lactarius,False,0.4203234910964966,0.0108098000000609,MobileNetV2,test
data/processed/test\Entoloma\100_DOEuA90u0n4.jpg,Entoloma,Lactarius,False,0.8262497782707214,0.011051799998313,MobileNetV2,test
data/processed/test\Entoloma\112_tZybBnWnquU.jpg,Entoloma,Boletus,False,0.6245128512382507,0.0126880000007076,MobileNetV2,test
data/processed/test\Entoloma\114_hVYv8T9rAdI.jpg,Entoloma,Boletus,False,0.3735193014144897,0.0104070999987015,MobileNetV2,test
data/processed/test\Entoloma\123_N1nBNk8zowc.jpg,Entoloma,Amanita,False,0.3142604529857635,0.012735899999825,MobileNetV2,test
data/processed/test\Entoloma\124_NgFCwyrvUBU.jpg,Entoloma,Amanita,False,0.5716218948364258,0.0112874999995256,MobileNetV2,test
data/processed/test\Entoloma\125_H6KQJubz60Q.jpg,Entoloma,Inocybe,False,0.5505563020706177,0.0118977000001905,MobileNetV2,test
data/processed/test\Entoloma\137_2wOQqIdze_Y.jpg,Entoloma,Hygrocybe,False,0.4326245486736297,0.0110174000001279,MobileNetV2,test
data/processed/test\Entoloma\154_HDT_he4bSpA.jpg,Entoloma,Lactarius,False,0.549964964389801,0.010558600000877,MobileNetV2,test
data/processed/test\Entoloma\155_ab4GU9GVNl0.jpg,Entoloma,Lactarius,False,0.6492030620574951,0.0093001000004733,MobileNetV2,test
data/processed/test\Entoloma\159_gzyo4cu2SF0.jpg,Entoloma,Lactarius,False,0.2833230793476105,0.011488799998915,MobileNetV2,test
data/processed/test\Entoloma\170_rgOUjNM_DM4.jpg,Entoloma,Cortinarius,False,0.5949258208274841,0.0126598999995621,MobileNetV2,test
data/processed/test\Entoloma\178_j9A_u3GorWg.jpg,Entoloma,Cortinarius,False,0.6448809504508972,0.0112537000004522,MobileNetV2,test
data/processed/test\Entoloma\185_UK9hgsbXBR8.jpg,Entoloma,Amanita,False,0.4117158055305481,0.0099623000005522,MobileNetV2,test
data/processed/test\Entoloma\187_m0UFCsyH-Bs.jpg,Entoloma,Cortinarius,False,0.5007150173187256,0.0127587999995739,MobileNetV2,test
data/processed/test\Entoloma\192_Tf_A1Q4bdco.jpg,Entoloma,Boletus,False,0.5015526413917542,0.012468800001443,MobileNetV2,test
data/processed/test\Entoloma\195_tEj9VvcKoc8.jpg,Entoloma,Inocybe,False,0.317419171333313,0.0111653999992995,MobileNetV2,test
data/processed/test\Entoloma\202_FQWDsaZPytk.jpg,Entoloma,Entoloma,True,0.2678290903568268,0.0125602000007347,MobileNetV2,test
data/processed/test\Entoloma\213_xX7APSYep7c.jpg,Entoloma,Russula,False,0.3989748060703277,0.0117652999997517,MobileNetV2,test
data/processed/test\Entoloma\217_MQnUltdhEsM.jpg,Entoloma,Russula,False,0.9731076955795288,0.00851750000038,MobileNetV2,test
data/processed/test\Entoloma\221_aU7_BswojlM.jpg,Entoloma,Cortinarius,False,0.6628672480583191,0.0087242999998125,MobileNetV2,test
data/processed/test\Entoloma\225_3YNITN-NtWM.jpg,Entoloma,Amanita,False,0.3629551827907562,0.0087605999997322,MobileNetV2,test
data/processed/test\Entoloma\244_5qYibVwYigY.jpg,Entoloma,Boletus,False,0.3090594112873077,0.0086977999999362,MobileNetV2,test
data/processed/test\Entoloma\247_ABBDuWCbqT0.jpg,Entoloma,Inocybe,False,0.3801065385341644,0.0105451999988872,MobileNetV2,test
data/processed/test\Entoloma\254_iO4rO5rmxLg.jpg,Entoloma,Cortinarius,False,0.5704144835472107,0.010345500000767,MobileNetV2,test
data/processed/test\Entoloma\269_YSsglwYAx0A.jpg,Entoloma,Cortinarius,False,0.471152126789093,0.0097540999995544,MobileNetV2,test
data/processed/test\Entoloma\278_1UQ2eou4aVA.jpg,Entoloma,Entoloma,True,0.326590746641159,0.0104665999988355,MobileNetV2,test
data/processed/test\Entoloma\283_eWPMK-in8bA.jpg,Entoloma,Entoloma,True,0.3776675164699554,0.0094846000010875,MobileNetV2,test
data/processed/test\Entoloma\307_bs3Q880w3uI.jpg,Entoloma,Amanita,False,0.3376685082912445,0.0099132999985158,MobileNetV2,test
data/processed/test\Entoloma\309_QMD8y_m-X9w.jpg,Entoloma,Cortinarius,False,0.6951290965080261,0.0097459999997226,MobileNetV2,test
data/processed/test\Entoloma\315_x2hPqvpEIm4.jpg,Entoloma,Lactarius,False,0.4597890675067901,0.0125192000014067,MobileNetV2,test
data/processed/test\Entoloma\321_GSSvivRkKSs.jpg,Entoloma,Lactarius,False,0.3377059698104858,0.0095450000007986,MobileNetV2,test
data/processed/test\Entoloma\323_T1uKKhFKYQo.jpg,Entoloma,Russula,False,0.8023226261138916,0.0090548999996826,MobileNetV2,test
data/processed/test\Entoloma\333_1jBot7MZWes.jpg,Entoloma,Russula,False,0.3281645178794861,0.0093999000000621,MobileNetV2,test
data/processed/test\Entoloma\337_CtXrNI3Aodw.jpg,Entoloma,Russula,False,0.788084089756012,0.0107097999989491,MobileNetV2,test
data/processed/test\Entoloma\344_uf0xKp6qwNQ.jpg,Entoloma,Exidia,False,0.2746805846691131,0.0109225000014703,MobileNetV2,test
data/processed/test\Entoloma\349_PNzUfA1WO3M.jpg,Entoloma,Russula,False,0.4464085698127746,0.0105462000010447,MobileNetV2,test
data/processed/test\Entoloma\372_hriIdsNQgxI.jpg,Entoloma,Cortinarius,False,0.7880250215530396,0.010893999999098,MobileNetV2,test
data/processed/test\Entoloma\380_OI9EjWusj9s.jpg,Entoloma,Amanita,False,0.4394411444664001,0.0105894999996962,MobileNetV2,test
data/processed/test\Entoloma\389_-8kqVUZsNtU.jpg,Entoloma,Boletus,False,0.3440469205379486,0.0111477999998896,MobileNetV2,test
data/processed/test\Entoloma\391_u6_VQ5BQ3RQ.jpg,Entoloma,Lactarius,False,0.1667808890342712,0.0098316999992675,MobileNetV2,test
data/processed/test\Entoloma\394_I1aghwHRxKQ.jpg,Entoloma,Lactarius,False,0.4541977345943451,0.0119419999991805,MobileNetV2,test
data/processed/test\Entoloma\396_P8a-mnDratQ.jpg,Entoloma,Boletus,False,0.8534020185470581,0.0101189000015438,MobileNetV2,test
data/processed/test\Entoloma\401_7lcXxESXcOc.jpg,Entoloma,Cortinarius,False,0.7641348838806152,0.0105948999989777,MobileNetV2,test
data/processed/test\Exidia\APE2016-9184941_SkxjRjQbBe.jpg,Exidia,Exidia,True,0.6030622720718384,0.0136413000000175,MobileNetV2,test
data/processed/test\Exidia\APE2017-9186106_r1lnuhbbvl.jpg,Exidia,Exidia,True,0.937922477722168,0.0094000000008236,MobileNetV2,test
data/processed/test\Exidia\APE2017-9186594_S1gbav70Pg.jpg,Exidia,Exidia,True,0.958875060081482,0.009982100000343,MobileNetV2,test
data/processed/test\Exidia\BEC2017-9186082_Bk5dpkxvg.jpg,Exidia,Boletus,False,0.7788138389587402,0.0094140000001061,MobileNetV2,test
data/processed/test\Exidia\BEC2017-9186082_HkySBeewx.jpg,Exidia,Exidia,True,0.7268300652503967,0.0126397000003635,MobileNetV2,test
data/processed/test\Exidia\BT2015PIC69830748.jpg,Exidia,Exidia,True,0.8185520172119141,0.0106177999987266,MobileNetV2,test
data/processed/test\Exidia\BWP2010PIC21033449.jpg,Exidia,Boletus,False,0.7715671062469482,0.0098156999993079,MobileNetV2,test
data/processed/test\Exidia\BWP2010PIC26179585.jpg,Exidia,Boletus,False,0.312542200088501,0.0098290000005363,MobileNetV2,test
data/processed/test\Exidia\BWP2010PIC63422920.jpg,Exidia,Boletus,False,0.312542200088501,0.0112145000002783,MobileNetV2,test
data/processed/test\Exidia\BWP2012PIC72778365.jpg,Exidia,Exidia,True,0.9106374979019164,0.0148549999994429,MobileNetV2,test
data/processed/test\Exidia\BWP2012PIC73866455.jpg,Exidia,Exidia,True,0.2046780735254287,0.0094847999989724,MobileNetV2,test
data/processed/test\Exidia\DI2017-9188574_Hk1cP3Tix.jpg,Exidia,Exidia,True,0.9325343370437622,0.0102109999988897,MobileNetV2,test
data/processed/test\Exidia\EAT2017-9188143_SkIXsq-ig.jpg,Exidia,Exidia,True,0.7950956225395203,0.0090199999995093,MobileNetV2,test
data/processed/test\Exidia\FA2009PIC34033903.jpg,Exidia,Entoloma,False,0.2775264084339142,0.0138691000011021,MobileNetV2,test
data/processed/test\Exidia\FA2009PIC41674148.jpg,Exidia,Cortinarius,False,0.3874606788158417,0.0099004999992757,MobileNetV2,test
data/processed/test\Exidia\FDE2014PIC40274346.jpg,Exidia,Cortinarius,False,0.6620917320251465,0.0101759999997739,MobileNetV2,test
data/processed/test\Exidia\FS2013PIC31639353.jpg,Exidia,Inocybe,False,0.2723856270313263,0.0105442000003677,MobileNetV2,test
data/processed/test\Exidia\GLJ2012PIC77958863.jpg,Exidia,Hygrocybe,False,0.2131136208772659,0.0082121999985247,MobileNetV2,test
data/processed/test\Exidia\HM2012PIC53684895.jpg,Exidia,Exidia,True,0.5974227786064148,0.0098395999993954,MobileNetV2,test
data/processed/test\Exidia\JAH2010PIC83850018.jpg,Exidia,Exidia,True,0.6308133006095886,0.0093350999995891,MobileNetV2,test
data/processed/test\Exidia\JAH2011PIC50778683.jpg,Exidia,Cortinarius,False,0.734169602394104,0.0090691000004881,MobileNetV2,test
data/processed/test\Exidia\JAH2012PIC31946080.jpg,Exidia,Exidia,True,0.6296944618225098,0.0085265999987313,MobileNetV2,test
data/processed/test\Exidia\JAH2012PIC42360712.jpg,Exidia,Exidia,True,0.8958284854888916,0.0077125999996496,MobileNetV2,test
data/processed/test\Exidia\JAH2012PIC89993887.jpg,Exidia,Inocybe,False,0.3260245025157928,0.0075273000002198,MobileNetV2,test
data/processed/test\Exidia\JAJ2017-9185700_rkbkFjfUx.jpg,Exidia,Exidia,True,0.4761876761913299,0.0076995999988866,MobileNetV2,test
data/processed/test\Exidia\JC2016-9184056_Byw5hr_Qx.jpg,Exidia,Exidia,True,0.7618894577026367,0.0072509000001446,MobileNetV2,test
data/processed/test\Exidia\JCS2009PIC12309413.jpg,Exidia,Exidia,True,0.9404513835906982,0.0071724999997968,MobileNetV2,test
data/processed/test\Exidia\JM2011PIC15975626.jpg,Exidia,Lactarius,False,0.2302791029214859,0.0078551000005973,MobileNetV2,test
data/processed/test\Exidia\JM2012PIC10429941.jpg,Exidia,Exidia,True,0.9488025307655334,0.0072846000002755,MobileNetV2,test
data/processed/test\Exidia\JM2016-9182928_HydQkTeMe.jpg,Exidia,Exidia,True,0.6231340169906616,0.0072874999987107,MobileNetV2,test
data/processed/test\Exidia\JMI2017-9225941_BkUTwno3Z.jpg,Exidia,Exidia,True,0.6896147131919861,0.007184000000052,MobileNetV2,test
data/processed/test\Exidia\JO2011PIC61426163.jpg,Exidia,Inocybe,False,0.300395131111145,0.0076078000001871,MobileNetV2,test
data/processed/test\Exidia\KMA2016-9182761_BJZkKzAWe.jpg,Exidia,Exidia,True,0.6657953858375549,0.0071430000007239,MobileNetV2,test
data/processed/test\Exidia\KNI2009PIC40725553.jpg,Exidia,Cortinarius,False,0.8873988389968872,0.0071174000004248,MobileNetV2,test
data/processed/test\Exidia\KNK2014PIC59831810.jpg,Exidia,Exidia,True,0.5939735174179077,0.0069617000008292,MobileNetV2,test
data/processed/test\Exidia\MC2017-9190790_r1lwUvc0e.jpg,Exidia,Exidia,True,0.4891197979450226,0.0070907999997871,MobileNetV2,test
data/processed/test\Exidia\MFC2016-9180603_HJlPfl0lxe.jpg,Exidia,Exidia,True,0.7921327352523804,0.0072043000000121,MobileNetV2,test
data/processed/test\Exidia\ML2009PIC13001963.jpg,Exidia,Exidia,True,0.5668365359306335,0.0070734999990236,MobileNetV2,test
data/processed/test\Exidia\ML2011PIC18007945.jpg,Exidia,Exidia,True,0.8543883562088013,0.0077283999999053,MobileNetV2,test
data/processed/test\Exidia\ML2011PIC65179349.jpg,Exidia,Exidia,True,0.4620040655136108,0.0075950999998894,MobileNetV2,test
data/processed/test\Exidia\MMN2010PIC69549468.jpg,Exidia,Inocybe,False,0.361788272857666,0.008200599999327,MobileNetV2,test
data/processed/test\Exidia\MMN2012PIC61631279.jpg,Exidia,Exidia,True,0.8658890724182129,0.0106019000013475,MobileNetV2,test
data/processed/test\Exidia\MSO2011PIC32526200.jpg,Exidia,Exidia,True,0.9871522784233092,0.0097174999991693,MobileNetV2,test
data/processed/test\Exidia\MSO2012PIC15916968.jpg,Exidia,Exidia,True,0.6783542633056641,0.0076845999992656,MobileNetV2,test
data/processed/test\Exidia\MSO2014PIC66151749.jpg,Exidia,Exidia,True,0.7649604082107544,0.0087678999989293,MobileNetV2,test
data/processed/test\Exidia\MSO2015PIC74895293.jpg,Exidia,Cortinarius,False,0.3640155792236328,0.0082323000005999,MobileNetV2,test
data/processed/test\Exidia\MSO2016PIC23090222.jpg,Exidia,Exidia,True,0.3359304070472717,0.0081233999990217,MobileNetV2,test
data/processed/test\Exidia\NHE2016-9180599_Byki66lel.jpg,Exidia,Exidia,True,0.9522290825843812,0.0075828999997611,MobileNetV2,test
data/processed/test\Exidia\NVM2013PIC42485487.jpg,Exidia,Cortinarius,False,0.447835236787796,0.007201200000054,MobileNetV2,test
data/processed/test\Exidia\RSS2017-9188091_H1ey3FQyoe.jpg,Exidia,Inocybe,False,0.4741237461566925,0.0078257999994093,MobileNetV2,test
data/processed/test\Exidia\TAK2013PIC32572675.jpg,Exidia,Exidia,True,0.5371551513671875,0.0072394999988318,MobileNetV2,test
data/processed/test\Exidia\TIL2017-9190084_BJQTBLw6px.jpg,Exidia,Amanita,False,0.3269585967063904,0.0074272000001656,MobileNetV2,test
data/processed/test\Exidia\TKH2012PIC10624779.jpg,Exidia,Cortinarius,False,0.372333288192749,0.0078666999997949,MobileNetV2,test
data/processed/test\Exidia\TKH2013PIC59849237.jpg,Exidia,Exidia,True,0.6541851162910461,0.0079277000004367,MobileNetV2,test
data/processed/test\Exidia\TKH2015PIC23528165.jpg,Exidia,Inocybe,False,0.3217765092849731,0.007841600001484,MobileNetV2,test
data/processed/test\Exidia\TL2015PIC58388718.jpg,Exidia,Exidia,True,0.7748491764068604,0.0079816999987087,MobileNetV2,test
data/processed/test\Exidia\TL2015PIC80481245.jpg,Exidia,Exidia,True,0.929618239402771,0.0070470000009663,MobileNetV2,test
data/processed/test\Exidia\TL2016-9182730_HykuO06Zg.jpg,Exidia,Exidia,True,0.7501512765884399,0.0072967999985849,MobileNetV2,test
data/processed/test\Exidia\TOB2015PIC38267487.jpg,Exidia,Exidia,True,0.7776308655738831,0.0069777999997313,MobileNetV2,test
data/processed/test\Exidia\TOB2016-9184524_S10gErNNl.jpg,Exidia,Lactarius,False,0.2893317937850952,0.0079707000004418,MobileNetV2,test
data/processed/test\Exidia\TS2010PIC71382964.jpg,Exidia,Exidia,True,0.9321975708007812,0.0069767999993928,MobileNetV2,test
data/processed/test\Exidia\TS2013PIC55827351.jpg,Exidia,Exidia,True,0.819319486618042,0.0087695000001986,MobileNetV2,test
data/processed/test\Exidia\TS2016PIC29053644.jpg,Exidia,Exidia,True,0.9724082350730896,0.009220699999787,MobileNetV2,test
data/processed/test\Exidia\TS2016PIC39839225.jpg,Exidia,Russula,False,0.548315167427063,0.0073312999993504,MobileNetV2,test
data/processed/test\Exidia\UFN2017-9192300_S1ZikyZeW.jpg,Exidia,Exidia,True,0.7409974932670593,0.0073233000002801,MobileNetV2,test
data/processed/test\Exidia\UFN2017-9192376_BkicKxmgb.jpg,Exidia,Exidia,True,0.5632348656654358,0.0068307000001368,MobileNetV2,test
data/processed/test\Hygrocybe\000_ZNTZP3tXkz8.jpg,Hygrocybe,Hygrocybe,True,0.9430452585220336,0.0070629000001645,MobileNetV2,test
data/processed/test\Hygrocybe\003_r_0kZgNW3Tc.jpg,Hygrocybe,Hygrocybe,True,0.6146239042282104,0.0070292000000335,MobileNetV2,test
data/processed/test\Hygrocybe\004_uURYojZQbjQ.jpg,Hygrocybe,Hygrocybe,True,0.3937274515628814,0.0072102000012819,MobileNetV2,test
data/processed/test\Hygrocybe\012_LItejlRJ918.jpg,Hygrocybe,Cortinarius,False,0.5337087512016296,0.0072615999997651,MobileNetV2,test
data/processed/test\Hygrocybe\022_NycgOWqKPEA.jpg,Hygrocybe,Hygrocybe,True,0.6024101972579956,0.0072081999987858,MobileNetV2,test
data/processed/test\Hygrocybe\030_AQ4o1Xm4AL0.jpg,Hygrocybe,Boletus,False,0.5174137949943542,0.0076070999984949,MobileNetV2,test
data/processed/test\Hygrocybe\032_DZ1xy6htm0M.jpg,Hygrocybe,Lactarius,False,0.3153008818626404,0.0073668000004545,MobileNetV2,test
data/processed/test\Hygrocybe\040_3txjJQ9iLYI.jpg,Hygrocybe,Hygrocybe,True,0.8372361660003662,0.0070008000002417,MobileNetV2,test
data/processed/test\Hygrocybe\045_TJd-2TQFv10.jpg,Hygrocybe,Lactarius,False,0.4620225429534912,0.0070035999997344,MobileNetV2,test
data/processed/test\Hygrocybe\049_XD-_-BeBBR4.jpg,Hygrocybe,Hygrocybe,True,0.9808413982391356,0.0076227999998081,MobileNetV2,test
data/processed/test\Hygrocybe\050_ubNntQr-eWE.jpg,Hygrocybe,Hygrocybe,True,0.9984149932861328,0.0070914999996603,MobileNetV2,test
data/processed/test\Hygrocybe\056_cGxyxb6UHGk.jpg,Hygrocybe,Russula,False,0.4152556359767914,0.0074399999994057,MobileNetV2,test
data/processed/test\Hygrocybe\070_WNKPUMir-JY.jpg,Hygrocybe,Lactarius,False,0.3254680931568146,0.0071282999997492,MobileNetV2,test
data/processed/test\Hygrocybe\072_G-fOGmTh3jY.jpg,Hygrocybe,Hygrocybe,True,0.9947566986083984,0.011217299999771,MobileNetV2,test
data/processed/test\Hygrocybe\076_HGEpcAdN9KE.jpg,Hygrocybe,Hygrocybe,True,0.8741915822029114,0.0069929999990563,MobileNetV2,test
data/processed/test\Hygrocybe\081_puYZ4KzYSqs.jpg,Hygrocybe,Hygrocybe,True,0.9552619457244872,0.0073169999996025,MobileNetV2,test
data/processed/test\Hygrocybe\107_8A2HnEVmiKo.jpg,Hygrocybe,Hygrocybe,True,0.8572460412979126,0.0070183000007091,MobileNetV2,test
data/processed/test\Hygrocybe\112_qr7hsvuhJZ0.jpg,Hygrocybe,Hygrocybe,True,0.9982182383537292,0.0070481999991898,MobileNetV2,test
data/processed/test\Hygrocybe\126_0gAqgiheOxI.jpg,Hygrocybe,Hygrocybe,True,0.9956373572349548,0.0072730000010778,MobileNetV2,test
data/processed/test\Hygrocybe\127_XCKEujZlVek.jpg,Hygrocybe,Hygrocybe,True,0.8885188698768616,0.0071566000005987,MobileNetV2,test
data/processed/test\Hygrocybe\129_j8zgmU7QMxU.jpg,Hygrocybe,Hygrocybe,True,0.9971977472305298,0.0069726000001537,MobileNetV2,test
data/processed/test\Hygrocybe\132_tuQX6vBvZRk.jpg,Hygrocybe,Hygrocybe,True,0.8998734951019287,0.0069137999998929,MobileNetV2,test
data/processed/test\Hygrocybe\133_3_ieL2NtOF0.jpg,Hygrocybe,Hygrocybe,True,0.98292875289917,0.0070620999995298,MobileNetV2,test
data/processed/test\Hygrocybe\142_bhwsyvZtIY0.jpg,Hygrocybe,Cortinarius,False,0.3388166129589081,0.006977299999562,MobileNetV2,test
data/processed/test\Hygrocybe\153_vIb6t4IHEzM.jpg,Hygrocybe,Hygrocybe,True,0.9428526163101196,0.0073699000004125,MobileNetV2,test
data/processed/test\Hygrocybe\159_Ymge5g1qpP4.jpg,Hygrocybe,Hygrocybe,True,0.4684111773967743,0.0071054000000003,MobileNetV2,test
data/processed/test\Hygrocybe\167_0dmBJfGHH8c.jpg,Hygrocybe,Hygrocybe,True,0.972429633140564,0.0070601999996142,MobileNetV2,test
data/processed/test\Hygrocybe\181_GCIMCymbYLk.jpg,Hygrocybe,Cortinarius,False,0.5004862546920776,0.0073144999987562,MobileNetV2,test
data/processed/test\Hygrocybe\188_5IJ0j3yYEyk.jpg,Hygrocybe,Russula,False,0.6069279313087463,0.0071436000016547,MobileNetV2,test
data/processed/test\Hygrocybe\201_9i5OZWNQwG0.jpg,Hygrocybe,Hygrocybe,True,0.998230516910553,0.0068526000013662,MobileNetV2,test
data/processed/test\Hygrocybe\203_Z33ahTENL0Q.jpg,Hygrocybe,Hygrocybe,True,0.9006162285804749,0.0069323000006988,MobileNetV2,test
data/processed/test\Hygrocybe\205_pVtK0sC_qAE.jpg,Hygrocybe,Hygrocybe,True,0.2365378141403198,0.0074810999994952,MobileNetV2,test
data/processed/test\Hygrocybe\216_jDgNLEnykyU.jpg,Hygrocybe,Cortinarius,False,0.8828111886978149,0.0082746999996743,MobileNetV2,test
data/processed/test\Hygrocybe\225_KKCj-5wLqCA.jpg,Hygrocybe,Russula,False,0.8406720161437988,0.0076358999995136,MobileNetV2,test
data/processed/test\Hygrocybe\227_L3z3XTxXk78.jpg,Hygrocybe,Amanita,False,0.4559175372123718,0.0073577000002842,MobileNetV2,test
data/processed/test\Hygrocybe\230_yk2KrQJOQS8.jpg,Hygrocybe,Lactarius,False,0.3292528986930847,0.0072712000001047,MobileNetV2,test
data/processed/test\Hygrocybe\240_7wFT2NzNJsA.jpg,Hygrocybe,Hygrocybe,True,0.5561957955360413,0.0070015000001149,MobileNetV2,test
data/processed/test\Hygrocybe\253_IgK1gMXB7S0.jpg,Hygrocybe,Lactarius,False,0.5868827104568481,0.0071023000000423,MobileNetV2,test
data/processed/test\Hygrocybe\257_LPbsa5Oitj0.jpg,Hygrocybe,Suillus,False,0.3539296388626098,0.0092884999994566,MobileNetV2,test
data/processed/test\Hygrocybe\271_wkoF4DRryAY.jpg,Hygrocybe,Amanita,False,0.7494645118713379,0.0135606999992887,MobileNetV2,test
data/processed/test\Hygrocybe\272_-uL1iUddkKE.jpg,Hygrocybe,Cortinarius,False,0.5722095966339111,0.0073078999994322,MobileNetV2,test
data/processed/test\Hygrocybe\279_qMPhGAtE9-E.jpg,Hygrocybe,Hygrocybe,True,0.4625343084335327,0.0078105000011419,MobileNetV2,test
data/processed/test\Hygrocybe\287_V13XWthHpss.jpg,Hygrocybe,Boletus,False,0.3623036444187164,0.0078028000007179,MobileNetV2,test
data/processed/test\Hygrocybe\292_RJnjsciXCNM.jpg,Hygrocybe,Hygrocybe,True,0.9989652633666992,0.00795399999879,MobileNetV2,test
data/processed/test\Hygrocybe\299_VBHrsAmQC-E.jpg,Hygrocybe,Hygrocybe,True,0.7878113985061646,0.0072937999993882,MobileNetV2,test
data/processed/test\Hygrocybe\301_vp5CIThqt4k.jpg,Hygrocybe,Hygrocybe,True,0.9986804127693176,0.0072685000013734,MobileNetV2,test
data/processed/test\Hygrocybe\314_tDtKkHcGxRM.jpg,Hygrocybe,Hygrocybe,True,0.9472885727882384,0.0080214000008709,MobileNetV2,test
data/processed/test\Hygrocybe\325_rro3hIu1Nqw.jpg,Hygrocybe,Hygrocybe,True,0.2047204077243805,0.007621000000654,MobileNetV2,test
data/processed/test\Inocybe\AE2013PIC74694917.jpg,Inocybe,Inocybe,True,0.4472293853759765,0.0072503999999753,MobileNetV2,test
data/processed/test\Inocybe\AE2015PIC76548267.jpg,Inocybe,Lactarius,False,0.7334361672401428,0.0082949999996344,MobileNetV2,test
data/processed/test\Inocybe\AS2010PIC58249290.jpg,Inocybe,Inocybe,True,0.4147280752658844,0.0079433000009885,MobileNetV2,test
data/processed/test\Inocybe\AS2017-9214269_rygo0WejZ.jpg,Inocybe,Russula,False,0.6074457764625549,0.0079545999997208,MobileNetV2,test
data/processed/test\Inocybe\BWP2010PIC63790785.jpg,Inocybe,Cortinarius,False,0.6017951369285583,0.0071502999999211,MobileNetV2,test
data/processed/test\Inocybe\BWP2011PIC57986404.jpg,Inocybe,Inocybe,True,0.455397754907608,0.0073276000002806,MobileNetV2,test
data/processed/test\Inocybe\BWP2013PIC14438171.jpg,Inocybe,Cortinarius,False,0.6421536207199097,0.0071031999996193,MobileNetV2,test
data/processed/test\Inocybe\BWP2015PIC54111483.jpg,Inocybe,Cortinarius,False,0.2183018177747726,0.0074026000002049,MobileNetV2,test
data/processed/test\Inocybe\BWP2015PIC66105035.jpg,Inocybe,Exidia,False,0.3493443727493286,0.00731690000066,MobileNetV2,test
data/processed/test\Inocybe\BWP2016-9169400_r1cjMF0O.jpg,Inocybe,Cortinarius,False,0.4017778038978576,0.0072017000002233,MobileNetV2,test
data/processed/test\Inocybe\BWP2016-9169400_ryGAfY0u.jpg,Inocybe,Amanita,False,0.3110788464546203,0.0083763999991788,MobileNetV2,test
data/processed/test\Inocybe\CL2011PIC55659604.jpg,Inocybe,Exidia,False,0.3030531406402588,0.0070764000010967,MobileNetV2,test
data/processed/test\Inocybe\DB2013PIC33800138.jpg,Inocybe,Inocybe,True,0.4707428216934204,0.0070434999997814,MobileNetV2,test
data/processed/test\Inocybe\DB2013PIC42730442.jpg,Inocybe,Cortinarius,False,0.5293020009994507,0.0071456999994552,MobileNetV2,test
data/processed/test\Inocybe\DB2013PIC57804056.jpg,Inocybe,Inocybe,True,0.5399318337440491,0.0070805999985168,MobileNetV2,test
data/processed/test\Inocybe\DB2013PIC89729265.jpg,Inocybe,Cortinarius,False,0.7874707579612732,0.0071845999991637,MobileNetV2,test
data/processed/test\Inocybe\EAT2012PIC64084765.jpg,Inocybe,Cortinarius,False,0.5544026494026184,0.0069716999987576,MobileNetV2,test
data/processed/test\Inocybe\EAT2012PIC84850246.jpg,Inocybe,Cortinarius,False,0.8119643330574036,0.0071049999987735,MobileNetV2,test
data/processed/test\Inocybe\EAT2013PIC54191345.jpg,Inocybe,Inocybe,True,0.2091820538043975,0.0069910999991407,MobileNetV2,test
data/processed/test\Inocybe\EAT2014PIC42270599.jpg,Inocybe,Boletus,False,0.919597327709198,0.0096071000007214,MobileNetV2,test
data/processed/test\Inocybe\EAT2015PIC87367583.jpg,Inocybe,Amanita,False,0.3217799961566925,0.006782699998439,MobileNetV2,test
data/processed/test\Inocybe\EAT2015PIC89289492.jpg,Inocybe,Exidia,False,0.2174686938524246,0.0076967000004515,MobileNetV2,test
data/processed/test\Inocybe\EAT2017-9208647_BJQtzKntb.jpg,Inocybe,Amanita,False,0.5786053538322449,0.0076833000002807,MobileNetV2,test
data/processed/test\Inocybe\FDE2011PIC86172261.jpg,Inocybe,Lactarius,False,0.5108823180198669,0.0071644999989075,MobileNetV2,test
data/processed/test\Inocybe\FDE2012PIC64061850.jpg,Inocybe,Russula,False,0.3588864803314209,0.0068553999990399,MobileNetV2,test
data/processed/test\Inocybe\FS2012PIC59633008.jpg,Inocybe,Hygrocybe,False,0.3180075883865356,0.0070133999997779,MobileNetV2,test
data/processed/test\Inocybe\JAH2014PIC52290371.jpg,Inocybe,Russula,False,0.2412003874778747,0.0071454000008088,MobileNetV2,test
data/processed/test\Inocybe\JCS2009PIC20338594.jpg,Inocybe,Cortinarius,False,0.7869930267333984,0.0117401999996218,MobileNetV2,test
data/processed/test\Inocybe\JCS2013PIC22587806.jpg,Inocybe,Inocybe,True,0.5449310541152954,0.008021199999348,MobileNetV2,test
data/processed/test\Inocybe\JCS2013PIC43012548.jpg,Inocybe,Amanita,False,0.3995066583156585,0.0070786000014777,MobileNetV2,test
data/processed/test\Inocybe\JCS2013PIC83427178.jpg,Inocybe,Cortinarius,False,0.6356409192085266,0.0069961000008333,MobileNetV2,test
data/processed/test\Inocybe\JHC2017-9196021_r1DJCAiXW.jpg,Inocybe,Agaricus,False,0.3719927072525024,0.0070204999992711,MobileNetV2,test
data/processed/test\Inocybe\JHC2017-9201118_B1VmZiXPZ.jpg,Inocybe,Lactarius,False,0.50133216381073,0.0078585999999631,MobileNetV2,test
data/processed/test\Inocybe\JHC2017-9207705_H16Z0hStW.jpg,Inocybe,Cortinarius,False,0.4277551472187042,0.006929699999091,MobileNetV2,test
data/processed/test\Inocybe\JM2012PIC76798409.jpg,Inocybe,Inocybe,True,0.8062235713005066,0.0079634999983682,MobileNetV2,test
data/processed/test\Inocybe\JM2014PIC65927854.jpg,Inocybe,Lactarius,False,0.4245200157165527,0.007731200001217,MobileNetV2,test
data/processed/test\Inocybe\JM2017-9200086_HkgcxFo28W.jpg,Inocybe,Inocybe,True,0.2944239377975464,0.008237399999416,MobileNetV2,test
data/processed/test\Inocybe\JM2017-9200086_rkceKj2LZ.jpg,Inocybe,Exidia,False,0.2737565040588379,0.0074345000011817,MobileNetV2,test
data/processed/test\Inocybe\JM2017-9202674_ByodB43P-.jpg,Inocybe,Cortinarius,False,0.5891643166542053,0.0076361000010365,MobileNetV2,test
data/processed/test\Inocybe\KNI2015PIC36175674.jpg,Inocybe,Hygrocybe,False,0.5437747240066528,0.0083202999994682,MobileNetV2,test
data/processed/test\Inocybe\LDJ2009PIC30690154.jpg,Inocybe,Inocybe,True,0.7030462622642517,0.0081375000008847,MobileNetV2,test
data/processed/test\Inocybe\MACH2016-9178188_S1cpNX6A.jpg,Inocybe,Inocybe,True,0.5066130757331848,0.0082719000001816,MobileNetV2,test
data/processed/test\Inocybe\MAV2010PIC78400496.jpg,Inocybe,Cortinarius,False,0.3218713104724884,0.0082128000012744,MobileNetV2,test
data/processed/test\Inocybe\MAV2011PIC87756495.jpg,Inocybe,Boletus,False,0.2999214828014374,0.0076695000007021,MobileNetV2,test
data/processed/test\Inocybe\MAV2013PIC41670341.jpg,Inocybe,Lactarius,False,0.1918799877166748,0.0076288999989628,MobileNetV2,test
data/processed/test\Inocybe\ML2012PIC15959384.jpg,Inocybe,Inocybe,True,0.4136716723442077,0.0076410000001487,MobileNetV2,test
data/processed/test\Inocybe\MMN2010PIC77085274.jpg,Inocybe,Amanita,False,0.3927225172519684,0.0081122999999934,MobileNetV2,test
data/processed/test\Inocybe\MS2009PIC48014779.jpg,Inocybe,Cortinarius,False,0.4144312739372253,0.0075655000000551,MobileNetV2,test
data/processed/test\Inocybe\MS2009PIC76598275.jpg,Inocybe,Inocybe,True,0.3109560906887054,0.0080878000007942,MobileNetV2,test
data/processed/test\Inocybe\MSO2012PIC41953814.jpg,Inocybe,Cortinarius,False,0.2512102425098419,0.0089365999992878,MobileNetV2,test
data/processed/test\Inocybe\OBL2011PIC48076248.jpg,Inocybe,Inocybe,True,0.3189396560192108,0.0082416999994165,MobileNetV2,test
data/processed/test\Inocybe\OBL2012PIC16913624.jpg,Inocybe,Exidia,False,0.7826501131057739,0.0071102000001701,MobileNetV2,test
data/processed/test\Inocybe\PEL2017-9195655_B1Yl9j8mb.jpg,Inocybe,Inocybe,True,0.3756488263607025,0.0070333999992726,MobileNetV2,test
data/processed/test\Inocybe\PETRA2017-9197483_rkgT7fMH-.jpg,Inocybe,Inocybe,True,0.4102223813533783,0.0071107999992818,MobileNetV2,test
data/processed/test\Inocybe\PL2011PIC79270766.jpg,Inocybe,Boletus,False,0.3462024927139282,0.0069518999989668,MobileNetV2,test
data/processed/test\Inocybe\PTP2016-9171214_SyeyOS_pq.jpg,Inocybe,Exidia,False,0.5131433010101318,0.007317999999941,MobileNetV2,test
data/processed/test\Inocybe\RE2010PIC60585326.jpg,Inocybe,Inocybe,True,0.2512611448764801,0.0072452000003977,MobileNetV2,test
data/processed/test\Inocybe\RE2012PIC39126061.jpg,Inocybe,Lactarius,False,0.5063748359680176,0.0074249999997846,MobileNetV2,test
data/processed/test\Inocybe\RE2012PIC69020667.jpg,Inocybe,Russula,False,0.5052561163902283,0.0081092000000353,MobileNetV2,test
data/processed/test\Inocybe\SL2013PIC12810247.jpg,Inocybe,Cortinarius,False,0.2920211255550384,0.0071643000010226,MobileNetV2,test
data/processed/test\Inocybe\TAK2012PIC72845888.jpg,Inocybe,Agaricus,False,0.3261836767196655,0.0071084000010159,MobileNetV2,test
data/processed/test\Inocybe\TAK2013PIC38129211.jpg,Inocybe,Russula,False,0.8170895576477051,0.0071119999993243,MobileNetV2,test
data/processed/test\Inocybe\TAK2014PIC74058257.jpg,Inocybe,Russula,False,0.4831353724002838,0.0070548999992752,MobileNetV2,test
data/processed/test\Inocybe\TAK2015PIC12430189.jpg,Inocybe,Amanita,False,0.3272700011730194,0.006993599999987,MobileNetV2,test
data/processed/test\Inocybe\TAK2017-9195726_SJBnA3Dm-.jpg,Inocybe,Cortinarius,False,0.3494956791400909,0.0071631999999226,MobileNetV2,test
data/processed/test\Inocybe\TB2010PIC30549452.jpg,Inocybe,Inocybe,True,0.2623129189014435,0.0071389999993698,MobileNetV2,test
data/processed/test\Inocybe\TKH2011PIC29550858.jpg,Inocybe,Inocybe,True,0.2790194153785705,0.0072072999992087,MobileNetV2,test
data/processed/test\Inocybe\TKH2012PIC24863747.jpg,Inocybe,Cortinarius,False,0.4520267248153686,0.0072886999987531,MobileNetV2,test
data/processed/test\Inocybe\TKH2012PIC58539255.jpg,Inocybe,Amanita,False,0.5293108820915222,0.0075132999991183,MobileNetV2,test
data/processed/test\Inocybe\TKH2013PIC15346099.jpg,Inocybe,Boletus,False,0.4375204741954803,0.0070373999988078,MobileNetV2,test
data/processed/test\Inocybe\TKH2013PIC24960254.jpg,Inocybe,Cortinarius,False,0.3845150172710418,0.0076845999992656,MobileNetV2,test
data/processed/test\Inocybe\TKH2013PIC33707521.jpg,Inocybe,Cortinarius,False,0.3315817415714264,0.0072493000006943,MobileNetV2,test
data/processed/test\Inocybe\TKH2013PIC43429224.jpg,Inocybe,Russula,False,0.8758494257926941,0.0071090000001277,MobileNetV2,test
data/processed/test\Inocybe\TKH2013PIC89377657.jpg,Inocybe,Inocybe,True,0.7376214265823364,0.0069325000004027,MobileNetV2,test
data/processed/test\Inocybe\TKH2014PIC28133692.jpg,Inocybe,Inocybe,True,0.3962995111942291,0.0074993000016547,MobileNetV2,test
data/processed/test\Inocybe\TOB2016-9177959_r1E_IZN1e.jpg,Inocybe,Inocybe,True,0.3967622518539428,0.0071463999993284,MobileNetV2,test
data/processed/test\Inocybe\TOB2017-9194552_ryHFsS3MZ.jpg,Inocybe,Amanita,False,0.3017087578773498,0.0071585999994567,MobileNetV2,test
data/processed/test\Inocybe\TOB2017-9202157_SJH4BiA_P-.jpg,Inocybe,Inocybe,True,0.2239265590906143,0.0080959000006259,MobileNetV2,test
data/processed/test\Inocybe\TOB2017-9202157_rkQEriRdDb.jpg,Inocybe,Lactarius,False,0.2519113421440124,0.0083508999996411,MobileNetV2,test
data/processed/test\Inocybe\TOB2017-9208818_BJI8SxBgcb.jpg,Inocybe,Inocybe,True,0.4700398743152618,0.0071582000000489,MobileNetV2,test
data/processed/test\Inocybe\TOB2017-9208818_Hy9LSxSe5Z.jpg,Inocybe,Russula,False,0.2634180188179016,0.0072978999996848,MobileNetV2,test
data/processed/test\Inocybe\TOB2017-9208818_rJG8reBe5Z.jpg,Inocybe,Inocybe,True,0.3348105847835541,0.0070873999993636,MobileNetV2,test
data/processed/test\Inocybe\TOB2017-9208818_rk8Serx5W.jpg,Inocybe,Inocybe,True,0.3166004121303558,0.0078948999998829,MobileNetV2,test
data/processed/test\Inocybe\TS2010PIC72695117.jpg,Inocybe,Agaricus,False,0.4463784396648407,0.0094325999998545,MobileNetV2,test
data/processed/test\Inocybe\TS2011PIC26376558.jpg,Inocybe,Exidia,False,0.5946173071861267,0.011187100000825,MobileNetV2,test
data/processed/test\Inocybe\TS2011PIC53483517.jpg,Inocybe,Boletus,False,0.6988664865493774,0.008334800000739,MobileNetV2,test
data/processed/test\Inocybe\TS2011PIC53751796.jpg,Inocybe,Agaricus,False,0.7237921953201294,0.0073490999984642,MobileNetV2,test
data/processed/test\Inocybe\TS2012PIC31340902.jpg,Inocybe,Cortinarius,False,0.7324199676513672,0.0070639999994455,MobileNetV2,test
data/processed/test\Inocybe\TS2012PIC71517695.jpg,Inocybe,Cortinarius,False,0.4793196022510528,0.0071833000001788,MobileNetV2,test
data/processed/test\Inocybe\TS2012PIC76182348.jpg,Inocybe,Cortinarius,False,0.5177185535430908,0.007143900000301,MobileNetV2,test
data/processed/test\Inocybe\TS2013PIC21993338.jpg,Inocybe,Cortinarius,False,0.4596636593341827,0.0069476000007853,MobileNetV2,test
data/processed/test\Inocybe\TS2013PIC26765211.jpg,Inocybe,Lactarius,False,0.8767847418785095,0.0071069999994506,MobileNetV2,test
data/processed/test\Inocybe\TS2015PIC48470465.jpg,Inocybe,Lactarius,False,0.2577008605003357,0.007126700000299,MobileNetV2,test
data/processed/test\Inocybe\TS2016-9180197_S1b2-Dmpye.jpg,Inocybe,Inocybe,True,0.3805776238441467,0.0085454999989451,MobileNetV2,test
data/processed/test\Lactarius\0000_av7f-8yVUNY.jpg,Lactarius,Lactarius,True,0.3892548084259033,0.007849100000385,MobileNetV2,test
data/processed/test\Lactarius\0004_gigZhorw0Eo.jpg,Lactarius,Cortinarius,False,0.5533360838890076,0.0074502999996184,MobileNetV2,test
data/processed/test\Lactarius\0008_SSJpwPhX7Rs.jpg,Lactarius,Cortinarius,False,0.4386436939239502,0.0083348999996815,MobileNetV2,test
data/processed/test\Lactarius\001_0eat5sScleY.jpg,Lactarius,Russula,False,0.422549158334732,0.0072233999999298,MobileNetV2,test
data/processed/test\Lactarius\0024_UzDaRx13wVs.jpg,Lactarius,Russula,False,0.6548565030097961,0.0072594000012031,MobileNetV2,test
data/processed/test\Lactarius\0026_autPTj6WXpU.jpg,Lactarius,Russula,False,0.4734714329242706,0.007861000000048,MobileNetV2,test
data/processed/test\Lactarius\0036_UjqjlkUecEk.jpg,Lactarius,Russula,False,0.9862281084060668,0.0081367999991925,MobileNetV2,test
data/processed/test\Lactarius\0058_Ksaju-DFTOM.jpg,Lactarius,Russula,False,0.8602991700172424,0.007131999998819,MobileNetV2,test
data/processed/test\Lactarius\0071_2YKUxBBp95A.jpg,Lactarius,Amanita,False,0.3765848278999328,0.0069105999991734,MobileNetV2,test
data/processed/test\Lactarius\0078_67hlnzvWweg.jpg,Lactarius,Boletus,False,0.708245575428009,0.0071220999998331,MobileNetV2,test
data/processed/test\Lactarius\0090_8gZ-MF4DF5c.jpg,Lactarius,Boletus,False,0.4001962542533874,0.0079178999985742,MobileNetV2,test
data/processed/test\Lactarius\0091_GJfhcGAsQEs.jpg,Lactarius,Lactarius,True,0.3721280097961426,0.0077526000004581,MobileNetV2,test
data/processed/test\Lactarius\0092_lAL2nLK6Yqc.jpg,Lactarius,Amanita,False,0.8746734261512756,0.0069669999993493,MobileNetV2,test
data/processed/test\Lactarius\0096_YCFCQKyiPFI.jpg,Lactarius,Lactarius,True,0.5902379155158997,0.0080334999984188,MobileNetV2,test
data/processed/test\Lactarius\0100_VP4M5qp5Xuw.jpg,Lactarius,Russula,False,0.8624991178512573,0.0068845999994664,MobileNetV2,test
data/processed/test\Lactarius\0108_bkdZqadlJYM.jpg,Lactarius,Lactarius,True,0.2273377925157547,0.0070746000001236,MobileNetV2,test
data/processed/test\Lactarius\0117_LS-tLCqWBuQ.jpg,Lactarius,Russula,False,0.7002256512641907,0.0079974999989644,MobileNetV2,test
data/processed/test\Lactarius\0125_WOyBnDf1Lbs.jpg,Lactarius,Cortinarius,False,0.3860643208026886,0.0071900999992067,MobileNetV2,test
data/processed/test\Lactarius\0147_ZAySZ3Wkn8k.jpg,Lactarius,Hygrocybe,False,0.9627076387405396,0.0070412999994005,MobileNetV2,test
data/processed/test\Lactarius\0156_xCwDrPY72us.jpg,Lactarius,Cortinarius,False,0.7985242009162903,0.0072010999992926,MobileNetV2,test
data/processed/test\Lactarius\0174_S-0siMhJtoc.jpg,Lactarius,Lactarius,True,0.7276718616485596,0.0080586999993101,MobileNetV2,test
data/processed/test\Lactarius\0180_j-oei6bAdy0.jpg,Lactarius,Russula,False,0.6692679524421692,0.0071895000000949,MobileNetV2,test
data/processed/test\Lactarius\0184_wNzoTeCzC5o.jpg,Lactarius,Lactarius,True,0.462570309638977,0.0071009999992384,MobileNetV2,test
data/processed/test\Lactarius\0188_QDGj1_inixA.jpg,Lactarius,Inocybe,False,0.2613981068134308,0.0070966999992378,MobileNetV2,test
data/processed/test\Lactarius\0189_u2k3sXqag1M.jpg,Lactarius,Russula,False,0.6296166777610779,0.0071637000000919,MobileNetV2,test
data/processed/test\Lactarius\0192_st28pxbylcw.jpg,Lactarius,Agaricus,False,0.2353517413139343,0.0120680999989417,MobileNetV2,test
data/processed/test\Lactarius\0202_gGw05EbUi_w.jpg,Lactarius,Russula,False,0.4841217398643493,0.0086379000003944,MobileNetV2,test
data/processed/test\Lactarius\0204_PNAIMfY3CWk.jpg,Lactarius,Amanita,False,0.4959533214569092,0.0074819000001298,MobileNetV2,test
data/processed/test\Lactarius\020_AhURHwS9I_c.jpg,Lactarius,Cortinarius,False,0.5852932929992676,0.0080187999992631,MobileNetV2,test
data/processed/test\Lactarius\0211_a-wtZr6fOMw.jpg,Lactarius,Boletus,False,0.4234898090362549,0.0080422000010003,MobileNetV2,test
data/processed/test\Lactarius\0212_6r0AFhCvTk4.jpg,Lactarius,Lactarius,True,0.9235653281211852,0.0091793999999936,MobileNetV2,test
data/processed/test\Lactarius\0222_JO5jLmkfAw0.jpg,Lactarius,Lactarius,True,0.8569536805152893,0.0082297000008111,MobileNetV2,test
data/processed/test\Lactarius\0224_XrApvIigcOQ.jpg,Lactarius,Lactarius,True,0.4337984025478363,0.0080526999990979,MobileNetV2,test
data/processed/test\Lactarius\0228_HknGOROG6Cs.jpg,Lactarius,Boletus,False,0.4735581576824188,0.0078792000003886,MobileNetV2,test
data/processed/test\Lactarius\0233_YNlSVzp0Kjo.jpg,Lactarius,Lactarius,True,0.6848611235618591,0.0073852999994414,MobileNetV2,test
data/processed/test\Lactarius\0237_zZdLcl0mkD0.jpg,Lactarius,Entoloma,False,0.2310878485441208,0.0079833999989205,MobileNetV2,test
data/processed/test\Lactarius\0242_zOYn0DVnISo.jpg,Lactarius,Boletus,False,0.4472583830356598,0.0074733000001288,MobileNetV2,test
data/processed/test\Lactarius\0251_wz4ikkhjBU8.jpg,Lactarius,Lactarius,True,0.2928260862827301,0.0074705999995785,MobileNetV2,test
data/processed/test\Lactarius\0256_AfKj-CzsmLI.jpg,Lactarius,Cortinarius,False,0.3137113749980926,0.0068360000004759,MobileNetV2,test
data/processed/test\Lactarius\025_8bHMwyrm1xE.jpg,Lactarius,Hygrocybe,False,0.7218049168586731,0.0070286999998643,MobileNetV2,test
data/processed/test\Lactarius\0261_pUdRYRMfy7c.jpg,Lactarius,Lactarius,True,0.4380905032157898,0.0070653000002494,MobileNetV2,test
data/processed/test\Lactarius\0264_9xkZs2wAZRQ.jpg,Lactarius,Amanita,False,0.4446979463100433,0.0072407999996357,MobileNetV2,test
data/processed/test\Lactarius\0270_1nWaT7nSeDE.jpg,Lactarius,Lactarius,True,0.6618893146514893,0.007152500000302,MobileNetV2,test
data/processed/test\Lactarius\0271_kYpV1APLO9s.jpg,Lactarius,Inocybe,False,0.3009764850139618,0.0072939999990921,MobileNetV2,test
data/processed/test\Lactarius\0275_akjCXeShyUw.jpg,Lactarius,Lactarius,True,0.6197199821472168,0.0099463000005926,MobileNetV2,test
data/processed/test\Lactarius\0290_KNGFGvBuZbU.jpg,Lactarius,Russula,False,0.9578347206115724,0.007014099999651,MobileNetV2,test
data/processed/test\Lactarius\0307_MA7GubKH4ZM.jpg,Lactarius,Lactarius,True,0.7662556171417236,0.0077306000002863,MobileNetV2,test
data/processed/test\Lactarius\0313_CWX_V7CeQM4.jpg,Lactarius,Amanita,False,0.5072585940361023,0.0072718000010354,MobileNetV2,test
data/processed/test\Lactarius\0322_2UpHsEF5Mzs.jpg,Lactarius,Lactarius,True,0.5677387118339539,0.0072220000001834,MobileNetV2,test
data/processed/test\Lactarius\0325_lAq1Din489Y.jpg,Lactarius,Lactarius,True,0.5591201186180115,0.0072285999995074,MobileNetV2,test
data/processed/test\Lactarius\0328_8IPggG6t9VY.jpg,Lactarius,Lactarius,True,0.5657960176467896,0.0070311999988916,MobileNetV2,test
data/processed/test\Lactarius\0335_dVTfQmjMltw.jpg,Lactarius,Lactarius,True,0.814117968082428,0.0072533000002295,MobileNetV2,test
data/processed/test\Lactarius\0340_0gzvFhGVf5M.jpg,Lactarius,Boletus,False,0.510551929473877,0.0071437000005971,MobileNetV2,test
data/processed/test\Lactarius\0348_OWdZuiQh9xc.jpg,Lactarius,Cortinarius,False,0.6407371163368225,0.0073898000009648,MobileNetV2,test
data/processed/test\Lactarius\0356_gTCmsPnWyO4.jpg,Lactarius,Boletus,False,0.7945267558097839,0.0071112999994511,MobileNetV2,test
data/processed/test\Lactarius\0360_Bfw8PtjOZoI.jpg,Lactarius,Lactarius,True,0.4529800117015838,0.0072454000001016,MobileNetV2,test
data/processed/test\Lactarius\036_Tku_ku-u_WQ.jpg,Lactarius,Lactarius,True,0.9548131227493286,0.0072819999986677,MobileNetV2,test
data/processed/test\Lactarius\0375_E_5sHNAa0DU.jpg,Lactarius,Exidia,False,0.3295109272003174,0.0104035000003932,MobileNetV2,test
data/processed/test\Lactarius\0385_zeoDavzC8Ec.jpg,Lactarius,Boletus,False,0.9988334774971008,0.0095880000008037,MobileNetV2,test
data/processed/test\Lactarius\0405_XQ5FsiWx3Sc.jpg,Lactarius,Russula,False,0.8414374589920044,0.0090254000006098,MobileNetV2,test
data/processed/test\Lactarius\0422_5SNHMw4kUg4.jpg,Lactarius,Cortinarius,False,0.6068239808082581,0.0090849000007438,MobileNetV2,test
data/processed/test\Lactarius\0436_3AJoqSsMCPY.jpg,Lactarius,Russula,False,0.3990571796894073,0.0084399000006669,MobileNetV2,test
data/processed/test\Lactarius\0438_7Qg0kxIGbd4.jpg,Lactarius,Lactarius,True,0.8014455437660217,0.0079846999997243,MobileNetV2,test
data/processed/test\Lactarius\043_JIiImC3i_NQ.jpg,Lactarius,Boletus,False,0.715355396270752,0.0077510999999503,MobileNetV2,test
data/processed/test\Lactarius\0462_t7WHbpJLnZA.jpg,Lactarius,Lactarius,True,0.2877521216869354,0.0088133000008383,MobileNetV2,test
data/processed/test\Lactarius\0473_FeKBXttVCwg.jpg,Lactarius,Russula,False,0.4603061974048614,0.0072146999991673,MobileNetV2,test
data/processed/test\Lactarius\0488_l_gNg2GDLEk.jpg,Lactarius,Amanita,False,0.7534940242767334,0.0071276999988185,MobileNetV2,test
data/processed/test\Lactarius\0489_6GuHfi0wmko.jpg,Lactarius,Cortinarius,False,0.2451880574226379,0.0072094999995897,MobileNetV2,test
data/processed/test\Lactarius\0499_MWZEqXbgfwc.jpg,Lactarius,Lactarius,True,0.694431722164154,0.0071828000000095,MobileNetV2,test
data/processed/test\Lactarius\0512_Sot3apiP2eQ.jpg,Lactarius,Amanita,False,0.48478963971138,0.0080803000000742,MobileNetV2,test
data/processed/test\Lactarius\0526_O8CTOvfgWXg.jpg,Lactarius,Exidia,False,0.2700569927692413,0.0070623000010527,MobileNetV2,test
data/processed/test\Lactarius\0532_7BfGW7kGfzM.jpg,Lactarius,Boletus,False,0.7763432264328003,0.0074855000002571,MobileNetV2,test
data/processed/test\Lactarius\0537_q78Py0hHqVc.jpg,Lactarius,Cortinarius,False,0.5488341450691223,0.0080628000014257,MobileNetV2,test
data/processed/test\Lactarius\0545_ewwuwHvRvLc.jpg,Lactarius,Boletus,False,0.3795636296272278,0.0079642000000603,MobileNetV2,test
data/processed/test\Lactarius\056_9JgBES16B_4.jpg,Lactarius,Lactarius,True,0.5890533924102783,0.0079706999986228,MobileNetV2,test
data/processed/test\Lactarius\0571_3sjlFMXpK_0.jpg,Lactarius,Amanita,False,0.5077796578407288,0.007515000001149,MobileNetV2,test
data/processed/test\Lactarius\0576_5wNWaAeW6vo.jpg,Lactarius,Lactarius,True,0.4186780750751495,0.0080119999984162,MobileNetV2,test
data/processed/test\Lactarius\0596_ROVmIKr9KjA.jpg,Lactarius,Exidia,False,0.371157169342041,0.0077101000006223,MobileNetV2,test
data/processed/test\Lactarius\0612_qfZxbbQUJ2o.jpg,Lactarius,Cortinarius,False,0.6110904216766357,0.0078073000004224,MobileNetV2,test
data/processed/test\Lactarius\0615_R0G-yDrCQ6U.jpg,Lactarius,Cortinarius,False,0.683288037776947,0.0074173000011796,MobileNetV2,test
data/processed/test\Lactarius\061_KShq81HACXk.jpg,Lactarius,Lactarius,True,0.801843523979187,0.0070837000002939,MobileNetV2,test
data/processed/test\Lactarius\0628_7XDugUX8ezg.jpg,Lactarius,Lactarius,True,0.3882820904254913,0.0071791999998822,MobileNetV2,test
data/processed/test\Lactarius\0630_3idJVXnrBF4.jpg,Lactarius,Amanita,False,0.3040580451488495,0.0074260000001231,MobileNetV2,test
data/processed/test\Lactarius\0645_Z6spVFbiuEY.jpg,Lactarius,Amanita,False,0.4104453325271606,0.0068796000014117,MobileNetV2,test
data/processed/test\Lactarius\0649_uwl8etw5T-s.jpg,Lactarius,Lactarius,True,0.5236837267875671,0.0071480000005976,MobileNetV2,test
data/processed/test\Lactarius\0651_vzBdVntLr8c.jpg,Lactarius,Lactarius,True,0.4000313878059387,0.0073891000010917,MobileNetV2,test
data/processed/test\Lactarius\0664_vTIkNBMlgC0.jpg,Lactarius,Inocybe,False,0.2858216762542724,0.0068772000013268,MobileNetV2,test
data/processed/test\Lactarius\0670_V1ZK2sFc-Ro.jpg,Lactarius,Lactarius,True,0.929828941822052,0.007915199999843,MobileNetV2,test
data/processed/test\Lactarius\0672_VwMevK3GQmI.jpg,Lactarius,Cortinarius,False,0.4553416967391968,0.0078510000003007,MobileNetV2,test
data/processed/test\Lactarius\0674_jfw03-JCIg4.jpg,Lactarius,Boletus,False,0.8437207937240601,0.0082727999997587,MobileNetV2,test
data/processed/test\Lactarius\0675_t0wBJuQaX1I.jpg,Lactarius,Lactarius,True,0.928220808506012,0.0073252000001957,MobileNetV2,test
data/processed/test\Lactarius\0680_9iK0lHxdnbE.jpg,Lactarius,Russula,False,0.7454176545143127,0.0081506999995326,MobileNetV2,test
data/processed/test\Lactarius\069_WjmaRv5colU.jpg,Lactarius,Russula,False,0.981955111026764,0.006902799999807,MobileNetV2,test
data/processed/test\Lactarius\0704_ylcLIXgu01w.jpg,Lactarius,Russula,False,0.7728209495544434,0.0073264000002382,MobileNetV2,test
data/processed/test\Lactarius\0706_5KiNR80hz8c.jpg,Lactarius,Lactarius,True,0.3821465075016022,0.0080210000014631,MobileNetV2,test
data/processed/test\Lactarius\0709_rGbRBgcO1Bo.jpg,Lactarius,Cortinarius,False,0.8188958168029785,0.007198100000096,MobileNetV2,test
data/processed/test\Lactarius\0716_XAFN8ZsH8Oc.jpg,Lactarius,Lactarius,True,0.7151123285293579,0.0073307999991811,MobileNetV2,test
data/processed/test\Lactarius\0734_NI0Ax90MD5c.jpg,Lactarius,Cortinarius,False,0.352196991443634,0.007314899999983,MobileNetV2,test
data/processed/test\Lactarius\0736_aLqBxhhsMow.jpg,Lactarius,Lactarius,True,0.7975461483001709,0.0069793000002391,MobileNetV2,test
data/processed/test\Lactarius\0745_ey3D5LyzKTY.jpg,Lactarius,Russula,False,0.5825756192207336,0.0072152000011556,MobileNetV2,test
data/processed/test\Lactarius\0747_adx1MMw58MI.jpg,Lactarius,Russula,False,0.6901199221611023,0.0070267999999487,MobileNetV2,test
data/processed/test\Lactarius\0756_C1Ll5LZF_Cg.jpg,Lactarius,Lactarius,True,0.3048854172229767,0.0070787999993626,MobileNetV2,test
data/processed/test\Lactarius\0757_3LeqE6pda1M.jpg,Lactarius,Lactarius,True,0.4676253199577331,0.0069568999988405,MobileNetV2,test
data/processed/test\Lactarius\0759_oLEvM6Hhevs.jpg,Lactarius,Boletus,False,0.4747762084007263,0.0070264000005408,MobileNetV2,test
data/processed/test\Lactarius\0762_KnQg1QaWm0A.jpg,Lactarius,Russula,False,0.5342789888381958,0.0072258000000147,MobileNetV2,test
data/processed/test\Lactarius\0773_7sw6xICACRk.jpg,Lactarius,Lactarius,True,0.7146643996238708,0.0071093999995355,MobileNetV2,test
data/processed/test\Lactarius\0782_4hQQMaTQWEI.jpg,Lactarius,Russula,False,0.8218794465065002,0.0075004999998782,MobileNetV2,test
data/processed/test\Lactarius\0788_pRAv0S0JJWw.jpg,Lactarius,Boletus,False,0.2683538496494293,0.0075414000002638,MobileNetV2,test
data/processed/test\Lactarius\0789_YdasocklYzQ.jpg,Lactarius,Amanita,False,0.4017297923564911,0.0074832000009337,MobileNetV2,test
data/processed/test\Lactarius\0793_0GzeXD2rqQY.jpg,Lactarius,Amanita,False,0.6246944665908813,0.0070421999989775,MobileNetV2,test
data/processed/test\Lactarius\0794_rAh-SYlXfxI.jpg,Lactarius,Cortinarius,False,0.37746462225914,0.0070186000011744,MobileNetV2,test
data/processed/test\Lactarius\0805_zrH6_rVsSM8.jpg,Lactarius,Cortinarius,False,0.5371593236923218,0.0074318000006314,MobileNetV2,test
data/processed/test\Lactarius\0809_nKVSQbfh_8Q.jpg,Lactarius,Russula,False,0.6498613953590393,0.0074179000002914,MobileNetV2,test
data/processed/test\Lactarius\0810_HmCW6dmg8ww.jpg,Lactarius,Boletus,False,0.3824387192726135,0.007835000000341,MobileNetV2,test
data/processed/test\Lactarius\0811_fny9MwqLlJQ.jpg,Lactarius,Boletus,False,0.9702457785606384,0.0067165999989811,MobileNetV2,test
data/processed/test\Lactarius\0814_QfgRmQ7qhf4.jpg,Lactarius,Amanita,False,0.7521253824234009,0.0080790000010892,MobileNetV2,test
data/processed/test\Lactarius\0819_UXB8BitCLeg.jpg,Lactarius,Lactarius,True,0.7323603630065918,0.0078354000015679,MobileNetV2,test
data/processed/test\Lactarius\0823_Ux2nE3c9Um8.jpg,Lactarius,Lactarius,True,0.8725227117538452,0.0070394000013038,MobileNetV2,test
data/processed/test\Lactarius\0829_s0YUBr49gwI.jpg,Lactarius,Boletus,False,0.6667856574058533,0.0073130999990098,MobileNetV2,test
data/processed/test\Lactarius\083_b-MWcypdVgI.jpg,Lactarius,Cortinarius,False,0.4526208043098449,0.0076899999985471,MobileNetV2,test
data/processed/test\Lactarius\0852_7k3Zyy3_DGE.jpg,Lactarius,Lactarius,True,0.6094547510147095,0.0078564000014011,MobileNetV2,test
data/processed/test\Lactarius\0861_R-QITvIdQ0I.jpg,Lactarius,Russula,False,0.9384896159172058,0.0079384000000573,MobileNetV2,test
data/processed/test\Lactarius\0863_vVoT2CYybJg.jpg,Lactarius,Lactarius,True,0.4310541152954101,0.0081143999996129,MobileNetV2,test
data/processed/test\Lactarius\0868_VH-IjF4KU2A.jpg,Lactarius,Lactarius,True,0.9626120924949646,0.0071033999993233,MobileNetV2,test
data/processed/test\Lactarius\0874_2lGLHI_YG5k.jpg,Lactarius,Boletus,False,0.5587193369865417,0.0071279000003414,MobileNetV2,test
data/processed/test\Lactarius\087_L5ZS-DiYxEI.jpg,Lactarius,Russula,False,0.6087583303451538,0.0082431000009819,MobileNetV2,test
data/processed/test\Lactarius\0881_3RtHEelIwJ0.jpg,Lactarius,Lactarius,True,0.3669390976428985,0.0092512000010174,MobileNetV2,test
data/processed/test\Lactarius\0886_DVymd3ri6ok.jpg,Lactarius,Boletus,False,0.6642100214958191,0.0082557000005181,MobileNetV2,test
data/processed/test\Lactarius\0890_Fm2kZLQ186E.jpg,Lactarius,Lactarius,True,0.8909003138542175,0.0077467000010074,MobileNetV2,test
data/processed/test\Lactarius\0891_y4giXhWdmzg.jpg,Lactarius,Inocybe,False,0.3503225445747375,0.0085581999992427,MobileNetV2,test
data/processed/test\Lactarius\0894_faLSlbF53CA.jpg,Lactarius,Lactarius,True,0.6336135268211365,0.0071155000005092,MobileNetV2,test
data/processed/test\Lactarius\0898_H5ncLRcbiOQ.jpg,Lactarius,Boletus,False,0.5525686144828796,0.0071653000013611,MobileNetV2,test
data/processed/test\Lactarius\089_AJoVxJM23M4.jpg,Lactarius,Russula,False,0.7941301465034485,0.007190399999672,MobileNetV2,test
data/processed/test\Lactarius\0904_Z0MfidvU7JU.jpg,Lactarius,Amanita,False,0.5996435284614563,0.0082462999998824,MobileNetV2,test
data/processed/test\Lactarius\0924_mvAXbhaPY-k.jpg,Lactarius,Lactarius,True,0.5336537957191467,0.0117019999997864,MobileNetV2,test
data/processed/test\Lactarius\0931_qYe0VtJnAhQ.jpg,Lactarius,Lactarius,True,0.5115747451782227,0.0088740999999572,MobileNetV2,test
data/processed/test\Lactarius\0941_SIWGBlVT-DI.jpg,Lactarius,Boletus,False,0.9872020483016968,0.007379700000456,MobileNetV2,test
data/processed/test\Lactarius\0948_omWNNnbQkxU.jpg,Lactarius,Suillus,False,0.4997803866863251,0.0069380999993882,MobileNetV2,test
data/processed/test\Lactarius\094_-2iyr_W_qvQ.jpg,Lactarius,Agaricus,False,0.2577551603317261,0.0069079000004421,MobileNetV2,test
data/processed/test\Lactarius\0950_ijfkg6qgVms.jpg,Lactarius,Boletus,False,0.7130399942398071,0.0082263000003877,MobileNetV2,test
data/processed/test\Lactarius\095_BtaRrYfMJVs.jpg,Lactarius,Russula,False,0.3990160524845123,0.0072251999990839,MobileNetV2,test
data/processed/test\Lactarius\0966_RRkmCZs4Hgk.jpg,Lactarius,Russula,False,0.5204523205757141,0.0075498000005609,MobileNetV2,test
data/processed/test\Lactarius\0968_D_TOmURQt5M.jpg,Lactarius,Lactarius,True,0.2624675333499908,0.0074064000000362,MobileNetV2,test
data/processed/test\Lactarius\0975_TPuBswVPF4E.jpg,Lactarius,Cortinarius,False,0.8124808669090271,0.0073189999984606,MobileNetV2,test
data/processed/test\Lactarius\0978_f0jCRe74OWg.jpg,Lactarius,Lactarius,True,0.4846372902393341,0.0072711000011622,MobileNetV2,test
data/processed/test\Lactarius\097_EnaERH1OSng.jpg,Lactarius,Lactarius,True,0.3953311443328857,0.0077971999999135,MobileNetV2,test
data/processed/test\Lactarius\0980_m_ohZyV7g-Y.jpg,Lactarius,Lactarius,True,0.9249671697616576,0.0072667000004003,MobileNetV2,test
data/processed/test\Lactarius\0990_eosoYFrwQLI.jpg,Lactarius,Lactarius,True,0.5962241291999817,0.0084068999985902,MobileNetV2,test
data/processed/test\Lactarius\0993_vWFD5m5EFdw.jpg,Lactarius,Boletus,False,0.3319138884544372,0.0078143999999156,MobileNetV2,test
data/processed/test\Lactarius\0997_I_lCHDRsFnk.jpg,Lactarius,Boletus,False,0.944313645362854,0.0076865999999427,MobileNetV2,test
data/processed/test\Lactarius\099_tlQryExCSSc.jpg,Lactarius,Lactarius,True,0.4804646968841553,0.0106471999988571,MobileNetV2,test
data/processed/test\Lactarius\1023_5KzdIbZlWao.jpg,Lactarius,Boletus,False,0.402686059474945,0.007973600000696,MobileNetV2,test
data/processed/test\Lactarius\1031_-Xmag74uj8c.jpg,Lactarius,Cortinarius,False,0.4839717149734497,0.0077535000000352,MobileNetV2,test
data/processed/test\Lactarius\1035_5IsEFXEEEaY.jpg,Lactarius,Russula,False,0.2644579708576202,0.0078863999988243,MobileNetV2,test
data/processed/test\Lactarius\1039_IeXUvS5caiU.jpg,Lactarius,Inocybe,False,0.3271622061729431,0.0074557000007189,MobileNetV2,test
data/processed/test\Lactarius\1051_OqWmAht3bQo.jpg,Lactarius,Boletus,False,0.5583766102790833,0.0081351999997423,MobileNetV2,test
data/processed/test\Lactarius\1084__qV9VGarloM.jpg,Lactarius,Lactarius,True,0.7354146242141724,0.0115499000003183,MobileNetV2,test
data/processed/test\Lactarius\1087_T-XOvJDzPj4.jpg,Lactarius,Russula,False,0.9608075618743896,0.0076229999995121,MobileNetV2,test
data/processed/test\Lactarius\108_M1XYdkUcelY.jpg,Lactarius,Amanita,False,0.8675207495689392,0.008200599999327,MobileNetV2,test
data/processed/test\Lactarius\1095_DTLgzikyFDc.jpg,Lactarius,Lactarius,True,0.6658724546432495,0.0082707000001391,MobileNetV2,test
data/processed/test\Lactarius\1102_LESYYltPhNw.jpg,Lactarius,Russula,False,0.5097451210021973,0.0081231000003754,MobileNetV2,test
data/processed/test\Lactarius\1104_Top2jkbHf3c.jpg,Lactarius,Russula,False,0.9659915566444396,0.0126068000008672,MobileNetV2,test
data/processed/test\Lactarius\1108_Drq20AGMUPU.jpg,Lactarius,Russula,False,0.6129907369613647,0.0084410999988904,MobileNetV2,test
data/processed/test\Lactarius\1112_BjWWPLj9vfs.jpg,Lactarius,Russula,False,0.9608075618743896,0.0074583000005077,MobileNetV2,test
data/processed/test\Lactarius\1119_97YWRRfAMdE.jpg,Lactarius,Russula,False,0.9724326133728028,0.0080673000011302,MobileNetV2,test
data/processed/test\Lactarius\1126_OzpDgrwjWNc.jpg,Lactarius,Cortinarius,False,0.4435206651687622,0.0075207000008958,MobileNetV2,test
data/processed/test\Lactarius\1133_HDYDTLTS4FA.jpg,Lactarius,Russula,False,0.4734714329242706,0.0081291000005876,MobileNetV2,test
data/processed/test\Lactarius\1140_L4hzKxVbQc0.jpg,Lactarius,Russula,False,0.8785313963890076,0.0107038000005559,MobileNetV2,test
data/processed/test\Lactarius\1144_d52jIf1q8OQ.jpg,Lactarius,Russula,False,0.7044452428817749,0.0122792999991361,MobileNetV2,test
data/processed/test\Lactarius\1157_lIsQAIM1Bms.jpg,Lactarius,Lactarius,True,0.5136747360229492,0.0068351000008988,MobileNetV2,test
data/processed/test\Lactarius\1163_6urWblLWaP0.jpg,Lactarius,Lactarius,True,0.3076184689998626,0.0092490999995789,MobileNetV2,test
data/processed/test\Lactarius\1164_sa2vKVnzdDU.jpg,Lactarius,Russula,False,0.4292438924312591,0.0128473000004305,MobileNetV2,test
data/processed/test\Lactarius\1168_liGHHAZOR28.jpg,Lactarius,Amanita,False,0.3613659143447876,0.0078422000005957,MobileNetV2,test
data/processed/test\Lactarius\1185_l8CcBJMEx4U.jpg,Lactarius,Lactarius,True,0.5600932240486145,0.0068542000008164,MobileNetV2,test
data/processed/test\Lactarius\1187_SFmMgNJ91-I.jpg,Lactarius,Russula,False,0.9195083975791932,0.0079419000012421,MobileNetV2,test
data/processed/test\Lactarius\1194_Q_-2-NBIRlk.jpg,Lactarius,Amanita,False,0.3795719742774963,0.0098563999999896,MobileNetV2,test
data/processed/test\Lactarius\1199_hy7BCb0o9Ss.jpg,Lactarius,Inocybe,False,0.3912054002285003,0.013484299999618,MobileNetV2,test
data/processed/test\Lactarius\1205_V_YJfaEofno.jpg,Lactarius,Suillus,False,0.3011607825756073,0.0071653999984846,MobileNetV2,test
data/processed/test\Lactarius\1209_-oHFXkHNN6c.jpg,Lactarius,Suillus,False,0.3235422372817993,0.0069851999996899,MobileNetV2,test
data/processed/test\Lactarius\1210_5y8ObCFK_r4.jpg,Lactarius,Boletus,False,0.9219081401824952,0.0092967999989923,MobileNetV2,test
data/processed/test\Lactarius\1213_E6SGc19pJFY.jpg,Lactarius,Russula,False,0.4666029214859009,0.0073663999992277,MobileNetV2,test
data/processed/test\Lactarius\1223_6yV3bv_fpo8.jpg,Lactarius,Lactarius,True,0.3989290297031402,0.0080369999996037,MobileNetV2,test
data/processed/test\Lactarius\1224_Yn3W7OW8tkQ.jpg,Lactarius,Lactarius,True,0.5921260118484497,0.0076910000007046,MobileNetV2,test
data/processed/test\Lactarius\1226_nyvT8mRno3g.jpg,Lactarius,Boletus,False,0.8833682537078857,0.0077677000008407,MobileNetV2,test
data/processed/test\Lactarius\122_W_5GcNcAuN4.jpg,Lactarius,Russula,False,0.4047289788722992,0.0084348999989742,MobileNetV2,test
data/processed/test\Lactarius\1251_bPDEkspIv50.jpg,Lactarius,Russula,False,0.4846390187740326,0.0068975000012869,MobileNetV2,test
data/processed/test\Lactarius\1252_73K3pd3sWMQ.jpg,Lactarius,Russula,False,0.880950391292572,0.0070290999992721,MobileNetV2,test
data/processed/test\Lactarius\128_dfE8pjx6FdQ.jpg,Lactarius,Cortinarius,False,0.3430341780185699,0.0071324000000458,MobileNetV2,test
data/processed/test\Lactarius\136_2lSzCzGC8cs.jpg,Lactarius,Agaricus,False,0.3284408450126648,0.0072419999996782,MobileNetV2,test
data/processed/test\Lactarius\140_exY6qQ3hXgY.jpg,Lactarius,Amanita,False,0.3302086889743805,0.0070046000000729,MobileNetV2,test
data/processed/test\Lactarius\149_CwuowlVAMxY.jpg,Lactarius,Lactarius,True,0.5950764417648315,0.0072383999995508,MobileNetV2,test
data/processed/test\Lactarius\153_gN8-LTmbt4U.jpg,Lactarius,Lactarius,True,0.6319517493247986,0.0082534000011946,MobileNetV2,test
data/processed/test\Lactarius\164_YmyEAa79xJY.jpg,Lactarius,Lactarius,True,0.4475008845329284,0.0069715999998152,MobileNetV2,test
data/processed/test\Lactarius\166_m4APlqR5cX8.jpg,Lactarius,Lactarius,True,0.8838951587677002,0.0071574000012333,MobileNetV2,test
data/processed/test\Lactarius\167_sbpN5cmc4Qw.jpg,Lactarius,Hygrocybe,False,0.4726711213588714,0.0071848999996291,MobileNetV2,test
data/processed/test\Lactarius\172_AtgfiwOgTAk.jpg,Lactarius,Russula,False,0.5782341957092285,0.0070837999992363,MobileNetV2,test
data/processed/test\Lactarius\175_I_Sk3JdyB8Q.jpg,Lactarius,Lactarius,True,0.9097262024879456,0.0069770000009157,MobileNetV2,test
data/processed/test\Lactarius\176_7c5SOZYoEEQ.jpg,Lactarius,Lactarius,True,0.4183298647403717,0.0080121999999391,MobileNetV2,test
data/processed/test\Lactarius\182_Z_eMo84pz4w.jpg,Lactarius,Lactarius,True,0.4400193393230438,0.0078942999989521,MobileNetV2,test
data/processed/test\Lactarius\186_vqv6RGdM7tQ.jpg,Lactarius,Russula,False,0.5226629376411438,0.0074512999999569,MobileNetV2,test
data/processed/test\Lactarius\187_9b5XfCCHe9s.jpg,Lactarius,Lactarius,True,0.7901495695114136,0.0071838999992905,MobileNetV2,test
data/processed/test\Lactarius\188__ssneZ3zq44.jpg,Lactarius,Lactarius,True,0.8238793611526489,0.0069826000017201,MobileNetV2,test
data/processed/test\Lactarius\200_h-AIr5ayQw8.jpg,Lactarius,Russula,False,0.6680362224578857,0.0073487999998178,MobileNetV2,test
data/processed/test\Lactarius\204_5earXwj40js.jpg,Lactarius,Boletus,False,0.5356104969978333,0.0069132000007812,MobileNetV2,test
data/processed/test\Lactarius\206_32LgeIY1Yeg.jpg,Lactarius,Boletus,False,0.6138065457344055,0.0067863000003853,MobileNetV2,test
data/processed/test\Lactarius\216_XQewJ4iZ0SE.jpg,Lactarius,Boletus,False,0.927118718624115,0.007574499999464,MobileNetV2,test
data/processed/test\Lactarius\217_NouQvvUbzkI.jpg,Lactarius,Boletus,False,0.9096633791923524,0.0068011000003025,MobileNetV2,test
data/processed/test\Lactarius\220_s7m6OJgigsQ.jpg,Lactarius,Lactarius,True,0.5109508037567139,0.0079741999998077,MobileNetV2,test
data/processed/test\Lactarius\221_gFGMtF63hew.jpg,Lactarius,Lactarius,True,0.6071581840515137,0.0077402999995683,MobileNetV2,test
data/processed/test\Lactarius\233_Zrhk_kzm9RI.jpg,Lactarius,Boletus,False,0.740325391292572,0.0074880000011035,MobileNetV2,test
data/processed/test\Lactarius\243_Kcz6T9Gexhs.jpg,Lactarius,Boletus,False,0.5861989855766296,0.0069316999997681,MobileNetV2,test
data/processed/test\Lactarius\245_8a_KwW3R88w.jpg,Lactarius,Cortinarius,False,0.558448076248169,0.0077407999997376,MobileNetV2,test
data/processed/test\Lactarius\246_RXGb-uY_OT0.jpg,Lactarius,Hygrocybe,False,0.3292296528816223,0.0074184999994031,MobileNetV2,test
data/processed/test\Lactarius\253_04FkFVirQ7Y.jpg,Lactarius,Russula,False,0.6639612913131714,0.0072059000012814,MobileNetV2,test
data/processed/test\Lactarius\263_q4EWqSw73ss.jpg,Lactarius,Cortinarius,False,0.8671407103538513,0.0071568000003026,MobileNetV2,test
data/processed/test\Lactarius\276_hZykQcrhdmk.jpg,Lactarius,Cortinarius,False,0.5208300352096558,0.0073609999999462,MobileNetV2,test
data/processed/test\Lactarius\288_q9eXJ9RotUs.jpg,Lactarius,Cortinarius,False,0.3105549812316894,0.0081573000006756,MobileNetV2,test
data/processed/test\Lactarius\295_d1IVZwM135g.jpg,Lactarius,Cortinarius,False,0.4293359220027923,0.0074965999992855,MobileNetV2,test
data/processed/test\Lactarius\310_MVmkt2VWorA.jpg,Lactarius,Lactarius,True,0.4994432628154754,0.0079251999995904,MobileNetV2,test
data/processed/test\Lactarius\312_Kxi6Fhuexdw.jpg,Lactarius,Russula,False,0.5193146467208862,0.0074432000001252,MobileNetV2,test
data/processed/test\Lactarius\327_Hk8VyUuKT-A.jpg,Lactarius,Cortinarius,False,0.2123750299215316,0.0072929999987536,MobileNetV2,test
data/processed/test\Lactarius\333_NGUe2XVS3hk.jpg,Lactarius,Cortinarius,False,0.5232687592506409,0.0072903000000223,MobileNetV2,test
data/processed/test\Lactarius\335_fqi3SPxPO_M.jpg,Lactarius,Lactarius,True,0.8430948257446289,0.0070674999988113,MobileNetV2,test
data/processed/test\Lactarius\338_SSuhFw6v6bo.jpg,Lactarius,Cortinarius,False,0.7418414354324341,0.0072035000011965,MobileNetV2,test
data/processed/test\Lactarius\340_eLuW-nUYdC0.jpg,Lactarius,Boletus,False,0.70676589012146,0.007168800000727,MobileNetV2,test
data/processed/test\Lactarius\353_ZQcLrpjLWBc.jpg,Lactarius,Lactarius,True,0.4542259275913238,0.0075441999997565,MobileNetV2,test
data/processed/test\Lactarius\355_THNiI8IQ5e4.jpg,Lactarius,Russula,False,0.5604696869850159,0.0069354999995994,MobileNetV2,test
data/processed/test\Lactarius\364_TiFrgt8za6w.jpg,Lactarius,Russula,False,0.6860573291778564,0.0080035999999381,MobileNetV2,test
data/processed/test\Lactarius\365_gihWtePuGlo.jpg,Lactarius,Russula,False,0.9918169379234314,0.0070892000003368,MobileNetV2,test
data/processed/test\Lactarius\373_sb1ABlLL_Io.jpg,Lactarius,Russula,False,0.937178075313568,0.0083541000003606,MobileNetV2,test
data/processed/test\Lactarius\381_70eN3baoMiU.jpg,Lactarius,Russula,False,0.4983359575271606,0.0080303000013373,MobileNetV2,test
data/processed/test\Lactarius\391_x5VHqfidZUA.jpg,Lactarius,Lactarius,True,0.5285385251045227,0.0072660999994695,MobileNetV2,test
data/processed/test\Lactarius\394_pA_n_Wu4_60.jpg,Lactarius,Russula,False,0.9570372700691224,0.0077966000008018,MobileNetV2,test
data/processed/test\Lactarius\410_gHeG6gEpGT8.jpg,Lactarius,Boletus,False,0.3573824465274811,0.0074664999992819,MobileNetV2,test
data/processed/test\Lactarius\412_r_okI2cO5S4.jpg,Lactarius,Boletus,False,0.8197112083435059,0.0075828999997611,MobileNetV2,test
data/processed/test\Russula\001_iKuK1p9EOJ0.jpg,Russula,Suillus,False,0.2894077599048614,0.0075402999991638,MobileNetV2,test
data/processed/test\Russula\007_gZhfQcNeM9U.jpg,Russula,Russula,True,0.8869180083274841,0.0071034000011422,MobileNetV2,test
data/processed/test\Russula\008_Dz7lB9JtqxQ.jpg,Russula,Russula,True,0.9078930616378784,0.0070680999997421,MobileNetV2,test
data/processed/test\Russula\013_LGHqXuWMeHE.jpg,Russula,Lactarius,False,0.7731980681419373,0.0069239999993442,MobileNetV2,test
data/processed/test\Russula\014_a6ZorjAMstY.jpg,Russula,Lactarius,False,0.2418874949216842,0.0079917999992176,MobileNetV2,test
data/processed/test\Russula\019_EKkNgTevh1g.jpg,Russula,Russula,True,0.5106980800628662,0.009696500001155,MobileNetV2,test
data/processed/test\Russula\024_rhgAyyNHSJo.jpg,Russula,Inocybe,False,0.434898167848587,0.0085222000016074,MobileNetV2,test
data/processed/test\Russula\025_k35cqXEzH7Y.jpg,Russula,Lactarius,False,0.6059231758117676,0.007027100000414,MobileNetV2,test
data/processed/test\Russula\030_sCKfBfNbOl4.jpg,Russula,Russula,True,0.8415106534957886,0.0077260999987629,MobileNetV2,test
data/processed/test\Russula\039_ikQwz6n6X4o.jpg,Russula,Russula,True,0.6579568386077881,0.0070472999996127,MobileNetV2,test
data/processed/test\Russula\043_a_5lm55zCVc.jpg,Russula,Russula,True,0.2484164983034134,0.0071052000002964,MobileNetV2,test
data/processed/test\Russula\043_fOQ2ffx-cy8.jpg,Russula,Russula,True,0.9489282965660096,0.0079871999987517,MobileNetV2,test
data/processed/test\Russula\047_eHKYt6tnSCs.jpg,Russula,Inocybe,False,0.2230764478445053,0.0074836000003415,MobileNetV2,test
data/processed/test\Russula\050_MwOq3EeFUvc.jpg,Russula,Russula,True,0.9728050827980042,0.0081951000011031,MobileNetV2,test
data/processed/test\Russula\057_jOjOWsmPwSs.jpg,Russula,Boletus,False,0.7800527215003967,0.0082922000001417,MobileNetV2,test
data/processed/test\Russula\058_rXtA5QC0tm0.jpg,Russula,Russula,True,0.4262090027332306,0.0071753000011085,MobileNetV2,test
data/processed/test\Russula\064_7LLSFgmojbg.jpg,Russula,Russula,True,0.8915486335754395,0.0071203999996214,MobileNetV2,test
data/processed/test\Russula\066_QwlTSWbST_A.jpg,Russula,Russula,True,0.5165286660194397,0.0071008000013534,MobileNetV2,test
data/processed/test\Russula\067_1HwiqbR9nY4.jpg,Russula,Lactarius,False,0.4798037111759186,0.0073640999999042,MobileNetV2,test
data/processed/test\Russula\087_dkTD8ebKnDo.jpg,Russula,Russula,True,0.9154815673828124,0.0071650000008958,MobileNetV2,test
data/processed/test\Russula\090_wTqyZFVyKa4.jpg,Russula,Russula,True,0.4971372187137604,0.0071026999994501,MobileNetV2,test
data/processed/test\Russula\091_OhbGtsJOrac.jpg,Russula,Lactarius,False,0.2455818951129913,0.0073903000011341,MobileNetV2,test
data/processed/test\Russula\096_RZyKfwF8OnQ.jpg,Russula,Lactarius,False,0.476803719997406,0.0072177999991254,MobileNetV2,test
data/processed/test\Russula\097_MDNp4nnFbsU.jpg,Russula,Boletus,False,0.8786908984184265,0.0072546999999758,MobileNetV2,test
data/processed/test\Russula\097_vcRnfngKDrA.jpg,Russula,Russula,True,0.9102728962898254,0.0071702000004734,MobileNetV2,test
data/processed/test\Russula\102_ZPT8jUM20PQ.jpg,Russula,Lactarius,False,0.4358425736427307,0.0083006000004388,MobileNetV2,test
data/processed/test\Russula\104_Rsfyh5xO7v4.jpg,Russula,Lactarius,False,0.682258129119873,0.006986099999267,MobileNetV2,test
data/processed/test\Russula\105_-Z8GVGlP6ZQ.jpg,Russula,Cortinarius,False,0.537043035030365,0.0090884999990521,MobileNetV2,test
data/processed/test\Russula\110_Dq7-S4a1PBA.jpg,Russula,Inocybe,False,0.4202049076557159,0.0080952999996952,MobileNetV2,test
data/processed/test\Russula\110_tI1gcfV67iM.jpg,Russula,Russula,True,0.9459971785545348,0.0084754999988945,MobileNetV2,test
data/processed/test\Russula\112_LjHLUTH9Ofo.jpg,Russula,Russula,True,0.9217342734336852,0.0088668000007601,MobileNetV2,test
data/processed/test\Russula\115_421ZUjl0L6I.jpg,Russula,Lactarius,False,0.7598189115524292,0.0086836999998922,MobileNetV2,test
data/processed/test\Russula\116_1OsHlMx-dSQ.jpg,Russula,Russula,True,0.468698114156723,0.0082624999995459,MobileNetV2,test
data/processed/test\Russula\121_G6PKJxVEa-M.jpg,Russula,Russula,True,0.762853741645813,0.0076548000015463,MobileNetV2,test
data/processed/test\Russula\127_VbgJEufLv7I.jpg,Russula,Russula,True,0.7322552800178528,0.0080821999999898,MobileNetV2,test
data/processed/test\Russula\139_H3FH6JjjTzg.jpg,Russula,Russula,True,0.7709618210792542,0.0076535999996849,MobileNetV2,test
data/processed/test\Russula\145_o2dRwsYbjMY.jpg,Russula,Boletus,False,0.4143187701702118,0.0077170000004116,MobileNetV2,test
data/processed/test\Russula\150_HG0rdEL96d8.jpg,Russula,Russula,True,0.8751807808876038,0.0081079999999928,MobileNetV2,test
data/processed/test\Russula\152_T7Jz4WBLsEQ.jpg,Russula,Russula,True,0.6619650721549988,0.0072019999988697,MobileNetV2,test
data/processed/test\Russula\165_iSv1-9PofVg.jpg,Russula,Russula,True,0.7899434566497803,0.0075293999998393,MobileNetV2,test
data/processed/test\Russula\167_9loyXWNmBDI.jpg,Russula,Russula,True,0.9862381219863892,0.0079213000008167,MobileNetV2,test
data/processed/test\Russula\170_8gD6VgBIRW8.jpg,Russula,Boletus,False,0.9904875159263612,0.0084715000011783,MobileNetV2,test
data/processed/test\Russula\174_ZHZm2cjKSd4.jpg,Russula,Russula,True,0.9574593901634216,0.0070799999994051,MobileNetV2,test
data/processed/test\Russula\183_7HPLUZ0JPGw.jpg,Russula,Lactarius,False,0.2801756262779236,0.0082865999993373,MobileNetV2,test
data/processed/test\Russula\187_eVoSi006rJc.jpg,Russula,Russula,True,0.554664134979248,0.0070629000001645,MobileNetV2,test
data/processed/test\Russula\190_jB_ANV0GfGc.jpg,Russula,Russula,True,0.951192319393158,0.0071917000004759,MobileNetV2,test
data/processed/test\Russula\193_0iPR4s0EgAE.jpg,Russula,Russula,True,0.8078848719596863,0.0073069999998551,MobileNetV2,test
data/processed/test\Russula\194_NP3riIl0ZRw.jpg,Russula,Cortinarius,False,0.3561564981937408,0.0075085999997099,MobileNetV2,test
data/processed/test\Russula\196_8vqiUiCZSf4.jpg,Russula,Cortinarius,False,0.2490084022283554,0.0069389000000228,MobileNetV2,test
data/processed/test\Russula\197_8SaITt5hQBY.jpg,Russula,Russula,True,0.6966191530227661,0.0070949000000837,MobileNetV2,test
data/processed/test\Russula\200_JMAjbr8Po8M.jpg,Russula,Russula,True,0.6114095449447632,0.0082672999997157,MobileNetV2,test
data/processed/test\Russula\203_7ZDu3mnm2D8.jpg,Russula,Boletus,False,0.7285667061805725,0.007161300000007,MobileNetV2,test
data/processed/test\Russula\212_mAsF0Tdhqu8.jpg,Russula,Cortinarius,False,0.6930738091468811,0.0088663999995333,MobileNetV2,test
data/processed/test\Russula\218_zKx8R11Bjuo.jpg,Russula,Hygrocybe,False,0.6436092257499695,0.0095856999996613,MobileNetV2,test
data/processed/test\Russula\219_Tj5ZWF3-yCc.jpg,Russula,Inocybe,False,0.4183589518070221,0.0120421999999962,MobileNetV2,test
data/processed/test\Russula\220_LB02R316CKc.jpg,Russula,Russula,True,0.8387683629989624,0.0074296999991929,MobileNetV2,test
data/processed/test\Russula\221_GAqgMbeBJ_w.jpg,Russula,Russula,True,0.9507806301116944,0.0079789999999775,MobileNetV2,test
data/processed/test\Russula\222_l5ppfQIYS20.jpg,Russula,Lactarius,False,0.2956562340259552,0.0071748999998817,MobileNetV2,test
data/processed/test\Russula\229_GvS-zosxGjw.jpg,Russula,Russula,True,0.9368241429328918,0.0074512000010145,MobileNetV2,test
data/processed/test\Russula\232_mX205dWbGSs.jpg,Russula,Boletus,False,0.7753674983978271,0.0071193000003404,MobileNetV2,test
data/processed/test\Russula\237_ngiHar4V9OQ.jpg,Russula,Russula,True,0.4289304316043854,0.0071257999989029,MobileNetV2,test
data/processed/test\Russula\251_fEoTrBJW8cM.jpg,Russula,Russula,True,0.7539485692977905,0.0069814999988011,MobileNetV2,test
data/processed/test\Russula\255_Kb8wme58c30.jpg,Russula,Cortinarius,False,0.8515964150428772,0.0075673000010283,MobileNetV2,test
data/processed/test\Russula\274_HgGEtks3OsI.jpg,Russula,Russula,True,0.9196814894676208,0.008169299999281,MobileNetV2,test
data/processed/test\Russula\275_pEbq4xW22Ag.jpg,Russula,Russula,True,0.4639324843883514,0.0071982999997999,MobileNetV2,test
data/processed/test\Russula\280_dQwEUooNmxU.jpg,Russula,Amanita,False,0.4142642021179199,0.0076812999996036,MobileNetV2,test
data/processed/test\Russula\284_mG2jZJaeiac.jpg,Russula,Russula,True,0.8595713376998901,0.007965899998453,MobileNetV2,test
data/processed/test\Russula\285_rVkKIZjTiRM.jpg,Russula,Amanita,False,0.4894000291824341,0.0071052000002964,MobileNetV2,test
data/processed/test\Russula\287_aSnnhXszXBg.jpg,Russula,Cortinarius,False,0.4103352725505829,0.0069144000008236,MobileNetV2,test
data/processed/test\Russula\298_6kweHNZ0RfI.jpg,Russula,Russula,True,0.7722582817077637,0.0069665999999415,MobileNetV2,test
data/processed/test\Russula\305_tdJxN8UQo7I.jpg,Russula,Cortinarius,False,0.5794716477394104,0.0070408999999926,MobileNetV2,test
data/processed/test\Russula\317_8tQhlDlTHhY.jpg,Russula,Russula,True,0.4906086921691894,0.0071247000014409,MobileNetV2,test
data/processed/test\Russula\322_Ai1EXB8gNws.jpg,Russula,Russula,True,0.945558488368988,0.0071735000001353,MobileNetV2,test
data/processed/test\Russula\329_PxteNH5w9Yk.jpg,Russula,Russula,True,0.989948034286499,0.0069736000004922,MobileNetV2,test
data/processed/test\Russula\333_7pP8aVQf3Do.jpg,Russula,Boletus,False,0.7641976475715637,0.0074789999998756,MobileNetV2,test
data/processed/test\Russula\338_HPnjALipi70.jpg,Russula,Russula,True,0.8937828540802002,0.0076656999990518,MobileNetV2,test
data/processed/test\Russula\342_CJXxi8f2DOI.jpg,Russula,Cortinarius,False,0.7947006821632385,0.0073260999997728,MobileNetV2,test
data/processed/test\Russula\349_YRE4p7LbKdg.jpg,Russula,Lactarius,False,0.3708351850509643,0.0079948000002332,MobileNetV2,test
data/processed/test\Russula\352_ykL56k89IoE.jpg,Russula,Boletus,False,0.3938207030296325,0.0081715999986045,MobileNetV2,test
data/processed/test\Russula\354_SXkK0j9UPcc.jpg,Russula,Lactarius,False,0.3159669935703277,0.0076830999987578,MobileNetV2,test
data/processed/test\Russula\366_Rmr_uH_m3Lc.jpg,Russula,Hygrocybe,False,0.9528799653053284,0.0079512000011163,MobileNetV2,test
data/processed/test\Russula\375_h9oJuORZEoQ.jpg,Russula,Russula,True,0.8052982091903687,0.0084697000002051,MobileNetV2,test
data/processed/test\Russula\382_etpGgqzjXAw.jpg,Russula,Russula,True,0.9924241304397584,0.009063800000149,MobileNetV2,test
data/processed/test\Russula\391_FoHQbZ-kW6k.jpg,Russula,Russula,True,0.9357452392578124,0.0071110000008047,MobileNetV2,test
data/processed/test\Russula\396_vxteiV8es0s.jpg,Russula,Russula,True,0.9909234642982484,0.0085355000010167,MobileNetV2,test
data/processed/test\Russula\398_0WzJw-BGE1E.jpg,Russula,Russula,True,0.8968692421913147,0.0083205999999336,MobileNetV2,test
data/processed/test\Russula\401_ZfuzzDXFsRU.jpg,Russula,Inocybe,False,0.3319058418273926,0.0077240999999048,MobileNetV2,test
data/processed/test\Russula\406_krT07UQMp10.jpg,Russula,Russula,True,0.9391639828681946,0.0083313999984966,MobileNetV2,test
data/processed/test\Russula\409_BMzCz6qsXNs.jpg,Russula,Russula,True,0.7047410011291504,0.0072896000001492,MobileNetV2,test
data/processed/test\Russula\412_hK_N_vllKHo.jpg,Russula,Russula,True,0.8709802031517029,0.0076344999997672,MobileNetV2,test
data/processed/test\Russula\415_UJ1wPsUTn48.jpg,Russula,Russula,True,0.6405341625213623,0.0073222999999416,MobileNetV2,test
data/processed/test\Russula\416_HL5U3TXaTig.jpg,Russula,Boletus,False,0.7442110776901245,0.0090817000000242,MobileNetV2,test
data/processed/test\Russula\421_8j91Sr4g8Kc.jpg,Russula,Russula,True,0.9933608770370485,0.0100204999998823,MobileNetV2,test
data/processed/test\Russula\426_RHi0dlqqt8o.jpg,Russula,Inocybe,False,0.2655385136604309,0.0098139000001538,MobileNetV2,test
data/processed/test\Russula\427_x9THSIBmhjg.jpg,Russula,Russula,True,0.7007679343223572,0.0071429999989049,MobileNetV2,test
data/processed/test\Russula\430_DSSYi6MPrgM.jpg,Russula,Russula,True,0.5732561349868774,0.0070808000000397,MobileNetV2,test
data/processed/test\Russula\431_6aLV-mYubzE.jpg,Russula,Cortinarius,False,0.6031144857406616,0.0097085999987029,MobileNetV2,test
data/processed/test\Russula\437_CT0j4-xyw0U.jpg,Russula,Russula,True,0.988639235496521,0.0093836999985796,MobileNetV2,test
data/processed/test\Russula\439_Qy56g_UefV0.jpg,Russula,Lactarius,False,0.7555791735649109,0.0071434000001318,MobileNetV2,test
data/processed/test\Russula\441_OLHvhkXV5z4.jpg,Russula,Russula,True,0.9130523204803468,0.0079571000005671,MobileNetV2,test
data/processed/test\Russula\448_EjNRPvABLWs.jpg,Russula,Russula,True,0.8732914328575134,0.0078823000003467,MobileNetV2,test
data/processed/test\Russula\452_LFlsAAAX9hI.jpg,Russula,Russula,True,0.4959753155708313,0.0068312999992485,MobileNetV2,test
data/processed/test\Russula\454_uTMl-t0RwNE.jpg,Russula,Russula,True,0.948829174041748,0.0079476999999315,MobileNetV2,test
data/processed/test\Russula\458_qK1_4b1eE6c.jpg,Russula,Russula,True,0.4132177233695984,0.0073128999993059,MobileNetV2,test
data/processed/test\Russula\462_gCvKxkgbErI.jpg,Russula,Hygrocybe,False,0.3613879084587097,0.006941600000573,MobileNetV2,test
data/processed/test\Russula\469_EEz8Pm-LqCM.jpg,Russula,Russula,True,0.8187879920005798,0.0082160999991174,MobileNetV2,test
data/processed/test\Russula\473_-0mqqVq-2vk.jpg,Russula,Lactarius,False,0.4436202049255371,0.0072462999996787,MobileNetV2,test
data/processed/test\Russula\476_fuSt9QgGDIk.jpg,Russula,Boletus,False,0.927769124507904,0.0078381000002991,MobileNetV2,test
data/processed/test\Russula\480_74nq3Oj1T0M.jpg,Russula,Russula,True,0.9916327595710754,0.007160199998907,MobileNetV2,test
data/processed/test\Russula\483_iDdkz4PNlOg.jpg,Russula,Russula,True,0.691403329372406,0.0075047999998787,MobileNetV2,test
data/processed/test\Russula\490_Y5gzpOreJV8.jpg,Russula,Russula,True,0.9871727228164672,0.007852400000047,MobileNetV2,test
data/processed/test\Russula\494_4l6A9UlJ6HY.jpg,Russula,Russula,True,0.3713471889495849,0.0076974999992671,MobileNetV2,test
data/processed/test\Russula\497_hMPS4Vhoqqk.jpg,Russula,Russula,True,0.842835545539856,0.008862599999702,MobileNetV2,test
data/processed/test\Russula\498_iH4yNw872aM.jpg,Russula,Russula,True,0.9448639750480652,0.009908500000165,MobileNetV2,test
data/processed/test\Russula\502_nJw7weRVBlc.jpg,Russula,Russula,True,0.6026650667190552,0.00911780000024,MobileNetV2,test
data/processed/test\Russula\511_viHZPnkp9nI.jpg,Russula,Russula,True,0.8542680144309998,0.0103101000004244,MobileNetV2,test
data/processed/test\Russula\513_e8OAjXau1_g.jpg,Russula,Russula,True,0.9574726223945618,0.0077438999996957,MobileNetV2,test
data/processed/test\Russula\515_-fmv5frqmeQ.jpg,Russula,Russula,True,0.9366320967674256,0.0096649999995861,MobileNetV2,test
data/processed/test\Russula\517_0X-ur3MZ6-g.jpg,Russula,Cortinarius,False,0.4697977900505066,0.0077036000002408,MobileNetV2,test
data/processed/test\Russula\518_ddwb9zDz0EA.jpg,Russula,Exidia,False,0.469767689704895,0.0079822999996395,MobileNetV2,test
data/processed/test\Russula\519_MgcY6NzuGRg.jpg,Russula,Russula,True,0.7266062498092651,0.0082249000006413,MobileNetV2,test
data/processed/test\Russula\519__Yn0OFxI1q4.jpg,Russula,Exidia,False,0.3615723848342895,0.0076794999986304,MobileNetV2,test
data/processed/test\Russula\521_PoCOMLLE194.jpg,Russula,Inocybe,False,0.217553973197937,0.0082806000009441,MobileNetV2,test
data/processed/test\Russula\522_HB75V6h0zHA.jpg,Russula,Russula,True,0.7848340272903442,0.0099752999994962,MobileNetV2,test
data/processed/test\Russula\529_ailR88iHnVk.jpg,Russula,Russula,True,0.8548445105552673,0.008216899999752,MobileNetV2,test
data/processed/test\Russula\530_0Er0JIn-St8.jpg,Russula,Russula,True,0.442819744348526,0.0077714999988529,MobileNetV2,test
data/processed/test\Russula\531_nA8Zxo2h3PI.jpg,Russula,Russula,True,0.6614019870758057,0.0079375999994226,MobileNetV2,test
data/processed/test\Russula\533_HFOAEH-GMI8.jpg,Russula,Suillus,False,0.3530622720718384,0.0081713999989005,MobileNetV2,test
data/processed/test\Russula\534_qpoLwy-f_Xo.jpg,Russula,Russula,True,0.9173176884651184,0.0087450999999418,MobileNetV2,test
data/processed/test\Russula\538_KQ94jYukaKU.jpg,Russula,Amanita,False,0.267848253250122,0.008361899999727,MobileNetV2,test
data/processed/test\Russula\538_tf4RCsz9upY.jpg,Russula,Lactarius,False,0.3555908799171448,0.0075962000009894,MobileNetV2,test
data/processed/test\Russula\548_28oWJjM1dis.jpg,Russula,Exidia,False,0.2416098564863205,0.0076425000006565,MobileNetV2,test
data/processed/test\Russula\551_wGsl1ac6chs.jpg,Russula,Boletus,False,0.4691420495510101,0.0096741000015754,MobileNetV2,test
data/processed/test\Russula\552_ihVJ4T4Sss8.jpg,Russula,Russula,True,0.9878877401351928,0.009709500000099,MobileNetV2,test
data/processed/test\Russula\555_FEOGSD31AJA.jpg,Russula,Boletus,False,0.7488875985145569,0.008137999999235,MobileNetV2,test
data/processed/test\Russula\556_ppbtXziu5ZQ.jpg,Russula,Russula,True,0.569860577583313,0.0082036000003427,MobileNetV2,test
data/processed/test\Russula\557_QAd1lVBkjXU.jpg,Russula,Russula,True,0.6122393608093262,0.011153600000398,MobileNetV2,test
data/processed/test\Russula\560_cMc-iWHiAlE.jpg,Russula,Cortinarius,False,0.2471358776092529,0.0076103999999759,MobileNetV2,test
data/processed/test\Russula\569_JW9oRUfkNN0.jpg,Russula,Amanita,False,0.7157679200172424,0.0098751999994419,MobileNetV2,test
data/processed/test\Russula\572_yBKxg92PsOQ.jpg,Russula,Lactarius,False,0.3140587210655212,0.0090230999994673,MobileNetV2,test
data/processed/test\Russula\575_gWC0enFjtPM.jpg,Russula,Russula,True,0.946776270866394,0.0113289000000804,MobileNetV2,test
data/processed/test\Russula\580_ntj_DGdqmvA.jpg,Russula,Russula,True,0.9044772982597352,0.0103992999993351,MobileNetV2,test
data/processed/test\Russula\588__rRMnuidFcw.jpg,Russula,Russula,True,0.5188530087471008,0.0084664000005432,MobileNetV2,test
data/processed/test\Russula\590_uV2vuMobSEM.jpg,Russula,Russula,True,0.3445542156696319,0.0075522999995882,MobileNetV2,test
data/processed/test\Russula\591_mUNB-xH-tCw.jpg,Russula,Boletus,False,0.548179030418396,0.008378000000448,MobileNetV2,test
data/processed/test\Russula\605_KtkMUv-JJ5I.jpg,Russula,Russula,True,0.7007157802581787,0.0125586000012845,MobileNetV2,test
data/processed/test\Russula\608_0aU_jR-I9JA.jpg,Russula,Russula,True,0.979004979133606,0.0083314000003156,MobileNetV2,test
data/processed/test\Russula\619_iJOS5fLgNQU.jpg,Russula,Russula,True,0.7191771268844604,0.0081894000013562,MobileNetV2,test
data/processed/test\Russula\624_AB7Ht1J6_Ts.jpg,Russula,Boletus,False,0.7963328957557678,0.0081991999995807,MobileNetV2,test
data/processed/test\Russula\635_CzRg4ZH0g3s.jpg,Russula,Boletus,False,0.3666893243789673,0.0089326999986951,MobileNetV2,test
data/processed/test\Russula\650_p3glAsLgTMs.jpg,Russula,Russula,True,0.5191322565078735,0.0085672000004706,MobileNetV2,test
data/processed/test\Russula\667_m3O20kXwdDE.jpg,Russula,Russula,True,0.9594141840934752,0.0076334000004862,MobileNetV2,test
data/processed/test\Russula\668_5paJFA7_Ua8.jpg,Russula,Cortinarius,False,0.8300585150718689,0.0083044000002701,MobileNetV2,test
data/processed/test\Russula\674_hp6AgJkRPZQ.jpg,Russula,Russula,True,0.6857182383537292,0.008314299999256,MobileNetV2,test
data/processed/test\Russula\681_EsZTIQlfMjc.jpg,Russula,Inocybe,False,0.2417770028114318,0.007115899999917,MobileNetV2,test
data/processed/test\Russula\689_A6I1XAc367A.jpg,Russula,Russula,True,0.9208021759986876,0.0070467999994434,MobileNetV2,test
data/processed/test\Russula\703_Nptow3WB0qw.jpg,Russula,Russula,True,0.993293046951294,0.0082543999997142,MobileNetV2,test
data/processed/test\Russula\705_zyUROKt6OHs.jpg,Russula,Russula,True,0.3765917420387268,0.0072309000006498,MobileNetV2,test
data/processed/test\Russula\719_RWQ7F3kVyZ8.jpg,Russula,Lactarius,False,0.5630105137825012,0.0081038000007538,MobileNetV2,test
data/processed/test\Russula\727_GqKz3HCWl0c.jpg,Russula,Russula,True,0.9389124512672424,0.0112193999993905,MobileNetV2,test
data/processed/test\Russula\728_GKNcKK0yCIc.jpg,Russula,Russula,True,0.4759401977062225,0.0082457999997132,MobileNetV2,test
data/processed/test\Russula\737_CKVsLcd_U7c.jpg,Russula,Russula,True,0.8819160461425781,0.0080094999993889,MobileNetV2,test
data/processed/test\Russula\738_erZ8MolTf3U.jpg,Russula,Russula,True,0.973932147026062,0.0080160000015894,MobileNetV2,test
data/processed/test\Russula\756_vp2vfTitRMQ.jpg,Russula,Russula,True,0.9891384243965148,0.0080053999990923,MobileNetV2,test
data/processed/test\Russula\757_iadA7ihhNeQ.jpg,Russula,Russula,True,0.9633283019065856,0.0099073000001226,MobileNetV2,test
data/processed/test\Russula\761_PoCeQSN4r0Y.jpg,Russula,Russula,True,0.9762138724327089,0.0100763000009465,MobileNetV2,test
data/processed/test\Russula\764_Km8WK13K9DM.jpg,Russula,Russula,True,0.9457138776779176,0.0082383999997546,MobileNetV2,test
data/processed/test\Russula\773_rvHJQsLi9cg.jpg,Russula,Russula,True,0.7395509481430054,0.0083187000000179,MobileNetV2,test
data/processed/test\Russula\777_1makiuR24D8.jpg,Russula,Boletus,False,0.4047451913356781,0.0085135999997874,MobileNetV2,test
data/processed/test\Russula\781_6bHC50w-YyU.jpg,Russula,Russula,True,0.9759185910224916,0.0085710000003018,MobileNetV2,test
data/processed/test\Russula\789_ZOAABwfjsvE.jpg,Russula,Russula,True,0.9685781002044678,0.007465199998478,MobileNetV2,test
data/processed/test\Russula\790_XgJL7jUO0n0.jpg,Russula,Russula,True,0.5469380617141724,0.0072622999996383,MobileNetV2,test
data/processed/test\Russula\791_bmziJQYOR-0.jpg,Russula,Russula,True,0.6681126952171326,0.0102339999994001,MobileNetV2,test
data/processed/test\Suillus\004_LMWP6X0bx7g.jpg,Suillus,Russula,False,0.6319082379341125,0.0074729999996634,MobileNetV2,test
data/processed/test\Suillus\005_4zrEN39EHeU.jpg,Suillus,Cortinarius,False,0.6708956360816956,0.0083903000013378,MobileNetV2,test
data/processed/test\Suillus\006_8Su_kJ43Mho.jpg,Suillus,Boletus,False,0.4893612563610077,0.0070071999998617,MobileNetV2,test
data/processed/test\Suillus\013_SzBeuYLeWzY.jpg,Suillus,Cortinarius,False,0.8042946457862854,0.0092849000011483,MobileNetV2,test
data/processed/test\Suillus\020_qW3wRprNQuU.jpg,Suillus,Cortinarius,False,0.2121329605579376,0.0075605000001814,MobileNetV2,test
data/processed/test\Suillus\024_b9YCAgUxfLc.jpg,Suillus,Boletus,False,0.3577741682529449,0.0070880000002944,MobileNetV2,test
data/processed/test\Suillus\035_GGH3qG0fqcg.jpg,Suillus,Inocybe,False,0.2698160707950592,0.0071631000009801,MobileNetV2,test
data/processed/test\Suillus\042_S8g3kuvZPb4.jpg,Suillus,Suillus,True,0.5439605116844177,0.0077897999999549,MobileNetV2,test
data/processed/test\Suillus\053_pR_9bsx0WUU.jpg,Suillus,Lactarius,False,0.4453421831130981,0.0114759999996749,MobileNetV2,test
data/processed/test\Suillus\057_QjMKHaEMZBI.jpg,Suillus,Suillus,True,0.6496495008468628,0.0100559000002249,MobileNetV2,test
data/processed/test\Suillus\059_JRPx07CUp9I.jpg,Suillus,Hygrocybe,False,0.427891731262207,0.0096285999989049,MobileNetV2,test
data/processed/test\Suillus\060_HFmPuFBK7f4.jpg,Suillus,Russula,False,0.3150070607662201,0.008093500000541,MobileNetV2,test
data/processed/test\Suillus\063_DU3VJmB-I14.jpg,Suillus,Boletus,False,0.5973513722419739,0.0072481999995943,MobileNetV2,test
data/processed/test\Suillus\066_uFngOMLuPrE.jpg,Suillus,Cortinarius,False,0.6719459295272827,0.007376600000498,MobileNetV2,test
data/processed/test\Suillus\071_pDklNEHcmB8.jpg,Suillus,Boletus,False,0.4784411489963531,0.0071647999993729,MobileNetV2,test
data/processed/test\Suillus\072_qfIXcNPk1eM.jpg,Suillus,Exidia,False,0.2035597115755081,0.007133099999919,MobileNetV2,test
data/processed/test\Suillus\076_eqA9_q6_9JU.jpg,Suillus,Cortinarius,False,0.9581392407417296,0.0072736000001896,MobileNetV2,test
data/processed/test\Suillus\103_jpMZm4FpWNQ.jpg,Suillus,Boletus,False,0.8261570930480957,0.0072564000001875,MobileNetV2,test
data/processed/test\Suillus\105_ywBhq3G8x-g.jpg,Suillus,Hygrocybe,False,0.7868672609329224,0.0073941999999078,MobileNetV2,test
data/processed/test\Suillus\109_BXGWNC8c4aw.jpg,Suillus,Boletus,False,0.95709627866745,0.0071499000005132,MobileNetV2,test
data/processed/test\Suillus\110_GXWZjkiIn3U.jpg,Suillus,Boletus,False,0.4994754791259765,0.0085333999995782,MobileNetV2,test
data/processed/test\Suillus\123_CK6TqHiLN8s.jpg,Suillus,Cortinarius,False,0.3884873390197754,0.0077071999985491,MobileNetV2,test
data/processed/test\Suillus\124_A3Rr6EGcEuc.jpg,Suillus,Boletus,False,0.9956358075141908,0.01030449999962,MobileNetV2,test
data/processed/test\Suillus\135_jpc6hxtvXcY.jpg,Suillus,Amanita,False,0.6251963376998901,0.0093824999985372,MobileNetV2,test
data/processed/test\Suillus\140_AElK4TLjpHw.jpg,Suillus,Russula,False,0.5246742963790894,0.0075816000007762,MobileNetV2,test
data/processed/test\Suillus\143_4I78Lp4NctA.jpg,Suillus,Inocybe,False,0.3027915060520172,0.0080890000008366,MobileNetV2,test
data/processed/test\Suillus\150_jLg9QQo1nOg.jpg,Suillus,Boletus,False,0.539699375629425,0.007020699998975,MobileNetV2,test
data/processed/test\Suillus\152_uGhPmWPTFe8.jpg,Suillus,Agaricus,False,0.3448077738285064,0.0076073000000178,MobileNetV2,test
data/processed/test\Suillus\153_iWtEXcs9CUw.jpg,Suillus,Russula,False,0.4301632344722748,0.009929199999533,MobileNetV2,test
data/processed/test\Suillus\159_8OhWm5aBdYo.jpg,Suillus,Russula,False,0.3259692192077636,0.0094960999995237,MobileNetV2,test
data/processed/test\Suillus\174_G_tZXZc2BS8.jpg,Suillus,Lactarius,False,0.430427998304367,0.0073270999982923,MobileNetV2,test
data/processed/test\Suillus\186_Zx-rs9g1O2M.jpg,Suillus,Hygrocybe,False,0.6209191679954529,0.0082000000002153,MobileNetV2,test
data/processed/test\Suillus\187_rbfGR0jzf1M.jpg,Suillus,Cortinarius,False,0.7610688805580139,0.0076023000001441,MobileNetV2,test
data/processed/test\Suillus\195_4bcpABEJmZ0.jpg,Suillus,Hygrocybe,False,0.250168889760971,0.0087878000013006,MobileNetV2,test
data/processed/test\Suillus\197_0xmjWv0BbOU.jpg,Suillus,Cortinarius,False,0.5685403943061829,0.0105458999987604,MobileNetV2,test
data/processed/test\Suillus\209_7dBOxsmYgEg.jpg,Suillus,Boletus,False,0.7522977590560913,0.0078427999997074,MobileNetV2,test
data/processed/test\Suillus\217_ZAXchPHjhcE.jpg,Suillus,Suillus,True,0.5268046259880066,0.0071711999989929,MobileNetV2,test
data/processed/test\Suillus\228_LjjB-u2A1pU.jpg,Suillus,Boletus,False,0.9897498488426208,0.0071972999994613,MobileNetV2,test
data/processed/test\Suillus\239_pLvnF05ewak.jpg,Suillus,Boletus,False,0.8546714782714844,0.0072655000003578,MobileNetV2,test
data/processed/test\Suillus\246_dDYtt6MpmiI.jpg,Suillus,Boletus,False,0.9904733300209044,0.0072111999998014,MobileNetV2,test
data/processed/test\Suillus\255_9-ELp1gnP9Q.jpg,Suillus,Boletus,False,0.9048110246658324,0.0074630999988585,MobileNetV2,test
data/processed/test\Suillus\286_3SyGqemn_aQ.jpg,Suillus,Amanita,False,0.3718338012695312,0.0074798999994527,MobileNetV2,test
data/processed/test\Suillus\287_uBlS4Qgx1HQ.jpg,Suillus,Boletus,False,0.7926729321479797,0.007178500000009,MobileNetV2,test
data/processed/test\Suillus\289_BYUT_xNeNAg.jpg,Suillus,Lactarius,False,0.3229590952396393,0.0072528999990026,MobileNetV2,test
data/processed/test\Suillus\293_zL8A0olEfaA.jpg,Suillus,Cortinarius,False,0.940629243850708,0.0082705999993777,MobileNetV2,test
data/processed/test\Suillus\294_BX6ekzpPLto.jpg,Suillus,Cortinarius,False,0.5171594023704529,0.0069191999991744,MobileNetV2,test
data/processed/test\Suillus\302_C8yj39nTbnM.jpg,Suillus,Hygrocybe,False,0.4295649230480194,0.0071575999991182,MobileNetV2,test
data/processed/test\Suillus\324_nslhbQyQ1Gk.jpg,Suillus,Boletus,False,0.9094686508178712,0.0070964000005915,MobileNetV2,test
