image_path,relative_image_path,true_label,predicted_label,correct,confidence,inference_time_sec,model_name,split,prob_Agaricus,prob_Amanita,prob_Boletus,prob_Cortinarius,prob_Entoloma,prob_Exidia,prob_Hygrocybe,prob_Inocybe,prob_Lactarius,prob_Russula,prob_Suillus
C:\Projects\TM470\data\processed\test\Agaricus\003_4AurAO4Jil8.jpg,Agaricus/003_4AurAO4Jil8.jpg,Agaricus,Amanita,False,0.2938317358493805,0.02738529999624,BaselineCNN,test,0.04209069907665253,0.2938317358493805,6.688566827506293e-06,0.022833149880170822,0.1354663223028183,0.0033661413472145796,0.004847324453294277,0.15625528991222382,0.23467516899108887,0.08174842596054077,0.02487899549305439
C:\Projects\TM470\data\processed\test\Agaricus\014_DU4RE5bim5A.jpg,Agaricus/014_DU4RE5bim5A.jpg,Agaricus,Amanita,False,0.9975759387016296,0.0150177000032272,BaselineCNN,test,6.647253030678257e-05,0.9975759387016296,3.9675716834608465e-05,0.0016256365925073624,2.4537186504858255e-08,2.4023884179769084e-05,8.004954477058845e-10,5.975362000754103e-07,1.1453083061496727e-05,0.0006557374726980925,4.809936058336461e-07
C:\Projects\TM470\data\processed\test\Agaricus\016_qNYODERZEms.jpg,Agaricus/016_qNYODERZEms.jpg,Agaricus,Russula,False,0.869994580745697,0.009890399989672,BaselineCNN,test,0.043680038303136826,0.0021330721210688353,0.00036379817174747586,0.0009794137440621853,0.03039661981165409,2.6944464480038732e-05,3.148968971800059e-06,3.0222594432416372e-05,0.052230287343263626,0.869994580745697,0.00016189698362722993
C:\Projects\TM470\data\processed\test\Agaricus\019_aaTsKm7exKE.jpg,Agaricus/019_aaTsKm7exKE.jpg,Agaricus,Lactarius,False,0.4973950982093811,0.00896439999633,BaselineCNN,test,0.41952046751976013,0.004639661870896816,0.0007953244494274259,3.9045415178406984e-05,0.0016633745981380343,3.991668329206277e-09,0.0011022916296496987,6.924697686372383e-07,0.4973950982093811,0.07464385032653809,0.0002001922985073179
C:\Projects\TM470\data\processed\test\Agaricus\020_vZJfrjIwmqU.jpg,Agaricus/020_vZJfrjIwmqU.jpg,Agaricus,Agaricus,True,0.37315815687179565,0.0109677000000374,BaselineCNN,test,0.37315815687179565,0.004740646108984947,1.4696013749926351e-05,0.001372084952890873,7.646130143257324e-06,0.3322712182998657,2.8280271635594545e-06,0.028760379180312157,0.0035473995376378298,0.2560954689979553,2.9399610866676085e-05
C:\Projects\TM470\data\processed\test\Agaricus\029_ZksYQQBGVIg.jpg,Agaricus/029_ZksYQQBGVIg.jpg,Agaricus,Cortinarius,False,0.6401447653770447,0.0150240999937523,BaselineCNN,test,0.2033018171787262,0.08385761082172394,0.009556083008646965,0.6401447653770447,0.006791506893932819,0.00021517332061193883,0.0004166301805526018,0.0017278394661843777,0.022394679486751556,0.001507592387497425,0.030086331069469452
C:\Projects\TM470\data\processed\test\Agaricus\048_iC9glWRw_EM.jpg,Agaricus/048_iC9glWRw_EM.jpg,Agaricus,Agaricus,True,0.9989006519317627,0.0091871000040555,BaselineCNN,test,0.9989006519317627,0.00011946315498789772,5.840300687509625e-08,5.886557907786027e-11,0.00012148708628956228,1.3612108402255574e-12,1.0671583408616847e-11,3.7079567505315936e-07,0.0008113545482046902,4.651525159715675e-05,1.4132989001325313e-08
C:\Projects\TM470\data\processed\test\Agaricus\052_z7PpmpKIPU4.jpg,Agaricus/052_z7PpmpKIPU4.jpg,Agaricus,Agaricus,True,0.9160401821136475,0.011446500007878,BaselineCNN,test,0.9160401821136475,0.010651758871972561,1.4073984857532196e-05,6.572014932260117e-09,4.1419542640142026e-07,1.2043875585732167e-06,7.064796818667674e-07,9.244254783880024e-07,0.0719166249036789,0.0009258327772840858,0.0004482223012018949
C:\Projects\TM470\data\processed\test\Agaricus\055_Cggc3hvlPfg.jpg,Agaricus/055_Cggc3hvlPfg.jpg,Agaricus,Agaricus,True,0.6200175285339355,0.0210963999998057,BaselineCNN,test,0.6200175285339355,0.04734563082456589,8.671997784404084e-05,5.119768320582807e-05,1.1205906957911793e-06,7.07230114471713e-08,1.026730751618743e-05,3.43010782444253e-07,0.23688578605651855,0.0779499039053917,0.017651410773396492
C:\Projects\TM470\data\processed\test\Agaricus\057_n1EFvW3JrYo.jpg,Agaricus/057_n1EFvW3JrYo.jpg,Agaricus,Exidia,False,0.4967323839664459,0.0080730999907245,BaselineCNN,test,2.0648542431445094e-06,0.0002837921492755413,1.1614506547630299e-06,0.0035393848083913326,5.634036597257364e-07,0.4967323839664459,1.3834999812445403e-08,0.4862036406993866,5.428166696219705e-05,0.013176505453884602,6.196716185513651e-06
C:\Projects\TM470\data\processed\test\Agaricus\063_Fa4IMCTXq04.jpg,Agaricus/063_Fa4IMCTXq04.jpg,Agaricus,Agaricus,True,0.923853874206543,0.0092393000086303,BaselineCNN,test,0.923853874206543,0.005298761650919914,2.6979423140005565e-09,0.034055985510349274,2.7833389140141662e-06,6.625576816077228e-07,1.3636058326937928e-07,0.0006563283386640251,0.03485267236828804,0.0012783703859895468,3.6995388086324965e-07
C:\Projects\TM470\data\processed\test\Agaricus\069_W-jISbXJon8.jpg,Agaricus/069_W-jISbXJon8.jpg,Agaricus,Cortinarius,False,0.49856895208358765,0.0119735000043874,BaselineCNN,test,0.13964253664016724,0.007195205427706242,0.06574849784374237,0.49856895208358765,4.076279310538666e-06,2.1938525662790198e-07,2.4888335246942006e-05,0.002914540469646454,0.01746513321995735,0.006078172940760851,0.26235780119895935
C:\Projects\TM470\data\processed\test\Agaricus\075_osC0agHm9UY.jpg,Agaricus/075_osC0agHm9UY.jpg,Agaricus,Agaricus,True,0.6923701167106628,0.008093699987512,BaselineCNN,test,0.6923701167106628,0.0946122407913208,0.03857334703207016,0.022942310199141502,0.0010214425856247544,0.0032132307533174753,0.004352883901447058,0.05191392824053764,0.027771178632974625,0.011353930458426476,0.051875267177820206
C:\Projects\TM470\data\processed\test\Agaricus\083_mx9HfmWGwWo.jpg,Agaricus/083_mx9HfmWGwWo.jpg,Agaricus,Lactarius,False,0.932793378829956,0.0084643000009236,BaselineCNN,test,0.0002536734100431204,0.0026893464382737875,0.029541756957769394,0.0005733541329391301,0.0012077016290277243,5.224896426625492e-07,0.00024133885744959116,0.001611989689990878,0.932793378829956,0.003712868085131049,0.027373995631933212
C:\Projects\TM470\data\processed\test\Agaricus\091_3BEGnmvAiRw.jpg,Agaricus/091_3BEGnmvAiRw.jpg,Agaricus,Inocybe,False,0.8046279549598694,0.0088500999991083,BaselineCNN,test,0.0015889897476881742,0.00023748254170641303,8.324646478286013e-05,0.07337523996829987,0.00018581148469820619,0.012789834290742874,9.86273789749248e-07,0.8046279549598694,0.019535252824425697,0.08755820989608765,1.6988424249575473e-05
C:\Projects\TM470\data\processed\test\Agaricus\093_Bz-kiIMN6EA.jpg,Agaricus/093_Bz-kiIMN6EA.jpg,Agaricus,Lactarius,False,0.7940360307693481,0.0124846999970031,BaselineCNN,test,0.0012494649272412062,0.00010173604096053168,0.20125575363636017,3.900032243109308e-05,6.966377986827865e-05,4.8239266747795995e-11,2.8337856861071486e-07,1.3025564271629264e-07,0.7940360307693481,4.7384444769704714e-05,0.0032005493994802237
C:\Projects\TM470\data\processed\test\Agaricus\115_Jd1nw0g-Z5c.jpg,Agaricus/115_Jd1nw0g-Z5c.jpg,Agaricus,Cortinarius,False,0.8051737546920776,0.0067201000056229,BaselineCNN,test,2.6288496428605868e-06,5.4240332246990874e-05,0.0172541793435812,0.8051737546920776,1.5004707165644504e-05,5.698538429327327e-12,0.012846587225794792,1.9739385606953874e-05,0.04724234342575073,0.00039533383096568286,0.116996169090271
C:\Projects\TM470\data\processed\test\Agaricus\127_5z4-vDJFDS8.jpg,Agaricus/127_5z4-vDJFDS8.jpg,Agaricus,Agaricus,True,0.6072285771369934,0.0084971000032965,BaselineCNN,test,0.6072285771369934,0.025095144286751747,3.2963660487439483e-05,0.005611700471490622,0.06943023949861526,5.404972853284562e-06,0.0002996912517119199,0.002401817124336958,0.2776152491569519,0.006889941170811653,0.005389284808188677
C:\Projects\TM470\data\processed\test\Agaricus\128_iITC2t8k-ao.jpg,Agaricus/128_iITC2t8k-ao.jpg,Agaricus,Lactarius,False,0.6167250871658325,0.0096063999953912,BaselineCNN,test,4.731393346446566e-06,0.026539990678429604,0.002015800913795829,0.012238027527928352,1.2015861102554481e-05,2.702549117827857e-08,0.00041404779767617583,0.00015226085088215768,0.6167250871658325,0.33906957507133484,0.0028285642620176077
C:\Projects\TM470\data\processed\test\Agaricus\129_E1FD01dZMiw.jpg,Agaricus/129_E1FD01dZMiw.jpg,Agaricus,Cortinarius,False,0.5361368060112,0.0037046000070404,BaselineCNN,test,0.05446520447731018,0.04044529050588608,4.826703388971509e-06,0.5361368060112,1.1415553672122769e-05,7.111879085641704e-08,0.00027926318580284715,0.0008051479235291481,0.1717979460954666,0.17456673085689545,0.021487299352884293
C:\Projects\TM470\data\processed\test\Agaricus\131_YrsaHYXAieo.jpg,Agaricus/131_YrsaHYXAieo.jpg,Agaricus,Cortinarius,False,0.9799971580505371,0.0041391999984625,BaselineCNN,test,1.0825219760590699e-05,5.736699677072465e-06,1.5576731584587833e-06,0.9799971580505371,6.2549445623005795e-09,5.345778819609848e-10,1.6953583781287307e-07,2.94188816951646e-06,0.019958697259426117,4.262252559783519e-07,2.2492624339065515e-05
C:\Projects\TM470\data\processed\test\Agaricus\141_099PmS-9Xww.jpg,Agaricus/141_099PmS-9Xww.jpg,Agaricus,Agaricus,True,0.9569860100746155,0.004174800007604,BaselineCNN,test,0.9569860100746155,0.013633654452860355,0.003127709263935685,7.718463734818215e-07,3.3427675134589663e-06,2.2168778741615824e-05,9.389728461428604e-07,0.00018667848780751228,0.025819027796387672,0.00017708647646941245,4.262544825905934e-05
C:\Projects\TM470\data\processed\test\Agaricus\147_eDN4yYIkeAs.jpg,Agaricus/147_eDN4yYIkeAs.jpg,Agaricus,Agaricus,True,0.9999427795410156,0.0051019999955315,BaselineCNN,test,0.9999427795410156,4.281000656192191e-05,9.287507568567221e-11,1.1566343118829536e-06,5.256759436633729e-07,1.6573509925565943e-11,4.6500674422134125e-09,4.087219167558942e-07,9.083043551072478e-06,1.8676275885809446e-06,1.4301854207587894e-06
C:\Projects\TM470\data\processed\test\Agaricus\162_19HDdc3YjRs.jpg,Agaricus/162_19HDdc3YjRs.jpg,Agaricus,Russula,False,0.8894073367118835,0.0043802000000141,BaselineCNN,test,0.007901888340711594,6.812692299718037e-05,0.02793070301413536,0.0016399002633988857,0.0005381088703870773,9.402287837190215e-10,1.4106380149314646e-05,2.0598204173438717e-06,0.06072089076042175,0.8894073367118835,0.011776873841881752
C:\Projects\TM470\data\processed\test\Agaricus\169_qqgFJZ8Zt4g.jpg,Agaricus/169_qqgFJZ8Zt4g.jpg,Agaricus,Lactarius,False,0.8404684662818909,0.0027329000004101,BaselineCNN,test,0.0006060338346287608,4.770754003402544e-06,5.728354153688997e-05,0.15871615707874298,0.00012081444583600387,1.4958853853386245e-06,1.1839725857498706e-06,4.7431873895220633e-07,0.8404684662818909,2.0750423573190346e-05,2.562935151217971e-06
C:\Projects\TM470\data\processed\test\Agaricus\171_wN-s2yo8YTs.jpg,Agaricus/171_wN-s2yo8YTs.jpg,Agaricus,Russula,False,0.6146623492240906,0.0041941000090446,BaselineCNN,test,0.0013483884977176785,0.0005230342503637075,0.00012363323185127228,0.29373273253440857,0.0014963074354454875,1.0119221433013692e-10,4.303295645513572e-05,0.0004879941407125443,0.08223831653594971,0.6146623492240906,0.00534422742202878
C:\Projects\TM470\data\processed\test\Agaricus\179_jfF8TJ9ZlvU.jpg,Agaricus/179_jfF8TJ9ZlvU.jpg,Agaricus,Russula,False,0.9404163360595703,0.0029025000112596,BaselineCNN,test,0.005944625940173864,0.00037290860200300813,0.03735627979040146,8.890259050531313e-05,0.00012893794337287545,2.1739258215802693e-07,1.1888966582773719e-05,5.481665357365273e-05,0.014749687165021896,0.9404163360595703,0.0008754595182836056
C:\Projects\TM470\data\processed\test\Agaricus\206_W3JvSvV8oF8.jpg,Agaricus/206_W3JvSvV8oF8.jpg,Agaricus,Lactarius,False,0.49489203095436096,0.0029376999882515,BaselineCNN,test,0.004831153899431229,0.009585512802004814,0.08906716853380203,0.013752399012446404,0.0030143309850245714,2.3174656860192044e-08,5.905579382670112e-05,0.00012653078010771424,0.49489203095436096,0.32655230164527893,0.058119408786296844
C:\Projects\TM470\data\processed\test\Agaricus\211_2k-2vImOD5g.jpg,Agaricus/211_2k-2vImOD5g.jpg,Agaricus,Inocybe,False,0.79399573802948,0.0025197999930242,BaselineCNN,test,0.14498448371887207,0.024684397503733635,1.5867044567130506e-05,0.011158241890370846,2.877728547900915e-06,0.002798133296892047,3.567068233678583e-06,0.79399573802948,0.02206280641257763,7.791691132297274e-06,0.00028613422182388604
C:\Projects\TM470\data\processed\test\Agaricus\213_o8ynZBRKBSE.jpg,Agaricus/213_o8ynZBRKBSE.jpg,Agaricus,Boletus,False,0.8098914623260498,0.0024446000024909,BaselineCNN,test,0.0012060691369697452,0.003425318282097578,0.8098914623260498,0.08036758005619049,4.1091076127486303e-05,0.002015333157032728,0.007448744960129261,0.04215789586305618,0.0360737144947052,0.0023466215934604406,0.01502625085413456
C:\Projects\TM470\data\processed\test\Agaricus\226_0du5e8k_cCA.jpg,Agaricus/226_0du5e8k_cCA.jpg,Agaricus,Russula,False,0.8126192688941956,0.0043619999923976,BaselineCNN,test,0.00024128692166414112,0.03870777040719986,6.454140384448692e-05,0.0017149362247437239,0.056173957884311676,1.6326927365639676e-08,0.0014445310225710273,6.688442510949244e-08,0.08824311196804047,0.8126192688941956,0.0007905630045570433
C:\Projects\TM470\data\processed\test\Agaricus\228_2SjHadDRW6o.jpg,Agaricus/228_2SjHadDRW6o.jpg,Agaricus,Lactarius,False,0.3729129433631897,0.0050977000064449,BaselineCNN,test,0.032963771373033524,0.19758838415145874,0.00209242757409811,0.29847797751426697,0.0069200750440359116,0.00031924029462970793,0.006162139121443033,0.0056513408198952675,0.3729129433631897,0.004827504511922598,0.07208412140607834
C:\Projects\TM470\data\processed\test\Agaricus\237_y2JGdND-zxI.jpg,Agaricus/237_y2JGdND-zxI.jpg,Agaricus,Boletus,False,0.8498775362968445,0.0036117999989073,BaselineCNN,test,3.584362275432795e-05,3.179744817316532e-05,0.8498775362968445,1.9800108930212446e-05,1.6009496903279796e-05,1.7292802745316749e-09,0.003465858055278659,1.9307863112771884e-05,0.06689605861902237,0.0004748839419335127,0.07916291803121567
C:\Projects\TM470\data\processed\test\Agaricus\238_I1p90MwfEEw.jpg,Agaricus/238_I1p90MwfEEw.jpg,Agaricus,Amanita,False,0.9513518810272217,0.0045212999975774,BaselineCNN,test,0.010337254963815212,0.9513518810272217,6.724039991468089e-08,0.035595040768384933,3.31123078467499e-06,1.5996871297829784e-05,1.2086224160157144e-05,0.0008994629606604576,0.0011854214826598763,0.0005992732476443052,2.3205537047488178e-07
C:\Projects\TM470\data\processed\test\Agaricus\270_Js1q2S-fR_Y.jpg,Agaricus/270_Js1q2S-fR_Y.jpg,Agaricus,Agaricus,True,0.7857072353363037,0.0037407999916467,BaselineCNN,test,0.7857072353363037,0.0066060032695531845,1.3424825738184154e-05,1.078537010812397e-07,5.232063813309651e-06,1.5836549849268522e-08,1.1607227179410984e-06,6.01467533556388e-08,0.013160578906536102,0.19450493156909943,1.234914748238225e-06
C:\Projects\TM470\data\processed\test\Agaricus\272_r-A9DMTwWoM.jpg,Agaricus/272_r-A9DMTwWoM.jpg,Agaricus,Russula,False,0.368443101644516,0.004604300003848,BaselineCNN,test,0.044147104024887085,0.010441615246236324,0.0022220415994524956,0.13528023660182953,4.4832995627075434e-05,4.239613190293312e-05,0.003162642940878868,0.00018068317149300128,0.24846157431602478,0.368443101644516,0.18757380545139313
C:\Projects\TM470\data\processed\test\Agaricus\294_kPCOGW3Y_Ak.jpg,Agaricus/294_kPCOGW3Y_Ak.jpg,Agaricus,Amanita,False,0.6198088526725769,0.0055132999987108,BaselineCNN,test,0.07381103932857513,0.6198088526725769,7.369119703071192e-05,0.0019484893418848515,0.00018889627244789153,0.03279224410653114,2.764687997114379e-05,0.2141447365283966,0.05585995689034462,0.0013081214856356382,3.6417710362002254e-05
C:\Projects\TM470\data\processed\test\Agaricus\300_VSw-oPLasfg.jpg,Agaricus/300_VSw-oPLasfg.jpg,Agaricus,Entoloma,False,0.9044130444526672,0.0050715999968815,BaselineCNN,test,6.582938658539206e-05,1.0143684221475269e-06,0.04312446340918541,0.04506808891892433,0.9044130444526672,2.039850414803368e-06,4.5584524599462384e-08,1.0586892130959313e-05,0.006559804547578096,3.8359292375389487e-05,0.0007167091825976968
C:\Projects\TM470\data\processed\test\Agaricus\323_5Es9oQ3LeGk.jpg,Agaricus/323_5Es9oQ3LeGk.jpg,Agaricus,Cortinarius,False,0.9999793767929077,0.002923499996541,BaselineCNN,test,2.3097361696866603e-12,1.1134815167679335e-06,1.866274033091031e-05,0.9999793767929077,8.954663677229746e-09,6.974473949761251e-12,6.055980803637562e-12,5.78913539328596e-09,5.472477937473741e-07,2.743485936207435e-07,3.1607394479493678e-09
C:\Projects\TM470\data\processed\test\Agaricus\349_Euf9XZEVTMc.jpg,Agaricus/349_Euf9XZEVTMc.jpg,Agaricus,Cortinarius,False,0.9675624966621399,0.0028510999982245,BaselineCNN,test,0.028700342401862144,0.000626110122539103,6.505807164103317e-07,0.9675624966621399,1.542612153571099e-06,2.9816476398991654e-07,9.038302550834487e-09,0.0026733616832643747,4.59011243947316e-06,0.0004305026959627867,6.665498375468815e-08
C:\Projects\TM470\data\processed\test\Agaricus\354_VP-DWvLyI3w.jpg,Agaricus/354_VP-DWvLyI3w.jpg,Agaricus,Lactarius,False,0.359793096780777,0.0045939999981783,BaselineCNN,test,0.2302607148885727,0.012134737335145473,0.017083991318941116,0.005315843503922224,0.0291774682700634,0.0028338334523141384,0.0038797997403889894,0.10065396130084991,0.359793096780777,0.2211495339870453,0.017716938629746437
C:\Projects\TM470\data\processed\test\Agaricus\357__w_XUQZMZEw.jpg,Agaricus/357__w_XUQZMZEw.jpg,Agaricus,Agaricus,True,0.9999891519546509,0.0042669999966165,BaselineCNN,test,0.9999891519546509,4.608633209418947e-16,1.1010427256128066e-21,1.0890589645373705e-12,2.6963422896692633e-19,2.772525624085397e-19,5.037696482190768e-09,1.9108868133665968e-13,1.0833272426680196e-05,1.0567557638956233e-14,1.7426996260991312e-12
C:\Projects\TM470\data\processed\test\Agaricus\366_XEI1sAQds7w.jpg,Agaricus/366_XEI1sAQds7w.jpg,Agaricus,Agaricus,True,0.9955155253410339,0.0028577000048244,BaselineCNN,test,0.9955155253410339,0.0001530393201392144,2.34646950758588e-08,0.0021122307516634464,6.031484645063756e-06,3.888756054948317e-06,2.1070949514978565e-05,0.00021979228768032044,0.0017242442118003964,0.00018605169316288084,5.80577107029967e-05
C:\Projects\TM470\data\processed\test\Agaricus\374_Xap1L15Z8BM.jpg,Agaricus/374_Xap1L15Z8BM.jpg,Agaricus,Entoloma,False,0.9371435642242432,0.0047154000058071,BaselineCNN,test,0.00017646135529503226,0.007426165975630283,0.003996000625193119,0.013380976393818855,0.9371435642242432,2.3208040147437714e-06,0.00533550838008523,2.2046617232263088e-05,0.006623990833759308,9.12543255253695e-05,0.025801628828048706
C:\Projects\TM470\data\processed\test\Agaricus\384_T_p5cKpLpsc.jpg,Agaricus/384_T_p5cKpLpsc.jpg,Agaricus,Agaricus,True,0.7976440787315369,0.004599899999448,BaselineCNN,test,0.7976440787315369,0.001444704830646515,1.547030478832312e-05,0.0034633686300367117,0.0003984539653174579,2.0654610466408485e-08,1.4975820477047819e-06,0.011641145683825016,0.17136093974113464,0.013935736380517483,9.462614252697676e-05
C:\Projects\TM470\data\processed\test\Agaricus\385_iwfhPs4irjk.jpg,Agaricus/385_iwfhPs4irjk.jpg,Agaricus,Amanita,False,0.8267197012901306,0.0029085999995004,BaselineCNN,test,8.396600037485769e-07,0.8267197012901306,1.2185387421315141e-10,0.001892860047519207,1.031415024499438e-07,1.0087413127024547e-09,1.1997722992873605e-07,0.092452771961689,0.07893339544534683,1.593834610957856e-07,1.4269563308744182e-08
C:\Projects\TM470\data\processed\test\Agaricus\391_N7A0y7CgOA0.jpg,Agaricus/391_N7A0y7CgOA0.jpg,Agaricus,Amanita,False,0.37513211369514465,0.0026526000001467,BaselineCNN,test,0.031057322397828102,0.37513211369514465,0.01287679374217987,0.024039817973971367,0.10814717411994934,0.03941180929541588,0.03917675092816353,0.03694567456841469,0.10292992740869522,0.1396058201789856,0.09067679941654205
C:\Projects\TM470\data\processed\test\Agaricus\392_QXsLZMnBIt0.jpg,Agaricus/392_QXsLZMnBIt0.jpg,Agaricus,Lactarius,False,0.4557078778743744,0.0045814000040991,BaselineCNN,test,0.00017718435265123844,0.25577855110168457,1.261913666894543e-06,0.00011869185254909098,0.00012558004527818412,3.774068169093425e-09,7.882512136347941e-07,2.866000431822613e-05,0.4557078778743744,0.28805676102638245,4.589407126331935e-06
C:\Projects\TM470\data\processed\test\Agaricus\411_egeAEeL40Lc.jpg,Agaricus/411_egeAEeL40Lc.jpg,Agaricus,Cortinarius,False,0.804081380367279,0.0050008999969577,BaselineCNN,test,0.03698263689875603,0.07834190875291824,1.1441859726346593e-07,0.804081380367279,3.625031968113035e-05,7.91498777630295e-09,4.302722300053574e-05,0.0005945924785919487,0.00356073840521276,0.07361273467540741,0.0027466241735965014
C:\Projects\TM470\data\processed\test\Agaricus\413_4LTr0R0Dk8o.jpg,Agaricus/413_4LTr0R0Dk8o.jpg,Agaricus,Cortinarius,False,0.278757244348526,0.0043806000030599,BaselineCNN,test,0.04869980365037918,0.08342888206243515,0.0002224556083092466,0.278757244348526,0.04038000851869583,0.05359749123454094,0.0012645451352000237,0.07635704427957535,0.1133677065372467,0.27080923318862915,0.03311558812856674
C:\Projects\TM470\data\processed\test\Agaricus\430_IpjdsyrmIzc.jpg,Agaricus/430_IpjdsyrmIzc.jpg,Agaricus,Amanita,False,0.746703028678894,0.0039935999957378,BaselineCNN,test,0.12424138188362122,0.746703028678894,0.0014255302958190441,5.618966679321602e-05,9.984615462599322e-05,3.45595690953715e-10,1.2651805718633113e-06,6.125570962467464e-06,0.00045217815204523504,0.12628741562366486,0.0007270256173796952
C:\Projects\TM470\data\processed\test\Agaricus\433_XWxLl-zeNQ8.jpg,Agaricus/433_XWxLl-zeNQ8.jpg,Agaricus,Amanita,False,0.8848527669906616,0.0040960000042105,BaselineCNN,test,0.10914730280637741,0.8848527669906616,0.0001399816683260724,7.276281394297257e-05,5.778706326964311e-05,3.2368803658755496e-05,2.547562871768605e-06,0.00399717828258872,0.00013744512398261577,0.0006056578131392598,0.0009541483595967293
C:\Projects\TM470\data\processed\test\Agaricus\438_uTWjQsEXep4.jpg,Agaricus/438_uTWjQsEXep4.jpg,Agaricus,Amanita,False,0.2246062159538269,0.0043489999952726,BaselineCNN,test,0.012634297832846642,0.2246062159538269,0.004757443908601999,0.1479211002588272,0.12083160132169724,0.0006128615350462496,0.012504920363426208,0.21233339607715607,0.0770365372300148,0.12107893824577332,0.06568269431591034
C:\Projects\TM470\data\processed\test\Agaricus\439_w5uD0w5wrXs.jpg,Agaricus/439_w5uD0w5wrXs.jpg,Agaricus,Russula,False,0.4675440490245819,0.0043095000000903,BaselineCNN,test,0.06874238699674606,0.12046223133802414,1.9672445716878428e-07,0.00024070327344816178,0.00011028883454855531,2.1975361808035387e-10,0.0001499498903285712,2.7031423996959347e-06,0.33244261145591736,0.4675440490245819,0.01030484028160572
C:\Projects\TM470\data\processed\test\Amanita\004_wIVV5id0aOg.jpg,Amanita/004_wIVV5id0aOg.jpg,Amanita,Exidia,False,0.3540346026420593,0.004090400005225,BaselineCNN,test,4.984252086615015e-07,0.2529246211051941,0.08207058906555176,0.0063812159933149815,0.0020117058884352446,0.3540346026420593,0.0523318350315094,0.0021566415671259165,0.0016066679963842034,3.047601467187633e-06,0.24647855758666992
C:\Projects\TM470\data\processed\test\Amanita\010_Ji4N7IDyRKY.jpg,Amanita/010_Ji4N7IDyRKY.jpg,Amanita,Amanita,True,0.5973882079124451,0.0048429999878862,BaselineCNN,test,2.6753448310046224e-06,0.5973882079124451,0.39806345105171204,0.00013117377238813788,0.00010955110337818041,1.0398021998980767e-07,0.00011424432886997238,6.449924694607034e-05,6.914844561833888e-05,0.0017342852661386132,0.002322698477655649
C:\Projects\TM470\data\processed\test\Amanita\011_DoZoYI2vj20.jpg,Amanita/011_DoZoYI2vj20.jpg,Amanita,Russula,False,0.9981594681739807,0.0023756000009598,BaselineCNN,test,4.289212873764825e-10,5.57831626792904e-05,0.00021683592058252543,0.0005134829552844167,4.880666892859153e-07,1.1988896203921073e-13,1.735126534185838e-05,1.6883903697362257e-07,1.040158849718864e-06,0.9981594681739807,0.0010353053221479058
C:\Projects\TM470\data\processed\test\Amanita\026_8kxG9731_4w.jpg,Amanita/026_8kxG9731_4w.jpg,Amanita,Agaricus,False,0.3454010486602783,0.0041292000096291,BaselineCNN,test,0.3454010486602783,0.024593282490968704,1.5112350411072839e-05,0.28295883536338806,1.3774865692539606e-07,0.04623543843626976,1.645450174692087e-05,0.014098665677011013,0.26845234632492065,0.018216723576188087,1.1946533959417138e-05
C:\Projects\TM470\data\processed\test\Amanita\027_i47VTXypFTE.jpg,Amanita/027_i47VTXypFTE.jpg,Amanita,Boletus,False,0.9939873218536377,0.0039954000094439,BaselineCNN,test,8.108425390673801e-05,0.0020152097567915916,0.9939873218536377,5.499622602656018e-06,7.846696098567918e-05,1.0954111928640486e-07,1.4930260761047975e-07,7.095419277902693e-05,0.0019147496204823256,0.0008172796224243939,0.0010291143553331494
C:\Projects\TM470\data\processed\test\Amanita\038_VKaJLTO8zZU.jpg,Amanita/038_VKaJLTO8zZU.jpg,Amanita,Lactarius,False,0.5548418760299683,0.002474599998095,BaselineCNN,test,0.0009738952503539622,0.17821156978607178,0.01830272562801838,0.02347574383020401,0.004851997829973698,0.002911236369982362,0.03705752268433571,0.005164158996194601,0.5548418760299683,0.024590102955698967,0.1496192067861557
C:\Projects\TM470\data\processed\test\Amanita\041_6n9nhA4C6K8.jpg,Amanita/041_6n9nhA4C6K8.jpg,Amanita,Russula,False,0.6312029957771301,0.0027873999933945,BaselineCNN,test,0.001880602678284049,0.019305557012557983,0.025429682806134224,0.03962051495909691,0.04343944787979126,0.0005508459871634841,0.1382928341627121,0.03051815927028656,0.062128230929374695,0.6312029957771301,0.007631091400980949
C:\Projects\TM470\data\processed\test\Amanita\042_aqfiTPuiGHo.jpg,Amanita/042_aqfiTPuiGHo.jpg,Amanita,Boletus,False,0.26765337586402893,0.0027501000004122,BaselineCNN,test,0.0014799799537286162,0.2582129240036011,0.26765337586402893,0.08207621425390244,0.014864195138216019,0.0007901786011643708,0.05463210865855217,0.0023187403567135334,0.19573694467544556,0.0354216992855072,0.08681364357471466
C:\Projects\TM470\data\processed\test\Amanita\044_BvKKMmJ6Nfo.jpg,Amanita/044_BvKKMmJ6Nfo.jpg,Amanita,Russula,False,0.9498884081840515,0.0024666000099387,BaselineCNN,test,0.00032080031814984977,0.012143372558057308,0.00035454542376101017,0.00012817190145142376,6.1149345128797e-05,4.108047235718004e-09,9.642943950893823e-06,6.584068160009338e-06,0.03704757243394852,0.9498884081840515,3.977739470428787e-05
C:\Projects\TM470\data\processed\test\Amanita\048_3CAOSWVxhe0.jpg,Amanita/048_3CAOSWVxhe0.jpg,Amanita,Cortinarius,False,0.789547860622406,0.0024676999892108,BaselineCNN,test,1.0375919856642213e-07,0.026269901543855667,8.848799666338891e-07,0.789547860622406,5.1331699069123715e-05,7.947852792566934e-11,0.05072835087776184,6.092419062042609e-05,0.009588177315890789,0.016916295513510704,0.10683618485927582
C:\Projects\TM470\data\processed\test\Amanita\055_riJalDjBcnI.jpg,Amanita/055_riJalDjBcnI.jpg,Amanita,Boletus,False,0.7455131411552429,0.0026326000079279,BaselineCNN,test,5.7263608965740787e-08,0.25260427594184875,0.7455131411552429,6.107483727646468e-07,5.814250414459821e-09,5.664688274009677e-09,1.435683998352033e-06,2.3356300005161756e-07,0.00012019956920994446,4.360351340437774e-06,0.0017557961400598288
C:\Projects\TM470\data\processed\test\Amanita\075_3gL0KWhOrbs.jpg,Amanita/075_3gL0KWhOrbs.jpg,Amanita,Entoloma,False,0.4820560812950134,0.0024654000008013,BaselineCNN,test,0.020869536325335503,0.18189939856529236,1.193647040054202e-05,0.00859860796481371,0.4820560812950134,0.2382999062538147,0.05043681710958481,0.0017730502877384424,0.009181334637105465,0.002094244584441185,0.004779041279107332
C:\Projects\TM470\data\processed\test\Amanita\081_C-pQjIw3h7M.jpg,Amanita/081_C-pQjIw3h7M.jpg,Amanita,Boletus,False,0.4595798850059509,0.0024982000031741,BaselineCNN,test,5.811821779388993e-07,9.326212602900341e-05,0.4595798850059509,0.015550034120678902,3.702710316133562e-08,2.4518856389654786e-10,2.1057339836261235e-05,1.7434534527183132e-07,0.44465598464012146,0.000434868416050449,0.07966413348913193
C:\Projects\TM470\data\processed\test\Amanita\083_GAJUFRatKvg.jpg,Amanita/083_GAJUFRatKvg.jpg,Amanita,Lactarius,False,0.7802428603172302,0.0024494000099366,BaselineCNN,test,0.002247759373858571,5.8924466429743916e-05,0.00019590044394135475,0.05122784525156021,0.0032942057587206364,9.188307785734651e-07,0.0036585694178938866,5.7094450312433764e-05,0.7802428603172302,0.05219609662890434,0.10681984573602676
C:\Projects\TM470\data\processed\test\Amanita\101_m1QUT_IvswY.jpg,Amanita/101_m1QUT_IvswY.jpg,Amanita,Amanita,True,0.753399133682251,0.0023895999911474,BaselineCNN,test,0.026857763528823853,0.753399133682251,0.024107228964567184,0.009332080371677876,0.004154107067734003,0.009947415441274643,0.007323136553168297,0.00555136613547802,0.10198204964399338,0.049897920340299606,0.007447835989296436
C:\Projects\TM470\data\processed\test\Amanita\109_mApfQHzHo0k.jpg,Amanita/109_mApfQHzHo0k.jpg,Amanita,Lactarius,False,0.4703342020511627,0.0026201000000583,BaselineCNN,test,0.22075307369232178,0.0024419520050287247,0.0011970147024840117,0.18157000839710236,0.01345878280699253,0.0010320186847820878,0.0002689958782866597,0.002161355223506689,0.4703342020511627,0.0013339256402105093,0.10544867068529129
C:\Projects\TM470\data\processed\test\Amanita\112_v5maqRj9Z_w.jpg,Amanita/112_v5maqRj9Z_w.jpg,Amanita,Lactarius,False,0.4825228154659271,0.002492900006473,BaselineCNN,test,0.009847910143435001,0.07354570180177689,0.1583976000547409,0.230681911110878,0.015815455466508865,0.003975678235292435,0.0006460653385147452,0.001605518045835197,0.4825228154659271,0.002737613394856453,0.02022373676300049
C:\Projects\TM470\data\processed\test\Amanita\113_Ssk7arItOnk.jpg,Amanita/113_Ssk7arItOnk.jpg,Amanita,Lactarius,False,0.9661422967910767,0.0023841999936848,BaselineCNN,test,0.00032078666845336556,0.00015136510774027556,0.010093268938362598,0.01785346306860447,1.6521786392331705e-06,1.3735309039475396e-05,0.00035123061388731003,0.004347167909145355,0.9661422967910767,0.0005360486684367061,0.00018897972768172622
C:\Projects\TM470\data\processed\test\Amanita\116_V-662GMGI6U.jpg,Amanita/116_V-662GMGI6U.jpg,Amanita,Cortinarius,False,0.43962350487709045,0.0024636999878566,BaselineCNN,test,0.000572502554859966,0.4078378677368164,1.038682967191562e-05,0.43962350487709045,0.0028413881082087755,2.1106401071335767e-09,0.0033811700996011496,0.010736691765487194,0.0007163889240473509,0.11715854704380035,0.017121555283665657
C:\Projects\TM470\data\processed\test\Amanita\117_2i4Ly-hB5rY.jpg,Amanita/117_2i4Ly-hB5rY.jpg,Amanita,Amanita,True,0.9942104816436768,0.0027696000033756,BaselineCNN,test,6.688604571536416e-06,0.9942104816436768,0.00465267663821578,0.0005803202511742711,3.0577804177589485e-10,2.919365920880934e-12,9.571909237449105e-11,3.7114094020296307e-09,7.88857778388774e-06,3.0473966461386226e-08,0.0005420126835815609
C:\Projects\TM470\data\processed\test\Amanita\121_0mE3kiyOk4k.jpg,Amanita/121_0mE3kiyOk4k.jpg,Amanita,Boletus,False,0.7657641768455505,0.0025012999976752,BaselineCNN,test,0.0004540921945590526,0.11196505278348923,0.7657641768455505,0.006124646868556738,0.009957716800272465,1.725002221064642e-05,0.0139320632442832,0.004418914206326008,0.013534913770854473,0.07344315946102142,0.00038792789564467967
C:\Projects\TM470\data\processed\test\Amanita\125_jnNJwiuIHj0.jpg,Amanita/125_jnNJwiuIHj0.jpg,Amanita,Amanita,True,0.9768593907356262,0.0027214000001549,BaselineCNN,test,0.0030206660740077496,0.9768593907356262,0.007772115059196949,0.0007722167647443712,8.636498932901304e-06,0.0005264547071419656,1.427357619832037e-05,0.00238597858697176,0.004628332331776619,0.0039984420873224735,1.3528779163607396e-05
C:\Projects\TM470\data\processed\test\Amanita\138_kCA0Zae2KX0.jpg,Amanita/138_kCA0Zae2KX0.jpg,Amanita,Amanita,True,0.7260001301765442,0.0024685999960638,BaselineCNN,test,0.0005324658122844994,0.7260001301765442,0.24950772523880005,0.002846185117959976,0.00011501387052703649,8.116563066096205e-08,7.462723772277968e-08,0.001732128206640482,0.0177235659211874,0.0015423618024215102,3.3533567034282896e-07
C:\Projects\TM470\data\processed\test\Amanita\141_zaaLqAyIHuQ.jpg,Amanita/141_zaaLqAyIHuQ.jpg,Amanita,Lactarius,False,0.39025408029556274,0.002815300002112,BaselineCNN,test,0.12710212171077728,0.3432199954986572,0.026539932936429977,0.005319142248481512,0.01607508771121502,2.000990434680716e-06,0.0006745699211023748,4.033711229567416e-05,0.39025408029556274,0.00715060206130147,0.08362208306789398
C:\Projects\TM470\data\processed\test\Amanita\143_ZpRWUcr7GhA.jpg,Amanita/143_ZpRWUcr7GhA.jpg,Amanita,Lactarius,False,0.712932825088501,0.0033661999914329,BaselineCNN,test,0.0019347398774698377,0.01012154296040535,0.264309823513031,0.006554329302161932,0.0007223279098980129,3.86006405506123e-07,9.258457794203423e-06,0.0008789781713858247,0.712932825088501,0.0011131552746519446,0.0014225291088223457
C:\Projects\TM470\data\processed\test\Amanita\145_2JCprUI2Ugw.jpg,Amanita/145_2JCprUI2Ugw.jpg,Amanita,Russula,False,0.7788127660751343,0.0024782000109553,BaselineCNN,test,0.03031538799405098,0.001509357593022287,0.09599149227142334,0.05569016560912132,7.196745599458154e-08,1.0693778085268946e-09,0.0001356454740744084,3.6761218513703398e-09,0.0017944015562534332,0.7788127660751343,0.03575071692466736
C:\Projects\TM470\data\processed\test\Amanita\159_majDHo2IG8U.jpg,Amanita/159_majDHo2IG8U.jpg,Amanita,Amanita,True,0.6079839468002319,0.0027938999992329,BaselineCNN,test,0.37572523951530457,0.6079839468002319,0.0018893262604251504,0.0014906817814335227,1.7866612722627906e-07,8.483849001095223e-07,1.3335524329249893e-07,5.8564239679981256e-08,0.012862304225564003,4.4883607188239694e-05,2.4237851903308183e-06
C:\Projects\TM470\data\processed\test\Amanita\160_2Xs6Ueh19D4.jpg,Amanita/160_2Xs6Ueh19D4.jpg,Amanita,Lactarius,False,0.9276876449584961,0.0024122999893734,BaselineCNN,test,0.004751363769173622,2.7683207008522004e-05,0.005812472198158503,0.00010402833140688017,0.01798240654170513,1.6803754988359287e-05,0.00022349135542754084,0.0003717692743521184,0.9276876449584961,0.0421663336455822,0.0008560660062357783
C:\Projects\TM470\data\processed\test\Amanita\166_wCNIOK2FS_U.jpg,Amanita/166_wCNIOK2FS_U.jpg,Amanita,Agaricus,False,0.6568944454193115,0.0027246999961789,BaselineCNN,test,0.6568944454193115,0.020622236654162407,1.1119211649202043e-06,0.04453235864639282,2.0935412976541556e-06,0.018911730498075485,6.17804687408352e-07,0.2391665279865265,0.0027059130370616913,0.017110828310251236,5.207863068790175e-05
C:\Projects\TM470\data\processed\test\Amanita\167_oTHBDUWfBxA.jpg,Amanita/167_oTHBDUWfBxA.jpg,Amanita,Lactarius,False,0.5680884718894958,0.002830500001437,BaselineCNN,test,0.26504847407341003,0.003498089499771595,0.00047053329763002694,0.055038776248693466,0.00035222162841819227,2.8505137379397638e-05,0.0002135882095899433,0.001226132269948721,0.5680884718894958,0.10387171804904938,0.002163410186767578
C:\Projects\TM470\data\processed\test\Amanita\169_ODaDqR_tlG0.jpg,Amanita/169_ODaDqR_tlG0.jpg,Amanita,Russula,False,0.9991932511329651,0.002442199998768,BaselineCNN,test,0.00010422494960948825,0.0006826174794696271,1.4328144288811018e-06,1.3026175111008342e-05,6.876574616399012e-07,2.6431458137097207e-14,7.681705826989571e-10,3.1686746325768067e-13,4.603503839462064e-06,0.9991932511329651,1.3555352040839352e-07
C:\Projects\TM470\data\processed\test\Amanita\171_6GMgYtjBa8k.jpg,Amanita/171_6GMgYtjBa8k.jpg,Amanita,Amanita,True,0.7343653440475464,0.0028058000025339,BaselineCNN,test,0.0010709037305787206,0.7343653440475464,0.22176599502563477,0.03849237412214279,0.00401379493996501,1.7590784864296438e-06,5.589081553125652e-08,2.742807510003331e-06,2.9573349820566364e-05,0.00025693821953609586,6.119173008301004e-07
C:\Projects\TM470\data\processed\test\Amanita\173_jqvVZF8AWxg.jpg,Amanita/173_jqvVZF8AWxg.jpg,Amanita,Agaricus,False,0.9815223217010498,0.0027546000055735,BaselineCNN,test,0.9815223217010498,0.009293881244957447,2.2236376651108003e-07,9.24941705306992e-05,7.573290349682793e-05,9.074978152057156e-06,1.949502575371298e-06,3.395448220544495e-05,0.008874730207026005,7.266545435413718e-05,2.3015345504973084e-05
C:\Projects\TM470\data\processed\test\Amanita\175_wCfYH50cXu8.jpg,Amanita/175_wCfYH50cXu8.jpg,Amanita,Russula,False,0.9965060949325562,0.002500599992345,BaselineCNN,test,2.8110258654123754e-07,7.706699761911295e-06,2.4891916837077588e-05,0.0031419089064002037,1.915295797516592e-05,4.32607949463204e-09,2.2910464849701384e-06,9.28624217522156e-07,0.00026634891401045024,0.9965060949325562,3.0480245186481625e-05
C:\Projects\TM470\data\processed\test\Amanita\192_uQQGhgvOkTI.jpg,Amanita/192_uQQGhgvOkTI.jpg,Amanita,Cortinarius,False,0.8740072250366211,0.0027626999944914,BaselineCNN,test,0.006334391888231039,0.0944725051522255,0.0001290536456508562,0.8740072250366211,0.011232164688408375,3.4472473089408595e-06,2.4724127797526307e-05,0.00043740824912674725,0.00914604403078556,0.004144472535699606,6.857871630927548e-05
C:\Projects\TM470\data\processed\test\Amanita\194__2kBAgeqxZc.jpg,Amanita/194__2kBAgeqxZc.jpg,Amanita,Amanita,True,0.9329044818878174,0.0026184000016655,BaselineCNN,test,2.6082231485702323e-08,0.9329044818878174,0.00883628148585558,0.036062341183423996,1.5714111214037985e-05,2.22856510845304e-06,1.2783232705260161e-05,0.0020579530391842127,0.01316466461867094,9.932305644611006e-09,0.006943571846932173
C:\Projects\TM470\data\processed\test\Amanita\208_EvpNOUGmeVI.jpg,Amanita/208_EvpNOUGmeVI.jpg,Amanita,Lactarius,False,0.9804903864860535,0.0027474999951664,BaselineCNN,test,0.0018682217923924327,0.014519868418574333,0.000911606359295547,0.0008984687156043947,2.3831958969822153e-05,0.0005644347402267158,1.0841084474577656e-07,7.663703627258656e-08,0.9804903864860535,0.0006854799576103687,3.754950375878252e-05
C:\Projects\TM470\data\processed\test\Amanita\215_XXWsMnFz1MI.jpg,Amanita/215_XXWsMnFz1MI.jpg,Amanita,Amanita,True,0.9914482831954956,0.0028506999951787,BaselineCNN,test,0.0002809822035487741,0.9914482831954956,6.257491804717574e-06,0.0027111356612294912,0.00014249674859456718,2.835673058143584e-06,3.334864686621586e-07,0.0020506270229816437,0.0016630470054224133,5.559047888681334e-09,0.0016940712230280042
C:\Projects\TM470\data\processed\test\Amanita\219_d2on0Kw19Ds.jpg,Amanita/219_d2on0Kw19Ds.jpg,Amanita,Amanita,True,0.5700733065605164,0.0024868000036804,BaselineCNN,test,0.007138711400330067,0.5700733065605164,0.3027122914791107,0.04859858378767967,0.00013015921285841614,1.63144723046571e-05,0.0037180748768150806,0.06172434240579605,0.0027127459179610014,0.0022871852852404118,0.0008882603724487126
C:\Projects\TM470\data\processed\test\Amanita\226_zzTeEGVX8nY.jpg,Amanita/226_zzTeEGVX8nY.jpg,Amanita,Russula,False,0.7506943941116333,0.002796099986881,BaselineCNN,test,0.018668171018362045,0.2271278351545334,4.041134094023846e-09,0.0021627037785947323,1.1851700492115924e-06,2.0087541997781955e-05,3.8445293171207595e-07,0.00045341532677412033,0.0005381145165301859,0.7506943941116333,0.0003337617381475866
C:\Projects\TM470\data\processed\test\Amanita\229_AAkARuMGR0c.jpg,Amanita/229_AAkARuMGR0c.jpg,Amanita,Amanita,True,0.8333895802497864,0.0028535000019473,BaselineCNN,test,0.15946368873119354,0.8333895802497864,1.831199369917158e-05,0.0012311460450291634,0.0012698858045041561,1.1056284847654752e-06,0.0026073569897562265,7.253990588651504e-06,0.0006849129567854106,0.0007339898147620261,0.0005927732563577592
C:\Projects\TM470\data\processed\test\Amanita\238_7M5xzSG_g_A.jpg,Amanita/238_7M5xzSG_g_A.jpg,Amanita,Amanita,True,0.9995570778846741,0.0028293000068515,BaselineCNN,test,3.341920819366351e-05,0.9995570778846741,2.611155593967851e-07,3.8673348967677157e-07,9.057532501799415e-09,4.239425199781266e-10,1.9595276512518467e-09,1.916228287157651e-09,0.00027896082610823214,3.2235408298220136e-07,0.00012957687431480736
C:\Projects\TM470\data\processed\test\Amanita\239_m__Mvvi_6yk.jpg,Amanita/239_m__Mvvi_6yk.jpg,Amanita,Amanita,True,0.9934019446372986,0.0028203999972902,BaselineCNN,test,0.0029892046004533768,0.9934019446372986,0.0001938860077643767,9.186869283439592e-05,8.459289529128e-05,8.556543917848103e-08,6.478695269152013e-08,0.0030366280116140842,0.0001880699273897335,1.9725016500160564e-06,1.1610693945840467e-05
C:\Projects\TM470\data\processed\test\Amanita\245_hJy0oklu5jA.jpg,Amanita/245_hJy0oklu5jA.jpg,Amanita,Entoloma,False,0.6850866675376892,0.0027552999963518,BaselineCNN,test,4.5289147237781435e-05,0.0257748793810606,0.18408450484275818,0.004286373499780893,0.6850866675376892,0.0004643529246095568,0.04552246257662773,0.03437628224492073,0.01324631366878748,0.005798025522381067,0.0013148720609024167
C:\Projects\TM470\data\processed\test\Amanita\254_Lyi3XcTltRs.jpg,Amanita/254_Lyi3XcTltRs.jpg,Amanita,Russula,False,0.6530969142913818,0.0028157000051578,BaselineCNN,test,0.044825971126556396,0.25392457842826843,4.1789226088440046e-05,0.03464139252901077,0.0008473750785924494,3.561769972293405e-07,0.0018739182269200683,0.00034093603608198464,0.006218115333467722,0.6530969142913818,0.004188632592558861
C:\Projects\TM470\data\processed\test\Amanita\262_lkxMPar_qU4.jpg,Amanita/262_lkxMPar_qU4.jpg,Amanita,Lactarius,False,0.29872575402259827,0.0024695000029169,BaselineCNN,test,0.07297082245349884,0.17180699110031128,0.046311888843774796,0.0070085059851408005,0.09506469964981079,0.013277904130518436,0.1056123748421669,0.00830087810754776,0.29872575402259827,0.1290295422077179,0.05189063772559166
C:\Projects\TM470\data\processed\test\Amanita\266_1lFPzGUJdrw.jpg,Amanita/266_1lFPzGUJdrw.jpg,Amanita,Cortinarius,False,0.48715904355049133,0.0027913999947486,BaselineCNN,test,0.0026385479141026735,0.038875557482242584,0.0016182924155145884,0.48715904355049133,0.0010276795364916325,7.126158743631095e-05,0.029465485364198685,0.06818912923336029,0.08721665292978287,0.25689855217933655,0.02683974988758564
C:\Projects\TM470\data\processed\test\Amanita\267_Jv9rb_uZxxM.jpg,Amanita/267_Jv9rb_uZxxM.jpg,Amanita,Amanita,True,0.9133131504058838,0.0024525000044377,BaselineCNN,test,0.0002177793940063566,0.9133131504058838,0.0672273188829422,0.00036054570227861404,8.3156832261011e-05,0.0007002344354987144,0.0037398028653115034,0.0009726817952468991,0.0011265361681580544,0.011959543451666832,0.00029922803514637053
C:\Projects\TM470\data\processed\test\Amanita\269_y7diE9hqyqg.jpg,Amanita/269_y7diE9hqyqg.jpg,Amanita,Cortinarius,False,0.9835001230239868,0.0025860000023385,BaselineCNN,test,7.019425538601354e-05,8.912848716136068e-05,0.0005330148851498961,0.9835001230239868,0.0003456719277892262,2.934599763193546e-07,2.1517793356906623e-05,5.236084234638838e-06,0.0020116115920245647,0.01326880231499672,0.00015431572683155537
C:\Projects\TM470\data\processed\test\Amanita\280_kmvGIrteUEU.jpg,Amanita/280_kmvGIrteUEU.jpg,Amanita,Amanita,True,0.9698362946510315,0.0025523000076645,BaselineCNN,test,1.3750959624303505e-06,0.9698362946510315,0.026200881227850914,0.00017613040108699352,0.00015401944983750582,0.0010777221759781241,0.00010017334716394544,0.0023757328744977713,1.294161506848468e-06,3.732161246716714e-07,7.59936956455931e-05
C:\Projects\TM470\data\processed\test\Amanita\283_A61Fv-WuOIQ.jpg,Amanita/283_A61Fv-WuOIQ.jpg,Amanita,Entoloma,False,0.888198733329773,0.0026132999919354,BaselineCNN,test,0.0005665453500114381,0.0002558696432970464,1.71270476130303e-05,0.059855278581380844,0.888198733329773,0.002630863804370165,2.004336056415923e-05,0.04757910966873169,0.0008207243517972529,4.210721090203151e-05,1.3636096809932496e-05
C:\Projects\TM470\data\processed\test\Amanita\284_hjYnEPCzZWs.jpg,Amanita/284_hjYnEPCzZWs.jpg,Amanita,Boletus,False,0.9288631081581116,0.00248979999742,BaselineCNN,test,0.0006915233097970486,0.06679324060678482,0.9288631081581116,0.0013020988553762436,5.291610705171479e-06,4.023457222501747e-06,1.0405956345493905e-06,0.0002832135942298919,0.0016790488734841347,0.00032305537024512887,5.440833774628118e-05
C:\Projects\TM470\data\processed\test\Amanita\286_akbOrg8qrWc.jpg,Amanita/286_akbOrg8qrWc.jpg,Amanita,Amanita,True,0.9330332279205322,0.0024947999918367,BaselineCNN,test,0.0003449073410592973,0.9330332279205322,0.06642072647809982,6.970536924200132e-05,2.8085756298423803e-07,5.978923667271374e-08,1.1919178888319948e-07,8.324591908603907e-05,9.728290024213493e-06,5.410902303992771e-06,3.2462223316542804e-05
C:\Projects\TM470\data\processed\test\Amanita\291_8IJ4_ANpJLg.jpg,Amanita/291_8IJ4_ANpJLg.jpg,Amanita,Boletus,False,0.5064725875854492,0.0027944999892497,BaselineCNN,test,1.2803970093955286e-05,0.2104426622390747,0.5064725875854492,0.026702644303441048,0.0004853479622397572,1.2378178325889166e-05,0.1528806984424591,0.022145956754684448,0.04766730219125748,0.005495917052030563,0.027681732550263405
C:\Projects\TM470\data\processed\test\Amanita\296_sKFU2MHCmQI.jpg,Amanita/296_sKFU2MHCmQI.jpg,Amanita,Boletus,False,0.9870209097862244,0.0025107000110438,BaselineCNN,test,0.0001595551730133593,0.0061883460730314255,0.9870209097862244,0.00019436972797848284,3.984345312346704e-06,4.681552567831204e-08,2.075978727589245e-06,0.002386447973549366,0.0001500463840784505,0.0016830244567245245,0.002211050596088171
C:\Projects\TM470\data\processed\test\Amanita\301_arWVKBAl1xg.jpg,Amanita/301_arWVKBAl1xg.jpg,Amanita,Lactarius,False,0.5253413319587708,0.0024372999905608,BaselineCNN,test,4.346311106928624e-05,0.0006694192998111248,6.30723443464376e-05,0.06821831315755844,0.2522808611392975,3.001034443173012e-08,0.012759830802679062,0.06235407292842865,0.5253413319587708,8.962165156845003e-05,0.0781799927353859
C:\Projects\TM470\data\processed\test\Amanita\304_fF9sgw_cuPo.jpg,Amanita/304_fF9sgw_cuPo.jpg,Amanita,Lactarius,False,0.8595033288002014,0.0027734999894164,BaselineCNN,test,0.004162034019827843,0.028307966887950897,0.0003471074451226741,0.08454588055610657,5.5633249758102465e-06,2.6111393935934757e-07,6.0600004871957935e-06,0.0007025806698948145,0.8595033288002014,0.018389172852039337,0.0040300884284079075
C:\Projects\TM470\data\processed\test\Amanita\319_VSiBPtwZDwM.jpg,Amanita/319_VSiBPtwZDwM.jpg,Amanita,Russula,False,0.5002400279045105,0.0027145000058226,BaselineCNN,test,0.00042727566324174404,0.3557423949241638,3.102547907474218e-06,0.013203108683228493,0.0009654418099671602,1.0820392617461039e-06,0.0001679496926954016,0.07020538300275803,0.012281589210033417,0.5002400279045105,0.046762581914663315
C:\Projects\TM470\data\processed\test\Amanita\323_sgZnWNFTFFc.jpg,Amanita/323_sgZnWNFTFFc.jpg,Amanita,Boletus,False,0.9962292313575745,0.002409799999441,BaselineCNN,test,3.1906751019050716e-07,0.003490725765004754,0.9962292313575745,2.1295665646903217e-05,8.456608156848233e-06,1.0664168257790152e-05,7.291260928354859e-10,0.00021104497136548162,8.200382580980659e-06,5.498599762177037e-07,1.9521399735822342e-05
C:\Projects\TM470\data\processed\test\Amanita\326_q3-8lXVmcVM.jpg,Amanita/326_q3-8lXVmcVM.jpg,Amanita,Boletus,False,0.9631969928741455,0.0028080999909434,BaselineCNN,test,0.0001080647562048398,0.032429736107587814,0.9631969928741455,5.0637198000913486e-05,3.291564280516468e-05,0.000741945521440357,3.5495031625032425e-06,0.0021156067959964275,0.0012067245552316308,9.351664630230516e-05,2.0330149709479883e-05
C:\Projects\TM470\data\processed\test\Amanita\329_jpdnrnOYvm8.jpg,Amanita/329_jpdnrnOYvm8.jpg,Amanita,Boletus,False,0.7343031764030457,0.0023877999919932,BaselineCNN,test,1.9335489923832938e-05,0.0009856352116912603,0.7343031764030457,0.04493482783436775,5.361343573895283e-05,8.785800105215458e-07,0.00047088932478800416,0.0015589713584631681,0.07912207394838333,0.006781043019145727,0.13176964223384857
C:\Projects\TM470\data\processed\test\Amanita\354_HFiOZg6IOL8.jpg,Amanita/354_HFiOZg6IOL8.jpg,Amanita,Russula,False,0.9331382513046265,0.0024617000017315,BaselineCNN,test,2.6087116566486657e-05,0.0006682264502160251,2.109098386426922e-05,0.06601239740848541,5.028089589131923e-08,1.3245318175592047e-09,5.710088771593291e-06,2.0450165720831137e-06,0.00012505633640103042,0.9331382513046265,1.067692323886149e-06
C:\Projects\TM470\data\processed\test\Amanita\355_e0Y8jDjEmzs.jpg,Amanita/355_e0Y8jDjEmzs.jpg,Amanita,Cortinarius,False,0.9476631283760071,0.0024941000010585,BaselineCNN,test,0.0003469861694611609,0.008976398035883904,2.315784897177764e-08,0.9476631283760071,0.009620308876037598,1.563919909131073e-06,7.262478902703151e-05,0.0001344141928711906,0.0001011477506835945,0.031192444264888763,0.0018909136997535825
C:\Projects\TM470\data\processed\test\Amanita\366_zzsJUWaNdxg.jpg,Amanita/366_zzsJUWaNdxg.jpg,Amanita,Amanita,True,0.9540643692016602,0.0024680999922566,BaselineCNN,test,1.9523820071754017e-07,0.9540643692016602,0.022783223539590836,0.005815751384943724,6.6901934587804135e-06,8.677965013248468e-08,0.0018089398508891463,5.409135701484047e-05,0.00538145937025547,0.0001466581306885928,0.009938573464751244
C:\Projects\TM470\data\processed\test\Amanita\372_5SYWecQTaKc.jpg,Amanita/372_5SYWecQTaKc.jpg,Amanita,Russula,False,0.9849932193756104,0.0024488000053679,BaselineCNN,test,0.0002708528481889516,0.002079274971038103,0.006422640290111303,0.001348685473203659,2.549803684814833e-05,0.0024715657345950603,0.00038670471985824406,0.0015214282320812345,0.0003225109539926052,0.9849932193756104,0.0001575792848598212
C:\Projects\TM470\data\processed\test\Amanita\373_YmenYH0HVC0.jpg,Amanita/373_YmenYH0HVC0.jpg,Amanita,Entoloma,False,0.45039767026901245,0.0024683000083314,BaselineCNN,test,0.005464655347168446,0.20466618239879608,3.7947796954540536e-05,0.1593368798494339,0.45039767026901245,0.0002195419801864773,0.04591771215200424,0.053594134747982025,0.022823072969913483,0.0003310293541289866,0.05721118301153183
C:\Projects\TM470\data\processed\test\Amanita\377_qiZKoEIbfFk.jpg,Amanita/377_qiZKoEIbfFk.jpg,Amanita,Suillus,False,0.4754942059516907,0.0024840999976731,BaselineCNN,test,2.8640286473091692e-05,0.0012209173291921616,0.08212649077177048,0.20617611706256866,7.817101140972227e-05,1.002409408101812e-05,0.015723811462521553,0.004322713706642389,0.19480472803115845,0.02001425251364708,0.4754942059516907
C:\Projects\TM470\data\processed\test\Amanita\381_t_eyYyXYB1k.jpg,Amanita/381_t_eyYyXYB1k.jpg,Amanita,Cortinarius,False,0.7896129488945007,0.0028298999968683,BaselineCNN,test,9.894192771753296e-07,0.0005595905822701752,0.0446976013481617,0.7896129488945007,8.855755595504888e-08,2.2297351520705888e-08,0.0003984919167123735,5.388346835388802e-06,0.1633182018995285,0.001260962919332087,0.00014571593783330172
C:\Projects\TM470\data\processed\test\Amanita\389_1fQDmvX1jb8.jpg,Amanita/389_1fQDmvX1jb8.jpg,Amanita,Amanita,True,0.8735856413841248,0.0024643999931868,BaselineCNN,test,0.12082973122596741,0.8735856413841248,8.09973172977152e-08,3.8474237953778356e-05,3.9754850149620324e-06,5.0537000362282924e-08,1.490387369074142e-08,1.7471701312388177e-06,0.0005906856385990977,0.004949649795889854,2.3817548822080425e-08
C:\Projects\TM470\data\processed\test\Amanita\395_tL3vBGNvjeI.jpg,Amanita/395_tL3vBGNvjeI.jpg,Amanita,Amanita,True,0.5817883014678955,0.0026243000029353,BaselineCNN,test,0.011510777287185192,0.5817883014678955,0.02646532468497753,0.048410721123218536,0.0016553803579881787,0.23406851291656494,0.00018882847507484257,0.06526550650596619,0.024276593700051308,0.006174350623041391,0.00019571566372178495
C:\Projects\TM470\data\processed\test\Amanita\408_Jn439YAL3hs.jpg,Amanita/408_Jn439YAL3hs.jpg,Amanita,Amanita,True,0.9371553659439087,0.00279369999771,BaselineCNN,test,0.00016764565953053534,0.9371553659439087,0.0001055801403708756,0.00022394393454305828,1.7099497199524194e-05,0.001004832680337131,6.008349737385288e-05,0.0001461710053263232,0.06042562797665596,0.0004014287842437625,0.00029223901219666004
C:\Projects\TM470\data\processed\test\Amanita\433_mzRZXazhvVU.jpg,Amanita/433_mzRZXazhvVU.jpg,Amanita,Amanita,True,0.4116953909397125,0.0024590999964857,BaselineCNN,test,0.118716299533844,0.4116953909397125,0.08623234927654266,0.012270335108041763,0.0002086108725052327,0.03432764112949371,4.4572905608220026e-05,0.0353301577270031,0.017069902271032333,0.28308409452438354,0.001020612078718841
C:\Projects\TM470\data\processed\test\Amanita\438_gh-zSGziyQ4.jpg,Amanita/438_gh-zSGziyQ4.jpg,Amanita,Russula,False,0.5302419662475586,0.0027663000073516,BaselineCNN,test,0.011071143671870232,0.004612002521753311,1.7299978935625404e-05,0.01769920065999031,7.212213404272916e-08,0.37477385997772217,1.0001503625289843e-07,0.06150510534644127,7.765227201161906e-05,0.5302419662475586,1.603924488335906e-06
C:\Projects\TM470\data\processed\test\Amanita\439_fP_ozmLLhb8.jpg,Amanita/439_fP_ozmLLhb8.jpg,Amanita,Agaricus,False,0.9605198502540588,0.0027983000036329,BaselineCNN,test,0.9605198502540588,0.00042954253149218857,3.797909187142068e-07,0.003146523144096136,1.6683746935086674e-06,1.568961627285148e-10,4.492892173857399e-07,1.3230253337326303e-08,0.035889882594347,3.356346724103787e-06,8.255364264186937e-06
C:\Projects\TM470\data\processed\test\Amanita\451_V0quFnk9NFA.jpg,Amanita/451_V0quFnk9NFA.jpg,Amanita,Russula,False,0.914848268032074,0.0024456999963149,BaselineCNN,test,4.26909441131329e-09,0.0030888423789292574,0.00014572212239727378,0.08091181516647339,1.4949123883223336e-10,4.176044926529343e-12,0.0004003458598162979,7.05146376844823e-08,0.00030630736728198826,0.914848268032074,0.0002986729086842388
C:\Projects\TM470\data\processed\test\Amanita\455_noEYaXjdZno.jpg,Amanita/455_noEYaXjdZno.jpg,Amanita,Amanita,True,0.6171345114707947,0.0025944999943021,BaselineCNN,test,0.0004296801926102489,0.6171345114707947,3.228956848033704e-05,0.36349743604660034,0.007049530278891325,0.0004136065545026213,0.0018379620742052794,0.0006046507623977959,0.004906914196908474,0.0019538404885679483,0.0021396251395344734
C:\Projects\TM470\data\processed\test\Amanita\458_5BlPufQsqww.jpg,Amanita/458_5BlPufQsqww.jpg,Amanita,Russula,False,0.46448421478271484,0.002788199999486,BaselineCNN,test,0.07208459824323654,0.010825520381331444,0.002033807570114732,0.34372642636299133,0.0008138450211845338,0.006050890311598778,0.0010242637945339084,0.014403107576072216,0.029834818094968796,0.46448421478271484,0.05471848323941231
C:\Projects\TM470\data\processed\test\Amanita\466_wUxyOxsT5Xc.jpg,Amanita/466_wUxyOxsT5Xc.jpg,Amanita,Amanita,True,0.9770212769508362,0.002510300007998,BaselineCNN,test,0.01300789974629879,0.9770212769508362,7.06939899828285e-05,0.003184827044606209,2.1368744285155117e-07,0.006031452212482691,3.1719819162390195e-06,8.588747004978359e-05,7.421338523272425e-05,0.0004907795810140669,2.9666833142982796e-05
C:\Projects\TM470\data\processed\test\Amanita\470_Qn8LOp2zdbk.jpg,Amanita/470_Qn8LOp2zdbk.jpg,Amanita,Amanita,True,0.6114940643310547,0.0025042000052053,BaselineCNN,test,0.016497213393449783,0.6114940643310547,3.0945251694447506e-08,0.00025750824715942144,0.0008765686652623117,7.258872614102074e-09,0.0061560338363051414,1.757840800564736e-05,0.02590681053698063,0.011616796255111694,0.32717734575271606
C:\Projects\TM470\data\processed\test\Amanita\488_c9nCQvJtUrI.jpg,Amanita/488_c9nCQvJtUrI.jpg,Amanita,Boletus,False,0.9313806295394897,0.0025940000050468,BaselineCNN,test,4.7632998757762834e-05,0.0010248742764815688,0.9313806295394897,0.017862418666481972,1.5544659390798188e-06,2.739387309702579e-05,1.549627910435447e-07,2.328929667783086e-06,0.04635417461395264,0.0031257246155291796,0.0001732095843181014
C:\Projects\TM470\data\processed\test\Amanita\490_GiCnvGBmknM.jpg,Amanita/490_GiCnvGBmknM.jpg,Amanita,Lactarius,False,0.9207131266593933,0.0025125000101979,BaselineCNN,test,1.713081292109564e-05,3.0612443424615776e-06,0.0001558860094519332,0.06969885528087616,0.007521004416048527,5.132100078242274e-09,3.206681867595762e-06,0.00010414911957923323,0.9207131266593933,0.0008342000073753297,0.0009493079269304872
C:\Projects\TM470\data\processed\test\Amanita\500_goYWhHd_SfA.jpg,Amanita/500_goYWhHd_SfA.jpg,Amanita,Agaricus,False,0.9432801008224487,0.0024396000080741,BaselineCNN,test,0.9432801008224487,0.0475594662129879,4.1556893393135397e-07,0.0015560425817966461,3.7164958484936506e-05,6.47301712888293e-05,1.2768626902470714e-06,0.00016014606808312237,0.007062260992825031,0.00020912219770252705,6.919662700966e-05
C:\Projects\TM470\data\processed\test\Amanita\520_7tXL64TQTpg.jpg,Amanita/520_7tXL64TQTpg.jpg,Amanita,Amanita,True,0.9950953722000122,0.0024667000107001,BaselineCNN,test,2.5059514882741496e-05,0.9950953722000122,0.001828894135542214,0.0001165446374216117,0.0018702236702665687,4.557848569675116e-06,0.00041824017534963787,0.0005765359965153039,2.3874859834904782e-05,3.819101766566746e-05,2.4996872980409535e-06
C:\Projects\TM470\data\processed\test\Amanita\537_5FMMhBffQ9Y.jpg,Amanita/537_5FMMhBffQ9Y.jpg,Amanita,Boletus,False,0.5787187814712524,0.0024488999915774,BaselineCNN,test,0.0007024817750789225,0.2238086760044098,0.5787187814712524,0.05166357383131981,8.024467774703226e-07,0.010512033477425575,5.149228741174738e-07,0.11030716449022293,0.012279119342565536,0.012005296535789967,1.6092699297587387e-06
C:\Projects\TM470\data\processed\test\Amanita\538_EwaPkcP6eTM.jpg,Amanita/538_EwaPkcP6eTM.jpg,Amanita,Amanita,True,0.9985734224319458,0.0024377000081585,BaselineCNN,test,0.0003071604296565056,0.9985734224319458,6.938334263395518e-05,0.0002820477238856256,1.7134179870481603e-06,1.3496496649167966e-05,3.908562007381988e-08,6.078384558350081e-06,0.0007224712753668427,2.4198592655011453e-05,1.1322413939751641e-07
C:\Projects\TM470\data\processed\test\Amanita\561_E5bsDlNUJ-Y.jpg,Amanita/561_E5bsDlNUJ-Y.jpg,Amanita,Boletus,False,0.9997561573982239,0.0028808999923057,BaselineCNN,test,2.3131549911734224e-14,0.00017607834888622165,0.9997561573982239,7.453222679032478e-07,9.663199129761324e-10,6.386323414542261e-11,5.454424956943989e-14,8.464257739149161e-09,6.980761048424114e-14,6.698104698443785e-05,7.739362536257621e-13
C:\Projects\TM470\data\processed\test\Amanita\571_l1hoa0Kgm0U.jpg,Amanita/571_l1hoa0Kgm0U.jpg,Amanita,Amanita,True,0.60296231508255,0.002439099989715,BaselineCNN,test,0.1239645853638649,0.60296231508255,0.004417243413627148,0.004201105795800686,0.03346648067235947,0.0031959593761712313,0.00013393897097557783,0.16485397517681122,0.049657192081213,0.010642632842063904,0.0025045908987522125
C:\Projects\TM470\data\processed\test\Amanita\577_XqZEGat0kl8.jpg,Amanita/577_XqZEGat0kl8.jpg,Amanita,Russula,False,0.7724470496177673,0.00279810000211,BaselineCNN,test,0.13724763691425323,0.004256247077137232,0.0046541220508515835,0.0003888055798597634,0.0010510823922231793,0.00012006456381641328,0.0003705557028297335,9.418567788088694e-05,0.07920864224433899,0.7724470496177673,0.00016161816893145442
C:\Projects\TM470\data\processed\test\Amanita\579_PS9igVuOoHE.jpg,Amanita/579_PS9igVuOoHE.jpg,Amanita,Amanita,True,0.847084105014801,0.0028204999980516,BaselineCNN,test,0.03881043568253517,0.847084105014801,7.739445572951809e-05,0.0012811291962862015,7.512262982345419e-06,4.769935185322538e-05,0.0022861489560455084,0.002773599699139595,0.05921157822012901,0.04586101323366165,0.0025593326427042484
C:\Projects\TM470\data\processed\test\Amanita\586_kLoafsSiyT8.jpg,Amanita/586_kLoafsSiyT8.jpg,Amanita,Amanita,True,0.9431632161140442,0.002497299996321,BaselineCNN,test,2.645299900905229e-06,0.9431632161140442,0.027284344658255577,0.004967182874679565,0.02036062255501747,5.990340468997601e-06,1.3829431736667175e-05,0.004141313023865223,3.816328171524219e-05,1.7982704036967334e-07,2.2450914912042208e-05
C:\Projects\TM470\data\processed\test\Amanita\587_4e3oJGC88kg.jpg,Amanita/587_4e3oJGC88kg.jpg,Amanita,Amanita,True,0.9965388774871826,0.00273219999508,BaselineCNN,test,5.382814833865268e-06,0.9965388774871826,1.8868473716793233e-07,3.7574272937490605e-06,1.9531814814399695e-06,9.235233910942497e-09,3.4487408129280084e-07,0.00303466385230422,7.752347300993279e-06,0.00037756050005555153,2.9471819289028645e-05
C:\Projects\TM470\data\processed\test\Amanita\588_bh0TgHuuQ-g.jpg,Amanita/588_bh0TgHuuQ-g.jpg,Amanita,Agaricus,False,0.5405654907226562,0.0025708000030135,BaselineCNN,test,0.5405654907226562,0.4377616345882416,8.735868846088124e-07,0.0010508463019505143,0.018514437600970268,2.622242867289515e-09,7.002558390922786e-07,5.220683306106366e-06,3.797593672061339e-05,0.0020321356132626534,3.0647279345430434e-05
C:\Projects\TM470\data\processed\test\Amanita\589_AnaL5Wx-reY.jpg,Amanita/589_AnaL5Wx-reY.jpg,Amanita,Agaricus,False,0.993719220161438,0.0028357999981381,BaselineCNN,test,0.993719220161438,0.005967400502413511,3.6818028092966415e-07,1.0959514895603206e-07,3.3569071433703357e-07,3.1823925005641795e-13,1.1433861857312877e-08,5.612774568036771e-12,0.00025761156575754285,4.808085213880986e-05,6.845645202702144e-06
C:\Projects\TM470\data\processed\test\Amanita\596_TzXaLH4_GW0.jpg,Amanita/596_TzXaLH4_GW0.jpg,Amanita,Agaricus,False,0.5529098510742188,0.0024718999920878,BaselineCNN,test,0.5529098510742188,0.05503244698047638,0.0021620038896799088,5.996091931592673e-05,0.00010409102105768397,8.87782114489255e-09,0.00046198663767427206,0.001633291831240058,0.02148398570716381,0.009225226007401943,0.35692712664604187
C:\Projects\TM470\data\processed\test\Amanita\597_t_LN8-XruiI.jpg,Amanita/597_t_LN8-XruiI.jpg,Amanita,Lactarius,False,0.9512031078338623,0.0025839000009,BaselineCNN,test,0.029040878638625145,0.002505810232833028,1.5680875549151096e-06,0.0015313971089199185,3.7210213577054674e-06,3.597316151626728e-07,0.0001232244831044227,0.00010471748828422278,0.9512031078338623,0.000977949472144246,0.014507212676107883
C:\Projects\TM470\data\processed\test\Amanita\600_jgKLD8sC_v4.jpg,Amanita/600_jgKLD8sC_v4.jpg,Amanita,Lactarius,False,0.7901697754859924,0.003188599992427,BaselineCNN,test,0.0004187598533462733,0.0006098698358982801,4.7443536459468305e-05,0.2007928192615509,0.00015822568093426526,5.1608590183604974e-06,0.006796352099627256,0.0005132279475219548,0.7901697754859924,0.0004649932379834354,2.3373459043796174e-05
C:\Projects\TM470\data\processed\test\Amanita\620_JDQSDCTyXyg.jpg,Amanita/620_JDQSDCTyXyg.jpg,Amanita,Amanita,True,0.9992890357971191,0.0027908000047318,BaselineCNN,test,4.721704499388579e-06,0.9992890357971191,9.257497595172026e-07,0.00011169294884894043,5.020565296831592e-08,2.777244212381902e-09,2.083974322886206e-06,3.100110552622937e-05,0.0005270334077067673,1.4371498480159062e-07,3.3234351576538756e-05
C:\Projects\TM470\data\processed\test\Amanita\646_zBDcRvL_RyM.jpg,Amanita/646_zBDcRvL_RyM.jpg,Amanita,Entoloma,False,0.7085327506065369,0.0028566999972099,BaselineCNN,test,0.0007108714198693633,9.16238859645091e-05,1.077055640053004e-05,0.2862365245819092,0.7085327506065369,2.502097314061036e-11,1.4698436245907942e-08,3.73128550279489e-08,0.0032339589670300484,0.0002322404907317832,0.0009512224933132529
C:\Projects\TM470\data\processed\test\Amanita\654_vhjqe9X5eec.jpg,Amanita/654_vhjqe9X5eec.jpg,Amanita,Russula,False,0.36671385169029236,0.0025131000002147,BaselineCNN,test,0.0651334673166275,0.2274257093667984,0.053800735622644424,0.03431287035346031,0.00540313683450222,0.010330436751246452,3.1589574973622803e-06,0.0714355856180191,0.161068394780159,0.36671385169029236,0.004372646100819111
C:\Projects\TM470\data\processed\test\Amanita\664_AXOuF6j3tyo.jpg,Amanita/664_AXOuF6j3tyo.jpg,Amanita,Lactarius,False,0.5687568783760071,0.0028763000009348,BaselineCNN,test,0.0013897562166675925,0.08928237110376358,0.20883746445178986,0.008316158317029476,1.071710812539095e-05,7.265309704962419e-07,0.0001490626746090129,0.00010442697384860367,0.5687568783760071,0.12210947275161743,0.001042975578457117
C:\Projects\TM470\data\processed\test\Amanita\665_PrGfCOsVu8Y.jpg,Amanita/665_PrGfCOsVu8Y.jpg,Amanita,Lactarius,False,0.2761399447917938,0.0028554999880725,BaselineCNN,test,0.04696866124868393,0.008846081793308258,0.0010024185758084059,0.264808714389801,0.005802062805742025,0.0037125868257135153,0.008929181843996048,0.08299212902784348,0.2761399447917938,0.20097218453884125,0.09982602298259735
C:\Projects\TM470\data\processed\test\Amanita\679_cIMzCCYdG38.jpg,Amanita/679_cIMzCCYdG38.jpg,Amanita,Exidia,False,0.6889463663101196,0.0025081999920075,BaselineCNN,test,0.00046089335228316486,0.18468455970287323,3.421731889829971e-05,0.11792817711830139,5.911883818043862e-07,0.6889463663101196,1.1587912013055757e-05,0.007038559764623642,0.00046239839866757393,0.0004245201707817614,8.174588401743677e-06
C:\Projects\TM470\data\processed\test\Amanita\682_B3EZBbmcFBE.jpg,Amanita/682_B3EZBbmcFBE.jpg,Amanita,Agaricus,False,0.7152352929115295,0.0026014000031864,BaselineCNN,test,0.7152352929115295,0.24190294742584229,2.9897769309172872e-06,0.001877427683211863,2.186930601055792e-07,5.292387868394144e-06,1.5714194034899265e-07,0.03608820587396622,0.004847121890634298,3.79995908588171e-05,2.331315954506863e-06
C:\Projects\TM470\data\processed\test\Amanita\702_sR0HQkA_gkA.jpg,Amanita/702_sR0HQkA_gkA.jpg,Amanita,Lactarius,False,0.9749745726585388,0.0024892000074032,BaselineCNN,test,0.0006792143685743213,0.024333707988262177,2.3939336624145824e-10,2.0590181293300702e-07,2.631983875289734e-08,5.225275323539336e-09,7.263769585819091e-09,1.1965355042775627e-05,0.9749745726585388,7.802707102655404e-08,1.7840044108652364e-07
C:\Projects\TM470\data\processed\test\Amanita\713_znBkCzCEi-g.jpg,Amanita/713_znBkCzCEi-g.jpg,Amanita,Cortinarius,False,0.6845977902412415,0.0025922000058926,BaselineCNN,test,0.0007074185996316373,4.502199590206146e-05,0.005705890245735645,0.6845977902412415,0.04325733706355095,4.0067340556504405e-09,0.04223145171999931,1.9264276488684118e-05,0.0505935363471508,0.11381079256534576,0.05903144180774689
C:\Projects\TM470\data\processed\test\Amanita\717_vlDmzuYG5og.jpg,Amanita/717_vlDmzuYG5og.jpg,Amanita,Inocybe,False,0.812491774559021,0.002841100009391,BaselineCNN,test,0.0004199110553599894,0.16830332577228546,2.0320487237768248e-05,0.01153079979121685,0.005854474846273661,4.139457450946793e-05,0.0010812281398102641,0.812491774559021,5.676906221196987e-05,3.2314805139321834e-05,0.00016768256318755448
C:\Projects\TM470\data\processed\test\Amanita\739_t_b-1IKUbgE.jpg,Amanita/739_t_b-1IKUbgE.jpg,Amanita,Boletus,False,0.7520503997802734,0.0029467999993357,BaselineCNN,test,9.934959052770864e-06,0.04465235024690628,0.7520503997802734,0.18803878128528595,0.01308374758809805,3.0434371467435994e-08,5.4537395044462755e-06,6.522178068735229e-07,0.0007084138342179358,0.00017169727652799338,0.0012784739956259727
C:\Projects\TM470\data\processed\test\Amanita\742_j3CNLlK7ISo.jpg,Amanita/742_j3CNLlK7ISo.jpg,Amanita,Amanita,True,0.9862419366836548,0.0029366000089794,BaselineCNN,test,3.5942737213190412e-06,0.9862419366836548,0.0003557842574082315,0.0001369296369375661,5.827615041198442e-06,1.3706800245927298e-06,0.00015718895883765072,6.609941920032725e-06,0.011904706247150898,0.00018334676860831678,0.0010026771342381835
C:\Projects\TM470\data\processed\test\Amanita\746_Dh_6IpygI6I.jpg,Amanita/746_Dh_6IpygI6I.jpg,Amanita,Cortinarius,False,0.5949321985244751,0.003576700008125,BaselineCNN,test,0.01384485512971878,0.013925999402999878,2.0869687432423234e-05,0.5949321985244751,0.030294062569737434,4.1176132725695425e-08,3.875523543683812e-05,0.00012312605394981802,0.003885582322254777,0.04928018897771835,0.29365426301956177
C:\Projects\TM470\data\processed\test\Amanita\754_rDpMYIR-sFE.jpg,Amanita/754_rDpMYIR-sFE.jpg,Amanita,Lactarius,False,0.9647791385650635,0.0025160999939544,BaselineCNN,test,4.740213989862241e-05,0.00012298922229092568,1.3578402104030829e-05,0.0015218131011351943,2.479571776348166e-06,4.830440758496479e-08,2.3515516659244895e-05,1.6850959582370706e-05,0.9647791385650635,3.317918162792921e-05,0.033438898622989655
C:\Projects\TM470\data\processed\test\Amanita\756_w-xhasvBIT0.jpg,Amanita/756_w-xhasvBIT0.jpg,Amanita,Amanita,True,0.5800765156745911,0.0029465999978128,BaselineCNN,test,0.024400923401117325,0.5800765156745911,0.001269410247914493,0.2866257429122925,0.021845556795597076,0.00010840623872354627,0.004927768371999264,0.0004658239195123315,0.07737527042627335,0.0005172243691049516,0.0023872654419392347
C:\Projects\TM470\data\processed\test\Amanita\773_3H-0yRwiu6Y.jpg,Amanita/773_3H-0yRwiu6Y.jpg,Amanita,Russula,False,0.9950839877128601,0.0051172999956179,BaselineCNN,test,0.002889894647523761,0.0002497183158993721,2.351391792387858e-08,0.0004672282957471907,1.8038000462183845e-06,1.452601622986549e-06,1.9007833884643333e-07,0.0008208648068830371,0.00048106451868079603,0.9950839877128601,3.783533202295075e-06
C:\Projects\TM470\data\processed\test\Amanita\787_V5x9WHxsoqE.jpg,Amanita/787_V5x9WHxsoqE.jpg,Amanita,Lactarius,False,0.7457082867622375,0.0046585000090999,BaselineCNN,test,0.00642895232886076,0.0001368795637972653,0.00045461603440344334,0.22980757057666779,1.958927168743685e-05,1.9686215182446176e-06,5.110461643198505e-05,0.006151594687253237,0.7457082867622375,0.0006495814304798841,0.0105899628251791
C:\Projects\TM470\data\processed\test\Boletus\0009_2hEUS66s6Gw.jpg,Boletus/0009_2hEUS66s6Gw.jpg,Boletus,Boletus,True,0.9999991655349731,0.002749200008111,BaselineCNN,test,8.923836206458876e-18,1.1485278700318347e-10,0.9999991655349731,3.019805774329143e-07,3.995397623857144e-10,1.034895169560457e-09,3.733586495524577e-10,4.593912308337167e-07,1.3897227368886433e-08,9.328897029869943e-12,1.2312843011841323e-07
C:\Projects\TM470\data\processed\test\Boletus\0010_7M6YHrGZ3aM.jpg,Boletus/0010_7M6YHrGZ3aM.jpg,Boletus,Cortinarius,False,0.5024675726890564,0.0027316999912727,BaselineCNN,test,5.661817681357206e-10,0.0018589101964607835,0.472065806388855,0.5024675726890564,8.401308150496334e-05,8.547825927962549e-06,5.344986493582837e-05,4.50590005129925e-06,0.02163352444767952,5.186193448025733e-05,0.0017717989394441247
C:\Projects\TM470\data\processed\test\Boletus\0023_JAAEdifq1MY.jpg,Boletus/0023_JAAEdifq1MY.jpg,Boletus,Cortinarius,False,0.716649055480957,0.0024852000060491,BaselineCNN,test,9.472062083659694e-05,0.0010514425812289119,0.00036230080877430737,0.716649055480957,0.03241412714123726,0.00010521367221372202,0.0011361560318619013,0.11801246553659439,0.05044160038232803,0.07158604264259338,0.00814681127667427
C:\Projects\TM470\data\processed\test\Boletus\0032_Sl_iMoAAJyU.jpg,Boletus/0032_Sl_iMoAAJyU.jpg,Boletus,Boletus,True,0.9962183833122253,0.0025024999922607,BaselineCNN,test,9.673077450145229e-09,1.000599013423198e-06,0.9962183833122253,1.7797912050809828e-06,0.0037137523759156466,2.7980758335321987e-11,2.469400328664051e-08,2.0074219719390385e-05,2.780050454020966e-05,1.214778109215331e-07,1.7107624444179237e-05
C:\Projects\TM470\data\processed\test\Boletus\0048_wGU2ETPlfqY.jpg,Boletus/0048_wGU2ETPlfqY.jpg,Boletus,Boletus,True,0.9999964237213135,0.0025044000067282,BaselineCNN,test,5.267270560688209e-12,9.623799535063426e-10,0.9999964237213135,1.0352503068133956e-06,3.5224911095615985e-12,1.7977561106441442e-10,9.711860116112803e-08,2.3245062763521673e-08,2.0461238818825223e-06,1.5967394517701905e-07,2.9726595585088944e-07
C:\Projects\TM470\data\processed\test\Boletus\0051_rBIC-Uy9KzI.jpg,Boletus/0051_rBIC-Uy9KzI.jpg,Boletus,Russula,False,0.6395306587219238,0.0024757999926805,BaselineCNN,test,0.0984877347946167,0.03457549586892128,0.0318426638841629,0.03082706779241562,0.00044482722296379507,0.06841499358415604,0.0026512371841818094,0.08218945562839508,0.009095532819628716,0.6395306587219238,0.001940386719070375
C:\Projects\TM470\data\processed\test\Boletus\0058_djB8UbX-XaU.jpg,Boletus/0058_djB8UbX-XaU.jpg,Boletus,Amanita,False,0.8301833868026733,0.0028516000020317,BaselineCNN,test,5.088185872637041e-08,0.8301833868026733,0.16970136761665344,6.787716415601608e-07,1.9672242501656e-07,4.6808557030431075e-11,6.337860213534441e-06,8.293108294310514e-06,3.5429882245807676e-06,1.4620272850152105e-05,8.152814552886412e-05
C:\Projects\TM470\data\processed\test\Boletus\0060_ph1tt9Qik4Q.jpg,Boletus/0060_ph1tt9Qik4Q.jpg,Boletus,Amanita,False,0.5674750208854675,0.0024683999945409,BaselineCNN,test,0.00039523097802884877,0.5674750208854675,0.4318901300430298,7.837694937506967e-08,1.2855134912115318e-07,1.9006683434161925e-13,4.025964450704578e-09,2.9737557269982062e-06,9.688257705420256e-05,3.3537748095113784e-05,0.00010601322719594464
C:\Projects\TM470\data\processed\test\Boletus\0074_-d_w6u6G7wA.jpg,Boletus/0074_-d_w6u6G7wA.jpg,Boletus,Boletus,True,0.5964844822883606,0.0028426999924704,BaselineCNN,test,5.47981180716306e-05,0.00882251188158989,0.5964844822883606,0.009257432073354721,0.001252520247362554,6.775504152756184e-05,0.22429406642913818,0.14582467079162598,0.012845915742218494,0.0004906432586722076,0.0006052842945791781
C:\Projects\TM470\data\processed\test\Boletus\0076_yMZR41Idcn0.jpg,Boletus/0076_yMZR41Idcn0.jpg,Boletus,Boletus,True,0.9426746368408203,0.0025104999949689,BaselineCNN,test,3.3272388009208953e-06,0.05726868286728859,0.9426746368408203,1.765991441970982e-08,6.325132639872777e-10,1.3579047608569539e-11,2.618154439915088e-07,5.345264071365818e-07,1.6936655811150558e-05,1.4111772088654106e-06,3.432875018916093e-05
C:\Projects\TM470\data\processed\test\Boletus\0081_Jy-UUrFwLMA.jpg,Boletus/0081_Jy-UUrFwLMA.jpg,Boletus,Boletus,True,0.8632206916809082,0.0025261999981012,BaselineCNN,test,4.530053502094233e-06,0.012601064518094063,0.8632206916809082,0.12149447202682495,0.0019254013895988464,3.6197197914589196e-05,0.00013120757648721337,5.924974902882241e-05,0.0005001567769795656,2.2341831936500967e-05,4.641909981728531e-06
C:\Projects\TM470\data\processed\test\Boletus\0090_PCyZBE7zH28.jpg,Boletus/0090_PCyZBE7zH28.jpg,Boletus,Lactarius,False,0.6650373935699463,0.002509199999622,BaselineCNN,test,0.0010551938321441412,0.33035367727279663,0.0007146797724999487,0.00014225818449631333,1.3244607544038445e-07,5.830730151501484e-05,7.019123700047203e-07,0.0025504950899630785,0.6650373935699463,2.4184303129004547e-06,8.467076258966699e-05
C:\Projects\TM470\data\processed\test\Boletus\0100_Um24DDdxtxY.jpg,Boletus/0100_Um24DDdxtxY.jpg,Boletus,Boletus,True,0.8233446478843689,0.0024677000037627,BaselineCNN,test,1.029097163041115e-08,0.020902516320347786,0.8233446478843689,0.00013444326759781688,2.8038195409862965e-07,3.708742468688797e-08,0.08972818404436111,1.656018321227748e-05,0.056368615478277206,0.0007744408212602139,0.008730304427444935
C:\Projects\TM470\data\processed\test\Boletus\0110_A_F3PAXmwBw.jpg,Boletus/0110_A_F3PAXmwBw.jpg,Boletus,Lactarius,False,0.6650421023368835,0.0037002000026404,BaselineCNN,test,1.2453228009690065e-05,9.876811964204535e-05,0.31485870480537415,0.0018580375472083688,2.8603102691704407e-05,3.2357816426298314e-09,0.00017333682626485825,3.0741801992917317e-07,0.6650421023368835,0.011220295913517475,0.006707319058477879
C:\Projects\TM470\data\processed\test\Boletus\0142_osp5FSuBFx4.jpg,Boletus/0142_osp5FSuBFx4.jpg,Boletus,Boletus,True,0.9909960627555847,0.0043486999929882,BaselineCNN,test,9.347964891048832e-08,3.330115578137338e-05,0.9909960627555847,2.5750455279194284e-06,3.157368610118283e-06,3.976794241133952e-11,1.533026647848601e-06,2.8781879990447123e-08,0.008831197395920753,1.1729672223736998e-05,0.00012036283442284912
C:\Projects\TM470\data\processed\test\Boletus\0148_GWuEw2WeFCY.jpg,Boletus/0148_GWuEw2WeFCY.jpg,Boletus,Boletus,True,0.8224417567253113,0.0024800000101095,BaselineCNN,test,2.6443922607199966e-08,2.008078809012659e-06,0.8224417567253113,2.266437604703242e-06,3.78670117484603e-09,2.1269735105133858e-12,4.871460532740457e-06,9.825558322518191e-08,5.375704859034158e-05,3.347642163475939e-08,0.1774950921535492
C:\Projects\TM470\data\processed\test\Boletus\0151_8qA6XqDaO10.jpg,Boletus/0151_8qA6XqDaO10.jpg,Boletus,Lactarius,False,0.7438551187515259,0.0028285000007599,BaselineCNN,test,2.888396556954831e-05,0.006162031088024378,0.012388266623020172,0.08846648782491684,0.017022717744112015,9.580681216903031e-05,0.029888639226555824,0.08923117816448212,0.7438551187515259,0.01245842780917883,0.00040232407627627254
C:\Projects\TM470\data\processed\test\Boletus\0155_cfBPq0uvW7U.jpg,Boletus/0155_cfBPq0uvW7U.jpg,Boletus,Russula,False,0.43593427538871765,0.0027307999989716,BaselineCNN,test,3.3938595151994377e-06,0.015902666375041008,0.22760219871997833,0.0004100934893358499,0.00015786774747539312,1.2340570343383206e-08,0.00017062664846889675,0.0003671427839435637,0.26518070697784424,0.43593427538871765,0.054271019995212555
C:\Projects\TM470\data\processed\test\Boletus\0163_288vPbTy0u0.jpg,Boletus/0163_288vPbTy0u0.jpg,Boletus,Inocybe,False,0.38483375310897827,0.002498599991668,BaselineCNN,test,1.4981417734816205e-05,0.009146039374172688,0.2362619787454605,0.0036294073797762394,0.0004529619764070958,0.34980252385139465,0.0016655668150633574,0.38483375310897827,0.00902053527534008,0.00010914457379840314,0.005063071381300688
C:\Projects\TM470\data\processed\test\Boletus\0166_JjEOuNKkeSM.jpg,Boletus/0166_JjEOuNKkeSM.jpg,Boletus,Boletus,True,0.993794322013855,0.0024313000030815,BaselineCNN,test,4.7733560677443165e-06,0.0006520499009639025,0.993794322013855,4.033739514852641e-06,1.0592294529487845e-05,2.3684865180229053e-09,9.699378097138833e-06,1.6331314078854575e-09,0.004323785658925772,8.087773494480643e-06,0.0011926594888791442
C:\Projects\TM470\data\processed\test\Boletus\0176_J7Pq7LRCag0.jpg,Boletus/0176_J7Pq7LRCag0.jpg,Boletus,Boletus,True,0.9892367720603943,0.0024874999944586,BaselineCNN,test,1.2998725651414134e-05,0.0007744529284536839,0.9892367720603943,0.000698433315847069,4.633475327864289e-05,2.6541786546374624e-09,3.5884437238564715e-05,7.67935489420779e-06,0.0060785189270973206,8.15305465948768e-05,0.0030275043100118637
C:\Projects\TM470\data\processed\test\Boletus\0181_WPxAHfkr5nY.jpg,Boletus/0181_WPxAHfkr5nY.jpg,Boletus,Boletus,True,0.9965914487838745,0.0023922999971546,BaselineCNN,test,8.358245651152174e-08,1.490409249527147e-05,0.9965914487838745,0.00017685188504401594,1.151890137407463e-05,1.0255688659421835e-11,1.8500143994515383e-07,1.3335538540104608e-07,0.00237784325145185,4.847737500313087e-07,0.0008265314972959459
C:\Projects\TM470\data\processed\test\Boletus\0186_8hd4Jt8Z_XU.jpg,Boletus/0186_8hd4Jt8Z_XU.jpg,Boletus,Cortinarius,False,0.8626272082328796,0.0024990999954752,BaselineCNN,test,2.1023216500992703e-09,0.0003135878941975534,0.13306359946727753,0.8626272082328796,5.926589210503153e-07,0.003924113232642412,5.422572257884894e-07,5.326211976353079e-05,1.4976722923165653e-05,2.475759117714915e-07,1.8696147208174807e-06
C:\Projects\TM470\data\processed\test\Boletus\0187__pRX2ASfyHE.jpg,Boletus/0187__pRX2ASfyHE.jpg,Boletus,Boletus,True,0.981313943862915,0.0028134000021964,BaselineCNN,test,6.166309276522952e-07,0.002216041088104248,0.981313943862915,0.0037463423795998096,8.121159771690145e-05,7.392650935855727e-09,7.552300303359516e-06,2.608453723951243e-05,0.0018770357128232718,8.090009214356542e-05,0.010650232434272766
C:\Projects\TM470\data\processed\test\Boletus\0196_uqGMdVItBRg.jpg,Boletus/0196_uqGMdVItBRg.jpg,Boletus,Boletus,True,0.9999995231628418,0.0024620000040158,BaselineCNN,test,1.1288949511517946e-13,1.2002253413356812e-07,0.9999995231628418,1.1855986059572388e-07,6.165730592755381e-09,1.3404569187969173e-07,1.3785343355721125e-07,7.447862881981848e-10,1.8394800349597062e-08,2.1260451177340656e-09,4.766673455947057e-08
C:\Projects\TM470\data\processed\test\Boletus\0203_9fok2txolHA.jpg,Boletus/0203_9fok2txolHA.jpg,Boletus,Cortinarius,False,0.5168264508247375,0.0024871999921742,BaselineCNN,test,1.2009580132144038e-05,0.40409988164901733,0.012192364782094955,0.5168264508247375,0.024211684241890907,0.013341115787625313,0.003734499914571643,0.014515196904540062,0.007631836459040642,1.9290910131530836e-05,0.003415657440200448
C:\Projects\TM470\data\processed\test\Boletus\0205_qoM5hQot18c.jpg,Boletus/0205_qoM5hQot18c.jpg,Boletus,Boletus,True,0.7098327875137329,0.0024522000021534,BaselineCNN,test,3.127370973743382e-06,0.2512660026550293,0.7098327875137329,0.03316726163029671,8.057703780650627e-06,6.585000664927065e-05,0.00012500272714532912,0.00287256040610373,0.0017669850494712591,0.0003807297325693071,0.0005115701351314783
C:\Projects\TM470\data\processed\test\Boletus\0206_TyUG66hONcc.jpg,Boletus/0206_TyUG66hONcc.jpg,Boletus,Boletus,True,0.47257766127586365,0.0027673000004142,BaselineCNN,test,5.885938207939034e-06,0.03666709363460541,0.47257766127586365,0.024622241035103798,0.0009185121743939817,2.1802639693646597e-08,2.1413046852103435e-05,2.2512413266895237e-08,0.04740361496806145,0.00019499777408782393,0.41758859157562256
C:\Projects\TM470\data\processed\test\Boletus\0207_oXbD8i2vkVg.jpg,Boletus/0207_oXbD8i2vkVg.jpg,Boletus,Lactarius,False,0.8608840107917786,0.0028058999887434,BaselineCNN,test,0.00018800116959027946,0.0005977699183858931,0.08020120859146118,0.0419195219874382,0.00046542586642317474,0.0004082241503056139,7.4059798862435855e-06,0.01500831451267004,0.8608840107917786,1.5458831512660254e-06,0.0003185338864568621
C:\Projects\TM470\data\processed\test\Boletus\0227_j49x_C5p-CU.jpg,Boletus/0227_j49x_C5p-CU.jpg,Boletus,Boletus,True,0.9972019195556641,0.0024642000062158,BaselineCNN,test,2.630800395309052e-07,5.599281575996429e-05,0.9972019195556641,5.957769744213692e-08,6.932234555279138e-07,3.91766595564131e-14,9.935754441414701e-09,1.2880606448106846e-07,1.835273792494263e-06,2.9855757475161226e-06,0.0027362131513655186
C:\Projects\TM470\data\processed\test\Boletus\0238_qz-FM7SB6M0.jpg,Boletus/0238_qz-FM7SB6M0.jpg,Boletus,Boletus,True,0.9999591112136841,0.0027923000016016,BaselineCNN,test,4.537467346299451e-10,3.7929589780105744e-07,0.9999591112136841,2.1038442355347797e-05,4.4195820614323367e-11,6.8364892739924965e-12,6.062851298338501e-06,1.0854662946258031e-07,3.4025944728455215e-07,2.0358220353955403e-07,1.2804112884623464e-05
C:\Projects\TM470\data\processed\test\Boletus\0240_VJBB4bFGy00.jpg,Boletus/0240_VJBB4bFGy00.jpg,Boletus,Boletus,True,0.9996908903121948,0.0024930000072345,BaselineCNN,test,2.8185603156982708e-11,0.000159002622240223,0.9996908903121948,0.0001366871438222006,8.522529242327437e-06,3.769125938142765e-15,3.900589920502462e-11,1.0746533440908479e-08,2.940011654573027e-06,1.9773519852606114e-06,2.671918464258738e-09
C:\Projects\TM470\data\processed\test\Boletus\0245_M167aLbLgs8.jpg,Boletus/0245_M167aLbLgs8.jpg,Boletus,Boletus,True,0.9993274211883545,0.0024160999892046,BaselineCNN,test,1.8511299437751205e-10,1.3475429341269773e-06,0.9993274211883545,1.5952383591866237e-06,8.137038065569868e-08,3.400191239677497e-11,0.0004231506900396198,1.9286680696950498e-07,1.1458146218501497e-05,1.09207569209957e-07,0.00023473009059671313
C:\Projects\TM470\data\processed\test\Boletus\0249_50wVqwSNvhw.jpg,Boletus/0249_50wVqwSNvhw.jpg,Boletus,Boletus,True,0.9973215460777283,0.0024490999931003,BaselineCNN,test,2.5546111004359773e-08,3.8694750401191413e-05,0.9973215460777283,1.3887239447285538e-07,0.0002105285384459421,0.00010384464985691011,1.4949730029911734e-05,4.9547965318197384e-05,0.0003473543911240995,0.001875004731118679,3.826149259111844e-05
C:\Projects\TM470\data\processed\test\Boletus\0253_g1jTDCR3Zu4.jpg,Boletus/0253_g1jTDCR3Zu4.jpg,Boletus,Boletus,True,0.7950494885444641,0.0028077000024495,BaselineCNN,test,0.0003019721189048141,0.0008357433252967894,0.7950494885444641,8.459541277261451e-06,3.6173521948512644e-05,1.3934906561985372e-08,1.3349040273169521e-06,0.00029009292484261096,0.010357796214520931,0.00011110862396890298,0.1930079162120819
C:\Projects\TM470\data\processed\test\Boletus\0259_RjpNYKf3Zag.jpg,Boletus/0259_RjpNYKf3Zag.jpg,Boletus,Amanita,False,0.8310869932174683,0.0028229000017745,BaselineCNN,test,0.012194606475532055,0.8310869932174683,0.0010621474357321858,0.0003585359372664243,1.8342820112593472e-05,0.13277211785316467,2.1832614947925322e-05,0.008168376982212067,0.011769184842705727,0.001695333980023861,0.0008525056182406843
C:\Projects\TM470\data\processed\test\Boletus\0261_Dag-SrdgNL4.jpg,Boletus/0261_Dag-SrdgNL4.jpg,Boletus,Boletus,True,0.9996787309646606,0.0026658999995561,BaselineCNN,test,3.605865673867066e-14,8.252343519643546e-08,0.9996787309646606,6.52531610967344e-08,0.00013949559070169926,2.534971828938937e-15,3.4536233872728417e-09,1.2136758612002474e-12,0.00017755985027179122,3.990082404925488e-06,6.017086273679695e-10
C:\Projects\TM470\data\processed\test\Boletus\0263_nUgkvTMYYa4.jpg,Boletus/0263_nUgkvTMYYa4.jpg,Boletus,Boletus,True,0.9953950047492981,0.0024455000093439,BaselineCNN,test,7.897707487991568e-11,1.0064421518407585e-09,0.9953950047492981,2.771196341200266e-05,2.1337959177358812e-11,5.74822240045729e-14,3.5752018447965384e-05,6.411660785632378e-11,0.00013319765275809914,5.1834362238878384e-05,0.004356451332569122
C:\Projects\TM470\data\processed\test\Boletus\0264_47xi69ImS58.jpg,Boletus/0264_47xi69ImS58.jpg,Boletus,Boletus,True,0.999931812286377,0.0025026999937836,BaselineCNN,test,6.447380656027235e-07,3.895632289641071e-06,0.999931812286377,2.2451662573530484e-07,1.1034728686354356e-06,7.052068889783214e-13,3.0130553607676802e-09,1.1849996553792153e-05,1.576714203110896e-05,1.2331625498518406e-07,3.4606116969371215e-05
C:\Projects\TM470\data\processed\test\Boletus\0285_5r1D03ayo_A.jpg,Boletus/0285_5r1D03ayo_A.jpg,Boletus,Boletus,True,0.9995269775390625,0.0025541000068187,BaselineCNN,test,1.2563318163572035e-09,8.850693689055333e-08,0.9995269775390625,1.0531875886954367e-06,1.4165216271067038e-06,1.0864860226778017e-11,1.3984660540700133e-07,1.4475255056822789e-06,5.470288897413411e-07,2.7341991426510504e-07,0.00046810798812657595
C:\Projects\TM470\data\processed\test\Boletus\0297_Q4fwdJ_9PxA.jpg,Boletus/0297_Q4fwdJ_9PxA.jpg,Boletus,Boletus,True,0.9999991655349731,0.0024988999939523,BaselineCNN,test,9.751984636485744e-11,3.779186030783421e-08,0.9999991655349731,2.955975553220469e-08,3.2687325068891937e-10,3.003574384040776e-15,9.739600619063093e-12,3.031140494158535e-08,2.375935252985073e-07,4.246859114376278e-11,5.210328026805655e-07
C:\Projects\TM470\data\processed\test\Boletus\0298_01Q7PUhybdQ.jpg,Boletus/0298_01Q7PUhybdQ.jpg,Boletus,Boletus,True,0.8275082111358643,0.0027464000013424,BaselineCNN,test,2.7229816623730585e-06,3.987120635429164e-06,0.8275082111358643,0.00027465453604236245,0.012058178894221783,7.784119127052236e-09,9.157015483651776e-07,5.610309926851187e-06,0.1528586745262146,0.0027323802933096886,0.004554741084575653
C:\Projects\TM470\data\processed\test\Boletus\0299_Ue9AxhqQqyc.jpg,Boletus/0299_Ue9AxhqQqyc.jpg,Boletus,Boletus,True,0.9999388456344604,0.0027938000130234,BaselineCNN,test,4.341211556901925e-10,1.9499830159475096e-06,0.9999388456344604,5.809696403957787e-07,3.8890921039147486e-10,1.603292325291772e-11,2.1319893050986138e-07,8.432653686440972e-09,5.316537863109261e-05,4.3043446140700325e-08,5.1274132601975e-06
C:\Projects\TM470\data\processed\test\Boletus\0304_7bLIdSVgaIM.jpg,Boletus/0304_7bLIdSVgaIM.jpg,Boletus,Boletus,True,0.9999738931655884,0.002504800009774,BaselineCNN,test,3.730931563694639e-09,2.5612574972910807e-05,0.9999738931655884,4.303869705069019e-09,1.1968379065585566e-10,6.559504583947273e-08,4.983392587476487e-10,3.76093964860047e-07,2.479002780830797e-08,1.9056761502156405e-08,6.630707649613043e-10
C:\Projects\TM470\data\processed\test\Boletus\0306_64D0ZnNktPM.jpg,Boletus/0306_64D0ZnNktPM.jpg,Boletus,Boletus,True,0.9997867941856384,0.0024956000124802,BaselineCNN,test,6.493734883150637e-09,9.146710908680689e-06,0.9997867941856384,1.2434982465947542e-07,2.8475372060299264e-10,9.425117630801338e-11,3.5570517642469213e-09,1.3223217365521123e-07,4.161947435932234e-05,3.962762118447927e-09,0.00016224455612245947
C:\Projects\TM470\data\processed\test\Boletus\0310__tra6Lo5W9Q.jpg,Boletus/0310__tra6Lo5W9Q.jpg,Boletus,Boletus,True,0.999503493309021,0.0027151999966008,BaselineCNN,test,8.565815279304445e-10,1.281045314271978e-07,0.999503493309021,1.343369331152644e-05,3.489870059603106e-10,7.264598400917241e-14,5.567189873545431e-06,7.148033720483227e-09,0.0002269332471769303,1.9625280955892777e-08,0.00025033607380464673
C:\Projects\TM470\data\processed\test\Boletus\0313_UMgAL-_294g.jpg,Boletus/0313_UMgAL-_294g.jpg,Boletus,Boletus,True,0.862821638584137,0.0024554999981774,BaselineCNN,test,6.903325356688583e-06,0.000612921838182956,0.862821638584137,0.0023784846998751163,4.235079177306034e-05,6.171627831008664e-08,0.0001890771818580106,0.0002365995169384405,0.11544583737850189,1.0701219252950978e-05,0.018255501985549927
C:\Projects\TM470\data\processed\test\Boletus\0315_TZK9JOYNO7Q.jpg,Boletus/0315_TZK9JOYNO7Q.jpg,Boletus,Boletus,True,0.9792447090148926,0.0024927999911597,BaselineCNN,test,3.0082160265010316e-06,0.0001377215958200395,0.9792447090148926,0.018000226467847824,0.00014059091336093843,1.5763487226649886e-07,2.8916492738062516e-06,4.086441913386807e-05,0.0014380839420482516,1.6325094520652783e-06,0.0009900886798277497
C:\Projects\TM470\data\processed\test\Boletus\0320_Fj4PirBfkK0.jpg,Boletus/0320_Fj4PirBfkK0.jpg,Boletus,Boletus,True,0.999910831451416,0.0028123000083724,BaselineCNN,test,1.1242520803200762e-10,7.283966283466725e-07,0.999910831451416,8.430753837274096e-07,1.488315177766708e-07,3.556309025043447e-07,8.908332915780193e-08,3.6692926475012655e-09,8.191443339455873e-05,7.170935373279619e-11,5.160780347068794e-06
C:\Projects\TM470\data\processed\test\Boletus\0336__FEoILXRJaU.jpg,Boletus/0336__FEoILXRJaU.jpg,Boletus,Cortinarius,False,0.8362756967544556,0.0024481000000378,BaselineCNN,test,1.0738644640184702e-08,0.015920957550406456,0.14263184368610382,0.8362756967544556,7.986759555933531e-06,3.355411172378808e-05,0.00036052041104994714,2.5387097934981284e-07,0.004533262457698584,8.147893095156178e-05,0.0001543034304631874
C:\Projects\TM470\data\processed\test\Boletus\0344_3nzDfs3jlQQ.jpg,Boletus/0344_3nzDfs3jlQQ.jpg,Boletus,Boletus,True,0.9996205568313599,0.0024663999938638,BaselineCNN,test,4.636968142790465e-09,0.0003752692136913538,0.9996205568313599,9.885078533500291e-09,2.0617936524747194e-10,2.2895614570916933e-10,5.1559005953549786e-09,3.3201852378539343e-10,4.142229045100976e-06,1.353866241338153e-09,9.181271298785987e-10
C:\Projects\TM470\data\processed\test\Boletus\0358_MmNt3oIzcU8.jpg,Boletus/0358_MmNt3oIzcU8.jpg,Boletus,Boletus,True,0.9956979751586914,0.002360900005442,BaselineCNN,test,4.242533841597451e-12,1.9198756490368396e-05,0.9956979751586914,0.001032438944093883,9.049859727383591e-06,1.2768238688565248e-09,0.0032032355666160583,4.1662860894575715e-06,2.6008446951664155e-08,3.20878425554838e-05,1.9318385966471396e-06
C:\Projects\TM470\data\processed\test\Boletus\0365_w3QgqqeP-C8.jpg,Boletus/0365_w3QgqqeP-C8.jpg,Boletus,Boletus,True,0.9934304356575012,0.0023921999963931,BaselineCNN,test,4.6296456251981866e-12,7.061213125325594e-08,0.9934304356575012,0.006538566201925278,8.323939454379925e-11,2.2526253928845108e-07,1.4922103446224355e-06,3.5947093692811904e-06,1.3067906365904491e-05,1.2130132745369337e-05,5.042469410909689e-07
C:\Projects\TM470\data\processed\test\Boletus\0372_EVEx-OOzR1U.jpg,Boletus/0372_EVEx-OOzR1U.jpg,Boletus,Boletus,True,0.946896493434906,0.0024986000062199,BaselineCNN,test,1.1587787396294402e-09,0.0003864816389977932,0.946896493434906,0.0012236986076459289,8.518426511727739e-06,1.8845779550247244e-06,0.04028796777129173,0.01116678025573492,1.817172596929595e-05,9.114453547454104e-08,1.004520345304627e-05
C:\Projects\TM470\data\processed\test\Boletus\0388_M54uL5T9TkM.jpg,Boletus/0388_M54uL5T9TkM.jpg,Boletus,Boletus,True,0.7038718461990356,0.0024282999947899,BaselineCNN,test,1.1843021638924256e-05,0.001462363637983799,0.7038718461990356,0.2695658802986145,0.00010098414350068197,4.8897064175434934e-08,0.00031639935332350433,0.00010333435784559697,0.010716868564486504,1.1083317986049224e-05,0.01383936032652855
C:\Projects\TM470\data\processed\test\Boletus\0391_s9Ag92abtK8.jpg,Boletus/0391_s9Ag92abtK8.jpg,Boletus,Cortinarius,False,0.4540354907512665,0.0025947000103769,BaselineCNN,test,2.6858026558329584e-07,0.0013656350784003735,0.050860509276390076,0.4540354907512665,0.0010881107300519943,0.000245617120526731,0.0016706775641068816,0.4495382606983185,0.009187786839902401,0.0016719071427360177,0.030335767194628716
C:\Projects\TM470\data\processed\test\Boletus\0395_jZFg843mP4g.jpg,Boletus/0395_jZFg843mP4g.jpg,Boletus,Boletus,True,0.7234583497047424,0.0025347000046167,BaselineCNN,test,1.752593379933387e-05,0.009326515719294548,0.7234583497047424,0.00025803313474170864,1.076507760444656e-05,1.947709193927949e-07,2.2887308659846894e-05,6.215681787580252e-05,0.04590168222784996,1.1839902981591877e-05,0.2209300696849823
C:\Projects\TM470\data\processed\test\Boletus\0396_SY7PYfYNq88.jpg,Boletus/0396_SY7PYfYNq88.jpg,Boletus,Boletus,True,0.998138427734375,0.0025829999940469,BaselineCNN,test,3.4749601240946504e-07,9.371295891469344e-05,0.998138427734375,0.0009287529974244535,4.360150342108682e-06,2.3479524990932532e-09,1.995868160520331e-06,4.505429842538433e-06,0.00011942199489567429,5.497988695424283e-07,0.0007078680791892111
C:\Projects\TM470\data\processed\test\Boletus\0398_5b-zJ94MXQk.jpg,Boletus/0398_5b-zJ94MXQk.jpg,Boletus,Boletus,True,0.9999758005142212,0.0024470000062137,BaselineCNN,test,3.434699052951018e-11,1.5338084580207578e-08,0.9999758005142212,2.1678995665297407e-07,1.238769868905365e-07,2.242263449567239e-12,1.4171466777845865e-10,1.5346769941970706e-05,3.189627022948116e-06,2.8532369800160495e-09,5.2832610890618525e-06
C:\Projects\TM470\data\processed\test\Boletus\0410_jhaHnXdb-IM.jpg,Boletus/0410_jhaHnXdb-IM.jpg,Boletus,Boletus,True,0.8780837655067444,0.0028553999873111,BaselineCNN,test,2.1549765733652748e-05,0.0005287760286591947,0.8780837655067444,0.004217509645968676,2.2374738364305813e-06,2.1482776446646312e-08,0.00012082151079084724,4.16602888435591e-05,0.021032769232988358,0.0002532231737859547,0.09569767862558365
C:\Projects\TM470\data\processed\test\Boletus\0426_LWjQTfRMiXo.jpg,Boletus/0426_LWjQTfRMiXo.jpg,Boletus,Boletus,True,0.9946594834327698,0.0024504000029992,BaselineCNN,test,5.130093572169869e-10,4.871003511652816e-07,0.9946594834327698,8.926988812163472e-06,8.895450775980862e-08,6.971520027931888e-10,4.667374753353215e-08,1.6398125524119678e-08,0.0012646616669371724,3.900905909404173e-08,0.00406638253480196
C:\Projects\TM470\data\processed\test\Boletus\0439_O6QzBvZavTM.jpg,Boletus/0439_O6QzBvZavTM.jpg,Boletus,Lactarius,False,0.5633620023727417,0.0028524999943329,BaselineCNN,test,5.041441113462497e-07,0.0004200496186967939,0.3973062336444855,0.010910197161138058,0.015273869037628174,4.082653958903393e-06,8.806623554846738e-06,0.0011783913942053914,0.5633620023727417,0.00016694235091563314,0.011368796229362488
C:\Projects\TM470\data\processed\test\Boletus\0446_xHS1WNA5GOs.jpg,Boletus/0446_xHS1WNA5GOs.jpg,Boletus,Inocybe,False,0.9524459838867188,0.0026050000014947,BaselineCNN,test,0.000277243263553828,0.0007921233191154897,0.015175560489296913,0.00041549617890268564,1.8994205674971454e-05,0.00016788989887572825,0.010785269550979137,0.9524459838867188,0.017053939402103424,3.055595516343601e-05,0.0028370763175189495
C:\Projects\TM470\data\processed\test\Boletus\0457_lZNPtp0I8xY.jpg,Boletus/0457_lZNPtp0I8xY.jpg,Boletus,Boletus,True,0.8775733709335327,0.0024553999974159,BaselineCNN,test,5.5002143199089915e-05,0.1085115522146225,0.8775733709335327,0.0004037120088469237,3.2303964871971402e-06,3.522328029248456e-08,4.6040589950280264e-05,5.2969455282436684e-05,0.005387569777667522,7.211344927782193e-05,0.007894376292824745
C:\Projects\TM470\data\processed\test\Boletus\0471_lxzgCXnZUlM.jpg,Boletus/0471_lxzgCXnZUlM.jpg,Boletus,Boletus,True,0.48481088876724243,0.0027966000052401,BaselineCNN,test,6.805361274508925e-10,1.3289100934343878e-05,0.48481088876724243,0.034394461661577225,1.9024014363822062e-07,4.8736827074069566e-11,0.044316522777080536,6.927273261680966e-06,0.3718907833099365,2.6463891117600724e-05,0.06454046070575714
C:\Projects\TM470\data\processed\test\Boletus\0473_x9mm3RQN3OQ.jpg,Boletus/0473_x9mm3RQN3OQ.jpg,Boletus,Boletus,True,0.9992227554321289,0.0024657000030856,BaselineCNN,test,8.697016369296762e-07,1.316479938395787e-05,0.9992227554321289,2.711220531637082e-06,1.266728730797695e-07,0.0004598996019922197,1.1138418187783827e-08,5.871762596143526e-07,3.9965187170309946e-05,0.0002588084025774151,1.0947438795483322e-06
C:\Projects\TM470\data\processed\test\Boletus\0476_qTLS2LtmH20.jpg,Boletus/0476_qTLS2LtmH20.jpg,Boletus,Cortinarius,False,0.4631209075450897,0.0025966999965021,BaselineCNN,test,0.0003140136250294745,0.007904140278697014,0.15401838719844818,0.4631209075450897,0.006267208606004715,7.788129732944071e-05,0.07800982147455215,0.046032458543777466,0.18414410948753357,0.0058739143423736095,0.054237134754657745
C:\Projects\TM470\data\processed\test\Boletus\0478_IqIYZ5z8ZaA.jpg,Boletus/0478_IqIYZ5z8ZaA.jpg,Boletus,Lactarius,False,0.912879228591919,0.0025314999948022,BaselineCNN,test,9.74946338938576e-12,9.160407987707231e-10,0.05898638814687729,0.027954556047916412,4.055265435454203e-06,2.3531183046543447e-07,4.4261477682994155e-07,0.00017434726760257035,0.912879228591919,7.466438489700522e-08,7.153178103180835e-07
C:\Projects\TM470\data\processed\test\Boletus\0482_bwKqTN52ZY0.jpg,Boletus/0482_bwKqTN52ZY0.jpg,Boletus,Russula,False,0.987838625907898,0.0025897000014083,BaselineCNN,test,3.1556562918311215e-11,3.9280326546986544e-08,0.012154702097177505,5.076484285382321e-06,1.3906622520210021e-08,4.706530720710589e-09,3.66130945006482e-11,1.6251162548996945e-07,1.4839043842584942e-06,0.987838625907898,1.301050499974421e-11
C:\Projects\TM470\data\processed\test\Boletus\0485_2M-1Jj2XXfU.jpg,Boletus/0485_2M-1Jj2XXfU.jpg,Boletus,Boletus,True,0.9997469782829285,0.0024542000028304,BaselineCNN,test,2.6234225458665605e-08,0.00023161851277109236,0.9997469782829285,1.2678979643965249e-08,7.416097247414655e-08,9.29973609231638e-09,5.525002233497389e-09,3.0892359781375944e-09,8.383303793380037e-06,4.412761995808978e-07,1.2469662578951102e-05
C:\Projects\TM470\data\processed\test\Boletus\0487_V0mcOZZWsYc.jpg,Boletus/0487_V0mcOZZWsYc.jpg,Boletus,Boletus,True,0.9992214441299438,0.0030963000026531,BaselineCNN,test,1.8366172471750986e-10,4.819844434678089e-08,0.9992214441299438,9.732913142102007e-09,1.9037045717595902e-08,4.01697650294873e-14,3.5517462304568426e-09,1.2266788473880297e-08,2.9780071599816438e-06,2.3017983039608225e-06,0.0007731707883067429
C:\Projects\TM470\data\processed\test\Boletus\0496_oW-MXvWIdeg.jpg,Boletus/0496_oW-MXvWIdeg.jpg,Boletus,Boletus,True,0.992300271987915,0.0029788999963784,BaselineCNN,test,1.5519414642284346e-09,0.007694647181779146,0.992300271987915,5.548655508391676e-07,1.8443996330219647e-10,4.4760340724668557e-13,1.2710509089686184e-08,1.2307839192260417e-09,4.375298885861412e-06,2.17574918082164e-08,1.6567649652188265e-07
C:\Projects\TM470\data\processed\test\Boletus\0501_RcynfiUwksM.jpg,Boletus/0501_RcynfiUwksM.jpg,Boletus,Boletus,True,0.9074355363845825,0.0025135000032605,BaselineCNN,test,5.4967628670965496e-08,3.89188699045917e-06,0.9074355363845825,1.3207715028329403e-06,4.767408938732842e-07,2.5860855124015814e-10,6.8340445977810305e-06,2.1806139116620216e-08,0.09157067537307739,1.1483903108455706e-05,0.0009697244386188686
C:\Projects\TM470\data\processed\test\Boletus\0515_fH8FRrp-Rc4.jpg,Boletus/0515_fH8FRrp-Rc4.jpg,Boletus,Boletus,True,0.9990354776382446,0.0025355999969178,BaselineCNN,test,2.8110655421187403e-06,1.1901272046088707e-05,0.9990354776382446,3.3224122120145694e-08,8.179672050800946e-08,1.1321047181309107e-12,6.58205067338713e-07,1.4141893212027412e-10,0.0001316075649810955,0.0003917470166925341,0.00042561182635836303
C:\Projects\TM470\data\processed\test\Boletus\0516_jSgZvx-y_IA.jpg,Boletus/0516_jSgZvx-y_IA.jpg,Boletus,Boletus,True,0.9999983310699463,0.0043882999889319,BaselineCNN,test,2.4607257897990564e-10,1.2613571698238957e-06,0.9999983310699463,4.0064613848755926e-09,6.659000462150289e-08,6.474646665165229e-14,1.317986719762132e-09,8.380055049883595e-08,4.864834313167421e-09,3.234495171700047e-10,2.568844479355903e-07
C:\Projects\TM470\data\processed\test\Boletus\0551_xiALBJABq4k.jpg,Boletus/0551_xiALBJABq4k.jpg,Boletus,Boletus,True,0.9928622841835022,0.0029504999984055,BaselineCNN,test,4.254067334841238e-06,0.0005112261860631406,0.9928622841835022,4.859251930611208e-06,3.7560776036116295e-06,3.580495677724116e-09,7.3476944528749755e-09,6.799341463192832e-06,0.003918337635695934,2.7360792387298716e-07,0.0026882276870310307
C:\Projects\TM470\data\processed\test\Boletus\0552_Sm0FWjXpCUA.jpg,Boletus/0552_Sm0FWjXpCUA.jpg,Boletus,Boletus,True,0.6815398335456848,0.0025273999926866,BaselineCNN,test,3.1509898690273985e-06,0.00039382625254802406,0.6815398335456848,0.0036285663954913616,1.0435211379444809e-06,0.0016149416333064437,0.014750988222658634,0.020393241196870804,0.25281739234924316,3.101299807894975e-05,0.024826038628816605
C:\Projects\TM470\data\processed\test\Boletus\0569_DpPGoGLCmxw.jpg,Boletus/0569_DpPGoGLCmxw.jpg,Boletus,Russula,False,0.9840046167373657,0.00249199999962,BaselineCNN,test,6.363300781231374e-05,0.0017126291058957577,0.002634944161400199,0.00429064454510808,8.580678922953666e-08,0.007065699901431799,1.5572516076645115e-06,5.965876334812492e-05,4.0475766581948847e-05,0.9840046167373657,0.00012604227231349796
C:\Projects\TM470\data\processed\test\Boletus\0590_U1iXqaOG__4.jpg,Boletus/0590_U1iXqaOG__4.jpg,Boletus,Boletus,True,0.9994279742240906,0.0028655999922193,BaselineCNN,test,8.496863694411327e-13,3.306293478999578e-07,0.9994279742240906,1.6209656905630254e-07,3.2162647545241896e-11,1.0853837360130791e-12,2.913439516305516e-07,6.080267400676576e-10,8.544740921934135e-06,7.386412592680358e-10,0.0005626968923024833
C:\Projects\TM470\data\processed\test\Boletus\0596_1eBgViXIxTo.jpg,Boletus/0596_1eBgViXIxTo.jpg,Boletus,Boletus,True,0.9997497200965881,0.0025681999977678,BaselineCNN,test,8.207116097835865e-10,0.00014290219405665994,0.9997497200965881,3.7440388496179366e-06,3.659493541530168e-11,2.8676633290203313e-10,9.152236088993959e-06,2.49504546445678e-06,2.4864013994374545e-06,4.941688658277599e-08,8.93444157554768e-05
C:\Projects\TM470\data\processed\test\Boletus\0599_KA0H3vejy08.jpg,Boletus/0599_KA0H3vejy08.jpg,Boletus,Boletus,True,0.9999866485595703,0.002516900000046,BaselineCNN,test,1.2376147199080756e-12,4.783251128515076e-08,0.9999866485595703,3.1734107324155048e-06,1.811864258627338e-08,6.60472924182004e-13,5.878420665794692e-07,2.0346259399506295e-11,5.955992492090445e-06,3.419542622395966e-07,3.2279372135235462e-06
C:\Projects\TM470\data\processed\test\Boletus\0608_iR5VKlchysc.jpg,Boletus/0608_iR5VKlchysc.jpg,Boletus,Boletus,True,0.9999935626983643,0.0028463000053307,BaselineCNN,test,2.1217169053578885e-14,1.565053935337346e-07,0.9999935626983643,2.3602094643138116e-06,1.8713092186928293e-10,5.317758386413907e-12,5.273158298901848e-11,1.1611636985264795e-08,1.0946848760795547e-08,8.829240290275653e-12,3.889914296451025e-06
C:\Projects\TM470\data\processed\test\Boletus\0612_8lQr8TbwImc.jpg,Boletus/0612_8lQr8TbwImc.jpg,Boletus,Boletus,True,0.9239767789840698,0.0025258999958168,BaselineCNN,test,1.207896616506332e-06,1.671611244091764e-06,0.9239767789840698,0.007907149381935596,5.299890290189069e-06,1.0278357158444162e-11,5.361453986552078e-06,8.80815775872179e-09,0.047826994210481644,3.3115361475211103e-06,0.02027219906449318
C:\Projects\TM470\data\processed\test\Boletus\0624_RmlDHXvJUeU.jpg,Boletus/0624_RmlDHXvJUeU.jpg,Boletus,Boletus,True,0.9530159831047058,0.0025911999982781,BaselineCNN,test,6.963212854316225e-06,0.00010423957428429276,0.9530159831047058,0.00020290831162128597,6.34941752650775e-05,4.16017692517201e-10,4.291818186175078e-06,8.651613825350069e-06,0.01095336303114891,1.2946047718287446e-05,0.03562702611088753
C:\Projects\TM470\data\processed\test\Boletus\0631_PJXNFQZc7n8.jpg,Boletus/0631_PJXNFQZc7n8.jpg,Boletus,Boletus,True,0.9698179364204407,0.0025672999909147,BaselineCNN,test,5.088090504479226e-10,2.071260269076447e-06,0.9698179364204407,1.458457154512871e-05,1.125024240433703e-10,9.463571419565664e-12,0.00010232128261122853,2.1924027038267013e-08,0.02859976887702942,9.908479796649772e-07,0.0014621957670897245
C:\Projects\TM470\data\processed\test\Boletus\0632_Rc_3hYDbYqU.jpg,Boletus/0632_Rc_3hYDbYqU.jpg,Boletus,Boletus,True,0.42346957325935364,0.0028127999976277,BaselineCNN,test,2.711763772822451e-05,0.002640013350173831,0.42346957325935364,0.18258486688137054,3.9281159843085334e-05,5.706638717128953e-07,0.0024303102400153875,0.001811073045246303,0.1802954226732254,0.001308687380515039,0.205392986536026
C:\Projects\TM470\data\processed\test\Boletus\0635_-J_6XTsYZMA.jpg,Boletus/0635_-J_6XTsYZMA.jpg,Boletus,Boletus,True,0.9757879376411438,0.0024678999907337,BaselineCNN,test,0.00011821973021142185,0.014403095468878746,0.9757879376411438,0.005421312991529703,0.00027301188674755394,0.002325445180758834,2.1341945739550283e-06,5.193687684368342e-06,0.001587964128702879,1.1899982382601593e-05,6.379283149726689e-05
C:\Projects\TM470\data\processed\test\Boletus\0645_l3ki0s-WOCU.jpg,Boletus/0645_l3ki0s-WOCU.jpg,Boletus,Cortinarius,False,0.3791295289993286,0.0028089999977964,BaselineCNN,test,2.861137363652233e-05,0.0042321765795350075,0.012830113992094994,0.3791295289993286,1.515935082352371e-06,2.1300444132066332e-05,0.11468352377414703,0.003359883325174451,0.18381567299365997,0.0012636571191251278,0.30063408613204956
C:\Projects\TM470\data\processed\test\Boletus\0646_X-9LZJb_Mm8.jpg,Boletus/0646_X-9LZJb_Mm8.jpg,Boletus,Lactarius,False,0.6748654246330261,0.0029648000054294,BaselineCNN,test,4.1444368434895296e-06,2.005123496928718e-05,0.30680030584335327,0.01712346263229847,6.9086036091903225e-06,2.332804797333665e-06,6.037286948412657e-05,0.0010865075746551156,0.6748654246330261,1.8398228576188558e-06,2.8578318961081095e-05
C:\Projects\TM470\data\processed\test\Boletus\0654_S0ZETeWMBPU.jpg,Boletus/0654_S0ZETeWMBPU.jpg,Boletus,Cortinarius,False,0.9992483258247375,0.0026652999949874,BaselineCNN,test,7.844049036975775e-07,3.389058917946386e-07,1.0716943279476254e-06,0.9992483258247375,2.018470279807616e-09,7.942720786635604e-11,7.637839161134252e-08,0.000248491094680503,6.333959845505888e-06,3.415145943819198e-10,0.0004945677355863154
C:\Projects\TM470\data\processed\test\Boletus\0659_r1c48yLOmjA.jpg,Boletus/0659_r1c48yLOmjA.jpg,Boletus,Boletus,True,0.4915775656700134,0.0026402000075904,BaselineCNN,test,3.7091439253345015e-08,0.4581613540649414,0.4915775656700134,5.831956855217868e-07,7.869695764384232e-06,1.747565009369012e-10,2.013340605344638e-08,6.863236876597512e-07,0.0009655792382545769,1.5851601347094402e-06,0.04928473383188248
C:\Projects\TM470\data\processed\test\Boletus\0662_zLAxc0c9R_M.jpg,Boletus/0662_zLAxc0c9R_M.jpg,Boletus,Boletus,True,0.9826573729515076,0.0028999999922234,BaselineCNN,test,1.404481082545317e-07,0.00398361636325717,0.9826573729515076,0.0038502246607095003,6.785146979382262e-06,4.214281580061652e-05,0.00033349127625115216,6.218179623829201e-05,0.004020256455987692,1.4269040775616304e-06,0.0050422074273228645
C:\Projects\TM470\data\processed\test\Boletus\0664_aAvZIRDPNUI.jpg,Boletus/0664_aAvZIRDPNUI.jpg,Boletus,Boletus,True,0.9691122770309448,0.0025868000084301,BaselineCNN,test,7.131661732273642e-06,0.021970806643366814,0.9691122770309448,0.005190473049879074,8.834947948344052e-05,0.0007210641633719206,1.3028665307501797e-05,0.00019231601618230343,0.001126418705098331,0.0015536332502961159,2.4342934921151027e-05
C:\Projects\TM470\data\processed\test\Boletus\0665_oAzt25TNZeQ.jpg,Boletus/0665_oAzt25TNZeQ.jpg,Boletus,Exidia,False,0.9984379410743713,0.0025967999972635,BaselineCNN,test,1.8646318267201423e-06,7.663082215003669e-05,1.947075543284882e-05,8.98489888641052e-05,5.0279422794119455e-06,0.9984379410743713,3.734194464755092e-08,0.0013676048256456852,1.5372968391602626e-06,2.6086147131287873e-11,3.32308580652807e-08
C:\Projects\TM470\data\processed\test\Boletus\0670_K_TCbzxFUGM.jpg,Boletus/0670_K_TCbzxFUGM.jpg,Boletus,Boletus,True,0.9833701848983765,0.0024653000000398,BaselineCNN,test,3.09835646028489e-09,2.5644786205702985e-07,0.9833701848983765,9.17013494472485e-07,2.093333151265142e-08,5.965815948888453e-13,3.5917596505896654e-06,7.494395326546055e-09,0.015825295820832253,1.3244411434243375e-07,0.0007995619089342654
C:\Projects\TM470\data\processed\test\Boletus\0684_vMnFJrCY0pg.jpg,Boletus/0684_vMnFJrCY0pg.jpg,Boletus,Lactarius,False,0.30132293701171875,0.0025182999961543,BaselineCNN,test,0.000916625838726759,0.0556938610970974,0.09625894576311111,0.20931705832481384,0.0012429333291947842,0.0020363209769129753,0.12678489089012146,0.04288485273718834,0.30132293701171875,0.01261893380433321,0.15092270076274872
C:\Projects\TM470\data\processed\test\Boletus\0686_HDMT9DDObck.jpg,Boletus/0686_HDMT9DDObck.jpg,Boletus,Lactarius,False,0.9300937056541443,0.002522199996747,BaselineCNN,test,1.3769619044978754e-07,4.24101781391073e-05,0.04183974117040634,0.010311244055628777,0.000329812552081421,1.8420103060634574e-06,0.0162773746997118,6.521062459796667e-05,0.9300937056541443,4.201105184620246e-05,0.0009965223725885153
C:\Projects\TM470\data\processed\test\Boletus\0687_OAh8DHQ9Ejw.jpg,Boletus/0687_OAh8DHQ9Ejw.jpg,Boletus,Boletus,True,0.9999947547912598,0.002508299992769,BaselineCNN,test,4.601426526048766e-14,6.950850206521864e-08,0.9999947547912598,5.211445568420459e-06,2.1479515943667593e-09,7.007146252124841e-11,3.3274879379652234e-11,1.9979709553474834e-10,3.284927885260913e-08,5.872034731016756e-15,1.164796170627369e-08
C:\Projects\TM470\data\processed\test\Boletus\0691_aeOqhuNhZUo.jpg,Boletus/0691_aeOqhuNhZUo.jpg,Boletus,Boletus,True,0.9996168613433838,0.0025010999961523,BaselineCNN,test,8.161064705969334e-12,3.31247224494291e-06,0.9996168613433838,4.3821215513162315e-05,3.2511286995884348e-09,2.866512366014873e-13,1.7426584236091003e-05,5.152642756911519e-07,9.358943202641967e-07,4.543178888649635e-10,0.0003170815762132406
C:\Projects\TM470\data\processed\test\Boletus\0694_ZGhTNFYpRF0.jpg,Boletus/0694_ZGhTNFYpRF0.jpg,Boletus,Boletus,True,0.997454822063446,0.0025674999924376,BaselineCNN,test,9.85430053529468e-12,2.6736438485386316e-07,0.997454822063446,0.0022433872800320387,1.2730175420749834e-11,7.421093414450297e-06,9.442092256445236e-16,3.0412904379772954e-05,0.0002637252619024366,3.874304136785699e-15,2.799048839929874e-11
C:\Projects\TM470\data\processed\test\Boletus\0705_zAx-31wgOX8.jpg,Boletus/0705_zAx-31wgOX8.jpg,Boletus,Suillus,False,0.27929744124412537,0.0026030000008177,BaselineCNN,test,0.0073969485238194466,0.00025533224106766284,0.0016448466340079904,0.2706333100795746,0.002727970713749528,3.3661806355667068e-06,0.11322801560163498,0.004052901640534401,0.2677852511405945,0.05297468602657318,0.27929744124412537
C:\Projects\TM470\data\processed\test\Boletus\0706_O2coJ1bHNyI.jpg,Boletus/0706_O2coJ1bHNyI.jpg,Boletus,Cortinarius,False,0.6067385673522949,0.0029189999913796,BaselineCNN,test,1.1638086107268464e-05,0.0021261610090732574,0.00314318691380322,0.6067385673522949,0.0002937912940979004,0.00014429489965550601,0.13653995096683502,0.009779874235391617,0.02996951900422573,0.0011071226326748729,0.21014583110809326
C:\Projects\TM470\data\processed\test\Boletus\0710_3W2LVW3vahA.jpg,Boletus/0710_3W2LVW3vahA.jpg,Boletus,Boletus,True,0.9999881982803345,0.0027442999999038,BaselineCNN,test,5.240018488561482e-13,1.1632851055765059e-05,0.9999881982803345,1.5993230073618747e-09,4.164769362713372e-10,6.494738774565079e-11,5.978485972946146e-08,7.801313017807843e-08,1.6227482899089374e-11,1.771103771454341e-12,1.3469808601840327e-09
C:\Projects\TM470\data\processed\test\Boletus\0711_BeW-0Vt9hao.jpg,Boletus/0711_BeW-0Vt9hao.jpg,Boletus,Lactarius,False,0.4552070200443268,0.0027326999988872,BaselineCNN,test,0.00021851206838618964,0.04432526230812073,0.2792936861515045,0.05371410772204399,0.00794933084398508,7.318657299038023e-05,0.005349940154701471,0.00245332857593894,0.4552070200443268,0.026242293417453766,0.12517328560352325
C:\Projects\TM470\data\processed\test\Boletus\0712_KcW299HdxJQ.jpg,Boletus/0712_KcW299HdxJQ.jpg,Boletus,Cortinarius,False,0.9704383611679077,0.0027030000055674,BaselineCNN,test,7.630453069396026e-08,0.00013378821313381195,0.02534361183643341,0.9704383611679077,0.0001814210700104013,1.997687286348082e-05,0.0015607938403263688,0.00023244616750162095,0.00012615483137778938,0.0001638673129491508,0.0017994686495512724
C:\Projects\TM470\data\processed\test\Boletus\0715_bpAousgaNak.jpg,Boletus/0715_bpAousgaNak.jpg,Boletus,Cortinarius,False,0.8553985357284546,0.002608800001326,BaselineCNN,test,2.989209406223381e-06,9.021320693136659e-06,7.019145414233208e-05,0.8553985357284546,1.863890611275565e-05,1.6652604850619923e-09,1.5057325072120875e-05,0.00024163647321984172,0.05569043383002281,0.08825113624334335,0.0003022757009603083
C:\Projects\TM470\data\processed\test\Boletus\0720_5nsuj2jRfF0.jpg,Boletus/0720_5nsuj2jRfF0.jpg,Boletus,Boletus,True,0.983022153377533,0.0026843999949051,BaselineCNN,test,4.153035843046382e-05,3.853837915812619e-05,0.983022153377533,0.004019908607006073,1.766274363035336e-05,2.909573311171698e-07,8.658340448164381e-06,0.000693504000082612,0.00772655475884676,0.0001699595304671675,0.0042610736563801765
C:\Projects\TM470\data\processed\test\Boletus\0731_6DJ6_aa-bZg.jpg,Boletus/0731_6DJ6_aa-bZg.jpg,Boletus,Lactarius,False,0.28268054127693176,0.0025559000059729,BaselineCNN,test,0.022501349449157715,0.006254919804632664,0.21530920267105103,0.0038884293753653765,2.1928669866611017e-06,0.0004849933902733028,0.0002522926952224225,0.0019235138315707445,0.28268054127693176,0.259042352437973,0.20766016840934753
C:\Projects\TM470\data\processed\test\Boletus\0754_zPtZnfibMT4.jpg,Boletus/0754_zPtZnfibMT4.jpg,Boletus,Cortinarius,False,0.9644148945808411,0.0028212999895913,BaselineCNN,test,0.0012019264977425337,0.0013842583866789937,0.01592983491718769,0.9644148945808411,2.632026189530734e-05,1.0227297480014386e-06,0.0002319214545423165,0.000688805477693677,0.005410214886069298,0.00690136943012476,0.0038094723131507635
C:\Projects\TM470\data\processed\test\Boletus\0778_UbEygYYDhi4.jpg,Boletus/0778_UbEygYYDhi4.jpg,Boletus,Inocybe,False,0.7289727926254272,0.0025267000019084,BaselineCNN,test,6.72317923999799e-07,2.375736403337214e-05,0.2332073599100113,0.0042468286119401455,1.6120709744882333e-07,7.977206450959784e-07,0.00013643443526234478,0.7289727926254272,0.00021772159379906952,1.0611937995008702e-07,0.03319329023361206
C:\Projects\TM470\data\processed\test\Boletus\0779_x10CHNm1XGs.jpg,Boletus/0779_x10CHNm1XGs.jpg,Boletus,Boletus,True,0.9352645874023438,0.0029403000080492,BaselineCNN,test,1.952056209120201e-06,1.6985342881525867e-05,0.9352645874023438,0.0034473035484552383,0.00019510848505888134,2.9267399614951728e-09,9.236840014636982e-06,2.493130068614846e-06,0.05185404792428017,1.6293298585878802e-06,0.009206593036651611
C:\Projects\TM470\data\processed\test\Boletus\0789_HeUlbr2dIsk.jpg,Boletus/0789_HeUlbr2dIsk.jpg,Boletus,Boletus,True,0.9955678582191467,0.0025299000117229,BaselineCNN,test,4.047733909828821e-06,0.0013348233187571168,0.9955678582191467,6.924528861418366e-08,1.1113083075997565e-07,1.4831157386652194e-06,3.722977126585647e-08,3.5485079479258275e-06,0.0018052873201668262,1.4393704987014644e-05,0.0012684812536463141
C:\Projects\TM470\data\processed\test\Boletus\0790_pju1fCrxSyw.jpg,Boletus/0790_pju1fCrxSyw.jpg,Boletus,Cortinarius,False,0.6322546005249023,0.00249199999962,BaselineCNN,test,0.004630678333342075,0.010978818871080875,1.301475003856467e-05,0.6322546005249023,0.00710683036595583,1.683183654677123e-05,0.004690191708505154,0.021294647827744484,0.28199756145477295,0.0017162004951387644,0.03530063480138779
C:\Projects\TM470\data\processed\test\Boletus\0795_O2Z0CQUcDhg.jpg,Boletus/0795_O2Z0CQUcDhg.jpg,Boletus,Lactarius,False,0.8801466226577759,0.0028345000027911,BaselineCNN,test,6.410992500605062e-05,3.90708146369434e-06,0.00244127050973475,0.11490694433450699,0.0009416506509296596,3.519946289998188e-07,4.494643235375406e-06,4.838412860408425e-05,0.8801466226577759,1.459517193325155e-06,0.0014407074777409434
C:\Projects\TM470\data\processed\test\Boletus\0797_6dpBNM8twyA.jpg,Boletus/0797_6dpBNM8twyA.jpg,Boletus,Cortinarius,False,0.6476508378982544,0.0025390999944647,BaselineCNN,test,1.039073325159734e-07,3.748139647541393e-07,0.011502936482429504,0.6476508378982544,0.0009767807787284255,1.307790764570882e-09,0.002323809778317809,0.00011115140659967437,0.3348304033279419,1.9927008452214068e-06,0.0026015660259872675
C:\Projects\TM470\data\processed\test\Boletus\0801_ulyFq_UWWzM.jpg,Boletus/0801_ulyFq_UWWzM.jpg,Boletus,Hygrocybe,False,0.3803137540817261,0.0028418000001693,BaselineCNN,test,4.148441439610906e-05,0.012645229697227478,0.005919997580349445,0.32538583874702454,0.0030269306153059006,0.016206590458750725,0.3803137540817261,0.0008338368497788906,0.19889983534812927,0.0005778918857686222,0.05614860728383064
C:\Projects\TM470\data\processed\test\Boletus\0802_MWtsI0EKttw.jpg,Boletus/0802_MWtsI0EKttw.jpg,Boletus,Boletus,True,0.9996002316474915,0.0025957000034395,BaselineCNN,test,4.3398672242705993e-13,6.495888826840712e-10,0.9996002316474915,6.969394235056825e-07,3.132409956418947e-11,2.5320970838192507e-14,4.418191615514211e-14,1.2817478198604015e-12,0.00039889966137707233,1.1365424512632671e-07,1.4458019670371414e-08
C:\Projects\TM470\data\processed\test\Boletus\0807_Iqw2hN_b0s8.jpg,Boletus/0807_Iqw2hN_b0s8.jpg,Boletus,Boletus,True,0.9945569038391113,0.0029472000023815,BaselineCNN,test,2.2281547440439198e-10,1.0010374353441875e-05,0.9945569038391113,0.00031181954545900226,1.715014832370798e-06,9.82695591567051e-10,7.871324669395108e-06,7.92366208202111e-08,0.0006848551565781236,1.5829152744117891e-06,0.004425134509801865
C:\Projects\TM470\data\processed\test\Boletus\0811_7t2BE3xOyek.jpg,Boletus/0811_7t2BE3xOyek.jpg,Boletus,Cortinarius,False,0.49859851598739624,0.002576200000476,BaselineCNN,test,0.0010653502540662885,0.01667909510433674,0.16728955507278442,0.49859851598739624,0.000255222141277045,5.737295578001067e-05,1.270501115868683e-06,0.007881100289523602,0.08386047184467316,0.0013571191811934114,0.22295494377613068
C:\Projects\TM470\data\processed\test\Boletus\0813_mXb_8YjMI_8.jpg,Boletus/0813_mXb_8YjMI_8.jpg,Boletus,Boletus,True,0.9935433864593506,0.0025715999945532,BaselineCNN,test,1.8326815052205347e-06,0.0034475126303732395,0.9935433864593506,0.0002069373440463096,4.132176343318861e-07,5.297297600570516e-10,2.1119488735621417e-07,8.346756658283994e-05,0.0003246327396482229,4.555749057999492e-07,0.0023910668678581715
C:\Projects\TM470\data\processed\test\Boletus\0829_dHV6v4tZvMk.jpg,Boletus/0829_dHV6v4tZvMk.jpg,Boletus,Boletus,True,0.9999086856842041,0.0045994999964023,BaselineCNN,test,1.0292730209804368e-11,1.1763926721641838e-08,0.9999086856842041,9.127830708166584e-05,4.3323188786414946e-11,1.1236612768722454e-12,1.1704073266116666e-09,4.4523582043431986e-10,6.553920961493986e-09,1.1311401593161463e-08,7.340641428044137e-10
C:\Projects\TM470\data\processed\test\Boletus\0832_XCzDV_JY6_M.jpg,Boletus/0832_XCzDV_JY6_M.jpg,Boletus,Boletus,True,0.9999998807907104,0.0028171000012662,BaselineCNN,test,4.0215037246452146e-13,1.4797242597897053e-10,0.9999998807907104,4.161212763253985e-10,8.932657565019486e-12,4.9808716980827514e-17,1.0773414382825308e-09,9.223490894660902e-12,3.284353677912577e-09,2.622316079559095e-11,8.684623509225275e-08
C:\Projects\TM470\data\processed\test\Boletus\0833_lwqKJywKCCc.jpg,Boletus/0833_lwqKJywKCCc.jpg,Boletus,Boletus,True,0.9999948740005493,0.0026559999969322,BaselineCNN,test,2.5484253596275153e-10,3.874823661931259e-08,0.9999948740005493,1.6456007188025978e-06,1.114387360168223e-09,2.0737621774007337e-16,1.8740532681249533e-08,3.240465881737542e-11,1.981985491283922e-07,9.288378066685254e-08,3.072056870223605e-06
C:\Projects\TM470\data\processed\test\Boletus\0836_FkYdaUI06h0.jpg,Boletus/0836_FkYdaUI06h0.jpg,Boletus,Cortinarius,False,0.5288657546043396,0.0026053000037791,BaselineCNN,test,2.1968416419326786e-08,0.00018196983728557825,0.00530317472293973,0.5288657546043396,0.06216617673635483,0.00032333735725842416,0.0016045095399022102,0.40125495195388794,0.0002393932663835585,2.6870297006098554e-05,3.3888161851791665e-05
C:\Projects\TM470\data\processed\test\Boletus\0839__L3OdEzm-GA.jpg,Boletus/0839__L3OdEzm-GA.jpg,Boletus,Boletus,True,0.999996542930603,0.0025919999898178,BaselineCNN,test,1.1608579765856608e-14,2.6723577777748586e-13,0.999996542930603,2.860281567151901e-09,5.149980095153772e-11,8.895167449916768e-17,2.1103882530404405e-12,4.292086130952555e-10,3.4640006560948677e-06,6.11489192614556e-10,1.3567808210268595e-08
C:\Projects\TM470\data\processed\test\Boletus\0841_7XAXHIAG0d8.jpg,Boletus/0841_7XAXHIAG0d8.jpg,Boletus,Lactarius,False,0.5484529733657837,0.0025739999982761,BaselineCNN,test,6.101166150074278e-08,4.686520185259724e-07,0.07794032990932465,0.36356279253959656,2.404052956705982e-08,1.0334147191315424e-05,0.007956690154969692,0.0009909472428262234,0.5484529733657837,2.2478172468254343e-05,0.0010629609460011125
C:\Projects\TM470\data\processed\test\Boletus\0857_lvu1iJAnbvg.jpg,Boletus/0857_lvu1iJAnbvg.jpg,Boletus,Boletus,True,0.9921675324440002,0.0025315999955637,BaselineCNN,test,6.349998147925362e-05,0.0030413076747208834,0.9921675324440002,7.110219485184643e-06,1.5753805655549513e-06,2.302381840735279e-09,1.4619209650845733e-05,2.3725584696876467e-07,0.0012576169101521373,0.0012916808482259512,0.002154757035896182
C:\Projects\TM470\data\processed\test\Boletus\0859_z4K-tiR_PP0.jpg,Boletus/0859_z4K-tiR_PP0.jpg,Boletus,Boletus,True,0.4883792996406555,0.0027755000046454,BaselineCNN,test,0.011707593686878681,1.2009820238745306e-05,0.4883792996406555,0.016429539769887924,0.002623438835144043,5.538792091641653e-09,0.0005690561374649405,2.4047213997846484e-08,0.4170330762863159,0.05960243567824364,0.0036434896755963564
C:\Projects\TM470\data\processed\test\Boletus\0867_ExxTC0iGbxI.jpg,Boletus/0867_ExxTC0iGbxI.jpg,Boletus,Hygrocybe,False,0.9927560687065125,0.0026097999943885,BaselineCNN,test,2.888037364812135e-09,1.2126130059186835e-05,0.005889804568141699,0.0007527138805016875,3.966814099420901e-10,2.979480662190781e-09,0.9927560687065125,7.810204988345504e-05,0.00033250069827772677,1.213167593050457e-06,0.00017746193043421954
C:\Projects\TM470\data\processed\test\Boletus\0870_BxgSujm7-C8.jpg,Boletus/0870_BxgSujm7-C8.jpg,Boletus,Lactarius,False,0.9217947721481323,0.0025988999987021,BaselineCNN,test,3.117754431514186e-06,6.069151368137682e-07,0.07773187011480331,0.0003816977550741285,7.492854336987875e-08,5.283072201933692e-09,5.788698217656929e-06,7.111106725687932e-08,0.9217947721481323,1.3074850357952528e-05,6.885472976136953e-05
C:\Projects\TM470\data\processed\test\Boletus\0876_Sizxg8ymXLI.jpg,Boletus/0876_Sizxg8ymXLI.jpg,Boletus,Lactarius,False,0.6921254396438599,0.0028992000006837,BaselineCNN,test,0.012753489427268505,0.004313320387154818,0.08215007930994034,0.00033942246227525175,0.1378849595785141,0.0028919540345668793,0.0017479287926107645,0.0007499541388824582,0.6921254396438599,0.05425108224153519,0.010792344808578491
C:\Projects\TM470\data\processed\test\Boletus\0883_LcmFTebwKmA.jpg,Boletus/0883_LcmFTebwKmA.jpg,Boletus,Boletus,True,0.7038684487342834,0.0025490999978501,BaselineCNN,test,4.17864640667176e-07,3.834502876998158e-06,0.7038684487342834,0.018956052139401436,2.676161329873139e-06,3.6976609862904297e-07,2.9235654437798075e-05,0.00010716121323639527,0.2761542797088623,0.00011044317216146737,0.0007670965860597789
C:\Projects\TM470\data\processed\test\Boletus\0891_9qHx98xefUQ.jpg,Boletus/0891_9qHx98xefUQ.jpg,Boletus,Boletus,True,0.9999954700469971,0.0026264999905833,BaselineCNN,test,1.733353217903133e-11,4.461518528842134e-06,0.9999954700469971,1.538657710357244e-13,2.1607463200948827e-15,2.795314935929843e-17,1.2154297750546772e-12,7.548877430270384e-13,4.898841332590109e-10,2.6278458575834662e-12,7.504063859187227e-08
C:\Projects\TM470\data\processed\test\Boletus\0904_qppYGFqfqYg.jpg,Boletus/0904_qppYGFqfqYg.jpg,Boletus,Boletus,True,0.5862926244735718,0.0029341999907046,BaselineCNN,test,0.005180437583476305,0.11087322980165482,0.5862926244735718,0.003782381769269705,0.001217156182974577,0.01915147341787815,0.00024209952971432358,0.017588015645742416,0.08157218992710114,0.15624798834323883,0.017852386459708214
C:\Projects\TM470\data\processed\test\Boletus\0907_JUjr6H_B0Xo.jpg,Boletus/0907_JUjr6H_B0Xo.jpg,Boletus,Boletus,True,0.9132878184318542,0.0025699999969219,BaselineCNN,test,1.979478156499681e-06,2.4029810447245836e-05,0.9132878184318542,0.011784983798861504,3.2162770366994664e-05,1.9373798565425204e-08,2.573054416643572e-06,1.126965230469068e-06,0.03321953862905502,0.04146454483270645,0.00018119625747203827
C:\Projects\TM470\data\processed\test\Boletus\0910_gk8EFVec-aU.jpg,Boletus/0910_gk8EFVec-aU.jpg,Boletus,Boletus,True,0.9991737008094788,0.0025134000024991,BaselineCNN,test,3.244361153065256e-07,1.254103381143068e-07,0.9991737008094788,3.734892288775882e-07,8.332864922522276e-07,8.399783825311161e-14,5.932148550158445e-09,2.3610412824837113e-07,0.0004402678750921041,2.0179521015961654e-05,0.0003638622001744807
C:\Projects\TM470\data\processed\test\Boletus\0920_Mj9Gr-R_eJg.jpg,Boletus/0920_Mj9Gr-R_eJg.jpg,Boletus,Boletus,True,0.9999899864196777,0.002783999996609,BaselineCNN,test,2.781980201760348e-10,9.322170626546722e-06,0.9999899864196777,1.538641956899678e-11,5.31478178800171e-07,2.14036308208293e-13,6.763552218291835e-11,8.674008711295755e-08,3.523174640918114e-08,9.713047033343969e-10,1.856819764611828e-08
C:\Projects\TM470\data\processed\test\Boletus\0927_GeTz3gpfOCA.jpg,Boletus/0927_GeTz3gpfOCA.jpg,Boletus,Boletus,True,0.9577642679214478,0.0026916999922832,BaselineCNN,test,0.010271517559885979,0.006901800166815519,0.9577642679214478,1.8076206060868572e-06,3.35397562594153e-05,1.2625786212083767e-06,1.4430428564082831e-05,2.1257184926071204e-05,0.022516047582030296,0.0015429701888933778,0.0009310599998570979
C:\Projects\TM470\data\processed\test\Boletus\0939_Uu9bT1-H4ZE.jpg,Boletus/0939_Uu9bT1-H4ZE.jpg,Boletus,Lactarius,False,0.9441424012184143,0.0028832999960286,BaselineCNN,test,0.0008512302301824093,0.00017848829156719148,0.008613565936684608,0.044928085058927536,6.352587206492899e-06,1.0159797056985553e-06,5.717985914088786e-06,5.323477125784848e-07,0.9441424012184143,0.0012048553908243775,6.786963785998523e-05
C:\Projects\TM470\data\processed\test\Boletus\0941_CD55o3j2ACk.jpg,Boletus/0941_CD55o3j2ACk.jpg,Boletus,Russula,False,0.9595804214477539,0.0028060999902663,BaselineCNN,test,0.00034927352680824697,0.00014490708417724818,2.1936143639322836e-06,0.005667801946401596,8.057448212639429e-06,3.995070052553729e-09,7.341810270844462e-09,1.1114209379214923e-11,0.03424709662795067,0.9595804214477539,2.18969205434405e-07
C:\Projects\TM470\data\processed\test\Boletus\0943_7_qx73pcT5M.jpg,Boletus/0943_7_qx73pcT5M.jpg,Boletus,Boletus,True,0.9991680383682251,0.0029499999945983,BaselineCNN,test,9.390681121601574e-09,0.00024538577417843044,0.9991680383682251,9.925293852575123e-05,5.786419592368475e-07,2.31537580219765e-08,7.304917630790442e-07,1.1453898274282892e-08,6.099670645198785e-05,0.0001473131269449368,0.0002776620676741004
C:\Projects\TM470\data\processed\test\Boletus\0944_uchnyCbCU8o.jpg,Boletus/0944_uchnyCbCU8o.jpg,Boletus,Amanita,False,0.6735394597053528,0.0025010999961523,BaselineCNN,test,0.00046265643322840333,0.6735394597053528,0.3188425898551941,0.005113527178764343,0.0002402710379101336,2.4952241801656783e-06,1.2376422091620043e-05,2.9164450552343624e-06,0.0004627116140909493,0.0013202318223193288,7.127459298317262e-07
C:\Projects\TM470\data\processed\test\Boletus\0951_12IsIr7KDL0.jpg,Boletus/0951_12IsIr7KDL0.jpg,Boletus,Boletus,True,0.9999995231628418,0.0029623000009451,BaselineCNN,test,2.660765704987078e-12,1.7951943220850808e-07,0.9999995231628418,2.8082497265102813e-12,1.0275638846757307e-11,2.871425544626521e-16,7.375229712971304e-14,7.879146987632701e-12,2.1721253062878532e-07,2.2516478265233175e-11,1.8599736195668015e-09
C:\Projects\TM470\data\processed\test\Boletus\0953_JtmTQxMa4yM.jpg,Boletus/0953_JtmTQxMa4yM.jpg,Boletus,Russula,False,0.6613568663597107,0.0029434999887598,BaselineCNN,test,0.0005163761670701206,0.014939410611987114,0.14176908135414124,0.015020903199911118,2.3005413822829723e-05,5.088720627099974e-06,0.00211740261875093,0.0003266834537498653,0.06618291139602661,0.6613568663597107,0.09774216264486313
C:\Projects\TM470\data\processed\test\Boletus\0954_UdQ21bvT_YM.jpg,Boletus/0954_UdQ21bvT_YM.jpg,Boletus,Boletus,True,0.6121288537979126,0.0026290000096196,BaselineCNN,test,0.0004885641392320395,0.3352523148059845,0.6121288537979126,0.004528492223471403,0.0377870611846447,0.000294651574222371,2.6194396923528984e-05,0.0034434974659234285,0.004069081973284483,0.0018389452015981078,0.00014232720423024148
C:\Projects\TM470\data\processed\test\Boletus\0974_ZIsylb_w8NE.jpg,Boletus/0974_ZIsylb_w8NE.jpg,Boletus,Boletus,True,0.5982125997543335,0.0026257999998051,BaselineCNN,test,1.7403264385151829e-09,0.004623254295438528,0.5982125997543335,0.011651935055851936,0.38358864188194275,5.822352250106633e-06,3.163379233228625e-06,1.2853161024395376e-05,0.00046103450586088,2.452178478051792e-07,0.0014404449611902237
C:\Projects\TM470\data\processed\test\Boletus\0981_Q5GmJS_vei8.jpg,Boletus/0981_Q5GmJS_vei8.jpg,Boletus,Boletus,True,0.9995813965797424,0.0025956000026781,BaselineCNN,test,1.474839174397946e-11,3.3059117754419276e-07,0.9995813965797424,8.08210472769133e-07,5.182745553611312e-06,4.898719453194644e-06,1.7981918037923705e-11,0.0004008771211374551,6.451347871916369e-06,3.2957119672216706e-11,4.949380461027886e-09
C:\Projects\TM470\data\processed\test\Boletus\0987_JvKLOKW8WFA.jpg,Boletus/0987_JvKLOKW8WFA.jpg,Boletus,Boletus,True,0.9996169805526733,0.0029230999934952,BaselineCNN,test,2.6503479411132957e-09,1.6594412954873405e-05,0.9996169805526733,0.00024760462110862136,2.4046796553989225e-08,8.028275093330262e-12,4.4964767766941804e-06,1.1803670219023843e-07,2.080091871903278e-05,4.849799006478861e-05,4.4787309889215976e-05
C:\Projects\TM470\data\processed\test\Boletus\0988_R0RNuJ8IqBI.jpg,Boletus/0988_R0RNuJ8IqBI.jpg,Boletus,Cortinarius,False,0.4188062846660614,0.0025930000119842,BaselineCNN,test,1.551440362845824e-07,3.979359007644234e-06,0.3515411615371704,0.4188062846660614,5.386557859310415e-06,2.4023641409520735e-10,0.001419584034010768,1.356523995355019e-07,0.1297154575586319,0.00012797163799405098,0.09837988018989563
C:\Projects\TM470\data\processed\test\Boletus\1021_SyO8BpGSVjw.jpg,Boletus/1021_SyO8BpGSVjw.jpg,Boletus,Lactarius,False,0.43989381194114685,0.0026465999981155,BaselineCNN,test,4.361629908089526e-05,0.0014249711530283093,0.21151785552501678,0.3282358944416046,0.00017939964891411364,5.49890046386281e-06,0.010638438165187836,0.005384309682995081,0.43989381194114685,0.0007348713115788996,0.0019413421396166086
C:\Projects\TM470\data\processed\test\Boletus\1032_tYL581WPzXU.jpg,Boletus/1032_tYL581WPzXU.jpg,Boletus,Boletus,True,0.9994677901268005,0.00295150000602,BaselineCNN,test,7.607588372593455e-07,0.0003351245541125536,0.9994677901268005,7.036610895738704e-06,1.424633137503406e-05,2.2499216711935333e-08,2.5289605218858924e-06,8.013832939468557e-07,0.0001449774717912078,2.4387976083062313e-09,2.6644325771485455e-05
C:\Projects\TM470\data\processed\test\Boletus\1036_4kWl9z7sQIY.jpg,Boletus/1036_4kWl9z7sQIY.jpg,Boletus,Inocybe,False,0.9999328851699829,0.0024284999963128,BaselineCNN,test,1.0697176609332721e-17,1.2272825434073853e-20,6.087341535021551e-05,7.165238454648337e-12,3.4196116361530094e-17,2.0186548830083972e-13,6.267204753385158e-06,0.9999328851699829,5.990845597381167e-09,2.5386843743467526e-15,1.624061670736643e-14
C:\Projects\TM470\data\processed\test\Boletus\1040_i_rg9l4rqjw.jpg,Boletus/1040_i_rg9l4rqjw.jpg,Boletus,Boletus,True,0.9987032413482666,0.0030043000006116,BaselineCNN,test,3.7740170455435873e-07,0.0010934731690213084,0.9987032413482666,1.7148603319583344e-06,1.8358310427402103e-08,6.587336232044549e-10,4.715065244909056e-07,5.636987339130428e-07,0.00019851699471473694,2.313790936625537e-08,1.533134081910248e-06
C:\Projects\TM470\data\processed\test\Boletus\1051_Q0ltVKrZhcQ.jpg,Boletus/1051_Q0ltVKrZhcQ.jpg,Boletus,Boletus,True,0.9746882915496826,0.0026366000092821,BaselineCNN,test,1.0856806511583272e-05,0.025138750672340393,0.9746882915496826,2.855975708371261e-06,3.3104285535046074e-08,5.7786728291375766e-08,1.0642968817364817e-07,3.0216750701583805e-07,0.0001576857321197167,8.408725307162968e-07,2.171583872723204e-07
C:\Projects\TM470\data\processed\test\Boletus\1055_1FFlybCSCAU.jpg,Boletus/1055_1FFlybCSCAU.jpg,Boletus,Boletus,True,0.9776436686515808,0.0029680000006919,BaselineCNN,test,2.1750255996266787e-07,0.021432379260659218,0.9776436686515808,2.5206256395904347e-05,1.194641163770882e-09,0.00014950608601793647,0.0001547894935356453,3.936628672818188e-06,0.0004828805977012962,5.6516705626563635e-06,0.00010178505181102082
C:\Projects\TM470\data\processed\test\Boletus\1057_Y7n8VqlTW3g.jpg,Boletus/1057_Y7n8VqlTW3g.jpg,Boletus,Boletus,True,0.9999747276306152,0.0029858999914722,BaselineCNN,test,2.541752641693762e-10,5.485745635525063e-09,0.9999747276306152,6.1133391682233196e-09,5.507628131340425e-08,3.81538758920108e-11,3.087370853763205e-13,2.4315053451573476e-05,2.470739168813907e-08,8.13589281278837e-07,3.3533223420256775e-10
C:\Projects\TM470\data\processed\test\Boletus\1065_eMY4Zsr_msU.jpg,Boletus/1065_eMY4Zsr_msU.jpg,Boletus,Lactarius,False,0.848929762840271,0.0025507999962428,BaselineCNN,test,0.00036114230169914663,0.005524760112166405,0.04938727989792824,0.014650910161435604,2.8827047572121955e-05,0.0017604423919692636,0.01225760206580162,0.034468647092580795,0.848929762840271,0.006296859588474035,0.0263337604701519
C:\Projects\TM470\data\processed\test\Boletus\1077_JAOBSnuV9zc.jpg,Boletus/1077_JAOBSnuV9zc.jpg,Boletus,Boletus,True,0.9144178628921509,0.0026408999983686,BaselineCNN,test,5.977712103089061e-09,6.616693281102926e-05,0.9144178628921509,0.005798142869025469,3.689669654249883e-07,1.2671620419624219e-09,2.4996692445711233e-05,9.952972277460503e-07,0.044171638786792755,3.083213960053399e-05,0.03548911586403847
C:\Projects\TM470\data\processed\test\Boletus\1081_S9BZwG4wmiU.jpg,Boletus/1081_S9BZwG4wmiU.jpg,Boletus,Suillus,False,0.5588433742523193,0.0025650000025052,BaselineCNN,test,1.8230241494165966e-07,2.30545495583101e-07,0.3910725712776184,0.009938317351043224,1.7326030501862988e-05,4.738008101412561e-07,0.003231548238545656,0.0016721140127629042,0.035001203417778015,0.00022265189909376204,0.5588433742523193
C:\Projects\TM470\data\processed\test\Boletus\1086_9A85NgFJxzc.jpg,Boletus/1086_9A85NgFJxzc.jpg,Boletus,Boletus,True,1.0,0.0029088000010233,BaselineCNN,test,4.3042061415800644e-19,3.810235460477429e-10,1.0,2.7117499357132147e-09,9.851443216746247e-09,2.0905374653601427e-11,4.3674601653251907e-16,3.488083845197554e-13,1.6245815359638982e-08,4.764385839518305e-15,1.4001747894801242e-12
C:\Projects\TM470\data\processed\test\Boletus\1087_POSIDmOc7AE.jpg,Boletus/1087_POSIDmOc7AE.jpg,Boletus,Boletus,True,0.993089497089386,0.0029408000118564,BaselineCNN,test,2.3593162040924653e-05,0.005523080937564373,0.993089497089386,7.680676935706288e-05,4.029792034998536e-05,1.346698326187834e-07,0.0002103304723277688,0.00015172423445619643,0.00013108605344314128,8.285141666419804e-05,0.0006705448031425476
C:\Projects\TM470\data\processed\test\Boletus\1095_fb3O6d7sRfw.jpg,Boletus/1095_fb3O6d7sRfw.jpg,Boletus,Entoloma,False,0.7783822417259216,0.0025788999919313,BaselineCNN,test,6.020587170496583e-05,0.0016648067394271493,0.0004067791160196066,0.11651337891817093,0.7783822417259216,0.005848914384841919,0.03316714987158775,0.0020316140726208687,0.04309976473450661,0.018174678087234497,0.0006504656048491597
C:\Projects\TM470\data\processed\test\Cortinarius\032_RaRNWCMOeJY.jpg,Cortinarius/032_RaRNWCMOeJY.jpg,Cortinarius,Hygrocybe,False,0.9716929793357849,0.002882300002966,BaselineCNN,test,8.300282128281822e-10,0.00012432431685738266,0.002260546898469329,0.005482018459588289,9.467769996263087e-05,1.4520589957101038e-06,0.9716929793357849,0.0017187208868563175,0.0011848773574456573,1.8864009234675905e-06,0.01743859238922596
C:\Projects\TM470\data\processed\test\Cortinarius\034_uFEs0KR55hA.jpg,Cortinarius/034_uFEs0KR55hA.jpg,Cortinarius,Boletus,False,0.9993213415145874,0.0025745999882929,BaselineCNN,test,1.899373436309304e-10,8.979231438388524e-07,0.9993213415145874,0.0006190221756696701,4.594849389860656e-09,8.591843680960665e-09,3.997600828142822e-08,5.80092855670955e-05,2.5937143277587893e-07,4.695338304827601e-07,3.358832501021425e-08
C:\Projects\TM470\data\processed\test\Cortinarius\047_a4t7zntIs3E.jpg,Cortinarius/047_a4t7zntIs3E.jpg,Cortinarius,Russula,False,0.6101484894752502,0.0025426000065635,BaselineCNN,test,0.003114528488367796,0.006762663833796978,0.06402193009853363,0.031119029968976974,0.043835368007421494,2.263479655084666e-05,0.0011283468920737505,0.0005139839486218989,0.23904824256896973,0.6101484894752502,0.00028476479928940535
C:\Projects\TM470\data\processed\test\Cortinarius\051_BcBgKIXkPFY.jpg,Cortinarius/051_BcBgKIXkPFY.jpg,Cortinarius,Cortinarius,True,0.9920434355735779,0.0029248000064399,BaselineCNN,test,0.0004998986260034144,0.0024876934476196766,2.5088566779629673e-09,0.9920434355735779,0.00010438101162435487,1.2414817319950089e-05,1.5500999595019493e-08,3.6762602917406184e-07,0.003912877291440964,0.0009388809558004141,9.291341029893374e-09
C:\Projects\TM470\data\processed\test\Cortinarius\062_lU35GQ80D6k.jpg,Cortinarius/062_lU35GQ80D6k.jpg,Cortinarius,Inocybe,False,0.5832374691963196,0.0026038000069092,BaselineCNN,test,5.061512274551205e-05,0.049652524292469025,0.0024540452286601067,0.12526707351207733,0.0601726733148098,0.17684462666511536,2.1277337225455994e-07,0.5832374691963196,5.984263407299295e-05,0.0022602668032050133,5.591480203293031e-07
C:\Projects\TM470\data\processed\test\Cortinarius\068_eKtLmKWRhYQ.jpg,Cortinarius/068_eKtLmKWRhYQ.jpg,Cortinarius,Cortinarius,True,0.9388021230697632,0.0029478999931598,BaselineCNN,test,2.7541960662347265e-05,0.0027264736127108335,3.587976607377641e-06,0.9388021230697632,7.752461897325702e-06,1.585273162740819e-10,0.00030306115513667464,0.014045234769582748,1.839906326495111e-05,0.04395054653286934,0.00011529447510838509
C:\Projects\TM470\data\processed\test\Cortinarius\074_QZm5I2faj7M.jpg,Cortinarius/074_QZm5I2faj7M.jpg,Cortinarius,Boletus,False,0.9109917879104614,0.0026116000080946,BaselineCNN,test,6.459993073804071e-06,0.0010975957848131657,0.9109917879104614,0.026046765968203545,1.8259317585034296e-05,9.563775466014945e-11,0.0026825449895113707,1.3080475582682993e-06,0.001072051003575325,0.034158606082201004,0.023924700915813446
C:\Projects\TM470\data\processed\test\Cortinarius\082_igjSlbVXbAs.jpg,Cortinarius/082_igjSlbVXbAs.jpg,Cortinarius,Exidia,False,0.3850613534450531,0.0027487999905133,BaselineCNN,test,0.16344821453094482,0.060019832104444504,0.0011963259894400835,0.27400660514831543,0.016661306843161583,0.3850613534450531,0.0012830053456127644,0.0178066398948431,0.036758746951818466,0.042778026312589645,0.0009799432009458542
C:\Projects\TM470\data\processed\test\Cortinarius\083_Fx67B3DmN3Y.jpg,Cortinarius/083_Fx67B3DmN3Y.jpg,Cortinarius,Cortinarius,True,0.9628295302391052,0.0029409999988274,BaselineCNN,test,0.000191458486369811,0.028625505045056343,9.000046041762744e-09,0.9628295302391052,0.0015550634125247598,2.7857637974193494e-07,0.005699165165424347,3.6108976928517222e-06,0.0005089002661406994,0.0004649462935049087,0.00012155898002674803
C:\Projects\TM470\data\processed\test\Cortinarius\089_pSC0tp3Vin8.jpg,Cortinarius/089_pSC0tp3Vin8.jpg,Cortinarius,Russula,False,0.4266303479671478,0.0025708000030135,BaselineCNN,test,0.07583795487880707,0.10818509012460709,0.001079560024663806,0.032234933227300644,0.1352209895849228,0.000976696377620101,0.003908212762326002,0.13260257244110107,0.021935809403657913,0.4266303479671478,0.06138788163661957
C:\Projects\TM470\data\processed\test\Cortinarius\092_TIq_EZUYHvE.jpg,Cortinarius/092_TIq_EZUYHvE.jpg,Cortinarius,Cortinarius,True,0.9995447993278503,0.0029466000123647,BaselineCNN,test,1.9159186737116585e-10,3.804178305699679e-08,1.6793353374566777e-09,0.9995447993278503,6.132677299319766e-08,1.1373642028189579e-09,8.221139324859905e-08,5.627722288181758e-09,0.00045485160080716014,1.2639316082641017e-07,5.872184405397718e-10
C:\Projects\TM470\data\processed\test\Cortinarius\098_9sdVyNK9pSI.jpg,Cortinarius/098_9sdVyNK9pSI.jpg,Cortinarius,Hygrocybe,False,0.9738239645957947,0.0026792999997269,BaselineCNN,test,1.4230985279084507e-09,0.0029306774958968163,0.0007879090262576938,0.02125956118106842,3.741204182006186e-07,1.3344440503715305e-06,0.9738239645957947,6.265906267799437e-05,2.455716639815364e-05,1.0589888006506953e-06,0.0011078899260610342
C:\Projects\TM470\data\processed\test\Cortinarius\106_zDyFzio3OcI.jpg,Cortinarius/106_zDyFzio3OcI.jpg,Cortinarius,Cortinarius,True,0.9021131992340088,0.0025451999972574,BaselineCNN,test,2.1682282635993033e-09,1.9072314898949116e-05,0.004388408735394478,0.9021131992340088,1.2458542641979875e-06,6.701760923988331e-09,0.07336835563182831,9.373471402795985e-05,0.006292004603892565,0.00015856738900765777,0.013565311208367348
C:\Projects\TM470\data\processed\test\Cortinarius\120_6i3qL8_7_cU.jpg,Cortinarius/120_6i3qL8_7_cU.jpg,Cortinarius,Cortinarius,True,0.5628626346588135,0.002904099994339,BaselineCNN,test,4.697123756614019e-07,8.052866746766085e-07,0.0008267482044175267,0.5628626346588135,1.5871203231654363e-06,5.614385401031541e-09,0.4344538152217865,1.600254290679004e-05,0.0007093569147400558,8.769949090492446e-06,0.0011198455467820168
C:\Projects\TM470\data\processed\test\Cortinarius\139_Sa-XUtLlV4s.jpg,Cortinarius/139_Sa-XUtLlV4s.jpg,Cortinarius,Suillus,False,0.5078558325767517,0.0025716000091051,BaselineCNN,test,6.446991829278659e-09,1.2207535291963723e-05,0.49165794253349304,8.95987541298382e-05,8.83750572722164e-10,7.844472142172487e-13,3.1865035907685524e-06,1.4987133454269497e-06,0.00037967294338159263,3.1048166704295e-08,0.5078558325767517
C:\Projects\TM470\data\processed\test\Cortinarius\142_UT29eeWW32A.jpg,Cortinarius/142_UT29eeWW32A.jpg,Cortinarius,Suillus,False,0.5003518462181091,0.0027078999992227,BaselineCNN,test,0.006378015968948603,0.03232723847031593,0.11069396138191223,0.0138752032071352,0.00968425814062357,0.021828806027770042,0.12868407368659973,0.0040734680369496346,0.15043574571609497,0.021667342633008957,0.5003518462181091
C:\Projects\TM470\data\processed\test\Cortinarius\143_SrOlFvP1n9w.jpg,Cortinarius/143_SrOlFvP1n9w.jpg,Cortinarius,Inocybe,False,0.5073849558830261,0.0025638000079197,BaselineCNN,test,0.00033157685538753867,0.03902290761470795,0.14574694633483887,0.015628641471266747,0.0003260866506025195,0.014297313056886196,0.22122573852539062,0.5073849558830261,0.00812132190912962,0.018364964053034782,0.029549559578299522
C:\Projects\TM470\data\processed\test\Cortinarius\146_N9FJKoJghDQ.jpg,Cortinarius/146_N9FJKoJghDQ.jpg,Cortinarius,Boletus,False,0.47573351860046387,0.0026349000108893,BaselineCNN,test,2.612007847346831e-05,8.193272515200078e-05,0.47573351860046387,0.20048272609710693,0.00010143881081603467,0.0036534308455884457,0.0004761730961035937,0.020561497658491135,0.29528847336769104,0.00033292651642113924,0.0032618134282529354
C:\Projects\TM470\data\processed\test\Cortinarius\147_gh5SUGxwpmg.jpg,Cortinarius/147_gh5SUGxwpmg.jpg,Cortinarius,Suillus,False,0.6158475875854492,0.0026024999970104,BaselineCNN,test,3.6796350855183846e-07,1.316992438660236e-05,0.09278372675180435,0.25627535581588745,2.726879555492445e-10,1.1035724556407445e-09,0.0011536465026438236,0.0011016106000170112,0.032823797315359116,7.634807275280764e-07,0.6158475875854492
C:\Projects\TM470\data\processed\test\Cortinarius\148_NRYh_CNOe0Q.jpg,Cortinarius/148_NRYh_CNOe0Q.jpg,Cortinarius,Cortinarius,True,0.923482358455658,0.0028884000057587,BaselineCNN,test,9.088973462745287e-10,0.0003137184539809823,0.012108215130865574,0.923482358455658,0.00021701824152842164,5.6164392248092554e-08,0.05733105167746544,8.181353223335464e-06,0.006366460118442774,1.2964282177563291e-05,0.0001600489777047187
C:\Projects\TM470\data\processed\test\Cortinarius\162_vx8DyMaDNbY.jpg,Cortinarius/162_vx8DyMaDNbY.jpg,Cortinarius,Cortinarius,True,0.9947475790977478,0.0028805000038119,BaselineCNN,test,1.535505873562215e-07,0.00014212375390343368,0.001794614945538342,0.9947475790977478,0.0008310471894219518,2.5430877030885313e-06,0.001243018894456327,0.000720381096471101,0.00012046435585943982,1.2260048833923065e-06,0.00039688614197075367
C:\Projects\TM470\data\processed\test\Cortinarius\172_RQpuklei93E.jpg,Cortinarius/172_RQpuklei93E.jpg,Cortinarius,Russula,False,0.8632731437683105,0.002657499993802,BaselineCNN,test,0.002508706646040082,0.00015702826203778386,0.012397313490509987,0.013989860191941261,6.707975899189478e-06,6.064639068714683e-11,7.812934927642345e-05,4.630363592550424e-10,0.10521859675645828,0.8632731437683105,0.0023705034982413054
C:\Projects\TM470\data\processed\test\Cortinarius\173_OBw2ytszKxo.jpg,Cortinarius/173_OBw2ytszKxo.jpg,Cortinarius,Cortinarius,True,0.9720944166183472,0.0029446999978972,BaselineCNN,test,0.009629417210817337,1.2035684449074324e-06,9.706805137454921e-09,0.9720944166183472,1.8915496866611647e-06,1.638989175489769e-07,3.8823054637759924e-07,4.202916898066178e-05,0.0002895875368267298,0.017885902896523476,5.4895626817597076e-05
C:\Projects\TM470\data\processed\test\Cortinarius\178_xHtAXzZPN-s.jpg,Cortinarius/178_xHtAXzZPN-s.jpg,Cortinarius,Cortinarius,True,0.43272411823272705,0.0025759999989531,BaselineCNN,test,0.00012349541066214442,0.0009098911541514099,0.3887893259525299,0.43272411823272705,0.027405735105276108,2.1069383365102112e-05,0.05956760048866272,0.010033478029072285,0.07047240436077118,0.0005138296401128173,0.009439006447792053
C:\Projects\TM470\data\processed\test\Cortinarius\182_kJh0aAaK590.jpg,Cortinarius/182_kJh0aAaK590.jpg,Cortinarius,Boletus,False,0.8469279408454895,0.0025913000135915,BaselineCNN,test,3.4340457144566017e-09,2.978268867082079e-07,0.8469279408454895,0.0018310931045562029,1.9506981630001974e-07,5.5973007478948844e-11,9.430387763131876e-06,2.8244861027815205e-07,0.12565790116786957,1.4607038565372932e-06,0.025571338832378387
C:\Projects\TM470\data\processed\test\Cortinarius\185_OXwIsNfGrwY.jpg,Cortinarius/185_OXwIsNfGrwY.jpg,Cortinarius,Boletus,False,0.8645269870758057,0.0026885999977821,BaselineCNN,test,6.366965681081638e-05,0.0030534069519490004,0.8645269870758057,0.10578678548336029,1.8600816247271723e-06,7.673093023186084e-07,0.01313191931694746,0.00011983208969468251,0.0005127812037244439,0.01274978555738926,5.223426705924794e-05
C:\Projects\TM470\data\processed\test\Cortinarius\192_TskFa7fOkRc.jpg,Cortinarius/192_TskFa7fOkRc.jpg,Cortinarius,Lactarius,False,0.5092360973358154,0.0025431999965803,BaselineCNN,test,0.1691741943359375,0.00023893322213552892,0.19113759696483612,0.0005880169337615371,0.001111160614527762,0.001144446199759841,1.0806456884893123e-06,0.12089609354734421,0.5092360973358154,0.0064385198056697845,3.386377284186892e-05
C:\Projects\TM470\data\processed\test\Cortinarius\195_lD8h4PCMaUY.jpg,Cortinarius/195_lD8h4PCMaUY.jpg,Cortinarius,Russula,False,0.6372066140174866,0.0026254999975208,BaselineCNN,test,2.400680099157171e-09,6.015881081111729e-05,1.2277622829515167e-07,0.36240312457084656,2.4817342847427426e-08,7.736429633855776e-14,9.460180081077851e-06,5.450877083035266e-09,0.00030709386919625103,0.6372066140174866,1.333867749053752e-05
C:\Projects\TM470\data\processed\test\Cortinarius\207_zmoZZTV0lLI.jpg,Cortinarius/207_zmoZZTV0lLI.jpg,Cortinarius,Cortinarius,True,0.751074492931366,0.0025832000101218,BaselineCNN,test,0.00025917033781297505,0.0011571123031899333,1.967570550931441e-09,0.751074492931366,0.0001198439349536784,3.605668281309038e-12,0.0001734039542498067,5.8956215070793405e-05,0.00042323971865698695,0.24539418518543243,0.0013397223083302379
C:\Projects\TM470\data\processed\test\Cortinarius\224_mLlKvEsrEcA.jpg,Cortinarius/224_mLlKvEsrEcA.jpg,Cortinarius,Boletus,False,0.6201552748680115,0.0025904000067384,BaselineCNN,test,0.02341792732477188,0.001614525681361556,0.6201552748680115,0.032985422760248184,1.4417383681575302e-05,1.6849805513537153e-13,0.00022764217283111066,7.888528443800169e-07,0.014482787810266018,0.163962259888649,0.14313898980617523
C:\Projects\TM470\data\processed\test\Cortinarius\232_jKdR7Qgq_BY.jpg,Cortinarius/232_jKdR7Qgq_BY.jpg,Cortinarius,Cortinarius,True,0.8852714896202087,0.0026063999976031,BaselineCNN,test,1.2483743205837783e-10,5.690462057827972e-05,0.0025407536886632442,0.8852714896202087,2.7528089049155824e-05,1.1529543542110332e-08,0.10997609049081802,0.0012644306989386678,6.95100097800605e-05,5.419379363047483e-07,0.0007928607519716024
C:\Projects\TM470\data\processed\test\Cortinarius\240_aJldHbs2JsE.jpg,Cortinarius/240_aJldHbs2JsE.jpg,Cortinarius,Cortinarius,True,0.6073258519172668,0.0026072000036947,BaselineCNN,test,4.368447270586273e-10,9.155638690572232e-05,1.9695406081154943e-05,0.6073258519172668,4.1054484256619617e-08,1.4111501966951323e-09,0.11358340084552765,2.1999594537192024e-05,0.18275296688079834,6.27647023065947e-06,0.09619826078414917
C:\Projects\TM470\data\processed\test\Cortinarius\256_TpoM3eWkf6g.jpg,Cortinarius/256_TpoM3eWkf6g.jpg,Cortinarius,Lactarius,False,0.8307157754898071,0.0029367000097408,BaselineCNN,test,0.00026356923626735806,0.00015008615446276963,0.16545920073986053,0.00022550957510247827,8.449144661426544e-05,0.0005947729805484414,6.467782077379525e-05,9.711309394333512e-05,0.8307157754898071,0.0004978320794180036,0.0018469118513166904
C:\Projects\TM470\data\processed\test\Cortinarius\274_RW-zkr4BQmM.jpg,Cortinarius/274_RW-zkr4BQmM.jpg,Cortinarius,Entoloma,False,0.7979559898376465,0.0025268000026699,BaselineCNN,test,0.0017099229153245687,0.062099892646074295,2.865379258309986e-07,0.021238241344690323,0.7979559898376465,2.164709371754725e-07,0.06542067974805832,0.04102735221385956,0.00870447512716055,0.0011290477123111486,0.000713952467776835
C:\Projects\TM470\data\processed\test\Cortinarius\277_2vcjLHvzssg.jpg,Cortinarius/277_2vcjLHvzssg.jpg,Cortinarius,Suillus,False,0.5011438131332397,0.0049890999944182,BaselineCNN,test,0.00013327204214874655,0.012729261070489883,0.03780118003487587,0.33133459091186523,0.0002383472165092826,3.947626225908607e-07,0.0030684159137308598,0.0006544596399180591,0.07760445773601532,0.03529183194041252,0.5011438131332397
C:\Projects\TM470\data\processed\test\Cortinarius\285_ALSLuAGLn64.jpg,Cortinarius/285_ALSLuAGLn64.jpg,Cortinarius,Cortinarius,True,0.9885319471359253,0.0029730000096606,BaselineCNN,test,1.5888865164015442e-05,0.0014375546015799046,8.460526146336633e-08,0.9885319471359253,9.339080619952256e-09,3.436027296022104e-10,0.0015043240273371339,1.1343277037667576e-05,0.0005274664144963026,0.006567635107785463,0.0014038586523383856
C:\Projects\TM470\data\processed\test\Cortinarius\301_BY2YjnDmmdc.jpg,Cortinarius/301_BY2YjnDmmdc.jpg,Cortinarius,Inocybe,False,0.564106285572052,0.002582799992524,BaselineCNN,test,0.006877219770103693,6.541671609738842e-06,1.2379030067677377e-06,0.00048194389091804624,0.012296357192099094,1.8263519905303838e-06,2.366772555717489e-08,0.564106285572052,0.41407525539398193,0.002153226174414158,3.4518734537414275e-08
C:\Projects\TM470\data\processed\test\Cortinarius\312_Kv_3xHcyVUE.jpg,Cortinarius/312_Kv_3xHcyVUE.jpg,Cortinarius,Amanita,False,0.9505342245101929,0.0029540999967139,BaselineCNN,test,3.6703637091434205e-13,0.9505342245101929,0.006602329667657614,0.0015340755926445127,0.034984711557626724,0.006337912753224373,4.4552647682216673e-10,1.3875581572619922e-08,6.609659067180473e-06,1.6692269921435472e-14,2.911639462865878e-08
C:\Projects\TM470\data\processed\test\Cortinarius\321_EgWJ7bpjCxM.jpg,Cortinarius/321_EgWJ7bpjCxM.jpg,Cortinarius,Cortinarius,True,0.5706424117088318,0.0026324999926146,BaselineCNN,test,0.004140326287597418,0.015582905150949955,2.7545291914066183e-07,0.5706424117088318,0.38991016149520874,7.933434176266019e-07,3.907433381300507e-07,0.00449922401458025,0.00013428991951514035,0.014631237834692001,0.00045799720101058483
C:\Projects\TM470\data\processed\test\Cortinarius\328_qxWZEmWaodk.jpg,Cortinarius/328_qxWZEmWaodk.jpg,Cortinarius,Amanita,False,0.9620215892791748,0.0028507000097306,BaselineCNN,test,3.300584250354177e-09,0.9620215892791748,0.0031643863767385483,0.0003496992285363376,4.597320730681531e-05,0.0011206415947526693,0.023182904347777367,8.942055865190923e-05,0.009650222025811672,3.0546309517376358e-06,0.0003720505628734827
C:\Projects\TM470\data\processed\test\Cortinarius\337_ohrbRKjnZkA.jpg,Cortinarius/337_ohrbRKjnZkA.jpg,Cortinarius,Russula,False,0.9907653331756592,0.0025458000018261,BaselineCNN,test,2.0840438708091824e-07,0.0003600287018343806,0.0002894072385970503,0.0005022539407946169,6.224642561392102e-07,1.2498051482623396e-08,0.007642274722456932,9.939838037098525e-07,0.0004218051035422832,0.9907653331756592,1.708091440377757e-05
C:\Projects\TM470\data\processed\test\Cortinarius\342_3kBE30sLBPk.jpg,Cortinarius/342_3kBE30sLBPk.jpg,Cortinarius,Russula,False,0.5932099223136902,0.0028800000000046,BaselineCNN,test,0.02315184287726879,0.012424842454493046,0.011430129408836365,0.2277860939502716,0.01337014976888895,0.0030882065184414387,0.0003122538619209081,0.009482343681156635,0.10484683513641357,0.5932099223136902,0.0008973823860287666
C:\Projects\TM470\data\processed\test\Cortinarius\343_YY4qxL--3lE.jpg,Cortinarius/343_YY4qxL--3lE.jpg,Cortinarius,Russula,False,0.5048672556877136,0.0029804999940097,BaselineCNN,test,0.00602591410279274,0.20891839265823364,0.015392941422760487,0.08480387181043625,0.11363954097032547,0.010331890545785427,0.0036716144531965256,0.01698894612491131,0.02457212656736374,0.5048672556877136,0.010787452571094036
C:\Projects\TM470\data\processed\test\Cortinarius\344_AKEJiWrKVfA.jpg,Cortinarius/344_AKEJiWrKVfA.jpg,Cortinarius,Cortinarius,True,0.992487907409668,0.0026382999931229,BaselineCNN,test,5.241546752188242e-09,1.1704403668488794e-08,1.3689584932308207e-07,0.992487907409668,0.0002217759465565905,6.302340125330375e-07,7.098013554696081e-08,2.0339061848062556e-06,0.007286470849066973,8.321468953909061e-07,2.104623035847908e-07
C:\Projects\TM470\data\processed\test\Cortinarius\349_BG4jbNRDzCI.jpg,Cortinarius/349_BG4jbNRDzCI.jpg,Cortinarius,Amanita,False,0.6005817651748657,0.0026570000045467,BaselineCNN,test,0.32576984167099,0.6005817651748657,1.7951093468582258e-05,0.0007163949776440859,1.7842252475475107e-07,1.7899661770570674e-06,8.243670208685216e-07,0.00013999557995703071,0.07268675416707993,7.951560837682337e-05,4.955801159667317e-06
C:\Projects\TM470\data\processed\test\Cortinarius\353_qyVEsJs6eu8.jpg,Cortinarius/353_qyVEsJs6eu8.jpg,Cortinarius,Cortinarius,True,0.5336083769798279,0.0029809999978169,BaselineCNN,test,0.4322457015514374,0.01962381973862648,0.005492898169904947,0.5336083769798279,3.905097401002422e-05,0.001291958149522543,1.5294799595721997e-05,0.00015063543105497956,0.006497036200016737,0.0007633581408299506,0.0002717606839723885
C:\Projects\TM470\data\processed\test\Cortinarius\358_L8mvKvlrYDA.jpg,Cortinarius/358_L8mvKvlrYDA.jpg,Cortinarius,Cortinarius,True,0.6023499369621277,0.0026066999998874,BaselineCNN,test,0.00018538578297011554,0.0030812635086476803,0.0001331654202658683,0.6023499369621277,0.0019880239851772785,8.612010424258187e-05,3.442263914621435e-05,0.0007765878108330071,0.3890840411186218,0.0009921789169311523,0.001288842991925776
C:\Projects\TM470\data\processed\test\Cortinarius\360_QL0VQlt8Ke0.jpg,Cortinarius/360_QL0VQlt8Ke0.jpg,Cortinarius,Cortinarius,True,0.38441693782806396,0.0026394000014988,BaselineCNN,test,0.02233998104929924,0.051129940897226334,2.440971684336546e-06,0.38441693782806396,0.0020299642346799374,6.726036644977285e-06,0.0014505377039313316,0.027202174067497253,0.12317560613155365,0.3827888071537018,0.005456860177218914
C:\Projects\TM470\data\processed\test\Cortinarius\364_Xsj2f0KiCAk.jpg,Cortinarius/364_Xsj2f0KiCAk.jpg,Cortinarius,Lactarius,False,0.9035124182701111,0.0028568000125233,BaselineCNN,test,1.703110865491908e-05,4.700106273958227e-06,0.07461341470479965,0.003368386533111334,0.015494667924940586,2.665144052116375e-07,5.060425110059441e-07,0.00014684570487588644,0.9035124182701111,2.248226519441232e-05,0.002819317625835538
C:\Projects\TM470\data\processed\test\Cortinarius\381_IHHdqt43Ivk.jpg,Cortinarius/381_IHHdqt43Ivk.jpg,Cortinarius,Russula,False,0.8799535632133484,0.0025371000083396,BaselineCNN,test,0.06332560628652573,0.008759967982769012,0.002553619910031557,0.000871321011800319,1.2055431852786569e-06,9.16574492748623e-07,0.00012866406177636236,4.108460416318849e-06,0.03938323259353638,0.8799535632133484,0.005017827730625868
C:\Projects\TM470\data\processed\test\Cortinarius\384_NCKsip2esZ4.jpg,Cortinarius/384_NCKsip2esZ4.jpg,Cortinarius,Cortinarius,True,0.9957937002182007,0.0028925999940838,BaselineCNN,test,1.606797468411969e-06,0.0012415512464940548,7.533314487773168e-07,0.9957937002182007,0.0001380625180900097,7.517987343774735e-10,1.1137827868878958e-06,7.829871719877701e-06,7.813755655661225e-05,0.0002364300307817757,0.002500772476196289
C:\Projects\TM470\data\processed\test\Cortinarius\388_JTEy9_rTlno.jpg,Cortinarius/388_JTEy9_rTlno.jpg,Cortinarius,Boletus,False,0.640684962272644,0.0029587000026367,BaselineCNN,test,9.240069630322978e-06,9.545615853312484e-08,0.640684962272644,0.045606210827827454,9.163603635897744e-07,1.9251163507760793e-07,4.555809573503211e-05,3.835721145151183e-05,0.17039111256599426,0.12393087893724442,0.019292432814836502
C:\Projects\TM470\data\processed\test\Cortinarius\389_D8kTQu4sbro.jpg,Cortinarius/389_D8kTQu4sbro.jpg,Cortinarius,Boletus,False,0.9882092475891113,0.0029777999880025,BaselineCNN,test,1.3397296605432985e-08,6.409716775124252e-07,0.9882092475891113,1.8894920117418224e-07,6.697409844491631e-06,3.793983790328914e-12,2.1929979610035844e-08,2.7877744557258666e-10,0.01173459179699421,1.6132493101395085e-06,4.70622799184639e-05
C:\Projects\TM470\data\processed\test\Cortinarius\390_iQUMBiY-0qs.jpg,Cortinarius/390_iQUMBiY-0qs.jpg,Cortinarius,Lactarius,False,0.8462375402450562,0.002605699992273,BaselineCNN,test,0.009938158094882965,0.06776897609233856,0.0202039647847414,0.0053483545780181885,0.007234153803437948,4.6294695493998006e-05,0.00028617552015930414,0.0012903475435450673,0.8462375402450562,0.0012365271104499698,0.04040956869721413
C:\Projects\TM470\data\processed\test\Cortinarius\418_YUu8Eth7vC0.jpg,Cortinarius/418_YUu8Eth7vC0.jpg,Cortinarius,Lactarius,False,0.6403291821479797,0.0029460000077961,BaselineCNN,test,0.0004886223468929529,0.003497485537081957,0.2122168093919754,0.04484321177005768,0.004812217783182859,2.2070376815008785e-07,0.0006018910789862275,6.12850344623439e-05,0.6403291821479797,0.08772051334381104,0.0054286690428853035
C:\Projects\TM470\data\processed\test\Cortinarius\448_uo51r2lHNAw.jpg,Cortinarius/448_uo51r2lHNAw.jpg,Cortinarius,Lactarius,False,0.8409887552261353,0.0025873999984469,BaselineCNN,test,0.008144828490912914,1.9429278836469166e-05,2.134564783773385e-05,0.07327397912740707,0.055528152734041214,8.538328074791934e-06,0.012200453318655491,2.1412724890979007e-05,0.8409887552261353,0.001698214327916503,0.00809503998607397
C:\Projects\TM470\data\processed\test\Cortinarius\449_VlvWf0y620o.jpg,Cortinarius/449_VlvWf0y620o.jpg,Cortinarius,Exidia,False,0.9999998807907104,0.0026252000097883,BaselineCNN,test,1.0320633236915455e-09,1.1686404066679756e-09,4.448476431510341e-14,4.473198287474611e-12,4.0829952752119425e-09,0.9999998807907104,3.2431625744330783e-13,7.691978254342757e-08,5.346666252098453e-12,3.2124172211212e-09,1.7046818643156572e-15
C:\Projects\TM470\data\processed\test\Cortinarius\456_KDbq8QQJpF8.jpg,Cortinarius/456_KDbq8QQJpF8.jpg,Cortinarius,Boletus,False,0.6430817246437073,0.0030280000064522,BaselineCNN,test,2.686260086193215e-05,0.00021770529565401375,0.6430817246437073,0.05873703584074974,0.020782699808478355,0.00016951057477854192,0.03930903226137161,0.001137017272412777,0.14326557517051697,8.786488615442067e-05,0.09318500012159348
C:\Projects\TM470\data\processed\test\Cortinarius\460_-PS3Pqhfj28.jpg,Cortinarius/460_-PS3Pqhfj28.jpg,Cortinarius,Boletus,False,0.6704978346824646,0.0029543000127887,BaselineCNN,test,3.659838265779314e-10,2.544636004131462e-07,0.6704978346824646,0.22320683300495148,0.10404010862112045,1.8260873924091925e-09,0.00017998841940425336,1.32579263123489e-08,0.002060457831248641,1.3935572496848181e-05,5.268561835691798e-07
C:\Projects\TM470\data\processed\test\Cortinarius\461_FcGRZ9NIyZM.jpg,Cortinarius/461_FcGRZ9NIyZM.jpg,Cortinarius,Cortinarius,True,0.5068216919898987,0.0026336000009905,BaselineCNN,test,1.4900713722454384e-05,0.008800560608506203,0.0007445892551913857,0.5068216919898987,7.610949251102284e-05,0.00836941134184599,3.0153574082092405e-10,0.40907663106918335,0.006118592340499163,0.045926813036203384,0.01405071560293436
C:\Projects\TM470\data\processed\test\Cortinarius\466_M2i1qdSiRz4.jpg,Cortinarius/466_M2i1qdSiRz4.jpg,Cortinarius,Cortinarius,True,0.9999603033065796,0.002560099994298,BaselineCNN,test,1.155319694011686e-15,1.1829978663335794e-10,2.285667142132297e-05,0.9999603033065796,1.66921854543034e-05,2.441631098692998e-11,1.343489763883099e-09,6.288463083592433e-08,4.1062450661932814e-10,1.2745555479087844e-12,1.7286162735594135e-12
C:\Projects\TM470\data\processed\test\Cortinarius\467_LUja4xjFPG8.jpg,Cortinarius/467_LUja4xjFPG8.jpg,Cortinarius,Cortinarius,True,0.6827418208122253,0.0029216000111773,BaselineCNN,test,9.589901310391724e-06,0.001806754502467811,0.14635905623435974,0.6827418208122253,0.12271517515182495,0.0014488359447568655,0.0006884342874400318,0.00023365246306639165,0.006912520155310631,0.03512170910835266,0.0019624726846814156
C:\Projects\TM470\data\processed\test\Cortinarius\488_UhQdy3jXkc0.jpg,Cortinarius/488_UhQdy3jXkc0.jpg,Cortinarius,Russula,False,0.9567320942878723,0.0025238000089302,BaselineCNN,test,0.0012486513005569577,0.04038577154278755,0.00014070614997763187,0.00035179240512661636,0.00012988406524527818,5.384114501794102e-06,7.360153176705353e-06,0.0003416439867578447,0.00041009963024407625,0.9567320942878723,0.00024655330344103277
C:\Projects\TM470\data\processed\test\Cortinarius\496_KX8TxkeLLa4.jpg,Cortinarius/496_KX8TxkeLLa4.jpg,Cortinarius,Cortinarius,True,0.8471934795379639,0.0028545999957714,BaselineCNN,test,0.0001329134829575196,5.506896923179738e-05,5.333427179721184e-05,0.8471934795379639,0.050043199211359024,0.001663697068579495,0.0032214338425546885,0.04528491199016571,0.025524623692035675,0.019233277067542076,0.007594037335366011
C:\Projects\TM470\data\processed\test\Cortinarius\509_M0Gd8axTrw4.jpg,Cortinarius/509_M0Gd8axTrw4.jpg,Cortinarius,Cortinarius,True,0.8327789902687073,0.003018500006874,BaselineCNN,test,0.0010183148551732302,0.0001956221676664427,2.53314010478789e-06,0.8327789902687073,1.181355813173468e-07,1.6246744618045317e-12,4.094332325621508e-05,1.58375701175828e-06,0.00018404889851808548,0.10739323496818542,0.058384522795677185
C:\Projects\TM470\data\processed\test\Cortinarius\514_tv4keuWfvWE.jpg,Cortinarius/514_tv4keuWfvWE.jpg,Cortinarius,Cortinarius,True,0.8495057225227356,0.0028796999977203,BaselineCNN,test,0.0008386430563405156,4.237872053636238e-05,0.0003447531198617071,0.8495057225227356,7.949321343403426e-07,7.727286366332464e-09,1.4516123883367982e-05,3.759222090593539e-05,0.14422684907913208,0.0004120366647839546,0.0045768036507070065
C:\Projects\TM470\data\processed\test\Cortinarius\530_sEUUp5boweI.jpg,Cortinarius/530_sEUUp5boweI.jpg,Cortinarius,Cortinarius,True,0.7828847169876099,0.0026177999970968,BaselineCNN,test,3.969579509544019e-08,4.984220504411496e-05,0.11036800593137741,0.7828847169876099,0.00046252721222117543,5.036414063575023e-10,0.0033566546626389027,6.293153546721442e-06,0.09714913368225098,0.0018096218118444085,0.00391325494274497
C:\Projects\TM470\data\processed\test\Cortinarius\532_oIJibw1tz4Y.jpg,Cortinarius/532_oIJibw1tz4Y.jpg,Cortinarius,Hygrocybe,False,0.8448290824890137,0.0026035000046249,BaselineCNN,test,4.149230403704962e-10,9.942269389284775e-05,0.00011428115249145776,0.15341269969940186,1.6058592677836714e-07,1.3294617629000527e-09,0.8448290824890137,8.148568667820655e-06,0.0008755720918998122,1.931752558448352e-05,0.000641362217720598
C:\Projects\TM470\data\processed\test\Cortinarius\533_pNuBhaHhEmU.jpg,Cortinarius/533_pNuBhaHhEmU.jpg,Cortinarius,Cortinarius,True,0.9999443292617798,0.0028951999993296,BaselineCNN,test,2.1348347352054264e-13,6.313325556783767e-11,1.0256060534175049e-07,0.9999443292617798,3.526590219848913e-08,2.5366625914049513e-14,2.4721325644350145e-06,1.2314151831560594e-07,5.4942933758184154e-08,2.701463774901214e-10,5.293259528116323e-05
C:\Projects\TM470\data\processed\test\Cortinarius\547_fKznDHbWCkk.jpg,Cortinarius/547_fKznDHbWCkk.jpg,Cortinarius,Cortinarius,True,0.9295546412467957,0.0026119999965885,BaselineCNN,test,0.00027516012778505683,4.8460144171258435e-05,0.0002177199930883944,0.9295546412467957,0.004606891889125109,0.0011225348571315408,0.04638945311307907,0.015400714240968227,0.0005756157333962619,3.1228021271090256e-06,0.0018056906992569566
C:\Projects\TM470\data\processed\test\Cortinarius\551_APFbJ2vPcGw.jpg,Cortinarius/551_APFbJ2vPcGw.jpg,Cortinarius,Cortinarius,True,0.9770675897598267,0.0023979999969014,BaselineCNN,test,2.2537376480613602e-06,4.477997572394088e-05,1.1416839697631076e-05,0.9770675897598267,2.812991783951446e-10,2.189403769392584e-09,5.755206439062022e-05,7.208182069007307e-05,0.0009305934654548764,0.00017641860176809132,0.021637318655848503
C:\Projects\TM470\data\processed\test\Cortinarius\552_z4MK9UiOMoc.jpg,Cortinarius/552_z4MK9UiOMoc.jpg,Cortinarius,Boletus,False,0.9375108480453491,0.0029816000023856,BaselineCNN,test,0.0007836486911401153,0.0035827208776026964,0.9375108480453491,0.04158874228596687,0.007707283366471529,2.5951099047460957e-08,1.4945345583328162e-06,8.782731697465351e-07,0.0030382173135876656,0.004639185033738613,0.001147048664279282
C:\Projects\TM470\data\processed\test\Cortinarius\567_6O0QVMS6LE4.jpg,Cortinarius/567_6O0QVMS6LE4.jpg,Cortinarius,Cortinarius,True,0.412283718585968,0.0029807000100845,BaselineCNN,test,0.00016619342204649001,0.11375508457422256,0.00652072811499238,0.412283718585968,0.14649657905101776,8.659057493787259e-05,0.0536067895591259,0.002075321739539504,0.02156681753695011,0.0001665321469772607,0.24327565729618073
C:\Projects\TM470\data\processed\test\Cortinarius\574_xXwqpgn5Fls.jpg,Cortinarius/574_xXwqpgn5Fls.jpg,Cortinarius,Cortinarius,True,0.9859371781349182,0.0026016000047093,BaselineCNN,test,0.0001059011701727286,1.8346079286857275e-06,1.6748961115808925e-06,0.9859371781349182,0.0013511705910786986,1.201493210478688e-10,4.666885070037097e-05,1.4537205970555078e-05,0.0008376310579478741,0.006333793513476849,0.005369615741074085
C:\Projects\TM470\data\processed\test\Cortinarius\589_rgxUeggTwRk.jpg,Cortinarius/589_rgxUeggTwRk.jpg,Cortinarius,Russula,False,0.45930004119873047,0.0025804000033531,BaselineCNN,test,2.8295178253756603e-06,1.6447826055809855e-05,1.6411847575392713e-11,0.11097748577594757,8.581556903664023e-05,5.097201327686207e-09,0.42798301577568054,0.0005670313257724047,0.0009318857919424772,0.45930004119873047,0.0001354233390884474
C:\Projects\TM470\data\processed\test\Cortinarius\592_ZR3yzj9H31I.jpg,Cortinarius/592_ZR3yzj9H31I.jpg,Cortinarius,Russula,False,0.5407082438468933,0.0029436000040732,BaselineCNN,test,0.05144244059920311,2.4159882741514593e-05,0.000366514315828681,5.545445560528606e-07,1.779832281556537e-08,0.18885454535484314,4.224567917709976e-10,0.21860197186470032,6.178444209581357e-07,0.5407082438468933,8.981597261481511e-07
C:\Projects\TM470\data\processed\test\Cortinarius\593_VEBcqScsSLw.jpg,Cortinarius/593_VEBcqScsSLw.jpg,Cortinarius,Cortinarius,True,0.9371412396430969,0.0025940000050468,BaselineCNN,test,4.224299630095629e-07,0.00424359692260623,3.6482825294115173e-07,0.9371412396430969,1.3680779176183933e-08,1.0010776918534248e-07,2.731818682377707e-08,9.74912654783111e-06,0.05839522182941437,0.0001257777475984767,8.351640281034634e-05
C:\Projects\TM470\data\processed\test\Cortinarius\595_DUgPrK3WFJ0.jpg,Cortinarius/595_DUgPrK3WFJ0.jpg,Cortinarius,Lactarius,False,0.9964690208435059,0.0027062000008299,BaselineCNN,test,6.682504505306497e-08,0.003183685475960374,4.984480383996015e-09,7.713398253450521e-10,2.309129195054993e-05,5.4060041776438084e-08,2.6441468435223214e-05,0.00017763656796887517,0.9964690208435059,0.00011995306704193354,5.108039324852598e-09
C:\Projects\TM470\data\processed\test\Cortinarius\604_55_Sj5HXI6U.jpg,Cortinarius/604_55_Sj5HXI6U.jpg,Cortinarius,Amanita,False,0.7778545022010803,0.0029485999984899,BaselineCNN,test,0.002541413065046072,0.7778545022010803,0.0020089419558644295,0.015501507557928562,3.2172963983612135e-05,2.0887011738246475e-12,9.381726158608217e-06,2.7609013741880517e-08,0.18033292889595032,0.01667776331305504,0.0050413114950060844
C:\Projects\TM470\data\processed\test\Cortinarius\613_RZSh0QPwcnw.jpg,Cortinarius/613_RZSh0QPwcnw.jpg,Cortinarius,Cortinarius,True,0.8247725367546082,0.0025713999930303,BaselineCNN,test,9.789329851628281e-06,0.0006860690773464739,0.16641893982887268,0.8247725367546082,0.0002619849401526153,1.050830292115279e-06,4.1372575651621446e-05,0.0008090217015706003,0.0013953594025224447,0.005171574652194977,0.00043226033449172974
C:\Projects\TM470\data\processed\test\Cortinarius\627_JqtzXHRtbPY.jpg,Cortinarius/627_JqtzXHRtbPY.jpg,Cortinarius,Agaricus,False,0.8071434497833252,0.0026255999982822,BaselineCNN,test,0.8071434497833252,0.08970225602388382,4.0933537093224004e-05,0.06996124237775803,0.0058137658052146435,1.216440409734787e-06,0.00011925416038138792,0.0005270451074466109,0.025725513696670532,0.0005697751767002046,0.0003956070286221802
C:\Projects\TM470\data\processed\test\Cortinarius\634_3P_z4FJuvrc.jpg,Cortinarius/634_3P_z4FJuvrc.jpg,Cortinarius,Boletus,False,0.8497868776321411,0.0030100000003585,BaselineCNN,test,1.8831812553798954e-08,0.000309684663079679,0.8497868776321411,0.03276858478784561,7.871458365116268e-06,2.45275969064096e-05,0.11589870601892471,0.0005317606264725327,0.0005049538449384272,0.00013821579341311008,2.8906801162520424e-05
C:\Projects\TM470\data\processed\test\Cortinarius\648_rFy8BK5tQS4.jpg,Cortinarius/648_rFy8BK5tQS4.jpg,Cortinarius,Boletus,False,0.9985576272010803,0.0030150999955367,BaselineCNN,test,2.798829390471269e-09,2.150070940842852e-05,0.9985576272010803,1.4599866517528426e-05,6.665065027666728e-11,3.061485074340453e-07,5.4022213589632884e-05,8.99403039511526e-06,1.5532777979387902e-05,5.10933018116333e-10,0.0013274101074784994
C:\Projects\TM470\data\processed\test\Cortinarius\651_YsGS-o5hPUk.jpg,Cortinarius/651_YsGS-o5hPUk.jpg,Cortinarius,Suillus,False,0.6884764432907104,0.0025593000027583,BaselineCNN,test,2.9476770578185096e-05,3.5188802485208726e-06,3.635442681115819e-06,0.11636075377464294,1.1066130355175119e-05,3.831143402521775e-09,0.0013671013293787837,7.931360596558079e-05,0.19211584329605103,0.0015528658404946327,0.6884764432907104
C:\Projects\TM470\data\processed\test\Cortinarius\660_qqPWIG-_atg.jpg,Cortinarius/660_qqPWIG-_atg.jpg,Cortinarius,Boletus,False,0.6975671052932739,0.0028550999995786,BaselineCNN,test,0.0010038998443633318,0.04197315126657486,0.6975671052932739,0.03498280420899391,0.0007325650658458471,0.0016358984867110848,0.02625969611108303,0.019020235165953636,0.09085240215063095,5.4024487326387316e-05,0.08591820299625397
C:\Projects\TM470\data\processed\test\Cortinarius\663_vqeZWWsm7AU.jpg,Cortinarius/663_vqeZWWsm7AU.jpg,Cortinarius,Cortinarius,True,0.5350684523582458,0.0025814999971771,BaselineCNN,test,0.0010198012460023165,0.02268005907535553,0.006359484512358904,0.5350684523582458,3.4562261134851724e-05,4.3258198274997994e-05,0.0033846301957964897,0.0006235718610696495,0.09168786555528641,0.28269779682159424,0.05640064924955368
C:\Projects\TM470\data\processed\test\Cortinarius\665_CnMbFwJ4A3g.jpg,Cortinarius/665_CnMbFwJ4A3g.jpg,Cortinarius,Boletus,False,0.8000965118408203,0.0026311999972676,BaselineCNN,test,0.08087810128927231,0.02119399793446064,0.8000965118408203,0.006307970266789198,6.416340056603076e-06,3.414949105717824e-07,6.996327101660427e-06,0.009403780102729797,0.054708436131477356,0.0005956405657343566,0.026801811531186104
C:\Projects\TM470\data\processed\test\Cortinarius\670_VEDFNxOmJjk.jpg,Cortinarius/670_VEDFNxOmJjk.jpg,Cortinarius,Boletus,False,0.9339028596878052,0.0029476999916369,BaselineCNN,test,4.811756548761537e-10,1.0082263543154113e-05,0.9339028596878052,0.05783246085047722,2.8967192520212848e-06,0.006745410617440939,2.0820405666199804e-07,3.171684056724189e-06,0.0014994270168244839,2.8140144728294736e-11,3.4326872082601767e-06
C:\Projects\TM470\data\processed\test\Cortinarius\677_jZl6bME7gYc.jpg,Cortinarius/677_jZl6bME7gYc.jpg,Cortinarius,Boletus,False,0.9415866732597351,0.0025828999932855,BaselineCNN,test,8.910724886845856e-07,0.0001788542722351849,0.9415866732597351,0.0016805985942482948,6.979435056564398e-07,1.6924048395594582e-05,0.034820396453142166,4.547211574390531e-06,0.0058308616280555725,0.002135615795850754,0.013744093477725983
C:\Projects\TM470\data\processed\test\Cortinarius\684_4Yz2wW3J4Vs.jpg,Cortinarius/684_4Yz2wW3J4Vs.jpg,Cortinarius,Cortinarius,True,0.4585537612438202,0.00267139999778,BaselineCNN,test,0.00013620084791909903,0.007769329007714987,0.12214387953281403,0.4585537612438202,0.0005906759179197252,3.392905910004629e-06,0.022672822698950768,0.0002374046598561108,0.1703432947397232,0.2008519023656845,0.016697324812412262
C:\Projects\TM470\data\processed\test\Cortinarius\698_hDYmajbNTyc.jpg,Cortinarius/698_hDYmajbNTyc.jpg,Cortinarius,Cortinarius,True,0.9169817566871643,0.0026111000042874,BaselineCNN,test,4.242409431753913e-06,2.6361512937000953e-05,6.265963020268828e-05,0.9169817566871643,3.764105258596828e-06,1.3261696185651317e-09,0.0004376961733214557,3.4586628316901624e-06,0.043704986572265625,1.222659648192348e-05,0.03876275196671486
C:\Projects\TM470\data\processed\test\Cortinarius\700_T0ARJ9bwVM0.jpg,Cortinarius/700_T0ARJ9bwVM0.jpg,Cortinarius,Boletus,False,0.5436041951179504,0.0054912000050535,BaselineCNN,test,0.00012317716027610004,0.3442576825618744,0.5436041951179504,0.022586174309253693,8.208702638512477e-05,5.119024353916757e-05,0.019312357529997826,0.005669587291777134,0.029611706733703613,0.015605274587869644,0.019096573814749718
C:\Projects\TM470\data\processed\test\Cortinarius\706_neOW0Q7auww.jpg,Cortinarius/706_neOW0Q7auww.jpg,Cortinarius,Cortinarius,True,0.9674688577651978,0.0055447999911848,BaselineCNN,test,2.989481799886562e-07,6.467290222644806e-05,1.1352347428328358e-05,0.9674688577651978,0.03208296000957489,5.17364651120289e-10,4.483485554374056e-06,0.00021392543567344546,1.5438219634233974e-05,5.733831130783074e-06,0.00013227564340922982
C:\Projects\TM470\data\processed\test\Cortinarius\710_9SgH3X4RwDc.jpg,Cortinarius/710_9SgH3X4RwDc.jpg,Cortinarius,Boletus,False,0.6206871867179871,0.0055125999933807,BaselineCNN,test,6.287313425445973e-08,5.6448170653311536e-05,0.6206871867179871,0.023715656250715256,0.002135574584826827,6.830201293439586e-09,0.014967487193644047,0.002167606493458152,0.0005316920578479767,0.0007156540523283184,0.3350226879119873
C:\Projects\TM470\data\processed\test\Cortinarius\713_0K-WK89enpQ.jpg,Cortinarius/713_0K-WK89enpQ.jpg,Cortinarius,Boletus,False,0.999830961227417,0.0054918999958317,BaselineCNN,test,7.703138571457657e-09,0.00016366923227906227,0.999830961227417,3.280711553088622e-06,9.48505718412207e-09,3.872869525078926e-10,2.0361105163013704e-11,3.3049022363229597e-07,1.2609842769961688e-07,9.477425955140006e-09,1.5943688822517288e-06
C:\Projects\TM470\data\processed\test\Cortinarius\722_hYmaZTUMKvM.jpg,Cortinarius/722_hYmaZTUMKvM.jpg,Cortinarius,Cortinarius,True,0.975426197052002,0.0053760000009788,BaselineCNN,test,5.102602244733134e-06,0.0010119581129401922,0.010496949777007103,0.975426197052002,1.7120599977715756e-06,5.256483603943707e-08,0.00020711896650027484,6.874797691125423e-05,0.0024733166210353374,0.0074363211169838905,0.0028725636657327414
C:\Projects\TM470\data\processed\test\Cortinarius\723_z2zuRWlePHw.jpg,Cortinarius/723_z2zuRWlePHw.jpg,Cortinarius,Exidia,False,0.5355085730552673,0.0054661000031046,BaselineCNN,test,0.0006228632410056889,2.6518000595388003e-06,1.660465376307485e-10,0.46008139848709106,7.800289495207835e-06,0.5355085730552673,1.2760654044541297e-07,0.0035396337043493986,0.00023451104061678052,2.0997822502977215e-06,3.311608054445969e-07
C:\Projects\TM470\data\processed\test\Cortinarius\726_SPq8J7DiHAU.jpg,Cortinarius/726_SPq8J7DiHAU.jpg,Cortinarius,Suillus,False,0.6463484168052673,0.0049589999980526,BaselineCNN,test,0.00011747523967642337,0.029750218614935875,0.157021626830101,0.0016830367967486382,0.0005337644834071398,1.3633440687499387e-07,0.00042840902460739017,7.824261410860345e-05,0.1577749401330948,0.0062637836672365665,0.6463484168052673
C:\Projects\TM470\data\processed\test\Cortinarius\734_gSi3maWDcms.jpg,Cortinarius/734_gSi3maWDcms.jpg,Cortinarius,Russula,False,0.7612585425376892,0.0051566000038292,BaselineCNN,test,0.008847549557685852,0.003818437922745943,0.10861483961343765,0.03868919238448143,3.0086095648584887e-05,0.03912460058927536,0.002155519090592861,0.03131776303052902,0.0054438766092062,0.7612585425376892,0.0006996605079621077
C:\Projects\TM470\data\processed\test\Cortinarius\739_1fnqQJpMA1w.jpg,Cortinarius/739_1fnqQJpMA1w.jpg,Cortinarius,Suillus,False,0.5028420686721802,0.0055916999990586,BaselineCNN,test,2.2851832000014838e-06,1.2922749192512129e-05,0.0024906459730118513,0.3336721956729889,5.736633738706587e-06,1.6289601489916095e-07,0.0002759294002316892,0.004593819845467806,0.15427851676940918,0.0018257353221997619,0.5028420686721802
C:\Projects\TM470\data\processed\test\Cortinarius\740_6uQUZGPJDtc.jpg,Cortinarius/740_6uQUZGPJDtc.jpg,Cortinarius,Cortinarius,True,0.7282023429870605,0.0054999999993015,BaselineCNN,test,0.0002768883132375777,0.001086861127987504,0.00013838434824720025,0.7282023429870605,0.019784046337008476,1.976487965293927e-06,0.005297660827636719,0.017075415700674057,0.05286106839776039,0.02883433923125267,0.14644105732440948
C:\Projects\TM470\data\processed\test\Cortinarius\741_I2jWMQKljH8.jpg,Cortinarius/741_I2jWMQKljH8.jpg,Cortinarius,Cortinarius,True,0.528014063835144,0.0054936000087764,BaselineCNN,test,0.004092871211469173,0.2166522741317749,0.22899790108203888,0.528014063835144,0.00030004975269548595,0.0021770300809293985,5.958238944003824e-06,5.176245394977741e-05,0.018368622288107872,0.000540363893378526,0.0007991298334673047
C:\Projects\TM470\data\processed\test\Cortinarius\743_x_gCsSdhOPU.jpg,Cortinarius/743_x_gCsSdhOPU.jpg,Cortinarius,Lactarius,False,0.6298302412033081,0.0055535999999847,BaselineCNN,test,8.58085240906803e-06,4.329415605752729e-05,0.00019206876459065825,0.3606414198875427,0.003043617121875286,0.0010845288634300232,0.0008343897643499076,0.0006061984458938241,0.6298302412033081,0.0011114842491224408,0.0026042512618005276
C:\Projects\TM470\data\processed\test\Cortinarius\754_pGoceyCfMP8.jpg,Cortinarius/754_pGoceyCfMP8.jpg,Cortinarius,Lactarius,False,0.5031430721282959,0.005521699989913,BaselineCNN,test,0.001791536109521985,0.0017829355783760548,0.31277230381965637,0.006460192613303661,0.0001858679170254618,1.991139271240172e-07,2.799233698169701e-06,6.5496265051478986e-06,0.5031430721282959,0.0012946000788360834,0.1725599467754364
C:\Projects\TM470\data\processed\test\Cortinarius\766_vIHHxNTloEA.jpg,Cortinarius/766_vIHHxNTloEA.jpg,Cortinarius,Boletus,False,0.958509087562561,0.0050289000064367,BaselineCNN,test,2.0532235467385362e-08,0.008272779174149036,0.958509087562561,0.0030847149901092052,4.903761805508111e-07,2.8948008434781514e-09,1.4380754691956099e-05,8.967409570459495e-08,0.02669299580156803,7.981483213370666e-05,0.003345631994307041
C:\Projects\TM470\data\processed\test\Cortinarius\791_2-YR9WlEhSA.jpg,Cortinarius/791_2-YR9WlEhSA.jpg,Cortinarius,Hygrocybe,False,0.4952317178249359,0.005681700000423,BaselineCNN,test,9.489987962130186e-11,8.551214705221355e-05,0.029560638591647148,0.4743192195892334,2.642404433572665e-05,2.3057769737988565e-07,0.4952317178249359,0.0005945555167272687,0.0001764639455359429,1.0587129963823827e-06,4.179638835921651e-06
C:\Projects\TM470\data\processed\test\Cortinarius\796_738i150K_pQ.jpg,Cortinarius/796_738i150K_pQ.jpg,Cortinarius,Cortinarius,True,0.6047723293304443,0.0055221999937202,BaselineCNN,test,3.201878584491169e-08,1.751228523971804e-06,0.0259206835180521,0.6047723293304443,0.365524023771286,0.0035535269416868687,0.00013656439841724932,3.2690295483917e-05,4.5751243305858225e-05,2.935862084996188e-06,9.743220289237797e-06
C:\Projects\TM470\data\processed\test\Cortinarius\800_DyXP5vXb0mQ.jpg,Cortinarius/800_DyXP5vXb0mQ.jpg,Cortinarius,Lactarius,False,0.4634130299091339,0.0055245999974431,BaselineCNN,test,6.281632977334084e-06,0.00012246178812347353,0.13339214026927948,0.18395109474658966,0.0007157340878620744,1.8100929821684986e-07,0.13567130267620087,3.0034345400054008e-05,0.4634130299091339,0.07590973377227783,0.006787944119423628
C:\Projects\TM470\data\processed\test\Cortinarius\819_ELx6VT8tmKM.jpg,Cortinarius/819_ELx6VT8tmKM.jpg,Cortinarius,Boletus,False,0.4014732539653778,0.0055131999979494,BaselineCNN,test,0.0001800854952307418,0.007966982200741768,0.4014732539653778,0.05500403046607971,0.10421110689640045,0.00015309258014895022,0.1090303286910057,0.005182632710784674,0.286498099565506,0.012273862026631832,0.01802651584148407
C:\Projects\TM470\data\processed\test\Cortinarius\825_nn-gRPOKNNQ.jpg,Cortinarius/825_nn-gRPOKNNQ.jpg,Cortinarius,Hygrocybe,False,0.3369884490966797,0.0063756000017747,BaselineCNN,test,0.006844834890216589,0.00028129795100539923,8.07490068837069e-05,0.11885866522789001,0.2554508447647095,2.802599556162022e-05,0.3369884490966797,0.12000858038663864,0.15974095463752747,0.0016449595568701625,7.27007573004812e-05
C:\Projects\TM470\data\processed\test\Cortinarius\835_znWNJNTUlcg.jpg,Cortinarius/835_znWNJNTUlcg.jpg,Cortinarius,Lactarius,False,0.5963977575302124,0.0054909000027691,BaselineCNN,test,2.5291483325418085e-05,5.287568455969449e-06,1.153877474280307e-05,0.07058514654636383,9.666747047276658e-08,3.7168995659087045e-10,0.00023529278405476362,5.046174010203686e-06,0.5963977575302124,2.727962055359967e-05,0.3327072262763977
C:\Projects\TM470\data\processed\test\Cortinarius\838_phOn4HpRGFU.jpg,Cortinarius/838_phOn4HpRGFU.jpg,Cortinarius,Entoloma,False,0.8171444535255432,0.005535599993891,BaselineCNN,test,0.0003964655625168234,0.015860529616475105,0.00010326875053578988,0.0013271716888993979,0.8171444535255432,1.5657229596399702e-05,0.0026292114052921534,0.00787932239472866,0.0029984600841999054,0.15014296770095825,0.0015025880420580506
C:\Projects\TM470\data\processed\test\Cortinarius\839_QCI2KoxuEus.jpg,Cortinarius/839_QCI2KoxuEus.jpg,Cortinarius,Cortinarius,True,0.9886137247085571,0.0049348000029567,BaselineCNN,test,1.9900958250218537e-06,0.00011568629270186648,1.327551757412948e-08,0.9886137247085571,0.0010110498405992985,2.457953007795055e-10,4.637126039597206e-06,3.1473809940507635e-05,0.009642754681408405,0.0002239899040432647,0.00035466623376123607
C:\Projects\TM470\data\processed\test\Cortinarius\880_2blQSwj_qqg.jpg,Cortinarius/880_2blQSwj_qqg.jpg,Cortinarius,Entoloma,False,0.9245361685752869,0.0049128000100608,BaselineCNN,test,1.6496275065946975e-06,0.00012385117588564754,0.0020415973849594593,0.0016067897668108344,0.9245361685752869,0.013123727403581142,0.016684213653206825,0.0004136680217925459,0.03768283501267433,1.984877417271491e-05,0.0037656230852007866
C:\Projects\TM470\data\processed\test\Cortinarius\896_zisCBTibqYs.jpg,Cortinarius/896_zisCBTibqYs.jpg,Cortinarius,Boletus,False,0.4073818624019623,0.0049034000112442,BaselineCNN,test,0.24461302161216736,0.015647169202566147,0.4073818624019623,0.05867704749107361,0.01721295528113842,0.0058396621607244015,0.0002453636552672833,0.010668779723346233,0.11224009096622467,0.08911770582199097,0.03835633769631386
C:\Projects\TM470\data\processed\test\Cortinarius\897_K54fKEI54-0.jpg,Cortinarius/897_K54fKEI54-0.jpg,Cortinarius,Cortinarius,True,0.974428653717041,0.0052437999984249,BaselineCNN,test,0.0001704635942587629,0.011826939880847931,7.718809911239077e-07,0.974428653717041,1.9779092326643877e-05,0.00017368963744957,9.565483196638525e-06,0.0034242754336446524,0.00934389978647232,0.0005993613158352673,2.5353235741931712e-06
C:\Projects\TM470\data\processed\test\Cortinarius\909_6AiLKcfk2jI.jpg,Cortinarius/909_6AiLKcfk2jI.jpg,Cortinarius,Russula,False,0.9742840528488159,0.005005600003642,BaselineCNN,test,6.9868756327196024e-06,0.0016454996075481176,0.00017766132077667862,0.0033798590302467346,0.0001949044526554644,1.3723189340453246e-07,5.692619743058458e-05,0.00021383336570579559,0.012909886427223682,0.9742840528488159,0.007130261044949293
C:\Projects\TM470\data\processed\test\Cortinarius\910_q20nsdIX9Zo.jpg,Cortinarius/910_q20nsdIX9Zo.jpg,Cortinarius,Lactarius,False,0.7831166982650757,0.0051521999994292,BaselineCNN,test,0.0010292351944372058,0.0070946901105344296,2.404248880338855e-05,0.02260085940361023,0.0008462733821943402,0.17895162105560303,0.0011179207358509302,0.0014043680857867002,0.7831166982650757,1.0660836778697558e-05,0.0038037169724702835
C:\Projects\TM470\data\processed\test\Cortinarius\918_LWJyWIIRFwE.jpg,Cortinarius/918_LWJyWIIRFwE.jpg,Cortinarius,Boletus,False,0.7083277702331543,0.0055233999883057,BaselineCNN,test,1.4347637034006766e-06,5.719657565350644e-06,0.7083277702331543,0.005053488537669182,0.07930632680654526,1.453386317962213e-07,5.032993612985592e-07,0.1342725157737732,0.07222366333007812,1.8540767996455543e-06,0.0008066771551966667
C:\Projects\TM470\data\processed\test\Cortinarius\927_MThMyEFu3p4.jpg,Cortinarius/927_MThMyEFu3p4.jpg,Cortinarius,Cortinarius,True,0.5412717461585999,0.0055460999865317,BaselineCNN,test,0.0002903168206103146,0.04264909401535988,1.026183417707216e-05,0.5412717461585999,2.444999154249672e-05,2.3958159545145463e-07,0.002707516308873892,0.3903784453868866,0.0018382678972557187,0.005677203182131052,0.015152390114963055
C:\Projects\TM470\data\processed\test\Cortinarius\930_rg7s0lc2xZ4.jpg,Cortinarius/930_rg7s0lc2xZ4.jpg,Cortinarius,Cortinarius,True,0.9552338719367981,0.0047728000063216,BaselineCNN,test,1.3639600560111376e-08,0.0001621733681531623,1.0839554948072205e-10,0.9552338719367981,1.1650819686792602e-07,3.713161722540548e-12,5.415250052465126e-05,0.04087204858660698,1.3363120388021343e-07,0.0029253256507217884,0.0007521704537793994
C:\Projects\TM470\data\processed\test\Cortinarius\932_wke3BS09elk.jpg,Cortinarius/932_wke3BS09elk.jpg,Cortinarius,Cortinarius,True,0.714448094367981,0.0048432000039611,BaselineCNN,test,0.012995243072509766,0.00854843482375145,3.856578700833779e-08,0.714448094367981,0.03001071885228157,0.0025223426055163145,0.004222477786242962,0.054774295538663864,0.0004735803813673556,0.16608433425426483,0.00592044135555625
C:\Projects\TM470\data\processed\test\Cortinarius\933_9KMU6_nR5hY.jpg,Cortinarius/933_9KMU6_nR5hY.jpg,Cortinarius,Amanita,False,0.7938148975372314,0.0055852999939816,BaselineCNN,test,0.0010970592265948653,0.7938148975372314,0.000605051638558507,0.10969206690788269,0.00011838007048936561,2.319828126928769e-06,0.01829531602561474,0.0014770320849493146,0.00942766573280096,0.01761087402701378,0.0478593073785305
C:\Projects\TM470\data\processed\test\Cortinarius\938_c0WgxVOt3ug.jpg,Cortinarius/938_c0WgxVOt3ug.jpg,Cortinarius,Cortinarius,True,0.6369288563728333,0.0026085999998031,BaselineCNN,test,0.21603603661060333,0.008674971759319305,0.0007607436273247004,0.6369288563728333,0.028281090781092644,0.007026994600892067,0.0055396100506186485,0.007095398847013712,0.037311211228370667,0.0515955425798893,0.0007495939498767257
C:\Projects\TM470\data\processed\test\Cortinarius\949_8OyiXJnNar8.jpg,Cortinarius/949_8OyiXJnNar8.jpg,Cortinarius,Lactarius,False,0.5345483422279358,0.0028160999936517,BaselineCNN,test,0.009409858845174313,4.969440487911925e-05,3.5590874176705256e-05,0.4432070851325989,0.00022008059022482485,7.266140755746164e-07,0.0012096251593902707,0.002513725310564041,0.5345483422279358,0.000674061884637922,0.008131226524710655
C:\Projects\TM470\data\processed\test\Cortinarius\950_HDskNFXm9xc.jpg,Cortinarius/950_HDskNFXm9xc.jpg,Cortinarius,Cortinarius,True,0.8865606784820557,0.002566499999375,BaselineCNN,test,4.131432262965973e-08,0.002993336645886302,0.024973059073090553,0.8865606784820557,2.5355500383739127e-06,2.7447176762507297e-06,8.202426397474483e-05,0.0002691052504815161,0.08479437977075577,0.00025852315593510866,6.363199645420536e-05
C:\Projects\TM470\data\processed\test\Entoloma\008_AZvp1cwweLk.jpg,Entoloma/008_AZvp1cwweLk.jpg,Entoloma,Russula,False,0.5209736227989197,0.0026109000027645,BaselineCNN,test,0.12315307557582855,0.12478748708963394,0.007114307954907417,0.004815227352082729,0.11929364502429962,0.05316275730729103,0.003225557040423155,0.007220135070383549,0.03331549093127251,0.5209736227989197,0.002938617952167988
C:\Projects\TM470\data\processed\test\Entoloma\015_HkVmyyuf6D4.jpg,Entoloma/015_HkVmyyuf6D4.jpg,Entoloma,Exidia,False,0.7492841482162476,0.0027414999931352,BaselineCNN,test,0.0071192169561982155,0.0033512567169964314,5.993386480440677e-07,0.01593572460114956,0.20945166051387787,0.7492841482162476,6.692095553262334e-07,4.677809920394793e-05,0.014804481528699398,5.1476254157023504e-06,2.39184288375327e-07
C:\Projects\TM470\data\processed\test\Entoloma\016_ARE6YaRXCgc.jpg,Entoloma/016_ARE6YaRXCgc.jpg,Entoloma,Inocybe,False,0.6055095195770264,0.0029842000076314,BaselineCNN,test,0.05611296743154526,0.005369097925722599,0.007696039043366909,0.00023014767793938518,0.012036221101880074,0.00277053564786911,0.00037196645280346274,0.6055095195770264,0.21324388682842255,0.09589467942714691,0.0007649486069567502
C:\Projects\TM470\data\processed\test\Entoloma\024_bN9lzk7miXk.jpg,Entoloma/024_bN9lzk7miXk.jpg,Entoloma,Lactarius,False,0.47958943247795105,0.0026209000061498,BaselineCNN,test,0.11843441426753998,0.21599365770816803,0.00029456065385602415,0.018709706142544746,0.001394247985444963,0.0022273582872003317,0.0024429557379335165,0.11537014693021774,0.47958943247795105,0.024664785712957382,0.020878709852695465
C:\Projects\TM470\data\processed\test\Entoloma\028_ep6xNTtGRbM.jpg,Entoloma/028_ep6xNTtGRbM.jpg,Entoloma,Amanita,False,0.590755045413971,0.0029181999998399,BaselineCNN,test,8.263744530268013e-05,0.590755045413971,2.868633600883186e-06,0.004956438206136227,0.06877408921718597,0.27999347448349,0.05292288213968277,0.0014787084655836225,0.0010057523613795638,9.418471563549247e-06,1.8645638192538172e-05
C:\Projects\TM470\data\processed\test\Entoloma\040_AaS7qJWOhTY.jpg,Entoloma/040_AaS7qJWOhTY.jpg,Entoloma,Lactarius,False,0.9350623488426208,0.0029343999922275,BaselineCNN,test,0.048143718391656876,0.00020321752526797354,2.761672658380121e-05,0.013176034204661846,0.0006100925384089351,2.3146410512708826e-06,0.00030220355256460607,8.794423047220334e-05,0.9350623488426208,0.001983716618269682,0.0004007660609204322
C:\Projects\TM470\data\processed\test\Entoloma\041_8TLv6hZ7PQg.jpg,Entoloma/041_8TLv6hZ7PQg.jpg,Entoloma,Agaricus,False,0.6490955352783203,0.0027348000003257,BaselineCNN,test,0.6490955352783203,0.00710128853097558,0.026294123381376266,0.0004986940766684711,2.0055783807038097e-06,8.32520436233608e-06,3.154188561893534e-06,3.104172719758935e-05,0.28829631209373474,0.028508663177490234,0.00016086592222563922
C:\Projects\TM470\data\processed\test\Entoloma\043_HA9oR2t5gx4.jpg,Entoloma/043_HA9oR2t5gx4.jpg,Entoloma,Lactarius,False,0.6285564303398132,0.0026370999985374,BaselineCNN,test,0.003448714269325137,0.06951261311769485,0.2726198136806488,0.002980010351166129,0.0030783293768763542,0.0014472086913883686,0.00024346073041670024,4.804431227967143e-05,0.6285564303398132,0.005739725660532713,0.012325632385909557
C:\Projects\TM470\data\processed\test\Entoloma\053_pGhgq2L9_f8.jpg,Entoloma/053_pGhgq2L9_f8.jpg,Entoloma,Boletus,False,0.9996923208236694,0.0025603999965824,BaselineCNN,test,1.2698189396677384e-14,1.9281003460491775e-08,0.9996923208236694,1.0132427665995869e-12,1.106310901377583e-05,3.052656044610913e-11,2.1154849028001124e-15,1.8958448092659674e-12,0.0002965953026432544,3.478996740214138e-14,2.0083179910757032e-11
C:\Projects\TM470\data\processed\test\Entoloma\075_6zFJxFd4PFI.jpg,Entoloma/075_6zFJxFd4PFI.jpg,Entoloma,Amanita,False,0.9459612965583801,0.0028768000047421,BaselineCNN,test,9.016264084493741e-05,0.9459612965583801,9.633102990846965e-07,7.009870023466647e-05,0.0006353039643727243,2.926431281886064e-15,2.022003400270478e-06,1.6211261026910506e-05,0.04429100826382637,0.008790498599410057,0.00014250878302846104
C:\Projects\TM470\data\processed\test\Entoloma\077_MiiSt18mhFg.jpg,Entoloma/077_MiiSt18mhFg.jpg,Entoloma,Suillus,False,0.6933355331420898,0.0026320000033592,BaselineCNN,test,1.1995390423180652e-06,4.177216760581359e-05,0.26938536763191223,0.0020112250931560993,5.202235229262442e-07,1.3571248074981113e-12,0.00047429095138795674,1.0211198286924628e-06,0.03463049605488777,0.00011854926560772583,0.6933355331420898
C:\Projects\TM470\data\processed\test\Entoloma\087_B8cy4l0fVCM.jpg,Entoloma/087_B8cy4l0fVCM.jpg,Entoloma,Entoloma,True,0.948585033416748,0.0026479999942239,BaselineCNN,test,7.59386966819875e-05,0.03435371071100235,1.2302714821998961e-05,8.110752241918817e-05,0.948585033416748,9.91439378594805e-07,0.000648564484436065,0.0005142951267771423,0.0027987235225737095,0.011850615032017231,0.0010787699138745666
C:\Projects\TM470\data\processed\test\Entoloma\095_sc5K2sdc95k.jpg,Entoloma/095_sc5K2sdc95k.jpg,Entoloma,Lactarius,False,0.8043786883354187,0.0028797999984817,BaselineCNN,test,0.0003043589531444013,0.003509670961648226,0.0003301410179119557,0.004174633417278528,0.12945924699306488,1.5918321878416464e-05,0.0007863753126002848,0.039512041956186295,0.8043786883354187,0.016646383330225945,0.0008825988625176251
C:\Projects\TM470\data\processed\test\Entoloma\100_DOEuA90u0n4.jpg,Entoloma/100_DOEuA90u0n4.jpg,Entoloma,Lactarius,False,0.6931902170181274,0.0025862000038614,BaselineCNN,test,7.0072505877760705e-06,2.546077269016678e-07,3.7651628304047335e-07,0.052663061767816544,2.319726036148495e-06,1.466584151213826e-13,5.490225021276274e-07,1.1957945389440283e-07,0.6931902170181274,0.25394344329833984,0.00019264685397502035
C:\Projects\TM470\data\processed\test\Entoloma\112_tZybBnWnquU.jpg,Entoloma/112_tZybBnWnquU.jpg,Entoloma,Boletus,False,0.9799109697341919,0.0026254000113112,BaselineCNN,test,4.222005037246568e-11,3.8342801644830615e-07,0.9799109697341919,0.0031284040305763483,2.438680013483463e-08,9.512926624211104e-08,0.010546227917075157,2.5551847215865564e-07,0.006404282990843058,1.5549181853202754e-06,7.670702871109825e-06
C:\Projects\TM470\data\processed\test\Entoloma\114_hVYv8T9rAdI.jpg,Entoloma/114_hVYv8T9rAdI.jpg,Entoloma,Boletus,False,0.9798427224159241,0.0029565000004367,BaselineCNN,test,9.98290579445893e-06,0.0012025742325931787,0.9798427224159241,1.8536293566739914e-07,0.0162966251373291,6.576779676414901e-10,3.9183306599355205e-10,0.00011711533443303779,0.00245579588226974,6.413750088540837e-05,1.0921029570454266e-05
C:\Projects\TM470\data\processed\test\Entoloma\123_N1nBNk8zowc.jpg,Entoloma/123_N1nBNk8zowc.jpg,Entoloma,Entoloma,True,0.9999992847442627,0.0025444000057177,BaselineCNN,test,6.824935402264906e-19,2.614061189731842e-10,3.7698322111548443e-13,1.2068325361269672e-07,0.9999992847442627,6.355453479045536e-07,1.6682590638777972e-12,6.345853204893503e-13,5.440409722723416e-08,2.7109781433609648e-12,8.49167682039618e-16
C:\Projects\TM470\data\processed\test\Entoloma\124_NgFCwyrvUBU.jpg,Entoloma/124_NgFCwyrvUBU.jpg,Entoloma,Boletus,False,0.9845661520957947,0.002642100007506,BaselineCNN,test,1.8156018199988466e-07,0.00011548160546226427,0.9845661520957947,8.27697294880636e-05,9.341123586636968e-06,1.7321883660770254e-07,1.0315594636267633e-06,3.2356632573282695e-07,0.01514473557472229,1.6791004782135133e-06,7.801054016454145e-05
C:\Projects\TM470\data\processed\test\Entoloma\125_H6KQJubz60Q.jpg,Entoloma/125_H6KQJubz60Q.jpg,Entoloma,Amanita,False,0.7417232394218445,0.0029709999944316,BaselineCNN,test,0.037734851241111755,0.7417232394218445,4.286310741008492e-06,0.00043485843343660235,0.1286461055278778,0.001667970442213118,0.006546249613165855,0.05577801167964935,0.008765101432800293,0.0007608489831909537,0.017938481643795967
C:\Projects\TM470\data\processed\test\Entoloma\137_2wOQqIdze_Y.jpg,Entoloma/137_2wOQqIdze_Y.jpg,Entoloma,Boletus,False,0.3560137450695038,0.002988499996718,BaselineCNN,test,8.084162800514605e-06,4.581890971167013e-05,0.3560137450695038,0.324625700712204,0.0005609638174064457,1.2494801922002807e-05,0.00825936533510685,0.054426949471235275,0.24055388569831848,0.007237187586724758,0.00825580395758152
C:\Projects\TM470\data\processed\test\Entoloma\154_HDT_he4bSpA.jpg,Entoloma/154_HDT_he4bSpA.jpg,Entoloma,Lactarius,False,0.48577389121055603,0.0026373000000603,BaselineCNN,test,0.0005476909573189914,0.00042789644794538617,0.23546114563941956,1.616293161532667e-06,0.1885882019996643,6.50650306965872e-08,7.424026262015104e-05,1.3216084880696144e-05,0.48577389121055603,0.082854263484478,0.00625778641551733
C:\Projects\TM470\data\processed\test\Entoloma\155_ab4GU9GVNl0.jpg,Entoloma/155_ab4GU9GVNl0.jpg,Entoloma,Entoloma,True,0.9958531856536865,0.002608800001326,BaselineCNN,test,0.0004947560373693705,0.0007458300096914172,6.357574875437422e-06,0.00031247350852936506,0.9958531856536865,0.0004504388780333102,3.7916720430075657e-06,5.270260317047359e-07,0.0017851853044703603,0.0003247004933655262,2.2713482394465245e-05
C:\Projects\TM470\data\processed\test\Entoloma\159_gzyo4cu2SF0.jpg,Entoloma/159_gzyo4cu2SF0.jpg,Entoloma,Entoloma,True,0.8290349841117859,0.0028148999990662,BaselineCNN,test,2.1661953724105842e-06,0.0006767293089069426,0.07196044921875,0.00024301571829710156,0.8290349841117859,4.4898290070705116e-05,2.930603386630537e-07,8.956206329457927e-06,0.0959348976612091,0.0020898613147437572,3.700052275235066e-06
C:\Projects\TM470\data\processed\test\Entoloma\170_rgOUjNM_DM4.jpg,Entoloma/170_rgOUjNM_DM4.jpg,Entoloma,Agaricus,False,0.6446510553359985,0.0029599999979836,BaselineCNN,test,0.6446510553359985,0.00409600418061018,0.0001430114352842793,0.3036123812198639,0.00011919175449293107,6.34630197282604e-08,1.1716880180756561e-05,0.012681831605732441,0.0019999495707452297,0.03251774236559868,0.00016705227608326823
C:\Projects\TM470\data\processed\test\Entoloma\178_j9A_u3GorWg.jpg,Entoloma/178_j9A_u3GorWg.jpg,Entoloma,Suillus,False,0.592287540435791,0.0026416000036988,BaselineCNN,test,0.0021271929144859314,0.0018142957706004381,1.9274051737738773e-05,0.24423544108867645,0.03299923241138458,6.686257620458491e-06,0.04459603875875473,0.001167207956314087,0.0801481157541275,0.0005989648634567857,0.592287540435791
C:\Projects\TM470\data\processed\test\Entoloma\185_UK9hgsbXBR8.jpg,Entoloma/185_UK9hgsbXBR8.jpg,Entoloma,Amanita,False,0.914432942867279,0.0026148000033572,BaselineCNN,test,0.00926413107663393,0.914432942867279,0.0002551957149989903,0.0002508194011170417,0.011983693577349186,8.889965670277888e-07,0.00016377399151679128,0.0006261282251216471,0.05909903720021248,0.0007407990633510053,0.003182555316016078
C:\Projects\TM470\data\processed\test\Entoloma\187_m0UFCsyH-Bs.jpg,Entoloma/187_m0UFCsyH-Bs.jpg,Entoloma,Boletus,False,0.990295946598053,0.0029265000048326,BaselineCNN,test,5.0852460020678336e-08,0.00022994587197899818,0.990295946598053,0.0012458368437364697,3.8794820284238085e-05,3.2246418868453475e-06,0.0014482195256277919,3.192547808339441e-07,0.006236831657588482,0.000167582998983562,0.0003331171756144613
C:\Projects\TM470\data\processed\test\Entoloma\192_Tf_A1Q4bdco.jpg,Entoloma/192_Tf_A1Q4bdco.jpg,Entoloma,Boletus,False,0.9998742341995239,0.0029982999985804,BaselineCNN,test,8.24307427871318e-11,6.045556055767065e-09,0.9998742341995239,2.7728691520678694e-07,6.660745843767302e-10,2.378537644620593e-11,1.0260683325213904e-07,3.135844295343304e-08,0.0001046962061082013,5.089356491794206e-08,2.0614137611119077e-05
C:\Projects\TM470\data\processed\test\Entoloma\195_tEj9VvcKoc8.jpg,Entoloma/195_tEj9VvcKoc8.jpg,Entoloma,Hygrocybe,False,0.3358589708805084,0.0029864000098314,BaselineCNN,test,1.2482505553634837e-06,0.09299296140670776,0.041268397122621536,0.2549448609352112,0.0008101958665065467,0.05312029644846916,0.3358589708805084,0.0031413505785167217,0.18911464512348175,1.1635900591500103e-05,0.02873545140028
C:\Projects\TM470\data\processed\test\Entoloma\202_FQWDsaZPytk.jpg,Entoloma/202_FQWDsaZPytk.jpg,Entoloma,Entoloma,True,0.6433869004249573,0.0025720999983604,BaselineCNN,test,0.003685334464535117,0.022353580221533775,1.4610008292947896e-05,0.11998691409826279,0.6433869004249573,0.0012248002458363771,0.0002537981781642884,0.1350499987602234,0.0019495409214869142,0.07170373946428299,0.0003907225909642875
C:\Projects\TM470\data\processed\test\Entoloma\213_xX7APSYep7c.jpg,Entoloma/213_xX7APSYep7c.jpg,Entoloma,Cortinarius,False,0.8161838054656982,0.0028426000062609,BaselineCNN,test,0.006678181700408459,0.011927102692425251,0.0013202526606619358,0.8161838054656982,0.00046004721662029624,7.690441270824522e-05,0.0023409761488437653,0.0010442060884088278,0.0323312021791935,0.12746071815490723,0.0001767181820468977
C:\Projects\TM470\data\processed\test\Entoloma\217_MQnUltdhEsM.jpg,Entoloma/217_MQnUltdhEsM.jpg,Entoloma,Cortinarius,False,0.6958810687065125,0.0025881999899866,BaselineCNN,test,1.069177741896965e-07,3.305051359347999e-05,0.3037213385105133,0.6958810687065125,5.2507739383145235e-06,3.147369653788701e-08,1.51887661559158e-05,3.180929343216121e-05,8.956821693573147e-05,0.00021527300123125315,7.402356004604371e-06
C:\Projects\TM470\data\processed\test\Entoloma\221_aU7_BswojlM.jpg,Entoloma/221_aU7_BswojlM.jpg,Entoloma,Cortinarius,False,0.5133850574493408,0.0025885000068228,BaselineCNN,test,7.743728019704577e-06,7.431093763443641e-06,1.926071672642138e-05,0.5133850574493408,4.813998657482443e-06,1.8242813943497582e-12,8.76046124176355e-06,2.940314743682393e-06,0.17369124293327332,0.3119952082633972,0.0008775798487477005
C:\Projects\TM470\data\processed\test\Entoloma\225_3YNITN-NtWM.jpg,Entoloma/225_3YNITN-NtWM.jpg,Entoloma,Amanita,False,0.9995661377906799,0.0029699999868171,BaselineCNN,test,0.00043250262388028204,0.9995661377906799,6.93836241794088e-08,3.615143517876618e-09,1.1718864767473747e-10,3.1146423218331165e-09,2.9893065800479235e-09,4.42582219761789e-08,1.0642891083989525e-06,2.2982366942869703e-07,8.480252611242634e-11
C:\Projects\TM470\data\processed\test\Entoloma\244_5qYibVwYigY.jpg,Entoloma/244_5qYibVwYigY.jpg,Entoloma,Russula,False,0.6474478244781494,0.0026451000012457,BaselineCNN,test,0.002313111210241914,0.011470431461930275,4.2947900510625914e-05,0.22157448530197144,0.001355534652248025,1.2524349585874006e-05,0.01805473305284977,0.00031846773345023394,0.017370164394378662,0.6474478244781494,0.08003976196050644
C:\Projects\TM470\data\processed\test\Entoloma\247_ABBDuWCbqT0.jpg,Entoloma/247_ABBDuWCbqT0.jpg,Entoloma,Inocybe,False,0.5184745788574219,0.0028850999951828,BaselineCNN,test,0.0006367345340549946,0.31586188077926636,0.003375659231096506,0.06259987503290176,0.0065945726819336414,0.08734184503555298,3.760481558856554e-05,0.5184745788574219,0.005047817248851061,1.2512812645582017e-05,1.6963775124168023e-05
C:\Projects\TM470\data\processed\test\Entoloma\254_iO4rO5rmxLg.jpg,Entoloma/254_iO4rO5rmxLg.jpg,Entoloma,Exidia,False,0.9936591982841492,0.0029660000000149,BaselineCNN,test,7.414223364321515e-05,1.6353087630704977e-06,1.5546778740826994e-05,7.100325456121936e-05,1.9192818001556589e-07,0.9936591982841492,4.086394511659819e-08,0.0022561708465218544,0.0034676140639930964,0.000454477354651317,1.2403277516170874e-08
C:\Projects\TM470\data\processed\test\Entoloma\269_YSsglwYAx0A.jpg,Entoloma/269_YSsglwYAx0A.jpg,Entoloma,Agaricus,False,0.6516983509063721,0.0026094000058947,BaselineCNN,test,0.6516983509063721,0.011464050970971584,1.946301017596852e-05,0.0010000858455896378,0.08144695311784744,4.134250957577024e-06,6.492739339591935e-05,0.0016502273501828313,0.24839355051517487,0.00418136129155755,7.691070641158149e-05
C:\Projects\TM470\data\processed\test\Entoloma\278_1UQ2eou4aVA.jpg,Entoloma/278_1UQ2eou4aVA.jpg,Entoloma,Entoloma,True,0.920042872428894,0.002619599996251,BaselineCNN,test,7.546191227447707e-07,0.07989626377820969,1.7651227430647703e-13,1.8493999505153624e-06,0.920042872428894,5.552884374537825e-09,3.098195833217687e-08,1.3870451454067734e-08,5.788068665424362e-05,2.2066900839945447e-07,3.780489876703541e-08
C:\Projects\TM470\data\processed\test\Entoloma\283_eWPMK-in8bA.jpg,Entoloma/283_eWPMK-in8bA.jpg,Entoloma,Lactarius,False,0.7868373990058899,0.0029630000062752,BaselineCNN,test,1.791376416804269e-05,0.0022228346206247807,0.029045265167951584,0.12650567293167114,0.00021424712031148374,2.5056184313143604e-05,1.2307349606999196e-05,8.681568886004243e-08,0.7868373990058899,0.015518627129495144,0.03960062190890312
C:\Projects\TM470\data\processed\test\Entoloma\307_bs3Q880w3uI.jpg,Entoloma/307_bs3Q880w3uI.jpg,Entoloma,Cortinarius,False,0.8532699942588806,0.002614100012579,BaselineCNN,test,0.028818491846323013,0.002370805712416768,5.0038306653732434e-05,0.8532699942588806,0.027765830978751183,0.00014049766468815506,0.0006976150907576084,0.013667026534676552,0.028123684227466583,0.0444178581237793,0.000678159820381552
C:\Projects\TM470\data\processed\test\Entoloma\309_QMD8y_m-X9w.jpg,Entoloma/309_QMD8y_m-X9w.jpg,Entoloma,Entoloma,True,0.7011250853538513,0.0025921999913407,BaselineCNN,test,4.952661129209446e-06,0.0045294309966266155,1.4240788459574105e-06,0.2867739796638489,0.7011250853538513,0.004641710314899683,6.670415586995659e-06,0.0022587147541344166,0.0006506190984509885,6.756527454854222e-06,6.306783006948535e-07
C:\Projects\TM470\data\processed\test\Entoloma\315_x2hPqvpEIm4.jpg,Entoloma/315_x2hPqvpEIm4.jpg,Entoloma,Lactarius,False,0.4855825901031494,0.0029546000005211,BaselineCNN,test,2.329083912400165e-07,1.671938036906795e-07,0.3312430679798126,0.18148382008075714,8.17842737887986e-06,1.8278416558104027e-09,2.4942377422121353e-05,5.960382168268552e-06,0.4855825901031494,0.0009006541804410517,0.0007503086235374212
C:\Projects\TM470\data\processed\test\Entoloma\321_GSSvivRkKSs.jpg,Entoloma/321_GSSvivRkKSs.jpg,Entoloma,Lactarius,False,0.9385738372802734,0.0026474999904166,BaselineCNN,test,7.673078172842906e-09,0.0010890694102272391,0.00014942999405320734,0.037014398723840714,0.022901354357600212,1.0482380275789183e-05,5.904349222873861e-07,7.729270237177843e-07,0.9385738372802734,4.466661263080596e-09,0.0002600402513053268
C:\Projects\TM470\data\processed\test\Entoloma\323_T1uKKhFKYQo.jpg,Entoloma/323_T1uKKhFKYQo.jpg,Entoloma,Cortinarius,False,0.994749128818512,0.0026047999999718,BaselineCNN,test,8.978832397588121e-07,7.539578064097441e-07,3.112387236825498e-09,0.994749128818512,2.6701837830124357e-14,1.1485064987937221e-06,1.7107513183844958e-09,4.232992125707824e-07,0.00042505672900006175,0.004822526592761278,9.60453938603223e-10
C:\Projects\TM470\data\processed\test\Entoloma\333_1jBot7MZWes.jpg,Entoloma/333_1jBot7MZWes.jpg,Entoloma,Russula,False,0.8275872468948364,0.0029510000022128,BaselineCNN,test,0.062397126108407974,0.0010853779967874289,0.0002163283061236143,0.10075587779283524,3.9682811348029645e-07,1.4656165170379154e-10,7.264536634465912e-07,1.6478905990879866e-06,0.007209850009530783,0.8275872468948364,0.0007453457801602781
C:\Projects\TM470\data\processed\test\Entoloma\337_CtXrNI3Aodw.jpg,Entoloma/337_CtXrNI3Aodw.jpg,Entoloma,Russula,False,0.9568526744842529,0.0025765999889699,BaselineCNN,test,0.03215407580137253,0.00023357431928161532,1.2189570952614304e-06,0.010459507815539837,4.5576644680522804e-09,5.723001663682226e-07,4.353603699769337e-08,2.542606807764969e-06,0.00029537093359977007,0.9568526744842529,3.8342761854437413e-07
C:\Projects\TM470\data\processed\test\Entoloma\344_uf0xKp6qwNQ.jpg,Entoloma/344_uf0xKp6qwNQ.jpg,Entoloma,Entoloma,True,0.45515817403793335,0.0026701000024331,BaselineCNN,test,0.0004915007157251239,0.09001511335372925,0.0004639738181140274,0.00073812942719087,0.45515817403793335,0.006495245266705751,0.004770862404257059,0.003901086514815688,0.030794929713010788,0.000673428236041218,0.4064975380897522
C:\Projects\TM470\data\processed\test\Entoloma\349_PNzUfA1WO3M.jpg,Entoloma/349_PNzUfA1WO3M.jpg,Entoloma,Agaricus,False,0.9987009763717651,0.0028635000053327,BaselineCNN,test,0.9987009763717651,0.0011077960953116417,4.3768888957629315e-08,5.9105418337424e-09,5.001346004007701e-09,5.936557804587031e-14,2.7868754526316764e-10,3.634069400959561e-07,0.00015641472418792546,3.3833672205219045e-05,5.837973162670096e-07
C:\Projects\TM470\data\processed\test\Entoloma\372_hriIdsNQgxI.jpg,Entoloma/372_hriIdsNQgxI.jpg,Entoloma,Cortinarius,False,0.668813169002533,0.0026393000007374,BaselineCNN,test,1.6632409824524075e-05,0.00030042321304790676,4.9849219067255035e-05,0.668813169002533,9.199943451676518e-05,1.3083894145893282e-07,0.00023897408391349018,0.006010017357766628,0.11219403147697449,0.21178656816482544,0.0004981574020348489
C:\Projects\TM470\data\processed\test\Entoloma\380_OI9EjWusj9s.jpg,Entoloma/380_OI9EjWusj9s.jpg,Entoloma,Entoloma,True,0.5052484273910522,0.0026158999971812,BaselineCNN,test,0.0010343445464968681,0.11449090391397476,5.537456218007719e-06,0.13122856616973877,0.5052484273910522,0.00026491531752981246,0.025965508073568344,0.09542004764080048,0.12428127229213715,0.0011169760255143046,0.0009435138199478388
C:\Projects\TM470\data\processed\test\Entoloma\389_-8kqVUZsNtU.jpg,Entoloma/389_-8kqVUZsNtU.jpg,Entoloma,Amanita,False,0.7965474128723145,0.0029348999960348,BaselineCNN,test,0.06933223456144333,0.7965474128723145,0.018414434045553207,0.010453267022967339,0.06222998723387718,0.00016880220209714025,0.0009438166161999106,0.0014867668505758047,0.02172066830098629,0.016137782484292984,0.00256479624658823
C:\Projects\TM470\data\processed\test\Entoloma\391_u6_VQ5BQ3RQ.jpg,Entoloma/391_u6_VQ5BQ3RQ.jpg,Entoloma,Russula,False,0.7205047607421875,0.0026381999923614,BaselineCNN,test,0.05118602514266968,0.020879410207271576,0.00035289820516481996,0.13322606682777405,0.0012480784207582474,0.035384468734264374,0.0004282660083845258,0.012857419438660145,0.01702125184237957,0.7205047607421875,0.006911365780979395
C:\Projects\TM470\data\processed\test\Entoloma\394_I1aghwHRxKQ.jpg,Entoloma/394_I1aghwHRxKQ.jpg,Entoloma,Lactarius,False,0.881647527217865,0.0029892999882576,BaselineCNN,test,0.0026268833316862583,0.03551925718784332,0.012919742614030838,0.009036256931722164,0.00025624450063332915,2.780187060125172e-06,0.00031400134321302176,0.00013946794206276536,0.881647527217865,0.011887420900166035,0.045650433748960495
C:\Projects\TM470\data\processed\test\Entoloma\396_P8a-mnDratQ.jpg,Entoloma/396_P8a-mnDratQ.jpg,Entoloma,Lactarius,False,0.7305972576141357,0.002613199991174,BaselineCNN,test,2.828272045007907e-05,0.010148122906684875,0.06248980388045311,0.059504032135009766,5.743689825976617e-07,6.93092260917183e-07,3.5322477742738556e-06,1.4490684407064691e-05,0.7305972576141357,0.1352819949388504,0.0019311434589326382
C:\Projects\TM470\data\processed\test\Entoloma\401_7lcXxESXcOc.jpg,Entoloma/401_7lcXxESXcOc.jpg,Entoloma,Boletus,False,0.7735217213630676,0.0025901999906636,BaselineCNN,test,5.9587826228835183e-08,0.000745292054489255,0.7735217213630676,0.039028264582157135,0.04849638417363167,7.724349870841252e-07,0.00021424794977065176,3.326849764562212e-05,3.1636340281693265e-05,5.570553184952587e-05,0.13787277042865753
C:\Projects\TM470\data\processed\test\Exidia\APE2016-9184941_SkxjRjQbBe.jpg,Exidia/APE2016-9184941_SkxjRjQbBe.jpg,Exidia,Exidia,True,0.9999996423721313,0.0026122999988729,BaselineCNN,test,1.2563506901486221e-09,3.709247380356828e-07,3.3465142549454763e-12,1.0619856556648433e-11,2.6191832026628042e-17,0.9999996423721313,5.876014483059386e-20,1.203501653890271e-08,1.8009378710548418e-12,2.6729478630471704e-09,3.1750308312742996e-18
C:\Projects\TM470\data\processed\test\Exidia\APE2017-9186106_r1lnuhbbvl.jpg,Exidia/APE2017-9186106_r1lnuhbbvl.jpg,Exidia,Exidia,True,1.0,0.0028430999955162,BaselineCNN,test,4.844068769965359e-15,1.9141645213327507e-10,2.7358954132142982e-14,1.1266960454892061e-11,1.6289584698486737e-13,1.0,4.127160177280759e-18,8.410015045479113e-11,2.5393380974347846e-12,1.8485855490392214e-17,1.3586082895669877e-16
C:\Projects\TM470\data\processed\test\Exidia\APE2017-9186594_S1gbav70Pg.jpg,Exidia/APE2017-9186594_S1gbav70Pg.jpg,Exidia,Exidia,True,0.9999970197677612,0.0030000999977346,BaselineCNN,test,1.6793322646108805e-13,4.196096199393651e-07,2.012141294471803e-06,3.6019848128482357e-12,1.406655164120892e-14,0.9999970197677612,4.231022546636081e-17,4.555058410460333e-07,5.560967471555066e-14,8.090875192046099e-12,2.647189718406502e-18
C:\Projects\TM470\data\processed\test\Exidia\BEC2017-9186082_Bk5dpkxvg.jpg,Exidia/BEC2017-9186082_Bk5dpkxvg.jpg,Exidia,Exidia,True,0.9999914169311523,0.0029092999902786,BaselineCNN,test,1.2402448512638387e-10,1.7200156889884965e-06,3.103024504014229e-10,2.571015329522197e-07,6.478154773503775e-06,0.9999914169311523,4.285711542595383e-12,2.7657327450469893e-07,7.212743291518109e-09,3.166393471205897e-14,2.813109445908013e-13
C:\Projects\TM470\data\processed\test\Exidia\BEC2017-9186082_HkySBeewx.jpg,Exidia/BEC2017-9186082_HkySBeewx.jpg,Exidia,Exidia,True,0.9885518550872803,0.0026073999906657,BaselineCNN,test,1.1209270951439976e-06,0.011007723398506641,2.9090278985677287e-06,1.7373342416249216e-05,8.238818622885447e-07,0.9885518550872803,5.297162708473024e-09,3.917073627235368e-05,0.0003747809969354421,3.558414618964889e-06,6.760554924767348e-07
C:\Projects\TM470\data\processed\test\Exidia\BT2015PIC69830748.jpg,Exidia/BT2015PIC69830748.jpg,Exidia,Inocybe,False,0.558047354221344,0.0025240999966626,BaselineCNN,test,0.013104359619319439,0.0012516415445134044,0.0074873375706374645,0.02196640521287918,2.9346736482693814e-05,0.18319465219974518,0.00018641463248059154,0.558047354221344,0.01748785190284252,0.19719691574573517,4.767544669448398e-05
C:\Projects\TM470\data\processed\test\Exidia\BWP2010PIC21033449.jpg,Exidia/BWP2010PIC21033449.jpg,Exidia,Entoloma,False,0.6269438862800598,0.0030857999954605,BaselineCNN,test,1.534784343885931e-12,1.4962011846364476e-05,4.3865347834071144e-05,4.165779046161333e-06,0.6269438862800598,0.29130819439888,9.662659561371356e-10,0.08159191906452179,9.097895963350311e-05,2.0249092358426424e-06,5.853861839710817e-10
C:\Projects\TM470\data\processed\test\Exidia\BWP2010PIC26179585.jpg,Exidia/BWP2010PIC26179585.jpg,Exidia,Exidia,True,0.9964501857757568,0.0029853000014554,BaselineCNN,test,3.0360700932485774e-12,1.8934580339191598e-06,0.0014404183020815253,4.538186203717487e-06,2.830390712915687e-06,0.9964501857757568,4.630610998812568e-12,0.0020910967141389847,9.02218835108215e-06,3.437359064051293e-09,5.554121051964955e-10
C:\Projects\TM470\data\processed\test\Exidia\BWP2010PIC63422920.jpg,Exidia/BWP2010PIC63422920.jpg,Exidia,Exidia,True,0.9964501857757568,0.002964500003145,BaselineCNN,test,3.0360700932485774e-12,1.8934580339191598e-06,0.0014404183020815253,4.538186203717487e-06,2.830390712915687e-06,0.9964501857757568,4.630610998812568e-12,0.0020910967141389847,9.02218835108215e-06,3.437359064051293e-09,5.554121051964955e-10
C:\Projects\TM470\data\processed\test\Exidia\BWP2012PIC72778365.jpg,Exidia/BWP2012PIC72778365.jpg,Exidia,Exidia,True,0.9774842858314514,0.0025738999975146,BaselineCNN,test,0.00016797530406620353,0.009840521030128002,4.076579352840781e-05,0.00022905308287590742,2.487052142896573e-06,0.9774842858314514,6.112393435842023e-08,0.00866507738828659,3.45521439157892e-05,0.0035346669610589743,4.6614150051027536e-07
C:\Projects\TM470\data\processed\test\Exidia\BWP2012PIC73866455.jpg,Exidia/BWP2012PIC73866455.jpg,Exidia,Inocybe,False,0.28830546140670776,0.0025975000025937,BaselineCNN,test,0.12109879404306412,0.002459663199260831,0.25846055150032043,0.0033552157692611217,0.005780217703431845,0.017840011045336723,9.127755765803158e-05,0.28830546140670776,0.05626720190048218,0.24594630300998688,0.00039529294008389115
C:\Projects\TM470\data\processed\test\Exidia\DI2017-9188574_Hk1cP3Tix.jpg,Exidia/DI2017-9188574_Hk1cP3Tix.jpg,Exidia,Exidia,True,0.9994009733200073,0.0029420000064419,BaselineCNN,test,6.453827357651371e-15,3.319928055134369e-06,0.0005956389359198511,4.050971225133537e-10,1.336954436048643e-10,0.9994009733200073,4.3078398920953775e-13,7.056247947057059e-13,1.940971117164736e-08,6.391369821568579e-17,2.6916630816581355e-12
C:\Projects\TM470\data\processed\test\Exidia\EAT2017-9188143_SkIXsq-ig.jpg,Exidia/EAT2017-9188143_SkIXsq-ig.jpg,Exidia,Exidia,True,0.9999885559082031,0.002755800000159,BaselineCNN,test,8.43797552446332e-14,1.1281326806056313e-05,2.7119975644536443e-13,9.197422912166076e-08,1.943645466795374e-09,0.9999885559082031,2.6433037893248505e-17,2.7880185139717018e-12,1.1988026127340845e-09,5.030618283052846e-12,1.7348377237807328e-13
C:\Projects\TM470\data\processed\test\Exidia\FA2009PIC34033903.jpg,Exidia/FA2009PIC34033903.jpg,Exidia,Entoloma,False,0.9814008474349976,0.002535199993872,BaselineCNN,test,0.00017352720897179097,0.0001381661422783509,7.159830602176953e-06,0.008977866731584072,0.9814008474349976,0.005891056265681982,0.0007470031268894672,0.0004502095398493111,0.0019814413972198963,0.00010527918493608013,0.0001275315007660538
C:\Projects\TM470\data\processed\test\Exidia\FA2009PIC41674148.jpg,Exidia/FA2009PIC41674148.jpg,Exidia,Exidia,True,0.5492069125175476,0.0029008999990765,BaselineCNN,test,0.03741622343659401,0.006628801114857197,0.0005855670315213501,0.03587044030427933,0.03746235370635986,0.5492069125175476,0.0002171823725802824,0.04703087359666824,0.2709444761276245,0.0016998746432363987,0.012937342748045921
C:\Projects\TM470\data\processed\test\Exidia\FDE2014PIC40274346.jpg,Exidia/FDE2014PIC40274346.jpg,Exidia,Exidia,True,0.5863524675369263,0.0026165000017499,BaselineCNN,test,5.524184416572098e-07,0.009692898020148277,2.7859507099492475e-05,0.4019967019557953,4.562496542348526e-06,0.5863524675369263,0.00021483867021743208,0.0016838760348036885,1.053588403010508e-05,1.9005343965261545e-09,1.5699049981776625e-05
C:\Projects\TM470\data\processed\test\Exidia\FS2013PIC31639353.jpg,Exidia/FS2013PIC31639353.jpg,Exidia,Inocybe,False,0.7631740570068359,0.0027249999984633,BaselineCNN,test,4.3199820538575295e-06,2.5313567675766535e-05,0.006721487268805504,2.4829839730955428e-06,3.601645221351646e-05,4.3156273022759706e-05,6.553396815434098e-05,0.7631740570068359,0.0045860824175179005,0.0006318794330582023,0.22470970451831818
C:\Projects\TM470\data\processed\test\Exidia\GLJ2012PIC77958863.jpg,Exidia/GLJ2012PIC77958863.jpg,Exidia,Lactarius,False,0.5502066612243652,0.0026186000031884,BaselineCNN,test,0.004259239882230759,0.19542796909809113,0.0022628356236964464,0.02970173768699169,0.052952494472265244,0.00022140868532005697,0.06841495633125305,8.391584560740739e-05,0.5502066612243652,0.013984950259327888,0.08248382806777954
C:\Projects\TM470\data\processed\test\Exidia\HM2012PIC53684895.jpg,Exidia/HM2012PIC53684895.jpg,Exidia,Entoloma,False,0.3751141130924225,0.0026386999961687,BaselineCNN,test,0.005959643982350826,0.25582411885261536,0.0007699212292209268,0.004801025148481131,0.3751141130924225,0.018419355154037476,0.09054792672395706,0.0006628293194808066,0.07470030337572098,0.0004323927569203079,0.17276838421821594
C:\Projects\TM470\data\processed\test\Exidia\JAH2010PIC83850018.jpg,Exidia/JAH2010PIC83850018.jpg,Exidia,Russula,False,0.43032094836235046,0.0029745000065304,BaselineCNN,test,0.3287268579006195,0.01635265350341797,0.0030475992243736982,0.008424383588135242,0.0003773983917199075,0.07813111692667007,9.506910282652825e-05,0.08196112513542175,0.052391257137060165,0.43032094836235046,0.00017158169066533446
C:\Projects\TM470\data\processed\test\Exidia\JAH2011PIC50778683.jpg,Exidia/JAH2011PIC50778683.jpg,Exidia,Cortinarius,False,0.41063621640205383,0.0030180000030668,BaselineCNN,test,0.0010258222464472055,1.3896107020627824e-06,2.2224316126084886e-05,0.41063621640205383,0.00014365068636834621,0.13993442058563232,1.318841391650949e-08,0.39985427260398865,0.010501003824174404,0.037880733609199524,2.7076114861301903e-07
C:\Projects\TM470\data\processed\test\Exidia\JAH2012PIC31946080.jpg,Exidia/JAH2012PIC31946080.jpg,Exidia,Exidia,True,0.36498433351516724,0.0027000999980373,BaselineCNN,test,0.04708164557814598,0.04716529697179794,0.32117733359336853,0.005982571747153997,9.108058293350041e-05,0.36498433351516724,9.688850695965812e-05,0.036096882075071335,0.031145617365837097,0.14612863957881927,4.972010356141254e-05
C:\Projects\TM470\data\processed\test\Exidia\JAH2012PIC42360712.jpg,Exidia/JAH2012PIC42360712.jpg,Exidia,Boletus,False,0.8247227668762207,0.0026999000110663,BaselineCNN,test,3.111881233053282e-05,0.0017246863571926951,0.8247227668762207,0.08810244500637054,3.7615038195326633e-07,9.58512318902649e-05,0.07614699751138687,0.0021725366823375225,0.0035646455362439156,2.6106912628165446e-05,0.0034125386737287045
C:\Projects\TM470\data\processed\test\Exidia\JAH2012PIC89993887.jpg,Exidia/JAH2012PIC89993887.jpg,Exidia,Inocybe,False,0.9993952512741089,0.0026892000023508,BaselineCNN,test,1.578634328325279e-05,2.0212020899634808e-05,1.134982198891521e-06,9.971557801691233e-09,7.011951907998082e-08,0.0005028393352404237,4.8220975823465295e-12,0.9993952512741089,2.2254955638345564e-06,6.253362516872585e-05,2.6930591090490452e-09
C:\Projects\TM470\data\processed\test\Exidia\JAJ2017-9185700_rkbkFjfUx.jpg,Exidia/JAJ2017-9185700_rkbkFjfUx.jpg,Exidia,Exidia,True,0.9994150400161743,0.0027253000007476,BaselineCNN,test,1.4098928886596696e-06,2.5994690986408386e-06,1.4853210328347188e-10,2.4371731797145912e-06,2.3049484099146866e-08,0.9994150400161743,6.901244332946366e-12,0.0005784043460153043,6.3783609505208e-08,2.4722204283733618e-09,1.3922136013477804e-11
C:\Projects\TM470\data\processed\test\Exidia\JC2016-9184056_Byw5hr_Qx.jpg,Exidia/JC2016-9184056_Byw5hr_Qx.jpg,Exidia,Exidia,True,0.9554228782653809,0.0030106999911367,BaselineCNN,test,1.9693037756951526e-05,2.4186317659768974e-06,2.4187047529267147e-05,0.04419189319014549,5.846177737112157e-05,0.9554228782653809,1.4382307199412026e-05,2.0813644368899986e-05,7.761985762044787e-05,8.470358443446457e-05,8.295151201309636e-05
C:\Projects\TM470\data\processed\test\Exidia\JCS2009PIC12309413.jpg,Exidia/JCS2009PIC12309413.jpg,Exidia,Exidia,True,0.9999804496765137,0.0029077999934088,BaselineCNN,test,1.1404853942481846e-15,2.613016247821065e-09,5.0396822132148245e-12,1.9589691873989068e-05,2.2475107996910992e-08,0.9999804496765137,2.4972967331960743e-18,6.846138239646749e-11,3.434068585050909e-10,3.1997283681417955e-16,9.105545949468605e-17
C:\Projects\TM470\data\processed\test\Exidia\JM2011PIC15975626.jpg,Exidia/JM2011PIC15975626.jpg,Exidia,Inocybe,False,0.31703850626945496,0.0027728999993996,BaselineCNN,test,0.2626585066318512,0.006200236268341541,0.00500502111390233,0.07284654676914215,0.0004306520277168602,0.158922478556633,0.0006350092007778585,0.31703850626945496,0.133785679936409,0.04208310320973396,0.0003943002375308424
C:\Projects\TM470\data\processed\test\Exidia\JM2012PIC10429941.jpg,Exidia/JM2012PIC10429941.jpg,Exidia,Exidia,True,0.9926787614822388,0.0029664000030606,BaselineCNN,test,0.00043846285552717745,8.239049930125475e-05,1.5830345034828497e-08,0.000168264567037113,1.4016034860508952e-11,0.9926787614822388,1.4062795050087847e-14,0.004120128694921732,1.6302905692100467e-07,0.0025117811746895313,1.861772671793438e-12
C:\Projects\TM470\data\processed\test\Exidia\JM2016-9182928_HydQkTeMe.jpg,Exidia/JM2016-9182928_HydQkTeMe.jpg,Exidia,Lactarius,False,0.7856806516647339,0.0029409000126179,BaselineCNN,test,0.00158042146358639,1.3214871614763979e-05,0.0008847584249451756,0.12819136679172516,0.043809711933135986,0.01466953195631504,3.986377487308346e-05,0.006168595515191555,0.7856806516647339,0.018930708989501,3.1206229323288426e-05
C:\Projects\TM470\data\processed\test\Exidia\JMI2017-9225941_BkUTwno3Z.jpg,Exidia/JMI2017-9225941_BkUTwno3Z.jpg,Exidia,Inocybe,False,0.9955326318740845,0.0029514000052586,BaselineCNN,test,0.00036310876021161675,0.003553559072315693,2.7939009439315043e-10,2.8936092633102817e-08,3.1130275601753965e-07,0.0004375704738777131,3.316513064177684e-09,0.9955326318740845,2.4944757370803927e-08,0.00011267507943557575,9.098896747161689e-09
C:\Projects\TM470\data\processed\test\Exidia\JO2011PIC61426163.jpg,Exidia/JO2011PIC61426163.jpg,Exidia,Inocybe,False,0.29524466395378113,0.002564499998698,BaselineCNN,test,0.015298805199563503,0.006935378536581993,0.1285804659128189,0.02019551210105419,0.0006040816660970449,0.22493869066238403,0.005574059206992388,0.29524466395378113,0.21611766517162323,0.02485533058643341,0.061655350029468536
C:\Projects\TM470\data\processed\test\Exidia\KMA2016-9182761_BJZkKzAWe.jpg,Exidia/KMA2016-9182761_BJZkKzAWe.jpg,Exidia,Exidia,True,0.9241955876350403,0.0026463999965926,BaselineCNN,test,0.00018273243040312082,0.0065693301148712635,0.02681378647685051,0.025321118533611298,0.0068139987997710705,0.9241955876350403,4.673566309065791e-06,0.000636985816527158,0.003568171290680766,0.005891215056180954,2.457965138091822e-06
C:\Projects\TM470\data\processed\test\Exidia\KNI2009PIC40725553.jpg,Exidia/KNI2009PIC40725553.jpg,Exidia,Entoloma,False,0.9368647336959839,0.0029766000079689,BaselineCNN,test,2.2551223537448095e-06,2.270544609928038e-05,8.641672266662681e-09,0.0012514862464740872,0.9368647336959839,0.06180933862924576,2.5935378289432265e-05,1.6864205463207327e-06,2.1442190700327046e-05,3.870685532092466e-07,8.953792018928652e-08
C:\Projects\TM470\data\processed\test\Exidia\KNK2014PIC59831810.jpg,Exidia/KNK2014PIC59831810.jpg,Exidia,Exidia,True,0.9894970655441284,0.0026230000075884,BaselineCNN,test,0.00016670736658852547,6.34905300103128e-05,0.0007756347768008709,0.00403665890917182,0.00011046387226087973,0.9894970655441284,4.8106617214216385e-06,0.004491729196161032,0.0008514412329532206,4.4427277856584624e-08,1.838677235355135e-06
C:\Projects\TM470\data\processed\test\Exidia\MC2017-9190790_r1lwUvc0e.jpg,Exidia/MC2017-9190790_r1lwUvc0e.jpg,Exidia,Exidia,True,0.9389850497245789,0.0026414000021759,BaselineCNN,test,0.00012368282477837056,0.00011305664520477876,2.5938199996744515e-06,0.0001059092246578075,0.001836099079810083,0.9389850497245789,0.0001382699265377596,0.0013490311102941632,0.057294681668281555,8.643864930490963e-06,4.304779213271104e-05
C:\Projects\TM470\data\processed\test\Exidia\MFC2016-9180603_HJlPfl0lxe.jpg,Exidia/MFC2016-9180603_HJlPfl0lxe.jpg,Exidia,Exidia,True,0.9393470883369446,0.0026111999904969,BaselineCNN,test,5.666248625857406e-07,0.03397153690457344,5.045077688947686e-10,0.02396482415497303,0.0011778994230553508,0.9393470883369446,3.517458389978856e-05,0.001271209679543972,0.00022964378877077252,8.203972917675273e-11,2.091652049784898e-06
C:\Projects\TM470\data\processed\test\Exidia\ML2009PIC13001963.jpg,Exidia/ML2009PIC13001963.jpg,Exidia,Boletus,False,0.8242849111557007,0.0029207999905338,BaselineCNN,test,0.00016135204350575805,0.0017945459112524986,0.8242849111557007,0.0012481495505198836,0.0003091995313297957,0.00014106591697782278,0.00031359761487692595,0.0023954794742166996,0.09344542771577835,0.00014659514999948442,0.07575969398021698
C:\Projects\TM470\data\processed\test\Exidia\ML2011PIC18007945.jpg,Exidia/ML2011PIC18007945.jpg,Exidia,Exidia,True,0.6000025272369385,0.0026068000006489,BaselineCNN,test,1.306546693058408e-07,0.000786092015914619,0.3916997015476227,0.004162612836807966,1.3671667147718836e-05,0.6000025272369385,9.169806407249848e-12,0.0001835543371271342,0.0018881696742027998,0.0012634944869205356,1.9883668045395098e-08
C:\Projects\TM470\data\processed\test\Exidia\ML2011PIC65179349.jpg,Exidia/ML2011PIC65179349.jpg,Exidia,Inocybe,False,0.7916613817214966,0.0027800999960163,BaselineCNN,test,0.015910189598798752,0.0027433205395936966,1.3307873814483173e-05,5.751285789301619e-05,4.316309798468865e-07,0.01819273829460144,3.5637892636941615e-08,0.7916613817214966,2.5965384338633157e-05,0.1713944524526596,7.111723903108214e-07
C:\Projects\TM470\data\processed\test\Exidia\MMN2010PIC69549468.jpg,Exidia/MMN2010PIC69549468.jpg,Exidia,Lactarius,False,0.8656127452850342,0.0027645000081975,BaselineCNN,test,6.617197868763469e-06,3.7602636439260095e-05,5.6894656154327095e-05,3.323526107124053e-05,0.0909147560596466,0.043322280049324036,1.404483373335097e-05,5.49063088328694e-07,0.8656127452850342,9.102350304601714e-07,3.8521852729900274e-07
C:\Projects\TM470\data\processed\test\Exidia\MMN2012PIC61631279.jpg,Exidia/MMN2012PIC61631279.jpg,Exidia,Exidia,True,0.9959819316864014,0.0029899999935878,BaselineCNN,test,2.725831109273713e-06,8.26020841486752e-05,4.102825812424271e-07,1.9229566987633007e-06,1.2329616494444195e-12,0.9959819316864014,2.970491852494206e-09,0.003929386381059885,1.0418713145554648e-06,1.2320943376664673e-08,3.173778601039956e-11
C:\Projects\TM470\data\processed\test\Exidia\MSO2011PIC32526200.jpg,Exidia/MSO2011PIC32526200.jpg,Exidia,Exidia,True,0.8428725600242615,0.0026287000073352,BaselineCNN,test,0.002503724070265889,0.01100179273635149,0.07156883925199509,0.023389536887407303,0.020651264116168022,0.8428725600242615,0.0001266282779397443,0.0021949324291199446,0.024417228996753693,0.0010384275810793042,0.00023509107995778322
C:\Projects\TM470\data\processed\test\Exidia\MSO2012PIC15916968.jpg,Exidia/MSO2012PIC15916968.jpg,Exidia,Exidia,True,0.9999996423721313,0.002726699996856,BaselineCNN,test,1.3681287006073184e-11,1.4351168864390473e-10,8.095379835232341e-14,8.369501381007283e-13,1.138904304198718e-09,0.9999996423721313,7.516814425302589e-16,3.8210254160730983e-07,8.872828693995416e-09,1.0046237930091961e-12,3.2540745314332234e-16
C:\Projects\TM470\data\processed\test\Exidia\MSO2014PIC66151749.jpg,Exidia/MSO2014PIC66151749.jpg,Exidia,Exidia,True,0.9563671350479126,0.002698500000406,BaselineCNN,test,0.033794764429330826,0.0004195400979369879,3.1410277756549476e-07,0.0006455155089497566,0.004028126131743193,0.9563671350479126,2.231775852123974e-06,1.246176634595031e-05,0.0029210317879915237,0.001808537868782878,3.3476842986601696e-07
C:\Projects\TM470\data\processed\test\Exidia\MSO2015PIC74895293.jpg,Exidia/MSO2015PIC74895293.jpg,Exidia,Lactarius,False,0.5030718445777893,0.0026265000051353,BaselineCNN,test,0.0004147938743699342,0.0003508445806801319,0.23596982657909393,0.0089748939499259,0.0016199202509596944,0.01525853481143713,0.003765182802453637,0.03639747574925423,0.5030718445777893,0.0021499942522495985,0.19202663004398346
C:\Projects\TM470\data\processed\test\Exidia\MSO2016PIC23090222.jpg,Exidia/MSO2016PIC23090222.jpg,Exidia,Exidia,True,0.6158075928688049,0.0026150999910896,BaselineCNN,test,0.008972179144620895,0.0009388707694597542,0.0005781294894404709,0.06047196313738823,0.0037116932217031717,0.6158075928688049,9.423359733773395e-05,0.2595635950565338,0.03950570151209831,0.00506597338244319,0.0052900249138474464
C:\Projects\TM470\data\processed\test\Exidia\NHE2016-9180599_Byki66lel.jpg,Exidia/NHE2016-9180599_Byki66lel.jpg,Exidia,Inocybe,False,0.9744485020637512,0.0029853000014554,BaselineCNN,test,0.00522440392524004,0.004582435358315706,2.3300470274989493e-05,0.013186110183596611,0.00019842511392198503,0.0023110199254006147,3.085691105297883e-06,0.9744485020637512,1.2586022421601228e-05,5.490207399816427e-07,9.452205631532706e-06
C:\Projects\TM470\data\processed\test\Exidia\NVM2013PIC42485487.jpg,Exidia/NVM2013PIC42485487.jpg,Exidia,Lactarius,False,0.6841373443603516,0.0029785000078845,BaselineCNN,test,0.026911446824669838,0.0007137772045098245,0.0005478521343320608,0.1425221860408783,2.2110381905804388e-05,0.0017301230691373348,0.00018975252169184387,0.007384702563285828,0.6841373443603516,0.13416306674480438,0.0016776261618360877
C:\Projects\TM470\data\processed\test\Exidia\RSS2017-9188091_H1ey3FQyoe.jpg,Exidia/RSS2017-9188091_H1ey3FQyoe.jpg,Exidia,Inocybe,False,0.4512607157230377,0.0029071000026306,BaselineCNN,test,0.09410283714532852,0.024012280628085136,2.592469536466524e-05,0.0067634060978889465,4.588896263157949e-05,0.07789824157953262,1.1693457935280094e-07,0.4512607157230377,0.0003332772175781429,0.345554918050766,2.4007802039704984e-06
C:\Projects\TM470\data\processed\test\Exidia\TAK2013PIC32572675.jpg,Exidia/TAK2013PIC32572675.jpg,Exidia,Exidia,True,1.0,0.002805600001011,BaselineCNN,test,9.546493517426024e-19,1.5969093181047306e-13,4.782991897586591e-17,6.0883845708070705e-12,5.567119796834727e-21,1.0,1.6085766216912417e-22,3.1032483249759935e-09,9.309010810462648e-13,8.258426479122232e-20,7.96093989793645e-22
C:\Projects\TM470\data\processed\test\Exidia\TIL2017-9190084_BJQTBLw6px.jpg,Exidia/TIL2017-9190084_BJQTBLw6px.jpg,Exidia,Exidia,True,0.9826948046684265,0.0025909000105457,BaselineCNN,test,0.0002527725009713322,0.01610499992966652,1.4504134071557928e-07,0.00083080620970577,9.383320502820425e-06,0.9826948046684265,1.049871798386448e-06,7.707170880166814e-05,2.8222555556567386e-05,6.759838129255513e-07,1.4534487036144128e-07
C:\Projects\TM470\data\processed\test\Exidia\TKH2012PIC10624779.jpg,Exidia/TKH2012PIC10624779.jpg,Exidia,Exidia,True,0.9981746673583984,0.0026575999945634,BaselineCNN,test,0.00010521610965952277,0.0007514259195886552,2.59521202679025e-05,3.469632792985067e-05,0.0002186827186960727,0.9981746673583984,2.2738329619187425e-07,0.0002194701664848253,0.00046852370724081993,2.747808593994705e-07,8.84020778357808e-07
C:\Projects\TM470\data\processed\test\Exidia\TKH2013PIC59849237.jpg,Exidia/TKH2013PIC59849237.jpg,Exidia,Exidia,True,0.37975674867630005,0.0026219999999739,BaselineCNN,test,0.3745347261428833,0.011137029156088829,8.80748120835051e-05,0.003202398307621479,2.1350144834286766e-06,0.37975674867630005,1.7872002899821382e-06,0.12276583164930344,0.004159449599683285,0.10434659570455551,5.132013029651716e-06
C:\Projects\TM470\data\processed\test\Exidia\TKH2015PIC23528165.jpg,Exidia/TKH2015PIC23528165.jpg,Exidia,Boletus,False,0.8560951948165894,0.0030264000088209,BaselineCNN,test,6.42355757918267e-07,0.002029595198109746,0.8560951948165894,1.6523410977242747e-06,0.008991672657430172,6.828503842370992e-07,5.615294867311604e-06,0.0007422931375913322,0.001569358166307211,0.1284366250038147,0.0021266425028443336
C:\Projects\TM470\data\processed\test\Exidia\TL2015PIC58388718.jpg,Exidia/TL2015PIC58388718.jpg,Exidia,Exidia,True,0.9991791844367981,0.0025336999970022,BaselineCNN,test,4.640168024122593e-12,0.0001119687149184756,0.0003106036165263504,0.0003273820911999792,6.526246579596773e-05,0.9991791844367981,2.1531764105020557e-07,6.131085417138138e-09,5.334036359272432e-06,3.5330360859120447e-09,2.568008472536576e-09
C:\Projects\TM470\data\processed\test\Exidia\TL2015PIC80481245.jpg,Exidia/TL2015PIC80481245.jpg,Exidia,Cortinarius,False,0.39182204008102417,0.002807800003211,BaselineCNN,test,0.3196386396884918,0.22988414764404297,3.6329030990600586e-05,0.39182204008102417,0.00010632964404067025,0.027435176074504852,9.057874194695614e-06,0.0001451189018553123,0.030063869431614876,0.0008211520034819841,3.8094793126219884e-05
C:\Projects\TM470\data\processed\test\Exidia\TL2016-9182730_HykuO06Zg.jpg,Exidia/TL2016-9182730_HykuO06Zg.jpg,Exidia,Inocybe,False,0.9971967935562134,0.0029789000109303,BaselineCNN,test,5.565083938563475e-06,4.2848702719311405e-07,9.128585531925637e-08,0.001146606169641018,5.867316854590854e-09,0.00116180710028857,3.174238116798733e-08,0.9971967935562134,0.0004884793888777494,1.9703665543602256e-07,3.779383472846121e-09
C:\Projects\TM470\data\processed\test\Exidia\TOB2015PIC38267487.jpg,Exidia/TOB2015PIC38267487.jpg,Exidia,Exidia,True,0.9935914874076843,0.0025425000058021,BaselineCNN,test,0.00014222119352780282,1.2086886272300035e-05,0.00042648823000490665,0.0015456497203558683,8.846797572914511e-05,0.9935914874076843,2.4052489777659503e-08,0.0017594151431694627,0.00172533153090626,0.0007080992800183594,7.268694162121392e-07
C:\Projects\TM470\data\processed\test\Exidia\TOB2016-9184524_S10gErNNl.jpg,Exidia/TOB2016-9184524_S10gErNNl.jpg,Exidia,Cortinarius,False,0.7208608388900757,0.0029181999998399,BaselineCNN,test,0.0006004712777212262,6.771207699785009e-05,0.003112169448286295,0.7208608388900757,7.048419502098113e-05,9.088926890399307e-05,0.00010590339661575854,0.0035947386641055346,0.24844890832901,0.022396879270672798,0.0006509097293019295
C:\Projects\TM470\data\processed\test\Exidia\TS2010PIC71382964.jpg,Exidia/TS2010PIC71382964.jpg,Exidia,Exidia,True,0.9968775510787964,0.00297970000247,BaselineCNN,test,3.546621485384094e-08,4.270450517651625e-05,8.727460954105482e-05,2.5744546405803703e-07,0.002484720665961504,0.9968775510787964,1.523348629461907e-07,4.2132625821977854e-05,0.00046515147550962865,3.502306666902655e-09,1.8056693917856137e-08
C:\Projects\TM470\data\processed\test\Exidia\TS2013PIC55827351.jpg,Exidia/TS2013PIC55827351.jpg,Exidia,Exidia,True,0.9514713287353516,0.0025961000064853,BaselineCNN,test,0.011933434754610062,0.003442722372710705,0.0046310569159686565,0.0007289049681276083,3.004428208441823e-07,0.9514713287353516,3.320214716495684e-07,0.0007530286093242466,0.0011836424237117171,0.02585100755095482,4.285066097509116e-06
C:\Projects\TM470\data\processed\test\Exidia\TS2016PIC29053644.jpg,Exidia/TS2016PIC29053644.jpg,Exidia,Amanita,False,0.6921370625495911,0.0026199999992968,BaselineCNN,test,1.0088203709901489e-11,0.6921370625495911,1.3637754925355239e-08,2.0098643290111795e-05,6.514906947252541e-10,0.3078424632549286,9.445209059322224e-09,1.0429713626081139e-07,2.052975389688072e-07,5.614864042463585e-13,5.105736722299525e-09
C:\Projects\TM470\data\processed\test\Exidia\TS2016PIC39839225.jpg,Exidia/TS2016PIC39839225.jpg,Exidia,Lactarius,False,0.7684835195541382,0.003000200013048,BaselineCNN,test,0.17102377116680145,0.00334949535317719,0.004007821902632713,0.013131564483046532,0.0034113721922039986,3.736958387889899e-05,0.0001541559468023479,4.653488576877862e-05,0.7684835195541382,0.02983497455716133,0.006519407499581575
C:\Projects\TM470\data\processed\test\Exidia\UFN2017-9192300_S1ZikyZeW.jpg,Exidia/UFN2017-9192300_S1ZikyZeW.jpg,Exidia,Exidia,True,0.9619187712669373,0.0029240000003483,BaselineCNN,test,0.0001891517313197255,0.017038557678461075,7.176287795118697e-07,0.0005164752947166562,0.015732841566205025,0.9619187712669373,0.0013720352435484529,1.272676763619529e-05,0.0032048397697508335,8.653334475638985e-07,1.2988464732188731e-05
C:\Projects\TM470\data\processed\test\Exidia\UFN2017-9192376_BkicKxmgb.jpg,Exidia/UFN2017-9192376_BkicKxmgb.jpg,Exidia,Exidia,True,0.6503913402557373,0.0029726999928243,BaselineCNN,test,0.0002827575372066349,0.0017120115226134658,0.024711666628718376,0.28329378366470337,1.5297770005417988e-05,0.6503913402557373,2.3605126386883057e-07,0.0008680637693032622,0.003612437518313527,0.03509767726063728,1.4754423318663612e-05
C:\Projects\TM470\data\processed\test\Hygrocybe\000_ZNTZP3tXkz8.jpg,Hygrocybe/000_ZNTZP3tXkz8.jpg,Hygrocybe,Hygrocybe,True,0.6823644638061523,0.0029175000090617,BaselineCNN,test,8.730528406886151e-07,0.0022776119876652956,0.0008735484443604946,3.655792897916399e-05,0.28574392199516296,0.0004512237792368978,0.6823644638061523,0.0001771381066646427,0.027985045686364174,7.07656581653282e-05,1.8801152691594325e-05
C:\Projects\TM470\data\processed\test\Hygrocybe\003_r_0kZgNW3Tc.jpg,Hygrocybe/003_r_0kZgNW3Tc.jpg,Hygrocybe,Cortinarius,False,0.7069920897483826,0.0026112999912584,BaselineCNN,test,8.668957107715869e-09,0.016234824433922768,0.10477890819311142,0.7069920897483826,2.5620844098739326e-05,1.2236864677106496e-06,0.02322637103497982,0.07846561074256897,0.00013646901061292738,2.3755829303695464e-08,0.07013891637325287
C:\Projects\TM470\data\processed\test\Hygrocybe\004_uURYojZQbjQ.jpg,Hygrocybe/004_uURYojZQbjQ.jpg,Hygrocybe,Entoloma,False,0.8921310305595398,0.0025877000007312,BaselineCNN,test,1.0673747397049738e-07,0.0017375771421939135,0.0017232728423550725,0.0010719889542087913,0.8921310305595398,9.079151368496241e-07,0.10152485966682434,0.0001574385678395629,5.23149392392952e-05,0.0015457727713510394,5.467004666570574e-05
C:\Projects\TM470\data\processed\test\Hygrocybe\012_LItejlRJ918.jpg,Hygrocybe/012_LItejlRJ918.jpg,Hygrocybe,Cortinarius,False,0.8250159025192261,0.002741899996181,BaselineCNN,test,3.3837048249552026e-05,2.3199852421385003e-06,2.4651851617818465e-06,0.8250159025192261,1.0045037868167128e-07,4.99929597719273e-10,0.00040487240767106414,0.0004316487174946815,0.09420225024223328,1.5357874190158327e-06,0.07990511506795883
C:\Projects\TM470\data\processed\test\Hygrocybe\022_NycgOWqKPEA.jpg,Hygrocybe/022_NycgOWqKPEA.jpg,Hygrocybe,Boletus,False,0.883379340171814,0.0026465999981155,BaselineCNN,test,3.691671008709818e-05,0.00019707725732587278,0.883379340171814,0.026624659076333046,1.051906792781665e-06,1.7732384094415465e-07,8.461205288767815e-05,0.003956517670303583,0.08513803035020828,0.0005498274113051593,3.1879415473667905e-05
C:\Projects\TM470\data\processed\test\Hygrocybe\030_AQ4o1Xm4AL0.jpg,Hygrocybe/030_AQ4o1Xm4AL0.jpg,Hygrocybe,Hygrocybe,True,0.9753589630126953,0.0029744999919785,BaselineCNN,test,1.3688906674858003e-09,0.0020132851786911488,0.015807295218110085,0.006600842345505953,4.5215178268165346e-09,3.3661879950130924e-09,0.9753589630126953,1.0038810614787508e-05,2.4795403078314848e-05,9.576483535056468e-07,0.00018381612608209252
C:\Projects\TM470\data\processed\test\Hygrocybe\032_DZ1xy6htm0M.jpg,Hygrocybe/032_DZ1xy6htm0M.jpg,Hygrocybe,Cortinarius,False,0.48176810145378113,0.0025969999987864,BaselineCNN,test,0.0016465598018839955,0.0005019078380428255,0.001188200432807207,0.48176810145378113,1.9256565053638042e-07,0.00020994734950363636,0.0011070927139371634,0.0860113576054573,0.0025225684512406588,0.4250435531139374,5.547321393351012e-07
C:\Projects\TM470\data\processed\test\Hygrocybe\040_3txjJQ9iLYI.jpg,Hygrocybe/040_3txjJQ9iLYI.jpg,Hygrocybe,Hygrocybe,True,0.8407973051071167,0.0029844999953638,BaselineCNN,test,5.2972808362028445e-09,0.0011855373159050941,0.14164309203624725,0.004941085819154978,5.1443289628139155e-09,9.915593679465928e-09,0.8407973051071167,0.007668911479413509,0.0018720965599641204,1.951177409864613e-06,0.0018899644492194057
C:\Projects\TM470\data\processed\test\Hygrocybe\045_TJd-2TQFv10.jpg,Hygrocybe/045_TJd-2TQFv10.jpg,Hygrocybe,Lactarius,False,0.7437326908111572,0.0026096999936271,BaselineCNN,test,2.3800610371438324e-09,1.7044181731762365e-05,0.004050331190228462,0.010172535665333271,1.0335724027754623e-06,1.1800919352822348e-08,0.24106650054454803,7.206774171208963e-06,0.7437326908111572,1.7007534552249126e-05,0.0009356081718578935
C:\Projects\TM470\data\processed\test\Hygrocybe\049_XD-_-BeBBR4.jpg,Hygrocybe/049_XD-_-BeBBR4.jpg,Hygrocybe,Cortinarius,False,0.36994925141334534,0.0025803999888012,BaselineCNN,test,1.500889084127266e-05,0.006527548190206289,0.05446761101484299,0.36994925141334534,5.113421138958074e-05,2.9860875656595454e-05,0.07980648428201675,0.027173670008778572,0.15202482044696808,0.0003633722080849111,0.30959123373031616
C:\Projects\TM470\data\processed\test\Hygrocybe\050_ubNntQr-eWE.jpg,Hygrocybe/050_ubNntQr-eWE.jpg,Hygrocybe,Hygrocybe,True,0.8026623129844666,0.0030040000128792,BaselineCNN,test,9.021269065101478e-09,1.2672509001276921e-05,0.00018992267723660916,0.1106177568435669,1.0506479952709924e-07,4.253049468161407e-08,0.8026623129844666,0.0003035244590137154,0.013105815276503563,6.279451980617523e-08,0.07310773432254791
C:\Projects\TM470\data\processed\test\Hygrocybe\056_cGxyxb6UHGk.jpg,Hygrocybe/056_cGxyxb6UHGk.jpg,Hygrocybe,Boletus,False,0.7306426763534546,0.0025619000080041,BaselineCNN,test,0.0061036767438054085,0.00993246678262949,0.7306426763534546,0.008424170315265656,0.0003308213490527123,0.0012652183650061488,0.0028943244833499193,0.00015262007946148515,0.20517699420452118,0.003366616554558277,0.0317104198038578
C:\Projects\TM470\data\processed\test\Hygrocybe\070_WNKPUMir-JY.jpg,Hygrocybe/070_WNKPUMir-JY.jpg,Hygrocybe,Lactarius,False,0.9992927312850952,0.0026410999998915,BaselineCNN,test,1.9108622670294118e-11,5.336680430900742e-09,0.0005440922686830163,1.490715476393234e-05,5.826674168929458e-06,1.5546019332957073e-11,5.043467012910696e-07,3.5243814977548027e-07,0.9992927312850952,2.8270846996747423e-07,0.00014126166934147477
C:\Projects\TM470\data\processed\test\Hygrocybe\072_G-fOGmTh3jY.jpg,Hygrocybe/072_G-fOGmTh3jY.jpg,Hygrocybe,Boletus,False,0.9989880919456482,0.0029165000014472,BaselineCNN,test,7.260554570759359e-12,3.025481419172138e-06,0.9989880919456482,0.00021938189456705004,5.062315011628016e-09,4.3673548333345025e-08,0.0006559575558640063,9.563715138938278e-05,1.068497385858791e-05,4.550992116492125e-07,2.672610935405828e-05
C:\Projects\TM470\data\processed\test\Hygrocybe\076_HGEpcAdN9KE.jpg,Hygrocybe/076_HGEpcAdN9KE.jpg,Hygrocybe,Hygrocybe,True,0.7631331086158752,0.002595799989649,BaselineCNN,test,8.997694749268703e-07,0.005414621438831091,0.0074817040003836155,0.16316045820713043,9.987679732148536e-06,1.2941785598741262e-06,0.7631331086158752,0.0024820296093821526,0.011632711626589298,9.248557762475684e-05,0.04659072682261467
C:\Projects\TM470\data\processed\test\Hygrocybe\081_puYZ4KzYSqs.jpg,Hygrocybe/081_puYZ4KzYSqs.jpg,Hygrocybe,Cortinarius,False,0.9882673621177673,0.0028609000000869,BaselineCNN,test,1.0099443503719385e-09,5.179816798772663e-05,0.0004427377425599843,0.9882673621177673,1.0148579349333886e-05,3.0402665288420394e-05,1.9933573639718816e-05,0.0005823716055601835,0.00012153484567534178,6.209711855831301e-09,0.010473661124706268
C:\Projects\TM470\data\processed\test\Hygrocybe\107_8A2HnEVmiKo.jpg,Hygrocybe/107_8A2HnEVmiKo.jpg,Hygrocybe,Boletus,False,0.9998351335525513,0.002621799998451,BaselineCNN,test,4.923814689306028e-10,5.209661591010217e-09,0.9998351335525513,7.45332542351207e-08,3.2499749419434565e-11,8.046826009341923e-13,7.751626253593713e-05,2.5146142945686734e-09,8.303979848278686e-05,1.5837393618767237e-07,4.069400802109158e-06
C:\Projects\TM470\data\processed\test\Hygrocybe\112_qr7hsvuhJZ0.jpg,Hygrocybe/112_qr7hsvuhJZ0.jpg,Hygrocybe,Hygrocybe,True,0.8004416227340698,0.0025966999965021,BaselineCNN,test,2.734292365857982e-07,9.449340723222122e-05,0.0003238208591938019,0.001271687913686037,9.77313447947381e-07,6.0418847169785295e-06,0.8004416227340698,0.007302672136574984,0.0014117843238636851,2.226069955213461e-05,0.18912431597709656
C:\Projects\TM470\data\processed\test\Hygrocybe\126_0gAqgiheOxI.jpg,Hygrocybe/126_0gAqgiheOxI.jpg,Hygrocybe,Hygrocybe,True,0.9750033617019653,0.0029636999970534,BaselineCNN,test,1.0732565058901855e-08,2.4080996809061617e-05,0.0004664104781113565,0.015207746997475624,6.646258299269903e-08,1.9721843713682574e-08,0.9750033617019653,0.0008095701923593879,0.0010940246284008026,0.0059250094927847385,0.0014696992002427578
C:\Projects\TM470\data\processed\test\Hygrocybe\127_XCKEujZlVek.jpg,Hygrocybe/127_XCKEujZlVek.jpg,Hygrocybe,Lactarius,False,0.9849053025245667,0.0025801000010687,BaselineCNN,test,6.322772166944546e-11,1.3765529827125533e-09,0.0009558732272125781,0.003011044580489397,3.2386145848439796e-11,7.624418843943815e-15,5.693603816325776e-05,5.185273321828276e-10,0.9849053025245667,0.0011980957351624966,0.009872699156403542
C:\Projects\TM470\data\processed\test\Hygrocybe\129_j8zgmU7QMxU.jpg,Hygrocybe/129_j8zgmU7QMxU.jpg,Hygrocybe,Hygrocybe,True,0.985044002532959,0.0029263000033097,BaselineCNN,test,1.7583017264399814e-09,1.8928052668343298e-05,4.2295479943277314e-05,0.010936726815998554,3.269971671215899e-07,3.1245017684256027e-09,0.985044002532959,0.00012732628965750337,0.0010896242456510663,2.5692042981972918e-05,0.0027150651440024376
C:\Projects\TM470\data\processed\test\Hygrocybe\132_tuQX6vBvZRk.jpg,Hygrocybe/132_tuQX6vBvZRk.jpg,Hygrocybe,Cortinarius,False,0.87962406873703,0.0030016999953659,BaselineCNN,test,7.277277742983809e-16,1.680847683260822e-10,0.0013451753184199333,0.87962406873703,7.642522682413389e-13,2.313025259607221e-13,0.09177219867706299,7.675711458432488e-06,0.02723686769604683,8.55680900713196e-06,5.397293534770142e-06
C:\Projects\TM470\data\processed\test\Hygrocybe\133_3_ieL2NtOF0.jpg,Hygrocybe/133_3_ieL2NtOF0.jpg,Hygrocybe,Boletus,False,0.7914498448371887,0.0025842000031843,BaselineCNN,test,4.4454200320842574e-08,1.6850615793373436e-05,0.7914498448371887,0.12089762091636658,4.120858818623674e-07,8.442559151777829e-11,0.05365462228655815,5.456557119032368e-06,0.030451321974396706,0.00026002118829637766,0.0032637750264257193
C:\Projects\TM470\data\processed\test\Hygrocybe\142_bhwsyvZtIY0.jpg,Hygrocybe/142_bhwsyvZtIY0.jpg,Hygrocybe,Lactarius,False,0.7667186260223389,0.0029304000054253,BaselineCNN,test,0.017765482887625694,0.000911362178158015,8.298691682284698e-05,0.00011186092888237908,0.20528313517570496,0.0028854694683104753,0.00040499851456843317,0.00368728069588542,0.7667186260223389,0.0018715386977419257,0.00027724989922717214
C:\Projects\TM470\data\processed\test\Hygrocybe\153_vIb6t4IHEzM.jpg,Hygrocybe/153_vIb6t4IHEzM.jpg,Hygrocybe,Hygrocybe,True,0.9976061582565308,0.0025456000003032,BaselineCNN,test,2.621254602264145e-10,0.00010149669833481312,0.00019309022172819823,0.0015130633255466819,3.5563803066906985e-06,1.7669224305905118e-08,0.9976061582565308,0.00036484282463788986,9.99533040157985e-06,0.00019999624055344611,7.743093192402739e-06
C:\Projects\TM470\data\processed\test\Hygrocybe\159_Ymge5g1qpP4.jpg,Hygrocybe/159_Ymge5g1qpP4.jpg,Hygrocybe,Boletus,False,0.9982896447181702,0.0029308000084711,BaselineCNN,test,2.3347691835429174e-11,1.3086119906802196e-05,0.9982896447181702,0.0016945297829806805,6.709159094953066e-08,5.7285319599031936e-08,2.4241958271886688e-06,1.017905688627252e-07,6.0426820880366e-08,7.331971696444839e-10,9.215677465590488e-08
C:\Projects\TM470\data\processed\test\Hygrocybe\167_0dmBJfGHH8c.jpg,Hygrocybe/167_0dmBJfGHH8c.jpg,Hygrocybe,Hygrocybe,True,0.9382528066635132,0.0029288999940035,BaselineCNN,test,2.416286571868542e-13,6.064430181140779e-06,0.06166044622659683,4.990712841390632e-05,4.2230140825244566e-13,3.690737993000681e-11,0.9382528066635132,9.632211913412903e-06,3.677126187540125e-06,1.2115837932924478e-07,1.7310338080278598e-05
C:\Projects\TM470\data\processed\test\Hygrocybe\181_GCIMCymbYLk.jpg,Hygrocybe/181_GCIMCymbYLk.jpg,Hygrocybe,Cortinarius,False,0.3259548246860504,0.0029520999960368,BaselineCNN,test,0.0016515562310814857,0.0011424818076193333,7.316546543734148e-05,0.3259548246860504,0.32153594493865967,0.12673164904117584,0.06091802939772606,0.07993433624505997,0.0771801769733429,3.092376937274821e-05,0.004846838302910328
C:\Projects\TM470\data\processed\test\Hygrocybe\188_5IJ0j3yYEyk.jpg,Hygrocybe/188_5IJ0j3yYEyk.jpg,Hygrocybe,Entoloma,False,0.941605806350708,0.0025829999940469,BaselineCNN,test,5.837119374518807e-07,3.432718926887901e-07,3.764277951845418e-12,3.287468643975444e-07,0.941605806350708,2.761944415397011e-07,1.029320901579922e-05,7.96975285766166e-08,0.002427204977720976,0.05595499649643898,1.4521140366541285e-12
C:\Projects\TM470\data\processed\test\Hygrocybe\201_9i5OZWNQwG0.jpg,Hygrocybe/201_9i5OZWNQwG0.jpg,Hygrocybe,Cortinarius,False,0.9734172224998474,0.0026046999992104,BaselineCNN,test,1.0642254438808507e-11,4.300262389733689e-06,0.0011198498541489244,0.9734172224998474,1.850046101026237e-05,1.1248284081943893e-08,0.02533569000661373,1.6374955521314405e-05,2.4904187739593908e-05,1.2465335430533742e-07,6.299548840615898e-05
C:\Projects\TM470\data\processed\test\Hygrocybe\203_Z33ahTENL0Q.jpg,Hygrocybe/203_Z33ahTENL0Q.jpg,Hygrocybe,Russula,False,0.9042479395866394,0.0028320000128587,BaselineCNN,test,8.965261311111306e-10,4.539777000900358e-05,0.0025069727562367916,0.09178297966718674,1.1348792213539127e-05,1.9799657025032502e-08,0.00019444477220531553,4.241379087943642e-07,0.0011180681176483631,0.9042479395866394,9.24699634197168e-05
C:\Projects\TM470\data\processed\test\Hygrocybe\205_pVtK0sC_qAE.jpg,Hygrocybe/205_pVtK0sC_qAE.jpg,Hygrocybe,Hygrocybe,True,0.990138053894043,0.0025933000142686,BaselineCNN,test,7.402473003060434e-14,5.732921977141814e-07,0.009713167324662209,0.00014128611655905843,1.4917468869801091e-15,8.795701255011334e-14,0.990138053894043,3.90131873473365e-07,4.4479443772615923e-07,5.345153795133228e-07,5.466916263685562e-06
C:\Projects\TM470\data\processed\test\Hygrocybe\216_jDgNLEnykyU.jpg,Hygrocybe/216_jDgNLEnykyU.jpg,Hygrocybe,Cortinarius,False,0.8099673390388489,0.0025796999980229,BaselineCNN,test,0.00020171709184069186,0.00017141691932920367,5.209537801142972e-10,0.8099673390388489,0.18914145231246948,9.643263609859787e-08,3.4685286664171144e-05,0.0004023857181891799,7.969453145051375e-05,1.0397452143706687e-07,1.1614056347752921e-06
C:\Projects\TM470\data\processed\test\Hygrocybe\225_KKCj-5wLqCA.jpg,Hygrocybe/225_KKCj-5wLqCA.jpg,Hygrocybe,Russula,False,0.7848590612411499,0.0028787000046577,BaselineCNN,test,0.00019296712707728148,0.00892537459731102,0.19755752384662628,0.00019584319670684636,0.006782880052924156,2.0573308574967086e-05,2.6398516638437286e-05,6.837525143055245e-05,0.0013709288323298097,0.7848590612411499,7.91271048683484e-09
C:\Projects\TM470\data\processed\test\Hygrocybe\227_L3z3XTxXk78.jpg,Hygrocybe/227_L3z3XTxXk78.jpg,Hygrocybe,Suillus,False,0.6700029969215393,0.0029868999990867,BaselineCNN,test,0.002640470862388611,1.7929618479683995e-05,9.635355979753513e-08,0.2615629732608795,0.031642213463783264,1.5404373243654845e-06,0.0067888605408370495,4.897843609796837e-06,0.019971568137407303,0.007366470992565155,0.6700029969215393
C:\Projects\TM470\data\processed\test\Hygrocybe\230_yk2KrQJOQS8.jpg,Hygrocybe/230_yk2KrQJOQS8.jpg,Hygrocybe,Lactarius,False,0.9999148845672607,0.0025804000033531,BaselineCNN,test,2.3433090063917916e-06,3.2503652619197965e-05,1.1459548659331631e-05,7.919622291296946e-09,1.2809421434667456e-07,3.863958772853948e-05,1.6566276345511555e-12,6.549178976911207e-08,0.9999148845672607,5.406698977417079e-10,8.962851077640166e-13
C:\Projects\TM470\data\processed\test\Hygrocybe\240_7wFT2NzNJsA.jpg,Hygrocybe/240_7wFT2NzNJsA.jpg,Hygrocybe,Suillus,False,0.988725483417511,0.0028409999940777,BaselineCNN,test,1.8667330792254688e-08,2.1677374206774402e-06,0.0016477719182148576,0.00018666368850972503,8.457204381251415e-10,3.4778554819023255e-13,7.086877303663641e-06,4.049391918670153e-06,0.009394637309014797,3.21455008815974e-05,0.988725483417511
C:\Projects\TM470\data\processed\test\Hygrocybe\253_IgK1gMXB7S0.jpg,Hygrocybe/253_IgK1gMXB7S0.jpg,Hygrocybe,Boletus,False,0.6545335650444031,0.0026318000018363,BaselineCNN,test,0.00012339586101006716,0.00150928960647434,0.6545335650444031,0.038420308381319046,0.006758006289601326,6.094519994803704e-05,0.1166832223534584,0.0018165705259889364,0.04863855242729187,0.11272644251585007,0.018729737028479576
C:\Projects\TM470\data\processed\test\Hygrocybe\257_LPbsa5Oitj0.jpg,Hygrocybe/257_LPbsa5Oitj0.jpg,Hygrocybe,Cortinarius,False,0.6301291584968567,0.0026111000042874,BaselineCNN,test,6.406065455877297e-09,0.00021862117864657193,5.53735935682198e-06,0.6301291584968567,7.160532722316759e-10,3.1614923352851765e-12,5.22542541148141e-06,7.901471690274775e-05,0.14872843027114868,0.016530252993106842,0.20430371165275574
C:\Projects\TM470\data\processed\test\Hygrocybe\271_wkoF4DRryAY.jpg,Hygrocybe/271_wkoF4DRryAY.jpg,Hygrocybe,Inocybe,False,0.620685875415802,0.0028628000000026,BaselineCNN,test,1.4492275113298092e-05,0.03553446754813194,0.025867022573947906,0.0896795243024826,0.00030522787710651755,5.8488360821229435e-09,0.042059995234012604,0.620685875415802,0.14685788750648499,0.004196319729089737,0.03479917719960213
C:\Projects\TM470\data\processed\test\Hygrocybe\272_-uL1iUddkKE.jpg,Hygrocybe/272_-uL1iUddkKE.jpg,Hygrocybe,Lactarius,False,0.9917885661125183,0.0027292000013403,BaselineCNN,test,1.0397837257869469e-08,6.368266358691699e-09,1.3158107776689576e-06,9.079995834326837e-06,1.035240160263129e-08,1.6790524049251077e-13,5.315332032296283e-07,4.601449461461016e-07,0.9917885661125183,0.0003250485460739583,0.007874990813434124
C:\Projects\TM470\data\processed\test\Hygrocybe\279_qMPhGAtE9-E.jpg,Hygrocybe/279_qMPhGAtE9-E.jpg,Hygrocybe,Boletus,False,0.9967098236083984,0.0025830999948084,BaselineCNN,test,6.973806421228801e-09,1.1312983588140924e-05,0.9967098236083984,0.0002590979856904596,9.832893388406205e-10,9.820756187439716e-12,0.0006205851095728576,9.521723427496909e-07,0.0014631799422204494,6.749502063030377e-06,0.000928190303966403
C:\Projects\TM470\data\processed\test\Hygrocybe\287_V13XWthHpss.jpg,Hygrocybe/287_V13XWthHpss.jpg,Hygrocybe,Suillus,False,0.5190885066986084,0.0029280000017024,BaselineCNN,test,1.5365956642199308e-05,0.0017314701108261943,0.0035085217095911503,0.3679000437259674,1.139337541644636e-06,1.1387248832761543e-06,0.006656779441982508,0.004079360049217939,0.09694108366966248,7.667716272408143e-05,0.5190885066986084
C:\Projects\TM470\data\processed\test\Hygrocybe\292_RJnjsciXCNM.jpg,Hygrocybe/292_RJnjsciXCNM.jpg,Hygrocybe,Hygrocybe,True,0.9843969941139221,0.0029585000011138,BaselineCNN,test,1.6055814447066274e-15,1.5395472985346714e-07,6.690954990062892e-08,0.015551622025668621,1.1013012333679906e-12,1.3279395029479552e-15,0.9843969941139221,4.160104705164258e-09,9.76451610767981e-06,1.4430765986617189e-06,3.994420694652945e-05
C:\Projects\TM470\data\processed\test\Hygrocybe\299_VBHrsAmQC-E.jpg,Hygrocybe/299_VBHrsAmQC-E.jpg,Hygrocybe,Hygrocybe,True,0.9999988079071045,0.0025857000000542,BaselineCNN,test,1.7077391238596532e-15,9.622836749656472e-09,2.0492745278488655e-08,1.0738399396359455e-06,5.41913362565817e-16,1.5902280196255776e-15,0.9999988079071045,1.3252023478571573e-08,4.740789982804472e-09,3.0080071766747096e-10,8.609062263076339e-08
C:\Projects\TM470\data\processed\test\Hygrocybe\301_vp5CIThqt4k.jpg,Hygrocybe/301_vp5CIThqt4k.jpg,Hygrocybe,Suillus,False,0.5182248950004578,0.0028844999906141,BaselineCNN,test,2.5234796794393333e-06,0.00013038872566539794,2.5258273126382846e-06,0.4468006491661072,4.0648592403158545e-07,1.2479341116033993e-08,0.03178844973444939,0.0006304486887529492,0.002287286100909114,0.00013241970736999065,0.5182248950004578
C:\Projects\TM470\data\processed\test\Hygrocybe\314_tDtKkHcGxRM.jpg,Hygrocybe/314_tDtKkHcGxRM.jpg,Hygrocybe,Hygrocybe,True,0.9985576272010803,0.0029731999966315,BaselineCNN,test,2.4953459336004864e-15,4.3895898027557223e-10,1.9287699615233578e-06,0.0013665197184309363,2.7957062730924083e-14,1.0316760331230065e-13,0.9985576272010803,9.983079252151583e-09,2.828291144396644e-05,1.2111219405142037e-07,4.540895679383539e-05
C:\Projects\TM470\data\processed\test\Hygrocybe\325_rro3hIu1Nqw.jpg,Hygrocybe/325_rro3hIu1Nqw.jpg,Hygrocybe,Lactarius,False,0.3794756829738617,0.0026175000093644,BaselineCNN,test,0.005554602947086096,0.013995038345456123,0.33869826793670654,0.012761588208377361,0.014710533432662487,0.0006720646633766592,0.014534655027091503,0.07351577281951904,0.3794756829738617,0.016125429421663284,0.1299564242362976
C:\Projects\TM470\data\processed\test\Inocybe\AE2013PIC74694917.jpg,Inocybe/AE2013PIC74694917.jpg,Inocybe,Inocybe,True,0.9708772897720337,0.0026729000092018,BaselineCNN,test,0.0007205516449175775,0.0028542473446577787,5.089237333777419e-07,3.4246571885887533e-05,3.345773080809522e-08,0.006285976618528366,1.596817611471124e-08,0.9708772897720337,1.1916435141756665e-05,0.01920635625720024,8.838382200337946e-06
C:\Projects\TM470\data\processed\test\Inocybe\AE2015PIC76548267.jpg,Inocybe/AE2015PIC76548267.jpg,Inocybe,Amanita,False,0.6178665161132812,0.0029964999994263,BaselineCNN,test,3.928829391952604e-05,0.6178665161132812,0.260804682970047,0.0024790125899016857,0.0006420800928026438,1.0682352780122528e-08,0.028256351128220558,2.889400008143639e-08,0.0006894392427057028,0.06161494180560112,0.027607649564743042
C:\Projects\TM470\data\processed\test\Inocybe\AS2010PIC58249290.jpg,Inocybe/AS2010PIC58249290.jpg,Inocybe,Cortinarius,False,0.8562937378883362,0.0032129000028362,BaselineCNN,test,5.552318907575682e-05,0.011277945712208748,2.8411213861545548e-06,0.8562937378883362,4.943130793577666e-09,1.1817374797828961e-05,2.7687839974532835e-05,0.004828573204576969,0.127241313457489,0.00022588837600778788,3.4639251680346206e-05
C:\Projects\TM470\data\processed\test\Inocybe\AS2017-9214269_rygo0WejZ.jpg,Inocybe/AS2017-9214269_rygo0WejZ.jpg,Inocybe,Lactarius,False,0.9277058839797974,0.0026251999952364,BaselineCNN,test,0.017667077481746674,0.0003836157266050577,0.0023488332517445087,2.0502428014879115e-05,0.0043890043161809444,0.0002692541165743023,1.343245685347938e-06,1.444877966605418e-06,0.9277058839797974,0.0471617765724659,5.1200542657170445e-05
C:\Projects\TM470\data\processed\test\Inocybe\BWP2010PIC63790785.jpg,Inocybe/BWP2010PIC63790785.jpg,Inocybe,Cortinarius,False,0.6696943044662476,0.0025811000086832,BaselineCNN,test,0.003188085975125432,0.17442187666893005,0.008492781780660152,0.6696943044662476,0.0336337611079216,5.443991085485322e-06,0.022424574941396713,0.08524604886770248,0.0003358764515724033,0.0009575985604897141,0.0015996629372239113
C:\Projects\TM470\data\processed\test\Inocybe\BWP2011PIC57986404.jpg,Inocybe/BWP2011PIC57986404.jpg,Inocybe,Inocybe,True,0.9993873834609985,0.0032052000024123,BaselineCNN,test,4.00309800170362e-05,4.900456429535183e-11,1.3333647963520434e-08,5.133471975954894e-14,2.6328557186532965e-14,0.0005725790397264063,4.690223446304981e-15,0.9993873834609985,3.423947347869216e-08,9.464320518563557e-16,1.439669130437471e-12
C:\Projects\TM470\data\processed\test\Inocybe\BWP2013PIC14438171.jpg,Inocybe/BWP2013PIC14438171.jpg,Inocybe,Russula,False,0.7656647562980652,0.0058786000008694,BaselineCNN,test,0.009740780107676983,0.00040975576848722994,5.3986173170761376e-11,0.20999372005462646,8.183883437595796e-06,7.265002932399511e-05,1.1847535461129155e-05,0.00021736169583164155,0.013878895901143551,0.7656647562980652,1.9539274944690987e-06
C:\Projects\TM470\data\processed\test\Inocybe\BWP2015PIC54111483.jpg,Inocybe/BWP2015PIC54111483.jpg,Inocybe,Exidia,False,0.697709858417511,0.0059202999982517,BaselineCNN,test,0.12683473527431488,0.12065918743610382,0.029060356318950653,0.0004748558276332915,2.226567448815331e-05,0.697709858417511,4.097874625585973e-05,0.0049364627338945866,0.004899551626294851,0.015267057344317436,9.45971260080114e-05
C:\Projects\TM470\data\processed\test\Inocybe\BWP2015PIC66105035.jpg,Inocybe/BWP2015PIC66105035.jpg,Inocybe,Lactarius,False,0.40979793667793274,0.0112076999939745,BaselineCNN,test,0.051121171563863754,0.00450156070291996,0.08120120316743851,0.055847104638814926,0.03187812492251396,0.0024607686791568995,0.010846917517483234,0.15046341717243195,0.40979793667793274,0.18601009249687195,0.015871720388531685
C:\Projects\TM470\data\processed\test\Inocybe\BWP2016-9169400_r1cjMF0O.jpg,Inocybe/BWP2016-9169400_r1cjMF0O.jpg,Inocybe,Agaricus,False,0.4701012372970581,0.0094933000073069,BaselineCNN,test,0.4701012372970581,0.0020539031829684973,1.7231332094524987e-05,0.4661569595336914,3.7045288081571925e-06,6.446497081924463e-06,1.542295649414882e-05,0.0017422317760065198,0.0330967903137207,0.00021863894653506577,0.02658737450838089
C:\Projects\TM470\data\processed\test\Inocybe\BWP2016-9169400_ryGAfY0u.jpg,Inocybe/BWP2016-9169400_ryGAfY0u.jpg,Inocybe,Russula,False,0.5502460598945618,0.0087200999987544,BaselineCNN,test,0.043342940509319305,0.35636311769485474,0.0019213120685890317,0.00011236198770347983,5.415850318968296e-05,1.6984147805487737e-05,6.768428647774272e-06,1.8465661923983134e-05,0.04789331555366516,0.5502460598945618,2.449767453072127e-05
C:\Projects\TM470\data\processed\test\Inocybe\CL2011PIC55659604.jpg,Inocybe/CL2011PIC55659604.jpg,Inocybe,Boletus,False,0.9855050444602966,0.0145956000051228,BaselineCNN,test,8.314242222695611e-06,0.0013717919355258346,0.9855050444602966,3.786932154525857e-07,0.00021307174756657332,1.5551859178231098e-05,1.837934905779548e-05,0.01112697646021843,0.0016865889774635434,3.2822481443872675e-06,5.067118036095053e-05
C:\Projects\TM470\data\processed\test\Inocybe\DB2013PIC33800138.jpg,Inocybe/DB2013PIC33800138.jpg,Inocybe,Russula,False,0.8103222250938416,0.0055847000039648,BaselineCNN,test,0.00012534916459117085,0.0012070771772414446,0.00015210315177682787,0.12304415553808212,1.2558541129692458e-05,0.0015133210690692067,3.1677445804234594e-06,0.0553048737347126,0.008216665126383305,0.8103222250938416,9.846015018410981e-05
C:\Projects\TM470\data\processed\test\Inocybe\DB2013PIC42730442.jpg,Inocybe/DB2013PIC42730442.jpg,Inocybe,Cortinarius,False,0.999749481678009,0.0050829999963752,BaselineCNN,test,1.7060003301594406e-05,0.0001893521548481658,1.1885319117777016e-12,0.999749481678009,4.1551300000719493e-07,7.584916694725052e-09,3.786224667123861e-10,4.6836289584462065e-06,1.3000678222852002e-07,3.892365566571243e-05,4.432892719563597e-09
C:\Projects\TM470\data\processed\test\Inocybe\DB2013PIC57804056.jpg,Inocybe/DB2013PIC57804056.jpg,Inocybe,Cortinarius,False,0.9976116418838501,0.0055602000065846,BaselineCNN,test,2.1516291326406645e-06,1.2073580364813097e-05,1.6260237600818073e-08,0.9976116418838501,0.0004231019120197743,1.00628803068048e-07,1.6450663679279387e-05,6.417928670998663e-05,1.4080167602514848e-05,7.233593350974843e-05,0.0017837879713624716
C:\Projects\TM470\data\processed\test\Inocybe\DB2013PIC89729265.jpg,Inocybe/DB2013PIC89729265.jpg,Inocybe,Cortinarius,False,0.8876014947891235,0.0056055000022752,BaselineCNN,test,1.4410333278647158e-05,1.3684847317563253e-06,7.130635140129016e-07,0.8876014947891235,0.044872451573610306,1.5845452727702991e-09,1.03842030512169e-05,4.362910203781212e-06,0.001620802329853177,3.691311212605797e-05,0.06583712995052338
C:\Projects\TM470\data\processed\test\Inocybe\EAT2012PIC64084765.jpg,Inocybe/EAT2012PIC64084765.jpg,Inocybe,Cortinarius,False,0.5252962112426758,0.0056598000082885,BaselineCNN,test,0.008258231915533543,0.0045369407162070274,0.11882434785366058,0.5252962112426758,0.23415780067443848,6.011808000039309e-05,0.0006518494337797165,0.010882667265832424,0.08428643643856049,0.0005587908090092242,0.012486595660448074
C:\Projects\TM470\data\processed\test\Inocybe\EAT2012PIC84850246.jpg,Inocybe/EAT2012PIC84850246.jpg,Inocybe,Cortinarius,False,0.8416818380355835,0.0055779999966034,BaselineCNN,test,1.9247315776738105e-06,9.159068576991558e-05,2.019159950350513e-07,0.8416818380355835,1.2407888334564632e-06,5.5096115170183424e-11,0.0038507687859237194,0.000504190509673208,0.018971871584653854,0.04609742760658264,0.08879895508289337
C:\Projects\TM470\data\processed\test\Inocybe\EAT2013PIC54191345.jpg,Inocybe/EAT2013PIC54191345.jpg,Inocybe,Entoloma,False,0.6491654515266418,0.0055530999961774,BaselineCNN,test,0.0004694555827882141,0.016325535252690315,0.0017571122152730823,0.015196421183645725,0.6491654515266418,0.021343590691685677,0.22488638758659363,0.019208380952477455,0.04645005241036415,0.00022207816073205322,0.004975529387593269
C:\Projects\TM470\data\processed\test\Inocybe\EAT2014PIC42270599.jpg,Inocybe/EAT2014PIC42270599.jpg,Inocybe,Cortinarius,False,0.27034133672714233,0.0053120999946258,BaselineCNN,test,0.04349634423851967,0.031468674540519714,0.26639798283576965,0.27034133672714233,0.0045125968754291534,6.411210051737726e-05,0.004071122966706753,0.011434587650001049,0.17628763616085052,0.053034160286188126,0.13889144361019135
C:\Projects\TM470\data\processed\test\Inocybe\EAT2015PIC87367583.jpg,Inocybe/EAT2015PIC87367583.jpg,Inocybe,Suillus,False,0.6718752980232239,0.0025875000137602,BaselineCNN,test,2.714675611059647e-05,0.011108574457466602,0.0004120930971112102,0.04201668128371239,4.760032879858045e-06,2.808817407640163e-05,0.12400529533624649,0.08969225734472275,0.05986595153808594,0.0009638713672757149,0.6718752980232239
C:\Projects\TM470\data\processed\test\Inocybe\EAT2015PIC89289492.jpg,Inocybe/EAT2015PIC89289492.jpg,Inocybe,Hygrocybe,False,0.4544485807418823,0.002712600005907,BaselineCNN,test,0.001752759562805295,0.014936095103621483,0.28034523129463196,0.1050824224948883,0.025564469397068024,0.0004363895859569311,0.4544485807418823,0.0754898265004158,0.014423307962715626,0.013629244640469551,0.013891695998609066
C:\Projects\TM470\data\processed\test\Inocybe\EAT2017-9208647_BJQtzKntb.jpg,Inocybe/EAT2017-9208647_BJQtzKntb.jpg,Inocybe,Inocybe,True,0.30155453085899353,0.0026019999932032,BaselineCNN,test,0.003604964120313525,0.02695832960307598,0.054081883281469345,0.26729440689086914,0.0005708964308723807,0.0005830300506204367,0.0008553366642445326,0.30155453085899353,0.1284407526254654,0.006390248890966177,0.20966564118862152
C:\Projects\TM470\data\processed\test\Inocybe\FDE2011PIC86172261.jpg,Inocybe/FDE2011PIC86172261.jpg,Inocybe,Suillus,False,0.9688883423805237,0.0029492000030586,BaselineCNN,test,2.150671107870039e-08,1.1057928759328206e-06,0.0019051340641453862,0.0003923522017430514,0.024708369746804237,1.548090301783933e-11,1.530480949440971e-05,0.003778452053666115,0.0003105854557361454,2.5086279720198945e-07,0.9688883423805237
C:\Projects\TM470\data\processed\test\Inocybe\FDE2012PIC64061850.jpg,Inocybe/FDE2012PIC64061850.jpg,Inocybe,Inocybe,True,0.852725625038147,0.0025961000064853,BaselineCNN,test,3.278572933140822e-07,2.4194735033233883e-06,3.2581632694927976e-05,0.0003420010907575488,5.858659278601408e-06,6.384675543813501e-07,3.335158180561848e-05,0.852725625038147,0.14681927859783173,3.3494605304440483e-05,4.491402705752989e-06
C:\Projects\TM470\data\processed\test\Inocybe\FS2012PIC59633008.jpg,Inocybe/FS2012PIC59633008.jpg,Inocybe,Hygrocybe,False,0.39597782492637634,0.002984099992318,BaselineCNN,test,2.9895385523559526e-05,0.0027836947701871395,7.544395339209586e-05,0.20495490729808807,0.03732873126864433,3.364392568983021e-06,0.39597782492637634,0.3051074147224426,0.04341490939259529,0.008956970646977425,0.0013668106403201818
C:\Projects\TM470\data\processed\test\Inocybe\JAH2014PIC52290371.jpg,Inocybe/JAH2014PIC52290371.jpg,Inocybe,Exidia,False,0.5700678825378418,0.0029422000079648,BaselineCNN,test,0.010301894508302212,0.006263460963964462,0.004913971293717623,0.23029543459415436,8.766033715801314e-06,0.5700678825378418,0.00037915559369139373,0.08203460276126862,0.009659443981945515,0.08524133265018463,0.0008340886561200023
C:\Projects\TM470\data\processed\test\Inocybe\JCS2009PIC20338594.jpg,Inocybe/JCS2009PIC20338594.jpg,Inocybe,Entoloma,False,0.9969426989555359,0.0025714000075822,BaselineCNN,test,4.10881312973288e-07,0.0029118794482201338,3.9465142959160815e-11,6.50360161671415e-05,0.9969426989555359,6.063487489882391e-08,1.6018803989936714e-06,5.672038605553098e-05,1.0033326361735817e-05,1.086565407604212e-05,6.847319582448108e-07
C:\Projects\TM470\data\processed\test\Inocybe\JCS2013PIC22587806.jpg,Inocybe/JCS2013PIC22587806.jpg,Inocybe,Inocybe,True,0.9939697980880737,0.0026096999936271,BaselineCNN,test,1.838778906915195e-08,1.7059074153280562e-08,1.1841352551278383e-13,0.0005208177608437836,0.0030348598957061768,4.590067874232773e-06,5.303358193486929e-06,0.9939697980880737,0.000767027260735631,5.958467608202511e-10,0.0016976454062387347
C:\Projects\TM470\data\processed\test\Inocybe\JCS2013PIC43012548.jpg,Inocybe/JCS2013PIC43012548.jpg,Inocybe,Cortinarius,False,0.9663047194480896,0.0025611000019125,BaselineCNN,test,6.184905743111813e-08,3.090756308665732e-06,0.0003983494534622878,0.9663047194480896,0.0068207657895982265,7.057687412270752e-08,0.00010523112723603845,0.0001597853406565264,0.01592550240457058,0.007833011448383331,0.002449401654303074
C:\Projects\TM470\data\processed\test\Inocybe\JCS2013PIC83427178.jpg,Inocybe/JCS2013PIC83427178.jpg,Inocybe,Amanita,False,0.9844663143157959,0.0026791999989654,BaselineCNN,test,0.0024484735913574696,0.9844663143157959,0.0015650516143068671,6.728570588165894e-05,0.008507597260177135,3.9889036429485714e-07,0.00041801464976742864,0.0001892522705020383,0.00021294280304573476,0.0008169147185981274,0.0013078277697786689
C:\Projects\TM470\data\processed\test\Inocybe\JHC2017-9196021_r1DJCAiXW.jpg,Inocybe/JHC2017-9196021_r1DJCAiXW.jpg,Inocybe,Inocybe,True,0.8104116916656494,0.003628500009654,BaselineCNN,test,0.03204059228301048,0.08219306915998459,4.120666199014522e-05,0.00019674615759868175,1.7552999906911282e-06,0.00048655917635187507,6.563851115970465e-07,0.8104116916656494,0.051520898938179016,0.019430097192525864,0.003676739986985922
C:\Projects\TM470\data\processed\test\Inocybe\JHC2017-9201118_B1VmZiXPZ.jpg,Inocybe/JHC2017-9201118_B1VmZiXPZ.jpg,Inocybe,Entoloma,False,0.9160823225975037,0.004515699998592,BaselineCNN,test,0.0006037402199581265,0.0019541680812835693,2.631135612318758e-05,0.010299259796738625,0.9160823225975037,0.0168833639472723,0.00013353652320802212,0.00908445380628109,0.03543971851468086,0.0006660085055045784,0.008827066980302334
C:\Projects\TM470\data\processed\test\Inocybe\JHC2017-9207705_H16Z0hStW.jpg,Inocybe/JHC2017-9207705_H16Z0hStW.jpg,Inocybe,Inocybe,True,0.9792407155036926,0.002697599993553,BaselineCNN,test,0.00014105046284385026,1.5780211469973437e-05,6.1616258761887366e-09,0.001987629337236285,0.0003242043312638998,2.5502711650915444e-05,0.00031658122316002846,0.9792407155036926,0.0014891555765643716,5.074166438134853e-07,0.01645885966718197
C:\Projects\TM470\data\processed\test\Inocybe\JM2012PIC76798409.jpg,Inocybe/JM2012PIC76798409.jpg,Inocybe,Cortinarius,False,0.7405381798744202,0.0033590999955777,BaselineCNN,test,0.0034724350553005934,0.004755734466016293,0.0004157195508014411,0.7405381798744202,0.10073181986808777,0.0003433976962696761,0.01895858533680439,0.08892382681369781,0.022660044953227043,0.005788431968539953,0.013411837629973888
C:\Projects\TM470\data\processed\test\Inocybe\JM2014PIC65927854.jpg,Inocybe/JM2014PIC65927854.jpg,Inocybe,Lactarius,False,0.780290424823761,0.002483200005372,BaselineCNN,test,0.029584992676973343,0.00021207011013757437,0.0050444044172763824,0.014529024250805378,0.00254738493822515,0.020508717745542526,0.0014785696985200047,0.02306986413896084,0.780290424823761,0.017280302941799164,0.10545425117015839
C:\Projects\TM470\data\processed\test\Inocybe\JM2017-9200086_HkgcxFo28W.jpg,Inocybe/JM2017-9200086_HkgcxFo28W.jpg,Inocybe,Russula,False,0.35757702589035034,0.0046613000013167,BaselineCNN,test,0.02282518334686756,0.04023154824972153,0.015263501554727554,0.03680725023150444,0.005049352068454027,0.06852757185697556,0.07029656320810318,0.22894561290740967,0.10779774188995361,0.35757702589035034,0.0466785728931427
C:\Projects\TM470\data\processed\test\Inocybe\JM2017-9200086_rkceKj2LZ.jpg,Inocybe/JM2017-9200086_rkceKj2LZ.jpg,Inocybe,Russula,False,0.8690149188041687,0.0047113999899011,BaselineCNN,test,6.141299672890455e-05,1.973078497030656e-06,0.00034980091731995344,0.005577073898166418,1.904833979438081e-08,0.003164112800732255,4.1126877903252534e-08,0.12149092555046082,0.0003394426021259278,0.8690149188041687,3.8586281903008057e-07
C:\Projects\TM470\data\processed\test\Inocybe\JM2017-9202674_ByodB43P-.jpg,Inocybe/JM2017-9202674_ByodB43P-.jpg,Inocybe,Agaricus,False,0.9780189990997314,0.002910699986387,BaselineCNN,test,0.9780189990997314,0.01932009868323803,1.8359206197676465e-15,3.962349728681147e-05,1.1743425147869857e-06,1.4856199186397134e-06,1.0635968772376714e-09,0.0021857430692762136,3.3271942356805084e-06,0.00042951569776050746,3.263798831198983e-08
C:\Projects\TM470\data\processed\test\Inocybe\KNI2015PIC36175674.jpg,Inocybe/KNI2015PIC36175674.jpg,Inocybe,Cortinarius,False,0.9793431758880615,0.0053734000102849,BaselineCNN,test,0.0004261413705535233,0.004801750648766756,1.2595687337579875e-07,0.9793431758880615,4.708940459785538e-10,1.9279402518890265e-09,0.000471801235107705,8.867059477779549e-06,0.001181459636427462,0.01373171154409647,3.494480552035384e-05
C:\Projects\TM470\data\processed\test\Inocybe\LDJ2009PIC30690154.jpg,Inocybe/LDJ2009PIC30690154.jpg,Inocybe,Inocybe,True,0.5484642386436462,0.0044211000058567,BaselineCNN,test,0.09786061197519302,0.2865457236766815,6.807102909078822e-05,0.00014988065231591463,0.04794847592711449,5.32716796897148e-07,1.1755395235013566e-06,0.5484642386436462,0.01886720024049282,8.146405889419839e-05,1.2659966159844771e-05
C:\Projects\TM470\data\processed\test\Inocybe\MACH2016-9178188_S1cpNX6A.jpg,Inocybe/MACH2016-9178188_S1cpNX6A.jpg,Inocybe,Cortinarius,False,0.9108747243881226,0.0057953999930759,BaselineCNN,test,1.7294206600126927e-07,0.0001794805284589529,1.7249527672902332e-06,0.9108747243881226,2.995915338033228e-07,0.007211042568087578,3.380089037818834e-05,0.08118809014558792,0.000314163975417614,2.572938456069096e-06,0.00019396166317164898
C:\Projects\TM470\data\processed\test\Inocybe\MAV2010PIC78400496.jpg,Inocybe/MAV2010PIC78400496.jpg,Inocybe,Lactarius,False,0.3969622552394867,0.0035525999992387,BaselineCNN,test,3.8707747762600775e-07,0.0018504452891647816,0.3711271584033966,0.013890777714550495,0.0006974911666475236,2.8157601263956167e-06,0.1603512316942215,0.010098530910909176,0.3969622552394867,0.005328009370714426,0.03969092667102814
C:\Projects\TM470\data\processed\test\Inocybe\MAV2011PIC87756495.jpg,Inocybe/MAV2011PIC87756495.jpg,Inocybe,Inocybe,True,0.8859018087387085,0.0032956000068224,BaselineCNN,test,0.00045289157424122095,0.025184564292430878,0.047322001308202744,0.0035331312101334333,0.0013838803861290216,0.0013605738058686256,0.000957273121457547,0.8859018087387085,0.030087601393461227,0.00024783940170891583,0.0035684462636709213
C:\Projects\TM470\data\processed\test\Inocybe\MAV2013PIC41670341.jpg,Inocybe/MAV2013PIC41670341.jpg,Inocybe,Lactarius,False,0.9518707990646362,0.0047281000006478,BaselineCNN,test,1.669850098551251e-05,2.4311262677656487e-05,0.005101315211504698,0.0025519970804452896,1.415023780282354e-05,1.5245843314914964e-05,1.9211514882044867e-05,0.007875989191234112,0.9518707990646362,0.003148839809000492,0.029361438006162643
C:\Projects\TM470\data\processed\test\Inocybe\ML2012PIC15959384.jpg,Inocybe/ML2012PIC15959384.jpg,Inocybe,Inocybe,True,0.6137574315071106,0.0048283000069204,BaselineCNN,test,0.003767086425796151,0.0014652657555416226,0.1054157093167305,0.11277896910905838,0.0009014743263833225,0.033400747925043106,6.124674837337807e-05,0.6137574315071106,0.057965975254774094,0.06679870933294296,0.0036874099168926477
C:\Projects\TM470\data\processed\test\Inocybe\MMN2010PIC77085274.jpg,Inocybe/MMN2010PIC77085274.jpg,Inocybe,Entoloma,False,0.9564545750617981,0.0033856999943964,BaselineCNN,test,0.0001607418671483174,0.00155159761197865,1.0489374924205208e-09,0.035800833255052567,0.9564545750617981,8.196089748731261e-13,5.079005404695636e-06,1.3785026567347813e-05,0.00016444330685772002,0.005840038415044546,8.806159712548833e-06
C:\Projects\TM470\data\processed\test\Inocybe\MS2009PIC48014779.jpg,Inocybe/MS2009PIC48014779.jpg,Inocybe,Inocybe,True,0.9416980147361755,0.0044388999958755,BaselineCNN,test,1.6920223060878925e-05,1.086304291675333e-05,4.527490455075167e-05,0.025655362755060196,8.515896297467407e-06,0.0009035937837325037,4.6957001842429236e-08,0.9416980147361755,0.00021647826361004263,0.027416592463850975,0.0040283044800162315
C:\Projects\TM470\data\processed\test\Inocybe\MS2009PIC76598275.jpg,Inocybe/MS2009PIC76598275.jpg,Inocybe,Russula,False,0.7771837115287781,0.0029808999970555,BaselineCNN,test,0.06000761315226555,0.10297493636608124,0.0009093340486288071,0.005539255682379007,8.04747614893131e-05,0.004312189295887947,0.003069425467401743,0.0008879398228600621,0.04488806426525116,0.7771837115287781,0.00014698310405947268
C:\Projects\TM470\data\processed\test\Inocybe\MSO2012PIC41953814.jpg,Inocybe/MSO2012PIC41953814.jpg,Inocybe,Boletus,False,0.6787169575691223,0.0029944999987492,BaselineCNN,test,0.008146107196807861,0.035078614950180054,0.6787169575691223,0.044372983276844025,0.03376680612564087,2.197159301431384e-05,0.0005196035490371287,0.04141464829444885,0.049258504062891006,0.0008101508137769997,0.10789364576339722
C:\Projects\TM470\data\processed\test\Inocybe\OBL2011PIC48076248.jpg,Inocybe/OBL2011PIC48076248.jpg,Inocybe,Lactarius,False,0.6823551058769226,0.0029249000072013,BaselineCNN,test,0.15593746304512024,5.037736627855338e-05,1.5826104799998575e-06,9.556699751556152e-07,0.006386913824826479,0.0030768648721277714,1.4479901722097566e-07,0.14951759576797485,0.6823551058769226,0.002672809874638915,2.648719714670733e-07
C:\Projects\TM470\data\processed\test\Inocybe\OBL2012PIC16913624.jpg,Inocybe/OBL2012PIC16913624.jpg,Inocybe,Inocybe,True,0.919170081615448,0.0039660999900661,BaselineCNN,test,0.05047149956226349,0.009947472251951694,1.4179586571572145e-07,3.5660399589687586e-05,6.433717913978398e-08,0.018341127783060074,9.305538284376524e-11,0.919170081615448,7.575952622573823e-06,0.0020262394100427628,1.6117270718041254e-07
C:\Projects\TM470\data\processed\test\Inocybe\PEL2017-9195655_B1Yl9j8mb.jpg,Inocybe/PEL2017-9195655_B1Yl9j8mb.jpg,Inocybe,Inocybe,True,0.8706809878349304,0.0029181999998399,BaselineCNN,test,0.0007191857439465821,7.561108213849366e-05,3.7408485695777927e-06,0.0066648926585912704,1.5822568144585603e-08,0.00036476776585914195,1.4419166971535446e-09,0.8706809878349304,0.0019231049809604883,0.11956653743982315,1.2179147006463609e-06
C:\Projects\TM470\data\processed\test\Inocybe\PETRA2017-9197483_rkgT7fMH-.jpg,Inocybe/PETRA2017-9197483_rkgT7fMH-.jpg,Inocybe,Entoloma,False,0.9787393808364868,0.002404300001217,BaselineCNN,test,0.0002825703704729676,0.0002174828841816634,3.8922160633392267e-11,3.28299320244696e-05,0.9787393808364868,4.515574719698989e-11,7.30384442704235e-07,0.0207007247954607,2.6081661417265423e-05,2.402670062906509e-09,1.5142356346586894e-07
C:\Projects\TM470\data\processed\test\Inocybe\PL2011PIC79270766.jpg,Inocybe/PL2011PIC79270766.jpg,Inocybe,Inocybe,True,0.8008132576942444,0.0025499000039417,BaselineCNN,test,0.13625779747962952,0.00974433496594429,6.40383888139695e-08,0.005545180290937424,9.658830322223366e-07,0.008905680850148201,4.876880552728835e-07,0.8008132576942444,0.001904018223285675,0.036812782287597656,1.546297426102683e-05
C:\Projects\TM470\data\processed\test\Inocybe\PTP2016-9171214_SyeyOS_pq.jpg,Inocybe/PTP2016-9171214_SyeyOS_pq.jpg,Inocybe,Cortinarius,False,0.6521396040916443,0.0028730000049108,BaselineCNN,test,0.03528820723295212,0.24903741478919983,2.1487327472868856e-08,0.6521396040916443,5.823174888064386e-06,0.015678629279136658,1.049222575488784e-07,0.04490618035197258,0.0013630988541990519,0.0015374459326267242,4.348388756625354e-05
C:\Projects\TM470\data\processed\test\Inocybe\RE2010PIC60585326.jpg,Inocybe/RE2010PIC60585326.jpg,Inocybe,Lactarius,False,0.935174286365509,0.0043820999999297,BaselineCNN,test,0.010255209170281887,0.0009326078579761088,0.00022149983851704746,0.001648927922360599,0.0007323671015910804,0.003865758655592799,0.02362019568681717,0.016867542639374733,0.935174286365509,0.0047114635817706585,0.0019702173303812742
C:\Projects\TM470\data\processed\test\Inocybe\RE2012PIC39126061.jpg,Inocybe/RE2012PIC39126061.jpg,Inocybe,Boletus,False,1.0,0.0085419999959412,BaselineCNN,test,2.8813211228381052e-18,9.731340082710926e-13,1.0,1.0514845287870611e-12,1.3195947461098426e-15,1.3244843589943489e-11,1.12273695386262e-13,2.1907913261287604e-09,9.352017077413066e-11,9.824989720036143e-19,6.487782533426412e-11
C:\Projects\TM470\data\processed\test\Inocybe\RE2012PIC69020667.jpg,Inocybe/RE2012PIC69020667.jpg,Inocybe,Russula,False,0.9848692417144775,0.0036853999918093,BaselineCNN,test,8.979230187833309e-05,9.85543283604784e-06,1.4457500085995889e-08,1.2054993021592963e-05,5.412579184849164e-07,3.934590500631607e-12,2.4971887668812087e-08,0.0002832126629073173,0.014722272753715515,0.9848692417144775,1.296859045396559e-05
C:\Projects\TM470\data\processed\test\Inocybe\SL2013PIC12810247.jpg,Inocybe/SL2013PIC12810247.jpg,Inocybe,Boletus,False,0.3978961110115051,0.0035137999948346,BaselineCNN,test,0.000921594793908298,0.08680518716573715,0.3978961110115051,0.12617769837379456,1.7049927919288166e-05,0.2618136703968048,0.0002290458942297846,0.006939340848475695,0.0008266174118034542,0.11610346287488937,0.0022702289279550314
C:\Projects\TM470\data\processed\test\Inocybe\TAK2012PIC72845888.jpg,Inocybe/TAK2012PIC72845888.jpg,Inocybe,Inocybe,True,0.9930360913276672,0.0042413999908603,BaselineCNN,test,0.0023992774076759815,0.0006515299901366234,1.0023312825069297e-05,4.4933152821613476e-05,6.546972144860774e-06,0.0003246077976655215,2.0606905309250578e-05,0.9930360913276672,1.5617904864484444e-05,0.0034857382997870445,4.996725692762993e-06
C:\Projects\TM470\data\processed\test\Inocybe\TAK2013PIC38129211.jpg,Inocybe/TAK2013PIC38129211.jpg,Inocybe,Inocybe,True,0.822982907295227,0.0070810000033816,BaselineCNN,test,0.0015122037148103118,0.07292857021093369,3.1426279356594478e-09,0.0002146073675248772,0.09711708128452301,1.1568406989681534e-05,0.0002817646600306034,0.822982907295227,0.004466447979211807,0.0004846015654038638,3.6908599554408283e-07
C:\Projects\TM470\data\processed\test\Inocybe\TAK2014PIC74058257.jpg,Inocybe/TAK2014PIC74058257.jpg,Inocybe,Russula,False,0.5254237055778503,0.0039509999915026,BaselineCNN,test,0.00048794288886711,0.4421790540218353,6.921148451510817e-05,0.0017451639287173748,9.488007344771177e-05,2.6349428594585333e-07,0.015480376780033112,0.006705249194055796,0.007139341440051794,0.5254237055778503,0.0006748571177013218
C:\Projects\TM470\data\processed\test\Inocybe\TAK2015PIC12430189.jpg,Inocybe/TAK2015PIC12430189.jpg,Inocybe,Exidia,False,0.9825050830841064,0.0025722999998833,BaselineCNN,test,0.0013241561828181148,0.007605983410030603,1.0897489119088277e-05,0.003200205508619547,1.1056306448153919e-06,0.9825050830841064,2.405663792615087e-07,0.00528699578717351,4.9279133236268535e-05,1.5662899386370555e-05,3.167425006722624e-07
C:\Projects\TM470\data\processed\test\Inocybe\TAK2017-9195726_SJBnA3Dm-.jpg,Inocybe/TAK2017-9195726_SJBnA3Dm-.jpg,Inocybe,Suillus,False,0.37274131178855896,0.0029211999935796,BaselineCNN,test,0.17991073429584503,0.034968625754117966,0.050241902470588684,0.006636386271566153,0.0010857874294742942,5.156585029908456e-05,0.0006344253779388964,0.10678067803382874,0.24468453228473663,0.0022639897651970387,0.37274131178855896
C:\Projects\TM470\data\processed\test\Inocybe\TB2010PIC30549452.jpg,Inocybe/TB2010PIC30549452.jpg,Inocybe,Inocybe,True,0.5565890669822693,0.0028844000044045,BaselineCNN,test,0.0507732555270195,0.03060593456029892,0.00011790756980190054,0.07635448127985,0.001012943685054779,0.15751396119594574,0.0036903931759297848,0.5565890669822693,0.01768195815384388,0.09635370224714279,0.009306385181844234
C:\Projects\TM470\data\processed\test\Inocybe\TKH2011PIC29550858.jpg,Inocybe/TKH2011PIC29550858.jpg,Inocybe,Exidia,False,0.5882754325866699,0.0044502999953692,BaselineCNN,test,0.0011076086666435003,0.00041022777440957725,0.010637622326612473,0.00015717682254035026,0.013900920748710632,0.5882754325866699,0.0004710772482212633,0.09389951825141907,0.2904113829135895,0.00017416664923075587,0.0005548828048631549
C:\Projects\TM470\data\processed\test\Inocybe\TKH2012PIC24863747.jpg,Inocybe/TKH2012PIC24863747.jpg,Inocybe,Lactarius,False,0.5114561915397644,0.0029465999978128,BaselineCNN,test,0.11784695088863373,0.007658819667994976,0.00024288479471579194,0.16692453622817993,0.04814593866467476,5.326814402906166e-07,0.005339608993381262,0.0001960332301678136,0.5114561915397644,0.11933422088623047,0.022854330018162727
C:\Projects\TM470\data\processed\test\Inocybe\TKH2012PIC58539255.jpg,Inocybe/TKH2012PIC58539255.jpg,Inocybe,Suillus,False,0.8551242351531982,0.0054150000069057,BaselineCNN,test,0.00039912789361551404,0.02072225697338581,0.07332420349121094,2.3685552150709555e-05,0.00019012510892935097,2.2373831953803602e-10,4.335637640906498e-05,1.8936418655357556e-06,0.04953692480921745,0.0006341775297187269,0.8551242351531982
C:\Projects\TM470\data\processed\test\Inocybe\TKH2013PIC15346099.jpg,Inocybe/TKH2013PIC15346099.jpg,Inocybe,Suillus,False,0.47966358065605164,0.0044813999993493,BaselineCNN,test,0.00022000195167493075,0.22229446470737457,0.1535196453332901,0.0269287321716547,0.0011666605714708567,1.3384250223680283e-06,0.002934896619990468,0.00027190655237063766,0.10873278230428696,0.004265943076461554,0.47966358065605164
C:\Projects\TM470\data\processed\test\Inocybe\TKH2013PIC24960254.jpg,Inocybe/TKH2013PIC24960254.jpg,Inocybe,Boletus,False,0.410087525844574,0.0025159000069834,BaselineCNN,test,2.9826146601408254e-06,0.0011956178350374103,0.410087525844574,0.20558694005012512,9.324050188297406e-05,6.784963625250384e-05,3.5326252145750914e-06,0.3828335106372833,0.00010501403448870406,9.247648449672852e-06,1.4566210666089319e-05
C:\Projects\TM470\data\processed\test\Inocybe\TKH2013PIC33707521.jpg,Inocybe/TKH2013PIC33707521.jpg,Inocybe,Inocybe,True,0.7372193932533264,0.0047682000003987,BaselineCNN,test,0.002008723793551326,0.06938128918409348,0.00019078697368968278,0.17344777286052704,0.004926546011120081,0.00010827640653587878,0.006761612370610237,0.7372193932533264,0.0011765977833420038,0.0016387582290917635,0.0031402898021042347
C:\Projects\TM470\data\processed\test\Inocybe\TKH2013PIC43429224.jpg,Inocybe/TKH2013PIC43429224.jpg,Inocybe,Lactarius,False,0.9008584022521973,0.0035275999980513,BaselineCNN,test,0.0026441046502441168,0.07864953577518463,0.00140307133551687,0.0007137976936064661,0.004123826511204243,3.068386433824344e-08,9.825285815168172e-05,0.0001528357097413391,0.9008584022521973,0.0005192651296965778,0.010836911387741566
C:\Projects\TM470\data\processed\test\Inocybe\TKH2013PIC89377657.jpg,Inocybe/TKH2013PIC89377657.jpg,Inocybe,Suillus,False,0.6769939661026001,0.0025953000003937,BaselineCNN,test,0.010180717334151268,0.03115609847009182,0.003441473701968789,0.14585916697978973,9.759321073943283e-06,1.198649979272659e-08,0.001081204041838646,0.003232732880860567,0.12572254240512848,0.0023223822936415672,0.6769939661026001
C:\Projects\TM470\data\processed\test\Inocybe\TKH2014PIC28133692.jpg,Inocybe/TKH2014PIC28133692.jpg,Inocybe,Cortinarius,False,0.8168264031410217,0.0044526999990921,BaselineCNN,test,0.0003581601777113974,0.0022083588410168886,3.326119610846945e-07,0.8168264031410217,0.16304689645767212,4.003081267001107e-05,0.003637750633060932,0.013278178870677948,6.390814087353647e-05,0.0001424405927537009,0.00039746551192365587
C:\Projects\TM470\data\processed\test\Inocybe\TOB2016-9177959_r1E_IZN1e.jpg,Inocybe/TOB2016-9177959_r1E_IZN1e.jpg,Inocybe,Inocybe,True,0.9462748169898987,0.0045469999895431,BaselineCNN,test,0.000764362805057317,0.011946238577365875,0.0004394660354591906,0.01034164521843195,0.0001509433932369575,0.0009991187835112214,7.807574729667976e-05,0.9462748169898987,0.004965708125382662,0.02173236943781376,0.002307318150997162
C:\Projects\TM470\data\processed\test\Inocybe\TOB2017-9194552_ryHFsS3MZ.jpg,Inocybe/TOB2017-9194552_ryHFsS3MZ.jpg,Inocybe,Lactarius,False,0.5448083281517029,0.0029110000032233,BaselineCNN,test,0.0541275329887867,0.014653398655354977,0.00607242900878191,0.17763134837150574,0.03528774902224541,4.387594799482031e-06,0.0019512000726535916,0.04554098844528198,0.5448083281517029,0.11358316242694855,0.006339466664940119
C:\Projects\TM470\data\processed\test\Inocybe\TOB2017-9202157_SJH4BiA_P-.jpg,Inocybe/TOB2017-9202157_SJH4BiA_P-.jpg,Inocybe,Inocybe,True,0.9053859114646912,0.0029140999977244,BaselineCNN,test,0.0010367927607148886,1.4481880321673413e-12,4.232761057210155e-06,6.01545827039196e-11,3.19250572158869e-12,5.758600423177995e-07,2.331281123701956e-08,0.9053859114646912,0.09357241541147232,3.557207506332816e-08,5.508496152164914e-14
C:\Projects\TM470\data\processed\test\Inocybe\TOB2017-9202157_rkQEriRdDb.jpg,Inocybe/TOB2017-9202157_rkQEriRdDb.jpg,Inocybe,Inocybe,True,0.8558666706085205,0.003506599998218,BaselineCNN,test,0.001630701357498765,0.0013303236337378621,0.00039485504385083914,0.0069990335032343864,0.001387150725349784,0.021685872226953506,0.00010801888129208237,0.8558666706085205,0.01494168397039175,0.09513899683952332,0.0005165970651432872
C:\Projects\TM470\data\processed\test\Inocybe\TOB2017-9208818_BJI8SxBgcb.jpg,Inocybe/TOB2017-9208818_BJI8SxBgcb.jpg,Inocybe,Inocybe,True,1.0,0.0050282000011065,BaselineCNN,test,3.5960694440175165e-17,1.218019812389638e-17,1.6750600964462148e-17,6.2701065913343766e-21,8.169669833959169e-17,6.6311164357093794e-15,8.536676789370572e-21,1.0,2.6743047338260995e-13,1.69595729261004e-16,2.3670381205955113e-18
C:\Projects\TM470\data\processed\test\Inocybe\TOB2017-9208818_Hy9LSxSe5Z.jpg,Inocybe/TOB2017-9208818_Hy9LSxSe5Z.jpg,Inocybe,Inocybe,True,1.0,0.0028172000020276,BaselineCNN,test,1.0253055152673659e-14,5.323269216014786e-17,3.355516906000666e-11,1.0608179265569895e-11,1.0868636261063938e-18,1.238166680295194e-09,1.4567137101607897e-14,1.0,1.1001748817518475e-10,2.1585657184754713e-14,8.318620450678896e-14
C:\Projects\TM470\data\processed\test\Inocybe\TOB2017-9208818_rJG8reBe5Z.jpg,Inocybe/TOB2017-9208818_rJG8reBe5Z.jpg,Inocybe,Inocybe,True,0.9999762773513794,0.0026919999945675,BaselineCNN,test,5.7400388442374606e-08,2.9608879685838474e-06,7.581819286978098e-13,2.828018708100899e-08,2.826949563328185e-09,1.4088985153648537e-05,2.1396868651879508e-11,0.9999762773513794,2.4316375402122503e-06,4.151261236984283e-06,3.3671534449553064e-09
C:\Projects\TM470\data\processed\test\Inocybe\TOB2017-9208818_rk8Serx5W.jpg,Inocybe/TOB2017-9208818_rk8Serx5W.jpg,Inocybe,Inocybe,True,0.9393947124481201,0.0025809999933699,BaselineCNN,test,6.676699371155337e-08,5.069427402304427e-07,0.0023245695047080517,0.0029948328156024218,5.947206955170259e-05,0.00025836247368715703,0.042858920991420746,0.9393947124481201,0.009671450592577457,0.0007301570731215179,0.0017068878514692187
C:\Projects\TM470\data\processed\test\Inocybe\TS2010PIC72695117.jpg,Inocybe/TS2010PIC72695117.jpg,Inocybe,Amanita,False,0.9967485666275024,0.0039343999960692,BaselineCNN,test,0.0014214051188901067,0.9967485666275024,0.0016733366064727306,5.915318615734577e-05,1.0017985330179613e-09,5.701915597455809e-07,6.8100648604740854e-06,4.142071247770218e-06,8.237841393565759e-05,3.518103312671883e-06,1.4918963842092126e-08
C:\Projects\TM470\data\processed\test\Inocybe\TS2011PIC26376558.jpg,Inocybe/TS2011PIC26376558.jpg,Inocybe,Lactarius,False,0.9561903476715088,0.0044508999999379,BaselineCNN,test,0.004397260956466198,0.017055707052350044,0.0010360729647800326,0.02106391079723835,1.2889578329122742e-06,0.00015809221076779068,1.7350980670016725e-06,7.76251035858877e-05,0.9561903476715088,7.724253919150215e-06,1.0313891834812239e-05
C:\Projects\TM470\data\processed\test\Inocybe\TS2011PIC53483517.jpg,Inocybe/TS2011PIC53483517.jpg,Inocybe,Inocybe,True,0.9926899075508118,0.0045411999890347,BaselineCNN,test,6.098585436120629e-05,5.40553628525231e-05,0.006644147913902998,5.21097369698964e-08,0.00017650006338953972,3.755571015062742e-05,2.4454292812947642e-08,0.9926899075508118,0.0003244070685468614,6.450109594879905e-06,5.944970325799659e-06
C:\Projects\TM470\data\processed\test\Inocybe\TS2011PIC53751796.jpg,Inocybe/TS2011PIC53751796.jpg,Inocybe,Suillus,False,0.8821456432342529,0.0039227999950526,BaselineCNN,test,4.434401489561424e-06,4.215739409119124e-06,0.009088516235351562,0.006565804593265057,1.6660300389048643e-05,1.0692955201840881e-11,2.938881607406074e-06,2.1560440188750363e-07,0.09965219348669052,0.0025192927569150925,0.8821456432342529
C:\Projects\TM470\data\processed\test\Inocybe\TS2012PIC31340902.jpg,Inocybe/TS2012PIC31340902.jpg,Inocybe,Cortinarius,False,0.9999221563339233,0.003668799996376,BaselineCNN,test,2.1632726859843743e-11,4.182995326118544e-06,6.0128217712457875e-15,0.9999221563339233,2.5362405722262338e-05,3.1529692051668334e-11,1.3788779007484209e-08,4.826286749448627e-05,3.5588004765330084e-10,6.991202321920964e-12,1.2145147387787603e-10
C:\Projects\TM470\data\processed\test\Inocybe\TS2012PIC71517695.jpg,Inocybe/TS2012PIC71517695.jpg,Inocybe,Lactarius,False,0.5149028301239014,0.0030842999985907,BaselineCNN,test,0.012808223254978657,0.024392930790781975,5.272448106552474e-06,0.015071333386003971,0.00037337836693041027,8.790736501396168e-06,0.4226676821708679,9.485641930950806e-05,0.5149028301239014,0.009482462890446186,0.00019217716180719435
C:\Projects\TM470\data\processed\test\Inocybe\TS2012PIC76182348.jpg,Inocybe/TS2012PIC76182348.jpg,Inocybe,Inocybe,True,0.9999204874038696,0.0045024999999441,BaselineCNN,test,7.550673863931934e-09,5.655471091436937e-10,7.868821201148979e-16,6.201698852237314e-05,1.6054680600063875e-05,1.3741224620389403e-06,1.0446838949462744e-09,0.9999204874038696,1.532011600913208e-10,1.2807256366542674e-09,6.068404112546943e-11
C:\Projects\TM470\data\processed\test\Inocybe\TS2013PIC21993338.jpg,Inocybe/TS2013PIC21993338.jpg,Inocybe,Inocybe,True,0.9403359293937683,0.0025890999968396,BaselineCNN,test,0.01130447443574667,0.0001625662698643282,0.006599795538932085,0.017588205635547638,0.0019019105238839984,1.216244953639034e-07,8.22472429717891e-06,0.9403359293937683,0.00011761968926293775,0.0007004052167758346,0.021280668675899506
C:\Projects\TM470\data\processed\test\Inocybe\TS2013PIC26765211.jpg,Inocybe/TS2013PIC26765211.jpg,Inocybe,Lactarius,False,0.8076384663581848,0.002468199993018,BaselineCNN,test,0.00026985618751496077,0.00012395964586175978,0.09018006920814514,0.0006497696740552783,0.06362205743789673,1.8274450894750771e-06,0.00022602507669944316,0.036709945648908615,0.8076384663581848,0.0001474127930123359,0.00043055787682533264
C:\Projects\TM470\data\processed\test\Inocybe\TS2015PIC48470465.jpg,Inocybe/TS2015PIC48470465.jpg,Inocybe,Exidia,False,0.7938157320022583,0.0052832000073976,BaselineCNN,test,1.1386998721718555e-06,0.0916779562830925,7.20154424982411e-09,6.1002487200312316e-05,0.0008856514468789101,0.7938157320022583,0.11065928637981415,0.001429229974746704,0.0014639523578807712,3.011063881785958e-06,3.0625790259364294e-06
C:\Projects\TM470\data\processed\test\Inocybe\TS2016-9180197_S1b2-Dmpye.jpg,Inocybe/TS2016-9180197_S1b2-Dmpye.jpg,Inocybe,Inocybe,True,0.9980454444885254,0.0033978999999817,BaselineCNN,test,8.637929909127706e-07,2.0823933937208494e-06,2.097506330756005e-05,4.619359606294893e-05,1.4367246059521221e-08,3.7492395676963497e-07,0.0018226929241791368,0.9980454444885254,4.350152812548913e-05,1.8766177944939955e-08,1.78550835698843e-05
C:\Projects\TM470\data\processed\test\Lactarius\0000_av7f-8yVUNY.jpg,Lactarius/0000_av7f-8yVUNY.jpg,Lactarius,Cortinarius,False,0.4718204438686371,0.0029110999894328,BaselineCNN,test,3.1871695682639256e-05,0.0024707773700356483,0.06081530451774597,0.4718204438686371,0.0006581112975254655,6.67688436806202e-05,0.0025611058808863163,0.05328541249036789,0.39371079206466675,0.007012650370597839,0.007566817570477724
C:\Projects\TM470\data\processed\test\Lactarius\0004_gigZhorw0Eo.jpg,Lactarius/0004_gigZhorw0Eo.jpg,Lactarius,Cortinarius,False,0.76059490442276,0.0024717000051168,BaselineCNN,test,0.0001365516072837636,0.0006380138802342117,5.9101334045408294e-05,0.76059490442276,4.8186069761868566e-05,6.963733198972477e-07,0.006483632139861584,0.018778275698423386,0.06227175146341324,0.09203461557626724,0.05895427614450455
C:\Projects\TM470\data\processed\test\Lactarius\0008_SSJpwPhX7Rs.jpg,Lactarius/0008_SSJpwPhX7Rs.jpg,Lactarius,Cortinarius,False,0.9723171591758728,0.0029092999902786,BaselineCNN,test,1.0434845876261534e-07,2.5160176164717996e-07,0.003373541170731187,0.9723171591758728,8.073685080489668e-07,7.385094757950128e-10,0.000917046214453876,0.0001348216028418392,0.010682521387934685,3.272739559179172e-05,0.012540974654257298
C:\Projects\TM470\data\processed\test\Lactarius\001_0eat5sScleY.jpg,Lactarius/001_0eat5sScleY.jpg,Lactarius,Lactarius,True,0.9999730587005615,0.0037903000047663,BaselineCNN,test,1.4247635590436403e-05,6.75845424069621e-09,4.3278928387735505e-06,4.311527561640105e-07,6.179981681952995e-08,7.97141606195817e-12,4.374085538216832e-09,1.4830123973297304e-07,0.9999730587005615,7.215305231511593e-06,4.290911306270573e-07
C:\Projects\TM470\data\processed\test\Lactarius\0024_UzDaRx13wVs.jpg,Lactarius/0024_UzDaRx13wVs.jpg,Lactarius,Lactarius,True,0.9999980926513672,0.0024765999987721,BaselineCNN,test,4.658658459000264e-10,1.4636140299728595e-08,4.542044962363434e-09,1.732848886604188e-07,4.152757426822973e-08,1.3212292020606882e-15,1.039059394081221e-09,5.746342424117756e-08,0.9999980926513672,2.857303513792431e-07,1.4667118648503674e-06
C:\Projects\TM470\data\processed\test\Lactarius\0026_autPTj6WXpU.jpg,Lactarius/0026_autPTj6WXpU.jpg,Lactarius,Lactarius,True,0.49493932723999023,0.003851699992083,BaselineCNN,test,2.6158415494137444e-05,0.005581555888056755,0.09731611609458923,0.38005340099334717,0.0007030196720734239,8.561657159589231e-05,0.01340341567993164,0.001990524586290121,0.49493932723999023,0.00028004194609820843,0.005620881449431181
C:\Projects\TM470\data\processed\test\Lactarius\0036_UjqjlkUecEk.jpg,Lactarius/0036_UjqjlkUecEk.jpg,Lactarius,Lactarius,True,0.9983117580413818,0.0025909999967552,BaselineCNN,test,3.6100407214689767e-06,1.9974638689745916e-06,0.0005830193986184895,3.237561759306118e-05,3.086415389930153e-08,1.9879389800969705e-10,2.6374370918347267e-06,1.200934747203064e-07,0.9983117580413818,0.0007218027603812516,0.000342706247465685
C:\Projects\TM470\data\processed\test\Lactarius\0058_Ksaju-DFTOM.jpg,Lactarius/0058_Ksaju-DFTOM.jpg,Lactarius,Lactarius,True,0.9997819066047668,0.0029403000080492,BaselineCNN,test,1.1239452294212193e-12,1.4080195569476928e-06,5.551975732487335e-07,2.7791653337772004e-05,1.7279752739796095e-08,4.112832511084068e-14,1.8474904095455713e-07,9.061816186317628e-09,0.9997819066047668,0.00015661328507121652,3.1522507924819365e-05
C:\Projects\TM470\data\processed\test\Lactarius\0071_2YKUxBBp95A.jpg,Lactarius/0071_2YKUxBBp95A.jpg,Lactarius,Agaricus,False,0.5441353917121887,0.0025843000039458,BaselineCNN,test,0.5441353917121887,0.0010400536702945828,7.387201890196593e-07,0.22520381212234497,0.0017486874712631106,0.010868179611861706,0.00015708780847489834,0.027816124260425568,0.1829761266708374,0.006010601297020912,4.321971209719777e-05
C:\Projects\TM470\data\processed\test\Lactarius\0078_67hlnzvWweg.jpg,Lactarius/0078_67hlnzvWweg.jpg,Lactarius,Lactarius,True,0.9984063506126404,0.0026077999937115,BaselineCNN,test,1.6378763234570215e-07,6.130461116526931e-08,0.000189603932085447,0.0009862611768767238,6.229748805708368e-07,3.089932754107849e-10,7.42575775802834e-06,1.5263665318343556e-06,0.9984063506126404,1.6379763110307977e-05,0.000391673413105309
C:\Projects\TM470\data\processed\test\Lactarius\0090_8gZ-MF4DF5c.jpg,Lactarius/0090_8gZ-MF4DF5c.jpg,Lactarius,Boletus,False,0.8999572992324829,0.0032062999962363,BaselineCNN,test,2.1146927338122623e-06,3.546447624103166e-05,0.8999572992324829,0.00048238973249681294,1.0391554496891331e-05,6.350921211151217e-08,1.5523327192568104e-06,9.795092046260834e-05,0.09377925843000412,2.1229319827398285e-05,0.005612368229776621
C:\Projects\TM470\data\processed\test\Lactarius\0091_GJfhcGAsQEs.jpg,Lactarius/0091_GJfhcGAsQEs.jpg,Lactarius,Lactarius,True,0.5170744061470032,0.0026447999989613,BaselineCNN,test,0.007033901754766703,0.008068365976214409,0.024827472865581512,0.003967610653489828,0.012000440619885921,0.0011499207466840744,0.01151246391236782,0.001952260616235435,0.5170744061470032,0.3751891851425171,0.03722389042377472
C:\Projects\TM470\data\processed\test\Lactarius\0092_lAL2nLK6Yqc.jpg,Lactarius/0092_lAL2nLK6Yqc.jpg,Lactarius,Agaricus,False,0.7696487307548523,0.0030532000091625,BaselineCNN,test,0.7696487307548523,0.0009007011540234089,0.0009736237698234618,0.0003723000700119883,0.00015502276073675603,5.595685706794029e-06,9.410743223270401e-05,0.002619638107717037,0.17654861509799957,0.037385012954473495,0.011296607553958893
C:\Projects\TM470\data\processed\test\Lactarius\0096_YCFCQKyiPFI.jpg,Lactarius/0096_YCFCQKyiPFI.jpg,Lactarius,Boletus,False,0.6311402916908264,0.0025878000014927,BaselineCNN,test,0.003177689854055643,0.003524049883708358,0.6311402916908264,0.00042719338671304286,0.00038227837649174035,3.371241973582073e-06,0.0010013420833274722,8.393100870307535e-05,0.16130048036575317,0.006606639828532934,0.1923528015613556
C:\Projects\TM470\data\processed\test\Lactarius\0100_VP4M5qp5Xuw.jpg,Lactarius/0100_VP4M5qp5Xuw.jpg,Lactarius,Lactarius,True,0.9999958276748657,0.0026618000119924,BaselineCNN,test,1.1224139839782765e-08,1.8810463586760306e-07,1.3941812539997045e-06,9.131508136306365e-07,1.5817114729088644e-07,6.94420770885884e-11,1.4967176298341656e-07,1.6552331061348013e-08,0.9999958276748657,3.263832866196026e-07,1.0495697324586217e-06
C:\Projects\TM470\data\processed\test\Lactarius\0108_bkdZqadlJYM.jpg,Lactarius/0108_bkdZqadlJYM.jpg,Lactarius,Lactarius,True,0.9860759377479553,0.0028426999924704,BaselineCNN,test,5.051725111115957e-06,3.0971975206739444e-08,0.00363928428851068,0.0001386016811011359,3.1350617746284115e-07,4.44884884487351e-09,0.004016254562884569,1.2630498247290234e-07,0.9860759377479553,0.00017833488527685404,0.005946007091552019
C:\Projects\TM470\data\processed\test\Lactarius\0117_LS-tLCqWBuQ.jpg,Lactarius/0117_LS-tLCqWBuQ.jpg,Lactarius,Lactarius,True,0.7925407290458679,0.0043430999940028,BaselineCNN,test,0.0006344816647469997,0.009662896394729614,0.10016707330942154,0.010736603289842606,0.0038829445838928223,2.7695725748344557e-06,9.079892151930835e-06,0.004502756521105766,0.7925407290458679,0.0016128596616908908,0.07624773681163788
C:\Projects\TM470\data\processed\test\Lactarius\0125_WOyBnDf1Lbs.jpg,Lactarius/0125_WOyBnDf1Lbs.jpg,Lactarius,Lactarius,True,0.9653971195220947,0.002928999994765,BaselineCNN,test,3.7230215639283415e-06,2.4560933525208384e-05,2.699374057613113e-09,1.8313412510906346e-06,1.3619643368656398e-06,1.7513598806872394e-14,1.2855881550422055e-06,6.401333666872233e-05,0.9653971195220947,0.013159277848899364,0.021346908062696457
C:\Projects\TM470\data\processed\test\Lactarius\0147_ZAySZ3Wkn8k.jpg,Lactarius/0147_ZAySZ3Wkn8k.jpg,Lactarius,Suillus,False,0.9210075736045837,0.0030540000007022,BaselineCNN,test,4.911043238742252e-10,3.3209303751391417e-07,1.679217348282691e-05,0.01453362312167883,1.4268139621187448e-11,2.5324824160476156e-13,0.0025467488449066877,1.2281351700949017e-05,0.06188268959522247,1.204156330203432e-08,0.9210075736045837
C:\Projects\TM470\data\processed\test\Lactarius\0156_xCwDrPY72us.jpg,Lactarius/0156_xCwDrPY72us.jpg,Lactarius,Cortinarius,False,0.836927056312561,0.0027189999964321,BaselineCNN,test,3.4450029488652945e-05,0.00021788499725516886,0.06475938856601715,0.836927056312561,7.594522344334109e-07,0.0042387982830405235,5.793326636194251e-07,0.018580153584480286,0.024723170325160027,0.013949441723525524,0.036568187177181244
C:\Projects\TM470\data\processed\test\Lactarius\0174_S-0siMhJtoc.jpg,Lactarius/0174_S-0siMhJtoc.jpg,Lactarius,Lactarius,True,0.5406126379966736,0.0034465000062482,BaselineCNN,test,0.015052895061671734,0.008409980684518814,0.0014628403587266803,0.0582476370036602,0.00036665992229245603,9.452190283809614e-07,0.0005830675363540649,4.911782525596209e-05,0.5406126379966736,0.3734978139400482,0.001716395141556859
C:\Projects\TM470\data\processed\test\Lactarius\0180_j-oei6bAdy0.jpg,Lactarius/0180_j-oei6bAdy0.jpg,Lactarius,Lactarius,True,0.9995214939117432,0.0029218999989097,BaselineCNN,test,1.4867054005662794e-06,2.105508065142203e-05,0.0004383701307233423,6.223956461326452e-07,2.6371174044470536e-06,5.386325829803695e-10,2.6143549131107946e-12,1.1470135774516166e-07,0.9995214939117432,1.4365261449711397e-05,1.4354614386036246e-08
C:\Projects\TM470\data\processed\test\Lactarius\0184_wNzoTeCzC5o.jpg,Lactarius/0184_wNzoTeCzC5o.jpg,Lactarius,Russula,False,0.8624568581581116,0.0028907999949296,BaselineCNN,test,0.06741219013929367,0.011788089759647846,0.0022234537173062563,0.004318627994507551,7.242980245791841e-06,0.02926648035645485,8.695560245541856e-05,0.0005784740787930787,0.021673675626516342,0.8624568581581116,0.0001879443443613127
C:\Projects\TM470\data\processed\test\Lactarius\0188_QDGj1_inixA.jpg,Lactarius/0188_QDGj1_inixA.jpg,Lactarius,Russula,False,0.43401792645454407,0.0025695000076666,BaselineCNN,test,0.0007975159678608179,0.00016954608145169914,0.20735260844230652,0.0012408001348376274,0.0005467265727929771,2.393206159467809e-05,0.0004824854258913547,0.0021253812592476606,0.31953033804893494,0.43401792645454407,0.03371270373463631
C:\Projects\TM470\data\processed\test\Lactarius\0189_u2k3sXqag1M.jpg,Lactarius/0189_u2k3sXqag1M.jpg,Lactarius,Lactarius,True,0.966285228729248,0.0041271000081906,BaselineCNN,test,0.03367408737540245,9.714968030039017e-08,1.9474262202834325e-09,1.8280522908753483e-06,1.4534750789607642e-06,4.0300228432155194e-11,4.816835819099197e-10,8.310920748044737e-06,0.966285228729248,2.8889888199046254e-05,2.4189432679122547e-08
C:\Projects\TM470\data\processed\test\Lactarius\0192_st28pxbylcw.jpg,Lactarius/0192_st28pxbylcw.jpg,Lactarius,Boletus,False,0.9790627956390381,0.0041851999994833,BaselineCNN,test,5.891074761166237e-05,5.3566207498079166e-05,0.9790627956390381,4.898152383248089e-06,2.419513293716591e-06,9.98152099782601e-05,7.0937363716439e-07,0.00022848865773994476,0.0015826470917090774,0.018810993060469627,9.479415166424587e-05
C:\Projects\TM470\data\processed\test\Lactarius\0202_gGw05EbUi_w.jpg,Lactarius/0202_gGw05EbUi_w.jpg,Lactarius,Cortinarius,False,0.9674997329711914,0.002905000001192,BaselineCNN,test,8.036655785303992e-09,0.006985242944210768,8.87975665220253e-11,0.9674997329711914,0.003924546297639608,3.2467903565702727e-07,8.909487370090119e-09,1.1065077387684141e-07,0.02158958651125431,4.1970091047005553e-07,5.0915254234951135e-08
C:\Projects\TM470\data\processed\test\Lactarius\0204_PNAIMfY3CWk.jpg,Lactarius/0204_PNAIMfY3CWk.jpg,Lactarius,Amanita,False,0.6080387830734253,0.0025366000045323,BaselineCNN,test,1.431515374861192e-05,0.6080387830734253,1.4484233368250443e-08,6.348462193273008e-05,0.19005119800567627,4.0075232732306176e-07,1.934140527737327e-06,0.1951279193162918,1.8367143638897687e-05,5.4846527746121865e-06,0.006678037345409393
C:\Projects\TM470\data\processed\test\Lactarius\020_AhURHwS9I_c.jpg,Lactarius/020_AhURHwS9I_c.jpg,Lactarius,Lactarius,True,0.9311168789863586,0.0035597999958554,BaselineCNN,test,7.233765791170299e-05,1.8646538592292927e-05,0.004076526500284672,0.05198322981595993,0.00026260613230988383,8.966455425252207e-06,0.011048104614019394,0.00013589012087322772,0.9311168789863586,0.0008461824618279934,0.00043064585770480335
C:\Projects\TM470\data\processed\test\Lactarius\0211_a-wtZr6fOMw.jpg,Lactarius/0211_a-wtZr6fOMw.jpg,Lactarius,Lactarius,True,0.9978588223457336,0.0026361999916844,BaselineCNN,test,9.474784512519818e-09,2.969002707686741e-05,2.441943797748536e-05,5.9390615206211805e-05,1.27291832541232e-06,1.5049052261783494e-15,7.095855636407578e-08,8.422547992381624e-09,0.9978588223457336,0.0014713365817442536,0.0005549808847717941
C:\Projects\TM470\data\processed\test\Lactarius\0212_6r0AFhCvTk4.jpg,Lactarius/0212_6r0AFhCvTk4.jpg,Lactarius,Lactarius,True,0.996798574924469,0.0029015000036451,BaselineCNN,test,3.8725367801362154e-08,2.7593034701567376e-07,0.003198878839612007,3.4354861178087504e-09,1.481220562871144e-10,1.1243558617479721e-07,6.990964473985173e-10,2.0113153809120377e-08,0.996798574924469,2.8697169085489804e-09,2.259565690110321e-06
C:\Projects\TM470\data\processed\test\Lactarius\0222_JO5jLmkfAw0.jpg,Lactarius/0222_JO5jLmkfAw0.jpg,Lactarius,Suillus,False,0.4888695180416107,0.0026373000000603,BaselineCNN,test,0.006615546066313982,0.0010639812098816037,0.03791311755776405,0.0002018748491536826,4.824161442229524e-05,4.671100745784473e-13,7.698026456637308e-05,5.743640940636396e-07,0.39913269877433777,0.06607739627361298,0.4888695180416107
C:\Projects\TM470\data\processed\test\Lactarius\0224_XrApvIigcOQ.jpg,Lactarius/0224_XrApvIigcOQ.jpg,Lactarius,Lactarius,True,0.9961915016174316,0.0026121000119019,BaselineCNN,test,0.0001848167594289407,2.7459478587843478e-05,3.762694905162789e-05,0.00013931342982687056,0.001111725578084588,1.5807783881882642e-07,6.29460464551812e-06,7.071495929267257e-05,0.9961915016174316,0.0021528881043195724,7.753997488180175e-05
C:\Projects\TM470\data\processed\test\Lactarius\0228_HknGOROG6Cs.jpg,Lactarius/0228_HknGOROG6Cs.jpg,Lactarius,Lactarius,True,0.9809575080871582,0.0027216000016778,BaselineCNN,test,1.3444813040663917e-09,3.869728971039876e-06,0.018406955525279045,4.228012585372198e-06,4.73501451381253e-08,0.0006195074529387057,1.7249820460918386e-09,9.624669417007681e-08,0.9809575080871582,2.546765642819082e-07,7.6069909482612275e-06
C:\Projects\TM470\data\processed\test\Lactarius\0233_YNlSVzp0Kjo.jpg,Lactarius/0233_YNlSVzp0Kjo.jpg,Lactarius,Boletus,False,0.9116536974906921,0.0025925999943865,BaselineCNN,test,0.0008609170909039676,0.009348718449473381,0.9116536974906921,0.0002000095701077953,1.5121716387511697e-05,1.0993520845659077e-05,3.1720173865323886e-05,0.0004751136002596468,0.0015310680028051138,0.07561814785003662,0.00025451937108300626
C:\Projects\TM470\data\processed\test\Lactarius\0237_zZdLcl0mkD0.jpg,Lactarius/0237_zZdLcl0mkD0.jpg,Lactarius,Lactarius,True,0.40829798579216003,0.0025678999954834,BaselineCNN,test,0.015347608365118504,0.22302605211734772,0.2861977517604828,1.4627596556238132e-06,0.0018172233831137419,0.0016506108222529292,3.1401225442095893e-06,5.340407369658351e-06,0.40829798579216003,0.06363161653280258,2.125107312167529e-05
C:\Projects\TM470\data\processed\test\Lactarius\0242_zOYn0DVnISo.jpg,Lactarius/0242_zOYn0DVnISo.jpg,Lactarius,Lactarius,True,0.9967249035835266,0.002519099987694,BaselineCNN,test,2.316658687107065e-08,1.277873185046019e-08,0.0031845560297369957,3.876331504670816e-07,4.32738488598261e-05,3.388865366105165e-08,2.112712991220178e-07,2.2738013285561465e-06,0.9967249035835266,2.249190060865658e-07,4.417042146087624e-05
C:\Projects\TM470\data\processed\test\Lactarius\0251_wz4ikkhjBU8.jpg,Lactarius/0251_wz4ikkhjBU8.jpg,Lactarius,Boletus,False,0.42577072978019714,0.002469300001394,BaselineCNN,test,7.22269614925608e-05,0.00936881359666586,0.42577072978019714,0.1826261579990387,0.0001742056483635679,6.735465285601094e-05,0.007158842869102955,0.0007754532853141427,0.17101477086544037,0.0003538148012012243,0.20261767506599426
C:\Projects\TM470\data\processed\test\Lactarius\0256_AfKj-CzsmLI.jpg,Lactarius/0256_AfKj-CzsmLI.jpg,Lactarius,Lactarius,True,0.9778302311897278,0.0029579999973066,BaselineCNN,test,6.415251618818729e-08,8.110950133755068e-09,0.0005874200724065304,0.01909337379038334,3.3565353274589427e-10,1.0051539461874981e-10,7.882520094426582e-07,5.630128725897521e-05,0.9778302311897278,3.873196590120642e-07,0.0024313717149198055
C:\Projects\TM470\data\processed\test\Lactarius\025_8bHMwyrm1xE.jpg,Lactarius/025_8bHMwyrm1xE.jpg,Lactarius,Cortinarius,False,0.7247002720832825,0.0025926999951479,BaselineCNN,test,1.333106212086932e-07,5.077529749542009e-06,0.007684076204895973,0.7247002720832825,1.7007951100822538e-06,1.4807848458531225e-07,4.389211972011253e-05,0.0019435688154771924,0.2554164230823517,0.00018698384519666433,0.010017720982432365
C:\Projects\TM470\data\processed\test\Lactarius\0261_pUdRYRMfy7c.jpg,Lactarius/0261_pUdRYRMfy7c.jpg,Lactarius,Lactarius,True,0.7771584391593933,0.0025802000018302,BaselineCNN,test,1.417812200976698e-09,1.4007337512111917e-08,0.20833292603492737,0.004055070225149393,3.144330548821017e-05,1.1447528480701408e-09,0.0010032481513917446,4.458584257349685e-08,0.7771584391593933,0.009412446059286594,6.468452738772612e-06
C:\Projects\TM470\data\processed\test\Lactarius\0264_9xkZs2wAZRQ.jpg,Lactarius/0264_9xkZs2wAZRQ.jpg,Lactarius,Lactarius,True,0.6750684380531311,0.0028767999901901,BaselineCNN,test,0.028669826686382294,0.09815490990877151,0.1794455498456955,0.0004282713052816689,3.349596954649314e-05,3.3809699289122364e-06,2.9113891741872067e-06,0.00040127887041307986,0.6750684380531311,0.0013922000071033835,0.01639978401362896
C:\Projects\TM470\data\processed\test\Lactarius\0270_1nWaT7nSeDE.jpg,Lactarius/0270_1nWaT7nSeDE.jpg,Lactarius,Lactarius,True,0.9936424493789673,0.0024910999927669,BaselineCNN,test,4.066902903332448e-08,2.373847299286247e-11,2.6914048589787853e-07,0.0026083195116370916,7.287039949233076e-08,9.115629917566537e-10,0.003323398996144533,0.00042434176430106163,0.9936424493789673,5.395967406229829e-08,9.812206371861976e-07
C:\Projects\TM470\data\processed\test\Lactarius\0271_kYpV1APLO9s.jpg,Lactarius/0271_kYpV1APLO9s.jpg,Lactarius,Lactarius,True,0.3335687518119812,0.003461000000243,BaselineCNN,test,0.0009985693031921983,0.003042894881218672,0.3129393458366394,0.017366662621498108,0.01347722765058279,0.027981294319033623,0.011252731084823608,0.2388768345117569,0.3335687518119812,0.001015220070257783,0.039480529725551605
C:\Projects\TM470\data\processed\test\Lactarius\0275_akjCXeShyUw.jpg,Lactarius/0275_akjCXeShyUw.jpg,Lactarius,Lactarius,True,0.9585347175598145,0.0029340999899432,BaselineCNN,test,1.6199624042201322e-06,6.771297194063663e-07,0.020139172673225403,3.1651437893742695e-05,2.9531811662764085e-08,1.064857403643149e-11,5.431267595668032e-07,9.424326208318234e-09,0.9585347175598145,4.784815610037185e-05,0.02124369516968727
C:\Projects\TM470\data\processed\test\Lactarius\0290_KNGFGvBuZbU.jpg,Lactarius/0290_KNGFGvBuZbU.jpg,Lactarius,Russula,False,0.5937773585319519,0.0025413999974261,BaselineCNN,test,0.268936425447464,0.11667496711015701,1.7329288084511063e-06,0.002766078570857644,3.467431815806776e-05,3.053601540159434e-05,0.00019900915503967553,0.0006865767063573003,0.01615167409181595,0.5937773585319519,0.0007410712423734367
C:\Projects\TM470\data\processed\test\Lactarius\0307_MA7GubKH4ZM.jpg,Lactarius/0307_MA7GubKH4ZM.jpg,Lactarius,Russula,False,0.5122876763343811,0.0025966999965021,BaselineCNN,test,0.0003461011510808021,2.363841667829547e-05,0.3824884295463562,0.04786389321088791,0.002747476799413562,4.461743174033472e-06,5.8651668950915337e-05,0.0073674507439136505,0.038420576602220535,0.5122876763343811,0.008391639217734337
C:\Projects\TM470\data\processed\test\Lactarius\0313_CWX_V7CeQM4.jpg,Lactarius/0313_CWX_V7CeQM4.jpg,Lactarius,Boletus,False,0.5390838384628296,0.0029069000011077,BaselineCNN,test,0.09500836580991745,0.23249836266040802,0.5390838384628296,0.00045025325380265713,0.00026727296062745154,0.00026582120335660875,3.607114922488108e-05,0.0008775874739512801,0.09569097310304642,0.029323827475309372,0.006497673224657774
C:\Projects\TM470\data\processed\test\Lactarius\0322_2UpHsEF5Mzs.jpg,Lactarius/0322_2UpHsEF5Mzs.jpg,Lactarius,Lactarius,True,0.7008148431777954,0.0025634000048739,BaselineCNN,test,0.04536622390151024,0.00797674898058176,1.0602053407637868e-05,0.011104580014944077,3.3001916222019645e-07,6.080934644714375e-10,7.788780931150541e-05,1.9615940800576936e-06,0.7008148431777954,0.23456500470638275,8.189002983272076e-05
C:\Projects\TM470\data\processed\test\Lactarius\0325_lAq1Din489Y.jpg,Lactarius/0325_lAq1Din489Y.jpg,Lactarius,Lactarius,True,0.2857166826725006,0.0028087999962735,BaselineCNN,test,0.2591850757598877,0.07285148650407791,0.2816687822341919,0.0009077887516468763,4.7208617615979165e-05,0.00412336178123951,0.0003062945615965873,0.0002793935127556324,0.2857166826725006,0.008965353481471539,0.08594855666160583
C:\Projects\TM470\data\processed\test\Lactarius\0328_8IPggG6t9VY.jpg,Lactarius/0328_8IPggG6t9VY.jpg,Lactarius,Amanita,False,0.7067416906356812,0.0029399000050034,BaselineCNN,test,0.1919085830450058,0.7067416906356812,2.8287701070439653e-08,0.00032147145248018205,0.07509884983301163,1.4977836144680623e-06,1.1973535947618075e-05,1.9958530174335465e-05,0.006253428757190704,0.01952233351767063,0.00012014330422971398
C:\Projects\TM470\data\processed\test\Lactarius\0335_dVTfQmjMltw.jpg,Lactarius/0335_dVTfQmjMltw.jpg,Lactarius,Russula,False,0.9867959022521973,0.0026206000038655,BaselineCNN,test,4.8789970605866984e-05,0.008547094650566578,4.313232579988835e-07,1.6715354149710038e-06,0.00018784403800964355,3.029089479245073e-10,7.281854777829722e-05,2.496453710421065e-08,0.004266711883246899,0.9867959022521973,7.87405006121844e-05
C:\Projects\TM470\data\processed\test\Lactarius\0340_0gzvFhGVf5M.jpg,Lactarius/0340_0gzvFhGVf5M.jpg,Lactarius,Lactarius,True,0.7711071372032166,0.002947300003143,BaselineCNN,test,0.0685155987739563,0.0014116957318037748,0.10488031059503555,0.00016699859406799078,0.0004344115441199392,2.370073133306505e-07,0.0012112929252907634,0.00014359636406879872,0.7711071372032166,0.03937746211886406,0.01275111548602581
C:\Projects\TM470\data\processed\test\Lactarius\0348_OWdZuiQh9xc.jpg,Lactarius/0348_OWdZuiQh9xc.jpg,Lactarius,Lactarius,True,0.42292067408561707,0.0024579999881098,BaselineCNN,test,0.0048955404199659824,0.012084556743502617,0.13263821601867676,0.21121421456336975,0.019865607842803,0.0042295558378100395,0.04354342073202133,0.015636056661605835,0.42292067408561707,0.018270302563905716,0.11470183730125427
C:\Projects\TM470\data\processed\test\Lactarius\0356_gTCmsPnWyO4.jpg,Lactarius/0356_gTCmsPnWyO4.jpg,Lactarius,Boletus,False,0.5630670785903931,0.0023586000024806,BaselineCNN,test,5.87487083976157e-05,0.00031638966174796224,0.5630670785903931,4.310747499403078e-06,0.002095418982207775,3.612879595493723e-08,4.7593098315701354e-06,0.0002466499572619796,0.43022775650024414,0.0001514798786956817,0.0038273863028734922
C:\Projects\TM470\data\processed\test\Lactarius\0360_Bfw8PtjOZoI.jpg,Lactarius/0360_Bfw8PtjOZoI.jpg,Lactarius,Boletus,False,0.9998825788497925,0.0027198000025236,BaselineCNN,test,6.834008470235631e-09,1.70579478435684e-05,0.9998825788497925,1.4802382111156476e-06,6.087968795753795e-09,4.991695945477659e-11,1.007163987765125e-07,5.120667196933937e-07,3.753484270418994e-05,6.063245905352233e-07,6.010527795297094e-05
C:\Projects\TM470\data\processed\test\Lactarius\036_Tku_ku-u_WQ.jpg,Lactarius/036_Tku_ku-u_WQ.jpg,Lactarius,Cortinarius,False,0.954244077205658,0.0028935000009369,BaselineCNN,test,2.325725723117955e-10,1.016450124069479e-08,0.0005946963792666793,0.954244077205658,2.7794746415565896e-07,3.1193689853381557e-09,0.04227038845419884,2.0255898292020902e-08,0.0028775841929018497,6.9715238026901716e-09,1.297189464821713e-05
C:\Projects\TM470\data\processed\test\Lactarius\0375_E_5sHNAa0DU.jpg,Lactarius/0375_E_5sHNAa0DU.jpg,Lactarius,Lactarius,True,0.25991445779800415,0.0026029000000562,BaselineCNN,test,0.08300938457250595,0.14334259927272797,0.16991418600082397,0.07399148494005203,0.03932732343673706,0.020010175183415413,0.012814977206289768,0.04155704751610756,0.25991445779800415,0.10567742586135864,0.05044090002775192
C:\Projects\TM470\data\processed\test\Lactarius\0385_zeoDavzC8Ec.jpg,Lactarius/0385_zeoDavzC8Ec.jpg,Lactarius,Boletus,False,0.7788520455360413,0.0024440999986836,BaselineCNN,test,1.6076634210548946e-06,0.021869447082281113,0.7788520455360413,0.04011984169483185,2.794756937873899e-06,8.795899702818133e-06,0.03612622618675232,0.003599316580221057,0.11036572605371475,0.0012191471178084612,0.007835066877305508
C:\Projects\TM470\data\processed\test\Lactarius\0405_XQ5FsiWx3Sc.jpg,Lactarius/0405_XQ5FsiWx3Sc.jpg,Lactarius,Lactarius,True,0.7511427402496338,0.0029574999934993,BaselineCNN,test,0.0008082447457127273,7.740657565591391e-06,8.018783859142786e-08,0.18094944953918457,3.3342971050842607e-07,3.593100480776129e-13,8.26379437057767e-06,4.299840384192066e-06,0.7511427402496338,0.03177638351917267,0.035302478820085526
C:\Projects\TM470\data\processed\test\Lactarius\0422_5SNHMw4kUg4.jpg,Lactarius/0422_5SNHMw4kUg4.jpg,Lactarius,Lactarius,True,0.9877771139144897,0.0025061000051209,BaselineCNN,test,2.93379821414419e-06,4.902861405753356e-08,0.004952447488903999,0.00010922542423941195,4.6999230107758194e-05,7.668103131630577e-12,1.7763959476724267e-05,4.4141014399201595e-08,0.9877771139144897,0.007028380408883095,6.507963553303853e-05
C:\Projects\TM470\data\processed\test\Lactarius\0436_3AJoqSsMCPY.jpg,Lactarius/0436_3AJoqSsMCPY.jpg,Lactarius,Lactarius,True,0.9902556538581848,0.0031231000029947,BaselineCNN,test,1.8371428041064064e-06,6.249323632800952e-05,0.0027856878004968166,0.002475604647770524,8.504403012921102e-06,6.214502263901522e-07,0.0010159560479223728,3.5939369809057098e-06,0.9902556538581848,0.00023279519518837333,0.0031573050655424595
C:\Projects\TM470\data\processed\test\Lactarius\0438_7Qg0kxIGbd4.jpg,Lactarius/0438_7Qg0kxIGbd4.jpg,Lactarius,Lactarius,True,0.9811503887176514,0.0028825000044889,BaselineCNN,test,8.332911534125742e-07,8.531838489034271e-07,3.730612831986946e-07,0.010361979715526104,3.769287786781206e-06,6.641665550866094e-10,0.002410352695733309,3.409626879147254e-05,0.9811503887176514,2.845690687536262e-06,0.006034580525010824
C:\Projects\TM470\data\processed\test\Lactarius\043_JIiImC3i_NQ.jpg,Lactarius/043_JIiImC3i_NQ.jpg,Lactarius,Cortinarius,False,0.8237901329994202,0.0026838000048883,BaselineCNN,test,0.00013089689309708774,0.001252568094059825,0.10075860470533371,0.8237901329994202,0.0004204970900900662,4.96454413223546e-05,0.017648352310061455,0.0005418519722297788,0.04804694280028343,0.0018951825331896544,0.005465284921228886
C:\Projects\TM470\data\processed\test\Lactarius\0462_t7WHbpJLnZA.jpg,Lactarius/0462_t7WHbpJLnZA.jpg,Lactarius,Lactarius,True,0.9865538477897644,0.0024527000059606,BaselineCNN,test,0.013188057579100132,3.4717547805485083e-06,2.1437843145122315e-07,6.405319652458275e-08,6.120915350038558e-05,7.337218448810745e-06,7.006897067185491e-05,1.4094843209022656e-05,0.9865538477897644,9.047411731444299e-05,1.1184614777448587e-05
C:\Projects\TM470\data\processed\test\Lactarius\0473_FeKBXttVCwg.jpg,Lactarius/0473_FeKBXttVCwg.jpg,Lactarius,Russula,False,0.54338538646698,0.002832700003637,BaselineCNN,test,0.03808685392141342,0.41026070713996887,0.000530172255821526,1.4689713445648067e-08,2.7223263643350037e-08,0.00024652585852891207,6.312188816082198e-08,3.72646411506139e-07,0.007489804644137621,0.54338538646698,8.801581685702331e-08
C:\Projects\TM470\data\processed\test\Lactarius\0488_l_gNg2GDLEk.jpg,Lactarius/0488_l_gNg2GDLEk.jpg,Lactarius,Amanita,False,0.7798582315444946,0.0028456000000005,BaselineCNN,test,8.232969412347302e-05,0.7798582315444946,0.17613038420677185,0.015150953084230423,0.00012783445708919317,1.3967924132884946e-06,8.940460975281894e-05,0.0038963952101767063,0.009742210619151592,0.014767643995583057,0.0001533215108793229
C:\Projects\TM470\data\processed\test\Lactarius\0489_6GuHfi0wmko.jpg,Lactarius/0489_6GuHfi0wmko.jpg,Lactarius,Lactarius,True,0.7055375576019287,0.0025445000064792,BaselineCNN,test,0.004768332000821829,0.03859512880444527,0.1038137674331665,0.1178542897105217,0.0009510315139777958,0.0007642605341970921,0.002221431815996766,0.0017561580752953887,0.7055375576019287,0.003564683720469475,0.02017335407435894
C:\Projects\TM470\data\processed\test\Lactarius\0499_MWZEqXbgfwc.jpg,Lactarius/0499_MWZEqXbgfwc.jpg,Lactarius,Lactarius,True,0.9589256644248962,0.003455700003542,BaselineCNN,test,7.203308541647857e-06,6.52483940939419e-05,1.1574143172765616e-06,0.00040188286220654845,0.03978445380926132,3.750408317237941e-10,9.054342081071809e-05,0.000586613139603287,0.9589256644248962,1.5060679288581014e-05,0.0001221814745804295
C:\Projects\TM470\data\processed\test\Lactarius\0512_Sot3apiP2eQ.jpg,Lactarius/0512_Sot3apiP2eQ.jpg,Lactarius,Cortinarius,False,0.9697774648666382,0.0029092999902786,BaselineCNN,test,4.974024747639305e-08,1.0493720026261144e-07,1.2173648428870365e-05,0.9697774648666382,3.2729843724155216e-07,8.162118203536295e-10,0.00018019795243162662,1.1897618605871685e-06,0.02833365835249424,0.001631293329410255,6.354419747367501e-05
C:\Projects\TM470\data\processed\test\Lactarius\0526_O8CTOvfgWXg.jpg,Lactarius/0526_O8CTOvfgWXg.jpg,Lactarius,Exidia,False,0.6183291673660278,0.0025410000089323,BaselineCNN,test,0.0024653226137161255,0.048845160752534866,4.519372305367142e-05,0.29592791199684143,0.0002966233587358147,0.6183291673660278,3.6088356864638627e-05,0.02826428785920143,0.0015120067400857806,0.0006940749590285122,0.0035840910859405994
C:\Projects\TM470\data\processed\test\Lactarius\0532_7BfGW7kGfzM.jpg,Lactarius/0532_7BfGW7kGfzM.jpg,Lactarius,Suillus,False,0.7674118280410767,0.0028196000057505,BaselineCNN,test,0.0016759232385084033,0.0002588836941868067,0.00010997982462868094,0.07191736996173859,3.400562491151504e-05,8.71194560936317e-10,9.537331061437726e-05,3.3486096526758047e-06,0.15580721199512482,0.002686041872948408,0.7674118280410767
C:\Projects\TM470\data\processed\test\Lactarius\0537_q78Py0hHqVc.jpg,Lactarius/0537_q78Py0hHqVc.jpg,Lactarius,Suillus,False,0.5499664545059204,0.0029382999928202,BaselineCNN,test,5.674815497513919e-07,1.4988429938966874e-05,0.014956925064325333,0.36254405975341797,2.61063237694259e-09,6.246806960596984e-10,0.009895756840705872,0.0035549395252019167,0.059066347777843475,4.00766460018076e-08,0.5499664545059204
C:\Projects\TM470\data\processed\test\Lactarius\0545_ewwuwHvRvLc.jpg,Lactarius/0545_ewwuwHvRvLc.jpg,Lactarius,Cortinarius,False,0.696530282497406,0.0025611000019125,BaselineCNN,test,0.00024629340623505414,0.005421350244432688,0.23144446313381195,0.696530282497406,7.762578752590343e-05,3.1613603823643643e-06,0.0018584637437015772,0.003159418236464262,0.016208374872803688,0.0030095914844423532,0.04204105585813522
C:\Projects\TM470\data\processed\test\Lactarius\056_9JgBES16B_4.jpg,Lactarius/056_9JgBES16B_4.jpg,Lactarius,Lactarius,True,0.9993311166763306,0.0025205999991158,BaselineCNN,test,2.4263426823267764e-08,1.5010671461368474e-07,0.00010147526336368173,6.691592716379091e-05,5.6540739024057984e-06,8.617780968001032e-12,4.3213276512688026e-05,1.1879101258216451e-08,0.9993311166763306,1.5259485053320532e-06,0.00045003986451774836
C:\Projects\TM470\data\processed\test\Lactarius\0571_3sjlFMXpK_0.jpg,Lactarius/0571_3sjlFMXpK_0.jpg,Lactarius,Cortinarius,False,0.6432036757469177,0.0039873999921837,BaselineCNN,test,1.0819134033113187e-08,0.000515105202794075,0.3364582359790802,0.6432036757469177,0.00036929576890543103,1.0652664059307426e-05,3.683445174829103e-05,0.0006668111309409142,0.018527885898947716,5.748681815020973e-06,0.0002057925594272092
C:\Projects\TM470\data\processed\test\Lactarius\0576_5wNWaAeW6vo.jpg,Lactarius/0576_5wNWaAeW6vo.jpg,Lactarius,Russula,False,0.9521650075912476,0.0029436000040732,BaselineCNN,test,5.663418505719164e-06,1.6845323216330144e-06,0.009151764214038849,0.005890748463571072,0.0003646334807854146,5.313359974223886e-09,0.00014905539865139872,1.984831214940641e-07,0.0319785512983799,0.9521650075912476,0.00029276430723257363
C:\Projects\TM470\data\processed\test\Lactarius\0596_ROVmIKr9KjA.jpg,Lactarius/0596_ROVmIKr9KjA.jpg,Lactarius,Hygrocybe,False,0.998611569404602,0.0026074999914271,BaselineCNN,test,5.837557271338306e-14,2.0235903230858554e-11,6.980132472023115e-09,5.865541083949211e-07,1.8202572782399784e-10,2.986753884215432e-07,0.998611569404602,0.0013870794791728258,4.375752098439989e-07,1.4643261603275448e-10,1.7981948374767853e-08
C:\Projects\TM470\data\processed\test\Lactarius\0612_qfZxbbQUJ2o.jpg,Lactarius/0612_qfZxbbQUJ2o.jpg,Lactarius,Cortinarius,False,0.879806399345398,0.0028582000086316,BaselineCNN,test,0.0007708188495598733,5.964830415905453e-05,1.1722501085387194e-06,0.879806399345398,0.0008117389515973628,0.0007953300955705345,0.0018005856545642018,0.038637660443782806,0.05230530723929405,0.02488047443330288,0.00013087750994600356
C:\Projects\TM470\data\processed\test\Lactarius\0615_R0G-yDrCQ6U.jpg,Lactarius/0615_R0G-yDrCQ6U.jpg,Lactarius,Russula,False,0.4043758511543274,0.0029983999993419,BaselineCNN,test,0.1256314367055893,0.0041257645934820175,0.02810562215745449,0.029533665627241135,0.0010268668411299586,2.8655849249048515e-08,0.00375468865968287,0.001254697679542005,0.37916290760040283,0.4043758511543274,0.023028437048196793
C:\Projects\TM470\data\processed\test\Lactarius\061_KShq81HACXk.jpg,Lactarius/061_KShq81HACXk.jpg,Lactarius,Hygrocybe,False,0.4145774245262146,0.0030286999972304,BaselineCNN,test,8.997124041343341e-07,1.9630744645837694e-05,0.07053588330745697,0.09151513874530792,7.077666668919846e-05,5.600718222531498e-10,0.4145774245262146,2.4842247512424365e-05,0.08872801065444946,0.0033897124230861664,0.33113762736320496
C:\Projects\TM470\data\processed\test\Lactarius\0628_7XDugUX8ezg.jpg,Lactarius/0628_7XDugUX8ezg.jpg,Lactarius,Boletus,False,0.8147348761558533,0.0025966999965021,BaselineCNN,test,1.0812149184857844e-06,3.5307548387208953e-05,0.8147348761558533,5.237848654360278e-06,4.7469248443121614e-07,1.2064175791692833e-07,3.4624194995558355e-06,4.640930342247884e-07,0.06253872811794281,0.0005165343172848225,0.12216367572546005
C:\Projects\TM470\data\processed\test\Lactarius\0630_3idJVXnrBF4.jpg,Lactarius/0630_3idJVXnrBF4.jpg,Lactarius,Boletus,False,0.7881932854652405,0.0029158999968785,BaselineCNN,test,0.009244466200470924,0.0072999997064471245,0.7881932854652405,0.0013845093781128526,0.030512630939483643,9.388637778329212e-08,0.00012458932178560644,0.013001003302633762,0.07110252231359482,0.05285731703042984,0.02627956122159958
C:\Projects\TM470\data\processed\test\Lactarius\0645_Z6spVFbiuEY.jpg,Lactarius/0645_Z6spVFbiuEY.jpg,Lactarius,Lactarius,True,0.5606057643890381,0.0025337999977637,BaselineCNN,test,0.38272780179977417,0.0018564561614766717,0.005137945059686899,0.0001573454646859318,3.139781767913519e-08,1.0610368139651882e-10,7.221459696893362e-08,1.8174245042246184e-06,0.5606057643890381,0.03745472803711891,0.012058098800480366
C:\Projects\TM470\data\processed\test\Lactarius\0649_uwl8etw5T-s.jpg,Lactarius/0649_uwl8etw5T-s.jpg,Lactarius,Lactarius,True,0.9199720621109009,0.0029261000017868,BaselineCNN,test,0.006753835827112198,0.0011304571526125073,0.002011160599067807,0.0010762400925159454,0.00021190363622736186,3.455845103417232e-07,0.0006328216986730695,6.692382885375991e-05,0.9199720621109009,0.031945932656526566,0.03619828447699547
C:\Projects\TM470\data\processed\test\Lactarius\0651_vzBdVntLr8c.jpg,Lactarius/0651_vzBdVntLr8c.jpg,Lactarius,Lactarius,True,0.854714035987854,0.0028898000018671,BaselineCNN,test,0.004712548106908798,0.00044736790005117655,0.0017370472196489573,0.07755529880523682,1.7768694306141697e-05,3.4115857943106676e-06,0.0011398631613701582,0.0032696393318474293,0.854714035987854,0.051544852554798126,0.004858240485191345
C:\Projects\TM470\data\processed\test\Lactarius\0664_vTIkNBMlgC0.jpg,Lactarius/0664_vTIkNBMlgC0.jpg,Lactarius,Inocybe,False,0.441449910402298,0.0025999000063166,BaselineCNN,test,0.0023637583944946527,0.0907149687409401,0.26895424723625183,0.015125232748687267,0.0007041534991003573,0.0019190226448699832,0.0010822864715009928,0.441449910402298,0.00380374351516366,0.0023626743350178003,0.17151999473571777
C:\Projects\TM470\data\processed\test\Lactarius\0670_V1ZK2sFc-Ro.jpg,Lactarius/0670_V1ZK2sFc-Ro.jpg,Lactarius,Lactarius,True,0.9518687725067139,0.0028863000043202,BaselineCNN,test,9.42927654250525e-05,0.00014377695333678275,0.0023701388854533434,0.0023240346927195787,3.62565006071236e-05,9.492076060269028e-06,0.0023979791440069675,0.026957960799336433,0.9518687725067139,0.012754500843584538,0.001042736228555441
C:\Projects\TM470\data\processed\test\Lactarius\0672_VwMevK3GQmI.jpg,Lactarius/0672_VwMevK3GQmI.jpg,Lactarius,Lactarius,True,0.9690815210342407,0.002544899994973,BaselineCNN,test,4.560722300084308e-05,0.0027315958868712187,4.907596462544461e-07,0.02347983606159687,6.410095375031233e-05,3.348226584876102e-08,1.8908454876509495e-05,0.0003056184505112469,0.9690815210342407,0.004271693993359804,6.192055934661767e-07
C:\Projects\TM470\data\processed\test\Lactarius\0674_jfw03-JCIg4.jpg,Lactarius/0674_jfw03-JCIg4.jpg,Lactarius,Lactarius,True,0.9968852400779724,0.00288780000119,BaselineCNN,test,2.2090183904310834e-07,2.692719114349984e-08,3.504985215840861e-06,0.00028549705166369677,1.9809920370761347e-09,7.175486875683756e-13,6.51976847620972e-07,4.017910171238981e-10,0.9968852400779724,9.694382606539875e-05,0.0027279770001769066
C:\Projects\TM470\data\processed\test\Lactarius\0675_t0wBJuQaX1I.jpg,Lactarius/0675_t0wBJuQaX1I.jpg,Lactarius,Lactarius,True,0.9997825026512146,0.0025529999984428,BaselineCNN,test,1.0608670208966942e-06,1.9316610178066185e-06,1.1603458005993161e-05,4.382412589620799e-05,8.956504871093784e-09,1.0243824018207892e-11,4.1075890067077125e-07,1.6848751727138733e-07,0.9997825026512146,6.867378033348359e-06,0.00015158427413553
C:\Projects\TM470\data\processed\test\Lactarius\0680_9iK0lHxdnbE.jpg,Lactarius/0680_9iK0lHxdnbE.jpg,Lactarius,Russula,False,0.8854309916496277,0.0028957000031368,BaselineCNN,test,0.003890533233061433,0.02932020090520382,0.00189599662553519,0.007584007922559977,0.0038896985352039337,1.64813463925384e-05,0.0004668528272304684,0.032150834798812866,0.016077455133199692,0.8854309916496277,0.01927695982158184
C:\Projects\TM470\data\processed\test\Lactarius\069_WjmaRv5colU.jpg,Lactarius/069_WjmaRv5colU.jpg,Lactarius,Lactarius,True,0.9989684820175171,0.0025033999991137,BaselineCNN,test,2.5796317970616656e-08,1.5956451306919917e-06,4.9365151966185294e-09,1.2344527021923568e-05,4.322228051023558e-05,1.4199127117142663e-11,2.5605888367863372e-05,0.00019948476983699948,0.9989684820175171,0.0007475469610653818,1.6266308193735313e-06
C:\Projects\TM470\data\processed\test\Lactarius\0704_ylcLIXgu01w.jpg,Lactarius/0704_ylcLIXgu01w.jpg,Lactarius,Lactarius,True,0.8776187300682068,0.002909400005592,BaselineCNN,test,0.0013756913831457496,0.0007690525380894542,0.007369141094386578,0.0009895344264805317,0.04558282718062401,7.642795196716179e-08,0.00040837685810402036,0.00023257872089743614,0.8776187300682068,0.0357518345117569,0.029902208596467972
C:\Projects\TM470\data\processed\test\Lactarius\0706_5KiNR80hz8c.jpg,Lactarius/0706_5KiNR80hz8c.jpg,Lactarius,Lactarius,True,0.8877769708633423,0.00287829998706,BaselineCNN,test,0.0019156853668391705,0.01658467762172222,0.0010726724285632372,0.004340695682913065,0.08101995289325714,6.646931524301181e-06,0.0003732979530468583,0.0003415312385186553,0.8877769708633423,0.006345556583255529,0.00022236400400288403
C:\Projects\TM470\data\processed\test\Lactarius\0709_rGbRBgcO1Bo.jpg,Lactarius/0709_rGbRBgcO1Bo.jpg,Lactarius,Boletus,False,0.5461127758026123,0.0024798999947961,BaselineCNN,test,2.5984764340236666e-10,0.17346666753292084,0.5461127758026123,0.2803824841976166,9.788554052647669e-06,2.37495460169157e-05,8.655400007828717e-11,4.5185538510850165e-06,2.1970846475483086e-08,5.582042050811253e-10,3.4614897059803695e-10
C:\Projects\TM470\data\processed\test\Lactarius\0716_XAFN8ZsH8Oc.jpg,Lactarius/0716_XAFN8ZsH8Oc.jpg,Lactarius,Lactarius,True,0.9449360966682434,0.0025476000009803,BaselineCNN,test,9.377101178875691e-11,1.4475839416050462e-09,0.05151906609535217,5.512719872058369e-05,2.447459335891411e-12,4.0714656581071484e-13,1.08455860754475e-05,5.557065363426261e-10,0.9449360966682434,4.212388830637792e-06,0.0034746062010526657
C:\Projects\TM470\data\processed\test\Lactarius\0734_NI0Ax90MD5c.jpg,Lactarius/0734_NI0Ax90MD5c.jpg,Lactarius,Suillus,False,0.9010108113288879,0.0025611000019125,BaselineCNN,test,8.38313862772111e-09,5.03856335853925e-06,0.0027035607490688562,7.053490116959438e-05,8.824786235095416e-09,7.085003139728485e-10,2.940405101981014e-05,0.00020661154121626168,0.09596548229455948,8.423188774031587e-06,0.9010108113288879
C:\Projects\TM470\data\processed\test\Lactarius\0736_aLqBxhhsMow.jpg,Lactarius/0736_aLqBxhhsMow.jpg,Lactarius,Lactarius,True,0.980469286441803,0.0028730000049108,BaselineCNN,test,0.018964478746056557,2.1124535010130785e-08,8.032083133002743e-05,4.944500233250437e-06,2.5806594639021796e-09,1.648318807834226e-11,2.2101502850091492e-07,4.5493568023857733e-08,0.980469286441803,0.000471329694846645,9.290126399719156e-06
C:\Projects\TM470\data\processed\test\Lactarius\0745_ey3D5LyzKTY.jpg,Lactarius/0745_ey3D5LyzKTY.jpg,Lactarius,Amanita,False,0.45467114448547363,0.0028393999964464,BaselineCNN,test,0.09182800352573395,0.45467114448547363,4.557583110909036e-08,0.024369465187191963,0.00019857040024362504,1.262490485487433e-07,6.06151206739014e-06,0.0003043548495043069,0.01944178156554699,0.37748846411705017,0.03169195353984833
C:\Projects\TM470\data\processed\test\Lactarius\0747_adx1MMw58MI.jpg,Lactarius/0747_adx1MMw58MI.jpg,Lactarius,Lactarius,True,0.9732285141944885,0.0027895999955944,BaselineCNN,test,0.018516793847084045,7.003398786764592e-05,8.718066237634048e-05,1.0990864211635198e-05,7.138563887565397e-06,2.3335014702752233e-05,1.072174768523837e-06,0.006934291683137417,0.9732285141944885,0.0010941539658233523,2.6368355975137092e-05
C:\Projects\TM470\data\processed\test\Lactarius\0756_C1Ll5LZF_Cg.jpg,Lactarius/0756_C1Ll5LZF_Cg.jpg,Lactarius,Agaricus,False,0.944548487663269,0.0029126000008545,BaselineCNN,test,0.944548487663269,0.02682044729590416,2.4229802875197493e-05,0.00036647054366767406,1.9329383576405235e-05,4.596754297381267e-05,2.117466283380054e-05,0.0017693722620606422,0.023565253242850304,0.0028005321510136127,1.8668139091460034e-05
C:\Projects\TM470\data\processed\test\Lactarius\0757_3LeqE6pda1M.jpg,Lactarius/0757_3LeqE6pda1M.jpg,Lactarius,Cortinarius,False,0.9501305818557739,0.0025707000022521,BaselineCNN,test,0.00016735530516598374,3.723314648595988e-06,3.6537064715957968e-06,0.9501305818557739,0.0010017125168815255,0.0008151688962243497,0.000935474643483758,0.00018589173851069063,0.04671752080321312,3.501159881125204e-05,3.972984359279508e-06
C:\Projects\TM470\data\processed\test\Lactarius\0759_oLEvM6Hhevs.jpg,Lactarius/0759_oLEvM6Hhevs.jpg,Lactarius,Lactarius,True,0.9681889414787292,0.0029214999958639,BaselineCNN,test,5.299578447193198e-07,4.618644311449316e-08,3.900444767168665e-07,2.14420552424599e-08,1.4798637870683251e-08,6.407560227698079e-19,9.22414811199701e-10,2.8129220483387625e-14,0.9681889414787292,0.031810060143470764,5.232389188591924e-09
C:\Projects\TM470\data\processed\test\Lactarius\0762_KnQg1QaWm0A.jpg,Lactarius/0762_KnQg1QaWm0A.jpg,Lactarius,Amanita,False,0.8958703875541687,0.0028043000056641,BaselineCNN,test,0.01372628752142191,0.8958703875541687,0.03709525614976883,0.0001813780254451558,0.01028719823807478,9.24205087358132e-05,2.4035143724177033e-06,0.00025836433633230627,0.040000271052122116,0.00023700932797510177,0.002249020617455244
C:\Projects\TM470\data\processed\test\Lactarius\0773_7sw6xICACRk.jpg,Lactarius/0773_7sw6xICACRk.jpg,Lactarius,Lactarius,True,0.7794336080551147,0.0025917000020854,BaselineCNN,test,0.15377674996852875,0.0023489673621952534,0.005361184477806091,0.00939876027405262,0.0017160592833533883,4.273697413736954e-05,0.00021127112268004566,0.0013985325349494815,0.7794336080551147,0.03890952095389366,0.007402623537927866
C:\Projects\TM470\data\processed\test\Lactarius\0782_4hQQMaTQWEI.jpg,Lactarius/0782_4hQQMaTQWEI.jpg,Lactarius,Lactarius,True,0.8811122179031372,0.0026178999978583,BaselineCNN,test,0.017611142247915268,3.530013782437891e-05,0.048835624009370804,4.489718048716895e-05,4.916666057397379e-06,1.9172786025478672e-08,5.8727282521431334e-06,0.008648663759231567,0.8811122179031372,0.0007568015134893358,0.042944613844156265
C:\Projects\TM470\data\processed\test\Lactarius\0788_pRAv0S0JJWw.jpg,Lactarius/0788_pRAv0S0JJWw.jpg,Lactarius,Agaricus,False,0.4256473183631897,0.0027947000053245,BaselineCNN,test,0.4256473183631897,0.12174991518259048,0.010117967613041401,0.09663192182779312,0.012570944614708424,4.933176644961179e-10,2.4875493181752972e-05,4.919606726616621e-05,0.2759099006652832,0.026292094960808754,0.031005796045064926
C:\Projects\TM470\data\processed\test\Lactarius\0789_YdasocklYzQ.jpg,Lactarius/0789_YdasocklYzQ.jpg,Lactarius,Inocybe,False,0.9101558327674866,0.00255350000225,BaselineCNN,test,8.68428687681444e-05,0.03637054190039635,9.078177390620112e-05,0.01732609048485756,1.464709725951252e-06,0.0002950980851892382,1.2727354032904259e-06,0.9101558327674866,0.033397868275642395,3.8022182025088114e-07,0.002273805905133486
C:\Projects\TM470\data\processed\test\Lactarius\0793_0GzeXD2rqQY.jpg,Lactarius/0793_0GzeXD2rqQY.jpg,Lactarius,Russula,False,0.7212450504302979,0.0028524000081233,BaselineCNN,test,0.2705223858356476,0.003971325699239969,3.6472880537985475e-07,0.0011691309046000242,5.042135597932429e-09,3.065970255455852e-10,1.406022764882664e-08,2.5279726756366472e-08,0.0030915692914277315,0.7212450504302979,1.321981102364589e-07
C:\Projects\TM470\data\processed\test\Lactarius\0794_rAh-SYlXfxI.jpg,Lactarius/0794_rAh-SYlXfxI.jpg,Lactarius,Agaricus,False,0.35285863280296326,0.0025479000032646,BaselineCNN,test,0.35285863280296326,0.007428401615470648,0.0005511968047358096,0.09156925976276398,0.002894718199968338,0.2619742751121521,0.001389612560160458,0.09912990778684616,0.13460572063922882,0.04089120030403137,0.006707075517624617
C:\Projects\TM470\data\processed\test\Lactarius\0805_zrH6_rVsSM8.jpg,Lactarius/0805_zrH6_rVsSM8.jpg,Lactarius,Lactarius,True,0.7690119743347168,0.0029053000034764,BaselineCNN,test,0.21922199428081512,0.0034357442054897547,3.07589154147081e-08,2.9604258088511415e-05,1.7419999494450167e-05,2.429441714468794e-08,1.140550267564322e-07,0.007253068033605814,0.7690119743347168,0.001028881873935461,1.150811499428528e-06
C:\Projects\TM470\data\processed\test\Lactarius\0809_nKVSQbfh_8Q.jpg,Lactarius/0809_nKVSQbfh_8Q.jpg,Lactarius,Russula,False,0.9644717574119568,0.0029233999957796,BaselineCNN,test,9.322322148364037e-05,0.0009558897581882775,0.012994027696549892,0.016353238373994827,0.0007311016088351607,5.671531022599652e-10,0.0011237341677770019,3.966078566008946e-06,0.0008686779183335602,0.9644717574119568,0.002404366387054324
C:\Projects\TM470\data\processed\test\Lactarius\0810_HmCW6dmg8ww.jpg,Lactarius/0810_HmCW6dmg8ww.jpg,Lactarius,Boletus,False,0.9819820523262024,0.0029951000033179,BaselineCNN,test,2.3591061903971422e-07,0.0003083365736529231,0.9819820523262024,2.753793160081841e-05,1.5262892247847049e-06,1.825520290488214e-10,7.82417191658169e-06,1.4777095202589408e-05,0.015370892360806465,0.0006380510167218745,0.0016488468972966075
C:\Projects\TM470\data\processed\test\Lactarius\0811_fny9MwqLlJQ.jpg,Lactarius/0811_fny9MwqLlJQ.jpg,Lactarius,Lactarius,True,0.8943549990653992,0.0026597999967634,BaselineCNN,test,0.00013913099246565253,0.000619681493844837,0.019325876608490944,0.001642952673137188,9.686055273050442e-05,0.00011291955161141232,0.0002047062007477507,0.07034137845039368,0.8943549990653992,0.012976223602890968,0.00018529361113905907
C:\Projects\TM470\data\processed\test\Lactarius\0814_QfgRmQ7qhf4.jpg,Lactarius/0814_QfgRmQ7qhf4.jpg,Lactarius,Amanita,False,0.874971330165863,0.0025966999965021,BaselineCNN,test,0.08150384575128555,0.874971330165863,0.0011963499709963799,0.01847018487751484,2.522573652186111e-07,0.00016054276784416288,5.2608634177886415e-06,3.801917773671448e-05,0.021237915381789207,0.002410335000604391,5.9658718782884534e-06
C:\Projects\TM470\data\processed\test\Lactarius\0819_UXB8BitCLeg.jpg,Lactarius/0819_UXB8BitCLeg.jpg,Lactarius,Lactarius,True,0.9843243360519409,0.002569799995399,BaselineCNN,test,0.001598052796907723,0.00018811515474226326,0.001995902508497238,0.0038319448940455914,6.153859644086879e-09,0.0002284115325892344,0.00035841940552927554,0.004717865027487278,0.9843243360519409,0.0027080317959189415,4.891577918897383e-05
C:\Projects\TM470\data\processed\test\Lactarius\0823_Ux2nE3c9Um8.jpg,Lactarius/0823_Ux2nE3c9Um8.jpg,Lactarius,Lactarius,True,0.99784255027771,0.0026706999924499,BaselineCNN,test,2.656908582032713e-10,3.975201556816188e-10,5.087589306640439e-05,5.2908209909219295e-05,4.325274582939187e-10,8.392859324191093e-12,2.690856604203873e-08,1.4379568256117636e-06,0.99784255027771,0.0020498125813901424,2.443740868329769e-06
C:\Projects\TM470\data\processed\test\Lactarius\0829_s0YUBr49gwI.jpg,Lactarius/0829_s0YUBr49gwI.jpg,Lactarius,Lactarius,True,0.26564207673072815,0.0028528000111691,BaselineCNN,test,0.005321400705724955,0.022395219653844833,0.002918044338002801,0.2612307667732239,0.03322805091738701,0.031698618084192276,0.040309399366378784,0.08471853286027908,0.26564207673072815,0.04099072515964508,0.2115471363067627
C:\Projects\TM470\data\processed\test\Lactarius\083_b-MWcypdVgI.jpg,Lactarius/083_b-MWcypdVgI.jpg,Lactarius,Lactarius,True,0.9988943934440613,0.0025456000003032,BaselineCNN,test,5.066945595899597e-05,5.163914096328881e-08,3.3059420729841804e-06,3.481577368802391e-05,2.1385955051300698e-07,3.2305072750205e-07,0.0004996336065232754,4.394416100694798e-05,0.9988943934440613,9.012761438498273e-06,0.00046361639397218823
C:\Projects\TM470\data\processed\test\Lactarius\0852_7k3Zyy3_DGE.jpg,Lactarius/0852_7k3Zyy3_DGE.jpg,Lactarius,Boletus,False,0.5495149493217468,0.0025822000025073,BaselineCNN,test,9.04668127077457e-07,1.2323232112976257e-05,0.5495149493217468,0.2848382294178009,6.895771093695657e-06,1.0875347555838744e-07,0.0001110762168536894,0.005024592392146587,0.05018089711666107,6.728409971401561e-06,0.11030323803424835
C:\Projects\TM470\data\processed\test\Lactarius\0861_R-QITvIdQ0I.jpg,Lactarius/0861_R-QITvIdQ0I.jpg,Lactarius,Russula,False,0.9526674151420593,0.0026752999983727,BaselineCNN,test,1.0225010555586778e-05,5.713488280889578e-05,0.0006962153711356223,4.8319061534130014e-06,6.453176411014283e-06,4.53749526840852e-09,1.9730352960323216e-06,1.6557488606849802e-06,0.041835036128759384,0.9526674151420593,0.004719079937785864
C:\Projects\TM470\data\processed\test\Lactarius\0863_vVoT2CYybJg.jpg,Lactarius/0863_vVoT2CYybJg.jpg,Lactarius,Boletus,False,0.52403724193573,0.0025466000079177,BaselineCNN,test,1.291988496632257e-06,3.612370346672833e-05,0.52403724193573,0.03050588257610798,6.21143844909966e-05,4.565429279068667e-08,0.0014537305105477571,0.0003989051328971982,0.36299118399620056,0.000381551799364388,0.0801318809390068
C:\Projects\TM470\data\processed\test\Lactarius\0868_VH-IjF4KU2A.jpg,Lactarius/0868_VH-IjF4KU2A.jpg,Lactarius,Lactarius,True,0.9935083389282227,0.0029560999973909,BaselineCNN,test,1.6935160601860844e-05,7.971623745106626e-06,0.0003417323750909418,8.526561032340396e-06,1.6409371710324194e-06,1.085022870161989e-11,4.5527863790084666e-07,3.458159270053329e-08,0.9935083389282227,0.001007072743959725,0.005107308737933636
C:\Projects\TM470\data\processed\test\Lactarius\0874_2lGLHI_YG5k.jpg,Lactarius/0874_2lGLHI_YG5k.jpg,Lactarius,Suillus,False,0.8984449505805969,0.0025705999869387,BaselineCNN,test,1.6824422743866307e-08,2.613094238768099e-06,0.025754211470484734,0.015700621530413628,2.0777459042164992e-07,1.909674675337758e-11,1.7812948499340564e-05,0.0010964872781187296,0.05895046144723892,3.270833258284256e-05,0.8984449505805969
C:\Projects\TM470\data\processed\test\Lactarius\087_L5ZS-DiYxEI.jpg,Lactarius/087_L5ZS-DiYxEI.jpg,Lactarius,Lactarius,True,0.9999426603317261,0.0025519999908283,BaselineCNN,test,3.824500890914351e-05,2.731554893387056e-08,1.8627281661576234e-10,5.414104180090362e-06,1.210248410643544e-05,2.7781815108148076e-16,1.4510270762713162e-09,2.8107252081355227e-09,0.9999426603317261,1.2951823009643704e-06,1.7187733192258747e-07
C:\Projects\TM470\data\processed\test\Lactarius\0881_3RtHEelIwJ0.jpg,Lactarius/0881_3RtHEelIwJ0.jpg,Lactarius,Lactarius,True,0.9928943514823914,0.0026691000093705,BaselineCNN,test,4.1551463658695553e-11,5.372550848647961e-09,4.8617216634738725e-06,2.907703731125366e-07,4.83268647322177e-10,2.925335348307259e-14,3.850795735615975e-07,5.268289277049476e-11,0.9928943514823914,2.5118820303760003e-06,0.007097512949258089
C:\Projects\TM470\data\processed\test\Lactarius\0886_DVymd3ri6ok.jpg,Lactarius/0886_DVymd3ri6ok.jpg,Lactarius,Lactarius,True,0.9038468599319458,0.0028612000023713,BaselineCNN,test,2.8483384539867984e-07,1.4296118024503812e-05,0.0008031420293264091,0.06065082550048828,0.0001892388827400282,3.6008572124046623e-07,0.01702074334025383,0.0003441102453507483,0.9038468599319458,0.016009267419576645,0.0011208195937797427
C:\Projects\TM470\data\processed\test\Lactarius\0890_Fm2kZLQ186E.jpg,Lactarius/0890_Fm2kZLQ186E.jpg,Lactarius,Lactarius,True,0.7918892502784729,0.0025552000006427,BaselineCNN,test,4.7188827011268586e-05,1.6974292520899326e-05,0.0021574292331933975,0.0002252111880807206,4.391807124193292e-06,2.2185020487341944e-09,8.175556286005303e-05,7.029702828731388e-06,0.7918892502784729,0.0006525169010274112,0.20491823554039001
C:\Projects\TM470\data\processed\test\Lactarius\0891_y4giXhWdmzg.jpg,Lactarius/0891_y4giXhWdmzg.jpg,Lactarius,Boletus,False,0.4408723711967468,0.0025796999980229,BaselineCNN,test,0.00013588553701993078,0.002792348386719823,0.4408723711967468,0.014603753574192524,8.350388270628173e-06,0.0003083109622821212,3.885528258251725e-06,0.18993490934371948,0.3289278447628021,0.0027279288042336702,0.019684409722685814
C:\Projects\TM470\data\processed\test\Lactarius\0894_faLSlbF53CA.jpg,Lactarius/0894_faLSlbF53CA.jpg,Lactarius,Lactarius,True,0.8065571188926697,0.0025420000019948,BaselineCNN,test,2.4272160317195812e-06,1.00805636975565e-05,0.1201033890247345,0.022622501477599144,0.00010075052705360577,1.8185289940575444e-09,0.046587374061346054,0.0002068945177597925,0.8065571188926697,0.00041957333451136947,0.0033899210393428802
C:\Projects\TM470\data\processed\test\Lactarius\0898_H5ncLRcbiOQ.jpg,Lactarius/0898_H5ncLRcbiOQ.jpg,Lactarius,Lactarius,True,0.3758215010166168,0.0026029999862657,BaselineCNN,test,2.502264351278427e-07,0.002575367921963334,0.2324722707271576,0.025082090869545937,9.844807209447026e-07,2.0740198891644468e-08,0.0001353549596387893,1.1571252798603382e-05,0.3758215010166168,0.018438376486301422,0.3454621136188507
C:\Projects\TM470\data\processed\test\Lactarius\089_AJoVxJM23M4.jpg,Lactarius/089_AJoVxJM23M4.jpg,Lactarius,Boletus,False,0.750029981136322,0.0029436000040732,BaselineCNN,test,0.00038479265640489757,0.0032284436747431755,0.750029981136322,0.008463348262012005,0.001911377301439643,0.000474252097774297,0.0019025577930733562,0.008223013021051884,0.1153990626335144,0.07143019884824753,0.03855303302407265
C:\Projects\TM470\data\processed\test\Lactarius\0904_Z0MfidvU7JU.jpg,Lactarius/0904_Z0MfidvU7JU.jpg,Lactarius,Agaricus,False,0.8823093175888062,0.0030119000002741,BaselineCNN,test,0.8823093175888062,0.06415776908397675,7.1258077696256805e-06,0.0015326592838391662,9.80340360001719e-07,0.011269818991422653,2.8274876058276277e-06,0.020347073674201965,0.017090018838644028,0.003281825454905629,6.707109605486039e-07
C:\Projects\TM470\data\processed\test\Lactarius\0924_mvAXbhaPY-k.jpg,Lactarius/0924_mvAXbhaPY-k.jpg,Lactarius,Agaricus,False,0.40492138266563416,0.0029102000116836,BaselineCNN,test,0.40492138266563416,0.00046423618914559484,2.016214421018958e-05,0.0019489375408738852,0.00022958741465117782,2.8760371861835665e-08,0.00012941649765707552,0.0008949248003773391,0.0007058866322040558,0.3462986946105957,0.2443867325782776
C:\Projects\TM470\data\processed\test\Lactarius\0931_qYe0VtJnAhQ.jpg,Lactarius/0931_qYe0VtJnAhQ.jpg,Lactarius,Boletus,False,0.6655793190002441,0.0030104000034043,BaselineCNN,test,0.005729696247726679,0.017669126391410828,0.6655793190002441,0.08637497574090958,0.0027088019996881485,0.02606438845396042,0.00045077860704623163,0.029105637222528458,0.053001098334789276,0.08684901893138885,0.026467252522706985
C:\Projects\TM470\data\processed\test\Lactarius\0941_SIWGBlVT-DI.jpg,Lactarius/0941_SIWGBlVT-DI.jpg,Lactarius,Suillus,False,0.9875406622886658,0.0025458000018261,BaselineCNN,test,1.332420964672565e-07,2.2833521597931394e-06,0.00039721481152810156,0.002964987652376294,5.868866281844021e-09,8.484980773548756e-11,6.212643347680569e-05,6.142907750472659e-06,0.009025870822370052,5.592560228251386e-07,0.9875406622886658
C:\Projects\TM470\data\processed\test\Lactarius\0948_omWNNnbQkxU.jpg,Lactarius/0948_omWNNnbQkxU.jpg,Lactarius,Suillus,False,0.8076024651527405,0.0029409999988274,BaselineCNN,test,1.542085783512448e-07,4.6396185098274145e-06,1.1708021702361293e-05,0.0043366146273911,2.3448084363053567e-08,9.592613370301706e-10,0.007697342429310083,7.331375854846556e-06,0.1803385317325592,1.1262645784881897e-06,0.8076024651527405
C:\Projects\TM470\data\processed\test\Lactarius\094_-2iyr_W_qvQ.jpg,Lactarius/094_-2iyr_W_qvQ.jpg,Lactarius,Lactarius,True,0.7035742998123169,0.0025501000054646,BaselineCNN,test,0.047711972147226334,0.19100995361804962,0.018863478675484657,7.265798558364622e-07,0.0010479406919330359,2.5363949589518597e-06,0.0008387320558540523,2.5338708837807644e-06,0.7035742998123169,0.03441998362541199,0.0025279021356254816
C:\Projects\TM470\data\processed\test\Lactarius\0950_ijfkg6qgVms.jpg,Lactarius/0950_ijfkg6qgVms.jpg,Lactarius,Lactarius,True,0.43710678815841675,0.0029875000036554,BaselineCNN,test,0.00011487664596643299,0.001585473888553679,0.01033606007695198,0.052634961903095245,0.000291677686618641,2.0478487385844346e-06,0.017685776576399803,0.0016131867887452245,0.43710678815841675,0.37479686737060547,0.10383222252130508
C:\Projects\TM470\data\processed\test\Lactarius\095_BtaRrYfMJVs.jpg,Lactarius/095_BtaRrYfMJVs.jpg,Lactarius,Russula,False,0.7523031830787659,0.0030878000106895,BaselineCNN,test,0.0045403423719108105,0.0052251447923481464,0.09255561232566833,0.027197692543268204,0.0009496898273937404,0.013324659317731857,0.007188440766185522,0.02678154781460762,0.04805191978812218,0.7523031830787659,0.02188178524374962
C:\Projects\TM470\data\processed\test\Lactarius\0966_RRkmCZs4Hgk.jpg,Lactarius/0966_RRkmCZs4Hgk.jpg,Lactarius,Russula,False,0.5835925936698914,0.002828299999237,BaselineCNN,test,0.016845310106873512,0.03502856194972992,0.2057943493127823,0.0029921596869826317,0.02739226073026657,0.009324626065790653,0.0007825071807019413,0.015883585438132286,0.10219966620206833,0.5835925936698914,0.00016443197091575712
C:\Projects\TM470\data\processed\test\Lactarius\0968_D_TOmURQt5M.jpg,Lactarius/0968_D_TOmURQt5M.jpg,Lactarius,Lactarius,True,0.7372676730155945,0.0075832000002264,BaselineCNN,test,8.836531378619839e-06,0.00010584646224742755,0.14865729212760925,0.024586820974946022,4.134387199883349e-05,1.6442356809420744e-08,0.0012909196084365249,6.63940591039136e-05,0.7372676730155945,0.004092411138117313,0.08388247340917587
C:\Projects\TM470\data\processed\test\Lactarius\0975_TPuBswVPF4E.jpg,Lactarius/0975_TPuBswVPF4E.jpg,Lactarius,Suillus,False,0.5901380181312561,0.0029342999914661,BaselineCNN,test,0.005147760733962059,0.0009482075111009181,0.00029083286062814295,0.08468882739543915,9.803441207623109e-05,3.948146968468791e-06,0.008396183140575886,0.005601044278591871,0.280129998922348,0.024557149037718773,0.5901380181312561
C:\Projects\TM470\data\processed\test\Lactarius\0978_f0jCRe74OWg.jpg,Lactarius/0978_f0jCRe74OWg.jpg,Lactarius,Lactarius,True,0.9819215536117554,0.0028954000008525,BaselineCNN,test,5.890789907425642e-05,0.0003843872109428048,0.0015728777507320046,0.009163462556898594,1.7277283404837362e-05,8.039648946578382e-10,1.2400308833093732e-06,1.7161634104922996e-06,0.9819215536117554,0.00038681406294927,0.00649174815043807
C:\Projects\TM470\data\processed\test\Lactarius\097_EnaERH1OSng.jpg,Lactarius/097_EnaERH1OSng.jpg,Lactarius,Boletus,False,0.8755147457122803,0.0029690000083064,BaselineCNN,test,1.6359189558556864e-09,3.932794243155513e-06,0.8755147457122803,0.009092546068131924,7.3922845622576006e-09,7.089175600716313e-12,3.5112028854200616e-05,1.407230953986982e-08,0.049214303493499756,0.06337198615074158,0.002767471596598625
C:\Projects\TM470\data\processed\test\Lactarius\0980_m_ohZyV7g-Y.jpg,Lactarius/0980_m_ohZyV7g-Y.jpg,Lactarius,Boletus,False,0.7353225350379944,0.0052175000018905,BaselineCNN,test,1.936548699177365e-07,1.1218820645808592e-06,0.7353225350379944,0.06319952756166458,5.883788162464043e-06,1.4426186467630941e-08,2.4829621906974353e-05,6.446563202189282e-05,0.1970176249742508,0.0013413239503279328,0.0030225112568587065
C:\Projects\TM470\data\processed\test\Lactarius\0990_eosoYFrwQLI.jpg,Lactarius/0990_eosoYFrwQLI.jpg,Lactarius,Cortinarius,False,0.372047483921051,0.0030404999997699,BaselineCNN,test,9.405141463503242e-05,0.0016254496295005083,0.35978788137435913,0.372047483921051,1.5399693438666873e-05,5.036820613368853e-11,0.0001233266812050715,0.0001098748471122235,0.2124376744031906,0.030777234584093094,0.02298169583082199
C:\Projects\TM470\data\processed\test\Lactarius\0993_vWFD5m5EFdw.jpg,Lactarius/0993_vWFD5m5EFdw.jpg,Lactarius,Lactarius,True,0.9720956683158875,0.0026376000023446,BaselineCNN,test,1.777675061021e-05,1.143575786954898e-06,0.0032185916788876057,9.70917426457163e-06,1.1288469750070362e-06,4.0845404315759115e-12,1.0997959520864242e-07,2.419368883010975e-08,0.9720956683158875,0.023412540555000305,0.0012433641823008657
C:\Projects\TM470\data\processed\test\Lactarius\0997_I_lCHDRsFnk.jpg,Lactarius/0997_I_lCHDRsFnk.jpg,Lactarius,Inocybe,False,0.6528364419937134,0.0043660999945132,BaselineCNN,test,0.0028219923842698336,0.017025334760546684,0.00025074940640479326,0.0657663643360138,0.010210574604570866,0.0075844042003154755,0.061805419623851776,0.6528364419937134,0.1753697544336319,0.0005886564613319933,0.005740274675190449
C:\Projects\TM470\data\processed\test\Lactarius\099_tlQryExCSSc.jpg,Lactarius/099_tlQryExCSSc.jpg,Lactarius,Russula,False,0.6341519951820374,0.0027181000041309,BaselineCNN,test,0.003174644662067294,0.002329873153939843,0.0019259997643530369,0.014498532749712467,0.026197565719485283,1.2073056332440046e-08,6.087942438171012e-06,1.2042319212923758e-06,0.3176306188106537,0.6341519951820374,8.34327656775713e-05
C:\Projects\TM470\data\processed\test\Lactarius\1023_5KzdIbZlWao.jpg,Lactarius/1023_5KzdIbZlWao.jpg,Lactarius,Boletus,False,0.8088528513908386,0.0040530999976908,BaselineCNN,test,1.765513479767833e-05,9.154059080174193e-05,0.8088528513908386,0.018363336101174355,0.0002694456197787076,9.006826395818734e-09,0.055870167911052704,0.00022920171613804996,0.10645592212677002,0.003037957241758704,0.006812016014009714
C:\Projects\TM470\data\processed\test\Lactarius\1031_-Xmag74uj8c.jpg,Lactarius/1031_-Xmag74uj8c.jpg,Lactarius,Cortinarius,False,0.9625080227851868,0.0027581000031204,BaselineCNN,test,9.359619070892222e-07,5.1623969739011955e-06,1.6116720871650614e-05,0.9625080227851868,0.003521916689351201,6.633476914430503e-07,0.003809080459177494,0.019433559849858284,9.009904897538945e-05,4.946150966134155e-06,0.010609455406665802
C:\Projects\TM470\data\processed\test\Lactarius\1035_5IsEFXEEEaY.jpg,Lactarius/1035_5IsEFXEEEaY.jpg,Lactarius,Boletus,False,0.7229348421096802,0.0037485000066226,BaselineCNN,test,1.868460458354093e-05,0.00013607743312604725,0.7229348421096802,0.19276610016822815,0.0004773158289026469,6.0800044593634084e-05,0.056235115975141525,0.012570885010063648,0.012494171038269997,1.3757246961176861e-05,0.0022922437638044357
C:\Projects\TM470\data\processed\test\Lactarius\1039_IeXUvS5caiU.jpg,Lactarius/1039_IeXUvS5caiU.jpg,Lactarius,Lactarius,True,0.572779655456543,0.003029500003322,BaselineCNN,test,2.3367754693026654e-05,0.004335279110819101,0.007194166537374258,0.40305060148239136,8.627525858173613e-07,9.446155672776513e-06,0.00015768235607538372,0.0028634953778237104,0.572779655456543,1.1543187383722397e-06,0.009584207087755203
C:\Projects\TM470\data\processed\test\Lactarius\1051_OqWmAht3bQo.jpg,Lactarius/1051_OqWmAht3bQo.jpg,Lactarius,Lactarius,True,0.7892553210258484,0.0027473999944049,BaselineCNN,test,1.2249283827259205e-05,3.5604098229669034e-06,0.0023070191964507103,0.2072114795446396,2.186200799769722e-05,2.059659180986273e-07,0.000491481157951057,2.6576781237963587e-05,0.7892553210258484,0.000283235713141039,0.0003870965156238526
C:\Projects\TM470\data\processed\test\Lactarius\1084__qV9VGarloM.jpg,Lactarius/1084__qV9VGarloM.jpg,Lactarius,Amanita,False,0.8936264514923096,0.0026713000115705,BaselineCNN,test,0.010040865279734135,0.8936264514923096,7.077702321112156e-06,0.08461520075798035,1.1414341694049313e-11,4.133886023207842e-14,2.2320483677486236e-13,4.70550091946631e-11,0.004990254528820515,0.006720157340168953,1.7817011199738886e-09
C:\Projects\TM470\data\processed\test\Lactarius\1087_T-XOvJDzPj4.jpg,Lactarius/1087_T-XOvJDzPj4.jpg,Lactarius,Russula,False,0.9614492058753967,0.0025683999992907,BaselineCNN,test,3.15257828731319e-08,3.349289912080167e-08,0.006414363626390696,0.004696215502917767,6.365250015960555e-08,8.243111054850871e-11,9.273527012965133e-08,1.9152512908959807e-09,0.027439847588539124,0.9614492058753967,2.2905973651177192e-07
C:\Projects\TM470\data\processed\test\Lactarius\108_M1XYdkUcelY.jpg,Lactarius/108_M1XYdkUcelY.jpg,Lactarius,Amanita,False,0.6332908868789673,0.0025956999888876,BaselineCNN,test,0.00404918659478426,0.6332908868789673,0.2663327157497406,0.06736518442630768,0.0002615579287521541,1.2731807146337815e-05,0.0018612963613122702,1.6388252333854325e-05,0.015797609463334084,0.001887807622551918,0.009124599397182465
C:\Projects\TM470\data\processed\test\Lactarius\1095_DTLgzikyFDc.jpg,Lactarius/1095_DTLgzikyFDc.jpg,Lactarius,Lactarius,True,0.902784526348114,0.0026664000033633,BaselineCNN,test,2.2275447264519244e-08,0.008489517495036125,0.08781235665082932,0.0008398392819799483,2.9845377866877243e-05,4.91885703013395e-06,1.1396992931622663e-06,5.132520072947955e-06,0.902784526348114,1.804253588488791e-05,1.4714714779984206e-05
C:\Projects\TM470\data\processed\test\Lactarius\1102_LESYYltPhNw.jpg,Lactarius/1102_LESYYltPhNw.jpg,Lactarius,Lactarius,True,0.9999064207077026,0.0031663999980082,BaselineCNN,test,3.377302846274688e-07,6.788587114670008e-08,1.7093717588068102e-06,1.28741220351003e-07,8.993704250315204e-05,7.690260872550425e-08,6.075446812303653e-09,7.031878226371191e-07,0.9999064207077026,4.538117934771435e-07,4.7668020641822295e-08
C:\Projects\TM470\data\processed\test\Lactarius\1104_Top2jkbHf3c.jpg,Lactarius/1104_Top2jkbHf3c.jpg,Lactarius,Agaricus,False,0.9964859485626221,0.0029407999973045,BaselineCNN,test,0.9964859485626221,0.0002993147645611316,1.7493564882897772e-05,0.0009695712942630053,1.1239759487580159e-06,4.495447001318098e-07,4.217323990030053e-10,5.6596727517899126e-05,0.002167073544114828,1.9466290268610464e-06,5.914492930969573e-07
C:\Projects\TM470\data\processed\test\Lactarius\1108_Drq20AGMUPU.jpg,Lactarius/1108_Drq20AGMUPU.jpg,Lactarius,Lactarius,True,0.7280684113502502,0.0029614999948535,BaselineCNN,test,0.004737071227282286,0.013093669898808002,0.18738041818141937,0.03940480202436447,0.010247845202684402,0.016735902056097984,4.216771412757225e-05,1.86856141226599e-05,0.7280684113502502,0.00025385632761754096,1.7214750187122263e-05
C:\Projects\TM470\data\processed\test\Lactarius\1112_BjWWPLj9vfs.jpg,Lactarius/1112_BjWWPLj9vfs.jpg,Lactarius,Russula,False,0.9614492058753967,0.0025797999987844,BaselineCNN,test,3.15257828731319e-08,3.349289912080167e-08,0.006414363626390696,0.004696215502917767,6.365250015960555e-08,8.243111054850871e-11,9.273527012965133e-08,1.9152512908959807e-09,0.027439847588539124,0.9614492058753967,2.2905973651177192e-07
C:\Projects\TM470\data\processed\test\Lactarius\1119_97YWRRfAMdE.jpg,Lactarius/1119_97YWRRfAMdE.jpg,Lactarius,Lactarius,True,0.9275223016738892,0.0029489000007743,BaselineCNN,test,0.0025650355964899063,1.8080372683471069e-06,7.807286692695925e-07,0.05400807037949562,0.010005520656704903,3.310748070362024e-05,0.004133055452257395,6.677283818135038e-05,0.9275223016738892,0.0004417281015776098,0.001221955637447536
C:\Projects\TM470\data\processed\test\Lactarius\1126_OzpDgrwjWNc.jpg,Lactarius/1126_OzpDgrwjWNc.jpg,Lactarius,Lactarius,True,0.6333713531494141,0.0029843000083928,BaselineCNN,test,0.0017832003068178892,0.009490137919783592,0.0015372323105111718,0.011903208680450916,0.09262128174304962,0.24185235798358917,0.0031385645270347595,0.004085263703018427,0.6333713531494141,6.724171544192359e-05,0.00015018493286333978
C:\Projects\TM470\data\processed\test\Lactarius\1133_HDYDTLTS4FA.jpg,Lactarius/1133_HDYDTLTS4FA.jpg,Lactarius,Lactarius,True,0.49493932723999023,0.0026489999872865,BaselineCNN,test,2.6158415494137444e-05,0.005581555888056755,0.09731611609458923,0.38005340099334717,0.0007030196720734239,8.561657159589231e-05,0.01340341567993164,0.001990524586290121,0.49493932723999023,0.00028004194609820843,0.005620881449431181
C:\Projects\TM470\data\processed\test\Lactarius\1140_L4hzKxVbQc0.jpg,Lactarius/1140_L4hzKxVbQc0.jpg,Lactarius,Amanita,False,0.8985772132873535,0.0029855000029783,BaselineCNN,test,0.011404738761484623,0.8985772132873535,0.0012305231066420674,0.014661518856883049,0.018867939710617065,0.00016850748215802014,0.0018984508933499455,0.004963313695043325,0.021769190207123756,0.02569158561527729,0.0007670596824027598
C:\Projects\TM470\data\processed\test\Lactarius\1144_d52jIf1q8OQ.jpg,Lactarius/1144_d52jIf1q8OQ.jpg,Lactarius,Russula,False,0.9793432950973511,0.0025956999888876,BaselineCNN,test,0.0001232540816999972,0.0008829585858620703,0.0009540278115309775,6.170887354528531e-05,3.912987085641362e-05,0.00021909472707193345,0.00011695454304572195,7.411543629132211e-05,0.01817239634692669,0.9793432950973511,1.3062690413789824e-05
C:\Projects\TM470\data\processed\test\Lactarius\1157_lIsQAIM1Bms.jpg,Lactarius/1157_lIsQAIM1Bms.jpg,Lactarius,Russula,False,0.9811614751815796,0.0041959999944083,BaselineCNN,test,0.0004750739608425647,2.091237729473505e-05,5.220073035161477e-06,3.591474353470403e-07,9.304782906838227e-06,3.815349813862667e-09,1.634420914342627e-05,3.2478060241203366e-09,0.018308931961655617,0.9811614751815796,2.322153022760176e-06
C:\Projects\TM470\data\processed\test\Lactarius\1163_6urWblLWaP0.jpg,Lactarius/1163_6urWblLWaP0.jpg,Lactarius,Boletus,False,0.5878571271896362,0.0029092000040691,BaselineCNN,test,3.504618871374987e-05,2.250098805234302e-05,0.5878571271896362,1.8309005099581555e-05,0.0001529145083623007,1.0391701943390785e-09,0.00010975684563163668,1.8486191777355998e-07,0.3968580961227417,0.0037865822669118643,0.011159433051943779
C:\Projects\TM470\data\processed\test\Lactarius\1164_sa2vKVnzdDU.jpg,Lactarius/1164_sa2vKVnzdDU.jpg,Lactarius,Lactarius,True,0.9092504382133484,0.0030747999990126,BaselineCNN,test,0.06263314187526703,0.0052402447909116745,0.0012735367054119706,0.00941119808703661,7.20186362741515e-05,1.81578826641271e-07,0.00021038571139797568,2.167105776607059e-06,0.9092504382133484,0.0052609979175031185,0.006645711604505777
C:\Projects\TM470\data\processed\test\Lactarius\1168_liGHHAZOR28.jpg,Lactarius/1168_liGHHAZOR28.jpg,Lactarius,Boletus,False,0.9899064898490906,0.0029749999957857,BaselineCNN,test,7.259762924149982e-07,0.0009628774714656174,0.9899064898490906,2.0111377807552344e-07,1.0071452379634138e-05,1.5099278272145966e-08,1.6953471515535057e-08,7.555890846333568e-08,0.008266017772257328,0.0008236260619014502,2.9885526600992307e-05
C:\Projects\TM470\data\processed\test\Lactarius\1185_l8CcBJMEx4U.jpg,Lactarius/1185_l8CcBJMEx4U.jpg,Lactarius,Lactarius,True,0.8527123332023621,0.0025896000006468,BaselineCNN,test,0.0016614330234006047,1.8146947695640847e-05,0.0004460395430214703,1.8331856921349754e-08,0.0008260913309641182,7.430720415868564e-06,4.075498509337194e-06,4.783501208294183e-05,0.8527123332023621,0.14427651464939117,7.817859426495488e-08
C:\Projects\TM470\data\processed\test\Lactarius\1187_SFmMgNJ91-I.jpg,Lactarius/1187_SFmMgNJ91-I.jpg,Lactarius,Russula,False,0.5910409688949585,0.0041906000114977,BaselineCNN,test,0.001385614974424243,0.07328237593173981,9.478897118242458e-05,0.012343869544565678,7.421699592669029e-06,1.7052750322932297e-09,0.007823504507541656,1.0840319191629533e-05,0.28942275047302246,0.5910409688949585,0.024587854743003845
C:\Projects\TM470\data\processed\test\Lactarius\1194_Q_-2-NBIRlk.jpg,Lactarius/1194_Q_-2-NBIRlk.jpg,Lactarius,Cortinarius,False,0.6212144494056702,0.0026263999898219,BaselineCNN,test,1.4248801107896725e-06,0.0104982266202569,0.0002749309060163796,0.6212144494056702,1.83316005859524e-05,1.0082231938213226e-07,0.0002458509407006204,0.0009196670725941658,0.3662598729133606,0.00032584869768470526,0.00024124154879245907
C:\Projects\TM470\data\processed\test\Lactarius\1199_hy7BCb0o9Ss.jpg,Lactarius/1199_hy7BCb0o9Ss.jpg,Lactarius,Russula,False,0.817819356918335,0.0029395000019576,BaselineCNN,test,0.031659774482250214,0.007329752668738365,0.06243539974093437,0.012130114249885082,0.0017777647590264678,0.001120898756198585,3.327702870592475e-05,0.001365930656902492,0.06424281746149063,0.817819356918335,8.496630471199751e-05
C:\Projects\TM470\data\processed\test\Lactarius\1205_V_YJfaEofno.jpg,Lactarius/1205_V_YJfaEofno.jpg,Lactarius,Boletus,False,0.48468807339668274,0.0030168999946909,BaselineCNN,test,2.863676672859583e-05,0.0009647744009271264,0.48468807339668274,0.02261827513575554,2.0324816432548687e-05,5.999979180160153e-09,0.017082899808883667,1.934401734615676e-05,0.05680759251117706,0.0025856352876871824,0.4151844084262848
C:\Projects\TM470\data\processed\test\Lactarius\1209_-oHFXkHNN6c.jpg,Lactarius/1209_-oHFXkHNN6c.jpg,Lactarius,Suillus,False,0.4367963671684265,0.0030681000062031,BaselineCNN,test,4.916541456623236e-06,0.0006720477831549942,0.11432737112045288,0.1716071367263794,2.0143925212323666e-05,3.312229353014118e-07,0.000657546566799283,0.00015969530795700848,0.27552592754364014,0.00022854395501781255,0.4367963671684265
C:\Projects\TM470\data\processed\test\Lactarius\1210_5y8ObCFK_r4.jpg,Lactarius/1210_5y8ObCFK_r4.jpg,Lactarius,Boletus,False,0.9388108253479004,0.0026212999946437,BaselineCNN,test,1.507556106616903e-07,0.0015548551455140114,0.9388108253479004,0.0051777963526546955,1.6593456848568167e-06,1.8665128663997166e-05,0.00010921013745246455,0.00011442985123721883,0.005525403656065464,9.020647848956287e-05,0.04859671741724014
C:\Projects\TM470\data\processed\test\Lactarius\1213_E6SGc19pJFY.jpg,Lactarius/1213_E6SGc19pJFY.jpg,Lactarius,Suillus,False,0.9926504492759705,0.0027874999941559,BaselineCNN,test,4.835686961968122e-09,3.055002935070661e-07,0.00011973168875556439,3.908338186420224e-08,2.993548946506053e-07,7.424238700486259e-15,2.7757248517445987e-06,9.854492418526206e-06,0.007182850036770105,3.3712247386574745e-05,0.9926504492759705
C:\Projects\TM470\data\processed\test\Lactarius\1223_6yV3bv_fpo8.jpg,Lactarius/1223_6yV3bv_fpo8.jpg,Lactarius,Lactarius,True,0.9663098454475403,0.002970900008222,BaselineCNN,test,1.0032618291688777e-07,1.1229326446482446e-05,0.003110116347670555,1.0938800187432207e-05,0.00038747568032704294,1.950996601687155e-13,0.0014620845904573798,2.7669621260884014e-08,0.9663098454475403,0.0002973157970700413,0.028410783037543297
C:\Projects\TM470\data\processed\test\Lactarius\1224_Yn3W7OW8tkQ.jpg,Lactarius/1224_Yn3W7OW8tkQ.jpg,Lactarius,Lactarius,True,0.77899169921875,0.0025975000025937,BaselineCNN,test,2.626689143969685e-11,1.0982225129296808e-09,0.21946145594120026,5.1723844080697745e-05,1.1565829405313366e-09,1.1315592551709003e-16,1.7864842902781675e-06,5.3983218990891896e-14,0.77899169921875,3.1242188924807124e-07,0.0014930337201803923
C:\Projects\TM470\data\processed\test\Lactarius\1226_nyvT8mRno3g.jpg,Lactarius/1226_nyvT8mRno3g.jpg,Lactarius,Boletus,False,0.5956204533576965,0.002658400000655,BaselineCNN,test,9.84361481215501e-09,7.734762039035559e-05,0.5956204533576965,0.016559969633817673,3.208918286645712e-08,2.4970736589580156e-08,0.28452610969543457,4.7644494770793244e-05,0.016103578731417656,3.3995520425378345e-06,0.08706153184175491
C:\Projects\TM470\data\processed\test\Lactarius\122_W_5GcNcAuN4.jpg,Lactarius/122_W_5GcNcAuN4.jpg,Lactarius,Lactarius,True,0.662707507610321,0.0026685000048018,BaselineCNN,test,1.6791433521401444e-10,0.00205282517708838,0.00035606304300017655,0.33458250761032104,1.4765693777007982e-05,9.106884135690052e-07,1.6760246523972455e-07,2.0204947437374443e-10,0.662707507610321,0.00028501005726866424,2.3233108947806613e-07
C:\Projects\TM470\data\processed\test\Lactarius\1251_bPDEkspIv50.jpg,Lactarius/1251_bPDEkspIv50.jpg,Lactarius,Boletus,False,0.8068891167640686,0.002978600008646,BaselineCNN,test,3.705250719576725e-07,5.1592770944353106e-08,0.8068891167640686,3.772684794967063e-05,0.0002897772646974772,9.587156624135673e-10,4.180515045248967e-09,4.83753792650532e-05,0.1924838274717331,0.0001204803484142758,0.00013029838737566024
C:\Projects\TM470\data\processed\test\Lactarius\1252_73K3pd3sWMQ.jpg,Lactarius/1252_73K3pd3sWMQ.jpg,Lactarius,Lactarius,True,0.7132570743560791,0.0055916999990586,BaselineCNN,test,1.0624391507008113e-05,0.002228654222562909,8.645732305012643e-05,0.006582855246961117,5.699632674804889e-05,4.3472303122744915e-13,6.3699521888338495e-06,1.0222390933734005e-08,0.7132570743560791,0.26606985926628113,0.011701107025146484
C:\Projects\TM470\data\processed\test\Lactarius\128_dfE8pjx6FdQ.jpg,Lactarius/128_dfE8pjx6FdQ.jpg,Lactarius,Cortinarius,False,0.6508301496505737,0.0052699000079883,BaselineCNN,test,0.00042083169682882726,0.0012141059851273894,1.125276980928902e-06,0.6508301496505737,3.6599452869268134e-05,1.2344290553301107e-05,0.004354038275778294,0.0005503800348378718,0.281422883272171,0.01305784098803997,0.048099640756845474
C:\Projects\TM470\data\processed\test\Lactarius\136_2lSzCzGC8cs.jpg,Lactarius/136_2lSzCzGC8cs.jpg,Lactarius,Agaricus,False,0.4900318384170532,0.0055491999955847,BaselineCNN,test,0.4900318384170532,0.004606723319739103,0.008082310669124126,0.10246177762746811,6.1728824221063405e-06,3.964312782045454e-05,8.856060958351009e-06,2.7776145543612074e-06,0.1263553500175476,0.26775529980659485,0.00064926000777632
C:\Projects\TM470\data\processed\test\Lactarius\140_exY6qQ3hXgY.jpg,Lactarius/140_exY6qQ3hXgY.jpg,Lactarius,Cortinarius,False,0.9982319474220276,0.0057813000021269,BaselineCNN,test,0.0003658221976365894,3.4074695577146485e-05,7.425918369108331e-08,0.9982319474220276,4.304876711103134e-06,3.269242938586103e-07,1.141403860316359e-09,0.0013593577314168215,2.9404986889858264e-06,1.054317166904184e-07,1.103729573515011e-06
C:\Projects\TM470\data\processed\test\Lactarius\149_CwuowlVAMxY.jpg,Lactarius/149_CwuowlVAMxY.jpg,Lactarius,Exidia,False,0.9757232666015625,0.0055432000081054,BaselineCNN,test,0.00776003347709775,0.0003513550036586821,9.416923907323849e-10,0.004507238976657391,0.005637601017951965,0.9757232666015625,4.368027475720737e-06,4.020674168714322e-06,0.0059519861824810505,5.889570456929505e-05,1.2110953093724675e-06
C:\Projects\TM470\data\processed\test\Lactarius\153_gN8-LTmbt4U.jpg,Lactarius/153_gN8-LTmbt4U.jpg,Lactarius,Agaricus,False,0.8888655304908752,0.0047898000048007,BaselineCNN,test,0.8888655304908752,0.08455955237150192,5.957746882639947e-12,0.0007619124371558428,0.00048651028191670775,4.23767323809443e-06,2.2314832222036785e-06,0.00832579005509615,0.015981463715434074,0.0010126983979716897,1.2547336325496872e-07
C:\Projects\TM470\data\processed\test\Lactarius\164_YmyEAa79xJY.jpg,Lactarius/164_YmyEAa79xJY.jpg,Lactarius,Lactarius,True,0.9392343163490295,0.0056286999897565,BaselineCNN,test,2.6778904427260386e-08,6.368159333192125e-09,0.013143027201294899,0.015040643513202667,3.138138424674253e-07,1.0200741229482446e-07,9.994216088671237e-05,1.2797940144082531e-05,0.9392343163490295,3.956401997129433e-06,0.0324648916721344
C:\Projects\TM470\data\processed\test\Lactarius\166_m4APlqR5cX8.jpg,Lactarius/166_m4APlqR5cX8.jpg,Lactarius,Lactarius,True,0.9920613765716553,0.0056119000073522,BaselineCNN,test,0.0014886015560477972,1.5935333067318425e-05,0.0005253527197055519,0.004842871800065041,3.842325497771526e-07,5.982665385317887e-08,7.06106462189382e-08,3.0640410841442645e-05,0.9920613765716553,0.0009925358463078737,4.22472003265284e-05
C:\Projects\TM470\data\processed\test\Lactarius\167_sbpN5cmc4Qw.jpg,Lactarius/167_sbpN5cmc4Qw.jpg,Lactarius,Boletus,False,0.9928705096244812,0.0049855999968713,BaselineCNN,test,4.824302664019342e-07,3.4095190670768716e-08,0.9928705096244812,4.168541352100874e-07,7.545202151959529e-07,8.62751448948984e-07,6.824091985935254e-11,2.9165878004278056e-05,0.007097095716744661,1.4379046398005357e-08,5.749175784330873e-07
C:\Projects\TM470\data\processed\test\Lactarius\172_AtgfiwOgTAk.jpg,Lactarius/172_AtgfiwOgTAk.jpg,Lactarius,Lactarius,True,0.9654546976089478,0.0080610000004526,BaselineCNN,test,0.02384495735168457,0.00014702315093018115,0.002271499717608094,0.00220945430919528,0.0002472445194143802,0.00026629233616404235,8.444955165032297e-05,0.0005215496057644486,0.9654546976089478,0.004354279022663832,0.0005985118332318962
C:\Projects\TM470\data\processed\test\Lactarius\175_I_Sk3JdyB8Q.jpg,Lactarius/175_I_Sk3JdyB8Q.jpg,Lactarius,Lactarius,True,0.920131504535675,0.0055436999973608,BaselineCNN,test,5.353766319160513e-09,2.0390909867273876e-06,3.300916517900987e-08,1.0707696674217004e-05,5.989241458337347e-07,7.636172103713326e-14,1.1557647638937851e-07,7.948676028490809e-08,0.920131504535675,0.07985496520996094,1.4737855380531073e-08
C:\Projects\TM470\data\processed\test\Lactarius\176_7c5SOZYoEEQ.jpg,Lactarius/176_7c5SOZYoEEQ.jpg,Lactarius,Lactarius,True,0.5787907838821411,0.0050547999999253,BaselineCNN,test,0.008191680535674095,0.0036301668733358383,0.017932161688804626,0.36376816034317017,2.10346729545563e-06,3.722448673215695e-05,0.007106711622327566,0.0034322466235607862,0.5787907838821411,0.015553126111626625,0.001555623603053391
C:\Projects\TM470\data\processed\test\Lactarius\182_Z_eMo84pz4w.jpg,Lactarius/182_Z_eMo84pz4w.jpg,Lactarius,Boletus,False,0.5735414624214172,0.0082137999997939,BaselineCNN,test,2.6066950340464246e-06,1.7038645410138997e-06,0.5735414624214172,0.24442213773727417,2.887276480123546e-07,3.187312566654832e-11,0.00019842610345222056,3.2944174108706648e-06,0.03583819046616554,0.009873677976429462,0.13611824810504913
C:\Projects\TM470\data\processed\test\Lactarius\186_vqv6RGdM7tQ.jpg,Lactarius/186_vqv6RGdM7tQ.jpg,Lactarius,Lactarius,True,0.29681599140167236,0.0048020999965956,BaselineCNN,test,0.002813254250213504,0.23959839344024658,0.0003788455214817077,0.26986178755760193,0.0003502334875520319,0.0001385237992508337,0.0005727279931306839,0.00031946165836416185,0.29681599140167236,0.15522778034210205,0.03392293304204941
C:\Projects\TM470\data\processed\test\Lactarius\187_9b5XfCCHe9s.jpg,Lactarius/187_9b5XfCCHe9s.jpg,Lactarius,Inocybe,False,0.5374218225479126,0.0054776999895693,BaselineCNN,test,0.0003412929945625365,0.3970649838447571,1.4336541953596793e-09,0.03261566534638405,0.006142063532024622,5.6945796131913085e-06,0.019421467557549477,0.5374218225479126,0.005501264706254005,0.0014812406152486801,4.551386155071668e-06
C:\Projects\TM470\data\processed\test\Lactarius\188__ssneZ3zq44.jpg,Lactarius/188__ssneZ3zq44.jpg,Lactarius,Exidia,False,0.6689204573631287,0.0055753999913576,BaselineCNN,test,0.00013973737077321857,0.2074676752090454,9.79837350314483e-05,0.04770762473344803,9.068351118912688e-07,0.6689204573631287,4.4702222368186995e-08,0.000376459036488086,0.07498364895582199,0.0003054157132282853,6.559284226881346e-09
C:\Projects\TM470\data\processed\test\Lactarius\200_h-AIr5ayQw8.jpg,Lactarius/200_h-AIr5ayQw8.jpg,Lactarius,Lactarius,True,0.7634974718093872,0.0055076999997254,BaselineCNN,test,4.987966804037569e-06,9.779384527064394e-06,0.2254437655210495,0.00020836570183746517,0.006724996026605368,5.267601750347239e-07,6.84608403389575e-06,0.0001623072603251785,0.7634974718093872,0.003918246831744909,2.2712829377269372e-05
C:\Projects\TM470\data\processed\test\Lactarius\204_5earXwj40js.jpg,Lactarius/204_5earXwj40js.jpg,Lactarius,Lactarius,True,0.7099704742431641,0.0055557999876327,BaselineCNN,test,0.001978563144803047,0.010080859996378422,0.16500961780548096,0.08389388769865036,0.00014708164962939918,8.499943504602925e-08,3.572666537365876e-05,0.000555951613932848,0.7099704742431641,9.236529149347916e-05,0.028235381469130516
C:\Projects\TM470\data\processed\test\Lactarius\206_32LgeIY1Yeg.jpg,Lactarius/206_32LgeIY1Yeg.jpg,Lactarius,Lactarius,True,0.9962843656539917,0.0050817000010283,BaselineCNN,test,1.699373456176545e-06,0.0022817389108240604,1.4654593542218208e-05,5.7942361308960244e-05,1.461129841118236e-06,3.666634773580313e-09,1.3684239092981443e-05,1.5132163753150962e-06,0.9962843656539917,0.0010851058177649975,0.0002579329302534461
C:\Projects\TM470\data\processed\test\Lactarius\216_XQewJ4iZ0SE.jpg,Lactarius/216_XQewJ4iZ0SE.jpg,Lactarius,Agaricus,False,0.5506452918052673,0.0050505000108387,BaselineCNN,test,0.5506452918052673,0.23438282310962677,0.00013006151129957289,0.018131963908672333,0.006129041314125061,1.0638159437803552e-05,0.000489058846142143,0.005696238949894905,0.10218694806098938,0.07658490538597107,0.0056130848824977875
C:\Projects\TM470\data\processed\test\Lactarius\217_NouQvvUbzkI.jpg,Lactarius/217_NouQvvUbzkI.jpg,Lactarius,Suillus,False,0.7512803077697754,0.0050177999946754,BaselineCNN,test,3.347599601966067e-07,3.1319748813984916e-05,0.045596905052661896,0.0054609752260148525,3.174253652105108e-05,1.6257747148529234e-08,0.002482912503182888,0.0002751257561612874,0.1948326975107193,7.524356533394894e-06,0.7512803077697754
C:\Projects\TM470\data\processed\test\Lactarius\220_s7m6OJgigsQ.jpg,Lactarius/220_s7m6OJgigsQ.jpg,Lactarius,Lactarius,True,0.5174961686134338,0.0055432000081054,BaselineCNN,test,9.833034386730333e-10,9.591796697350219e-06,0.01642889901995659,0.004625369794666767,2.5845641182797863e-09,1.8934997569886036e-08,0.44796159863471985,0.00010125194967258722,0.5174961686134338,5.0227092287968844e-05,0.013326868414878845
C:\Projects\TM470\data\processed\test\Lactarius\221_gFGMtF63hew.jpg,Lactarius/221_gFGMtF63hew.jpg,Lactarius,Lactarius,True,0.9921172261238098,0.0054919999965932,BaselineCNN,test,1.3051954265638765e-12,1.076308464575959e-08,7.800975436111912e-05,0.001505009364336729,1.22187010509478e-10,7.176582868554868e-14,0.0013718446716666222,3.0215367985420016e-08,0.9921172261238098,2.571074674051488e-06,0.004925304092466831
C:\Projects\TM470\data\processed\test\Lactarius\233_Zrhk_kzm9RI.jpg,Lactarius/233_Zrhk_kzm9RI.jpg,Lactarius,Boletus,False,0.8270152807235718,0.0054434000048786,BaselineCNN,test,4.7519577492494136e-05,2.6605919174471637e-06,0.8270152807235718,0.004260281566530466,4.696676478488371e-05,1.223476573386506e-07,0.0016695224912837148,1.298860752285691e-06,0.16603419184684753,8.387755224248394e-05,0.0008383025997318327
C:\Projects\TM470\data\processed\test\Lactarius\243_Kcz6T9Gexhs.jpg,Lactarius/243_Kcz6T9Gexhs.jpg,Lactarius,Boletus,False,0.9931082725524902,0.0052589999977499,BaselineCNN,test,6.32178512205428e-07,1.7873380784294568e-05,0.9931082725524902,0.000885630666743964,1.989468501051306e-06,4.940571329825616e-08,6.704096904286416e-06,0.0004169615567661822,0.004655945580452681,0.0001967534190043807,0.0007091165753081441
C:\Projects\TM470\data\processed\test\Lactarius\245_8a_KwW3R88w.jpg,Lactarius/245_8a_KwW3R88w.jpg,Lactarius,Russula,False,0.930613100528717,0.0048769999993965,BaselineCNN,test,3.7833891838090494e-05,0.024913130328059196,0.0011637245770543814,0.013523782603442669,0.00029243563767522573,1.6996099816424248e-07,0.0074782525189220905,3.061963070649654e-05,0.003607033286243677,0.930613100528717,0.01833989843726158
C:\Projects\TM470\data\processed\test\Lactarius\246_RXGb-uY_OT0.jpg,Lactarius/246_RXGb-uY_OT0.jpg,Lactarius,Lactarius,True,0.9736827611923218,0.005588699990767,BaselineCNN,test,8.851482675709121e-07,5.297747520671692e-06,0.0006156396702863276,0.0002377356868237257,7.577029464300722e-06,1.1723584325551428e-09,4.023947985842824e-05,2.110885475303803e-07,0.9736827611923218,0.023542974144220352,0.0018666940741240978
C:\Projects\TM470\data\processed\test\Lactarius\253_04FkFVirQ7Y.jpg,Lactarius/253_04FkFVirQ7Y.jpg,Lactarius,Boletus,False,0.9395492076873779,0.0055492999963462,BaselineCNN,test,0.00048111722571775317,0.0029267577920109034,0.9395492076873779,5.0242790166521445e-05,9.209798434994809e-08,8.976288881967776e-06,0.0003245547122787684,0.00047458280459977686,0.05049384385347366,0.00027425706502981484,0.005416382569819689
C:\Projects\TM470\data\processed\test\Lactarius\263_q4EWqSw73ss.jpg,Lactarius/263_q4EWqSw73ss.jpg,Lactarius,Cortinarius,False,0.952587366104126,0.005556100004469,BaselineCNN,test,1.7087149899452925e-06,6.907142051204573e-06,6.199356903380249e-06,0.952587366104126,0.020121579989790916,4.8533760121927116e-08,1.1949624649787438e-06,0.0010656462982296944,0.026074273511767387,4.784271368407644e-05,8.722162601770833e-05
C:\Projects\TM470\data\processed\test\Lactarius\276_hZykQcrhdmk.jpg,Lactarius/276_hZykQcrhdmk.jpg,Lactarius,Lactarius,True,0.5858398675918579,0.0049796999956015,BaselineCNN,test,2.2180363430379657e-06,8.864507435646374e-06,0.15002824366092682,0.00017859481158666313,0.2021697759628296,9.664089475336368e-07,2.79643245448824e-07,0.060535747557878494,0.5858398675918579,0.0010820868192240596,0.00015337859804276377
C:\Projects\TM470\data\processed\test\Lactarius\288_q9eXJ9RotUs.jpg,Lactarius/288_q9eXJ9RotUs.jpg,Lactarius,Suillus,False,0.6304365992546082,0.0055710000015096,BaselineCNN,test,0.00027994843549095094,0.003579877782613039,0.005724696908146143,0.008356672711670399,1.019009232550161e-05,0.004113443661481142,0.00849162694066763,0.0608416311442852,0.2763881981372833,0.0017770753474906087,0.6304365992546082
C:\Projects\TM470\data\processed\test\Lactarius\295_d1IVZwM135g.jpg,Lactarius/295_d1IVZwM135g.jpg,Lactarius,Lactarius,True,0.7984296083450317,0.0028659999952651,BaselineCNN,test,6.002174472996558e-07,1.58328248289763e-07,0.06851638108491898,0.03332092612981796,2.7899026463273913e-05,5.197632255149465e-12,0.0007617919472977519,1.2235591384524014e-07,0.7984296083450317,3.067336365347728e-05,0.09891186654567719
C:\Projects\TM470\data\processed\test\Lactarius\310_MVmkt2VWorA.jpg,Lactarius/310_MVmkt2VWorA.jpg,Lactarius,Lactarius,True,0.977033257484436,0.0032921000092756,BaselineCNN,test,0.00564262131229043,3.136759971766878e-07,0.0028573903255164623,6.135480361990631e-06,1.0067265066027176e-06,1.533706668610524e-11,3.4014382777058927e-07,1.482155624898951e-07,0.977033257484436,0.012243994511663914,0.0022148892749100924
C:\Projects\TM470\data\processed\test\Lactarius\312_Kxi6Fhuexdw.jpg,Lactarius/312_Kxi6Fhuexdw.jpg,Lactarius,Lactarius,True,0.9997361302375793,0.0026115999935427,BaselineCNN,test,1.7673107421956047e-08,3.49051134662659e-07,0.00012379151303321123,2.0167266484349966e-05,1.148189543442868e-08,7.562847050002208e-12,1.5328598237829283e-05,4.655095420247335e-09,0.9997361302375793,7.786679634591565e-05,2.6252278985339217e-05
C:\Projects\TM470\data\processed\test\Lactarius\327_Hk8VyUuKT-A.jpg,Lactarius/327_Hk8VyUuKT-A.jpg,Lactarius,Lactarius,True,0.9999985694885254,0.0026926999998977,BaselineCNN,test,1.1456381798780058e-06,5.9320338863244615e-08,2.8760889503320897e-11,1.0512229664527695e-07,2.7967108628956794e-09,1.2631221069092646e-10,5.715459217014995e-10,1.879249422742646e-09,0.9999985694885254,3.6635114497585164e-08,3.946379667496558e-09
C:\Projects\TM470\data\processed\test\Lactarius\333_NGUe2XVS3hk.jpg,Lactarius/333_NGUe2XVS3hk.jpg,Lactarius,Cortinarius,False,0.9349536299705505,0.0043139000044902,BaselineCNN,test,1.3893159120925702e-05,6.311525453384093e-07,2.088185829052236e-05,0.9349536299705505,2.8624149308598135e-06,6.6606502535648815e-09,4.8850247367226984e-06,5.242361112323124e-06,0.017696941271424294,0.012804027646780014,0.0344969742000103
C:\Projects\TM470\data\processed\test\Lactarius\335_fqi3SPxPO_M.jpg,Lactarius/335_fqi3SPxPO_M.jpg,Lactarius,Boletus,False,0.8952698707580566,0.0026236999983666,BaselineCNN,test,8.9381865109317e-05,0.0019720725249499083,0.8952698707580566,0.039094772189855576,0.0034452846739441156,0.004269293509423733,1.8989867385243997e-05,0.04248635843396187,0.012552454136312008,0.0007078446797095239,9.372670319862664e-05
C:\Projects\TM470\data\processed\test\Lactarius\338_SSuhFw6v6bo.jpg,Lactarius/338_SSuhFw6v6bo.jpg,Lactarius,Amanita,False,0.713035523891449,0.003882999997586,BaselineCNN,test,2.067864976473821e-12,0.713035523891449,0.00200018472969532,0.0004603872075676918,1.74398540053744e-09,0.284503698348999,4.0413828425282794e-13,2.3423707773417846e-07,6.468673929838076e-10,3.9014994001067196e-15,1.1591566595470226e-10
C:\Projects\TM470\data\processed\test\Lactarius\340_eLuW-nUYdC0.jpg,Lactarius/340_eLuW-nUYdC0.jpg,Lactarius,Lactarius,True,0.7953702807426453,0.0027143000042997,BaselineCNN,test,0.00326090888120234,0.00014727968664374202,0.008671230636537075,0.14064426720142365,4.45922305516433e-05,1.2860266451752977e-06,0.003174602286890149,9.427004988538101e-05,0.7953702807426453,0.011874910444021225,0.03671642020344734
C:\Projects\TM470\data\processed\test\Lactarius\353_ZQcLrpjLWBc.jpg,Lactarius/353_ZQcLrpjLWBc.jpg,Lactarius,Lactarius,True,0.8812147378921509,0.0043322999990778,BaselineCNN,test,0.0007473904988728464,0.00012276247434783727,1.609782771083701e-06,0.00033325221738778055,1.833066198742017e-05,7.275244989779495e-11,7.775249287078623e-06,1.7849320101959165e-06,0.8812147378921509,0.001008586143143475,0.11654385924339294
C:\Projects\TM470\data\processed\test\Lactarius\355_THNiI8IQ5e4.jpg,Lactarius/355_THNiI8IQ5e4.jpg,Lactarius,Agaricus,False,0.7207220196723938,0.0029314999992493,BaselineCNN,test,0.7207220196723938,0.11222513765096664,4.326298949308693e-06,0.002914235694333911,3.9728929550619796e-05,3.1653510177420685e-06,3.8910775401745923e-07,1.1899484888999723e-05,0.11239814758300781,0.05162535980343819,5.560857607633807e-05
C:\Projects\TM470\data\processed\test\Lactarius\364_TiFrgt8za6w.jpg,Lactarius/364_TiFrgt8za6w.jpg,Lactarius,Suillus,False,0.3611167073249817,0.0026079999952344,BaselineCNN,test,0.10300195217132568,0.014334007166326046,0.018312804400920868,0.10958127677440643,0.033821024000644684,0.00018317779176868498,0.018894491717219353,0.0020739352330565453,0.11682326346635818,0.22185738384723663,0.3611167073249817
C:\Projects\TM470\data\processed\test\Lactarius\365_gihWtePuGlo.jpg,Lactarius/365_gihWtePuGlo.jpg,Lactarius,Lactarius,True,0.9560129046440125,0.0028544999950099,BaselineCNN,test,0.022207465022802353,0.004821981769055128,0.005463637877255678,0.000586430833209306,0.0017138142138719559,1.0726058690124773e-06,1.9851606339216232e-05,8.952945790952072e-05,0.9560129046440125,0.00785591546446085,0.0012273568427190185
C:\Projects\TM470\data\processed\test\Lactarius\373_sb1ABlLL_Io.jpg,Lactarius/373_sb1ABlLL_Io.jpg,Lactarius,Cortinarius,False,0.7925927042961121,0.0026524999993853,BaselineCNN,test,0.03543620929121971,0.06969238817691803,0.06942692399024963,0.7925927042961121,3.0989583592599956e-06,0.0002442796539980918,6.714878691127524e-05,0.000748660764656961,0.0056853704154491425,0.025437260046601295,0.0006659846985712647
C:\Projects\TM470\data\processed\test\Lactarius\381_70eN3baoMiU.jpg,Lactarius/381_70eN3baoMiU.jpg,Lactarius,Russula,False,0.8694177269935608,0.0030293000017991,BaselineCNN,test,0.001425238442607224,0.10485319048166275,1.7050599126378074e-05,0.011743190698325634,3.187984475516714e-05,3.598678119942633e-07,0.0016685774317011237,0.00015967445506248623,0.010114935226738453,0.8694177269935608,0.0005682544433511794
C:\Projects\TM470\data\processed\test\Lactarius\391_x5VHqfidZUA.jpg,Lactarius/391_x5VHqfidZUA.jpg,Lactarius,Lactarius,True,0.9984925985336304,0.0028897000011056,BaselineCNN,test,9.196546302270292e-12,3.921699409659141e-09,2.3170191525423434e-06,0.00022285935119725764,2.8652171746301747e-09,1.5524670579029204e-13,5.396049346018117e-06,6.075014766793174e-07,0.9984925985336304,0.0012590857222676277,1.7105065126088448e-05
C:\Projects\TM470\data\processed\test\Lactarius\394_pA_n_Wu4_60.jpg,Lactarius/394_pA_n_Wu4_60.jpg,Lactarius,Boletus,False,0.6590458154678345,0.0029760999896097,BaselineCNN,test,0.0717489942908287,0.0002572507655713707,0.6590458154678345,2.2585581973544322e-05,6.486264464911073e-05,6.350035619107075e-06,3.2002383250073763e-06,0.0004435839073266834,0.2671512961387634,0.0009994254214689136,0.0002565959875937551
C:\Projects\TM470\data\processed\test\Lactarius\410_gHeG6gEpGT8.jpg,Lactarius/410_gHeG6gEpGT8.jpg,Lactarius,Lactarius,True,0.6526758670806885,0.0025808000063989,BaselineCNN,test,4.677776360040298e-06,9.224532732332591e-06,0.015382286161184311,0.007606003433465958,7.80041045800317e-06,3.4749220390040136e-08,0.0006607205141335726,0.00017230698722414672,0.6526758670806885,0.0005894129863008857,0.3228917419910431
C:\Projects\TM470\data\processed\test\Lactarius\412_r_okI2cO5S4.jpg,Lactarius/412_r_okI2cO5S4.jpg,Lactarius,Russula,False,0.34712228178977966,0.0026148000033572,BaselineCNN,test,2.0022453099954873e-05,3.629102138802409e-05,0.29778438806533813,0.024272384122014046,6.444372957048472e-06,7.29056259807237e-11,0.0003447684575803578,6.9384868766064756e-06,0.017473332583904266,0.34712228178977966,0.312933087348938
C:\Projects\TM470\data\processed\test\Russula\001_iKuK1p9EOJ0.jpg,Russula/001_iKuK1p9EOJ0.jpg,Russula,Boletus,False,0.8143059015274048,0.0025618000072427,BaselineCNN,test,0.11775945872068405,0.0005479190731421113,0.8143059015274048,0.008124224841594696,1.8477085177437402e-06,1.3751217011304107e-05,1.748537670209771e-06,0.04629259184002876,0.0034674862399697304,0.009435669519007206,4.9412803491577506e-05
C:\Projects\TM470\data\processed\test\Russula\007_gZhfQcNeM9U.jpg,Russula/007_gZhfQcNeM9U.jpg,Russula,Russula,True,0.9832704067230225,0.0026242999883834,BaselineCNN,test,0.00024300802033394575,0.006727939005941153,0.0008834523614495993,0.0011093649081885815,0.0001488384004915133,1.1059860298701096e-05,1.228375913342461e-05,1.429567504374063e-07,0.007264853920787573,0.9832704067230225,0.00032866510446183383
C:\Projects\TM470\data\processed\test\Russula\008_Dz7lB9JtqxQ.jpg,Russula/008_Dz7lB9JtqxQ.jpg,Russula,Lactarius,False,0.7303048372268677,0.0029118000093149,BaselineCNN,test,0.24346627295017242,0.014119372703135014,0.0022440985776484013,0.0010822250042110682,3.4715270885499194e-05,0.00014108630421105772,4.434374432094046e-07,9.102642070502043e-05,0.7303048372268677,0.008440032601356506,7.590405584778637e-05
C:\Projects\TM470\data\processed\test\Russula\013_LGHqXuWMeHE.jpg,Russula/013_LGHqXuWMeHE.jpg,Russula,Boletus,False,0.6487101912498474,0.0025970999995479,BaselineCNN,test,0.2885816693305969,0.023821227252483368,0.6487101912498474,6.708744331263006e-05,1.3497908184945118e-05,0.000302374450257048,9.304647392127663e-06,2.432605924695963e-06,0.028015661984682083,0.009816581383347511,0.0006599267362616956
C:\Projects\TM470\data\processed\test\Russula\014_a6ZorjAMstY.jpg,Russula/014_a6ZorjAMstY.jpg,Russula,Exidia,False,0.8591861128807068,0.0025821000017458,BaselineCNN,test,0.0006290854071266949,0.020574668422341347,0.00013610156020149589,0.0007104568649083376,5.660218072023326e-09,0.8591861128807068,3.159629500260053e-07,0.0026727064978331327,3.110611214651726e-05,0.11602470278739929,3.474830373306759e-05
C:\Projects\TM470\data\processed\test\Russula\019_EKkNgTevh1g.jpg,Russula/019_EKkNgTevh1g.jpg,Russula,Russula,True,0.49768516421318054,0.0030074999958742,BaselineCNN,test,5.411754500528332e-06,1.1368090781616047e-05,0.011468261480331421,0.12177372723817825,3.634567838162184e-05,1.3638222773337816e-09,4.062833795615006e-06,5.975531166768633e-05,0.367019385099411,0.49768516421318054,0.001936503336764872
C:\Projects\TM470\data\processed\test\Russula\024_rhgAyyNHSJo.jpg,Russula/024_rhgAyyNHSJo.jpg,Russula,Amanita,False,0.3813464343547821,0.0029725000058533,BaselineCNN,test,0.2616041600704193,0.3813464343547821,8.993563096737489e-05,0.004878827836364508,4.921105573885143e-05,8.555123713449575e-06,3.212716546840966e-05,0.32671448588371277,0.016635742038488388,0.008162950165569782,0.00047761519090272486
C:\Projects\TM470\data\processed\test\Russula\025_k35cqXEzH7Y.jpg,Russula/025_k35cqXEzH7Y.jpg,Russula,Lactarius,False,0.2994697093963623,0.0026172999932896,BaselineCNN,test,0.02726021409034729,0.047861550003290176,0.2916533350944519,0.02602345682680607,0.018805038183927536,0.0001337980356765911,0.0012434949167072773,0.01699596829712391,0.2994697093963623,0.10685107111930847,0.16370226442813873
C:\Projects\TM470\data\processed\test\Russula\030_sCKfBfNbOl4.jpg,Russula/030_sCKfBfNbOl4.jpg,Russula,Russula,True,0.7003108859062195,0.0026139999972656,BaselineCNN,test,0.0015498811844736338,0.015277497470378876,0.0056903548538684845,0.13767799735069275,0.0006353561184369028,0.003157924162223935,2.3193539163912646e-05,0.0015397554961964488,0.13327659666538239,0.7003108859062195,0.0008605262264609337
C:\Projects\TM470\data\processed\test\Russula\039_ikQwz6n6X4o.jpg,Russula/039_ikQwz6n6X4o.jpg,Russula,Russula,True,0.9698184728622437,0.0030455999949481,BaselineCNN,test,1.7325777662335895e-05,0.00011275417637079954,0.0004133095790166408,0.018388081341981888,0.008785567246377468,3.257679903612143e-09,5.491689080372453e-05,9.305312414653599e-05,0.002315149176865816,0.9698184728622437,1.306753119934001e-06
C:\Projects\TM470\data\processed\test\Russula\043_a_5lm55zCVc.jpg,Russula/043_a_5lm55zCVc.jpg,Russula,Inocybe,False,0.6483202576637268,0.0029162999999243,BaselineCNN,test,0.007465315982699394,0.036178767681121826,0.00565015384927392,0.027090106159448624,0.0009324305574409664,0.06025616452097893,0.00732865696772933,0.6483202576637268,0.0803602933883667,0.11453505605459213,0.011882730759680271
C:\Projects\TM470\data\processed\test\Russula\043_fOQ2ffx-cy8.jpg,Russula/043_fOQ2ffx-cy8.jpg,Russula,Russula,True,0.9463622570037842,0.0026450000004842,BaselineCNN,test,3.222230589017272e-05,8.957127647590823e-06,6.067218549787867e-08,0.05312054604291916,3.687280332087539e-05,4.4079709327071726e-10,6.297629442997277e-05,1.922016053867992e-06,0.00031290724291466177,0.9463622570037842,6.132759881438687e-05
C:\Projects\TM470\data\processed\test\Russula\047_eHKYt6tnSCs.jpg,Russula/047_eHKYt6tnSCs.jpg,Russula,Inocybe,False,0.5765982270240784,0.0027712000010069,BaselineCNN,test,0.00036477562389336526,0.01403481513261795,0.18861161172389984,0.008678416721522808,0.0005286489613354206,0.0687943771481514,0.00993278343230486,0.5765982270240784,0.0744253396987915,0.03913452476263046,0.018896441906690598
C:\Projects\TM470\data\processed\test\Russula\050_MwOq3EeFUvc.jpg,Russula/050_MwOq3EeFUvc.jpg,Russula,Boletus,False,0.48774993419647217,0.0028957000031368,BaselineCNN,test,7.215257210191339e-05,7.27225597074721e-07,0.48774993419647217,3.1124162092055485e-07,5.7227218348998576e-05,6.650976817223651e-16,4.7744615585543215e-06,3.424714378752469e-08,0.4255019724369049,0.047615136951208115,0.03899776563048363
C:\Projects\TM470\data\processed\test\Russula\057_jOjOWsmPwSs.jpg,Russula/057_jOjOWsmPwSs.jpg,Russula,Boletus,False,0.8689306378364563,0.0027610000106506,BaselineCNN,test,1.106171930587152e-05,1.0535665751376655e-05,0.8689306378364563,2.074948679364752e-05,3.9765545807313174e-05,1.331756465106082e-07,1.5182082279352471e-05,1.37172028189525e-05,0.08120248466730118,0.0010357785504311323,0.0487198680639267
C:\Projects\TM470\data\processed\test\Russula\058_rXtA5QC0tm0.jpg,Russula/058_rXtA5QC0tm0.jpg,Russula,Russula,True,0.8391344547271729,0.0026166000025114,BaselineCNN,test,0.004792021121829748,0.026318054646253586,0.034211017191410065,0.010598592460155487,9.961792966350913e-05,0.0822557881474495,3.7016452552052215e-05,0.0015082438476383686,0.0007200886611826718,0.8391344547271729,0.0003250792797189206
C:\Projects\TM470\data\processed\test\Russula\064_7LLSFgmojbg.jpg,Russula/064_7LLSFgmojbg.jpg,Russula,Russula,True,0.7571412324905396,0.0029547000012826,BaselineCNN,test,0.00015201489441096783,0.0016667221207171679,2.9050659122731304e-06,0.010149565525352955,0.0073721762746572495,1.1356835329934256e-06,0.0025947620160877705,0.007245035842061043,0.2136169970035553,0.7571412324905396,5.743570000049658e-05
C:\Projects\TM470\data\processed\test\Russula\066_QwlTSWbST_A.jpg,Russula/066_QwlTSWbST_A.jpg,Russula,Cortinarius,False,0.7144502401351929,0.0026928000006591,BaselineCNN,test,7.158079711189202e-07,2.5788372326474018e-08,0.0010721153812482953,0.7144502401351929,8.674854143464472e-06,3.405261142508387e-11,0.001111295074224472,5.692999849316038e-08,0.20303259789943695,0.015939153730869293,0.06438513845205307
C:\Projects\TM470\data\processed\test\Russula\067_1HwiqbR9nY4.jpg,Russula/067_1HwiqbR9nY4.jpg,Russula,Boletus,False,0.9529956579208374,0.0028886000072816,BaselineCNN,test,1.0849533538248579e-07,1.4713867130922154e-05,0.9529956579208374,4.13675252275425e-07,8.42752228891186e-07,1.612938937967101e-08,0.00010147361899726093,3.4545635241300943e-09,0.044889193028211594,0.001907839672639966,8.971257193479687e-05
C:\Projects\TM470\data\processed\test\Russula\087_dkTD8ebKnDo.jpg,Russula/087_dkTD8ebKnDo.jpg,Russula,Russula,True,0.9915105104446411,0.0026125000003958,BaselineCNN,test,1.0825333873754062e-07,1.4861600838855793e-09,3.7752219213871285e-05,0.008438386023044586,1.2210961131131626e-06,9.210347762245163e-11,4.9677240099299524e-09,7.287535019884217e-09,7.646771337022074e-06,0.9915105104446411,4.4396292651072145e-06
C:\Projects\TM470\data\processed\test\Russula\090_wTqyZFVyKa4.jpg,Russula/090_wTqyZFVyKa4.jpg,Russula,Russula,True,0.48946020007133484,0.0042361999949207,BaselineCNN,test,1.3427525118459016e-05,0.0008880903478711843,0.0005230407114140689,0.0011472406331449747,3.4815579965652432e-06,2.7732342644526398e-08,0.3113875687122345,0.00010477257455931976,0.1946675032377243,0.48946020007133484,0.0018046048935502768
C:\Projects\TM470\data\processed\test\Russula\091_OhbGtsJOrac.jpg,Russula/091_OhbGtsJOrac.jpg,Russula,Entoloma,False,0.9686315655708313,0.0026091000036103,BaselineCNN,test,0.00016388493531849235,0.0006590601988136768,2.197962203354109e-06,0.0003817923425231129,0.9686315655708313,4.885803428500424e-10,8.315048205531639e-09,6.048138061487407e-07,0.002301034051924944,0.027859870344400406,4.3530608451192165e-08
C:\Projects\TM470\data\processed\test\Russula\096_RZyKfwF8OnQ.jpg,Russula/096_RZyKfwF8OnQ.jpg,Russula,Boletus,False,0.8080715537071228,0.0027162000042153,BaselineCNN,test,1.2195458509722812e-07,7.045500296953833e-06,0.8080715537071228,9.990009857574478e-06,4.659811565943528e-06,9.542056034206325e-10,0.00012192023132229224,1.767813628816839e-08,0.007703693583607674,0.1836467683315277,0.0004341313033364713
C:\Projects\TM470\data\processed\test\Russula\097_MDNp4nnFbsU.jpg,Russula/097_MDNp4nnFbsU.jpg,Russula,Suillus,False,0.8991305828094482,0.0029699000006075,BaselineCNN,test,2.797472697935177e-09,3.854303213302046e-05,0.008207106031477451,0.009426569566130638,1.8262369394506095e-10,1.2414051557552153e-11,0.00021089818619657308,2.7673671354477847e-08,0.0824904516339302,0.000495748536195606,0.8991305828094482
C:\Projects\TM470\data\processed\test\Russula\097_vcRnfngKDrA.jpg,Russula/097_vcRnfngKDrA.jpg,Russula,Russula,True,0.9999936819076538,0.0026241000014124,BaselineCNN,test,1.3248916275188094e-07,4.705777456592841e-08,9.515519483471735e-10,4.951580194756389e-06,3.8906005528360765e-08,8.886662709730743e-17,3.8130029689220635e-10,4.154948954337989e-12,1.1278463034614106e-06,0.9999936819076538,1.8193004880373564e-09
C:\Projects\TM470\data\processed\test\Russula\102_ZPT8jUM20PQ.jpg,Russula/102_ZPT8jUM20PQ.jpg,Russula,Russula,True,0.9037251472473145,0.0026109000027645,BaselineCNN,test,2.793384737742599e-05,8.31754514365457e-05,0.05193030461668968,0.00021130417007952929,0.00026026598061434925,4.0029698999966e-10,1.2254709872649983e-05,2.3664895252295537e-06,0.04271112382411957,0.9037251472473145,0.0010361619060859084
C:\Projects\TM470\data\processed\test\Russula\104_Rsfyh5xO7v4.jpg,Russula/104_Rsfyh5xO7v4.jpg,Russula,Russula,True,0.9864120483398438,0.00291379999544,BaselineCNN,test,1.8425347358963506e-10,8.927383532864042e-06,5.305831791702076e-07,3.8834776205476373e-05,9.797330130822957e-05,1.5583123983906044e-12,2.2021391998805484e-07,2.4746901772232377e-07,0.013439943082630634,0.9864120483398438,1.2342288755462505e-06
C:\Projects\TM470\data\processed\test\Russula\105_-Z8GVGlP6ZQ.jpg,Russula/105_-Z8GVGlP6ZQ.jpg,Russula,Lactarius,False,0.5783378481864929,0.0025974000018322,BaselineCNN,test,1.0877531167352572e-05,4.4131502363597974e-05,0.004899052903056145,0.25403231382369995,5.60014404982212e-06,1.6669321922790914e-08,0.0013932837173342705,3.395716248633107e-06,0.5783378481864929,0.15642359852790833,0.004849958699196577
C:\Projects\TM470\data\processed\test\Russula\110_Dq7-S4a1PBA.jpg,Russula/110_Dq7-S4a1PBA.jpg,Russula,Inocybe,False,0.9845684766769409,0.0029109000024618,BaselineCNN,test,4.9686703277984634e-05,3.2969852327369153e-05,0.0001326990604866296,0.00017592014046385884,5.947519821347669e-05,8.490739855915308e-05,0.01361745037138462,0.9845684766769409,0.0010017426684498787,2.6082852855324745e-06,0.0002740441996138543
C:\Projects\TM470\data\processed\test\Russula\110_tI1gcfV67iM.jpg,Russula/110_tI1gcfV67iM.jpg,Russula,Cortinarius,False,0.9986571073532104,0.0025589000142645,BaselineCNN,test,1.5259173551385175e-06,0.00016752260853536427,0.0001596895162947476,0.9986571073532104,1.862872636593238e-06,7.968033344241121e-09,0.00013345804472919554,1.9019491901417496e-06,0.00041431409772485495,0.00045449292520061135,8.123085535771679e-06
C:\Projects\TM470\data\processed\test\Russula\112_LjHLUTH9Ofo.jpg,Russula/112_LjHLUTH9Ofo.jpg,Russula,Suillus,False,0.9935160875320435,0.0029609000048367,BaselineCNN,test,1.0450938958683764e-07,6.560051588166971e-06,0.0004021948261652142,9.272791794501245e-05,2.1730285126864146e-08,3.5483233376282924e-14,9.747749572852626e-06,5.739439075114205e-07,0.00011294768046354875,0.005858997814357281,0.9935160875320435
C:\Projects\TM470\data\processed\test\Russula\115_421ZUjl0L6I.jpg,Russula/115_421ZUjl0L6I.jpg,Russula,Boletus,False,0.9901883006095886,0.0026963999989675,BaselineCNN,test,2.3875015742191863e-08,2.853695332305506e-05,0.9901883006095886,2.3801734641892835e-05,3.187033925655669e-08,6.126678275819586e-09,7.539594662375748e-05,7.57834861531137e-09,0.009673265740275383,7.5255547926644795e-06,3.0748451536055654e-06
C:\Projects\TM470\data\processed\test\Russula\116_1OsHlMx-dSQ.jpg,Russula/116_1OsHlMx-dSQ.jpg,Russula,Lactarius,False,0.5351807475090027,0.0025303000002168,BaselineCNN,test,0.010674161836504936,0.015095321461558342,2.7036363462684676e-05,0.007179103326052427,1.6516911273356527e-05,5.062819923296047e-07,0.0002707972889766097,0.0008675605640746653,0.5351807475090027,0.4287640452384949,0.001924245967529714
C:\Projects\TM470\data\processed\test\Russula\121_G6PKJxVEa-M.jpg,Russula/121_G6PKJxVEa-M.jpg,Russula,Lactarius,False,0.5814731121063232,0.002900799998315,BaselineCNN,test,0.001820210600271821,0.00019320702995173633,0.03823413327336311,0.03829563781619072,0.0006487249047495425,1.5016471621720484e-08,0.0007412406266666949,9.742206748342142e-05,0.5814731121063232,0.3282507658004761,0.01024552807211876
C:\Projects\TM470\data\processed\test\Russula\127_VbgJEufLv7I.jpg,Russula/127_VbgJEufLv7I.jpg,Russula,Agaricus,False,0.8864086270332336,0.0029868999990867,BaselineCNN,test,0.8864086270332336,0.0024496905971318483,5.8876956643416634e-08,0.012075113132596016,1.74979265921138e-06,4.917227124678902e-05,6.571786457243434e-07,0.046806950122117996,0.046822454780340195,0.005378404166549444,7.101029495970579e-06
C:\Projects\TM470\data\processed\test\Russula\139_H3FH6JjjTzg.jpg,Russula/139_H3FH6JjjTzg.jpg,Russula,Entoloma,False,0.5012882351875305,0.0025982000079238,BaselineCNN,test,3.856983767036581e-06,0.05203825607895851,3.594001540818681e-09,0.38039276003837585,0.5012882351875305,0.04121750220656395,0.0002271290577482432,0.001290631596930325,0.023142803460359573,0.0003939266607630998,4.895878191746306e-06
C:\Projects\TM470\data\processed\test\Russula\145_o2dRwsYbjMY.jpg,Russula/145_o2dRwsYbjMY.jpg,Russula,Boletus,False,0.43577834963798523,0.0025839000009,BaselineCNN,test,6.408453145922977e-07,0.0006108469679020345,0.43577834963798523,0.31301596760749817,0.06682262569665909,1.5196267213468673e-06,4.980176890967414e-05,0.1623457819223404,0.02065507136285305,5.9345533372834325e-05,0.0006600693450309336
C:\Projects\TM470\data\processed\test\Russula\150_HG0rdEL96d8.jpg,Russula/150_HG0rdEL96d8.jpg,Russula,Russula,True,0.4389711916446686,0.0025652000040281,BaselineCNN,test,0.001973578939214349,2.262343514303211e-06,4.2016984025394777e-07,0.36079511046409607,7.568360729237611e-07,4.25870866349598e-11,4.8917372623691335e-05,7.10807057657803e-08,0.19754694402217865,0.4389711916446686,0.0006607921677641571
C:\Projects\TM470\data\processed\test\Russula\152_T7Jz4WBLsEQ.jpg,Russula/152_T7Jz4WBLsEQ.jpg,Russula,Suillus,False,0.48833414912223816,0.0032827999966684,BaselineCNN,test,0.00045255766599439085,5.58325627935119e-05,0.0059945546090602875,0.01497750822454691,3.5211040085414425e-05,1.6348711273650451e-10,0.0005421974929049611,1.3708892083741375e-06,0.3084767460823059,0.18112988770008087,0.48833414912223816
C:\Projects\TM470\data\processed\test\Russula\165_iSv1-9PofVg.jpg,Russula/165_iSv1-9PofVg.jpg,Russula,Russula,True,0.8498014211654663,0.0025711000052979,BaselineCNN,test,0.02431570552289486,0.001678588567301631,0.00027489301282912493,0.10744839906692505,0.011397270485758781,8.632614623138579e-08,4.8209189117187634e-05,2.8059398573532235e-06,0.0023008971475064754,0.8498014211654663,0.0027316156774759293
C:\Projects\TM470\data\processed\test\Russula\167_9loyXWNmBDI.jpg,Russula/167_9loyXWNmBDI.jpg,Russula,Russula,True,0.9058183431625366,0.0029083999979775,BaselineCNN,test,9.35614480113145e-07,0.0014236991992220283,1.881486696220236e-06,0.008397347293794155,0.00010609972378006205,2.7221191967186087e-10,0.0826563686132431,6.844931590421766e-07,0.0014040201203897595,0.9058183431625366,0.00019058033649343997
C:\Projects\TM470\data\processed\test\Russula\170_8gD6VgBIRW8.jpg,Russula/170_8gD6VgBIRW8.jpg,Russula,Boletus,False,0.999968409538269,0.0025705000007292,BaselineCNN,test,2.8757090042574873e-09,2.659429082996212e-05,0.999968409538269,1.4100722864895943e-06,1.5934386965454905e-06,1.3322173225693845e-12,1.0282829521202075e-07,5.605248816209496e-07,9.066728523521306e-08,8.582879473806315e-08,1.201569602926611e-06
C:\Projects\TM470\data\processed\test\Russula\174_ZHZm2cjKSd4.jpg,Russula/174_ZHZm2cjKSd4.jpg,Russula,Russula,True,0.9687944650650024,0.0029427999979816,BaselineCNN,test,0.006901859771460295,0.0008235014975070953,3.059855225728825e-05,0.0003347089805174619,3.5054927138844505e-07,5.213784959323675e-10,4.0064122003968805e-05,1.4737900677630478e-08,0.02298915386199951,0.9687944650650024,8.531840285286307e-05
C:\Projects\TM470\data\processed\test\Russula\183_7HPLUZ0JPGw.jpg,Russula/183_7HPLUZ0JPGw.jpg,Russula,Russula,True,0.5576260685920715,0.0026125000003958,BaselineCNN,test,0.014349413104355335,0.025512544438242912,0.028514549136161804,0.019642839208245277,0.05887283384799957,0.00017760807531885803,0.026716500520706177,0.0038189426995813847,0.19148588180541992,0.5576260685920715,0.07328277826309204
C:\Projects\TM470\data\processed\test\Russula\187_eVoSi006rJc.jpg,Russula/187_eVoSi006rJc.jpg,Russula,Lactarius,False,0.9945685863494873,0.002599100000225,BaselineCNN,test,0.001293156761676073,4.525367785390699e-06,0.0014284553471952677,0.0014120524283498526,1.1604213796090335e-05,2.228579631946559e-07,8.687387662575929e-07,2.3846661861171015e-05,0.9945685863494873,0.00023417285410687327,0.001022549462504685
C:\Projects\TM470\data\processed\test\Russula\190_jB_ANV0GfGc.jpg,Russula/190_jB_ANV0GfGc.jpg,Russula,Lactarius,False,0.9982218146324158,0.0030202000052668,BaselineCNN,test,0.00028004180057905614,0.000883491535205394,0.00019176724890712649,2.289127769472543e-05,9.977933223126456e-05,0.00029259282746352255,5.321843445926788e-07,5.9716035138990264e-06,0.9982218146324158,5.883142080165271e-07,4.1862395505631866e-07
C:\Projects\TM470\data\processed\test\Russula\193_0iPR4s0EgAE.jpg,Russula/193_0iPR4s0EgAE.jpg,Russula,Cortinarius,False,0.8563531041145325,0.0025759999989531,BaselineCNN,test,0.12754574418067932,0.0033947366755455732,2.3655532643829247e-08,0.8563531041145325,0.0002379101060796529,9.210833013639785e-06,1.688689189904835e-05,0.0010880932677537203,5.240660539129749e-05,0.0031202088575810194,0.008181612007319927
C:\Projects\TM470\data\processed\test\Russula\194_NP3riIl0ZRw.jpg,Russula/194_NP3riIl0ZRw.jpg,Russula,Cortinarius,False,0.6242851614952087,0.0028421000024536,BaselineCNN,test,0.12268827110528946,0.14727585017681122,0.0003168797411490232,0.6242851614952087,0.00983098428696394,0.0002092326758429408,0.016016120091080666,0.0041565969586372375,0.0015767511213198304,0.06928032636642456,0.00436388747766614
C:\Projects\TM470\data\processed\test\Russula\196_8vqiUiCZSf4.jpg,Russula/196_8vqiUiCZSf4.jpg,Russula,Lactarius,False,0.8255091905593872,0.0026034000038634,BaselineCNN,test,0.001280743395909667,0.02506808005273342,0.038476720452308655,0.026937872171401978,0.0009175980230793357,5.3432286222232506e-06,0.00014486961299553514,0.008998677134513855,0.8255091905593872,0.0702974796295166,0.002363433362916112
C:\Projects\TM470\data\processed\test\Russula\197_8SaITt5hQBY.jpg,Russula/197_8SaITt5hQBY.jpg,Russula,Exidia,False,0.6949999332427979,0.0029724000050919,BaselineCNN,test,2.2420292225433514e-05,0.00015136665024328977,1.5170285223575775e-05,0.30275166034698486,0.00048109382623806596,0.6949999332427979,6.462868462620008e-09,0.00036321219522506,0.0012128818780183792,2.2420431378122885e-06,1.085568044345564e-07
C:\Projects\TM470\data\processed\test\Russula\200_JMAjbr8Po8M.jpg,Russula/200_JMAjbr8Po8M.jpg,Russula,Cortinarius,False,0.7006828784942627,0.0029570999904535,BaselineCNN,test,0.0054163625463843346,0.0004199880931992084,0.0003441303560975939,0.7006828784942627,0.14250193536281586,0.00029587201424874365,0.0012196629540994763,0.07096021622419357,0.05812416598200798,0.011236008256673813,0.008798855356872082
C:\Projects\TM470\data\processed\test\Russula\203_7ZDu3mnm2D8.jpg,Russula/203_7ZDu3mnm2D8.jpg,Russula,Russula,True,0.7557658553123474,0.0026771999982884,BaselineCNN,test,0.047666460275650024,0.19096221029758453,3.4711436569523357e-07,0.004694466944783926,0.0006615844904445112,1.080372157957754e-06,9.93141202343395e-06,1.780148011221172e-07,0.00019425364735070616,0.7557658553123474,4.368579902802594e-05
C:\Projects\TM470\data\processed\test\Russula\212_mAsF0Tdhqu8.jpg,Russula/212_mAsF0Tdhqu8.jpg,Russula,Amanita,False,0.521606981754303,0.0029729999951086,BaselineCNN,test,6.560541692124389e-07,0.521606981754303,0.00046573104918934405,0.010815959423780441,1.6720417761462159e-06,6.363039571155929e-14,0.013403533957898617,2.1301681840668607e-07,0.0008259232854470611,0.4260808527469635,0.026798449456691742
C:\Projects\TM470\data\processed\test\Russula\218_zKx8R11Bjuo.jpg,Russula/218_zKx8R11Bjuo.jpg,Russula,Lactarius,False,0.5252180695533752,0.0029211999935796,BaselineCNN,test,0.1093650609254837,0.044930003583431244,0.032089002430438995,0.011325917206704617,0.0007704770541749895,5.425420113169821e-08,7.097962952684611e-05,6.749488875357201e-06,0.5252180695533752,0.05431222915649414,0.2219114601612091
C:\Projects\TM470\data\processed\test\Russula\219_Tj5ZWF3-yCc.jpg,Russula/219_Tj5ZWF3-yCc.jpg,Russula,Lactarius,False,0.7846358418464661,0.0026407000113977,BaselineCNN,test,0.0013058196054771543,0.0016685480950400233,0.006671430077403784,0.0007810860988683999,0.002939485711976886,0.0001561680546728894,0.002886537229642272,0.0011548136826604605,0.7846358418464661,0.12829945981502533,0.06950079649686813
C:\Projects\TM470\data\processed\test\Russula\220_LB02R316CKc.jpg,Russula/220_LB02R316CKc.jpg,Russula,Russula,True,0.9912528395652771,0.0026332000124966,BaselineCNN,test,0.0003691001038532704,4.7348843509098515e-05,8.608926145825535e-05,0.00755664985626936,2.9105252906447276e-05,5.7922708407431855e-08,1.8545962632288138e-07,9.236076948582195e-06,0.0006487432401627302,0.9912528395652771,6.443127631428069e-07
C:\Projects\TM470\data\processed\test\Russula\221_GAqgMbeBJ_w.jpg,Russula/221_GAqgMbeBJ_w.jpg,Russula,Russula,True,0.6852176189422607,0.0029210999928181,BaselineCNN,test,0.00048109254566952586,0.018753238022327423,5.842671453137882e-05,0.00012500089360401034,0.0003724314155988395,4.1103088932459286e-08,0.0013448669342324138,0.00011261033796472475,0.29285258054733276,0.6852176189422607,0.0006819803966209292
C:\Projects\TM470\data\processed\test\Russula\222_l5ppfQIYS20.jpg,Russula/222_l5ppfQIYS20.jpg,Russula,Boletus,False,0.9677501320838928,0.0036036999954376,BaselineCNN,test,0.001032919972203672,0.0006178353214636445,0.9677501320838928,4.187858576187864e-05,0.0016772919334471226,1.2135242286603898e-05,2.5467787054367363e-05,0.0006519781891256571,0.013970610685646534,0.0016727488255128264,0.01254693977534771
C:\Projects\TM470\data\processed\test\Russula\229_GvS-zosxGjw.jpg,Russula/229_GvS-zosxGjw.jpg,Russula,Russula,True,0.9889545440673828,0.0030074999958742,BaselineCNN,test,0.0011225516209378839,0.0007485076785087585,1.9279526952686865e-07,0.002075756434351206,3.303836315637909e-09,3.161077302693549e-11,2.235824325680369e-07,4.1758965729776776e-10,0.007098040543496609,0.9889545440673828,1.9601203860020178e-07
C:\Projects\TM470\data\processed\test\Russula\232_mX205dWbGSs.jpg,Russula/232_mX205dWbGSs.jpg,Russula,Boletus,False,0.8226844668388367,0.0026061999960802,BaselineCNN,test,4.8070713091874495e-05,1.8474429452908225e-07,0.8226844668388367,0.00015873799566179514,9.060771117219701e-05,1.9104178308748665e-11,2.4232451323769055e-05,3.1985720738703094e-08,0.061819929629564285,0.07033619284629822,0.04483760893344879
C:\Projects\TM470\data\processed\test\Russula\237_ngiHar4V9OQ.jpg,Russula/237_ngiHar4V9OQ.jpg,Russula,Boletus,False,0.7255548238754272,0.0029719000012846,BaselineCNN,test,0.00020635451073758304,0.08854793757200241,0.7255548238754272,0.0007879101322032511,0.007990770973265171,0.000366248597856611,1.0750106866908027e-06,0.10688210278749466,5.700962901755702e-06,0.06962915509939194,2.7943058739765547e-05
C:\Projects\TM470\data\processed\test\Russula\251_fEoTrBJW8cM.jpg,Russula/251_fEoTrBJW8cM.jpg,Russula,Russula,True,0.9861189126968384,0.0026262999890604,BaselineCNN,test,7.966265911818482e-06,6.092286639614031e-06,2.2797366909799166e-06,0.011011642403900623,0.002596084726974368,9.94433528578309e-12,9.794528743611863e-09,1.552974572405219e-05,0.00024135122657753527,0.9861189126968384,1.4357687483368409e-08
C:\Projects\TM470\data\processed\test\Russula\255_Kb8wme58c30.jpg,Russula/255_Kb8wme58c30.jpg,Russula,Russula,True,0.5675812363624573,0.0025967999972635,BaselineCNN,test,7.848134373489302e-07,4.462173455976881e-05,3.82335457516092e-07,0.43205830454826355,1.344585331963799e-08,5.715081297097413e-09,0.00016316738037858158,1.9655126379802823e-06,0.00013343369937501848,0.5675812363624573,1.606383921171073e-05
C:\Projects\TM470\data\processed\test\Russula\274_HgGEtks3OsI.jpg,Russula/274_HgGEtks3OsI.jpg,Russula,Cortinarius,False,0.9146320223808289,0.0028763000009348,BaselineCNN,test,0.0002572473604232073,2.3113698262022808e-05,8.08141862762568e-07,0.9146320223808289,0.07294022291898727,0.0006398519035428762,0.0004654759541153908,0.0010456567397341132,0.004752989858388901,6.657354333583498e-06,0.005236055236309767
C:\Projects\TM470\data\processed\test\Russula\275_pEbq4xW22Ag.jpg,Russula/275_pEbq4xW22Ag.jpg,Russula,Agaricus,False,0.8551256060600281,0.0025897000014083,BaselineCNN,test,0.8551256060600281,0.00026935822097584605,6.186949090378655e-18,3.93869731851737e-06,2.6032242317342025e-07,3.604325767968958e-13,2.0923838217612456e-09,1.0452371498104185e-05,4.699713258560223e-07,0.14458981156349182,6.359347185132258e-13
C:\Projects\TM470\data\processed\test\Russula\280_dQwEUooNmxU.jpg,Russula/280_dQwEUooNmxU.jpg,Russula,Entoloma,False,0.22650423645973206,0.0025830999948084,BaselineCNN,test,0.012149329297244549,0.06499865651130676,0.017457880079746246,0.1713026463985443,0.22650423645973206,1.4276533022439253e-07,1.7220687368535437e-05,0.00010810900857904926,0.10794051736593246,0.21837112307548523,0.1811501681804657
C:\Projects\TM470\data\processed\test\Russula\284_mG2jZJaeiac.jpg,Russula/284_mG2jZJaeiac.jpg,Russula,Russula,True,0.999729335308075,0.0029993999924045,BaselineCNN,test,6.7860646595363505e-06,5.6461512798478e-08,8.911151330726064e-12,6.29741293778352e-07,1.4327711239658925e-10,4.345429452465993e-14,3.3158219281403944e-08,5.180283437766775e-07,0.00026259649894200265,0.999729335308075,4.8176421074686004e-08
C:\Projects\TM470\data\processed\test\Russula\285_rVkKIZjTiRM.jpg,Russula/285_rVkKIZjTiRM.jpg,Russula,Amanita,False,0.6276545524597168,0.0029785999940941,BaselineCNN,test,0.17860478162765503,0.6276545524597168,3.8922738895053044e-05,0.013688775710761547,7.09336461568455e-07,9.555871827160445e-08,5.4659981429949767e-08,0.0001007633181870915,0.010377570055425167,0.16928501427173615,0.0002488174068275839
C:\Projects\TM470\data\processed\test\Russula\287_aSnnhXszXBg.jpg,Russula/287_aSnnhXszXBg.jpg,Russula,Russula,True,0.9623708128929138,0.0026312999980291,BaselineCNN,test,0.010979807004332542,0.024799270555377007,6.710140951327048e-06,2.2963271476328373e-05,0.0014813694870099425,1.6236928468416068e-10,3.9319594691278326e-08,2.7766551724539568e-08,0.00033352707396261394,0.9623708128929138,5.461250111693516e-06
C:\Projects\TM470\data\processed\test\Russula\298_6kweHNZ0RfI.jpg,Russula/298_6kweHNZ0RfI.jpg,Russula,Entoloma,False,0.5781271457672119,0.0027097999991383,BaselineCNN,test,0.13252583146095276,0.16318866610527039,0.00015962205361574888,0.00021538980945479125,0.5781271457672119,1.3443811440083664e-05,0.0014512685593217611,0.0012680512154474854,0.0038782369811087847,0.11914781481027603,2.45527844526805e-05
C:\Projects\TM470\data\processed\test\Russula\305_tdJxN8UQo7I.jpg,Russula/305_tdJxN8UQo7I.jpg,Russula,Russula,True,0.9953135251998901,0.0026481000095373,BaselineCNN,test,0.001452541328035295,0.001380034489557147,9.90290573099628e-07,4.703904778580181e-05,1.856945345934946e-06,5.868684738175034e-08,3.0644874641438946e-05,2.580462478363188e-06,0.0017691397806629539,0.9953135251998901,1.6178271380340448e-06
C:\Projects\TM470\data\processed\test\Russula\317_8tQhlDlTHhY.jpg,Russula/317_8tQhlDlTHhY.jpg,Russula,Russula,True,0.9904279708862305,0.0030021999991731,BaselineCNN,test,9.095461791730486e-06,4.338705548434518e-05,5.59530292321142e-07,0.004300661850720644,2.5967778128688224e-05,3.5468445958031225e-08,9.076310902855766e-08,9.686562407296151e-05,0.0050823874771595,0.9904279708862305,1.3033878531132359e-05
C:\Projects\TM470\data\processed\test\Russula\322_Ai1EXB8gNws.jpg,Russula/322_Ai1EXB8gNws.jpg,Russula,Agaricus,False,0.593499481678009,0.0025776999973459,BaselineCNN,test,0.593499481678009,0.0456174872815609,0.04305025190114975,0.0006222777883522213,3.325031866552308e-05,1.951055317306327e-09,9.277925528294872e-06,0.04924606531858444,0.02605380117893219,0.0004287061747163534,0.24143946170806885
C:\Projects\TM470\data\processed\test\Russula\329_PxteNH5w9Yk.jpg,Russula/329_PxteNH5w9Yk.jpg,Russula,Russula,True,0.9999114274978638,0.0026973000058205,BaselineCNN,test,4.725274266093038e-05,7.5450166150403675e-06,3.757180330743459e-11,1.916228029585909e-05,4.866453764407197e-07,4.3327169109430574e-12,2.15447403206781e-06,1.722784359614593e-09,1.1799369531217963e-05,0.9999114274978638,2.2408462996281742e-07
C:\Projects\TM470\data\processed\test\Russula\333_7pP8aVQf3Do.jpg,Russula/333_7pP8aVQf3Do.jpg,Russula,Russula,True,0.9958487749099731,0.0028763000009348,BaselineCNN,test,1.1094235946584874e-10,9.99164839754485e-09,0.0005760631756857038,0.0005727749667130411,1.4509610934965167e-07,1.7213445295885532e-12,0.0029007119592279196,8.989982980267541e-09,9.141323971562088e-05,0.9958487749099731,1.0027976713899989e-05
C:\Projects\TM470\data\processed\test\Russula\338_HPnjALipi70.jpg,Russula/338_HPnjALipi70.jpg,Russula,Cortinarius,False,0.8728196024894714,0.0029888999997638,BaselineCNN,test,8.081823580141645e-06,1.2346059520496055e-05,1.285732082578761e-06,0.8728196024894714,2.5835925043793395e-05,5.223216607494474e-13,6.870518820534244e-09,1.3686037192428557e-08,0.12263402342796326,0.004498753231018782,2.300590473680586e-08
C:\Projects\TM470\data\processed\test\Russula\342_CJXxi8f2DOI.jpg,Russula/342_CJXxi8f2DOI.jpg,Russula,Suillus,False,0.9381280541419983,0.0025676999939605,BaselineCNN,test,0.0240781232714653,0.006347522139549255,0.0015123083721846342,0.002134180162101984,0.0013647594023495913,8.119276913021167e-07,4.576290848490316e-06,0.004346087574958801,0.015555264428257942,0.006528270896524191,0.9381280541419983
C:\Projects\TM470\data\processed\test\Russula\349_YRE4p7LbKdg.jpg,Russula/349_YRE4p7LbKdg.jpg,Russula,Amanita,False,0.8618974089622498,0.0029762000049231,BaselineCNN,test,2.8745984309352934e-05,0.8618974089622498,0.042113933712244034,0.00027399766258895397,0.009524748660624027,0.0001197830424644053,1.8070726582664065e-05,0.00030477327527478337,0.018891865387558937,7.523254316765815e-05,0.06675145030021667
C:\Projects\TM470\data\processed\test\Russula\352_ykL56k89IoE.jpg,Russula/352_ykL56k89IoE.jpg,Russula,Boletus,False,0.8655296564102173,0.0029921999957878,BaselineCNN,test,1.7724848255795678e-09,1.8056590667114847e-09,0.8655296564102173,2.4815318511173245e-07,3.139033140087122e-07,1.380914219778484e-11,3.340968335319161e-10,1.5254312302204198e-07,0.13434824347496033,7.869846012908965e-05,4.265638199285604e-05
C:\Projects\TM470\data\processed\test\Russula\354_SXkK0j9UPcc.jpg,Russula/354_SXkK0j9UPcc.jpg,Russula,Hygrocybe,False,0.6231101751327515,0.0025680999970063,BaselineCNN,test,3.386462291143921e-11,1.4424125765799545e-05,0.004837471060454845,0.0413372702896595,2.1362563107363286e-10,6.289554987937152e-11,0.6231101751327515,5.059671366325347e-06,0.03542766347527504,0.00012288342986721545,0.29514509439468384
C:\Projects\TM470\data\processed\test\Russula\366_Rmr_uH_m3Lc.jpg,Russula/366_Rmr_uH_m3Lc.jpg,Russula,Lactarius,False,0.5839250087738037,0.0026829999987967,BaselineCNN,test,4.4614539840281964e-10,3.774285745050676e-11,0.00010838751040864736,0.04716259613633156,9.256808514157555e-11,8.843181720750992e-13,0.23771031200885773,4.476819270848864e-08,0.5839250087738037,0.13107982277870178,1.3797940482618287e-05
C:\Projects\TM470\data\processed\test\Russula\375_h9oJuORZEoQ.jpg,Russula/375_h9oJuORZEoQ.jpg,Russula,Lactarius,False,0.41960978507995605,0.0028883000049972,BaselineCNN,test,1.5400935808429495e-05,0.0005471823969855905,0.026631047949194908,0.2413749396800995,5.215246346779168e-06,8.70667918206891e-07,0.009637761861085892,0.00023665856861043721,0.41960978507995605,6.888292409712449e-05,0.30187225341796875
C:\Projects\TM470\data\processed\test\Russula\382_etpGgqzjXAw.jpg,Russula/382_etpGgqzjXAw.jpg,Russula,Lactarius,False,0.8025445342063904,0.0030025000014575,BaselineCNN,test,0.00016897308523766696,0.00048920011613518,5.7831792219076306e-05,0.004474814515560865,0.0019109590211883187,1.167056637996211e-07,0.0006769703468307853,1.4207666026777588e-05,0.8025445342063904,0.18930476903915405,0.00035761919571086764
C:\Projects\TM470\data\processed\test\Russula\391_FoHQbZ-kW6k.jpg,Russula/391_FoHQbZ-kW6k.jpg,Russula,Lactarius,False,0.5260463356971741,0.0026290000096196,BaselineCNN,test,0.4693427085876465,0.0002445681893732399,1.232553920038626e-10,0.0005183630855754018,1.3777285857941024e-05,0.00037928734673187137,0.00020623845921363682,3.7685629195038928e-06,0.5260463356971741,0.003244835650548339,1.6163274096925306e-07
C:\Projects\TM470\data\processed\test\Russula\396_vxteiV8es0s.jpg,Russula/396_vxteiV8es0s.jpg,Russula,Lactarius,False,0.6655592918395996,0.0025923999928636,BaselineCNN,test,0.0016656334046274424,0.032543618232011795,6.507075340778101e-06,0.18350756168365479,0.00013196535292081535,4.5080241761752404e-08,0.007373230066150427,9.36034120968543e-05,0.6655592918395996,0.10700811445713043,0.002110429108142853
C:\Projects\TM470\data\processed\test\Russula\398_0WzJw-BGE1E.jpg,Russula/398_0WzJw-BGE1E.jpg,Russula,Cortinarius,False,0.852006733417511,0.0027226999955018,BaselineCNN,test,0.010000617243349552,0.00012309446174185723,0.00010577114881016314,0.852006733417511,3.3109813557530288e-06,1.2491402401337837e-07,2.858446168829687e-05,0.006263471208512783,0.07093237340450287,0.06041266396641731,0.0001233272341778502
C:\Projects\TM470\data\processed\test\Russula\401_ZfuzzDXFsRU.jpg,Russula/401_ZfuzzDXFsRU.jpg,Russula,Boletus,False,0.34844455122947693,0.0026091000036103,BaselineCNN,test,0.000994731206446886,0.006078124977648258,0.34844455122947693,0.0027241953648626804,0.006728172767907381,9.557541488902643e-05,0.0029286702629178762,0.0035511930473148823,0.30964505672454834,0.1764230877161026,0.14238668978214264
C:\Projects\TM470\data\processed\test\Russula\406_krT07UQMp10.jpg,Russula/406_krT07UQMp10.jpg,Russula,Lactarius,False,0.8580629825592041,0.0029701000021304,BaselineCNN,test,0.051724452525377274,0.0009863945888355374,0.004547933116555214,0.010005820542573929,2.0514258721959777e-05,2.3207701360661304e-06,0.002369403373450041,0.002429323736578226,0.8580629825592041,0.06795741617679596,0.0018934700638055801
C:\Projects\TM470\data\processed\test\Russula\409_BMzCz6qsXNs.jpg,Russula/409_BMzCz6qsXNs.jpg,Russula,Boletus,False,0.35376110672950745,0.0025233999913325,BaselineCNN,test,0.0018304003169760108,0.31625789403915405,0.35376110672950745,0.00665825791656971,0.0010288169141858816,0.024487454444169998,6.939767627045512e-05,0.026076756417751312,0.0060185715556144714,0.2379578799009323,0.025853432714939117
C:\Projects\TM470\data\processed\test\Russula\412_hK_N_vllKHo.jpg,Russula/412_hK_N_vllKHo.jpg,Russula,Russula,True,0.9808274507522583,0.0025768000050447,BaselineCNN,test,1.1789327345468337e-06,0.0005026981816627085,0.00045009239693172276,0.01533165667206049,2.9285527034517145e-06,2.3660545522830034e-08,2.499896800145507e-05,4.6859656777087366e-07,0.0027494935784488916,0.9808274507522583,0.00010914811718976125
C:\Projects\TM470\data\processed\test\Russula\415_UJ1wPsUTn48.jpg,Russula/415_UJ1wPsUTn48.jpg,Russula,Boletus,False,0.34840890765190125,0.0029832000000169,BaselineCNN,test,0.0005401975358836353,0.002794177271425724,0.34840890765190125,0.004244592040777206,0.0004960214137099683,4.585746182783623e-08,0.00012666700058616698,0.000163307020557113,0.3050314486026764,0.2780294418334961,0.06016526743769646
C:\Projects\TM470\data\processed\test\Russula\416_HL5U3TXaTig.jpg,Russula/416_HL5U3TXaTig.jpg,Russula,Russula,True,0.9249387383460999,0.0029467999993357,BaselineCNN,test,0.0007517980993725359,0.014985756948590279,0.007169200107455254,0.0026485712733119726,0.0003230757138226181,7.889223070378648e-07,0.005339434370398521,7.245926826726645e-05,0.0413544587790966,0.9249387383460999,0.0024157396983355284
C:\Projects\TM470\data\processed\test\Russula\421_8j91Sr4g8Kc.jpg,Russula/421_8j91Sr4g8Kc.jpg,Russula,Agaricus,False,0.7219458818435669,0.0055075999989639,BaselineCNN,test,0.7219458818435669,0.012723064050078392,1.8471455476287701e-09,0.1257959008216858,0.016004547476768494,3.7172438169363886e-05,0.007091808598488569,0.032100528478622437,0.007942465133965015,0.07614234834909439,0.00021632105926983058
C:\Projects\TM470\data\processed\test\Russula\426_RHi0dlqqt8o.jpg,Russula/426_RHi0dlqqt8o.jpg,Russula,Inocybe,False,0.7230058908462524,0.0050360000022919,BaselineCNN,test,9.44601051742211e-05,0.001339658978395164,0.02521495893597603,0.0015559002058580518,3.0091574444668368e-05,0.0008699616882950068,0.17137731611728668,0.7230058908462524,0.02631903812289238,3.718231528182514e-05,0.050155527889728546
C:\Projects\TM470\data\processed\test\Russula\427_x9THSIBmhjg.jpg,Russula/427_x9THSIBmhjg.jpg,Russula,Russula,True,0.863372802734375,0.0030021999991731,BaselineCNN,test,0.10925644636154175,0.0036349694710224867,0.0010995537741109729,9.260738443117589e-05,8.624842706694835e-08,6.05117023155799e-08,4.2607757677615155e-06,5.179823574508191e-07,0.022537047043442726,0.863372802734375,1.5820070302652312e-06
C:\Projects\TM470\data\processed\test\Russula\430_DSSYi6MPrgM.jpg,Russula/430_DSSYi6MPrgM.jpg,Russula,Lactarius,False,0.3596525192260742,0.0030173999984981,BaselineCNN,test,0.002101304242387414,0.011986101046204567,0.30815887451171875,0.0012040762230753899,0.030904918909072876,0.0008244921336881816,0.005218186881393194,0.00390247767791152,0.3596525192260742,0.26939213275909424,0.006654912605881691
C:\Projects\TM470\data\processed\test\Russula\431_6aLV-mYubzE.jpg,Russula/431_6aLV-mYubzE.jpg,Russula,Agaricus,False,0.5246858596801758,0.0031082999921636,BaselineCNN,test,0.5246858596801758,0.0001347158249700442,1.865157770453152e-07,0.422206312417984,1.033989610732533e-05,3.3597694937270717e-07,4.2429852328496054e-05,0.00022715472732670605,0.03694050759077072,0.004444660618901253,0.011307562701404095
C:\Projects\TM470\data\processed\test\Russula\437_CT0j4-xyw0U.jpg,Russula/437_CT0j4-xyw0U.jpg,Russula,Cortinarius,False,0.8528397679328918,0.0031002000032458,BaselineCNN,test,2.4321833436147244e-09,0.00035569400642998517,0.06516702473163605,0.8528397679328918,1.916356268338859e-06,1.1056215942772951e-09,0.0005310267442837358,2.3749368693870565e-08,0.005644732154905796,0.07533200085163116,0.00012781047553289682
C:\Projects\TM470\data\processed\test\Russula\439_Qy56g_UefV0.jpg,Russula/439_Qy56g_UefV0.jpg,Russula,Agaricus,False,0.7112279534339905,0.0030169000092428,BaselineCNN,test,0.7112279534339905,0.001084596966393292,2.3505981516791508e-05,1.070023891713845e-08,1.4972219105402473e-05,1.637459438874611e-11,3.1283159396267024e-10,6.523678621306317e-06,0.03853859752416611,0.24910379946231842,1.534148275084135e-08
C:\Projects\TM470\data\processed\test\Russula\441_OLHvhkXV5z4.jpg,Russula/441_OLHvhkXV5z4.jpg,Russula,Russula,True,0.9712543487548828,0.0025634000048739,BaselineCNN,test,1.0235616173304152e-05,0.000122290279250592,7.361849441167578e-08,0.017377514392137527,2.2152353267301805e-06,3.1262461508418937e-09,0.007598645985126495,1.7839625797932968e-05,0.003520658705383539,0.9712543487548828,9.616724128136411e-05
C:\Projects\TM470\data\processed\test\Russula\448_EjNRPvABLWs.jpg,Russula/448_EjNRPvABLWs.jpg,Russula,Russula,True,0.9872811436653137,0.0026442999951541,BaselineCNN,test,6.754385594831547e-06,2.0144516383879818e-05,0.0003385999007150531,0.008256669156253338,7.851336704334244e-06,2.401471306257008e-07,1.9868873835093837e-07,1.2058064839948202e-06,0.0040604425594210625,0.9872811436653137,2.683645288925618e-05
C:\Projects\TM470\data\processed\test\Russula\452_LFlsAAAX9hI.jpg,Russula/452_LFlsAAAX9hI.jpg,Russula,Cortinarius,False,0.5283729434013367,0.002735300004133,BaselineCNN,test,0.012149971909821033,0.00046058985753916204,0.0003235336916986853,0.5283729434013367,0.07300151139497757,0.0010779098374769092,0.005566468462347984,0.2010977864265442,0.03712751716375351,0.11945360153913498,0.021368227899074554
C:\Projects\TM470\data\processed\test\Russula\454_uTMl-t0RwNE.jpg,Russula/454_uTMl-t0RwNE.jpg,Russula,Amanita,False,0.4575142562389374,0.0026070000021718,BaselineCNN,test,0.08578912168741226,0.4575142562389374,0.0870688259601593,0.005858676042407751,0.01872195303440094,2.306371425220277e-05,0.00024068253696896136,0.0015693394234403968,0.2428734302520752,0.06259717792272568,0.03774349018931389
C:\Projects\TM470\data\processed\test\Russula\458_qK1_4b1eE6c.jpg,Russula/458_qK1_4b1eE6c.jpg,Russula,Russula,True,0.9819868803024292,0.0030161000031512,BaselineCNN,test,1.8143397895187263e-08,0.01017541904002428,0.0007214189972728491,0.00025142935919575393,7.500751235056669e-05,1.2086666736910168e-11,0.0024013177026063204,3.656871001567197e-07,6.744283018633723e-05,0.9819868803024292,0.004320793319493532
C:\Projects\TM470\data\processed\test\Russula\462_gCvKxkgbErI.jpg,Russula/462_gCvKxkgbErI.jpg,Russula,Amanita,False,0.7807661890983582,0.0029779000033158,BaselineCNN,test,6.885614567408993e-08,0.7807661890983582,0.033277805894613266,2.7364308152755257e-06,8.784384775140097e-09,7.060114298740316e-11,9.935981779563008e-07,2.7173037153715995e-08,0.0014958505053073168,5.024834308642312e-07,0.18445579707622528
C:\Projects\TM470\data\processed\test\Russula\469_EEz8Pm-LqCM.jpg,Russula/469_EEz8Pm-LqCM.jpg,Russula,Amanita,False,0.4128730595111847,0.003016500006197,BaselineCNN,test,0.27736979722976685,0.4128730595111847,0.0002564777678344399,0.04339239373803139,2.5831661332631484e-05,1.1007261942197477e-11,7.4266590672777966e-06,1.7106729046645341e-06,0.10714986175298691,0.13750755786895752,0.021415768191218376
C:\Projects\TM470\data\processed\test\Russula\473_-0mqqVq-2vk.jpg,Russula/473_-0mqqVq-2vk.jpg,Russula,Agaricus,False,0.8958238959312439,0.0026294999988749,BaselineCNN,test,0.8958238959312439,0.08979473263025284,4.956935299560428e-06,0.001686974079348147,5.4631251259706914e-05,2.0043055428686785e-06,9.23700790735893e-05,0.0013483474031090736,0.009004490450024605,0.0021873172372579575,2.2822000289579591e-07
C:\Projects\TM470\data\processed\test\Russula\476_fuSt9QgGDIk.jpg,Russula/476_fuSt9QgGDIk.jpg,Russula,Boletus,False,0.9176766276359558,0.0025939000042853,BaselineCNN,test,5.656274737475542e-08,5.745762609876692e-05,0.9176766276359558,0.04859330877661705,0.00016846379730850458,1.0107817161042476e-07,0.0011339696357026696,0.00016929194680415094,0.03190302848815918,1.2309637895668857e-06,0.00029647917835973203
C:\Projects\TM470\data\processed\test\Russula\480_74nq3Oj1T0M.jpg,Russula/480_74nq3Oj1T0M.jpg,Russula,Cortinarius,False,0.7239068746566772,0.0042017000087071,BaselineCNN,test,0.00733847776427865,0.08702947944402695,1.7266593204112723e-05,0.7239068746566772,0.00015512187383137643,2.157558333382159e-11,8.989262596514891e-07,7.308302087949414e-07,0.009603793732821941,0.17135396599769592,0.0005934914224781096
C:\Projects\TM470\data\processed\test\Russula\483_iDdkz4PNlOg.jpg,Russula/483_iDdkz4PNlOg.jpg,Russula,Cortinarius,False,0.6573355197906494,0.0029479000077117,BaselineCNN,test,2.8015589847996125e-09,0.0002196371351601556,0.019843433052301407,0.6573355197906494,8.323737810123077e-10,2.1696131002890695e-10,0.12860949337482452,1.6107829878819757e-06,0.07039125263690948,0.12348724156618118,0.00011178869317518547
C:\Projects\TM470\data\processed\test\Russula\490_Y5gzpOreJV8.jpg,Russula/490_Y5gzpOreJV8.jpg,Russula,Russula,True,0.9350224137306213,0.0031080000044312,BaselineCNN,test,0.0013362509198486805,0.0009563256753608584,2.5445689999514798e-08,0.0003244875115342438,0.0006622603978030384,2.5692678540245595e-10,1.715587018225051e-06,1.5265491981608648e-07,0.06168879568576813,0.9350224137306213,7.455774721165653e-06
C:\Projects\TM470\data\processed\test\Russula\494_4l6A9UlJ6HY.jpg,Russula/494_4l6A9UlJ6HY.jpg,Russula,Agaricus,False,0.5485509037971497,0.0025754999951459,BaselineCNN,test,0.5485509037971497,0.02924462966620922,0.035830818116664886,0.0004506826517172158,0.004514212720096111,2.820288955263095e-06,0.0011137835681438446,0.004881839733570814,0.2569772005081177,0.11808308959007263,0.00035003211814910173
C:\Projects\TM470\data\processed\test\Russula\497_hMPS4Vhoqqk.jpg,Russula/497_hMPS4Vhoqqk.jpg,Russula,Cortinarius,False,0.4636562466621399,0.0026373000000603,BaselineCNN,test,3.7181266634433996e-06,0.00023719778982922435,0.012746109627187252,0.4636562466621399,3.620813731686212e-05,9.608067230715278e-09,8.596787665737793e-05,4.906373305857414e-06,0.12678377330303192,0.004429045133292675,0.39201685786247253
C:\Projects\TM470\data\processed\test\Russula\498_iH4yNw872aM.jpg,Russula/498_iH4yNw872aM.jpg,Russula,Russula,True,0.9999996423721313,0.0028811000083805,BaselineCNN,test,2.8463795448234464e-13,1.8285373215576328e-09,3.1797377175735164e-08,1.772543711808794e-08,2.1006352213248647e-09,2.1292543127423257e-14,2.099865142879409e-10,6.56886264133183e-12,3.133584414172219e-07,0.9999996423721313,3.502177063977041e-12
C:\Projects\TM470\data\processed\test\Russula\502_nJw7weRVBlc.jpg,Russula/502_nJw7weRVBlc.jpg,Russula,Russula,True,0.7357302904129028,0.003004799989867,BaselineCNN,test,5.5153777793748304e-06,3.494593329378404e-05,0.012035388499498367,0.06718680262565613,0.00020874744222965091,1.7791609963069277e-08,4.048243863508105e-05,6.714339542668313e-05,0.1845930516719818,0.7357302904129028,9.764081914909184e-05
C:\Projects\TM470\data\processed\test\Russula\511_viHZPnkp9nI.jpg,Russula/511_viHZPnkp9nI.jpg,Russula,Russula,True,0.9779330492019653,0.0029829000122845,BaselineCNN,test,2.4582570404163562e-05,0.004159950185567141,3.737153697613849e-09,0.013276520185172558,0.00010273573570884764,1.7771247584619232e-08,0.003385614138096571,1.983514266612474e-05,0.0010882217902690172,0.9779330492019653,9.385689736518543e-06
C:\Projects\TM470\data\processed\test\Russula\513_e8OAjXau1_g.jpg,Russula/513_e8OAjXau1_g.jpg,Russula,Suillus,False,0.607943594455719,0.0025612999888835,BaselineCNN,test,0.005028962157666683,0.020073769614100456,0.0059622409753501415,0.2684932053089142,0.01964615471661091,1.8536214341224877e-08,0.004956063814461231,0.0001941445516422391,0.0337018258869648,0.03400009498000145,0.607943594455719
C:\Projects\TM470\data\processed\test\Russula\515_-fmv5frqmeQ.jpg,Russula/515_-fmv5frqmeQ.jpg,Russula,Russula,True,0.9558903574943542,0.0026338000025134,BaselineCNN,test,2.758558821369661e-07,0.0009425242897123098,0.000130556189105846,0.037216708064079285,8.919078453573093e-08,8.587707611695805e-08,0.00017597901751287282,5.683186373062199e-06,0.005538357421755791,0.9558903574943542,9.936197602655739e-05
C:\Projects\TM470\data\processed\test\Russula\517_0X-ur3MZ6-g.jpg,Russula/517_0X-ur3MZ6-g.jpg,Russula,Cortinarius,False,0.9262592196464539,0.0026131000049645,BaselineCNN,test,1.2042178241244983e-05,0.00043013226240873337,1.3213057172833942e-06,0.9262592196464539,0.0005662578041665256,2.3258440705831163e-05,0.009391270577907562,0.043735478073358536,0.01755884662270546,2.5481966076768003e-05,0.0019966443069279194
C:\Projects\TM470\data\processed\test\Russula\518_ddwb9zDz0EA.jpg,Russula/518_ddwb9zDz0EA.jpg,Russula,Lactarius,False,0.44097739458084106,0.0029130000039003,BaselineCNN,test,8.896745953279606e-07,0.00033244650694541633,0.19757063686847687,0.29222992062568665,0.006152766291052103,0.06267186999320984,3.78573895432055e-05,8.833658284856938e-07,0.44097739458084106,3.1719557682663435e-06,2.214235246356111e-05
C:\Projects\TM470\data\processed\test\Russula\519_MgcY6NzuGRg.jpg,Russula/519_MgcY6NzuGRg.jpg,Russula,Russula,True,0.9613167643547058,0.0026170000055572,BaselineCNN,test,0.001348026329651475,0.002847576979547739,1.0282480616297107e-05,0.03153607249259949,3.412962541915476e-05,3.287862284651055e-07,8.399651051149704e-06,0.0007197399972938001,0.0004134273622184992,0.9613167643547058,0.0017653661780059338
C:\Projects\TM470\data\processed\test\Russula\519__Yn0OFxI1q4.jpg,Russula/519__Yn0OFxI1q4.jpg,Russula,Russula,True,0.8879066109657288,0.0025549999991199,BaselineCNN,test,0.0034435244742780924,0.001032235100865364,0.07859952747821808,0.006590751465409994,0.0005433430196717381,0.004622081760317087,2.0419647626113147e-05,0.003796312492340803,0.013207362033426762,0.8879066109657288,0.000237769796513021
C:\Projects\TM470\data\processed\test\Russula\521_PoCOMLLE194.jpg,Russula/521_PoCOMLLE194.jpg,Russula,Russula,True,0.4438646137714386,0.0025757999974302,BaselineCNN,test,0.00034329385380260646,0.00040747367893345654,0.07935002446174622,0.02438957989215851,0.003218567231670022,0.03503076732158661,0.00022863490448798984,0.2527806758880615,0.07231678813695908,0.4438646137714386,0.08806965500116348
C:\Projects\TM470\data\processed\test\Russula\522_HB75V6h0zHA.jpg,Russula/522_HB75V6h0zHA.jpg,Russula,Russula,True,0.9251675605773926,0.0025886000075843,BaselineCNN,test,2.0900390609313035e-06,2.6826000976143405e-05,0.0003035307163372636,7.329922664212063e-05,4.278000233171042e-06,1.3358737449564728e-09,2.7589501883085177e-07,5.08185735270672e-07,0.07438777387142181,0.9251675605773926,3.395849125809036e-05
C:\Projects\TM470\data\processed\test\Russula\529_ailR88iHnVk.jpg,Russula/529_ailR88iHnVk.jpg,Russula,Russula,True,0.731768786907196,0.002727600003709,BaselineCNN,test,1.806024920369964e-05,8.85935514816083e-06,0.00021442504657898098,0.0004256129905115813,4.178157553269557e-07,2.615708982744991e-09,0.00030941952718421817,2.1802294725148386e-07,0.26430970430374146,0.731768786907196,0.002944361884146929
C:\Projects\TM470\data\processed\test\Russula\530_0Er0JIn-St8.jpg,Russula/530_0Er0JIn-St8.jpg,Russula,Russula,True,0.6496562361717224,0.0029499000083887,BaselineCNN,test,0.004802793264389038,0.01929294876754284,0.0002330687566427514,0.0012828735634684563,0.00033937054104171693,1.7880511222756468e-05,0.0423063226044178,3.502677282085642e-05,0.2573325037956238,0.6496562361717224,0.024700980633497238
C:\Projects\TM470\data\processed\test\Russula\531_nA8Zxo2h3PI.jpg,Russula/531_nA8Zxo2h3PI.jpg,Russula,Lactarius,False,0.9655972719192505,0.0025849000085145,BaselineCNN,test,8.77697948453715e-06,1.2655168575292919e-05,0.007505369372665882,0.001027979189530015,0.0002377847267780453,9.380574965689448e-07,1.3794569895253517e-05,0.000256802246440202,0.9655972719192505,0.024918045848608017,0.00042057986138388515
C:\Projects\TM470\data\processed\test\Russula\533_HFOAEH-GMI8.jpg,Russula/533_HFOAEH-GMI8.jpg,Russula,Cortinarius,False,0.9831541180610657,0.0029107000009389,BaselineCNN,test,3.64122207940909e-08,0.001953867031261325,0.0008093832293525338,0.9831541180610657,4.149065446767963e-08,1.739931043687193e-08,0.0004273635277058929,6.490889518317999e-06,0.004710584878921509,0.008808616548776627,0.0001296262926189229
C:\Projects\TM470\data\processed\test\Russula\534_qpoLwy-f_Xo.jpg,Russula/534_qpoLwy-f_Xo.jpg,Russula,Russula,True,0.9993773102760315,0.0026695999986259,BaselineCNN,test,1.7383388239977648e-07,3.920154267689213e-05,2.5886342882586177e-06,6.523861520690843e-05,4.501912940213515e-07,2.5401272751857107e-10,5.4212938266573474e-05,2.4225240480291177e-08,0.00043890668894164264,0.9993773102760315,2.1955120246275328e-05
C:\Projects\TM470\data\processed\test\Russula\538_KQ94jYukaKU.jpg,Russula/538_KQ94jYukaKU.jpg,Russula,Amanita,False,0.7900645136833191,0.0025602999958209,BaselineCNN,test,0.022971617057919502,0.7900645136833191,0.062355928122997284,0.0001445248199161142,2.9891339181631338e-06,0.08734187483787537,3.7346064345911145e-05,0.004350793082267046,0.02632749080657959,0.006046743132174015,0.0003561111225280911
C:\Projects\TM470\data\processed\test\Russula\538_tf4RCsz9upY.jpg,Russula/538_tf4RCsz9upY.jpg,Russula,Russula,True,0.4900440275669098,0.0029944999987492,BaselineCNN,test,0.00025510837440378964,0.08181428164243698,0.001756054232828319,0.05287037417292595,0.04529683664441109,3.9989128708839417e-05,0.0004955342155881226,0.0021363687701523304,0.2943290174007416,0.4900440275669098,0.03096235729753971
C:\Projects\TM470\data\processed\test\Russula\548_28oWJjM1dis.jpg,Russula/548_28oWJjM1dis.jpg,Russula,Russula,True,0.38301214575767517,0.0025310000055469,BaselineCNN,test,0.010263040661811829,0.0653543472290039,0.008408591151237488,0.03755879029631615,0.007620254997164011,0.17359821498394012,0.0356459766626358,0.18780076503753662,0.03654623031616211,0.38301214575767517,0.05419157072901726
C:\Projects\TM470\data\processed\test\Russula\551_wGsl1ac6chs.jpg,Russula/551_wGsl1ac6chs.jpg,Russula,Lactarius,False,0.6165590286254883,0.0029235999973025,BaselineCNN,test,0.00019239164248574525,6.311543643278128e-07,0.34239283204078674,0.006039571017026901,0.00011779634951381013,2.4706448442657347e-08,6.913671677466482e-05,0.00047492445446550846,0.6165590286254883,0.0035131243057549,0.030640488490462303
C:\Projects\TM470\data\processed\test\Russula\552_ihVJ4T4Sss8.jpg,Russula/552_ihVJ4T4Sss8.jpg,Russula,Boletus,False,0.6214799880981445,0.002584999994724,BaselineCNN,test,2.640864977365709e-06,2.0133356883889064e-06,0.6214799880981445,4.150106178713031e-06,0.0006857906701043248,1.2098487359515908e-12,1.1467757303762482e-06,1.6014663373198346e-08,0.3733014762401581,0.0024077212437987328,0.0021151266992092133
C:\Projects\TM470\data\processed\test\Russula\555_FEOGSD31AJA.jpg,Russula/555_FEOGSD31AJA.jpg,Russula,Entoloma,False,0.4903479516506195,0.002925699998741,BaselineCNN,test,0.024295642971992493,0.0004372190742287785,0.0045374189503490925,0.0006238596979528666,0.4903479516506195,1.3652095010030507e-09,7.83797149779275e-05,3.249056703680253e-07,0.15273571014404297,0.07936441153287888,0.24757909774780273
C:\Projects\TM470\data\processed\test\Russula\556_ppbtXziu5ZQ.jpg,Russula/556_ppbtXziu5ZQ.jpg,Russula,Russula,True,0.9882127642631531,0.0025698999961605,BaselineCNN,test,9.609412518329918e-05,0.000587130431085825,6.07563470111927e-06,0.003059901064261794,2.0725245121866465e-05,4.825489696713703e-08,0.0011673282133415341,1.6083033187896945e-05,6.84014376020059e-05,0.9882127642631531,0.006765471771359444
C:\Projects\TM470\data\processed\test\Russula\557_QAd1lVBkjXU.jpg,Russula/557_QAd1lVBkjXU.jpg,Russula,Boletus,False,0.6909711956977844,0.0029538000089814,BaselineCNN,test,2.627951971589937e-06,0.00050011818530038,0.6909711956977844,0.0008821080555208027,0.0010484236991032958,4.418156673846596e-10,0.00020223653700668365,0.003038623835891485,0.015694105997681618,0.0038651872891932726,0.28379544615745544
C:\Projects\TM470\data\processed\test\Russula\560_cMc-iWHiAlE.jpg,Russula/560_cMc-iWHiAlE.jpg,Russula,Lactarius,False,0.6385481953620911,0.0025851999962469,BaselineCNN,test,0.04924370348453522,0.12737399339675903,0.07526514679193497,0.004430731292814016,0.0001027170947054401,0.0002425522543489933,1.91249910130864e-05,0.0031959027983248234,0.6385481953620911,0.057386673986911774,0.04419124126434326
C:\Projects\TM470\data\processed\test\Russula\569_JW9oRUfkNN0.jpg,Russula/569_JW9oRUfkNN0.jpg,Russula,Agaricus,False,0.5004590749740601,0.0027911999932257,BaselineCNN,test,0.5004590749740601,0.008054607547819614,0.0013741313014179468,0.043045464903116226,0.00039584055775776505,7.422629551001592e-06,0.07647432386875153,3.688190190587193e-05,0.12527711689472198,0.2351416051387787,0.009733538143336773
C:\Projects\TM470\data\processed\test\Russula\572_yBKxg92PsOQ.jpg,Russula/572_yBKxg92PsOQ.jpg,Russula,Russula,True,0.740509033203125,0.0025733999937074,BaselineCNN,test,1.570219581026322e-07,2.7729125577025115e-05,0.015700891613960266,0.07000803202390671,0.0017588806804269552,3.1490767327113645e-08,3.4523807698860765e-05,9.443766430194955e-06,0.12595072388648987,0.740509033203125,0.04600066691637039
C:\Projects\TM470\data\processed\test\Russula\575_gWC0enFjtPM.jpg,Russula/575_gWC0enFjtPM.jpg,Russula,Lactarius,False,0.4433518946170807,0.0026706000062404,BaselineCNN,test,3.8556618164875545e-06,1.5554626031644148e-07,0.02223276160657406,0.04289809241890907,3.0084230662197342e-09,3.786622979149584e-13,9.673527529230341e-06,1.1183934475411661e-05,0.4433518946170807,0.05592658743262291,0.4355658292770386
C:\Projects\TM470\data\processed\test\Russula\580_ntj_DGdqmvA.jpg,Russula/580_ntj_DGdqmvA.jpg,Russula,Boletus,False,0.8969948291778564,0.0029452000017045,BaselineCNN,test,0.001873241737484932,0.03547089546918869,0.8969948291778564,0.0011801174841821194,1.8654467567102984e-05,1.2132588835811475e-06,0.00030045286985114217,0.0002259121392853558,0.0004219099646434188,0.06344863772392273,6.413357186829671e-05
C:\Projects\TM470\data\processed\test\Russula\588__rRMnuidFcw.jpg,Russula/588__rRMnuidFcw.jpg,Russula,Amanita,False,0.5365225672721863,0.0025362000014865,BaselineCNN,test,0.36854037642478943,0.5365225672721863,3.2922525816658776e-11,0.0007092253072187304,0.028385885059833527,0.0009131361730396748,5.433140540844761e-05,0.05604017153382301,0.008317011408507824,0.0003695393679663539,0.0001477069454267621
C:\Projects\TM470\data\processed\test\Russula\590_uV2vuMobSEM.jpg,Russula/590_uV2vuMobSEM.jpg,Russula,Agaricus,False,0.9020496606826782,0.0029394000011961,BaselineCNN,test,0.9020496606826782,0.0014550548512488604,0.0012191939167678356,0.0005570612847805023,6.206460057001095e-06,9.671709904068848e-07,1.5369239918072708e-05,0.0008370427531190217,0.07946762442588806,0.012039003893733025,0.0023528081364929676
C:\Projects\TM470\data\processed\test\Russula\591_mUNB-xH-tCw.jpg,Russula/591_mUNB-xH-tCw.jpg,Russula,Boletus,False,0.4632284641265869,0.0025893999991239,BaselineCNN,test,0.002565651899203658,0.027826428413391113,0.4632284641265869,0.1958138644695282,0.0006943607586435974,0.0004412161069922149,0.0032236359547823668,0.0018268864369019866,0.145830899477005,0.14339563250541687,0.015152976848185062
C:\Projects\TM470\data\processed\test\Russula\605_KtkMUv-JJ5I.jpg,Russula/605_KtkMUv-JJ5I.jpg,Russula,Russula,True,0.9986172914505005,0.0026863000093726,BaselineCNN,test,1.6677882186399984e-08,3.555699322532746e-06,4.2449720821791104e-11,0.001378457061946392,3.83399282100072e-07,7.966666063820294e-13,4.515255724868439e-09,3.7128311536349656e-09,1.6171303229839395e-07,0.9986172914505005,1.1889100193229751e-07
C:\Projects\TM470\data\processed\test\Russula\608_0aU_jR-I9JA.jpg,Russula/608_0aU_jR-I9JA.jpg,Russula,Russula,True,0.6386407017707825,0.0025585000112187,BaselineCNN,test,0.2267506718635559,0.1035456582903862,2.0374146814106098e-08,0.0021092745009809732,6.542767096107127e-06,3.719633969012648e-05,0.0033294479362666607,0.02254745550453663,0.002841143636032939,0.6386407017707825,0.00019189674640074372
C:\Projects\TM470\data\processed\test\Russula\619_iJOS5fLgNQU.jpg,Russula/619_iJOS5fLgNQU.jpg,Russula,Cortinarius,False,0.6554553508758545,0.0026158999971812,BaselineCNN,test,8.243429329013452e-05,0.0005627130740322173,2.455069761708728e-06,0.6554553508758545,6.6950160544365644e-06,1.039193080032419e-06,4.9204103561351076e-05,7.657736773580837e-07,0.3438035249710083,1.0789406587718986e-05,2.4996710635605268e-05
C:\Projects\TM470\data\processed\test\Russula\624_AB7Ht1J6_Ts.jpg,Russula/624_AB7Ht1J6_Ts.jpg,Russula,Boletus,False,0.5209307670593262,0.0029269999940879,BaselineCNN,test,0.0010376819409430027,0.0014256403082981706,0.5209307670593262,0.01439826749265194,0.0001300937292398885,2.493333113307017e-06,4.352920950623229e-05,9.342147677671164e-05,0.11280647665262222,0.34519848227500916,0.003933129366487265
C:\Projects\TM470\data\processed\test\Russula\635_CzRg4ZH0g3s.jpg,Russula/635_CzRg4ZH0g3s.jpg,Russula,Lactarius,False,0.5615944266319275,0.0026104999997187,BaselineCNN,test,0.0003590855048969388,0.00033370035816915333,0.0003044076729565859,0.14127567410469055,8.048243034863845e-05,7.300400466192514e-05,0.08380413055419922,0.09263567626476288,0.5615944266319275,0.02621373161673546,0.09332574903964996
C:\Projects\TM470\data\processed\test\Russula\650_p3glAsLgTMs.jpg,Russula/650_p3glAsLgTMs.jpg,Russula,Boletus,False,0.41460874676704407,0.0026428999990457,BaselineCNN,test,0.007133417762815952,0.23503485321998596,0.41460874676704407,0.00200338801369071,0.000816304818727076,1.7294476492679678e-05,0.0047390214167535305,0.19466747343540192,0.00041281883022747934,0.14008544385433197,0.00048118922859430313
C:\Projects\TM470\data\processed\test\Russula\667_m3O20kXwdDE.jpg,Russula/667_m3O20kXwdDE.jpg,Russula,Boletus,False,0.858893871307373,0.0041359000024385,BaselineCNN,test,6.461126389467609e-08,1.407962457733447e-07,0.858893871307373,6.655880133621395e-05,5.5695203116101766e-08,1.6880706554811553e-10,0.0015577502781525254,4.5122153236043516e-10,0.0016739259008318186,0.13776490092277527,4.270020508556627e-05
C:\Projects\TM470\data\processed\test\Russula\668_5paJFA7_Ua8.jpg,Russula/668_5paJFA7_Ua8.jpg,Russula,Cortinarius,False,0.9296032786369324,0.0026224999892292,BaselineCNN,test,1.125841026805574e-05,3.5102450056001544e-05,1.1582561455725227e-05,0.9296032786369324,1.77363642706041e-06,4.53010629009043e-10,8.614281250629574e-05,1.1030643690901343e-05,0.0454925037920475,0.023348525166511536,0.001398662687279284
C:\Projects\TM470\data\processed\test\Russula\674_hp6AgJkRPZQ.jpg,Russula/674_hp6AgJkRPZQ.jpg,Russula,Lactarius,False,0.911134660243988,0.0044740000012097,BaselineCNN,test,0.011377941817045212,0.0002780320937745273,0.00015246645489241928,0.04532251134514809,8.609156066086143e-05,2.835740309237167e-09,0.0003683182585518807,1.0706371540436521e-06,0.911134660243988,0.02583043836057186,0.005448444746434689
C:\Projects\TM470\data\processed\test\Russula\681_EsZTIQlfMjc.jpg,Russula/681_EsZTIQlfMjc.jpg,Russula,Inocybe,False,0.9971024394035339,0.0025964999949792,BaselineCNN,test,0.0017495695501565933,0.0008224361808970571,2.382997627137229e-05,9.328397609920103e-09,2.949699096088665e-10,6.36125187156722e-05,3.145056992615025e-10,0.9971024394035339,1.0188927035414963e-07,0.00023781131312716752,1.35899838937803e-07
C:\Projects\TM470\data\processed\test\Russula\689_A6I1XAc367A.jpg,Russula/689_A6I1XAc367A.jpg,Russula,Russula,True,0.9996166229248047,0.0043327000021236,BaselineCNN,test,1.2615096238732804e-06,0.000332388561218977,6.94887073229844e-12,5.780725587101188e-07,1.6002367431156017e-08,1.567298811273624e-16,9.822754165611514e-09,3.0881235069113444e-11,4.917167825624347e-05,0.9996166229248047,5.0835997633669194e-09
C:\Projects\TM470\data\processed\test\Russula\703_Nptow3WB0qw.jpg,Russula/703_Nptow3WB0qw.jpg,Russula,Lactarius,False,0.7413113713264465,0.0026069000014103,BaselineCNN,test,7.866286614444107e-05,3.496443525818904e-07,3.6888422871861337e-10,0.0057657393626868725,4.7004267145212e-09,1.2423216752197042e-13,9.831315765040927e-06,1.8841681992398662e-08,0.7413113713264465,0.24807646870613098,0.00475760642439127
C:\Projects\TM470\data\processed\test\Russula\705_zyUROKt6OHs.jpg,Russula/705_zyUROKt6OHs.jpg,Russula,Lactarius,False,0.8970555663108826,0.0030129999940982,BaselineCNN,test,4.557524135861968e-09,0.00013345848128665239,0.09742267429828644,0.0036151886451989412,3.132033089059405e-05,1.1093743523815647e-06,0.00016277054965030402,3.1144801937443845e-07,0.8970555663108826,4.9369390353604103e-08,0.0015775345964357257
C:\Projects\TM470\data\processed\test\Russula\719_RWQ7F3kVyZ8.jpg,Russula/719_RWQ7F3kVyZ8.jpg,Russula,Lactarius,False,0.5913921594619751,0.007816700002877,BaselineCNN,test,3.475024712429331e-08,1.950878214529439e-08,3.355529187842876e-08,0.4054632782936096,2.9157110059685465e-09,3.044758859706844e-17,4.487576177325536e-07,6.178705325154965e-10,0.5913921594619751,0.0020347193349152803,0.0011093515204265714
C:\Projects\TM470\data\processed\test\Russula\727_GqKz3HCWl0c.jpg,Russula/727_GqKz3HCWl0c.jpg,Russula,Hygrocybe,False,0.8042099475860596,0.0030001999984961,BaselineCNN,test,9.76890235371286e-11,5.113840373383027e-08,0.13583940267562866,0.0006516762659884989,1.215612410732092e-08,1.950677900458553e-12,0.8042099475860596,7.085318998178991e-09,0.008444622159004211,0.05085298791527748,1.2942102785018506e-06
C:\Projects\TM470\data\processed\test\Russula\728_GKNcKK0yCIc.jpg,Russula/728_GKNcKK0yCIc.jpg,Russula,Boletus,False,0.9647378921508789,0.0025094000011449,BaselineCNN,test,4.249142904200198e-08,1.4681948989903049e-09,0.9647378921508789,7.142784852476325e-06,2.0961381608231022e-07,7.510765447082957e-12,0.0014150062343105674,8.575290166845662e-08,0.021556029096245766,4.5221437176223844e-05,0.012238286435604095
C:\Projects\TM470\data\processed\test\Russula\737_CKVsLcd_U7c.jpg,Russula/737_CKVsLcd_U7c.jpg,Russula,Russula,True,0.999464213848114,0.0041752000106498,BaselineCNN,test,0.0001691744982963428,1.595135699972161e-06,1.7693952969466409e-09,1.93252816416134e-07,1.789020279829856e-05,9.06265134551637e-13,2.7654873946403313e-09,2.202855853283836e-08,0.0003469281073193997,0.999464213848114,2.8863412993018756e-08
C:\Projects\TM470\data\processed\test\Russula\738_erZ8MolTf3U.jpg,Russula/738_erZ8MolTf3U.jpg,Russula,Cortinarius,False,0.6015537977218628,0.0037220999947749,BaselineCNN,test,0.015289357863366604,0.00023119848628994077,3.432623429944215e-07,0.6015537977218628,0.0003204889071639627,5.856261964254372e-08,7.207047019619495e-05,3.4403922199999215e-06,0.0069858659990131855,0.37544265389442444,0.00010072649456560612
C:\Projects\TM470\data\processed\test\Russula\756_vp2vfTitRMQ.jpg,Russula/756_vp2vfTitRMQ.jpg,Russula,Russula,True,0.7927995920181274,0.0029590999911306,BaselineCNN,test,0.0017432227032259107,0.0012718891957774758,1.6918296523726895e-06,0.006037156097590923,0.00011042710684705526,2.3735128446000786e-11,0.000206049982807599,3.621129280872992e-07,0.19682833552360535,0.7927995920181274,0.0010012290440499783
C:\Projects\TM470\data\processed\test\Russula\757_iadA7ihhNeQ.jpg,Russula/757_iadA7ihhNeQ.jpg,Russula,Lactarius,False,0.9931222796440125,0.0037857999996049,BaselineCNN,test,0.0010291124926880002,2.1094679425459617e-07,7.138779567483766e-10,0.00018520958838053048,8.130245987558737e-05,1.3413848157228792e-11,1.8035185348708183e-05,1.6675212464178912e-06,0.9931222796440125,0.005560870748013258,1.308249807152606e-06
C:\Projects\TM470\data\processed\test\Russula\761_PoCeQSN4r0Y.jpg,Russula/761_PoCeQSN4r0Y.jpg,Russula,Hygrocybe,False,0.6676182150840759,0.0030832999909762,BaselineCNN,test,3.772846953880053e-15,2.4089780481517664e-07,0.0006552268750965595,2.052968557109125e-05,5.537149558310084e-11,8.082557259894393e-16,0.6676182150840759,3.837696133102142e-11,1.791735485312529e-06,0.3317030668258667,8.929611681196548e-07
C:\Projects\TM470\data\processed\test\Russula\764_Km8WK13K9DM.jpg,Russula/764_Km8WK13K9DM.jpg,Russula,Russula,True,0.9176909923553467,0.0037792999937664,BaselineCNN,test,1.553906372464553e-06,1.3242875240848662e-07,0.01847001537680626,3.2667958294041455e-05,2.3338596832900294e-08,9.377693760415085e-11,1.839103020984112e-07,5.696689186152071e-06,0.06379765272140503,0.9176909923553467,1.0203378906226135e-06
C:\Projects\TM470\data\processed\test\Russula\773_rvHJQsLi9cg.jpg,Russula/773_rvHJQsLi9cg.jpg,Russula,Russula,True,0.886516273021698,0.0028356999973766,BaselineCNN,test,0.0006349463947117329,8.257347508333623e-05,0.10964803397655487,7.295991235878319e-05,4.474344734717306e-07,7.681644653700914e-09,7.195405942184152e-06,1.5936356589918432e-07,0.0030223298817873,0.886516273021698,1.51389031088911e-05
C:\Projects\TM470\data\processed\test\Russula\777_1makiuR24D8.jpg,Russula/777_1makiuR24D8.jpg,Russula,Boletus,False,0.6662214994430542,0.004928700000164,BaselineCNN,test,0.216319739818573,0.10543975234031677,0.6662214994430542,1.2851498354393698e-07,0.0002902733103837818,1.692014888930119e-14,2.0814702850202593e-08,2.6938641539686614e-08,0.0018228442640975118,0.00967476423829794,0.0002309740666532889
C:\Projects\TM470\data\processed\test\Russula\781_6bHC50w-YyU.jpg,Russula/781_6bHC50w-YyU.jpg,Russula,Russula,True,0.8106679320335388,0.0029997999954503,BaselineCNN,test,3.414410754132291e-09,2.035767465713434e-06,0.15755432844161987,2.4158646283467533e-06,9.196973849157075e-09,9.338281016513239e-12,2.3114496627840708e-07,4.9194118424038605e-14,0.031563255935907364,0.8106679320335388,0.00020980615227017552
C:\Projects\TM470\data\processed\test\Russula\789_ZOAABwfjsvE.jpg,Russula/789_ZOAABwfjsvE.jpg,Russula,Lactarius,False,0.7376698851585388,0.0025850000092759,BaselineCNN,test,0.0016433093696832657,4.249077392159961e-05,0.0037346407771110535,0.0004914231249131262,3.4850286283472087e-06,1.669726357178547e-09,8.844864396451158e-09,8.396099815399793e-07,0.7376698851585388,0.25641387701034546,3.275702198379804e-08
C:\Projects\TM470\data\processed\test\Russula\790_XgJL7jUO0n0.jpg,Russula/790_XgJL7jUO0n0.jpg,Russula,Russula,True,0.5237740278244019,0.0045373999892035,BaselineCNN,test,0.12093035876750946,0.2312108278274536,0.0005762707442045212,0.0003705889394041151,9.161852358374745e-05,8.840776899887715e-06,4.851149060414173e-05,0.0073625631630420685,0.11553134769201279,0.5237740278244019,9.504839545115829e-05
C:\Projects\TM470\data\processed\test\Russula\791_bmziJQYOR-0.jpg,Russula/791_bmziJQYOR-0.jpg,Russula,Lactarius,False,0.5786174535751343,0.0040213000029325,BaselineCNN,test,0.017367547377943993,0.2550579011440277,0.054997768253088,0.0036051867064088583,4.806687866221182e-05,0.07500826567411423,1.2545100389615982e-06,0.012406240217387676,0.5786174535751343,0.0007136408239603043,0.0021766528952866793
C:\Projects\TM470\data\processed\test\Suillus\004_LMWP6X0bx7g.jpg,Suillus/004_LMWP6X0bx7g.jpg,Suillus,Russula,False,0.886876106262207,0.0040594000020064,BaselineCNN,test,0.0012791791232302785,5.425201743491925e-05,0.0006855888059362769,0.011465509422123432,2.7257057809038088e-05,2.8626044468182954e-07,0.0007090533617883921,0.0001661500718910247,0.09778308123350143,0.886876106262207,0.0009535379358567297
C:\Projects\TM470\data\processed\test\Suillus\005_4zrEN39EHeU.jpg,Suillus/005_4zrEN39EHeU.jpg,Suillus,Boletus,False,0.3458913266658783,0.0027469000051496,BaselineCNN,test,7.496975740650669e-05,0.15642984211444855,0.3458913266658783,0.09597871452569962,0.0003370143531356007,4.454101144801825e-06,0.0007574096089228988,0.0005663546617142856,0.193655326962471,0.0006786809535697103,0.20562593638896942
C:\Projects\TM470\data\processed\test\Suillus\006_8Su_kJ43Mho.jpg,Suillus/006_8Su_kJ43Mho.jpg,Suillus,Boletus,False,0.49386468529701233,0.0040964999934658,BaselineCNN,test,5.169619043954299e-07,0.0011151281651109457,0.49386468529701233,0.45245832204818726,0.000643220089841634,5.2777279051952064e-05,0.006413274444639683,0.02449020743370056,0.007636046502739191,0.013188967481255531,0.0001368875673506409
C:\Projects\TM470\data\processed\test\Suillus\013_SzBeuYLeWzY.jpg,Suillus/013_SzBeuYLeWzY.jpg,Suillus,Cortinarius,False,0.9963733553886414,0.0044545999990077,BaselineCNN,test,1.663348014879773e-09,1.8492172557671438e-06,4.449523203220451e-06,0.9963733553886414,0.00026016045012511313,5.757152046759195e-11,7.454559636244085e-07,7.645730875083245e-06,0.0002424906415399164,0.003098993794992566,1.0376735190220643e-05
C:\Projects\TM470\data\processed\test\Suillus\020_qW3wRprNQuU.jpg,Suillus/020_qW3wRprNQuU.jpg,Suillus,Amanita,False,0.33075571060180664,0.0042589000076986,BaselineCNN,test,0.0016153516480699182,0.33075571060180664,1.58338516484946e-05,0.017701245844364166,0.004297922365367413,0.000673293718136847,0.28557106852531433,0.05817237123847008,0.033614061772823334,0.0011862723622471094,0.2663968503475189
C:\Projects\TM470\data\processed\test\Suillus\024_b9YCAgUxfLc.jpg,Suillus/024_b9YCAgUxfLc.jpg,Suillus,Lactarius,False,0.9816393852233887,0.002547099997173,BaselineCNN,test,0.005073244217783213,3.076259235967882e-05,0.0006954892887733877,0.005647976882755756,3.829661865406564e-10,9.744504508857332e-11,1.4539908477217978e-07,8.107905159704387e-06,0.9816393852233887,7.455464219674468e-05,0.006830465979874134
C:\Projects\TM470\data\processed\test\Suillus\035_GGH3qG0fqcg.jpg,Suillus/035_GGH3qG0fqcg.jpg,Suillus,Boletus,False,0.280515193939209,0.0038712999958079,BaselineCNN,test,0.007125157862901688,0.03274225816130638,0.280515193939209,0.015205446630716324,0.12683044373989105,0.014474309980869293,0.013116210699081421,0.21729081869125366,0.23813964426517487,0.04301154613494873,0.011548998765647411
C:\Projects\TM470\data\processed\test\Suillus\042_S8g3kuvZPb4.jpg,Suillus/042_S8g3kuvZPb4.jpg,Suillus,Cortinarius,False,0.45088717341423035,0.0037245999992592,BaselineCNN,test,2.287138886458706e-05,1.888231599878054e-05,0.19514881074428558,0.45088717341423035,1.1162234159201034e-06,3.2273357597478736e-11,0.0003329724131617695,8.446203719358891e-05,0.18566551804542542,6.940883031347767e-05,0.16776883602142334
C:\Projects\TM470\data\processed\test\Suillus\053_pR_9bsx0WUU.jpg,Suillus/053_pR_9bsx0WUU.jpg,Suillus,Lactarius,False,0.8548983335494995,0.004622799999197,BaselineCNN,test,5.9772541135316715e-05,0.0003939140005968511,0.0952838584780693,0.0016357532003894448,0.00021242843649815768,1.2381903616187628e-05,0.000803396396804601,0.009055305272340775,0.8548983335494995,0.00011990777420578524,0.03752496466040611
C:\Projects\TM470\data\processed\test\Suillus\057_QjMKHaEMZBI.jpg,Suillus/057_QjMKHaEMZBI.jpg,Suillus,Cortinarius,False,0.6382989883422852,0.0029921999957878,BaselineCNN,test,4.144796434957243e-07,1.8622775314725004e-05,7.40413440780685e-07,0.6382989883422852,1.815167394170203e-07,2.1617745094015817e-10,0.00011229652591282502,2.988911660395388e-07,0.25631141662597656,0.0027019931003451347,0.10255496948957443
C:\Projects\TM470\data\processed\test\Suillus\059_JRPx07CUp9I.jpg,Suillus/059_JRPx07CUp9I.jpg,Suillus,Lactarius,False,0.5880016088485718,0.0036041999992448,BaselineCNN,test,2.7999783469567774e-06,0.0001056594483088702,0.0015909477369859815,0.08691085875034332,0.0001305290061281994,4.474407688803694e-08,0.03506210818886757,0.00019671341578941792,0.5880016088485718,0.01299761701375246,0.27500107884407043
C:\Projects\TM470\data\processed\test\Suillus\060_HFmPuFBK7f4.jpg,Suillus/060_HFmPuFBK7f4.jpg,Suillus,Russula,False,0.969903826713562,0.0045966000034241,BaselineCNN,test,2.8672769047943802e-08,1.1803366817275673e-07,3.7340236303862184e-05,0.006000968161970377,0.023267703130841255,5.159594973491721e-09,0.0001153496268671006,4.0631945012137294e-05,0.0006326126167550683,0.969903826713562,1.447796648790245e-06
C:\Projects\TM470\data\processed\test\Suillus\063_DU3VJmB-I14.jpg,Suillus/063_DU3VJmB-I14.jpg,Suillus,Russula,False,0.8632311820983887,0.0044599999964702,BaselineCNN,test,7.45316768302473e-08,1.9906194665963994e-06,3.6668676330009475e-05,0.11905702203512192,1.5332672774093226e-05,5.845244843705188e-10,0.008520460687577724,2.600597872515209e-05,0.008191979490220547,0.8632311820983887,0.0009193032165057957
C:\Projects\TM470\data\processed\test\Suillus\066_uFngOMLuPrE.jpg,Suillus/066_uFngOMLuPrE.jpg,Suillus,Russula,False,0.8983301520347595,0.0040254999912576,BaselineCNN,test,2.073310133710038e-05,1.2683903150900733e-05,1.6020252360249287e-06,0.018574509769678116,2.985061087201757e-08,1.2397142654663185e-06,8.728812099434435e-05,0.06213309243321419,0.02078455314040184,0.8983301520347595,5.4093550716061145e-05
C:\Projects\TM470\data\processed\test\Suillus\071_pDklNEHcmB8.jpg,Suillus/071_pDklNEHcmB8.jpg,Suillus,Hygrocybe,False,0.6274240016937256,0.0041235000098822,BaselineCNN,test,5.869087971177578e-08,0.0007136603235267103,0.02672029845416546,0.09573831409215927,6.873011493269132e-09,3.264011283476975e-08,0.6274240016937256,0.00014064228162169456,0.01692676916718483,0.00012142971536377445,0.23221486806869507
C:\Projects\TM470\data\processed\test\Suillus\072_qfIXcNPk1eM.jpg,Suillus/072_qfIXcNPk1eM.jpg,Suillus,Inocybe,False,0.854990541934967,0.0025853999977698,BaselineCNN,test,0.0022739465348422527,0.01241140253841877,0.08991298079490662,0.004080022685229778,0.0010535197798162699,0.0003551491245161742,0.0030471396166831255,0.854990541934967,0.013775435276329517,0.0012986426008865237,0.01680123247206211
C:\Projects\TM470\data\processed\test\Suillus\076_eqA9_q6_9JU.jpg,Suillus/076_eqA9_q6_9JU.jpg,Suillus,Cortinarius,False,0.5720948576927185,0.0036381999962031,BaselineCNN,test,5.351960652433263e-09,8.843171173111841e-08,0.009492955170571804,0.5720948576927185,3.267836695686199e-11,8.763653508018595e-18,7.509515853598714e-07,1.290928963726401e-07,0.0012807687744498253,2.7734753530239686e-05,0.4171026945114136
C:\Projects\TM470\data\processed\test\Suillus\103_jpMZm4FpWNQ.jpg,Suillus/103_jpMZm4FpWNQ.jpg,Suillus,Cortinarius,False,0.8539489507675171,0.0029080000094836,BaselineCNN,test,2.7818023795589397e-07,7.83736613811925e-05,0.02112208865582943,0.8539489507675171,2.5403069230378605e-06,8.076038504611915e-09,0.007495990488678217,9.531813702778891e-05,0.08135858923196793,0.010953832417726517,0.02494407631456852
C:\Projects\TM470\data\processed\test\Suillus\105_ywBhq3G8x-g.jpg,Suillus/105_ywBhq3G8x-g.jpg,Suillus,Russula,False,0.7314287424087524,0.0046693999902345,BaselineCNN,test,6.121826299931854e-05,0.1039639413356781,0.01987665891647339,0.02844943292438984,3.182480577379465e-05,6.171490696260662e-08,0.010008124634623528,0.0001451618009014055,0.012166536413133144,0.7314287424087524,0.09386821836233139
C:\Projects\TM470\data\processed\test\Suillus\109_BXGWNC8c4aw.jpg,Suillus/109_BXGWNC8c4aw.jpg,Suillus,Lactarius,False,0.8947796821594238,0.0043961000046692,BaselineCNN,test,2.861790335373371e-06,0.00010143098188564181,0.07562264055013657,6.835805947957851e-07,1.9176650312147103e-06,1.7183852563107394e-08,1.2990186405659188e-05,1.6321709539468543e-09,0.8947796821594238,0.006204518955200911,0.023273281753063202
C:\Projects\TM470\data\processed\test\Suillus\110_GXWZjkiIn3U.jpg,Suillus/110_GXWZjkiIn3U.jpg,Suillus,Suillus,True,0.5217838883399963,0.0028343000012682,BaselineCNN,test,4.352147880126722e-05,4.686124884756282e-05,0.002664577681571245,0.0015356767689809203,3.998601187049644e-06,1.2223942691402812e-10,1.1715166692738421e-05,1.1543562550286879e-07,0.47347915172576904,0.00043050185195170343,0.5217838883399963
C:\Projects\TM470\data\processed\test\Suillus\123_CK6TqHiLN8s.jpg,Suillus/123_CK6TqHiLN8s.jpg,Suillus,Cortinarius,False,0.5435842275619507,0.0025465999933658,BaselineCNN,test,0.3910381495952606,0.0034940605983138084,0.0003734346537385136,0.5435842275619507,0.00016512164438609034,2.9452989380729377e-08,7.624644786119461e-05,0.00022153963800519705,0.01925273798406124,0.031497661024332047,0.010296789929270744
C:\Projects\TM470\data\processed\test\Suillus\124_A3Rr6EGcEuc.jpg,Suillus/124_A3Rr6EGcEuc.jpg,Suillus,Entoloma,False,0.594703197479248,0.0043154000013601,BaselineCNN,test,0.052926670759916306,0.022757474333047867,0.0140778087079525,0.06849168986082077,0.594703197479248,0.00042156351264566183,0.000195355256437324,0.14789091050624847,0.07722871005535126,0.012278381735086441,0.009028187952935696
C:\Projects\TM470\data\processed\test\Suillus\135_jpc6hxtvXcY.jpg,Suillus/135_jpc6hxtvXcY.jpg,Suillus,Boletus,False,0.9731425046920776,0.0043245999986538,BaselineCNN,test,2.1967956342905381e-07,0.006037108600139618,0.9731425046920776,0.02079448290169239,4.070109227427565e-08,1.7126675189160778e-08,3.8671011282076506e-08,7.400612048513722e-06,3.69889994544792e-06,5.3455494253284996e-08,1.4483643099083565e-05
C:\Projects\TM470\data\processed\test\Suillus\140_AElK4TLjpHw.jpg,Suillus/140_AElK4TLjpHw.jpg,Suillus,Boletus,False,0.9691293239593506,0.0026305000064894,BaselineCNN,test,1.0607600415823981e-05,1.3600334568764083e-05,0.9691293239593506,0.0065385508351027966,0.0012193146394565701,4.1158301655741525e-07,2.8129061320214532e-06,0.008972075767815113,0.013280041515827179,0.0008108540787361562,2.2390853700926527e-05
C:\Projects\TM470\data\processed\test\Suillus\143_4I78Lp4NctA.jpg,Suillus/143_4I78Lp4NctA.jpg,Suillus,Inocybe,False,0.8809532523155212,0.0045799000072292,BaselineCNN,test,0.000820387969724834,0.0019300644053146243,0.005415824241936207,0.019856583327054977,4.441838973434642e-05,0.00038232916267588735,0.07882780581712723,0.8809532523155212,0.0033102035522460938,6.805459997849539e-05,0.008391104638576508
C:\Projects\TM470\data\processed\test\Suillus\150_jLg9QQo1nOg.jpg,Suillus/150_jLg9QQo1nOg.jpg,Suillus,Lactarius,False,0.5566507577896118,0.0026223000022582,BaselineCNN,test,0.0005056533846072853,0.11205050349235535,0.0012835166417062283,0.002083747647702694,0.002862850669771433,2.5933775960051975e-11,0.0005582652520388365,1.124842219724087e-05,0.5566507577896118,0.12088519334793091,0.20310819149017334
C:\Projects\TM470\data\processed\test\Suillus\152_uGhPmWPTFe8.jpg,Suillus/152_uGhPmWPTFe8.jpg,Suillus,Cortinarius,False,0.9149532318115234,0.0042103000014321,BaselineCNN,test,0.02410554699599743,0.01450247410684824,0.0011427522404119372,0.9149532318115234,8.383607905670942e-07,5.341571096550979e-08,5.279833814597623e-08,0.0008512979838997126,0.02843000367283821,0.0001621857372811064,0.01585160754621029
C:\Projects\TM470\data\processed\test\Suillus\153_iWtEXcs9CUw.jpg,Suillus/153_iWtEXcs9CUw.jpg,Suillus,Russula,False,0.5010006427764893,0.0026300999888917,BaselineCNN,test,0.11595754325389862,0.0006994057912379503,0.009909583255648613,0.0013219221727922559,0.00046746578300371766,8.67025664774701e-06,1.3456704436975997e-05,1.152905861090403e-05,0.368723601102829,0.5010006427764893,0.0018861917778849602
C:\Projects\TM470\data\processed\test\Suillus\159_8OhWm5aBdYo.jpg,Suillus/159_8OhWm5aBdYo.jpg,Suillus,Suillus,True,0.8167343139648438,0.0042219000024488,BaselineCNN,test,7.893662404967472e-05,0.04036378115415573,0.02534182369709015,1.600309929017385e-06,0.00018121249740943313,6.871722635359845e-11,7.120265945559368e-05,2.704749704207643e-07,0.07982724159955978,0.037399545311927795,0.8167343139648438
C:\Projects\TM470\data\processed\test\Suillus\174_G_tZXZc2BS8.jpg,Suillus/174_G_tZXZc2BS8.jpg,Suillus,Lactarius,False,0.9034726619720459,0.0033026000019162,BaselineCNN,test,0.08610212802886963,5.034273272030987e-05,5.1267688832012936e-05,2.9369974072324112e-05,0.005623750388622284,0.0001509028661530465,5.93126897001639e-05,0.0020298282615840435,0.9034726619720459,5.434197373688221e-05,0.002376155462116003
C:\Projects\TM470\data\processed\test\Suillus\186_Zx-rs9g1O2M.jpg,Suillus/186_Zx-rs9g1O2M.jpg,Suillus,Entoloma,False,0.7197045087814331,0.0029666000045835,BaselineCNN,test,6.638822469540173e-08,3.73635089090385e-06,0.19633573293685913,0.041670285165309906,0.7197045087814331,1.3313825597549567e-09,0.0018920843722298741,0.010034817270934582,0.010123181156814098,8.513003194821067e-06,0.02022707276046276
C:\Projects\TM470\data\processed\test\Suillus\187_rbfGR0jzf1M.jpg,Suillus/187_rbfGR0jzf1M.jpg,Suillus,Cortinarius,False,0.9113571643829346,0.0032659999997122,BaselineCNN,test,1.2162568964413367e-05,0.00013452667917590588,5.9561814850894734e-05,0.9113571643829346,8.83034545040573e-07,4.028332334371498e-09,0.0002381221274845302,0.00018239357450511307,0.053857576102018356,0.00040549226105213165,0.03375209867954254
C:\Projects\TM470\data\processed\test\Suillus\195_4bcpABEJmZ0.jpg,Suillus/195_4bcpABEJmZ0.jpg,Suillus,Cortinarius,False,0.5320211052894592,0.00282189999416,BaselineCNN,test,3.5455168472253717e-06,0.00010905406816164032,0.011525009758770466,0.5320211052894592,0.4389320909976959,1.4397469385585282e-06,0.0030183661729097366,0.00019611029711086303,0.0006505736382678151,0.00024108236539177597,0.013301631435751915
C:\Projects\TM470\data\processed\test\Suillus\197_0xmjWv0BbOU.jpg,Suillus/197_0xmjWv0BbOU.jpg,Suillus,Lactarius,False,0.8026075959205627,0.0030556999990949,BaselineCNN,test,7.272834001703643e-10,7.863280916353688e-05,0.018519574776291847,0.0016006168443709612,1.3131934650800758e-08,1.97640775273511e-12,0.000623919244389981,7.481055774860579e-08,0.8026075959205627,7.477871986338869e-05,0.17649488151073456
C:\Projects\TM470\data\processed\test\Suillus\209_7dBOxsmYgEg.jpg,Suillus/209_7dBOxsmYgEg.jpg,Suillus,Suillus,True,0.7941568493843079,0.0051623999897856,BaselineCNN,test,4.029813499073498e-05,0.00038861800567246974,0.09392501413822174,0.10553433001041412,0.00011022725084330887,1.5097970651467563e-09,0.0008079801918938756,2.3369149857899174e-05,0.004926161840558052,8.707826782483608e-05,0.7941568493843079
C:\Projects\TM470\data\processed\test\Suillus\217_ZAXchPHjhcE.jpg,Suillus/217_ZAXchPHjhcE.jpg,Suillus,Suillus,True,0.7452343702316284,0.0029155999945942,BaselineCNN,test,2.118084012181498e-05,2.862422888938454e-06,0.0018616303568705916,0.02823473885655403,7.328204083023593e-05,2.511483798706138e-10,0.00018133535922970623,2.2191023163031787e-05,0.1712394654750824,0.053128983825445175,0.7452343702316284
C:\Projects\TM470\data\processed\test\Suillus\228_LjjB-u2A1pU.jpg,Suillus/228_LjjB-u2A1pU.jpg,Suillus,Lactarius,False,0.5253174901008606,0.0053336000128183,BaselineCNN,test,0.0003323203418403864,0.012094670906662941,0.0983453243970871,0.08558642864227295,0.0009450327488593757,0.0004000555200036615,0.18112917244434357,0.0022286330349743366,0.5253174901008606,0.0019265158334746957,0.09169434010982513
C:\Projects\TM470\data\processed\test\Suillus\239_pLvnF05ewak.jpg,Suillus/239_pLvnF05ewak.jpg,Suillus,Boletus,False,0.9977128505706787,0.0041252999944845,BaselineCNN,test,4.2529384813860815e-07,0.0013975105248391628,0.9977128505706787,3.7959369365125895e-05,5.4047263802203815e-06,2.787568337225821e-05,2.015008071509783e-08,0.0006738476804457605,4.306897608330473e-05,7.808242662576959e-05,2.2995895051280968e-05
C:\Projects\TM470\data\processed\test\Suillus\246_dDYtt6MpmiI.jpg,Suillus/246_dDYtt6MpmiI.jpg,Suillus,Boletus,False,0.9150101542472839,0.0045110999926691,BaselineCNN,test,0.00010639952961355448,0.005202454514801502,0.9150101542472839,0.005807813722640276,0.001900554052554071,4.7280829562623694e-07,0.0023920931853353977,0.0017437119968235493,0.011281488463282585,0.0005766481044702232,0.05597827583551407
C:\Projects\TM470\data\processed\test\Suillus\255_9-ELp1gnP9Q.jpg,Suillus/255_9-ELp1gnP9Q.jpg,Suillus,Lactarius,False,0.9042149186134338,0.0047287000052165,BaselineCNN,test,0.006305078975856304,0.0004737385315820575,0.014202671125531197,0.00836020428687334,0.00010589887824608013,4.061581080350152e-07,5.05590787724941e-06,0.0006401316495612264,0.9042149186134338,0.04826204478740692,0.017429865896701813
C:\Projects\TM470\data\processed\test\Suillus\286_3SyGqemn_aQ.jpg,Suillus/286_3SyGqemn_aQ.jpg,Suillus,Hygrocybe,False,0.7611979246139526,0.0028343000012682,BaselineCNN,test,0.00014129068586044014,0.0024009395856410265,0.005508490838110447,0.0077030248939991,0.0004839538305532187,8.240260285674594e-06,0.7611979246139526,0.0033095262479037046,0.1647331267595291,0.04168589413166046,0.012827659957110882
C:\Projects\TM470\data\processed\test\Suillus\287_uBlS4Qgx1HQ.jpg,Suillus/287_uBlS4Qgx1HQ.jpg,Suillus,Lactarius,False,0.999855637550354,0.0028149999998277,BaselineCNN,test,2.276206068074771e-08,6.328348067796696e-09,1.3188348930270877e-05,8.465770952170715e-05,1.0418161764391698e-06,1.5442347658643795e-16,3.5168055134704446e-09,2.5377575041396483e-11,0.999855637550354,2.9541160984081216e-05,1.5940457160468213e-05
C:\Projects\TM470\data\processed\test\Suillus\289_BYUT_xNeNAg.jpg,Suillus/289_BYUT_xNeNAg.jpg,Suillus,Lactarius,False,0.7385014295578003,0.0031123000080697,BaselineCNN,test,8.725679072085768e-05,0.021513763815164566,0.06475173681974411,0.008028590120375156,4.4230600337868964e-07,2.895950666770286e-11,1.956251338697257e-07,0.0002787134435493499,0.7385014295578003,0.0005007633590139449,0.16633714735507965
C:\Projects\TM470\data\processed\test\Suillus\293_zL8A0olEfaA.jpg,Suillus/293_zL8A0olEfaA.jpg,Suillus,Lactarius,False,0.9990264177322388,0.0044482999946922,BaselineCNN,test,1.4846592932826752e-07,2.9347458507800184e-07,0.0009089547675102949,9.118137313635089e-06,2.8213922632858157e-05,3.9562382880831137e-07,1.3464459769352288e-08,2.482221316313371e-05,0.9990264177322388,1.1386899814169738e-06,5.390092496782017e-07
C:\Projects\TM470\data\processed\test\Suillus\294_BX6ekzpPLto.jpg,Suillus/294_BX6ekzpPLto.jpg,Suillus,Cortinarius,False,0.811713457107544,0.0040537000022595,BaselineCNN,test,7.679579721298069e-05,6.7743849285761826e-06,3.273806214565411e-05,0.811713457107544,8.718026833776094e-07,3.7854630363653996e-07,0.001388614997267723,0.011454397812485695,0.08133864402770996,4.989402100363804e-07,0.09398682415485382
C:\Projects\TM470\data\processed\test\Suillus\302_C8yj39nTbnM.jpg,Suillus/302_C8yj39nTbnM.jpg,Suillus,Cortinarius,False,0.650719165802002,0.0046100000035949,BaselineCNN,test,1.72193340404192e-05,0.01835140585899353,0.14179769158363342,0.650719165802002,0.0001528442808194086,2.129100948877749e-06,0.014149768278002739,0.10665855556726456,0.05847730115056038,0.0014992724172770977,0.0081746531650424
C:\Projects\TM470\data\processed\test\Suillus\324_nslhbQyQ1Gk.jpg,Suillus/324_nslhbQyQ1Gk.jpg,Suillus,Boletus,False,0.9918016791343689,0.0040552999998908,BaselineCNN,test,9.490692676195067e-10,1.5885865067843952e-08,0.9918016791343689,0.0003749164752662182,1.2377747715675014e-09,3.1988802340517097e-13,0.0009086751961149275,8.378146176823975e-09,0.0025070621632039547,1.8488525199700234e-07,0.004407286178320646
