image_path,relative_image_path,true_label,predicted_label,correct,confidence,inference_time_sec,model_name,split,prob_Agaricus,prob_Amanita,prob_Boletus,prob_Cortinarius,prob_Entoloma,prob_Exidia,prob_Hygrocybe,prob_Inocybe,prob_Lactarius,prob_Russula,prob_Suillus
C:\Projects\TM470\data\processed\test\Agaricus\003_4AurAO4Jil8.jpg,Agaricus/003_4AurAO4Jil8.jpg,Agaricus,Amanita,False,0.5293676257133484,0.0380550000008952,MobileNetV2,test,0.017997201532125473,0.5293676257133484,0.2881186902523041,0.002436339156702161,0.0011436602799221873,9.164314542431384e-05,0.0017911799950525165,0.0010567927965894341,0.0626644566655159,0.09345965832471848,0.001872722408734262
C:\Projects\TM470\data\processed\test\Agaricus\014_DU4RE5bim5A.jpg,Agaricus/014_DU4RE5bim5A.jpg,Agaricus,Lactarius,False,0.3687099516391754,0.0069682000012107,MobileNetV2,test,0.12050144374370575,0.04145180433988571,0.03776302561163902,0.08664762228727341,0.032783377915620804,0.043495018035173416,0.006373908836394548,0.047657791525125504,0.3687099516391754,0.20718547701835632,0.00743057718500495
C:\Projects\TM470\data\processed\test\Agaricus\016_qNYODERZEms.jpg,Agaricus/016_qNYODERZEms.jpg,Agaricus,Agaricus,True,0.423027902841568,0.007987699998921,MobileNetV2,test,0.423027902841568,0.27727413177490234,0.04097301885485649,0.031081760302186012,0.02129528671503067,4.880624692304991e-05,0.002526942640542984,0.00020608831255231053,0.1348615437746048,0.06515242159366608,0.003552014008164406
C:\Projects\TM470\data\processed\test\Agaricus\019_aaTsKm7exKE.jpg,Agaricus/019_aaTsKm7exKE.jpg,Agaricus,Boletus,False,0.4285537004470825,0.0082581999995454,MobileNetV2,test,0.04063168540596962,0.15036125481128693,0.4285537004470825,0.06346554309129715,0.01958625577390194,0.005509544163942337,0.0064993673004209995,0.002468344522640109,0.22272390127182007,0.05753929913043976,0.0026610989589244127
C:\Projects\TM470\data\processed\test\Agaricus\020_vZJfrjIwmqU.jpg,Agaricus/020_vZJfrjIwmqU.jpg,Agaricus,Lactarius,False,0.20655328035354614,0.0082310999987385,MobileNetV2,test,0.148863285779953,0.11513189971446991,0.06546279788017273,0.1632518768310547,0.008192496374249458,0.04641832783818245,0.03639165312051773,0.06657657772302628,0.20655328035354614,0.0884224995970726,0.05473526939749718
C:\Projects\TM470\data\processed\test\Agaricus\029_ZksYQQBGVIg.jpg,Agaricus/029_ZksYQQBGVIg.jpg,Agaricus,Amanita,False,0.5063132047653198,0.0077256999993551,MobileNetV2,test,0.16813336312770844,0.5063132047653198,0.026699727401137352,0.08720745891332626,0.0036766871344298124,1.8981074390467256e-05,0.0029113548807799816,0.000721532036550343,0.04022415727376938,0.16161267459392548,0.002480897819623351
C:\Projects\TM470\data\processed\test\Agaricus\048_iC9glWRw_EM.jpg,Agaricus/048_iC9glWRw_EM.jpg,Agaricus,Amanita,False,0.4811836779117584,0.007656699999643,MobileNetV2,test,0.40455275774002075,0.4811836779117584,0.02972194366157055,0.048241026699543,0.00208050524815917,5.4806663683848456e-05,0.0005790656432509422,0.0004360699385870248,0.017311790958046913,0.014675650745630264,0.0011626656632870436
C:\Projects\TM470\data\processed\test\Agaricus\052_z7PpmpKIPU4.jpg,Agaricus/052_z7PpmpKIPU4.jpg,Agaricus,Amanita,False,0.6353983283042908,0.0073255000006611,MobileNetV2,test,0.12480910122394562,0.6353983283042908,0.013534524478018284,0.002006427152082324,0.0007695644162595272,1.0878616194531787e-05,0.002544788643717766,0.0004005385562777519,0.06410147994756699,0.1552632749080658,0.0011610909132286906
C:\Projects\TM470\data\processed\test\Agaricus\055_Cggc3hvlPfg.jpg,Agaricus/055_Cggc3hvlPfg.jpg,Agaricus,Agaricus,True,0.44301876425743103,0.007695500000409,MobileNetV2,test,0.44301876425743103,0.1700861006975174,0.2276541292667389,0.07332415133714676,0.0006047259666956961,9.057227725861594e-05,0.0006297199288383126,0.0013815609272569418,0.06934183090925217,0.010836366564035416,0.0030320154037326574
C:\Projects\TM470\data\processed\test\Agaricus\057_n1EFvW3JrYo.jpg,Agaricus/057_n1EFvW3JrYo.jpg,Agaricus,Exidia,False,0.29063132405281067,0.0078972000010253,MobileNetV2,test,0.03349464014172554,0.006831501144915819,0.03576742485165596,0.11277786642313004,0.0007196408114396036,0.29063132405281067,0.0014984920853748918,0.2363179624080658,0.20656171441078186,0.06986092031002045,0.005538539495319128
C:\Projects\TM470\data\processed\test\Agaricus\063_Fa4IMCTXq04.jpg,Agaricus/063_Fa4IMCTXq04.jpg,Agaricus,Boletus,False,0.3370867371559143,0.0075921999996353,MobileNetV2,test,0.12039739638566971,0.1398221254348755,0.3370867371559143,0.08456722646951675,0.00023153857910074294,2.620836312416941e-05,0.0008457198855467141,0.0016104582464322448,0.0435553677380085,0.2684439420700073,0.0034132476430386305
C:\Projects\TM470\data\processed\test\Agaricus\069_W-jISbXJon8.jpg,Agaricus/069_W-jISbXJon8.jpg,Agaricus,Russula,False,0.36949682235717773,0.0078658000002178,MobileNetV2,test,0.06411934643983841,0.34339582920074463,0.01655304618179798,0.0666833445429802,0.004179446958005428,0.0012599594192579389,0.0011240711901336908,0.10409431904554367,0.02638435550034046,0.36949682235717773,0.0027095205150544643
C:\Projects\TM470\data\processed\test\Agaricus\075_osC0agHm9UY.jpg,Agaricus/075_osC0agHm9UY.jpg,Agaricus,Russula,False,0.5286914706230164,0.008052499999394,MobileNetV2,test,0.18050096929073334,0.022895129397511482,0.05568747967481613,0.04961596056818962,0.0005290336557663977,6.446442421292886e-05,0.0005067362799309194,0.016828037798404694,0.139329731464386,0.5286914706230164,0.005351003259420395
C:\Projects\TM470\data\processed\test\Agaricus\083_mx9HfmWGwWo.jpg,Agaricus/083_mx9HfmWGwWo.jpg,Agaricus,Cortinarius,False,0.3610973656177521,0.0074530000001686,MobileNetV2,test,0.290201336145401,0.034943923354148865,0.008515308611094952,0.3610973656177521,0.028742743656039238,0.00028485606890171766,0.002676920732483268,0.07100479304790497,0.0561552494764328,0.138238325715065,0.008139212615787983
C:\Projects\TM470\data\processed\test\Agaricus\091_3BEGnmvAiRw.jpg,Agaricus/091_3BEGnmvAiRw.jpg,Agaricus,Exidia,False,0.3844909071922302,0.0070220000015979,MobileNetV2,test,0.044557422399520874,0.05322745442390442,0.011979551985859871,0.052916791290044785,0.029734177514910698,0.3844909071922302,0.011323184706270695,0.19490477442741394,0.10987970978021622,0.09841032326221466,0.008575760759413242
C:\Projects\TM470\data\processed\test\Agaricus\093_Bz-kiIMN6EA.jpg,Agaricus/093_Bz-kiIMN6EA.jpg,Agaricus,Lactarius,False,0.29808884859085083,0.0071860999996715,MobileNetV2,test,0.1875118762254715,0.21941019594669342,0.08337955176830292,0.05698558688163757,0.011426810175180435,0.006682317238301039,0.01607571914792061,0.0159593652933836,0.29808884859085083,0.07713020592927933,0.02734948880970478
C:\Projects\TM470\data\processed\test\Agaricus\115_Jd1nw0g-Z5c.jpg,Agaricus/115_Jd1nw0g-Z5c.jpg,Agaricus,Lactarius,False,0.7006580829620361,0.0069261000007827,MobileNetV2,test,0.006911201868206263,0.0051586139015853405,0.005403283517807722,0.08048398047685623,0.0017138003604486585,1.082355356629705e-05,0.0171742495149374,0.024537067860364914,0.7006580829620361,0.06660089641809464,0.09134795516729355
C:\Projects\TM470\data\processed\test\Agaricus\127_5z4-vDJFDS8.jpg,Agaricus/127_5z4-vDJFDS8.jpg,Agaricus,Amanita,False,0.7263410091400146,0.0068718999991688,MobileNetV2,test,0.06663256883621216,0.7263410091400146,0.00949464924633503,0.006519994232803583,0.001076297601684928,3.023704448423814e-05,0.003009320702403784,0.00047027115942910314,0.04756917431950569,0.13776910305023193,0.0010874430881813169
C:\Projects\TM470\data\processed\test\Agaricus\128_iITC2t8k-ao.jpg,Agaricus/128_iITC2t8k-ao.jpg,Agaricus,Boletus,False,0.8959839940071106,0.006896200000483,MobileNetV2,test,0.00347253680229187,0.0654297024011612,0.8959839940071106,0.0010911102872341871,8.019986125873402e-06,5.854659548276686e-07,2.85057849396253e-05,5.392257207859075e-06,0.0069151078350842,0.026914583519101143,0.0001504435349488631
C:\Projects\TM470\data\processed\test\Agaricus\129_E1FD01dZMiw.jpg,Agaricus/129_E1FD01dZMiw.jpg,Agaricus,Boletus,False,0.40740472078323364,0.0070102999998198,MobileNetV2,test,0.0008157881675288081,0.0004033127333968878,0.40740472078323364,0.1281282752752304,7.735364488326013e-05,6.415945819071567e-08,0.0002244449278805405,0.0006746258004568517,0.12239165604114532,0.28622967004776,0.0536501407623291
C:\Projects\TM470\data\processed\test\Agaricus\131_YrsaHYXAieo.jpg,Agaricus/131_YrsaHYXAieo.jpg,Agaricus,Agaricus,True,0.7563754320144653,0.0070395000002463,MobileNetV2,test,0.7563754320144653,0.02799946628510952,0.004901866428554058,0.1439782828092575,0.0010689953342080116,4.419941615196876e-05,0.0008168176282197237,0.03624501824378967,0.012426340952515602,0.012254320085048676,0.0038891967851668596
C:\Projects\TM470\data\processed\test\Agaricus\141_099PmS-9Xww.jpg,Agaricus/141_099PmS-9Xww.jpg,Agaricus,Boletus,False,0.266547292470932,0.0067051999994873,MobileNetV2,test,0.13808491826057434,0.2541373074054718,0.266547292470932,0.1537391096353531,0.0008254150743596256,1.3906753338233102e-05,0.0009574781870469451,0.0012093730038031936,0.0434553325176239,0.13042238354682922,0.010607455857098103
C:\Projects\TM470\data\processed\test\Agaricus\147_eDN4yYIkeAs.jpg,Agaricus/147_eDN4yYIkeAs.jpg,Agaricus,Agaricus,True,0.610239565372467,0.0082048999993276,MobileNetV2,test,0.610239565372467,0.18692871928215027,0.0008613881655037403,0.13800273835659027,0.002688129898160696,0.00042569503420963883,0.0009112347033806145,0.022121896967291832,0.006258946377784014,0.02967134304344654,0.0018904005410149693
C:\Projects\TM470\data\processed\test\Agaricus\162_19HDdc3YjRs.jpg,Agaricus/162_19HDdc3YjRs.jpg,Agaricus,Russula,False,0.8707723617553711,0.0071169000002555,MobileNetV2,test,1.2763910490320995e-05,3.878992720274255e-05,0.06844714283943176,0.00642419746145606,2.1521525468415348e-06,5.438917227706952e-08,6.304139242274687e-05,5.20914800290484e-05,0.04327280819416046,0.8707723617553711,0.010914570651948452
C:\Projects\TM470\data\processed\test\Agaricus\169_qqgFJZ8Zt4g.jpg,Agaricus/169_qqgFJZ8Zt4g.jpg,Agaricus,Cortinarius,False,0.290290892124176,0.0093261000001803,MobileNetV2,test,0.26219990849494934,0.2831554710865021,0.11187411844730377,0.290290892124176,0.0011403814423829317,0.00010266422759741545,0.00025259554968215525,0.00176494219340384,0.01893390342593193,0.02525833062827587,0.005026763770729303
C:\Projects\TM470\data\processed\test\Agaricus\171_wN-s2yo8YTs.jpg,Agaricus/171_wN-s2yo8YTs.jpg,Agaricus,Amanita,False,0.824080765247345,0.0069284000001061,MobileNetV2,test,0.10929229855537415,0.824080765247345,0.022385012358427048,0.018242530524730682,0.0003207348636351526,9.71391491475515e-05,0.00016034503642003983,0.0016836811555549502,0.007068776525557041,0.0159233957529068,0.0007452847785316408
C:\Projects\TM470\data\processed\test\Agaricus\179_jfF8TJ9ZlvU.jpg,Agaricus/179_jfF8TJ9ZlvU.jpg,Agaricus,Lactarius,False,0.3261096775531769,0.0068948000007367,MobileNetV2,test,0.061561595648527145,0.033621251583099365,0.03179774433374405,0.24214482307434082,0.09265192598104477,0.029205773025751114,0.02586538903415203,0.10723468661308289,0.3261096775531769,0.03051736392080784,0.019289737567305565
C:\Projects\TM470\data\processed\test\Agaricus\206_W3JvSvV8oF8.jpg,Agaricus/206_W3JvSvV8oF8.jpg,Agaricus,Boletus,False,0.5589650869369507,0.0071504000006825,MobileNetV2,test,0.0037152967415750027,0.12407022714614868,0.5589650869369507,0.020330505445599556,0.000250082288403064,9.538171980238985e-06,0.0002749339328147471,0.0011457351502031088,0.008693191222846508,0.27868521213531494,0.003860190976411104
C:\Projects\TM470\data\processed\test\Agaricus\211_2k-2vImOD5g.jpg,Agaricus/211_2k-2vImOD5g.jpg,Agaricus,Amanita,False,0.5087879300117493,0.0070293999997375,MobileNetV2,test,0.018071182072162628,0.5087879300117493,0.024124976247549057,0.010881965048611164,0.005569902714341879,0.009221990592777729,0.05990958586335182,0.049045708030462265,0.18156294524669647,0.12126198410987854,0.011561799794435501
C:\Projects\TM470\data\processed\test\Agaricus\213_o8ynZBRKBSE.jpg,Agaricus/213_o8ynZBRKBSE.jpg,Agaricus,Hygrocybe,False,0.7287309169769287,0.0069077000007382,MobileNetV2,test,0.0005683776107616723,0.015594464726746082,0.047993987798690796,0.09087011218070984,0.0009201361681334674,0.02789623662829399,0.7287309169769287,0.007133864797651768,0.05353318899869919,0.008527164347469807,0.018231503665447235
C:\Projects\TM470\data\processed\test\Agaricus\226_0du5e8k_cCA.jpg,Agaricus/226_0du5e8k_cCA.jpg,Agaricus,Cortinarius,False,0.44608181715011597,0.00691580000057,MobileNetV2,test,0.2921169400215149,0.15001492202281952,0.0009149203542619944,0.44608181715011597,0.0006660622311756015,1.0315267218174995e-06,0.00010279670095769688,0.014316147193312645,0.0012723196996375918,0.09155304729938507,0.002959970384836197
C:\Projects\TM470\data\processed\test\Agaricus\228_2SjHadDRW6o.jpg,Agaricus/228_2SjHadDRW6o.jpg,Agaricus,Amanita,False,0.8611293435096741,0.0074357000012241,MobileNetV2,test,0.010953884571790695,0.8611293435096741,0.063912533223629,0.002502853749319911,0.0008393113384954631,0.00042022456182166934,0.0005943724536336958,0.0026247960049659014,0.011875280179083347,0.04478901997208595,0.0003584122459869832
C:\Projects\TM470\data\processed\test\Agaricus\237_y2JGdND-zxI.jpg,Agaricus/237_y2JGdND-zxI.jpg,Agaricus,Boletus,False,0.7778467535972595,0.0075617000002239,MobileNetV2,test,0.0023909888695925474,0.00883640255779028,0.7778467535972595,0.00655103474855423,3.0270766728790477e-05,2.316170508720461e-07,9.011328802444041e-05,5.0670987548073754e-05,0.013683314435184002,0.18774525821208954,0.0027749277651309967
C:\Projects\TM470\data\processed\test\Agaricus\238_I1p90MwfEEw.jpg,Agaricus/238_I1p90MwfEEw.jpg,Agaricus,Boletus,False,0.5730462670326233,0.0074733000001288,MobileNetV2,test,0.2573002278804779,0.04535958170890808,0.5730462670326233,0.1049264594912529,1.880400668596849e-05,1.215093107020948e-06,4.2515461245784536e-05,0.00015522823377978057,0.0069941864348948,0.01063421182334423,0.0015213541919365525
C:\Projects\TM470\data\processed\test\Agaricus\270_Js1q2S-fR_Y.jpg,Agaricus/270_Js1q2S-fR_Y.jpg,Agaricus,Russula,False,0.3174588978290558,0.0082726999989972,MobileNetV2,test,0.2983960211277008,0.14576396346092224,0.02442285604774952,0.012323018163442612,0.001734452205710113,5.5336509831249714e-05,0.0038423296064138412,0.0016452500130981207,0.19117338955402374,0.3174588978290558,0.003184451023116708
C:\Projects\TM470\data\processed\test\Agaricus\272_r-A9DMTwWoM.jpg,Agaricus/272_r-A9DMTwWoM.jpg,Agaricus,Amanita,False,0.43098488450050354,0.0081583000010141,MobileNetV2,test,0.19146375358104706,0.43098488450050354,0.1799478679895401,0.05057545378804207,0.009063896723091602,0.0009373986977152526,0.0031399792060256004,0.010165347717702389,0.058396488428115845,0.06066723167896271,0.004657744895666838
C:\Projects\TM470\data\processed\test\Agaricus\294_kPCOGW3Y_Ak.jpg,Agaricus/294_kPCOGW3Y_Ak.jpg,Agaricus,Amanita,False,0.29835301637649536,0.0080668999999033,MobileNetV2,test,0.04927169159054756,0.29835301637649536,0.06502486020326614,0.012965849600732327,0.1345561146736145,0.029480498284101486,0.042125869542360306,0.03459169343113899,0.21619856357574463,0.10745961219072342,0.009972229599952698
C:\Projects\TM470\data\processed\test\Agaricus\300_VSw-oPLasfg.jpg,Agaricus/300_VSw-oPLasfg.jpg,Agaricus,Russula,False,0.7209696173667908,0.0082330999994155,MobileNetV2,test,0.004419555887579918,0.0021063722670078278,0.02052679844200611,0.018468519672751427,0.0017120675183832645,0.00013930861314292997,0.0007810813840478659,0.009602661244571209,0.2138565629720688,0.7209696173667908,0.00741740083321929
C:\Projects\TM470\data\processed\test\Agaricus\323_5Es9oQ3LeGk.jpg,Agaricus/323_5Es9oQ3LeGk.jpg,Agaricus,Amanita,False,0.7222719788551331,0.0085714999986521,MobileNetV2,test,0.05862953141331673,0.7222719788551331,0.0029504362028092146,0.19522541761398315,0.001095908461138606,2.9099364837748e-06,0.0010030348785221577,0.0001751663367031142,0.002529872115701437,0.015003268606960773,0.0011124835582450032
C:\Projects\TM470\data\processed\test\Agaricus\349_Euf9XZEVTMc.jpg,Agaricus/349_Euf9XZEVTMc.jpg,Agaricus,Amanita,False,0.41182082891464233,0.0084469000012177,MobileNetV2,test,0.11982518434524536,0.41182082891464233,0.00462739635258913,0.022971902042627335,0.007042436860501766,0.00020158156985417008,0.0432252511382103,0.01577777974307537,0.2511404752731323,0.11708968132734299,0.006277508568018675
C:\Projects\TM470\data\processed\test\Agaricus\354_VP-DWvLyI3w.jpg,Agaricus/354_VP-DWvLyI3w.jpg,Agaricus,Amanita,False,0.26354900002479553,0.011528900000485,MobileNetV2,test,0.1346474289894104,0.26354900002479553,0.040727704763412476,0.21671265363693237,0.007634867914021015,0.11067242920398712,0.026674393564462662,0.05550645664334297,0.06739776581525803,0.055349692702293396,0.021127615123987198
C:\Projects\TM470\data\processed\test\Agaricus\357__w_XUQZMZEw.jpg,Agaricus/357__w_XUQZMZEw.jpg,Agaricus,Russula,False,0.3642476201057434,0.0085073999998712,MobileNetV2,test,0.021640565246343613,0.09031989425420761,0.2684454917907715,0.03930733725428581,0.003146674484014511,0.0004887856193818152,0.010233205743134022,0.004288739059120417,0.18347899615764618,0.3642476201057434,0.014402598142623901
C:\Projects\TM470\data\processed\test\Agaricus\366_XEI1sAQds7w.jpg,Agaricus/366_XEI1sAQds7w.jpg,Agaricus,Cortinarius,False,0.5605612397193909,0.0072790999984135,MobileNetV2,test,0.007193191908299923,0.019337063655257225,0.003495682729408145,0.5605612397193909,0.0013781441375613213,0.015994835644960403,0.0014119930565357208,0.03071870282292366,0.056050773710012436,0.2989279627799988,0.00493044126778841
C:\Projects\TM470\data\processed\test\Agaricus\374_Xap1L15Z8BM.jpg,Agaricus/374_Xap1L15Z8BM.jpg,Agaricus,Lactarius,False,0.41401606798171997,0.008319600001414,MobileNetV2,test,0.07249350100755692,0.08348163217306137,0.1616046279668808,0.1203320100903511,0.021353792399168015,1.6386991319450317e-06,0.0036522923037409782,0.0011171106016263366,0.41401606798171997,0.06351669877767563,0.05843062326312065
C:\Projects\TM470\data\processed\test\Agaricus\384_T_p5cKpLpsc.jpg,Agaricus/384_T_p5cKpLpsc.jpg,Agaricus,Amanita,False,0.5654945969581604,0.0103168000005098,MobileNetV2,test,0.07790804654359818,0.5654945969581604,0.17211727797985077,0.054156288504600525,0.0005435710190795362,0.00021671790455002338,0.0005114048253744841,0.008985836058855057,0.013267519883811474,0.10254227370023727,0.004256467334926128
C:\Projects\TM470\data\processed\test\Agaricus\385_iwfhPs4irjk.jpg,Agaricus/385_iwfhPs4irjk.jpg,Agaricus,Boletus,False,0.6383546590805054,0.0073111999990942,MobileNetV2,test,0.012644140981137753,0.06846268475055695,0.6383546590805054,0.09216828644275665,7.110013393685222e-05,6.946882876945892e-06,0.00022109753626864403,0.0009133717976510525,0.0108041912317276,0.1636466234922409,0.012706978246569633
C:\Projects\TM470\data\processed\test\Agaricus\391_N7A0y7CgOA0.jpg,Agaricus/391_N7A0y7CgOA0.jpg,Agaricus,Russula,False,0.1797122061252594,0.008267799999885,MobileNetV2,test,0.061186350882053375,0.1796487718820572,0.15196500718593597,0.09381834417581558,0.03367942199110985,0.041224461048841476,0.06512919813394547,0.03801650553941727,0.11824039369821548,0.1797122061252594,0.037379298359155655
C:\Projects\TM470\data\processed\test\Agaricus\392_QXsLZMnBIt0.jpg,Agaricus/392_QXsLZMnBIt0.jpg,Agaricus,Agaricus,True,0.5738404393196106,0.0103792000008979,MobileNetV2,test,0.5738404393196106,0.017902662977576256,0.00463476637378335,0.2807636260986328,0.000408419145969674,0.0005155393737368286,0.00034137291368097067,0.06130024790763855,0.01900756172835827,0.03416893631219864,0.007116482127457857
C:\Projects\TM470\data\processed\test\Agaricus\411_egeAEeL40Lc.jpg,Agaricus/411_egeAEeL40Lc.jpg,Agaricus,Amanita,False,0.3329973518848419,0.0086709000006521,MobileNetV2,test,0.1856440305709839,0.3329973518848419,0.000831733166705817,0.010597710497677326,0.019322779029607773,2.217288601968903e-05,0.011261969804763794,0.0017992490902543068,0.12136228382587433,0.3142768144607544,0.0018839278491213918
C:\Projects\TM470\data\processed\test\Agaricus\413_4LTr0R0Dk8o.jpg,Agaricus/413_4LTr0R0Dk8o.jpg,Agaricus,Russula,False,0.2929975390434265,0.0079712999995535,MobileNetV2,test,0.08948074281215668,0.08313069492578506,0.2598896324634552,0.07089695334434509,0.0008931063348427415,0.01270539965480566,0.011025962419807911,0.016122249886393547,0.15092815458774567,0.2929975390434265,0.011929607018828392
C:\Projects\TM470\data\processed\test\Agaricus\430_IpjdsyrmIzc.jpg,Agaricus/430_IpjdsyrmIzc.jpg,Agaricus,Russula,False,0.5992728471755981,0.0077498999999079,MobileNetV2,test,0.023652618750929832,0.10808093845844269,0.02645292319357395,0.00425396952778101,0.0010186238214373589,7.224357432278339e-07,0.00623004324734211,0.00018538870790507644,0.22661778330802917,0.5992728471755981,0.004234134219586849
C:\Projects\TM470\data\processed\test\Agaricus\433_XWxLl-zeNQ8.jpg,Agaricus/433_XWxLl-zeNQ8.jpg,Agaricus,Amanita,False,0.26979926228523254,0.0071552999997948,MobileNetV2,test,0.25645145773887634,0.26979926228523254,0.06710599362850189,0.058022260665893555,0.021974889561533928,0.007524614688009024,0.027473419904708862,0.04408039152622223,0.14974696934223175,0.08923625200986862,0.008584474213421345
C:\Projects\TM470\data\processed\test\Agaricus\438_uTWjQsEXep4.jpg,Agaricus/438_uTWjQsEXep4.jpg,Agaricus,Boletus,False,0.4656318426132202,0.0077909999999974,MobileNetV2,test,0.010837027803063393,0.12882529199123383,0.4656318426132202,0.04005337879061699,0.005596180912107229,0.00014590172213502228,0.04919804632663727,0.04056257754564285,0.14045213162899017,0.04217265546321869,0.0765250027179718
C:\Projects\TM470\data\processed\test\Agaricus\439_w5uD0w5wrXs.jpg,Agaricus/439_w5uD0w5wrXs.jpg,Agaricus,Amanita,False,0.8774479031562805,0.0078833000006852,MobileNetV2,test,0.013926045037806034,0.8774479031562805,0.023650936782360077,0.024487435817718506,0.00013968722487334162,6.705446594423847e-06,0.00019318687554914504,5.587118721450679e-05,0.0031094420701265335,0.05661502480506897,0.0003678091161418706
C:\Projects\TM470\data\processed\test\Amanita\004_wIVV5id0aOg.jpg,Amanita/004_wIVV5id0aOg.jpg,Amanita,Amanita,True,0.345773309469223,0.007858799999667,MobileNetV2,test,0.03213914856314659,0.345773309469223,0.17361941933631897,0.012146476656198502,0.04321280121803284,0.07643981277942657,0.011272760108113289,0.03361743688583374,0.2529495060443878,0.01609927788376808,0.002730065258219838
C:\Projects\TM470\data\processed\test\Amanita\010_Ji4N7IDyRKY.jpg,Amanita/010_Ji4N7IDyRKY.jpg,Amanita,Boletus,False,0.6217551827430725,0.0075200999999651,MobileNetV2,test,0.0002642241306602955,0.3123404383659363,0.6217551827430725,0.005497448146343231,0.00018849727348424494,1.8735965568339452e-05,0.012343746609985828,0.001093560829758644,0.012453504838049412,0.02558046579360962,0.008464188314974308
C:\Projects\TM470\data\processed\test\Amanita\011_DoZoYI2vj20.jpg,Amanita/011_DoZoYI2vj20.jpg,Amanita,Amanita,True,0.685042679309845,0.0079917999992176,MobileNetV2,test,0.00014391084550879896,0.685042679309845,0.15015706419944763,0.004403260536491871,9.528418559057172e-06,1.0227776328974869e-05,0.08831842243671417,7.895853195805103e-05,0.012425103224813938,0.05181065574288368,0.007600309792906046
C:\Projects\TM470\data\processed\test\Amanita\026_8kxG9731_4w.jpg,Amanita/026_8kxG9731_4w.jpg,Amanita,Amanita,True,0.522351086139679,0.0075299000000086,MobileNetV2,test,0.012227323837578297,0.522351086139679,0.1646115481853485,0.010269979946315289,0.0019804476760327816,0.0036558792926371098,0.011687612161040306,0.03324565663933754,0.05445605516433716,0.17757147550582886,0.007942941971123219
C:\Projects\TM470\data\processed\test\Amanita\027_i47VTXypFTE.jpg,Amanita/027_i47VTXypFTE.jpg,Amanita,Cortinarius,False,0.6383969187736511,0.0078353000008064,MobileNetV2,test,0.02490932121872902,0.06995374709367752,0.20424163341522217,0.6383969187736511,2.8652779292315245e-05,3.933676907763584e-06,3.074563210248016e-05,0.0015885757748037577,0.0013154641492292285,0.049314744770526886,0.010216307826340199
C:\Projects\TM470\data\processed\test\Amanita\038_VKaJLTO8zZU.jpg,Amanita/038_VKaJLTO8zZU.jpg,Amanita,Hygrocybe,False,0.45151448249816895,0.0075472999997145,MobileNetV2,test,0.002918644342571497,0.02742607891559601,0.11392277479171753,0.05563363805413246,0.002339970087632537,5.194545883568935e-05,0.45151448249816895,0.0035512957256287336,0.13261550664901733,0.011977767571806908,0.19804787635803223
C:\Projects\TM470\data\processed\test\Amanita\041_6n9nhA4C6K8.jpg,Amanita/041_6n9nhA4C6K8.jpg,Amanita,Boletus,False,0.7371658682823181,0.008288300001368,MobileNetV2,test,0.0019130029249936342,0.12938040494918823,0.7371658682823181,0.02525828592479229,0.001776454271748662,5.2542171033564955e-05,0.0051189023070037365,0.0060195596888661385,0.026431920006871223,0.04689998924732208,0.01998302713036537
C:\Projects\TM470\data\processed\test\Amanita\042_aqfiTPuiGHo.jpg,Amanita/042_aqfiTPuiGHo.jpg,Amanita,Hygrocybe,False,0.6071978211402893,0.0083030000005237,MobileNetV2,test,0.0009134697611443698,0.16820234060287476,0.028629809617996216,0.04069345071911812,0.005748931784182787,0.0006725417333655059,0.6071978211402893,0.0029663436580449343,0.08014340698719025,0.04720400646328926,0.017627857625484467
C:\Projects\TM470\data\processed\test\Amanita\044_BvKKMmJ6Nfo.jpg,Amanita/044_BvKKMmJ6Nfo.jpg,Amanita,Hygrocybe,False,0.7515599131584167,0.0072039999995467,MobileNetV2,test,3.5907983146898914e-06,0.0519820973277092,0.002679516328498721,0.014715634286403656,9.442246096114104e-07,1.794616935058002e-07,0.7515599131584167,3.6400931548996596e-06,0.008101684972643852,0.16027803719043732,0.010674807243049145
C:\Projects\TM470\data\processed\test\Amanita\048_3CAOSWVxhe0.jpg,Amanita/048_3CAOSWVxhe0.jpg,Amanita,Amanita,True,0.7339794039726257,0.0071901000010257,MobileNetV2,test,0.06724763661623001,0.7339794039726257,0.08901883661746979,0.05157327651977539,0.005257889628410339,1.2561037692648824e-05,0.0023141533602029085,0.004860724322497845,0.01837165281176567,0.016215963289141655,0.011147859506309032
C:\Projects\TM470\data\processed\test\Amanita\055_riJalDjBcnI.jpg,Amanita/055_riJalDjBcnI.jpg,Amanita,Boletus,False,0.356141060590744,0.0075467999995453,MobileNetV2,test,0.01073114201426506,0.34078681468963623,0.356141060590744,0.006972130853682756,0.020344896242022514,0.013542786240577698,0.025838378816843033,0.024688158184289932,0.15222886204719543,0.03912361338734627,0.009602108970284462
C:\Projects\TM470\data\processed\test\Amanita\075_3gL0KWhOrbs.jpg,Amanita/075_3gL0KWhOrbs.jpg,Amanita,Amanita,True,0.4698134660720825,0.0101108999988355,MobileNetV2,test,0.030678765848279,0.4698134660720825,0.04323473572731018,0.05340757593512535,0.07674382627010345,0.003087824210524559,0.006484306417405605,0.1033160611987114,0.08301473408937454,0.12052470445632935,0.009693986736238003
C:\Projects\TM470\data\processed\test\Amanita\081_C-pQjIw3h7M.jpg,Amanita/081_C-pQjIw3h7M.jpg,Amanita,Amanita,True,0.6598313450813293,0.0083929000011266,MobileNetV2,test,0.12601959705352783,0.6598313450813293,0.10642477869987488,0.06425140053033829,0.002639146288856864,0.0007267026812769473,0.0002806615666486323,0.0017919872188940644,0.014147857204079628,0.022932561114430428,0.0009539322345517576
C:\Projects\TM470\data\processed\test\Amanita\083_GAJUFRatKvg.jpg,Amanita/083_GAJUFRatKvg.jpg,Amanita,Amanita,True,0.9295033812522888,0.008115300001009,MobileNetV2,test,0.012340446002781391,0.9295033812522888,0.007513856049627066,0.0027194225694984198,0.0009592228452675045,0.0007682991563342512,0.00041939030052162707,0.006599074695259333,0.00657093059271574,0.03236664459109306,0.0002393336035311222
C:\Projects\TM470\data\processed\test\Amanita\101_m1QUT_IvswY.jpg,Amanita/101_m1QUT_IvswY.jpg,Amanita,Boletus,False,0.40370965003967285,0.0078635999998368,MobileNetV2,test,0.012688404880464077,0.08126889914274216,0.40370965003967285,0.3452534079551697,0.0020581278949975967,0.00015334719500970095,0.006815262138843536,0.0005691103870049119,0.0876670852303505,0.03568773716688156,0.02412893809378147
C:\Projects\TM470\data\processed\test\Amanita\109_mApfQHzHo0k.jpg,Amanita/109_mApfQHzHo0k.jpg,Amanita,Inocybe,False,0.33853939175605774,0.0071974999991653,MobileNetV2,test,0.13156239688396454,0.140159010887146,0.0002273204445373267,0.3271557092666626,0.02524368278682232,0.00027667864924296737,0.008317678235471249,0.33853939175605774,0.0168148186057806,0.008097792975604534,0.0036054705269634724
C:\Projects\TM470\data\processed\test\Amanita\112_v5maqRj9Z_w.jpg,Amanita/112_v5maqRj9Z_w.jpg,Amanita,Amanita,True,0.519615888595581,0.0072027999995043,MobileNetV2,test,0.049331922084093094,0.519615888595581,0.05479634180665016,0.026519227772951126,0.006408101413398981,0.019537240266799927,0.004549103789031506,0.16016554832458496,0.05513935908675194,0.09954827278852463,0.004389004781842232
C:\Projects\TM470\data\processed\test\Amanita\113_Ssk7arItOnk.jpg,Amanita/113_Ssk7arItOnk.jpg,Amanita,Amanita,True,0.41749870777130127,0.007633999999598,MobileNetV2,test,0.006200255360454321,0.41749870777130127,0.09007775038480759,0.01889900118112564,0.013260911218822002,0.1650351881980896,0.03397836908698082,0.12276972830295563,0.08717630058526993,0.03979363664984703,0.0053101638332009315
C:\Projects\TM470\data\processed\test\Amanita\116_V-662GMGI6U.jpg,Amanita/116_V-662GMGI6U.jpg,Amanita,Cortinarius,False,0.7455478310585022,0.0081661000003805,MobileNetV2,test,0.0129740871489048,0.14747560024261475,0.005429658107459545,0.7455478310585022,0.01918695867061615,8.836027700453997e-05,0.004615567624568939,0.048563819378614426,0.00292972638271749,0.0012053526006639004,0.01198307704180479
C:\Projects\TM470\data\processed\test\Amanita\117_2i4Ly-hB5rY.jpg,Amanita/117_2i4Ly-hB5rY.jpg,Amanita,Amanita,True,0.719091534614563,0.0069743000003654,MobileNetV2,test,0.012882244773209095,0.719091534614563,0.020225534215569496,0.14903204143047333,0.0017437482019886374,5.755334314017091e-06,0.0025646600406616926,0.005249067675322294,0.01820741593837738,0.05445925146341324,0.01653880812227726
C:\Projects\TM470\data\processed\test\Amanita\121_0mE3kiyOk4k.jpg,Amanita/121_0mE3kiyOk4k.jpg,Amanita,Amanita,True,0.6846222281455994,0.0072522000009485,MobileNetV2,test,0.0012473711976781487,0.6846222281455994,0.24600200355052948,0.0033881289418786764,0.00027569785015657544,0.001668175682425499,0.002825092989951372,0.0024790242314338684,0.016878779977560043,0.03960859403014183,0.0010048779658973217
C:\Projects\TM470\data\processed\test\Amanita\125_jnNJwiuIHj0.jpg,Amanita/125_jnNJwiuIHj0.jpg,Amanita,Amanita,True,0.6432819962501526,0.0084112000004097,MobileNetV2,test,0.015360456891357899,0.6432819962501526,0.2394002228975296,0.0013955007307231426,0.0013445853255689144,0.0002038816164713353,0.0008407816640101373,0.014978796243667603,0.03161334991455078,0.05071638152003288,0.0008640835294499993
C:\Projects\TM470\data\processed\test\Amanita\138_kCA0Zae2KX0.jpg,Amanita/138_kCA0Zae2KX0.jpg,Amanita,Amanita,True,0.8051968216896057,0.0101703999989695,MobileNetV2,test,0.05445913225412369,0.8051968216896057,0.06979497522115707,0.005086746532469988,0.001232639653608203,0.001615813234820962,0.0007258092518895864,0.015015743672847748,0.026539333164691925,0.019764456897974014,0.0005685451906174421
C:\Projects\TM470\data\processed\test\Amanita\141_zaaLqAyIHuQ.jpg,Amanita/141_zaaLqAyIHuQ.jpg,Amanita,Amanita,True,0.5987194776535034,0.0077780999999959,MobileNetV2,test,0.010144032537937164,0.5987194776535034,0.25600069761276245,0.001455112942494452,0.005992690101265907,0.00021743403340224177,0.0042807916179299355,0.0015146539080888033,0.10153115540742874,0.018182966858148575,0.001961084781214595
C:\Projects\TM470\data\processed\test\Amanita\143_ZpRWUcr7GhA.jpg,Amanita/143_ZpRWUcr7GhA.jpg,Amanita,Boletus,False,0.9965009689331055,0.008451599998807,MobileNetV2,test,8.581850124755874e-05,0.00189529440831393,0.9965009689331055,0.0004688070621341467,1.5764925365147064e-06,3.6038963457940554e-07,6.875343842693837e-06,1.076600619853707e-05,0.0004163927515037358,0.0005406895070336759,7.248578185681254e-05
C:\Projects\TM470\data\processed\test\Amanita\145_2JCprUI2Ugw.jpg,Amanita/145_2JCprUI2Ugw.jpg,Amanita,Amanita,True,0.5568099617958069,0.008447399999568,MobileNetV2,test,0.15556401014328003,0.5568099617958069,0.0014049523742869496,0.1504746377468109,0.010568130761384964,1.5259254723787308e-05,0.003716582665219903,0.003813727991655469,0.012295804917812347,0.10132893919944763,0.004007953219115734
C:\Projects\TM470\data\processed\test\Amanita\159_majDHo2IG8U.jpg,Amanita/159_majDHo2IG8U.jpg,Amanita,Lactarius,False,0.3992292284965515,0.0083926000006613,MobileNetV2,test,0.05683235824108124,0.38087090849876404,0.09942840784788132,0.0017253051046282053,0.03260713443160057,3.6114128306508064e-05,0.003008348634466529,0.001161506399512291,0.3992292284965515,0.02408991940319538,0.001010713865980506
C:\Projects\TM470\data\processed\test\Amanita\160_2Xs6Ueh19D4.jpg,Amanita/160_2Xs6Ueh19D4.jpg,Amanita,Russula,False,0.5488541722297668,0.0086196000011113,MobileNetV2,test,0.0016067869728431106,0.010391372255980968,0.0006123105995357037,0.0067376429215073586,0.0006656724726781249,6.449097327276831e-07,0.008723282255232334,0.0004861736379098147,0.4164077043533325,0.5488541722297668,0.005514246877282858
C:\Projects\TM470\data\processed\test\Amanita\166_wCNIOK2FS_U.jpg,Amanita/166_wCNIOK2FS_U.jpg,Amanita,Inocybe,False,0.37408989667892456,0.0085615999996662,MobileNetV2,test,0.051911622285842896,0.07954297959804535,0.037122320383787155,0.020156312733888626,0.01122343447059393,0.19169224798679352,0.003655045758932829,0.37408989667892456,0.06946473568677902,0.15452447533607483,0.006616959348320961
C:\Projects\TM470\data\processed\test\Amanita\167_oTHBDUWfBxA.jpg,Amanita/167_oTHBDUWfBxA.jpg,Amanita,Lactarius,False,0.34141936898231506,0.0109248999997362,MobileNetV2,test,0.05073966830968857,0.05011691525578499,0.053735218942165375,0.050552792847156525,0.15542654693126678,0.020818255841732025,0.019848665222525597,0.11001024395227432,0.34141936898231506,0.12474939972162247,0.02258296310901642
C:\Projects\TM470\data\processed\test\Amanita\169_ODaDqR_tlG0.jpg,Amanita/169_ODaDqR_tlG0.jpg,Amanita,Amanita,True,0.6359583735466003,0.0094284999995579,MobileNetV2,test,0.18687425553798676,0.6359583735466003,0.007571447640657425,0.142831951379776,0.0011568657355383039,6.944832875888096e-06,0.0005019632517360151,0.0005160412983968854,0.001954874489456415,0.02181551605463028,0.0008116754470393062
C:\Projects\TM470\data\processed\test\Amanita\171_6GMgYtjBa8k.jpg,Amanita/171_6GMgYtjBa8k.jpg,Amanita,Russula,False,0.43498495221138,0.0086486000000149,MobileNetV2,test,0.0028881642501801252,0.06492728739976883,0.07717209309339523,0.0026802578940987587,0.0020077794324606657,1.6762087398092262e-05,0.0017924606800079346,0.000898808881174773,0.409945547580719,0.43498495221138,0.002685887273401022
C:\Projects\TM470\data\processed\test\Amanita\173_jqvVZF8AWxg.jpg,Amanita/173_jqvVZF8AWxg.jpg,Amanita,Amanita,True,0.905703604221344,0.0087997000009636,MobileNetV2,test,0.040387749671936035,0.905703604221344,0.006791633553802967,0.005270751193165779,0.001990195829421282,0.00012691563460975885,0.002365764696151018,0.0016232423949986696,0.016308652237057686,0.018936065956950188,0.0004954595933668315
C:\Projects\TM470\data\processed\test\Amanita\175_wCfYH50cXu8.jpg,Amanita/175_wCfYH50cXu8.jpg,Amanita,Amanita,True,0.8350374102592468,0.0103464000003441,MobileNetV2,test,0.02655448019504547,0.8350374102592468,0.008649311028420925,0.02622988261282444,0.0016520657809451222,0.00024018806288950145,0.0008605108596384525,0.0024694004096090794,0.012548170052468777,0.08465839922428131,0.0011001479579135776
C:\Projects\TM470\data\processed\test\Amanita\192_uQQGhgvOkTI.jpg,Amanita/192_uQQGhgvOkTI.jpg,Amanita,Amanita,True,0.8787734508514404,0.0093853999987914,MobileNetV2,test,0.10614484548568726,0.8787734508514404,0.0004836783336941153,0.006032468285411596,0.0007034207228571177,2.3393127776216716e-05,0.0004895830643363297,0.002927115187048912,0.0020906354766339064,0.0017763793002814054,0.0005550423520617187
C:\Projects\TM470\data\processed\test\Amanita\194__2kBAgeqxZc.jpg,Amanita/194__2kBAgeqxZc.jpg,Amanita,Amanita,True,0.8296675682067871,0.0083329999997658,MobileNetV2,test,0.008632543496787548,0.8296675682067871,0.0410093329846859,0.0008929655887186527,0.0025379399303346872,0.00017251531244255602,0.0012309100711718202,0.001976311206817627,0.06786783784627914,0.04552057757973671,0.0004915061872452497
C:\Projects\TM470\data\processed\test\Amanita\208_EvpNOUGmeVI.jpg,Amanita/208_EvpNOUGmeVI.jpg,Amanita,Amanita,True,0.8674337267875671,0.0090985999995609,MobileNetV2,test,0.002271003555506468,0.8674337267875671,0.11429167538881302,0.00027685434906743467,0.0001308466016780585,1.7901620594784617e-06,0.0001779033336788416,6.957280857022852e-05,0.010091890580952168,0.005110995844006538,0.00014380998618435115
C:\Projects\TM470\data\processed\test\Amanita\215_XXWsMnFz1MI.jpg,Amanita/215_XXWsMnFz1MI.jpg,Amanita,Amanita,True,0.6935172080993652,0.0120101000011345,MobileNetV2,test,0.034162163734436035,0.6935172080993652,0.10167182236909866,0.026029318571090698,0.026449479162693024,0.025043010711669922,0.0097570288926363,0.021343907341361046,0.04122887924313545,0.018476804718375206,0.002320355735719204
C:\Projects\TM470\data\processed\test\Amanita\219_d2on0Kw19Ds.jpg,Amanita/219_d2on0Kw19Ds.jpg,Amanita,Amanita,True,0.735414981842041,0.0073876000005839,MobileNetV2,test,0.03426752984523773,0.735414981842041,0.1555212289094925,0.03194756433367729,0.0009302186663262546,2.256598418171052e-05,0.0008801398798823357,0.0033037636894732714,0.009813184849917889,0.023594930768013,0.004303901456296444
C:\Projects\TM470\data\processed\test\Amanita\226_zzTeEGVX8nY.jpg,Amanita/226_zzTeEGVX8nY.jpg,Amanita,Agaricus,False,0.2804386615753174,0.0090485000000626,MobileNetV2,test,0.2804386615753174,0.014665605500340462,0.0010599688393995166,0.24081957340240479,0.06203240528702736,9.829462214838713e-06,0.0057861111126840115,0.09256573766469955,0.2236202508211136,0.04622941091656685,0.03277246281504631
C:\Projects\TM470\data\processed\test\Amanita\229_AAkARuMGR0c.jpg,Amanita/229_AAkARuMGR0c.jpg,Amanita,Cortinarius,False,0.7464520335197449,0.008497000000716,MobileNetV2,test,0.04432719945907593,0.023240383714437485,0.000226368909352459,0.7464520335197449,0.025137843564152718,5.750428499595728e-06,0.0037291666958481073,0.08161791414022446,0.021916985511779785,0.04285641759634018,0.010489887557923794
C:\Projects\TM470\data\processed\test\Amanita\238_7M5xzSG_g_A.jpg,Amanita/238_7M5xzSG_g_A.jpg,Amanita,Amanita,True,0.8292801976203918,0.0082827000005636,MobileNetV2,test,0.005058178212493658,0.8292801976203918,0.01163436472415924,0.0001065018805093132,0.0002872930490411818,2.299618245160673e-06,0.0007159949163906276,0.0004147112194914371,0.0274251289665699,0.12487060576677322,0.00020477584621403366
C:\Projects\TM470\data\processed\test\Amanita\239_m__Mvvi_6yk.jpg,Amanita/239_m__Mvvi_6yk.jpg,Amanita,Amanita,True,0.6218511462211609,0.0089298999992024,MobileNetV2,test,0.06424655020236969,0.6218511462211609,0.008745511062443256,0.005665136035531759,0.04192876070737839,0.00013403434422798455,0.033452682197093964,0.02132083661854267,0.17361171543598175,0.01504095084965229,0.014002657495439053
C:\Projects\TM470\data\processed\test\Amanita\245_hJy0oklu5jA.jpg,Amanita/245_hJy0oklu5jA.jpg,Amanita,Boletus,False,0.8281844258308411,0.0091483999985939,MobileNetV2,test,0.010419965721666813,0.13169781863689423,0.8281844258308411,0.009913808666169643,0.0006415799725800753,3.35978256771341e-05,0.00045539368875324726,0.001745362882502377,0.010851358063519001,0.00498929712921381,0.001067302655428648
C:\Projects\TM470\data\processed\test\Amanita\254_Lyi3XcTltRs.jpg,Amanita/254_Lyi3XcTltRs.jpg,Amanita,Inocybe,False,0.25591328740119934,0.0088846999988163,MobileNetV2,test,0.1850983202457428,0.17476212978363037,0.0042798793874681,0.24395853281021118,0.017750151455402374,0.0015183839714154601,0.0009560800972394645,0.25591328740119934,0.007654007989913225,0.10560300946235657,0.0025062011554837227
C:\Projects\TM470\data\processed\test\Amanita\262_lkxMPar_qU4.jpg,Amanita/262_lkxMPar_qU4.jpg,Amanita,Amanita,True,0.21853668987751007,0.007738899999822,MobileNetV2,test,0.09178974479436874,0.21853668987751007,0.030287548899650574,0.05396687984466553,0.0327124148607254,0.12071797251701355,0.02927260473370552,0.08259523659944534,0.14612232148647308,0.17798468470573425,0.01601388119161129
C:\Projects\TM470\data\processed\test\Amanita\266_1lFPzGUJdrw.jpg,Amanita/266_1lFPzGUJdrw.jpg,Amanita,Cortinarius,False,0.4114457964897156,0.0079687999987072,MobileNetV2,test,0.05889454856514931,0.3177337348461151,0.004576957318931818,0.4114457964897156,0.0034448665101081133,0.00023460279044229537,0.00018571126565802842,0.09010971337556839,0.003378726774826646,0.10810672491788864,0.0018885873723775148
C:\Projects\TM470\data\processed\test\Amanita\267_Jv9rb_uZxxM.jpg,Amanita/267_Jv9rb_uZxxM.jpg,Amanita,Amanita,True,0.9164342284202576,0.007671899998968,MobileNetV2,test,0.009646372869610786,0.9164342284202576,0.020970987156033516,0.010963058099150658,0.0005585274775512516,0.0004907201509922743,0.0011243462795391679,0.005998546257615089,0.004524793475866318,0.0282388087362051,0.0010494926245883107
C:\Projects\TM470\data\processed\test\Amanita\269_y7diE9hqyqg.jpg,Amanita/269_y7diE9hqyqg.jpg,Amanita,Amanita,True,0.22278966009616852,0.0087905000000318,MobileNetV2,test,0.09274681657552719,0.22278966009616852,0.09535526484251022,0.18596595525741577,0.010440265759825706,0.12546682357788086,0.00830908678472042,0.07610748708248138,0.08980679512023926,0.08614049851894379,0.006871374323964119
C:\Projects\TM470\data\processed\test\Amanita\280_kmvGIrteUEU.jpg,Amanita/280_kmvGIrteUEU.jpg,Amanita,Amanita,True,0.8035141229629517,0.0073869999996531,MobileNetV2,test,0.00912113394588232,0.8035141229629517,0.08505930751562119,0.03230953589081764,0.05063014477491379,0.0021264469251036644,0.003058416536077857,0.0019897399470210075,0.010344117879867554,0.0012474710820242763,0.0005996029358357191
C:\Projects\TM470\data\processed\test\Amanita\283_A61Fv-WuOIQ.jpg,Amanita/283_A61Fv-WuOIQ.jpg,Amanita,Boletus,False,0.8418217301368713,0.0087805000002845,MobileNetV2,test,0.0012632529251277447,0.02599952556192875,0.8418217301368713,0.051784954965114594,0.00044989344314672053,0.0029883659444749355,0.00030190899269655347,0.0072892578318715096,0.0460505411028862,0.016068827360868454,0.005981747526675463
C:\Projects\TM470\data\processed\test\Amanita\284_hjYnEPCzZWs.jpg,Amanita/284_hjYnEPCzZWs.jpg,Amanita,Amanita,True,0.8083574175834656,0.0081141000009665,MobileNetV2,test,0.0014886347344145179,0.8083574175834656,0.14768780767917633,0.00029732659459114075,0.00011981844727415591,6.739723175996915e-05,0.0016849790699779987,0.0010590142337605357,0.01650366559624672,0.022358767688274384,0.0003752468037419021
C:\Projects\TM470\data\processed\test\Amanita\286_akbOrg8qrWc.jpg,Amanita/286_akbOrg8qrWc.jpg,Amanita,Amanita,True,0.9126384258270264,0.0086194999985309,MobileNetV2,test,0.002522190334275365,0.9126384258270264,0.07263101637363434,0.00044550717575475574,0.00032284989720210433,2.4686194592504762e-05,0.00024284090613946319,0.0002019831445068121,0.00534529285505414,0.005388336721807718,0.00023697380675002933
C:\Projects\TM470\data\processed\test\Amanita\291_8IJ4_ANpJLg.jpg,Amanita/291_8IJ4_ANpJLg.jpg,Amanita,Hygrocybe,False,0.39215338230133057,0.0093252000006032,MobileNetV2,test,0.004593322053551674,0.057362381368875504,0.030392050743103027,0.12686581909656525,0.005503203719854355,0.00022427452495321631,0.39215338230133057,0.09833624213933945,0.11055605113506317,0.03590602055191994,0.13810725510120392
C:\Projects\TM470\data\processed\test\Amanita\296_sKFU2MHCmQI.jpg,Amanita/296_sKFU2MHCmQI.jpg,Amanita,Amanita,True,0.4847736060619354,0.0081905999995797,MobileNetV2,test,0.08150605857372284,0.4847736060619354,0.27320143580436707,0.03937963396310806,0.004123288206756115,0.0005960994749329984,0.0011221867753192782,0.012536975555121899,0.06828358769416809,0.028785159811377525,0.0056919739581644535
C:\Projects\TM470\data\processed\test\Amanita\301_arWVKBAl1xg.jpg,Amanita/301_arWVKBAl1xg.jpg,Amanita,Cortinarius,False,0.6610037088394165,0.0085421999992831,MobileNetV2,test,0.004627338144928217,0.010606360621750355,0.00012973978300578892,0.6610037088394165,0.008855313993990421,0.0005041536642238498,0.178781658411026,0.11747901886701584,0.003225392894819379,0.00030254715238697827,0.014484759420156479
C:\Projects\TM470\data\processed\test\Amanita\304_fF9sgw_cuPo.jpg,Amanita/304_fF9sgw_cuPo.jpg,Amanita,Boletus,False,0.5783156156539917,0.0079919999989215,MobileNetV2,test,0.0048729898408055305,0.05307864025235176,0.5783156156539917,0.12235301733016968,0.0008905680733732879,8.584182796766981e-05,0.004320990759879351,0.0032570762559771538,0.1128167137503624,0.06877439469099045,0.0512341633439064
C:\Projects\TM470\data\processed\test\Amanita\319_VSiBPtwZDwM.jpg,Amanita/319_VSiBPtwZDwM.jpg,Amanita,Amanita,True,0.3364957571029663,0.0087920000005397,MobileNetV2,test,0.016713589429855347,0.3364957571029663,0.007098463363945484,0.05471460521221161,0.08274810016155243,0.0009427528129890561,0.12750433385372162,0.21260301768779755,0.12391920387744904,0.013842313550412655,0.023417878895998
C:\Projects\TM470\data\processed\test\Amanita\323_sgZnWNFTFFc.jpg,Amanita/323_sgZnWNFTFFc.jpg,Amanita,Boletus,False,0.38782399892807007,0.0083198000011179,MobileNetV2,test,0.03265327587723732,0.18383631110191345,0.38782399892807007,0.23242627084255219,0.02353566139936447,0.001050563994795084,0.005429653450846672,0.00479096220806241,0.04128893464803696,0.06996848434209824,0.01719595678150654
C:\Projects\TM470\data\processed\test\Amanita\326_q3-8lXVmcVM.jpg,Amanita/326_q3-8lXVmcVM.jpg,Amanita,Amanita,True,0.926112949848175,0.0087120999996841,MobileNetV2,test,0.0007489030831493437,0.926112949848175,0.015510648488998413,0.0004289504431653768,5.927127494942397e-05,3.702150206663646e-05,8.97291538421996e-05,0.0002607055939733982,0.0035662874579429626,0.05312300845980644,6.254380423342809e-05
C:\Projects\TM470\data\processed\test\Amanita\329_jpdnrnOYvm8.jpg,Amanita/329_jpdnrnOYvm8.jpg,Amanita,Amanita,True,0.7155655026435852,0.0082591000009415,MobileNetV2,test,0.002100845566019416,0.7155655026435852,0.015693075954914093,0.0004994468181394041,0.0010895051527768373,0.00012159762991359457,0.005882808938622475,0.010318434797227383,0.08178336918354034,0.1656128466129303,0.0013325981562957168
C:\Projects\TM470\data\processed\test\Amanita\354_HFiOZg6IOL8.jpg,Amanita/354_HFiOZg6IOL8.jpg,Amanita,Russula,False,0.461725115776062,0.0077832999995735,MobileNetV2,test,0.05117347836494446,0.08341646194458008,0.025524137541651726,0.1387176513671875,0.0094137042760849,0.00019859379972331226,0.005003579892218113,0.007422310300171375,0.20938877761363983,0.461725115776062,0.008016225881874561
C:\Projects\TM470\data\processed\test\Amanita\355_e0Y8jDjEmzs.jpg,Amanita/355_e0Y8jDjEmzs.jpg,Amanita,Amanita,True,0.3959587514400482,0.0084569000009651,MobileNetV2,test,0.06642317026853561,0.3959587514400482,0.021462295204401016,0.04491281509399414,0.001580017269589007,0.0006269477889873087,0.001985277747735381,0.027426544576883316,0.04381867125630379,0.38909509778022766,0.0067104254849255085
C:\Projects\TM470\data\processed\test\Amanita\366_zzsJUWaNdxg.jpg,Amanita/366_zzsJUWaNdxg.jpg,Amanita,Amanita,True,0.664374053478241,0.0079989000005298,MobileNetV2,test,0.009358200244605541,0.664374053478241,0.025220271199941635,0.016108209267258644,0.0039053105283528566,0.01867241971194744,0.12753888964653015,0.012690797448158264,0.06135416030883789,0.051869943737983704,0.0089077427983284
C:\Projects\TM470\data\processed\test\Amanita\372_5SYWecQTaKc.jpg,Amanita/372_5SYWecQTaKc.jpg,Amanita,Boletus,False,0.2651783227920532,0.0077796999994461,MobileNetV2,test,0.06559555977582932,0.03886580467224121,0.2651783227920532,0.24960915744304657,0.003743997309356928,0.004293103702366352,0.007237676531076431,0.008577895350754261,0.13188548386096954,0.20953622460365295,0.01547679677605629
C:\Projects\TM470\data\processed\test\Amanita\373_YmenYH0HVC0.jpg,Amanita/373_YmenYH0HVC0.jpg,Amanita,Lactarius,False,0.2762301564216614,0.0074447999995754,MobileNetV2,test,0.03064609132707119,0.21103918552398682,0.11402907967567444,0.0046594529412686825,0.12254183739423752,0.011262050829827785,0.016970623284578323,0.060597486793994904,0.2762301564216614,0.14562007784843445,0.006403931882232428
C:\Projects\TM470\data\processed\test\Amanita\377_qiZKoEIbfFk.jpg,Amanita/377_qiZKoEIbfFk.jpg,Amanita,Lactarius,False,0.6398626565933228,0.0080835999997361,MobileNetV2,test,0.003321355441585183,0.004737252835184336,0.2009560912847519,0.015253160148859024,0.00038163058343343437,0.003814209718257189,0.009479002095758915,0.0472634993493557,0.6398626565933228,0.03996196389198303,0.03496920317411423
C:\Projects\TM470\data\processed\test\Amanita\381_t_eyYyXYB1k.jpg,Amanita/381_t_eyYyXYB1k.jpg,Amanita,Russula,False,0.3695116639137268,0.0075159999996685,MobileNetV2,test,0.00223732553422451,0.2581140398979187,0.0971427857875824,0.005910069216042757,0.0013744690222665668,2.8785500035155565e-05,0.10113903880119324,0.000712778652086854,0.15281246602535248,0.3695116639137268,0.011016561649739742
C:\Projects\TM470\data\processed\test\Amanita\389_1fQDmvX1jb8.jpg,Amanita/389_1fQDmvX1jb8.jpg,Amanita,Amanita,True,0.8706831336021423,0.0072158999992097,MobileNetV2,test,0.032372768968343735,0.8706831336021423,0.016185157001018524,0.01235012523829937,0.0009217028855346143,0.0040779695846140385,0.00247638369910419,0.034832071512937546,0.008145627565681934,0.01743597909808159,0.0005191017990000546
C:\Projects\TM470\data\processed\test\Amanita\395_tL3vBGNvjeI.jpg,Amanita/395_tL3vBGNvjeI.jpg,Amanita,Amanita,True,0.5703234076499939,0.0079646000012871,MobileNetV2,test,0.09662137925624847,0.5703234076499939,0.19831818342208862,0.01910156011581421,0.0020898927468806505,0.0012287416029721498,0.0016360542504116893,0.0010866691591218114,0.061732858419418335,0.04690083861351013,0.000960367382504046
C:\Projects\TM470\data\processed\test\Amanita\408_Jn439YAL3hs.jpg,Amanita/408_Jn439YAL3hs.jpg,Amanita,Amanita,True,0.8292553424835205,0.0074705999995785,MobileNetV2,test,0.005891392007470131,0.8292553424835205,0.05796617269515991,0.004700995981693268,0.0021687177941203117,0.04063814505934715,0.0012750327587127686,0.0019201317336410284,0.049869105219841,0.006013075355440378,0.00030189467361196876
C:\Projects\TM470\data\processed\test\Amanita\433_mzRZXazhvVU.jpg,Amanita/433_mzRZXazhvVU.jpg,Amanita,Amanita,True,0.31083911657333374,0.0073867999999492,MobileNetV2,test,0.09635142236948013,0.31083911657333374,0.006759578827768564,0.03665774315595627,0.044014450162649155,0.07661507278680801,0.03524911031126976,0.0876292809844017,0.20463813841342926,0.09034154564142227,0.010904571041464806
C:\Projects\TM470\data\processed\test\Amanita\438_gh-zSGziyQ4.jpg,Amanita/438_gh-zSGziyQ4.jpg,Amanita,Exidia,False,0.5659295916557312,0.0080735999999888,MobileNetV2,test,0.08900664001703262,0.044009581208229065,0.007466656155884266,0.05515747517347336,0.011997674591839314,0.5659295916557312,0.004664524458348751,0.08271132409572601,0.08839854598045349,0.04663386940956116,0.004024101886898279
C:\Projects\TM470\data\processed\test\Amanita\439_fP_ozmLLhb8.jpg,Amanita/439_fP_ozmLLhb8.jpg,Amanita,Amanita,True,0.319265753030777,0.0074256999996578,MobileNetV2,test,0.27358919382095337,0.319265753030777,0.007744873873889446,0.016169574111700058,0.003824882209300995,1.6530244465684518e-05,0.0032483497634530067,0.0005319137126207352,0.07938233017921448,0.29477131366729736,0.001455327495932579
C:\Projects\TM470\data\processed\test\Amanita\451_V0quFnk9NFA.jpg,Amanita/451_V0quFnk9NFA.jpg,Amanita,Amanita,True,0.8007425665855408,0.0079820000009931,MobileNetV2,test,0.000997932511381805,0.8007425665855408,0.14196792244911194,0.008264315314590931,0.00010670616757124662,1.3486318493960425e-05,0.006943615153431892,0.0006376400124281645,0.007368882652372122,0.03070429340004921,0.002252742648124695
C:\Projects\TM470\data\processed\test\Amanita\455_noEYaXjdZno.jpg,Amanita/455_noEYaXjdZno.jpg,Amanita,Cortinarius,False,0.8173379302024841,0.0074051999999937,MobileNetV2,test,0.04803019389510155,0.043795354664325714,0.0022379534784704447,0.8173379302024841,0.03039063885807991,0.003075212240219116,0.0060477782972157,0.02760668843984604,0.012299357913434505,0.0021801278926432133,0.006998792756348848
C:\Projects\TM470\data\processed\test\Amanita\458_5BlPufQsqww.jpg,Amanita/458_5BlPufQsqww.jpg,Amanita,Cortinarius,False,0.4977003037929535,0.0071357999986503,MobileNetV2,test,0.16995739936828613,0.20691440999507904,0.04682639241218567,0.4977003037929535,0.000599998515099287,3.8454050809377804e-05,0.00020499313541222364,0.0011539752595126629,0.005907265469431877,0.06542614102363586,0.005270705092698336
C:\Projects\TM470\data\processed\test\Amanita\466_wUxyOxsT5Xc.jpg,Amanita/466_wUxyOxsT5Xc.jpg,Amanita,Exidia,False,0.5308559536933899,0.0068783000006078,MobileNetV2,test,0.051379043608903885,0.12492413073778152,0.03581797704100609,0.0724470466375351,0.005830228328704834,0.5308559536933899,0.005591404624283314,0.03459765762090683,0.09896756708621979,0.03719259053468704,0.0023963518906384706
C:\Projects\TM470\data\processed\test\Amanita\470_Qn8LOp2zdbk.jpg,Amanita/470_Qn8LOp2zdbk.jpg,Amanita,Russula,False,0.413074254989624,0.0089122000008501,MobileNetV2,test,0.015602931380271912,0.38568612933158875,0.0033223622012883425,0.1556994467973709,0.0021778217051178217,3.330931212985888e-05,0.0010219811229035258,0.0072514209896326065,0.014436615630984306,0.413074254989624,0.0016938383923843503
C:\Projects\TM470\data\processed\test\Amanita\488_c9nCQvJtUrI.jpg,Amanita/488_c9nCQvJtUrI.jpg,Amanita,Lactarius,False,0.5409978628158569,0.0084164999989297,MobileNetV2,test,0.02408623695373535,0.03363028168678284,0.17343415319919586,0.027118949219584465,0.08096010982990265,0.036452941596508026,0.003703254507854581,0.020126916468143463,0.5409978628158569,0.0573849193751812,0.0021043475717306137
C:\Projects\TM470\data\processed\test\Amanita\490_GiCnvGBmknM.jpg,Amanita/490_GiCnvGBmknM.jpg,Amanita,Cortinarius,False,0.5237202048301697,0.0078432000009343,MobileNetV2,test,0.02835582010447979,0.07475365698337555,0.010759996250271797,0.5237202048301697,0.04448996111750603,0.0002498872054275125,0.004877360071986914,0.06289155036211014,0.09308507293462753,0.1383034586906433,0.018513035029172897
C:\Projects\TM470\data\processed\test\Amanita\500_goYWhHd_SfA.jpg,Amanita/500_goYWhHd_SfA.jpg,Amanita,Lactarius,False,0.3345125615596771,0.0078303000009327,MobileNetV2,test,0.0012000107672065496,0.002636166987940669,0.07313878834247589,0.21460624039173126,0.0007999862427823246,3.599082901928341e-06,0.0027651279233396053,0.001913060899823904,0.3345125615596771,0.32403236627578735,0.04439198225736618
C:\Projects\TM470\data\processed\test\Amanita\520_7tXL64TQTpg.jpg,Amanita/520_7tXL64TQTpg.jpg,Amanita,Russula,False,0.5300171375274658,0.0080770000004122,MobileNetV2,test,0.0009577551973052323,0.08574514091014862,0.25793367624282837,0.005933728069067001,0.000688667525537312,0.00010451950220158324,0.0010947309201583266,0.0010545182740315795,0.11384064704179764,0.5300171375274658,0.0026294949930161238
C:\Projects\TM470\data\processed\test\Amanita\537_5FMMhBffQ9Y.jpg,Amanita/537_5FMMhBffQ9Y.jpg,Amanita,Amanita,True,0.1999186873435974,0.0071564000008947,MobileNetV2,test,0.07294642180204391,0.1999186873435974,0.11557158827781677,0.1526983678340912,0.02452286332845688,0.007214243523776531,0.011842829175293446,0.17657798528671265,0.1712792068719864,0.039862483739852905,0.02756534516811371
C:\Projects\TM470\data\processed\test\Amanita\538_EwaPkcP6eTM.jpg,Amanita/538_EwaPkcP6eTM.jpg,Amanita,Agaricus,False,0.34784796833992004,0.0072206999993795,MobileNetV2,test,0.34784796833992004,0.3049417734146118,0.14500398933887482,0.18976910412311554,8.526392775820568e-05,2.0116674932069145e-05,4.2507392208790407e-05,0.0016248945612460375,0.0024588867090642452,0.0048721423372626305,0.003333326894789934
C:\Projects\TM470\data\processed\test\Amanita\561_E5bsDlNUJ-Y.jpg,Amanita/561_E5bsDlNUJ-Y.jpg,Amanita,Cortinarius,False,0.6616076231002808,0.0070634999992762,MobileNetV2,test,0.020402202382683754,0.07330633699893951,0.11899043619632721,0.6616076231002808,0.008302874863147736,0.00018635755986906588,0.0033536236733198166,0.00770551199093461,0.02845720201730728,0.04867188632488251,0.0290159173309803
C:\Projects\TM470\data\processed\test\Amanita\571_l1hoa0Kgm0U.jpg,Amanita/571_l1hoa0Kgm0U.jpg,Amanita,Lactarius,False,0.36977630853652954,0.0072540000001026,MobileNetV2,test,0.037211716175079346,0.20932427048683167,0.1010422632098198,0.030531182885169983,0.012755464762449265,0.004065276589244604,0.010510033927857876,0.03417050093412399,0.36977630853652954,0.18436406552791595,0.006248899269849062
C:\Projects\TM470\data\processed\test\Amanita\577_XqZEGat0kl8.jpg,Amanita/577_XqZEGat0kl8.jpg,Amanita,Lactarius,False,0.4539450705051422,0.0071944000010262,MobileNetV2,test,0.04359493404626846,0.042492616921663284,0.01571439951658249,0.0483858659863472,0.08735191822052002,0.03560121729969978,0.014686893671751022,0.05332758650183678,0.4539450705051422,0.1862964928150177,0.018603049218654633
C:\Projects\TM470\data\processed\test\Amanita\579_PS9igVuOoHE.jpg,Amanita/579_PS9igVuOoHE.jpg,Amanita,Lactarius,False,0.3551592230796814,0.0072237999993376,MobileNetV2,test,0.028056543320417404,0.33955544233322144,0.1147153228521347,0.0037584209349006414,0.02908433973789215,0.004972107242792845,0.008146054111421108,0.011520183645188808,0.3551592230796814,0.10310856252908707,0.001923779142089188
C:\Projects\TM470\data\processed\test\Amanita\586_kLoafsSiyT8.jpg,Amanita/586_kLoafsSiyT8.jpg,Amanita,Amanita,True,0.6076158285140991,0.0069531999997707,MobileNetV2,test,0.10565804690122604,0.6076158285140991,0.02930697426199913,0.017041383311152458,0.00512978620827198,0.00250087957829237,0.0025882916525006294,0.008355933241546154,0.046595197170972824,0.17419038712978363,0.0010172238107770681
C:\Projects\TM470\data\processed\test\Amanita\587_4e3oJGC88kg.jpg,Amanita/587_4e3oJGC88kg.jpg,Amanita,Amanita,True,0.8035171627998352,0.0068083000005572,MobileNetV2,test,0.01210260670632124,0.8035171627998352,0.05398120358586311,0.0039027102757245302,0.0013580471277236938,1.5417319445987232e-05,0.034424010664224625,0.0016590181039646268,0.05165857449173927,0.027956493198871613,0.009424770250916481
C:\Projects\TM470\data\processed\test\Amanita\588_bh0TgHuuQ-g.jpg,Amanita/588_bh0TgHuuQ-g.jpg,Amanita,Russula,False,0.870342493057251,0.0069347999997262,MobileNetV2,test,0.0009630197309888899,0.03581050783395767,0.016251755878329277,0.0018564620986580849,0.0001328834769083187,6.733089321642183e-07,0.0010886259842664003,7.04699705238454e-05,0.07184559106826782,0.870342493057251,0.0016375755658373237
C:\Projects\TM470\data\processed\test\Amanita\589_AnaL5Wx-reY.jpg,Amanita/589_AnaL5Wx-reY.jpg,Amanita,Russula,False,0.6336758136749268,0.0081262999992759,MobileNetV2,test,0.004765007644891739,0.16947194933891296,0.08574151247739792,0.001119169988669455,0.00014897724031470716,3.047309462544945e-07,0.003543668193742633,1.4341443602461368e-05,0.09918376803398132,0.6336758136749268,0.0023355521261692047
C:\Projects\TM470\data\processed\test\Amanita\596_TzXaLH4_GW0.jpg,Amanita/596_TzXaLH4_GW0.jpg,Amanita,Amanita,True,0.34038978815078735,0.0072216999997181,MobileNetV2,test,0.26856982707977295,0.34038978815078735,0.010886922478675842,0.014476687647402287,0.008780003525316715,0.0017889703158289194,0.004310262855142355,0.19654320180416107,0.10589523613452911,0.04287751764059067,0.0054815285839140415
C:\Projects\TM470\data\processed\test\Amanita\597_t_LN8-XruiI.jpg,Amanita/597_t_LN8-XruiI.jpg,Amanita,Amanita,True,0.6379247903823853,0.007282499998837,MobileNetV2,test,0.16180583834648132,0.6379247903823853,0.005517134442925453,0.045630019158124924,0.0034475361462682486,0.0207611583173275,0.0014933344209566712,0.10153650492429733,0.015818947926163673,0.005185628775507212,0.000879074796102941
C:\Projects\TM470\data\processed\test\Amanita\600_jgKLD8sC_v4.jpg,Amanita/600_jgKLD8sC_v4.jpg,Amanita,Amanita,True,0.5614683032035828,0.0077036999991833,MobileNetV2,test,0.06543497741222382,0.5614683032035828,0.13980016112327576,0.00767420744523406,0.004479167517274618,5.373280873754993e-05,0.005618223454803228,0.0009439360001124442,0.17608097195625305,0.034991879016160965,0.003454381600022316
C:\Projects\TM470\data\processed\test\Amanita\620_JDQSDCTyXyg.jpg,Amanita/620_JDQSDCTyXyg.jpg,Amanita,Amanita,True,0.9832189679145813,0.0071020000013959,MobileNetV2,test,0.0049591101706027985,0.9832189679145813,0.006639161612838507,0.0007847020169720054,0.00018620688933879137,3.047947393497452e-05,0.00012968714872840792,0.0014124400913715363,0.0013903650688007474,0.0011574922828003764,9.13387630134821e-05
C:\Projects\TM470\data\processed\test\Amanita\646_zBDcRvL_RyM.jpg,Amanita/646_zBDcRvL_RyM.jpg,Amanita,Cortinarius,False,0.36338841915130615,0.0075434999998833,MobileNetV2,test,0.05856328085064888,0.19070479273796082,0.22651055455207825,0.36338841915130615,0.008241950534284115,0.00016429416427854449,0.008911910466849804,0.0009712978499010205,0.060951974242925644,0.07132092863321304,0.010270639322698116
C:\Projects\TM470\data\processed\test\Amanita\654_vhjqe9X5eec.jpg,Amanita/654_vhjqe9X5eec.jpg,Amanita,Amanita,True,0.3919353187084198,0.0069399000003613,MobileNetV2,test,0.06097391992807388,0.3919353187084198,0.020441075786948204,0.10819132626056671,0.006448899861425161,0.04826284572482109,0.0030875748489052057,0.18471862375736237,0.04187097027897835,0.13001537322998047,0.004054064862430096
C:\Projects\TM470\data\processed\test\Amanita\664_AXOuF6j3tyo.jpg,Amanita/664_AXOuF6j3tyo.jpg,Amanita,Amanita,True,0.20486533641815186,0.0069483999996009,MobileNetV2,test,0.11395914852619171,0.20486533641815186,0.06421609222888947,0.10593868046998978,0.0236887875944376,0.06965570896863937,0.008275389671325684,0.1919676810503006,0.13864773511886597,0.05518969148397446,0.023595735430717468
C:\Projects\TM470\data\processed\test\Amanita\665_PrGfCOsVu8Y.jpg,Amanita/665_PrGfCOsVu8Y.jpg,Amanita,Exidia,False,0.3849897086620331,0.0073181000007025,MobileNetV2,test,0.053006187081336975,0.12403087317943573,0.03033447079360485,0.03974522650241852,0.026620475575327873,0.3849897086620331,0.002284715650603175,0.16367925703525543,0.07207830995321274,0.10058297961950302,0.0026477586943656206
C:\Projects\TM470\data\processed\test\Amanita\679_cIMzCCYdG38.jpg,Amanita/679_cIMzCCYdG38.jpg,Amanita,Amanita,True,0.26579993963241577,0.0077177000002848,MobileNetV2,test,0.04990218207240105,0.26579993963241577,0.019846776500344276,0.06941086053848267,0.07035206258296967,0.25850963592529297,0.020665861666202545,0.07713131606578827,0.14240360260009766,0.02323964610695839,0.0027381868567317724
C:\Projects\TM470\data\processed\test\Amanita\682_B3EZBbmcFBE.jpg,Amanita/682_B3EZBbmcFBE.jpg,Amanita,Russula,False,0.6625208258628845,0.007577599999422,MobileNetV2,test,0.024285780265927315,0.22410638630390167,0.013826191425323486,0.014185034669935703,0.00099352584220469,2.89109448203817e-05,0.0015564050991088152,0.010915451683104038,0.045286186039447784,0.6625208258628845,0.0022952554281800985
C:\Projects\TM470\data\processed\test\Amanita\702_sR0HQkA_gkA.jpg,Amanita/702_sR0HQkA_gkA.jpg,Amanita,Amanita,True,0.48611941933631897,0.0070133000008354,MobileNetV2,test,0.18353261053562164,0.48611941933631897,0.0018531858222559094,0.01843123883008957,0.00783334206789732,0.0003332157211843878,0.008249666541814804,0.1412806212902069,0.08694995939731598,0.05627760291099548,0.00913906842470169
C:\Projects\TM470\data\processed\test\Amanita\713_znBkCzCEi-g.jpg,Amanita/713_znBkCzCEi-g.jpg,Amanita,Russula,False,0.4631274938583374,0.007182899998952,MobileNetV2,test,0.12255951017141342,0.18906615674495697,0.014945968054234982,0.05447342246770859,0.00023369672999251634,3.0404342396650463e-05,0.03276466950774193,0.002823175396770239,0.10964161157608032,0.4631274938583374,0.010333821177482605
C:\Projects\TM470\data\processed\test\Amanita\717_vlDmzuYG5og.jpg,Amanita/717_vlDmzuYG5og.jpg,Amanita,Inocybe,False,0.46313950419425964,0.0071681999997963,MobileNetV2,test,0.04467935860157013,0.017564406618475914,0.0012394491350278258,0.24424441158771515,0.007234150543808937,0.17224110662937164,0.0018324037082493305,0.46313950419425964,0.03520664572715759,0.008198590017855167,0.004419973585754633
C:\Projects\TM470\data\processed\test\Amanita\739_t_b-1IKUbgE.jpg,Amanita/739_t_b-1IKUbgE.jpg,Amanita,Amanita,True,0.6041764616966248,0.0072831999987101,MobileNetV2,test,0.11412329971790314,0.6041764616966248,0.032626230269670486,0.04642845317721367,0.12361347675323486,0.0006975438445806503,0.007400989066809416,0.007581536658108234,0.045744169503450394,0.015431665815412998,0.0021761253010481596
C:\Projects\TM470\data\processed\test\Amanita\742_j3CNLlK7ISo.jpg,Amanita/742_j3CNLlK7ISo.jpg,Amanita,Amanita,True,0.8461279273033142,0.0071583999997528,MobileNetV2,test,0.00039443091372959316,0.8461279273033142,0.13383010029792786,0.0007242258870974183,3.0158744266373105e-05,9.896963456412777e-05,0.0011728100944310427,0.0001814792340155691,0.0030948093626648188,0.014018626883625984,0.00032651866786181927
C:\Projects\TM470\data\processed\test\Amanita\746_Dh_6IpygI6I.jpg,Amanita/746_Dh_6IpygI6I.jpg,Amanita,Amanita,True,0.6474449634552002,0.007094100001268,MobileNetV2,test,0.016936253756284714,0.6474449634552002,0.23912571370601654,0.028621211647987366,0.006985256914049387,0.00014299120812211186,0.0011178021086379886,0.0007886353996582329,0.029416296631097794,0.0270245298743248,0.002396310679614544
C:\Projects\TM470\data\processed\test\Amanita\754_rDpMYIR-sFE.jpg,Amanita/754_rDpMYIR-sFE.jpg,Amanita,Cortinarius,False,0.4345160126686096,0.0071455999986937,MobileNetV2,test,0.07528918236494064,0.08142527937889099,0.002439340576529503,0.4345160126686096,0.04997248575091362,0.0176706500351429,0.01874735951423645,0.297318696975708,0.011634765192866325,0.0026331187691539526,0.008353185839951038
C:\Projects\TM470\data\processed\test\Amanita\756_w-xhasvBIT0.jpg,Amanita/756_w-xhasvBIT0.jpg,Amanita,Amanita,True,0.6118905544281006,0.0071090000001277,MobileNetV2,test,0.04098520427942276,0.6118905544281006,0.06725569814443588,0.13416023552417755,0.0262769628316164,0.001390822697430849,0.02793779782950878,0.024141767993569374,0.023057186976075172,0.027323437854647636,0.01558039803057909
C:\Projects\TM470\data\processed\test\Amanita\773_3H-0yRwiu6Y.jpg,Amanita/773_3H-0yRwiu6Y.jpg,Amanita,Lactarius,False,0.46682125329971313,0.0071627999986958,MobileNetV2,test,0.07816961407661438,0.06556680053472519,0.10991746932268143,0.0667169913649559,0.032303452491760254,0.017863862216472626,0.014464502222836018,0.022797105833888054,0.46682125329971313,0.10082652419805527,0.02455240674316883
C:\Projects\TM470\data\processed\test\Amanita\787_V5x9WHxsoqE.jpg,Amanita/787_V5x9WHxsoqE.jpg,Amanita,Lactarius,False,0.23876319825649261,0.0073680999994394,MobileNetV2,test,0.08092068135738373,0.11781303584575653,0.2045152485370636,0.2322542816400528,0.004790517967194319,0.017608435824513435,0.013067500665783882,0.026219826191663742,0.23876319825649261,0.03945473954081535,0.024592546746134758
C:\Projects\TM470\data\processed\test\Boletus\0009_2hEUS66s6Gw.jpg,Boletus/0009_2hEUS66s6Gw.jpg,Boletus,Boletus,True,0.9061053991317749,0.0072980000004463,MobileNetV2,test,0.006871665362268686,0.0059543512761592865,0.9061053991317749,0.044304654002189636,6.848930206615478e-05,0.00013000244507566094,0.0003402746224310249,0.0030024091247469187,0.02400924079120159,0.0020654459949582815,0.007147977594286203
C:\Projects\TM470\data\processed\test\Boletus\0010_7M6YHrGZ3aM.jpg,Boletus/0010_7M6YHrGZ3aM.jpg,Boletus,Cortinarius,False,0.3244827091693878,0.0072607999991305,MobileNetV2,test,0.01141746249049902,0.006056130863726139,0.29475611448287964,0.3244827091693878,0.017443310469388962,0.0004433395224623382,0.005095429718494415,0.08430080860853195,0.14532870054244995,0.03976985439658165,0.07090617716312408
C:\Projects\TM470\data\processed\test\Boletus\0023_JAAEdifq1MY.jpg,Boletus/0023_JAAEdifq1MY.jpg,Boletus,Boletus,True,0.9582686424255371,0.0073084000014205,MobileNetV2,test,9.305762432632037e-06,2.4696280888747424e-05,0.9582686424255371,0.005063319578766823,2.8863832994829863e-06,1.4272855253238959e-07,0.00013047485845163465,7.218257087515667e-05,0.011894728988409042,0.0030554875265806913,0.02147819474339485
C:\Projects\TM470\data\processed\test\Boletus\0032_Sl_iMoAAJyU.jpg,Boletus/0032_Sl_iMoAAJyU.jpg,Boletus,Boletus,True,0.9785768985748291,0.0071630000002187,MobileNetV2,test,1.0418738384032622e-05,1.359973248327151e-05,0.9785768985748291,0.0021834804210811853,4.7921689656504896e-06,2.5891375798892113e-07,4.006197923445143e-05,0.0004140373202972114,0.006738619413226843,0.00030769756995141506,0.011710099875926971
C:\Projects\TM470\data\processed\test\Boletus\0048_wGU2ETPlfqY.jpg,Boletus/0048_wGU2ETPlfqY.jpg,Boletus,Boletus,True,0.9837844371795654,0.007115899999917,MobileNetV2,test,0.00014057067164685577,5.942460848018527e-05,0.9837844371795654,0.006830546539276838,9.184402188111562e-06,2.3857162432250334e-06,1.3957540431874804e-05,0.0005554166273213923,0.00488629937171936,0.0003831811773125082,0.0033344917465001345
C:\Projects\TM470\data\processed\test\Boletus\0051_rBIC-Uy9KzI.jpg,Boletus/0051_rBIC-Uy9KzI.jpg,Boletus,Russula,False,0.3527401387691498,0.0070713000004616,MobileNetV2,test,0.037586163729429245,0.03410343453288078,0.03494352847337723,0.017119502648711205,0.0011894816998392344,0.12421338260173798,0.003610765328630805,0.3211973309516907,0.07014918327331543,0.3527401387691498,0.0031470987014472485
C:\Projects\TM470\data\processed\test\Boletus\0058_djB8UbX-XaU.jpg,Boletus/0058_djB8UbX-XaU.jpg,Boletus,Boletus,True,0.9841181039810181,0.0080964999997377,MobileNetV2,test,6.041319647920318e-05,0.013092268258333206,0.9841181039810181,0.00020773465803358704,1.7192645600516698e-06,2.2580681502404332e-07,1.5301995517802425e-05,5.677828085026704e-05,0.0005492011550813913,0.0015903579769656062,0.0003079825546592474
C:\Projects\TM470\data\processed\test\Boletus\0060_ph1tt9Qik4Q.jpg,Boletus/0060_ph1tt9Qik4Q.jpg,Boletus,Boletus,True,0.9914495348930359,0.0075735999998869,MobileNetV2,test,5.675083684764104e-06,7.614708738401532e-05,0.9914495348930359,0.0002649418020155281,3.084137745190674e-07,8.012138730251195e-10,4.350757080828771e-06,9.114499448514835e-07,0.0009520769235678017,0.005559851881116629,0.0016861705807968974
C:\Projects\TM470\data\processed\test\Boletus\0074_-d_w6u6G7wA.jpg,Boletus/0074_-d_w6u6G7wA.jpg,Boletus,Boletus,True,0.7524405121803284,0.0074554000002535,MobileNetV2,test,0.03959520533680916,0.012285420671105385,0.7524405121803284,0.09065061807632446,0.0019821152091026306,0.0016358525026589632,0.0009298703516833484,0.019139304757118225,0.05338774621486664,0.010903462767601013,0.017049839720129967
C:\Projects\TM470\data\processed\test\Boletus\0076_yMZR41Idcn0.jpg,Boletus/0076_yMZR41Idcn0.jpg,Boletus,Boletus,True,0.7509016990661621,0.0071932000009837,MobileNetV2,test,0.0017768382094800472,0.17930302023887634,0.7509016990661621,0.001357375644147396,1.7388438209309243e-05,2.185749508498702e-06,5.0283506425330415e-05,0.0001733326498651877,0.003533971728757024,0.06253352761268616,0.00035036171902902424
C:\Projects\TM470\data\processed\test\Boletus\0081_Jy-UUrFwLMA.jpg,Boletus/0081_Jy-UUrFwLMA.jpg,Boletus,Boletus,True,0.8347204327583313,0.0074437000002944,MobileNetV2,test,0.002751481719315052,0.11271730065345764,0.8347204327583313,0.006296240724623203,0.000847547547891736,0.001426991424523294,0.0025308369658887386,0.0018114340491592884,0.026185927912592888,0.009081167168915272,0.0016305986791849136
C:\Projects\TM470\data\processed\test\Boletus\0090_PCyZBE7zH28.jpg,Boletus/0090_PCyZBE7zH28.jpg,Boletus,Boletus,True,0.5551685094833374,0.0070976999995764,MobileNetV2,test,0.010081200860440731,0.11764197796583176,0.5551685094833374,0.0005416097119450569,0.000535910134203732,2.6555890144663863e-06,0.0008988060872070491,0.00018655290477909148,0.2859139144420624,0.027359623461961746,0.0016693160869181156
C:\Projects\TM470\data\processed\test\Boletus\0100_Um24DDdxtxY.jpg,Boletus/0100_Um24DDdxtxY.jpg,Boletus,Boletus,True,0.9948810338973999,0.0071268000010604,MobileNetV2,test,7.242016636155313e-06,0.000287378003122285,0.9948810338973999,0.00018616803572513163,7.785730531395529e-07,3.759291544724874e-08,7.8791181294946e-06,7.482021828764118e-06,0.0012312016915529966,0.002910231240093708,0.00048053014324977994
C:\Projects\TM470\data\processed\test\Boletus\0110_A_F3PAXmwBw.jpg,Boletus/0110_A_F3PAXmwBw.jpg,Boletus,Boletus,True,0.9809941053390503,0.00722720000158,MobileNetV2,test,0.00011537193495314568,0.002085536951199174,0.9809941053390503,0.00039120152359828353,6.49264911771752e-05,8.615507454123872e-07,2.1886680769966915e-05,0.00017187763296533376,0.010215861722826958,0.005544784478843212,0.00039368364377878606
C:\Projects\TM470\data\processed\test\Boletus\0142_osp5FSuBFx4.jpg,Boletus/0142_osp5FSuBFx4.jpg,Boletus,Boletus,True,0.9875203371047974,0.007207800001197,MobileNetV2,test,0.00018875043315347284,0.010841724462807178,0.9875203371047974,0.00022230332251638174,1.2391541531542316e-05,5.956067639090179e-07,2.0657622371800244e-05,1.258106294699246e-05,0.0007969458238221705,0.00031365465838462114,7.010725676082075e-05
C:\Projects\TM470\data\processed\test\Boletus\0148_GWuEw2WeFCY.jpg,Boletus/0148_GWuEw2WeFCY.jpg,Boletus,Boletus,True,0.998898983001709,0.008131399999911,MobileNetV2,test,9.427878467249684e-06,0.0008854933548718691,0.998898983001709,3.702131289173849e-05,7.417598624215316e-08,1.3057841474761744e-09,8.069819159572944e-07,9.06037030290463e-07,9.499390580458567e-05,3.5405140806687996e-05,3.675181505968794e-05
C:\Projects\TM470\data\processed\test\Boletus\0151_8qA6XqDaO10.jpg,Boletus/0151_8qA6XqDaO10.jpg,Boletus,Boletus,True,0.6647979021072388,0.0088975000016944,MobileNetV2,test,0.008933326229453087,0.13994501531124115,0.6647979021072388,0.013701973482966423,0.0025512792635709047,0.012078308500349522,0.0035870783030986786,0.03588380292057991,0.09643528610467911,0.017090387642383575,0.0049956124275922775
C:\Projects\TM470\data\processed\test\Boletus\0155_cfBPq0uvW7U.jpg,Boletus/0155_cfBPq0uvW7U.jpg,Boletus,Boletus,True,0.8211373686790466,0.007343999999648,MobileNetV2,test,0.0006657149060629308,0.0587426982820034,0.8211373686790466,0.003936894237995148,0.00011028932931367308,1.1064662430726457e-05,0.005852770991623402,0.0004048371920362115,0.04242702201008797,0.058012936264276505,0.008698426187038422
C:\Projects\TM470\data\processed\test\Boletus\0163_288vPbTy0u0.jpg,Boletus/0163_288vPbTy0u0.jpg,Boletus,Boletus,True,0.5292813777923584,0.0073260999997728,MobileNetV2,test,0.01953115127980709,0.058956462889909744,0.5292813777923584,0.027250956743955612,0.00648245494812727,0.0395270474255085,0.002009178278967738,0.17703048884868622,0.09245410561561584,0.0352485217154026,0.01222818810492754
C:\Projects\TM470\data\processed\test\Boletus\0166_JjEOuNKkeSM.jpg,Boletus/0166_JjEOuNKkeSM.jpg,Boletus,Boletus,True,0.9752066731452942,0.0071311000010609,MobileNetV2,test,0.00012207218969706446,0.0006640849751420319,0.9752066731452942,0.0030903341248631477,4.3921561882598326e-05,3.955344436690211e-05,7.703087612753734e-05,0.00014144573651719838,0.010489899665117264,0.009379803203046322,0.0007450340781360865
C:\Projects\TM470\data\processed\test\Boletus\0176_J7Pq7LRCag0.jpg,Boletus/0176_J7Pq7LRCag0.jpg,Boletus,Amanita,False,0.43961000442504883,0.0072663000009924,MobileNetV2,test,0.01235891506075859,0.43961000442504883,0.3169788718223572,0.004501535091549158,0.028025588020682335,0.001547413063235581,0.02608930505812168,0.040852826088666916,0.08400910347700119,0.03782949596643448,0.008196832612156868
C:\Projects\TM470\data\processed\test\Boletus\0181_WPxAHfkr5nY.jpg,Boletus/0181_WPxAHfkr5nY.jpg,Boletus,Boletus,True,0.947132408618927,0.008193099998607,MobileNetV2,test,0.0006959170568734407,0.003142763627693057,0.947132408618927,0.005263219121843576,0.0009821882704272866,3.931471383111784e-06,0.0002504205913282931,0.0007876993040554225,0.030865466222167015,0.005615890957415104,0.005260057747364044
C:\Projects\TM470\data\processed\test\Boletus\0186_8hd4Jt8Z_XU.jpg,Boletus/0186_8hd4Jt8Z_XU.jpg,Boletus,Boletus,True,0.8771207928657532,0.0070354999988921,MobileNetV2,test,0.0004589255549944937,0.0004019644111394882,0.8771207928657532,0.03798699006438255,0.002197619993239641,5.228215013630688e-05,0.0008058585808612406,0.007951711304485798,0.0551300086081028,0.003786028129979968,0.014107783325016499
C:\Projects\TM470\data\processed\test\Boletus\0187__pRX2ASfyHE.jpg,Boletus/0187__pRX2ASfyHE.jpg,Boletus,Boletus,True,0.9984409213066101,0.0069631000005756,MobileNetV2,test,2.3645739929634146e-05,0.0005022357800044119,0.9984409213066101,8.401430386584252e-05,1.0525429843255552e-06,5.1401233491787934e-08,1.6589181541348808e-05,8.974268894235138e-06,0.0005433714250102639,0.0001196206285385415,0.00025958684273064137
C:\Projects\TM470\data\processed\test\Boletus\0196_uqGMdVItBRg.jpg,Boletus/0196_uqGMdVItBRg.jpg,Boletus,Boletus,True,0.999461829662323,0.0076566000007005,MobileNetV2,test,5.138469987286953e-06,0.00019418912415858358,0.999461829662323,4.063583037350327e-05,4.6539469167328207e-07,6.182892064998669e-08,3.747362598005566e-07,2.006868271564599e-06,0.0001782310864655301,0.00010076262697111815,1.637075183680281e-05
C:\Projects\TM470\data\processed\test\Boletus\0203_9fok2txolHA.jpg,Boletus/0203_9fok2txolHA.jpg,Boletus,Boletus,True,0.9963458180427551,0.0093888000010338,MobileNetV2,test,6.631964424741454e-06,1.6510006389580667e-05,0.9963458180427551,0.0011146285105496645,8.277920073851419e-07,1.4765117839488084e-07,5.988344582874561e-06,3.849322456517257e-05,0.0014620785368606448,0.0001146122085629031,0.0008942499407567084
C:\Projects\TM470\data\processed\test\Boletus\0205_qoM5hQot18c.jpg,Boletus/0205_qoM5hQot18c.jpg,Boletus,Boletus,True,0.8820001482963562,0.0071152000000438,MobileNetV2,test,0.004666111432015896,0.051720090210437775,0.8820001482963562,0.02510705217719078,0.0008123242296278477,0.00019071450515184551,0.0007824583444744349,0.004848743323236704,0.016325531527400017,0.010470354929566383,0.003076511900871992
C:\Projects\TM470\data\processed\test\Boletus\0206_TyUG66hONcc.jpg,Boletus/0206_TyUG66hONcc.jpg,Boletus,Boletus,True,0.8957207798957825,0.0072522999998909,MobileNetV2,test,0.0007753254612907767,0.00020661299640778452,0.8957207798957825,0.03429548069834709,6.566144293174148e-05,3.0325804800668266e-06,0.00021375810320023447,0.0013391046086326241,0.020119305700063705,0.000972529873251915,0.0462883785367012
C:\Projects\TM470\data\processed\test\Boletus\0207_oXbD8i2vkVg.jpg,Boletus/0207_oXbD8i2vkVg.jpg,Boletus,Boletus,True,0.9355782866477966,0.0072378000004391,MobileNetV2,test,0.00023645591863896698,8.784568490227684e-05,0.9355782866477966,0.049446605145931244,1.0269735867041163e-05,3.5025727811444085e-06,1.619505201233551e-05,0.00031421781750395894,0.00585899967700243,0.003367865923792124,0.005079853348433971
C:\Projects\TM470\data\processed\test\Boletus\0227_j49x_C5p-CU.jpg,Boletus/0227_j49x_C5p-CU.jpg,Boletus,Boletus,True,0.9746437668800354,0.0070788000011816,MobileNetV2,test,0.0004516521003097296,0.01036824844777584,0.9746437668800354,0.00157632224727422,4.7193567297654226e-05,2.881141426769318e-06,0.00011439368972787634,0.00020523933926597238,0.005832543130964041,0.004955028649419546,0.0018027204787358642
C:\Projects\TM470\data\processed\test\Boletus\0238_qz-FM7SB6M0.jpg,Boletus/0238_qz-FM7SB6M0.jpg,Boletus,Boletus,True,0.999915599822998,0.0072091000001819,MobileNetV2,test,7.25710492588405e-07,1.8370057659922168e-05,0.999915599822998,3.902481694240123e-06,7.770627696856991e-09,2.333561566203457e-09,5.3611142192266925e-08,1.8614564396557398e-06,3.095987267442979e-05,1.362015518679982e-05,1.4907402146491222e-05
C:\Projects\TM470\data\processed\test\Boletus\0240_VJBB4bFGy00.jpg,Boletus/0240_VJBB4bFGy00.jpg,Boletus,Boletus,True,0.9998506307601929,0.0071344999996654,MobileNetV2,test,1.6135722091803473e-07,5.805108003187343e-07,0.9998506307601929,2.24216182687087e-05,3.3644069752369887e-09,1.8465693418789897e-09,9.041708182166985e-08,2.2710354130595078e-07,4.7077912313397974e-05,2.6438960048835725e-05,5.2309515012893826e-05
C:\Projects\TM470\data\processed\test\Boletus\0245_M167aLbLgs8.jpg,Boletus/0245_M167aLbLgs8.jpg,Boletus,Boletus,True,0.9934632778167725,0.0075227999986964,MobileNetV2,test,5.2487455832306296e-05,0.005096922628581524,0.9934632778167725,7.902794459369034e-05,2.6321881705371197e-06,2.0896059993447125e-08,0.00011067450395785272,7.64726155466633e-06,0.0006344188004732132,0.00017140686395578086,0.00038141655386425555
C:\Projects\TM470\data\processed\test\Boletus\0249_50wVqwSNvhw.jpg,Boletus/0249_50wVqwSNvhw.jpg,Boletus,Boletus,True,0.9909480214118958,0.0083420999999361,MobileNetV2,test,4.8214504204224795e-05,0.004992010071873665,0.9909480214118958,0.0004002310452051461,8.648617608741915e-07,2.412846811239433e-07,5.645545752486214e-05,1.3043757462583017e-05,0.002084003994241357,0.001110930577851832,0.0003460260631982237
C:\Projects\TM470\data\processed\test\Boletus\0253_g1jTDCR3Zu4.jpg,Boletus/0253_g1jTDCR3Zu4.jpg,Boletus,Boletus,True,0.9782218933105469,0.0088524999991932,MobileNetV2,test,0.0015404471196234226,0.001995881786569953,0.9782218933105469,0.008866111747920513,2.1471107174875215e-05,1.2165223779447842e-05,1.6922793292906135e-05,0.0012739432277157903,0.0037546989042311907,0.0016488591209053993,0.0026475402992218733
C:\Projects\TM470\data\processed\test\Boletus\0259_RjpNYKf3Zag.jpg,Boletus/0259_RjpNYKf3Zag.jpg,Boletus,Cortinarius,False,0.6807274222373962,0.007889200000136,MobileNetV2,test,0.03238222748041153,0.014693934470415115,0.00978668313473463,0.6807274222373962,0.0044212378561496735,0.07570315152406693,0.0017148454207926989,0.13790203630924225,0.031020790338516235,0.0029294772539287806,0.008718185126781464
C:\Projects\TM470\data\processed\test\Boletus\0261_Dag-SrdgNL4.jpg,Boletus/0261_Dag-SrdgNL4.jpg,Boletus,Boletus,True,0.9998125433921814,0.0081611999994493,MobileNetV2,test,2.1621499399770983e-06,4.7920631914166734e-05,0.9998125433921814,2.2898168026586063e-05,2.0469096284614352e-07,6.946690778164566e-09,1.633128050571031e-07,1.2527964372566203e-06,6.789636245230213e-05,3.385556919965893e-05,1.1049897693737876e-05
C:\Projects\TM470\data\processed\test\Boletus\0263_nUgkvTMYYa4.jpg,Boletus/0263_nUgkvTMYYa4.jpg,Boletus,Boletus,True,0.9985381364822388,0.0088130000003729,MobileNetV2,test,1.6413067669418524e-06,4.215453736833297e-05,0.9985381364822388,0.00011124231241410598,1.852226745313601e-07,1.0389232585339414e-08,5.013841473555658e-06,1.309826188844454e-06,0.0005170971271581948,0.0004848262178711593,0.0002984392049256712
C:\Projects\TM470\data\processed\test\Boletus\0264_47xi69ImS58.jpg,Boletus/0264_47xi69ImS58.jpg,Boletus,Boletus,True,0.999178946018219,0.0078027999988989,MobileNetV2,test,4.237587290845113e-06,0.0003986596711911261,0.999178946018219,9.517192665953189e-06,1.2120338510612783e-07,1.0891375579191731e-09,3.6459841794567183e-06,8.238018267547886e-07,0.00025287989410571754,6.218288035597652e-05,8.888592856237665e-05
C:\Projects\TM470\data\processed\test\Boletus\0285_5r1D03ayo_A.jpg,Boletus/0285_5r1D03ayo_A.jpg,Boletus,Boletus,True,0.9628375768661499,0.009735499999806,MobileNetV2,test,0.00021582697809208184,0.0006030332879163325,0.9628375768661499,0.017405230551958084,0.000255549413850531,1.573138615640346e-05,0.0002956406679004431,0.0004342951870057732,0.009724941104650497,0.004747471772134304,0.0034647127613425255
C:\Projects\TM470\data\processed\test\Boletus\0297_Q4fwdJ_9PxA.jpg,Boletus/0297_Q4fwdJ_9PxA.jpg,Boletus,Boletus,True,0.9988933205604553,0.0086847999991732,MobileNetV2,test,1.0416574696137104e-06,2.327531774426461e-06,0.9988933205604553,0.0003740521497093141,2.949004738184158e-07,2.068989646275554e-09,5.498883979271341e-07,2.6906839138973737e-06,0.00030811005854047835,6.573807331733406e-05,0.00035182861029170454
C:\Projects\TM470\data\processed\test\Boletus\0298_01Q7PUhybdQ.jpg,Boletus/0298_01Q7PUhybdQ.jpg,Boletus,Boletus,True,0.9778063893318176,0.0069748000005347,MobileNetV2,test,0.00016971085278782994,0.0006552393897436559,0.9778063893318176,0.003982171881943941,0.0001769612863427028,3.06217032175482e-07,0.00013862020568922162,8.381154475500807e-05,0.008146214298903942,0.0041344608180224895,0.004706074018031359
C:\Projects\TM470\data\processed\test\Boletus\0299_Ue9AxhqQqyc.jpg,Boletus/0299_Ue9AxhqQqyc.jpg,Boletus,Boletus,True,0.9998348951339722,0.0071554999994987,MobileNetV2,test,5.947094905423e-07,3.4596097975736484e-05,0.9998348951339722,1.2082648936484475e-05,1.5948966591849967e-08,8.944665452759182e-09,1.9489391434035497e-07,7.20596347036917e-07,4.943272506352514e-05,5.664565833285451e-05,1.0740393008745741e-05
C:\Projects\TM470\data\processed\test\Boletus\0304_7bLIdSVgaIM.jpg,Boletus/0304_7bLIdSVgaIM.jpg,Boletus,Boletus,True,0.9986132383346558,0.007494499999666,MobileNetV2,test,1.551868990645744e-05,0.00044873461592942476,0.9986132383346558,0.00017649504297878593,5.938412641626201e-07,2.2251427367336873e-07,1.4263122466218192e-05,9.916676390275825e-06,0.0002790202561300248,0.00013461781782098114,0.00030738161876797676
C:\Projects\TM470\data\processed\test\Boletus\0306_64D0ZnNktPM.jpg,Boletus/0306_64D0ZnNktPM.jpg,Boletus,Boletus,True,0.9842535257339478,0.0070636999989801,MobileNetV2,test,6.0822032537544146e-05,0.0017490532482042909,0.9842535257339478,0.0007971962913870811,4.562549293041229e-06,4.748489175199211e-07,0.0004745038168039173,3.890279549523257e-05,0.005841427948325872,0.004968782886862755,0.001810660120099783
C:\Projects\TM470\data\processed\test\Boletus\0310__tra6Lo5W9Q.jpg,Boletus/0310__tra6Lo5W9Q.jpg,Boletus,Boletus,True,0.6029279828071594,0.0070138000010047,MobileNetV2,test,0.0013070536078885198,0.009589925408363342,0.6029279828071594,0.0190700963139534,0.0016605759738013148,1.5698717106715776e-05,0.06376398354768753,0.002117948140949011,0.18853795528411865,0.021615080535411835,0.08939370512962341
C:\Projects\TM470\data\processed\test\Boletus\0313_UMgAL-_294g.jpg,Boletus/0313_UMgAL-_294g.jpg,Boletus,Boletus,True,0.9971892237663269,0.0069829999993089,MobileNetV2,test,0.00011465159332146868,0.0011319959303364158,0.9971892237663269,0.00027891056379303336,6.47224510430533e-07,3.1445779313798994e-08,3.2718312468205113e-06,4.47120146418456e-06,0.0005630688974633813,0.0006122290506027639,0.00010138318612007424
C:\Projects\TM470\data\processed\test\Boletus\0315_TZK9JOYNO7Q.jpg,Boletus/0315_TZK9JOYNO7Q.jpg,Boletus,Boletus,True,0.9992430210113525,0.0081472999991092,MobileNetV2,test,5.400948793976568e-06,4.2974854295607656e-05,0.9992430210113525,0.00012605210940819234,2.8950981345587934e-07,3.2614255740526232e-09,1.1645990980468923e-06,1.3592903087555896e-06,0.0002735708258114755,0.0002112316869897768,9.494174446444958e-05
C:\Projects\TM470\data\processed\test\Boletus\0320_Fj4PirBfkK0.jpg,Boletus/0320_Fj4PirBfkK0.jpg,Boletus,Boletus,True,0.38845375180244446,0.0080518000013398,MobileNetV2,test,0.006189183332026005,0.020767999812960625,0.38845375180244446,0.18936771154403687,0.01088594738394022,0.005202548578381538,0.016924038529396057,0.012230529449880123,0.2866809368133545,0.036482080817222595,0.026815347373485565
C:\Projects\TM470\data\processed\test\Boletus\0336__FEoILXRJaU.jpg,Boletus/0336__FEoILXRJaU.jpg,Boletus,Cortinarius,False,0.8500872850418091,0.0075941000013699,MobileNetV2,test,0.01863652840256691,0.0014346344396471977,0.026595832780003548,0.8500872850418091,0.002613323973491788,0.002742800395935774,0.0005928634200245142,0.06409339606761932,0.01858760602772236,0.0038639793638139963,0.01075170747935772
C:\Projects\TM470\data\processed\test\Boletus\0344_3nzDfs3jlQQ.jpg,Boletus/0344_3nzDfs3jlQQ.jpg,Boletus,Boletus,True,0.9983376264572144,0.0078734999988228,MobileNetV2,test,7.695681233599316e-06,0.000844162015710026,0.9983376264572144,3.67929351341445e-05,3.480753463236397e-08,1.0630839852865392e-07,7.942591651044495e-07,1.1211889159312705e-06,0.00019655030337162316,0.0005620857118628919,1.3009858776058536e-05
C:\Projects\TM470\data\processed\test\Boletus\0358_MmNt3oIzcU8.jpg,Boletus/0358_MmNt3oIzcU8.jpg,Boletus,Boletus,True,0.8945026397705078,0.0077879000000393,MobileNetV2,test,0.0009890033397823572,0.00116555520799011,0.8945026397705078,0.016798511147499084,0.0001554754126118496,1.4022182313055964e-06,0.0011700049508363008,0.0013223622227087617,0.04496834799647331,0.0013575460761785507,0.0375693179666996
C:\Projects\TM470\data\processed\test\Boletus\0365_w3QgqqeP-C8.jpg,Boletus/0365_w3QgqqeP-C8.jpg,Boletus,Boletus,True,0.9942043423652649,0.0077008000007481,MobileNetV2,test,9.664429671829566e-05,0.0002248685050290078,0.9942043423652649,0.0009706157143227756,8.691795869708585e-07,5.614918700302951e-05,1.7318050595349632e-05,9.268151188734919e-05,0.0030724979005753994,0.0011251873802393675,0.00013895108713768423
C:\Projects\TM470\data\processed\test\Boletus\0372_EVEx-OOzR1U.jpg,Boletus/0372_EVEx-OOzR1U.jpg,Boletus,Boletus,True,0.9992590546607971,0.0071817000007285,MobileNetV2,test,3.3364012779202312e-06,2.8513390134321526e-05,0.9992590546607971,0.0001223245053552091,5.253615427136538e-07,1.1973851243851641e-08,3.1699407827545656e-06,5.740338110626908e-06,0.0002931500494014472,2.688043241505511e-05,0.00025735600502230227
C:\Projects\TM470\data\processed\test\Boletus\0388_M54uL5T9TkM.jpg,Boletus/0388_M54uL5T9TkM.jpg,Boletus,Boletus,True,0.9952097535133362,0.0080294999988836,MobileNetV2,test,6.704218685626984e-05,0.003662477945908904,0.9952097535133362,0.00013118039350956678,3.877383278449997e-06,6.913122660989757e-07,1.179698301712051e-05,2.2072459614719264e-05,0.0005976206157356501,0.00022341364820022136,7.017195457592607e-05
C:\Projects\TM470\data\processed\test\Boletus\0391_s9Ag92abtK8.jpg,Boletus/0391_s9Ag92abtK8.jpg,Boletus,Boletus,True,0.9965103268623352,0.0072101000005204,MobileNetV2,test,6.126214429968968e-05,0.0003802342398557812,0.9965103268623352,0.00016322398732881993,1.7297134036198258e-06,2.924337195508997e-06,5.744158897869056e-06,0.0003219812933821231,0.0021668991539627314,0.00014907351578585804,0.0002366062835790217
C:\Projects\TM470\data\processed\test\Boletus\0395_jZFg843mP4g.jpg,Boletus/0395_jZFg843mP4g.jpg,Boletus,Boletus,True,0.9912590384483337,0.0073783000007097,MobileNetV2,test,3.709441079990938e-05,0.0014402178348973393,0.9912590384483337,0.0006938716396689415,4.95863469041069e-06,9.481806273470283e-07,0.0002516813692636788,6.885732000228018e-05,0.0026295846328139305,0.0011522599961608648,0.002461461815983057
C:\Projects\TM470\data\processed\test\Boletus\0396_SY7PYfYNq88.jpg,Boletus/0396_SY7PYfYNq88.jpg,Boletus,Boletus,True,0.9997085928916931,0.0085137000005488,MobileNetV2,test,8.630452725810756e-07,2.2629983504884876e-06,0.9997085928916931,5.7726192608242854e-05,6.497120352833008e-08,8.617621893858285e-11,1.1893639850768523e-07,1.5667112620576518e-06,4.7562585677951574e-05,5.601161774393404e-06,0.0001755016710376367
C:\Projects\TM470\data\processed\test\Boletus\0398_5b-zJ94MXQk.jpg,Boletus/0398_5b-zJ94MXQk.jpg,Boletus,Boletus,True,0.7441461682319641,0.0083555000001069,MobileNetV2,test,0.014029444195330143,0.03830409049987793,0.7441461682319641,0.12265795469284058,0.00028697034576907754,5.2527710067806765e-05,0.0012277960777282715,0.0066974270157516,0.01307421550154686,0.039264433085918427,0.020258964970707893
C:\Projects\TM470\data\processed\test\Boletus\0410_jhaHnXdb-IM.jpg,Boletus/0410_jhaHnXdb-IM.jpg,Boletus,Boletus,True,0.993035078048706,0.0082280999995418,MobileNetV2,test,3.0328861612360924e-05,0.00017614617536310107,0.993035078048706,0.00023997356765903533,1.568231891724281e-05,1.9434087050740345e-07,5.3317899073590524e-06,9.78163443505764e-05,0.0055307685397565365,0.00046980963088572025,0.0003988024836871773
C:\Projects\TM470\data\processed\test\Boletus\0426_LWjQTfRMiXo.jpg,Boletus/0426_LWjQTfRMiXo.jpg,Boletus,Boletus,True,0.756130576133728,0.0074766999987332,MobileNetV2,test,0.00087497424101457,0.0016819967422634363,0.756130576133728,0.06322242319583893,6.96054776199162e-05,2.203793883381877e-05,0.01359640434384346,0.0018573955167084932,0.08307598531246185,0.010405763052403927,0.06906288862228394
C:\Projects\TM470\data\processed\test\Boletus\0439_O6QzBvZavTM.jpg,Boletus/0439_O6QzBvZavTM.jpg,Boletus,Boletus,True,0.9998513460159302,0.0079473000005236,MobileNetV2,test,1.0666085614730036e-07,1.4832979786660871e-06,0.9998513460159302,1.3173307706892956e-05,1.6440224737124254e-09,4.075561763072777e-11,9.428815417322767e-08,1.425816265054891e-07,3.0153916668496095e-05,3.833311438938836e-06,9.965460776584223e-05
C:\Projects\TM470\data\processed\test\Boletus\0446_xHS1WNA5GOs.jpg,Boletus/0446_xHS1WNA5GOs.jpg,Boletus,Amanita,False,0.20698079466819763,0.0078641000000061,MobileNetV2,test,0.13331803679466248,0.20698079466819763,0.1430920660495758,0.05825452879071236,0.008873030543327332,0.033531978726387024,0.03987577185034752,0.15093891322612762,0.10439389944076538,0.07666394114494324,0.04407699406147003
C:\Projects\TM470\data\processed\test\Boletus\0457_lZNPtp0I8xY.jpg,Boletus/0457_lZNPtp0I8xY.jpg,Boletus,Boletus,True,0.994766116142273,0.0071122999997896,MobileNetV2,test,4.1053161112358794e-05,0.0027729326393455267,0.994766116142273,0.00024717787164263427,1.915264647323056e-06,4.36511527368566e-06,1.2149476788181346e-05,3.508373265503906e-05,0.0012065458577126265,0.0007394211133942008,0.0001732414384605363
C:\Projects\TM470\data\processed\test\Boletus\0471_lxzgCXnZUlM.jpg,Boletus/0471_lxzgCXnZUlM.jpg,Boletus,Boletus,True,0.82082599401474,0.0079243000000133,MobileNetV2,test,0.000978762749582529,0.004424286540597677,0.82082599401474,0.07670815289020538,3.545240906532854e-05,1.2834539120376576e-05,0.033161189407110214,0.0002834441838786006,0.016087470576167107,0.00212039309553802,0.04536201432347298
C:\Projects\TM470\data\processed\test\Boletus\0473_x9mm3RQN3OQ.jpg,Boletus/0473_x9mm3RQN3OQ.jpg,Boletus,Boletus,True,0.5302790999412537,0.0069390999997267,MobileNetV2,test,0.0024201360065490007,0.01961532235145569,0.5302790999412537,0.034974873065948486,0.000453438755357638,7.063078373903409e-05,0.015574446879327297,0.0012120041064918041,0.21239708364009857,0.13468892872333527,0.048314012587070465
C:\Projects\TM470\data\processed\test\Boletus\0476_qTLS2LtmH20.jpg,Boletus/0476_qTLS2LtmH20.jpg,Boletus,Boletus,True,0.6415771245956421,0.00778850000097,MobileNetV2,test,0.0007518266793340445,0.0009528542286716402,0.6415771245956421,0.1188608929514885,0.0022279222030192614,5.4403324611485004e-05,0.003416442545130849,0.011855344288051128,0.09682585299015045,0.015221013687551022,0.10825641453266144
C:\Projects\TM470\data\processed\test\Boletus\0478_IqIYZ5z8ZaA.jpg,Boletus/0478_IqIYZ5z8ZaA.jpg,Boletus,Boletus,True,0.9893386363983154,0.0078744000002188,MobileNetV2,test,3.079275529671577e-06,6.320622674138576e-07,0.9893386363983154,0.00609089620411396,3.8535810631401546e-07,3.147721638896428e-09,2.2343210730468854e-06,4.790782440977637e-06,0.001631545601412654,0.00024149628006853163,0.002686346648260951
C:\Projects\TM470\data\processed\test\Boletus\0482_bwKqTN52ZY0.jpg,Boletus/0482_bwKqTN52ZY0.jpg,Boletus,Lactarius,False,0.4953899383544922,0.0081664000008458,MobileNetV2,test,0.018746737390756607,0.0026766022201627493,0.13777483999729156,0.18846938014030457,0.008471488952636719,3.0694547604070976e-05,0.004497278016060591,0.01655365154147148,0.4953899383544922,0.07442579418420792,0.05296346917748451
C:\Projects\TM470\data\processed\test\Boletus\0485_2M-1Jj2XXfU.jpg,Boletus/0485_2M-1Jj2XXfU.jpg,Boletus,Boletus,True,0.9951142072677612,0.0070284999983414,MobileNetV2,test,0.0001391759142279625,0.0005450485623441637,0.9951142072677612,0.0005599837168119848,7.392711722786771e-07,7.113909532563412e-07,9.348651656182483e-05,4.2420757381478325e-05,0.0018973349360749125,0.0005959125701338053,0.0010109946597367525
C:\Projects\TM470\data\processed\test\Boletus\0487_V0mcOZZWsYc.jpg,Boletus/0487_V0mcOZZWsYc.jpg,Boletus,Boletus,True,0.9955794215202332,0.0071672000012767,MobileNetV2,test,1.896956928248983e-05,0.000251351622864604,0.9955794215202332,0.0004541069210972637,5.56200348000857e-07,1.8543687474448234e-08,6.943486368982121e-05,7.766600901959464e-06,0.0009729518205858767,0.00040234054904431105,0.0022430431563407183
C:\Projects\TM470\data\processed\test\Boletus\0496_oW-MXvWIdeg.jpg,Boletus/0496_oW-MXvWIdeg.jpg,Boletus,Boletus,True,0.9982354640960693,0.0070090999997773,MobileNetV2,test,1.1696776709868573e-05,0.0005510813207365572,0.9982354640960693,0.00019506513490341604,4.3339016997379076e-07,7.770502463699813e-08,2.2505053493659943e-05,1.133493788074702e-05,0.0005090534104965627,0.0001735021360218525,0.00028975450550206006
C:\Projects\TM470\data\processed\test\Boletus\0501_RcynfiUwksM.jpg,Boletus/0501_RcynfiUwksM.jpg,Boletus,Boletus,True,0.9977216124534607,0.0070226000007096,MobileNetV2,test,1.4679303603770677e-05,0.001562500256113708,0.9977216124534607,0.00017011207819450647,7.070593710523099e-07,4.3652633507917926e-08,1.0448509783600457e-05,3.637695726865786e-06,0.0003259789664298296,9.307258005719632e-05,9.722977119963616e-05
C:\Projects\TM470\data\processed\test\Boletus\0515_fH8FRrp-Rc4.jpg,Boletus/0515_fH8FRrp-Rc4.jpg,Boletus,Lactarius,False,0.668334424495697,0.0072044000007736,MobileNetV2,test,0.040714554488658905,0.02860294282436371,0.11287776380777359,0.04529131203889847,0.011008116416633129,9.200717613566667e-05,0.0044943890534341335,0.017819024622440338,0.668334424495697,0.03953542932868004,0.031230034306645393
C:\Projects\TM470\data\processed\test\Boletus\0516_jSgZvx-y_IA.jpg,Boletus/0516_jSgZvx-y_IA.jpg,Boletus,Boletus,True,0.999761164188385,0.0083352999990893,MobileNetV2,test,3.027314278369886e-06,8.514310320606455e-05,0.999761164188385,1.67716989381006e-05,1.0340107792217168e-07,7.7233881512484e-09,5.767446964455303e-07,1.7580723579158075e-06,6.686643610009924e-05,3.6418121453607455e-05,2.814753861457575e-05
C:\Projects\TM470\data\processed\test\Boletus\0551_xiALBJABq4k.jpg,Boletus/0551_xiALBJABq4k.jpg,Boletus,Boletus,True,0.996422290802002,0.0081950000003416,MobileNetV2,test,2.8665910576819442e-05,0.0009308602893725038,0.996422290802002,5.8632082073017955e-05,1.0049940328826779e-06,1.4706031947753218e-07,2.1876616301597096e-05,8.40461507323198e-06,0.0016698369290679693,0.0006730931927450001,0.0001852229324867949
C:\Projects\TM470\data\processed\test\Boletus\0552_Sm0FWjXpCUA.jpg,Boletus/0552_Sm0FWjXpCUA.jpg,Boletus,Boletus,True,0.1910455822944641,0.0078911999989941,MobileNetV2,test,0.17671522498130798,0.1651703417301178,0.1910455822944641,0.05784030631184578,0.0020139110274612904,0.00783888716250658,0.009055323898792267,0.08650428056716919,0.11455093324184418,0.1575266420841217,0.031738560646772385
C:\Projects\TM470\data\processed\test\Boletus\0569_DpPGoGLCmxw.jpg,Boletus/0569_DpPGoGLCmxw.jpg,Boletus,Boletus,True,0.4859386384487152,0.0069760999995196,MobileNetV2,test,0.011494903825223446,0.07886864989995956,0.4859386384487152,0.005834854207932949,0.00017801817739382386,3.5223217764723813e-07,0.02177939936518669,6.102002953412011e-05,0.28514090180397034,0.09003840386867523,0.020664941519498825
C:\Projects\TM470\data\processed\test\Boletus\0590_U1iXqaOG__4.jpg,Boletus/0590_U1iXqaOG__4.jpg,Boletus,Boletus,True,0.9975041747093201,0.0070568000010098,MobileNetV2,test,2.6410212740302086e-05,0.00016271768254227936,0.9975041747093201,6.703640974592417e-05,1.308630885432649e-06,4.993431090838385e-08,2.2350808649207465e-05,1.7705191567074507e-05,0.0012644982198253274,0.00016408257943112403,0.0007697480614297092
C:\Projects\TM470\data\processed\test\Boletus\0596_1eBgViXIxTo.jpg,Boletus/0596_1eBgViXIxTo.jpg,Boletus,Boletus,True,0.8530915379524231,0.007246600000144,MobileNetV2,test,0.004583191126585007,0.029881179332733154,0.8530915379524231,0.0123216537758708,0.00036642278428189456,0.0006739559466950595,0.007624779362231493,0.016331547871232033,0.04440772533416748,0.008216244168579578,0.022501757368445396
C:\Projects\TM470\data\processed\test\Boletus\0599_KA0H3vejy08.jpg,Boletus/0599_KA0H3vejy08.jpg,Boletus,Boletus,True,0.47620975971221924,0.0071606999990763,MobileNetV2,test,5.764869274571538e-05,0.029727643355727196,0.47620975971221924,0.007725324481725693,8.389636059291661e-05,1.7078356904676184e-05,0.38670939207077026,0.0009330169996246696,0.02390013448894024,0.011816618964076042,0.0628194734454155
C:\Projects\TM470\data\processed\test\Boletus\0608_iR5VKlchysc.jpg,Boletus/0608_iR5VKlchysc.jpg,Boletus,Boletus,True,0.9996166229248047,0.0072564000001875,MobileNetV2,test,1.755626180965919e-05,8.171822992153466e-05,0.9996166229248047,4.036740574520081e-05,4.405578835076085e-08,1.7936976348664757e-09,2.2576041374122724e-06,8.212056741285778e-07,0.00016173777112271637,1.964103284990415e-05,5.9178964875172824e-05
C:\Projects\TM470\data\processed\test\Boletus\0612_8lQr8TbwImc.jpg,Boletus/0612_8lQr8TbwImc.jpg,Boletus,Boletus,True,0.9998118281364441,0.0069347999997262,MobileNetV2,test,1.9649267812837934e-07,8.749751714276499e-07,0.9998118281364441,1.1321913916617632e-05,1.0579986886583015e-09,2.812916566341528e-12,1.1431581725673823e-07,5.445760731248583e-09,8.500186231685802e-05,2.0318895622040145e-05,7.029429980320856e-05
C:\Projects\TM470\data\processed\test\Boletus\0624_RmlDHXvJUeU.jpg,Boletus/0624_RmlDHXvJUeU.jpg,Boletus,Boletus,True,0.9932994842529297,0.0071391999990737,MobileNetV2,test,5.3455452871276066e-05,0.004035755060613155,0.9932994842529297,0.00012767846055794507,7.808993359503802e-06,1.8078010555200308e-07,6.31525253993459e-05,3.3958462154259905e-05,0.0014935584040358663,0.000530997640453279,0.00035392094287090003
C:\Projects\TM470\data\processed\test\Boletus\0631_PJXNFQZc7n8.jpg,Boletus/0631_PJXNFQZc7n8.jpg,Boletus,Boletus,True,0.9383277893066406,0.007194800000434,MobileNetV2,test,5.226962002780056e-06,0.00013436743756756186,0.9383277893066406,0.0026779354084283113,2.6048503514175536e-06,4.305634249135437e-08,0.0002402027021162212,0.0002695846778806299,0.011550525203347206,0.0024228827096521854,0.0443689338862896
C:\Projects\TM470\data\processed\test\Boletus\0632_Rc_3hYDbYqU.jpg,Boletus/0632_Rc_3hYDbYqU.jpg,Boletus,Boletus,True,0.8116033673286438,0.007261800001288,MobileNetV2,test,0.0001002681819954887,0.00014551362255588174,0.8116033673286438,0.022417902946472168,3.555309376679361e-05,5.47581464616087e-07,0.0010403512278571725,0.0004720422439277172,0.05420688912272453,0.008463231846690178,0.10151436924934387
C:\Projects\TM470\data\processed\test\Boletus\0635_-J_6XTsYZMA.jpg,Boletus/0635_-J_6XTsYZMA.jpg,Boletus,Boletus,True,0.9099186062812805,0.0072024999990389,MobileNetV2,test,0.0033524001482874155,0.02784203179180622,0.9099186062812805,0.014678201638162136,0.0011312930146232247,1.0355535096095991e-06,0.00016309047350659966,3.2994528737617657e-05,0.029281459748744965,0.011288666166365147,0.002310197101905942
C:\Projects\TM470\data\processed\test\Boletus\0645_l3ki0s-WOCU.jpg,Boletus/0645_l3ki0s-WOCU.jpg,Boletus,Lactarius,False,0.32035449147224426,0.0074745999991137,MobileNetV2,test,0.01099241804331541,0.020641323179006577,0.14550544321537018,0.23920530080795288,0.016097668558359146,0.0533156581223011,0.07462530583143234,0.057942092418670654,0.32035449147224426,0.01143633108586073,0.04988393932580948
C:\Projects\TM470\data\processed\test\Boletus\0646_X-9LZJb_Mm8.jpg,Boletus/0646_X-9LZJb_Mm8.jpg,Boletus,Boletus,True,0.7763193249702454,0.0074855000002571,MobileNetV2,test,8.572517981519923e-05,6.756676157237962e-05,0.7763193249702454,0.07148072868585587,0.00022886114311404526,4.10278244089568e-06,0.0011457887012511492,0.0009640211937949061,0.10234497487545013,0.004985285457223654,0.04237349331378937
C:\Projects\TM470\data\processed\test\Boletus\0654_S0ZETeWMBPU.jpg,Boletus/0654_S0ZETeWMBPU.jpg,Boletus,Exidia,False,0.7794517874717712,0.0076439000004029,MobileNetV2,test,0.008045002818107605,0.03461847081780434,0.010081987828016281,0.02477353811264038,0.015194284729659557,0.7794517874717712,0.005779938772320747,0.09350952506065369,0.02122916281223297,0.00530165433883667,0.0020146877504885197
C:\Projects\TM470\data\processed\test\Boletus\0659_r1c48yLOmjA.jpg,Boletus/0659_r1c48yLOmjA.jpg,Boletus,Boletus,True,0.997302770614624,0.0070888999998715,MobileNetV2,test,2.4083499738480896e-05,0.000406593200750649,0.997302770614624,0.00022764134337194264,2.1608657618799043e-07,2.2395843513045577e-10,2.2841431928100064e-05,9.953861308531486e-07,0.0006870005163364112,5.264872015686706e-05,0.001275236951187253
C:\Projects\TM470\data\processed\test\Boletus\0662_zLAxc0c9R_M.jpg,Boletus/0662_zLAxc0c9R_M.jpg,Boletus,Boletus,True,0.9953150749206543,0.0073569000014686,MobileNetV2,test,1.55653524416266e-05,0.000543040398042649,0.9953150749206543,9.464404865866527e-05,4.988941668671032e-07,1.4021559024968155e-07,0.0003156363673042506,1.6419102394138463e-05,0.0018894524546340108,0.00022614312183577567,0.001583398669026792
C:\Projects\TM470\data\processed\test\Boletus\0664_aAvZIRDPNUI.jpg,Boletus/0664_aAvZIRDPNUI.jpg,Boletus,Boletus,True,0.46852853894233704,0.0069798000004084,MobileNetV2,test,0.0025959291961044073,0.005742129869759083,0.46852853894233704,0.3750684857368469,0.006084580905735493,0.0010415264405310154,0.021236220374703407,0.017645249143242836,0.05054037272930145,0.004659196827560663,0.046857800334692
C:\Projects\TM470\data\processed\test\Boletus\0665_oAzt25TNZeQ.jpg,Boletus/0665_oAzt25TNZeQ.jpg,Boletus,Boletus,True,0.8795135021209717,0.007126700000299,MobileNetV2,test,0.0004540420195553452,0.004228014498949051,0.8795135021209717,0.025684477761387825,0.0007377541041933,0.0005018496885895729,0.009775545448064804,0.009381257928907871,0.05029049888253212,0.0007683659205213189,0.018664684146642685
C:\Projects\TM470\data\processed\test\Boletus\0670_K_TCbzxFUGM.jpg,Boletus/0670_K_TCbzxFUGM.jpg,Boletus,Boletus,True,0.7117369174957275,0.0073802000006253,MobileNetV2,test,0.00027706497348845005,0.001640759757719934,0.7117369174957275,0.004917474929243326,7.440699846483767e-05,5.055792826169636e-06,0.014296390116214752,0.0025015571154654026,0.1875297576189041,0.008030903525650501,0.06898976117372513
C:\Projects\TM470\data\processed\test\Boletus\0684_vMnFJrCY0pg.jpg,Boletus/0684_vMnFJrCY0pg.jpg,Boletus,Boletus,True,0.25621119141578674,0.0078912999997555,MobileNetV2,test,0.0033595915883779526,0.010387727990746498,0.25621119141578674,0.23958858847618103,0.011430478654801846,0.015915965661406517,0.008628979325294495,0.2370232790708542,0.12992000579833984,0.030713781714439392,0.056820400059223175
C:\Projects\TM470\data\processed\test\Boletus\0686_HDMT9DDObck.jpg,Boletus/0686_HDMT9DDObck.jpg,Boletus,Lactarius,False,0.7957890629768372,0.011139499998535,MobileNetV2,test,0.0032497618813067675,0.008224274031817913,0.11077380180358887,0.011491196230053902,0.004135390743613243,0.00020620535360649228,0.0043127587996423244,0.01998349465429783,0.7957890629768372,0.01718342863023281,0.02465061843395233
C:\Projects\TM470\data\processed\test\Boletus\0687_OAh8DHQ9Ejw.jpg,Boletus/0687_OAh8DHQ9Ejw.jpg,Boletus,Boletus,True,0.875605583190918,0.0069545000005746,MobileNetV2,test,0.001217659912072122,0.04959961771965027,0.875605583190918,0.017344117164611816,0.00018196336168330163,0.005074444692581892,0.004911805037409067,0.001170810661278665,0.03626609593629837,0.006507974583655596,0.0021198750473558903
C:\Projects\TM470\data\processed\test\Boletus\0691_aeOqhuNhZUo.jpg,Boletus/0691_aeOqhuNhZUo.jpg,Boletus,Boletus,True,0.9367700219154358,0.0079200999989552,MobileNetV2,test,0.0019237472442910075,0.018696198239922523,0.9367700219154358,0.01126052625477314,5.8757235819939524e-05,4.769197857967811e-06,0.004449283704161644,0.00014771567657589912,0.01321315672248602,0.009056300856173038,0.004419524222612381
C:\Projects\TM470\data\processed\test\Boletus\0694_ZGhTNFYpRF0.jpg,Boletus/0694_ZGhTNFYpRF0.jpg,Boletus,Boletus,True,0.5212788581848145,0.0068676000009872,MobileNetV2,test,0.0030971982050687075,0.0026315967552363873,0.5212788581848145,0.18856897950172424,0.0006529013626277447,0.0048124464228749275,0.006936435122042894,0.012973128817975521,0.2215614914894104,0.013393792323768139,0.024093128740787506
C:\Projects\TM470\data\processed\test\Boletus\0705_zAx-31wgOX8.jpg,Boletus/0705_zAx-31wgOX8.jpg,Boletus,Boletus,True,0.6767738461494446,0.0073191999999835,MobileNetV2,test,4.0733430068939924e-05,0.00011634756810963154,0.6767738461494446,0.09405313432216644,5.923217941017356e-06,1.6447938833152875e-07,0.0025183127727359533,0.00026356489979662,0.053370341658592224,0.02372821606695652,0.1491294652223587
C:\Projects\TM470\data\processed\test\Boletus\0706_O2coJ1bHNyI.jpg,Boletus/0706_O2coJ1bHNyI.jpg,Boletus,Cortinarius,False,0.6213681697845459,0.0073123999991366,MobileNetV2,test,0.005688440520316362,0.006069486495107412,0.007091876585036516,0.6213681697845459,0.12171532958745956,0.024081803858280182,0.004683610051870346,0.12947477400302887,0.05749855563044548,0.01291697844862938,0.009411046281456947
C:\Projects\TM470\data\processed\test\Boletus\0710_3W2LVW3vahA.jpg,Boletus/0710_3W2LVW3vahA.jpg,Boletus,Boletus,True,0.9998124241828918,0.00734840000041,MobileNetV2,test,2.2406791231333045e-06,3.985673174611293e-05,0.9998124241828918,2.8609965738723986e-05,7.73562280897977e-09,2.717628344584e-10,3.582919134714757e-07,3.4096828471774643e-07,3.452231612754986e-05,5.0247879698872566e-05,3.1371448130812496e-05
C:\Projects\TM470\data\processed\test\Boletus\0711_BeW-0Vt9hao.jpg,Boletus/0711_BeW-0Vt9hao.jpg,Boletus,Cortinarius,False,0.44802334904670715,0.0071833999991213,MobileNetV2,test,0.011261025443673134,0.005907746963202953,0.06451905518770218,0.44802334904670715,0.028318725526332855,8.027219882933423e-05,0.014004107564687729,0.11123360693454742,0.06352569907903671,0.009337835945189,0.24378854036331177
C:\Projects\TM470\data\processed\test\Boletus\0712_KcW299HdxJQ.jpg,Boletus/0712_KcW299HdxJQ.jpg,Boletus,Boletus,True,0.4309787452220917,0.0070766999997431,MobileNetV2,test,0.0015807669842615724,0.047285184264183044,0.4309787452220917,0.0632273256778717,0.002387257991358638,0.00017518599634058774,0.31482139229774475,0.00041416610474698246,0.10077810287475586,0.011045176535844803,0.027306782081723213
C:\Projects\TM470\data\processed\test\Boletus\0715_bpAousgaNak.jpg,Boletus/0715_bpAousgaNak.jpg,Boletus,Russula,False,0.6286519169807434,0.0082543999997142,MobileNetV2,test,0.0022225845605134964,0.005998383741825819,0.00048054338549263775,0.2627558708190918,0.0031357770785689354,3.2791563171485905e-06,0.0032377776224166155,0.0029714973643422127,0.07619278132915497,0.6286519169807434,0.014349598437547684
C:\Projects\TM470\data\processed\test\Boletus\0720_5nsuj2jRfF0.jpg,Boletus/0720_5nsuj2jRfF0.jpg,Boletus,Exidia,False,0.3403683602809906,0.0070297000002028,MobileNetV2,test,0.04269161447882652,0.14455008506774902,0.025663375854492188,0.05279386416077614,0.023016666993498802,0.3403683602809906,0.017859913408756256,0.23933525383472443,0.07209967821836472,0.023168280720710754,0.01845286786556244
C:\Projects\TM470\data\processed\test\Boletus\0731_6DJ6_aa-bZg.jpg,Boletus/0731_6DJ6_aa-bZg.jpg,Boletus,Boletus,True,0.8902440667152405,0.0073561999997764,MobileNetV2,test,4.387828448670916e-05,0.00030038002296350896,0.8902440667152405,0.05254410579800606,9.778437743079849e-06,4.973032332600269e-07,0.00041822640923783183,5.726142990170047e-05,0.015431155450642109,0.013091551139950752,0.027858922258019447
C:\Projects\TM470\data\processed\test\Boletus\0754_zPtZnfibMT4.jpg,Boletus/0754_zPtZnfibMT4.jpg,Boletus,Amanita,False,0.3446717858314514,0.007487900000342,MobileNetV2,test,0.02071971446275711,0.3446717858314514,0.0415426529943943,0.06624183803796768,0.008668340742588043,0.00400032801553607,0.2837563753128052,0.10493040829896927,0.04219134524464607,0.01696234568953514,0.0663149282336235
C:\Projects\TM470\data\processed\test\Boletus\0778_UbEygYYDhi4.jpg,Boletus/0778_UbEygYYDhi4.jpg,Boletus,Exidia,False,0.25015541911125183,0.0077523999989352,MobileNetV2,test,0.029521407559514046,0.053594473749399185,0.1196756586432457,0.040804605931043625,0.017711704596877098,0.25015541911125183,0.013032320886850357,0.2482912391424179,0.15094073116779327,0.05818605050444603,0.01808636635541916
C:\Projects\TM470\data\processed\test\Boletus\0779_x10CHNm1XGs.jpg,Boletus/0779_x10CHNm1XGs.jpg,Boletus,Boletus,True,0.8964663147926331,0.0078446999996231,MobileNetV2,test,0.007464837282896042,0.009261345490813255,0.8964663147926331,0.0029088305309414864,1.423274716216838e-05,7.954593428394219e-08,0.00016794321709312499,1.1102416465291753e-05,0.06716770678758621,0.013685489073395729,0.0028520748019218445
C:\Projects\TM470\data\processed\test\Boletus\0789_HeUlbr2dIsk.jpg,Boletus/0789_HeUlbr2dIsk.jpg,Boletus,Cortinarius,False,0.3837912678718567,0.0072162000014941,MobileNetV2,test,0.0043596844188869,0.005672394298017025,0.017304211854934692,0.3837912678718567,0.020191963762044907,0.051087092608213425,0.18291038274765015,0.20746727287769318,0.07691008597612381,0.003310440806671977,0.04699522629380226
C:\Projects\TM470\data\processed\test\Boletus\0790_pju1fCrxSyw.jpg,Boletus/0790_pju1fCrxSyw.jpg,Boletus,Amanita,False,0.5942676067352295,0.0067471000002115,MobileNetV2,test,0.009069777093827724,0.5942676067352295,0.01859520934522152,0.05346394330263138,0.003645779564976692,0.0012040272122249007,0.06564049422740936,0.010834591463208199,0.06175418198108673,0.1582545042037964,0.023269856348633766
C:\Projects\TM470\data\processed\test\Boletus\0795_O2Z0CQUcDhg.jpg,Boletus/0795_O2Z0CQUcDhg.jpg,Boletus,Boletus,True,0.9982354640960693,0.007332099999985,MobileNetV2,test,3.766555209949729e-07,5.1822671593981795e-06,0.9982354640960693,0.0004507162084337324,7.04954317143347e-08,2.3525370540511403e-10,5.811886580886494e-07,1.060269951835835e-07,0.0003661610244307667,0.0006162128993310034,0.00032515861676074564
C:\Projects\TM470\data\processed\test\Boletus\0797_6dpBNM8twyA.jpg,Boletus/0797_6dpBNM8twyA.jpg,Boletus,Cortinarius,False,0.6783995628356934,0.0068769000008614,MobileNetV2,test,0.001076042652130127,0.0022228204179555178,0.028650077059864998,0.6783995628356934,0.028902336955070496,1.9919569240300916e-05,0.08899932354688644,0.009810260497033596,0.07712700217962265,0.0004903233493678272,0.08430231362581253
C:\Projects\TM470\data\processed\test\Boletus\0801_ulyFq_UWWzM.jpg,Boletus/0801_ulyFq_UWWzM.jpg,Boletus,Boletus,True,0.5870391726493835,0.0084851999999955,MobileNetV2,test,0.0022248507011681795,0.04868718236684799,0.5870391726493835,0.08265048265457153,0.038243453949689865,0.009015334770083427,0.029072964563965797,0.008001969195902348,0.1474660038948059,0.023831825703382492,0.023766687139868736
C:\Projects\TM470\data\processed\test\Boletus\0802_MWtsI0EKttw.jpg,Boletus/0802_MWtsI0EKttw.jpg,Boletus,Amanita,False,0.49813058972358704,0.0082681000003503,MobileNetV2,test,0.016217581927776337,0.49813058972358704,0.05268010124564171,0.04844800755381584,0.005467177834361792,0.0005348476697690785,0.00435748603194952,0.004999409429728985,0.03314800187945366,0.3332648277282715,0.0027519329451024532
C:\Projects\TM470\data\processed\test\Boletus\0807_Iqw2hN_b0s8.jpg,Boletus/0807_Iqw2hN_b0s8.jpg,Boletus,Boletus,True,0.6875558495521545,0.0069710999996459,MobileNetV2,test,0.0008544860174879432,0.011608746834099293,0.6875558495521545,0.010578364133834839,0.009129994548857212,6.723539991071448e-05,0.012741101905703545,0.0038800141774117947,0.20887771248817444,0.015490992926061153,0.03921566158533096
C:\Projects\TM470\data\processed\test\Boletus\0811_7t2BE3xOyek.jpg,Boletus/0811_7t2BE3xOyek.jpg,Boletus,Boletus,True,0.7626895308494568,0.0091234999999869,MobileNetV2,test,0.0478489063680172,0.021351482719182968,0.7626895308494568,0.14132221043109894,0.0005933414213359356,9.8990426522505e-07,5.438867083285004e-05,0.00017978849064093083,0.012274445034563541,0.009148896671831608,0.0045359376817941666
C:\Projects\TM470\data\processed\test\Boletus\0813_mXb_8YjMI_8.jpg,Boletus/0813_mXb_8YjMI_8.jpg,Boletus,Boletus,True,0.8381038308143616,0.0089960999994218,MobileNetV2,test,0.007077464833855629,0.04405093193054199,0.8381038308143616,0.07175253331661224,0.0009016790427267551,5.444708676805021e-06,0.0008480586693622172,0.0021532108075916767,0.007160209584981203,0.0030352037865668535,0.0249115489423275
C:\Projects\TM470\data\processed\test\Boletus\0829_dHV6v4tZvMk.jpg,Boletus/0829_dHV6v4tZvMk.jpg,Boletus,Boletus,True,0.9970583915710449,0.0081654999994498,MobileNetV2,test,7.180788088589907e-05,0.0004378116282168776,0.9970583915710449,0.0009107950609177351,1.0556221923252451e-06,7.083868354129663e-07,5.3071413276484236e-05,1.902171607071068e-05,0.001077396678738296,0.00011401312076486647,0.00025573710445314646
C:\Projects\TM470\data\processed\test\Boletus\0832_XCzDV_JY6_M.jpg,Boletus/0832_XCzDV_JY6_M.jpg,Boletus,Boletus,True,0.9972344040870667,0.0071625000000494,MobileNetV2,test,3.2205931347562e-05,0.00033196978620253503,0.9972344040870667,0.0004464710073079914,4.159745913057122e-06,1.350006868960918e-06,1.712167613732163e-05,1.934973624884151e-05,0.0009960795287042856,0.0006879486027173698,0.00022896316659171134
C:\Projects\TM470\data\processed\test\Boletus\0833_lwqKJywKCCc.jpg,Boletus/0833_lwqKJywKCCc.jpg,Boletus,Boletus,True,0.9960476756095886,0.006982799999605,MobileNetV2,test,2.479417344147805e-05,0.003511101473122835,0.9960476756095886,1.4582096810045186e-05,6.499125220216229e-07,2.738387472334125e-08,3.003867050210829e-06,4.573013484332478e-06,0.00025665349676273763,0.00011795374302892014,1.9026550944545306e-05
C:\Projects\TM470\data\processed\test\Boletus\0836_FkYdaUI06h0.jpg,Boletus/0836_FkYdaUI06h0.jpg,Boletus,Entoloma,False,0.3255684971809387,0.0072043000000121,MobileNetV2,test,0.007542021572589874,0.07109016925096512,0.04688098654150963,0.06940656155347824,0.3255684971809387,0.02517887018620968,0.11308715492486954,0.19751745462417603,0.108375184237957,0.00498603330925107,0.030367117375135422
C:\Projects\TM470\data\processed\test\Boletus\0839__L3OdEzm-GA.jpg,Boletus/0839__L3OdEzm-GA.jpg,Boletus,Boletus,True,0.9967930912971497,0.0071245999988605,MobileNetV2,test,4.427956810104661e-05,0.00032016783370636404,0.9967930912971497,0.0008101335261017084,8.353856173926033e-06,1.221907837134495e-06,1.3016354387218598e-05,2.4741773813730106e-05,0.0009660267969593406,0.0009230343857780099,9.582655184203759e-05
C:\Projects\TM470\data\processed\test\Boletus\0841_7XAXHIAG0d8.jpg,Boletus/0841_7XAXHIAG0d8.jpg,Boletus,Boletus,True,0.9896296858787537,0.0071173999986058,MobileNetV2,test,3.335392102599144e-05,0.00018362354603596032,0.9896296858787537,0.004422440193593502,2.9162003556848504e-05,6.519198905152734e-07,2.238680826849304e-05,8.26249652163824e-06,0.003224247833713889,0.001676055951975286,0.0007701526628807187
C:\Projects\TM470\data\processed\test\Boletus\0857_lvu1iJAnbvg.jpg,Boletus/0857_lvu1iJAnbvg.jpg,Boletus,Boletus,True,0.9990004897117615,0.0071205999993253,MobileNetV2,test,1.9601100120780757e-06,7.376988833129872e-06,0.9990004897117615,5.9492878790479153e-05,4.80121631341035e-09,6.751684211714348e-10,1.0621152313206039e-07,1.5527282926086627e-07,7.459595508407801e-05,0.0008067145827226341,4.904071465716697e-05
C:\Projects\TM470\data\processed\test\Boletus\0859_z4K-tiR_PP0.jpg,Boletus/0859_z4K-tiR_PP0.jpg,Boletus,Boletus,True,0.8569612503051758,0.0076341999993019,MobileNetV2,test,0.0015592467971146107,0.002445956924930215,0.8569612503051758,0.09290757775306702,2.187343307014089e-05,2.378292037974461e-06,0.0009010658250190318,2.6386636818642728e-05,0.0179232619702816,0.020769299939274788,0.006481746677309275
C:\Projects\TM470\data\processed\test\Boletus\0867_ExxTC0iGbxI.jpg,Boletus/0867_ExxTC0iGbxI.jpg,Boletus,Boletus,True,0.2527964115142822,0.0078425000010611,MobileNetV2,test,0.08097884804010391,0.18031853437423706,0.2527964115142822,0.05756468325853348,0.016148410737514496,0.02113107219338417,0.0576794296503067,0.09468340128660202,0.11723745614290237,0.039893776178359985,0.08156793564558029
C:\Projects\TM470\data\processed\test\Boletus\0870_BxgSujm7-C8.jpg,Boletus/0870_BxgSujm7-C8.jpg,Boletus,Boletus,True,0.9641411304473877,0.0071668000000499,MobileNetV2,test,0.00033261708449572325,0.000668952357955277,0.9641411304473877,0.015571876429021358,1.1775238817790523e-05,4.2779697650985327e-07,0.00015867249749135226,7.845972140785307e-05,0.00419932184740901,0.007228844799101353,0.0076078446581959724
C:\Projects\TM470\data\processed\test\Boletus\0876_Sizxg8ymXLI.jpg,Boletus/0876_Sizxg8ymXLI.jpg,Boletus,Boletus,True,0.8216099739074707,0.0069631999995181,MobileNetV2,test,0.018314732238650322,0.04105706512928009,0.8216099739074707,0.020035669207572937,0.0003656197222881019,0.001078660599887371,0.0043419888243079185,0.010025015100836754,0.027692489326000214,0.026757994666695595,0.02872077375650406
C:\Projects\TM470\data\processed\test\Boletus\0883_LcmFTebwKmA.jpg,Boletus/0883_LcmFTebwKmA.jpg,Boletus,Boletus,True,0.9973145127296448,0.0082412000010663,MobileNetV2,test,3.810206180787645e-05,0.00012145298387622461,0.9973145127296448,0.00031611660961061716,1.1904855909961043e-06,6.010151878399483e-07,8.10148867458338e-06,2.6870271540246904e-05,0.0016156802885234356,0.00037876429269090295,0.00017870540614239872
C:\Projects\TM470\data\processed\test\Boletus\0891_9qHx98xefUQ.jpg,Boletus/0891_9qHx98xefUQ.jpg,Boletus,Boletus,True,0.9996498823165894,0.0074150000000372,MobileNetV2,test,7.612110266563832e-07,0.0003250679874327034,0.9996498823165894,4.4368093767843675e-06,2.2172601532588487e-09,7.490367770479622e-10,1.0742716938239028e-07,5.8200853914058825e-08,9.540357496007346e-06,8.28402608021861e-06,1.8557069552116445e-06
C:\Projects\TM470\data\processed\test\Boletus\0904_qppYGFqfqYg.jpg,Boletus/0904_qppYGFqfqYg.jpg,Boletus,Boletus,True,0.9810265302658081,0.0072775000007823,MobileNetV2,test,0.00011869559966726229,0.015668164938688278,0.9810265302658081,0.00048796593910083175,4.1178839182975935e-07,1.828306835705007e-06,3.32940362568479e-05,2.127597872458864e-05,0.0006022039451636374,0.0018279103096574545,0.00021168316015973687
C:\Projects\TM470\data\processed\test\Boletus\0907_JUjr6H_B0Xo.jpg,Boletus/0907_JUjr6H_B0Xo.jpg,Boletus,Boletus,True,0.934091329574585,0.0074100000001635,MobileNetV2,test,2.2124026145320386e-05,0.00022972168517298996,0.934091329574585,0.0006085802451707423,8.29845703265164e-06,4.4592159298417755e-08,8.526538294972852e-06,2.026002221100498e-05,0.010832682251930237,0.05242503061890602,0.00175331044010818
C:\Projects\TM470\data\processed\test\Boletus\0910_gk8EFVec-aU.jpg,Boletus/0910_gk8EFVec-aU.jpg,Boletus,Boletus,True,0.9844720959663391,0.0071363000006385,MobileNetV2,test,0.00027389274328015745,0.003395507112145424,0.9844720959663391,0.0013116801856085658,8.438771328656003e-05,5.255894393485505e-06,0.0006477494607679546,9.738269000081345e-05,0.0062498245388269424,0.0018888779450207949,0.0015734316548332572
C:\Projects\TM470\data\processed\test\Boletus\0920_Mj9Gr-R_eJg.jpg,Boletus/0920_Mj9Gr-R_eJg.jpg,Boletus,Boletus,True,0.999871015548706,0.0072453000011591,MobileNetV2,test,5.71865882648126e-07,1.309875187871512e-05,0.999871015548706,6.185099664435256e-06,8.664683970316389e-10,9.527998182101705e-12,3.3949663702514954e-07,2.276075106166786e-09,4.662438004743308e-05,3.310280590085313e-05,2.8974649467272684e-05
C:\Projects\TM470\data\processed\test\Boletus\0927_GeTz3gpfOCA.jpg,Boletus/0927_GeTz3gpfOCA.jpg,Boletus,Boletus,True,0.9647286534309387,0.0071484000000054,MobileNetV2,test,0.0017200991278514266,0.003815331729128957,0.9647286534309387,0.0038472916930913925,2.599732943053823e-05,7.740184082649648e-05,5.186918133404106e-05,0.0019842195324599743,0.010814138688147068,0.009984874166548252,0.0029501006938517094
C:\Projects\TM470\data\processed\test\Boletus\0939_Uu9bT1-H4ZE.jpg,Boletus/0939_Uu9bT1-H4ZE.jpg,Boletus,Boletus,True,0.9921194314956665,0.0079289000004791,MobileNetV2,test,0.0007100741495378315,0.0005355281173251569,0.9921194314956665,0.0014309720136225224,7.094894840520283e-07,1.2237999502673347e-09,1.7350826965412125e-05,7.788183893353562e-07,0.0023412026930600405,0.001759778126142919,0.0010841342154890299
C:\Projects\TM470\data\processed\test\Boletus\0941_CD55o3j2ACk.jpg,Boletus/0941_CD55o3j2ACk.jpg,Boletus,Russula,False,0.5985739231109619,0.0079643000008218,MobileNetV2,test,0.0223696306347847,0.016748247668147087,0.11229678988456726,0.007144369184970856,6.795278750360012e-05,2.1408702366443322e-08,0.0009268210851587355,2.9355236620176584e-05,0.23028138279914856,0.5985739231109619,0.011561473831534386
C:\Projects\TM470\data\processed\test\Boletus\0943_7_qx73pcT5M.jpg,Boletus/0943_7_qx73pcT5M.jpg,Boletus,Boletus,True,0.9998607635498047,0.008156299998518,MobileNetV2,test,6.295664434219361e-07,2.8771090001100674e-05,0.9998607635498047,3.205636312486604e-05,3.473505039153224e-09,5.737640362823981e-10,2.9502103870981955e-08,4.0831224623616436e-08,1.6128131392179057e-05,5.4608557547908276e-05,6.888722964504268e-06
C:\Projects\TM470\data\processed\test\Boletus\0944_uchnyCbCU8o.jpg,Boletus/0944_uchnyCbCU8o.jpg,Boletus,Boletus,True,0.9410238862037659,0.0078639999992446,MobileNetV2,test,0.001999917905777693,0.04294303432106972,0.9410238862037659,0.002087582368403673,1.1829682989628054e-05,4.999157226848183e-06,0.00010238738468615338,4.481397627387196e-05,0.004773369990289211,0.006592978723347187,0.0004151946341153234
C:\Projects\TM470\data\processed\test\Boletus\0951_12IsIr7KDL0.jpg,Boletus/0951_12IsIr7KDL0.jpg,Boletus,Boletus,True,0.9981076717376709,0.0082192999998369,MobileNetV2,test,5.366091136238538e-05,0.001377261709421873,0.9981076717376709,5.597946801572107e-05,5.765501782661886e-07,1.186684439602459e-08,1.0037556421593763e-06,6.29221801773383e-07,0.00027352437609806657,0.000118860429211054,1.0870719052036293e-05
C:\Projects\TM470\data\processed\test\Boletus\0953_JtmTQxMa4yM.jpg,Boletus/0953_JtmTQxMa4yM.jpg,Boletus,Boletus,True,0.35661810636520386,0.0080386999998154,MobileNetV2,test,0.10958761721849442,0.08080186694860458,0.35661810636520386,0.04062410444021225,0.012914374470710754,0.00016787831555120647,0.0035769373644143343,0.03035898506641388,0.2778399884700775,0.07394690811634064,0.013563180342316628
C:\Projects\TM470\data\processed\test\Boletus\0954_UdQ21bvT_YM.jpg,Boletus/0954_UdQ21bvT_YM.jpg,Boletus,Boletus,True,0.9821832180023193,0.007388300000457,MobileNetV2,test,0.00046616801409982145,0.005905138328671455,0.9821832180023193,0.000737150083296001,2.173664870497305e-05,4.114836337976158e-05,0.0001044541786541231,0.0007581211975775659,0.005333797540515661,0.003233328927308321,0.0012157097226008773
C:\Projects\TM470\data\processed\test\Boletus\0974_ZIsylb_w8NE.jpg,Boletus/0974_ZIsylb_w8NE.jpg,Boletus,Boletus,True,0.7844998240470886,0.0085361000001285,MobileNetV2,test,0.004445746541023254,0.005208286922425032,0.7844998240470886,0.033960435539484024,9.278003562940285e-05,5.339743893273408e-06,0.0001430835109204054,0.0007302059675566852,0.025565989315509796,0.13988852500915527,0.005459761247038841
C:\Projects\TM470\data\processed\test\Boletus\0981_Q5GmJS_vei8.jpg,Boletus/0981_Q5GmJS_vei8.jpg,Boletus,Boletus,True,0.9981387853622437,0.0075608999995893,MobileNetV2,test,1.133262958319392e-05,4.090532456757501e-05,0.9981387853622437,0.0004496692563407123,6.318801410998276e-07,9.223075636555222e-08,3.251593625464011e-06,4.27924578616512e-06,0.0011598167475312948,7.494358578696847e-05,0.00011638471187325194
C:\Projects\TM470\data\processed\test\Boletus\0987_JvKLOKW8WFA.jpg,Boletus/0987_JvKLOKW8WFA.jpg,Boletus,Boletus,True,0.5380525588989258,0.0081356999999115,MobileNetV2,test,0.001655102358199656,0.028729144483804703,0.5380525588989258,0.07419353723526001,0.003465709974989295,0.0006399957346729934,0.18091444671154022,0.009997807443141937,0.0649149939417839,0.01351974532008171,0.08391693979501724
C:\Projects\TM470\data\processed\test\Boletus\0988_R0RNuJ8IqBI.jpg,Boletus/0988_R0RNuJ8IqBI.jpg,Boletus,Boletus,True,0.6414648294448853,0.0074660999998741,MobileNetV2,test,0.007639881689101458,0.13677650690078735,0.6414648294448853,0.03831164166331291,0.0016930900746956468,3.6743629607371986e-05,0.047776397317647934,0.0007887326064519584,0.07648257911205292,0.009067904204130173,0.03996168076992035
C:\Projects\TM470\data\processed\test\Boletus\1021_SyO8BpGSVjw.jpg,Boletus/1021_SyO8BpGSVjw.jpg,Boletus,Hygrocybe,False,0.4047006368637085,0.0080078999999386,MobileNetV2,test,0.0005244341446086764,0.0015072199748829007,0.02070820890367031,0.22290807962417603,0.001182135078124702,3.090258815063862e-06,0.4047006368637085,0.002519742352887988,0.13279972970485687,0.00773143395781517,0.2054152637720108
C:\Projects\TM470\data\processed\test\Boletus\1032_tYL581WPzXU.jpg,Boletus/1032_tYL581WPzXU.jpg,Boletus,Boletus,True,0.9999085664749146,0.0083557999987533,MobileNetV2,test,5.642159521812573e-07,4.163701305515133e-05,0.9999085664749146,2.2860992885398446e-06,2.029674650572133e-09,5.044583153979154e-11,1.5132610542423208e-07,5.307657868769411e-09,3.516763899824582e-05,7.485501100745751e-06,4.136690222367179e-06
C:\Projects\TM470\data\processed\test\Boletus\1036_4kWl9z7sQIY.jpg,Boletus/1036_4kWl9z7sQIY.jpg,Boletus,Inocybe,False,0.25251543521881104,0.0075358000012784,MobileNetV2,test,0.10706987231969833,0.05144693702459335,0.09822779893875122,0.053749676793813705,0.006229356396943331,0.11768876761198044,0.008109524846076965,0.25251543521881104,0.22039777040481567,0.06588886678218842,0.018676016479730606
C:\Projects\TM470\data\processed\test\Boletus\1040_i_rg9l4rqjw.jpg,Boletus/1040_i_rg9l4rqjw.jpg,Boletus,Boletus,True,0.9990994930267334,0.0078425000010611,MobileNetV2,test,1.3970530972073902e-06,0.0007586282445117831,0.9990994930267334,2.7087138732895255e-05,3.7824172238742904e-08,2.8965627674182315e-09,3.805338337770081e-06,6.944206916159601e-07,4.549000004772097e-05,3.396746251382865e-05,2.9418519261525944e-05
C:\Projects\TM470\data\processed\test\Boletus\1051_Q0ltVKrZhcQ.jpg,Boletus/1051_Q0ltVKrZhcQ.jpg,Boletus,Boletus,True,0.9978431463241577,0.0073388000000704,MobileNetV2,test,2.8701560950139537e-05,0.0017222750466316938,0.9978431463241577,9.696172128315084e-06,4.1556017293942205e-08,7.247238809071632e-09,1.4463955722021637e-06,2.3448719730367884e-06,0.0002968040353152901,7.91979837231338e-05,1.6271189451799728e-05
C:\Projects\TM470\data\processed\test\Boletus\1055_1FFlybCSCAU.jpg,Boletus/1055_1FFlybCSCAU.jpg,Boletus,Boletus,True,0.9926799535751343,0.0071122999997896,MobileNetV2,test,2.7655962185235694e-05,0.0019823042675852776,0.9926799535751343,0.0016179897356778383,2.901911329900031e-06,1.3650779919771594e-06,0.00010655588994268328,3.9859028220234904e-06,0.0018207029206678271,0.0015798724489286542,0.00017679326992947608
C:\Projects\TM470\data\processed\test\Boletus\1057_Y7n8VqlTW3g.jpg,Boletus/1057_Y7n8VqlTW3g.jpg,Boletus,Boletus,True,0.7545877695083618,0.007205600000816,MobileNetV2,test,0.0040362002328038216,0.016152765601873398,0.7545877695083618,0.013821032829582691,0.007856392301619053,0.00011751838610507548,0.003895270638167858,0.015931541100144386,0.1583779901266098,0.010411979630589485,0.014811520464718342
C:\Projects\TM470\data\processed\test\Boletus\1065_eMY4Zsr_msU.jpg,Boletus/1065_eMY4Zsr_msU.jpg,Boletus,Boletus,True,0.7195851802825928,0.0071174000004248,MobileNetV2,test,0.05265533924102783,0.0060015227645635605,0.7195851802825928,0.052085455507040024,0.0002995239046867937,9.045557817444205e-05,0.0013248272007331252,0.0076598129235208035,0.14037452638149261,0.011012629605829716,0.008910750038921833
C:\Projects\TM470\data\processed\test\Boletus\1077_JAOBSnuV9zc.jpg,Boletus/1077_JAOBSnuV9zc.jpg,Boletus,Boletus,True,0.9623646140098572,0.0072383000006084,MobileNetV2,test,3.322105112602003e-05,5.673144551110454e-05,0.9623646140098572,0.004195183515548706,0.00010088620183523744,9.602073305359227e-07,0.0001069960489985533,0.0004196566005703062,0.02119104564189911,0.0008076300728134811,0.010723029263317585
C:\Projects\TM470\data\processed\test\Boletus\1081_S9BZwG4wmiU.jpg,Boletus/1081_S9BZwG4wmiU.jpg,Boletus,Boletus,True,0.974604070186615,0.0072590999989188,MobileNetV2,test,0.0027843734715133905,0.004976136144250631,0.974604070186615,0.0050201741978526115,6.595870945602655e-05,1.272131430596346e-05,0.0002310364943696186,0.0011512716300785542,0.008023363538086414,0.0008107975008897483,0.0023200081195682287
C:\Projects\TM470\data\processed\test\Boletus\1086_9A85NgFJxzc.jpg,Boletus/1086_9A85NgFJxzc.jpg,Boletus,Lactarius,False,0.5092669129371643,0.0073998999996547,MobileNetV2,test,0.0030982387252151966,0.016481751576066017,0.41589924693107605,0.011083954945206642,0.004191764630377293,1.2177284588688053e-05,0.0017071861075237393,0.0020953258499503136,0.5092669129371643,0.019530365243554115,0.016633102670311928
C:\Projects\TM470\data\processed\test\Boletus\1087_POSIDmOc7AE.jpg,Boletus/1087_POSIDmOc7AE.jpg,Boletus,Boletus,True,0.989188551902771,0.0072288999999727,MobileNetV2,test,0.00020910246530547738,0.008036970160901546,0.989188551902771,0.00037174925091676414,2.8386546546244062e-05,1.45985195558751e-05,1.403936494170921e-05,0.0001041471550706774,0.0011424586409702897,0.0008232949767261744,6.67033382342197e-05
C:\Projects\TM470\data\processed\test\Boletus\1095_fb3O6d7sRfw.jpg,Boletus/1095_fb3O6d7sRfw.jpg,Boletus,Boletus,True,0.5530300736427307,0.0069777000007889,MobileNetV2,test,0.0020270992536097765,0.016664205119013786,0.5530300736427307,0.12563717365264893,0.1644643098115921,0.0033271778374910355,0.01092357374727726,0.01174889411777258,0.09548861533403397,0.006535177584737539,0.010153672657907009
C:\Projects\TM470\data\processed\test\Cortinarius\032_RaRNWCMOeJY.jpg,Cortinarius/032_RaRNWCMOeJY.jpg,Cortinarius,Cortinarius,True,0.6228307485580444,0.0073491000002832,MobileNetV2,test,0.05572444573044777,0.023898785933852196,0.04605685919523239,0.6228307485580444,0.008688471280038357,0.0003003671590704471,0.03730405867099762,0.051441095769405365,0.040717191994190216,0.001797953387722373,0.11124005913734436
C:\Projects\TM470\data\processed\test\Cortinarius\034_uFEs0KR55hA.jpg,Cortinarius/034_uFEs0KR55hA.jpg,Cortinarius,Boletus,False,0.822277843952179,0.0072536000006948,MobileNetV2,test,0.00013651556218974292,0.0002608049544505775,0.822277843952179,0.036463815718889236,6.068961738492362e-05,3.754729914362542e-05,0.00321746151894331,0.003947025630623102,0.06915212422609329,0.0021076302509754896,0.06233864277601242
C:\Projects\TM470\data\processed\test\Cortinarius\047_a4t7zntIs3E.jpg,Cortinarius/047_a4t7zntIs3E.jpg,Cortinarius,Lactarius,False,0.5267804265022278,0.0073527000004105,MobileNetV2,test,0.026024535298347473,0.026379523798823357,0.11814822256565094,0.103858582675457,0.030635099858045578,0.022186163812875748,0.0011054129572585225,0.044889185577631,0.5267804265022278,0.09691092371940613,0.003081981558352709
C:\Projects\TM470\data\processed\test\Cortinarius\051_BcBgKIXkPFY.jpg,Cortinarius/051_BcBgKIXkPFY.jpg,Cortinarius,Cortinarius,True,0.6946625113487244,0.007512799998949,MobileNetV2,test,0.014730564318597317,0.004897508304566145,0.002985304920002818,0.6946625113487244,0.08277766406536102,0.0003570521657820791,0.006523316726088524,0.05022099241614342,0.0888652428984642,0.0289666298776865,0.025013288483023643
C:\Projects\TM470\data\processed\test\Cortinarius\062_lU35GQ80D6k.jpg,Cortinarius/062_lU35GQ80D6k.jpg,Cortinarius,Lactarius,False,0.4109024405479431,0.0072464999993826,MobileNetV2,test,0.011580790393054485,0.02261810563504696,0.04098852351307869,0.16354180872440338,0.10399305820465088,0.09641648083925247,0.014197276905179024,0.09579269587993622,0.4109024405479431,0.028261832892894745,0.011706877499818802
C:\Projects\TM470\data\processed\test\Cortinarius\068_eKtLmKWRhYQ.jpg,Cortinarius/068_eKtLmKWRhYQ.jpg,Cortinarius,Cortinarius,True,0.6059696674346924,0.007234700000481,MobileNetV2,test,0.00985441543161869,0.0062383562326431274,0.0008915424114093184,0.6059696674346924,0.006791004911065102,9.825155757425819e-06,0.02208748832345009,0.1901964396238327,0.013322079554200172,0.0014271297259256244,0.14321209490299225
C:\Projects\TM470\data\processed\test\Cortinarius\074_QZm5I2faj7M.jpg,Cortinarius/074_QZm5I2faj7M.jpg,Cortinarius,Cortinarius,True,0.5899216532707214,0.0072313000000576,MobileNetV2,test,0.0010388265363872051,0.002465314930304885,0.008493591099977493,0.5899216532707214,0.003950536251068115,3.5624438169179484e-05,0.06980115920305252,0.016652951017022133,0.09182469546794891,0.04607973247766495,0.1697358638048172
C:\Projects\TM470\data\processed\test\Cortinarius\082_igjSlbVXbAs.jpg,Cortinarius/082_igjSlbVXbAs.jpg,Cortinarius,Russula,False,0.5836072564125061,0.0072510999998485,MobileNetV2,test,0.012309914454817772,0.07538072764873505,0.0013189542805776,0.0978420153260231,0.004841380286961794,0.010558736510574818,0.04249246045947075,0.007927662692964077,0.15687917172908783,0.5836072564125061,0.006841675378382206
C:\Projects\TM470\data\processed\test\Cortinarius\083_Fx67B3DmN3Y.jpg,Cortinarius/083_Fx67B3DmN3Y.jpg,Cortinarius,Cortinarius,True,0.9451677799224854,0.0072182999992946,MobileNetV2,test,0.0012747036525979638,0.0007652592030353844,0.0003373892395757139,0.9451677799224854,0.006844535935670137,0.00025228760205209255,0.0004484920355025679,0.011554772034287453,0.01913224346935749,0.012488886713981628,0.001733657089062035
C:\Projects\TM470\data\processed\test\Cortinarius\089_pSC0tp3Vin8.jpg,Cortinarius/089_pSC0tp3Vin8.jpg,Cortinarius,Cortinarius,True,0.28579142689704895,0.008210500000132,MobileNetV2,test,0.04559771716594696,0.011226923204958439,0.007656421046704054,0.28579142689704895,0.04860900714993477,0.10396357625722885,0.0041434550657868385,0.1597730666399002,0.21184760332107544,0.11346674710512161,0.007924091070890427
C:\Projects\TM470\data\processed\test\Cortinarius\092_TIq_EZUYHvE.jpg,Cortinarius/092_TIq_EZUYHvE.jpg,Cortinarius,Cortinarius,True,0.6665844321250916,0.0082445000007282,MobileNetV2,test,0.054144226014614105,0.09579639136791229,0.025067860260605812,0.6665844321250916,0.08357619494199753,0.005145905539393425,0.0032232794910669327,0.013738219626247883,0.029079357162117958,0.019421471282839775,0.004222574643790722
C:\Projects\TM470\data\processed\test\Cortinarius\098_9sdVyNK9pSI.jpg,Cortinarius/098_9sdVyNK9pSI.jpg,Cortinarius,Hygrocybe,False,0.3534696698188782,0.0069959000011294,MobileNetV2,test,0.004376659635454416,0.06948832422494888,0.12945380806922913,0.24356018006801605,0.02124963141977787,0.019221657887101173,0.3534696698188782,0.038193151354789734,0.07344349473714828,0.007111730519682169,0.04043164849281311
C:\Projects\TM470\data\processed\test\Cortinarius\106_zDyFzio3OcI.jpg,Cortinarius/106_zDyFzio3OcI.jpg,Cortinarius,Boletus,False,0.7801441550254822,0.0074244000006729,MobileNetV2,test,0.00027469638735055923,0.006680946331471205,0.7801441550254822,0.06487900018692017,3.827194814221002e-05,7.77847435529111e-06,0.05126694217324257,0.0002559865824878216,0.018583174794912338,0.008689151145517826,0.06917981803417206
C:\Projects\TM470\data\processed\test\Cortinarius\120_6i3qL8_7_cU.jpg,Cortinarius/120_6i3qL8_7_cU.jpg,Cortinarius,Cortinarius,True,0.5463533401489258,0.0080921999997372,MobileNetV2,test,0.005658551584929228,0.011925979517400265,0.0012126807123422623,0.5463533401489258,0.20475076138973236,6.222578667802736e-05,0.019215261563658714,0.011908181011676788,0.1491221785545349,0.026076950132846832,0.02371387556195259
C:\Projects\TM470\data\processed\test\Cortinarius\139_Sa-XUtLlV4s.jpg,Cortinarius/139_Sa-XUtLlV4s.jpg,Cortinarius,Amanita,False,0.3503011465072632,0.0083116999994672,MobileNetV2,test,0.16899625957012177,0.3503011465072632,0.0402458980679512,0.14916835725307465,0.08337104320526123,1.5615540178259835e-05,0.01705089397728443,0.0011132709914818406,0.17215818166732788,0.0016506947576999664,0.01592864841222763
C:\Projects\TM470\data\processed\test\Cortinarius\142_UT29eeWW32A.jpg,Cortinarius/142_UT29eeWW32A.jpg,Cortinarius,Russula,False,0.835151195526123,0.0071375999996234,MobileNetV2,test,0.003822845872491598,0.019517293199896812,0.0030487687326967716,0.042570557445287704,0.0006858071428723633,0.001035465276800096,0.018024727702140808,0.005456146784126759,0.0644664317369461,0.835151195526123,0.006220733746886253
C:\Projects\TM470\data\processed\test\Cortinarius\143_SrOlFvP1n9w.jpg,Cortinarius/143_SrOlFvP1n9w.jpg,Cortinarius,Boletus,False,0.23438230156898499,0.0072096000003512,MobileNetV2,test,0.02556106448173523,0.06271549314260483,0.23438230156898499,0.1656137853860855,0.058194566518068314,0.06130038574337959,0.0196965504437685,0.21381686627864838,0.09355399757623672,0.03686930611729622,0.02829563617706299
C:\Projects\TM470\data\processed\test\Cortinarius\146_N9FJKoJghDQ.jpg,Cortinarius/146_N9FJKoJghDQ.jpg,Cortinarius,Lactarius,False,0.5127988457679749,0.0070037000004958,MobileNetV2,test,0.0016067889519035816,0.0004638014070224017,0.020473657175898552,0.2731495797634125,0.0018054916290566325,0.0010062209330499172,0.012812011875212193,0.08548492193222046,0.5127988457679749,0.003838803619146347,0.08655983209609985
C:\Projects\TM470\data\processed\test\Cortinarius\147_gh5SUGxwpmg.jpg,Cortinarius/147_gh5SUGxwpmg.jpg,Cortinarius,Hygrocybe,False,0.28940656781196594,0.0074229999991075,MobileNetV2,test,0.004420321434736252,0.042554810643196106,0.11705102771520615,0.2631586492061615,0.00346056348644197,0.02202228643000126,0.28940656781196594,0.04900193214416504,0.13852813839912415,0.009141761809587479,0.061253905296325684
C:\Projects\TM470\data\processed\test\Cortinarius\148_NRYh_CNOe0Q.jpg,Cortinarius/148_NRYh_CNOe0Q.jpg,Cortinarius,Cortinarius,True,0.4903167188167572,0.0088219999997818,MobileNetV2,test,0.02282733842730522,0.03164273872971535,0.0027512277010828257,0.4903167188167572,0.33206382393836975,0.020521100610494614,0.011977599933743477,0.04412572830915451,0.03284246847033501,0.005527885165065527,0.005403345450758934
C:\Projects\TM470\data\processed\test\Cortinarius\162_vx8DyMaDNbY.jpg,Cortinarius/162_vx8DyMaDNbY.jpg,Cortinarius,Cortinarius,True,0.8637768030166626,0.0082576999993762,MobileNetV2,test,0.014340421184897423,0.012278522364795208,0.005361082032322884,0.8637768030166626,0.042771849781274796,3.207375266356394e-05,0.007939518429338932,0.0037110312841832638,0.027823971584439278,0.005784099455922842,0.016180694103240967
C:\Projects\TM470\data\processed\test\Cortinarius\172_RQpuklei93E.jpg,Cortinarius/172_RQpuklei93E.jpg,Cortinarius,Russula,False,0.514633297920227,0.0084464999999909,MobileNetV2,test,0.007816760800778866,0.014086127281188965,0.36295342445373535,0.027652382850646973,0.000499835645314306,7.344820187427104e-05,0.00034575414611026645,0.0039983224123716354,0.05183397978544235,0.514633297920227,0.016106659546494484
C:\Projects\TM470\data\processed\test\Cortinarius\173_OBw2ytszKxo.jpg,Cortinarius/173_OBw2ytszKxo.jpg,Cortinarius,Cortinarius,True,0.4526086151599884,0.0086219999993772,MobileNetV2,test,0.07512850314378738,0.018415795639157295,0.010645870119333267,0.4526086151599884,6.662063242401928e-05,1.969013929681296e-08,2.800189577101264e-05,7.568974979221821e-05,0.0025845461059361696,0.4389097988605499,0.0015365395229309797
C:\Projects\TM470\data\processed\test\Cortinarius\178_xHtAXzZPN-s.jpg,Cortinarius/178_xHtAXzZPN-s.jpg,Cortinarius,Cortinarius,True,0.46929091215133667,0.0084203999995224,MobileNetV2,test,4.111158887099009e-06,3.773052230826579e-05,0.015089381486177444,0.46929091215133667,1.7340807971777394e-05,2.3072971089277416e-08,0.10803151875734329,4.8038404202088714e-05,0.09307309985160828,0.03351766988635063,0.2808900773525238
C:\Projects\TM470\data\processed\test\Cortinarius\182_kJh0aAaK590.jpg,Cortinarius/182_kJh0aAaK590.jpg,Cortinarius,Cortinarius,True,0.6475615501403809,0.0081599999994068,MobileNetV2,test,0.0005688482197001576,0.0002934198419097811,0.11660243570804596,0.6475615501403809,0.0020116844680160284,1.4029990779818036e-05,0.0033391150645911694,0.01134970597922802,0.06583601981401443,0.03378676623106003,0.11863633245229721
C:\Projects\TM470\data\processed\test\Cortinarius\185_OXwIsNfGrwY.jpg,Cortinarius/185_OXwIsNfGrwY.jpg,Cortinarius,Cortinarius,True,0.7719131112098694,0.0082091000003856,MobileNetV2,test,0.0001953199680428952,0.0003079721936956048,0.0561375729739666,0.7719131112098694,0.0005911724292673171,5.205763500271132e-07,0.0025027268566191196,0.0006851078360341489,0.027245542034506798,0.03871401771903038,0.10170700401067734
C:\Projects\TM470\data\processed\test\Cortinarius\192_TskFa7fOkRc.jpg,Cortinarius/192_TskFa7fOkRc.jpg,Cortinarius,Cortinarius,True,0.8365521430969238,0.0074212999988958,MobileNetV2,test,0.03170201554894447,0.0033440724946558475,0.01833506114780903,0.8365521430969238,0.00041108677396550775,1.3355377632251475e-05,0.00019140468793921173,0.04093095660209656,0.009687807410955429,0.03232044726610184,0.026511698961257935
C:\Projects\TM470\data\processed\test\Cortinarius\195_lD8h4PCMaUY.jpg,Cortinarius/195_lD8h4PCMaUY.jpg,Cortinarius,Cortinarius,True,0.7523906230926514,0.0074766999987332,MobileNetV2,test,0.024056632071733475,0.1121763288974762,0.04481244832277298,0.7523906230926514,0.0022535109892487526,8.488086677971296e-06,0.0018709746655076742,0.010465617291629314,0.007765484042465687,0.018613209947943687,0.025586634874343872
C:\Projects\TM470\data\processed\test\Cortinarius\207_zmoZZTV0lLI.jpg,Cortinarius/207_zmoZZTV0lLI.jpg,Cortinarius,Agaricus,False,0.5891050696372986,0.0093108000000938,MobileNetV2,test,0.5891050696372986,0.07143937051296234,0.0009908144129440188,0.06943926215171814,0.01017881277948618,9.97487518361595e-07,0.0252539049834013,0.008055387996137142,0.16530555486679077,0.03665865212678909,0.02357223816215992
C:\Projects\TM470\data\processed\test\Cortinarius\224_mLlKvEsrEcA.jpg,Cortinarius/224_mLlKvEsrEcA.jpg,Cortinarius,Cortinarius,True,0.9219534993171692,0.0086685999995097,MobileNetV2,test,0.03926775977015495,0.0029878600034862757,0.016046816483139992,0.9219534993171692,0.0004471119318623096,3.9770156945451163e-07,9.882460290100425e-05,0.002159132156521082,0.001724208239465952,0.004491246305406094,0.010823165066540241
C:\Projects\TM470\data\processed\test\Cortinarius\232_jKdR7Qgq_BY.jpg,Cortinarius/232_jKdR7Qgq_BY.jpg,Cortinarius,Hygrocybe,False,0.8991498947143555,0.0075434999998833,MobileNetV2,test,1.326538836110558e-06,1.9668805180117488e-05,5.843202870892128e-06,0.07017567753791809,4.446913590072654e-05,4.494142835653747e-09,0.8991498947143555,6.316813232842833e-05,0.00733090378344059,2.0377208784339018e-05,0.023188715800642967
C:\Projects\TM470\data\processed\test\Cortinarius\240_aJldHbs2JsE.jpg,Cortinarius/240_aJldHbs2JsE.jpg,Cortinarius,Hygrocybe,False,0.4876035153865814,0.0072979000015038,MobileNetV2,test,8.060425170697272e-05,6.815476808696985e-05,2.2250211259233765e-05,0.4070126414299011,0.0002462412230670452,1.3229278117421472e-08,0.4876035153865814,0.0005437322543002665,0.005753990262746811,4.6060704335104674e-05,0.09862280637025833
C:\Projects\TM470\data\processed\test\Cortinarius\256_TpoM3eWkf6g.jpg,Cortinarius/256_TpoM3eWkf6g.jpg,Cortinarius,Lactarius,False,0.4226228594779968,0.0075851000001421,MobileNetV2,test,0.014506019651889801,0.016598109155893326,0.016611026600003242,0.19718602299690247,0.03883163258433342,0.005624144803732634,0.014259793795645237,0.00858247373253107,0.4226228594779968,0.25671640038490295,0.008461546152830124
C:\Projects\TM470\data\processed\test\Cortinarius\274_RW-zkr4BQmM.jpg,Cortinarius/274_RW-zkr4BQmM.jpg,Cortinarius,Cortinarius,True,0.6924130320549011,0.0078283000002556,MobileNetV2,test,0.21775585412979126,0.06958672404289246,4.266768155503087e-05,0.6924130320549011,0.0007273874944075942,1.606435216672253e-05,4.050357165397145e-05,0.014737044461071491,0.00039397680666297674,0.003696508938446641,0.0005902242846786976
C:\Projects\TM470\data\processed\test\Cortinarius\277_2vcjLHvzssg.jpg,Cortinarius/277_2vcjLHvzssg.jpg,Cortinarius,Cortinarius,True,0.8365554809570312,0.0088418000013916,MobileNetV2,test,0.03318266198039055,0.01908736489713192,0.012668285518884659,0.8365554809570312,0.003721811342984438,0.00038337756996043026,0.0011880674865096807,0.07103221118450165,0.005847621709108353,0.0009449642384424806,0.015388094820082188
C:\Projects\TM470\data\processed\test\Cortinarius\285_ALSLuAGLn64.jpg,Cortinarius/285_ALSLuAGLn64.jpg,Cortinarius,Cortinarius,True,0.22792842984199524,0.009022799999002,MobileNetV2,test,0.2223348468542099,0.10861145704984665,0.000816618325188756,0.22792842984199524,0.0677889734506607,0.0006619231426157057,0.020527591928839684,0.11214343458414078,0.051535625010728836,0.1746668666601181,0.012984332628548145
C:\Projects\TM470\data\processed\test\Cortinarius\301_BY2YjnDmmdc.jpg,Cortinarius/301_BY2YjnDmmdc.jpg,Cortinarius,Lactarius,False,0.4747084975242615,0.0090753999993467,MobileNetV2,test,0.005712850019335747,0.004307800903916359,0.047604385763406754,0.3176700174808502,0.017875613644719124,3.756829028134234e-05,0.004614040721207857,0.01194443367421627,0.4747084975242615,0.061919573694467545,0.05360518768429756
C:\Projects\TM470\data\processed\test\Cortinarius\312_Kv_3xHcyVUE.jpg,Cortinarius/312_Kv_3xHcyVUE.jpg,Cortinarius,Lactarius,False,0.42764607071876526,0.0078925999987404,MobileNetV2,test,0.006134960800409317,0.12703926861286163,0.13919128477573395,0.010758682154119015,0.17238962650299072,0.021569600328803062,0.02715148590505123,0.04824584349989891,0.42764607071876526,0.010485241189599037,0.0093879085034132
C:\Projects\TM470\data\processed\test\Cortinarius\321_EgWJ7bpjCxM.jpg,Cortinarius/321_EgWJ7bpjCxM.jpg,Cortinarius,Russula,False,0.6999748945236206,0.0082144000007247,MobileNetV2,test,0.007349121384322643,0.14453770220279694,0.048800405114889145,0.05985606089234352,0.00223828898742795,0.000518433575052768,0.0005475475918501616,0.008420090191066265,0.02519783191382885,0.6999748945236206,0.0025596923660486937
C:\Projects\TM470\data\processed\test\Cortinarius\328_qxWZEmWaodk.jpg,Cortinarius/328_qxWZEmWaodk.jpg,Cortinarius,Cortinarius,True,0.42723557353019714,0.0080332999987149,MobileNetV2,test,0.0006920275627635419,0.0005679700989276171,0.26529404520988464,0.42723557353019714,0.0001087927448679693,4.8923384383670054e-06,0.013887312263250351,0.002962439088150859,0.0556771419942379,0.0014190527144819498,0.23215079307556152
C:\Projects\TM470\data\processed\test\Cortinarius\337_ohrbRKjnZkA.jpg,Cortinarius/337_ohrbRKjnZkA.jpg,Cortinarius,Boletus,False,0.41488441824913025,0.0095442000001639,MobileNetV2,test,0.004434353671967983,0.0008240258903242648,0.41488441824913025,0.2648501992225647,0.00105244608130306,1.59794381033862e-05,0.0060733468271791935,0.005307383369654417,0.17654822766780853,0.01740260235965252,0.10860706865787506
C:\Projects\TM470\data\processed\test\Cortinarius\342_3kBE30sLBPk.jpg,Cortinarius/342_3kBE30sLBPk.jpg,Cortinarius,Amanita,False,0.3493589758872986,0.0100822000003972,MobileNetV2,test,0.09889734536409378,0.3493589758872986,0.016684187576174736,0.18405728042125702,0.029218275099992752,0.010848826728761196,0.0016973494784906507,0.00513958977535367,0.05156899616122246,0.2516346275806427,0.0008945422014221549
C:\Projects\TM470\data\processed\test\Cortinarius\343_YY4qxL--3lE.jpg,Cortinarius/343_YY4qxL--3lE.jpg,Cortinarius,Russula,False,0.4092768430709839,0.0103863000003912,MobileNetV2,test,0.008980647660791874,0.011571628972887993,0.16010655462741852,0.07734180986881256,0.0005058815004304051,2.2009136955603026e-05,0.004834759049117565,0.0014584707096219063,0.2672484517097473,0.4092768430709839,0.05865295231342316
C:\Projects\TM470\data\processed\test\Cortinarius\344_AKEJiWrKVfA.jpg,Cortinarius/344_AKEJiWrKVfA.jpg,Cortinarius,Russula,False,0.4718882441520691,0.0099986000004719,MobileNetV2,test,0.0023802185896784067,0.004676195327192545,0.03326345980167389,0.10068706423044205,0.0009432343067601323,0.00023268387303687632,0.005880721379071474,0.0050704460591077805,0.3586571514606476,0.4718882441520691,0.016320545226335526
C:\Projects\TM470\data\processed\test\Cortinarius\349_BG4jbNRDzCI.jpg,Cortinarius/349_BG4jbNRDzCI.jpg,Cortinarius,Cortinarius,True,0.330048531293869,0.0081697000005078,MobileNetV2,test,0.31009289622306824,0.15181925892829895,0.0879218578338623,0.330048531293869,0.004068590700626373,0.0027850570622831583,0.0011041390243917704,0.019615095108747482,0.039175864309072495,0.048480525612831116,0.004888155497610569
C:\Projects\TM470\data\processed\test\Cortinarius\353_qyVEsJs6eu8.jpg,Cortinarius/353_qyVEsJs6eu8.jpg,Cortinarius,Boletus,False,0.912543773651123,0.009085400000913,MobileNetV2,test,0.0008442535763606429,0.0742822214961052,0.912543773651123,0.0016540255164727569,7.39706156309694e-05,1.4996159734437242e-05,1.832059206208214e-05,0.00024927209597080946,0.003716886043548584,0.006454909685999155,0.00014736749290023
C:\Projects\TM470\data\processed\test\Cortinarius\358_L8mvKvlrYDA.jpg,Cortinarius/358_L8mvKvlrYDA.jpg,Cortinarius,Cortinarius,True,0.8387796878814697,0.0085984000015741,MobileNetV2,test,0.013405239209532738,0.02551635168492794,0.001201538136228919,0.8387796878814697,0.011619188822805882,7.429059678543126e-06,0.00045335973845794797,0.02486233040690422,0.005384363234043121,0.07151339203119278,0.007257150020450354
C:\Projects\TM470\data\processed\test\Cortinarius\360_QL0VQlt8Ke0.jpg,Cortinarius/360_QL0VQlt8Ke0.jpg,Cortinarius,Cortinarius,True,0.5098620653152466,0.0098218000002816,MobileNetV2,test,0.03194323554635048,0.0214467104524374,0.12946279346942902,0.5098620653152466,0.0055750468745827675,1.1305749467283022e-05,0.0018475898541510105,0.004673521965742111,0.1082865446805954,0.1433694213628769,0.04352178797125816
C:\Projects\TM470\data\processed\test\Cortinarius\364_Xsj2f0KiCAk.jpg,Cortinarius/364_Xsj2f0KiCAk.jpg,Cortinarius,Amanita,False,0.31173786520957947,0.0094812000006641,MobileNetV2,test,0.19054123759269714,0.31173786520957947,0.13503041863441467,0.05842045694589615,0.001829545828513801,0.00012559694005176425,0.004878416657447815,0.005578355398029089,0.07132090628147125,0.20931918919086456,0.011217977851629257
C:\Projects\TM470\data\processed\test\Cortinarius\381_IHHdqt43Ivk.jpg,Cortinarius/381_IHHdqt43Ivk.jpg,Cortinarius,Cortinarius,True,0.6437671780586243,0.0093546000007336,MobileNetV2,test,0.08839024603366852,0.006782076321542263,0.01136397197842598,0.6437671780586243,0.0011088044848293066,2.1240678051981376e-06,0.00029095468926243484,0.035095956176519394,0.03944506123661995,0.15390846133232117,0.01984514854848385
C:\Projects\TM470\data\processed\test\Cortinarius\384_NCKsip2esZ4.jpg,Cortinarius/384_NCKsip2esZ4.jpg,Cortinarius,Cortinarius,True,0.6493871212005615,0.0081055000009655,MobileNetV2,test,0.0008167622145265341,0.002980436198413372,0.02956729754805565,0.6493871212005615,0.00015135940338950604,2.7681439362936544e-08,0.0007159916567616165,6.910421507200226e-05,0.014595109038054943,0.24308551847934723,0.058631256222724915
C:\Projects\TM470\data\processed\test\Cortinarius\388_JTEy9_rTlno.jpg,Cortinarius/388_JTEy9_rTlno.jpg,Cortinarius,Boletus,False,0.28147092461586,0.0090889000002789,MobileNetV2,test,0.0018097098218277097,0.0018645733362063766,0.28147092461586,0.14918026328086853,0.0008882666588760912,8.394246106036007e-05,0.0035922310780733824,0.03079427406191826,0.18178924918174744,0.1971287578344345,0.15139785408973694
C:\Projects\TM470\data\processed\test\Cortinarius\389_D8kTQu4sbro.jpg,Cortinarius/389_D8kTQu4sbro.jpg,Cortinarius,Boletus,False,0.9559968113899231,0.0091907999994873,MobileNetV2,test,1.4055905921850353e-05,1.6349060388165526e-05,0.9559968113899231,0.008220444433391094,6.862355803605169e-05,1.1259199794722008e-07,3.823587030638009e-05,5.9461166529217735e-05,0.026144029572606087,0.0017906990833580494,0.007651161402463913
C:\Projects\TM470\data\processed\test\Cortinarius\390_iQUMBiY-0qs.jpg,Cortinarius/390_iQUMBiY-0qs.jpg,Cortinarius,Lactarius,False,0.9140790104866028,0.0073277999999845,MobileNetV2,test,3.382004797458649e-05,0.000400058226659894,0.004426146857440472,0.006632983218878508,0.0001957659696927294,2.2741441796370054e-07,0.003678081324324012,0.0001168594098999165,0.9140790104866028,0.06048876792192459,0.009948297403752804
C:\Projects\TM470\data\processed\test\Cortinarius\418_YUu8Eth7vC0.jpg,Cortinarius/418_YUu8Eth7vC0.jpg,Cortinarius,Cortinarius,True,0.7441997528076172,0.0106219999997847,MobileNetV2,test,0.026674075052142143,0.013139670714735985,0.019187655299901962,0.7441997528076172,0.009944798424839973,0.004286334849894047,0.0008051550248637795,0.11128011345863342,0.031203778460621834,0.025953691452741623,0.013324887491762638
C:\Projects\TM470\data\processed\test\Cortinarius\448_uo51r2lHNAw.jpg,Cortinarius/448_uo51r2lHNAw.jpg,Cortinarius,Cortinarius,True,0.5580649971961975,0.0092038000002503,MobileNetV2,test,0.0073727089911699295,0.005278279539197683,0.004141420125961304,0.5580649971961975,0.0637066438794136,0.0005356874316930771,0.003734149970114231,0.007913916371762753,0.11883778870105743,0.22416503727436066,0.006249351892620325
C:\Projects\TM470\data\processed\test\Cortinarius\449_VlvWf0y620o.jpg,Cortinarius/449_VlvWf0y620o.jpg,Cortinarius,Exidia,False,0.545925498008728,0.0094897999988461,MobileNetV2,test,0.01072596199810505,0.047490544617176056,0.004910183604806662,0.17278330028057098,0.004266580566763878,0.545925498008728,0.04244853928685188,0.1349010318517685,0.031475670635700226,0.0010616889921948314,0.004011023789644241
C:\Projects\TM470\data\processed\test\Cortinarius\456_KDbq8QQJpF8.jpg,Cortinarius/456_KDbq8QQJpF8.jpg,Cortinarius,Boletus,False,0.31594935059547424,0.0081028000004153,MobileNetV2,test,0.01233113557100296,0.196304053068161,0.31594935059547424,0.05224251747131348,0.1952722817659378,0.006366075482219458,0.046244870871305466,0.0062197246588766575,0.14044597744941711,0.018989073112607002,0.009634897112846375
C:\Projects\TM470\data\processed\test\Cortinarius\460_-PS3Pqhfj28.jpg,Cortinarius/460_-PS3Pqhfj28.jpg,Cortinarius,Cortinarius,True,0.6913915276527405,0.0089619999998831,MobileNetV2,test,0.0006789327599108219,0.0010419831378385425,0.01767699606716633,0.6913915276527405,0.03709867224097252,4.3253592593828216e-05,0.02263096161186695,0.0019882956985384226,0.20269256830215454,0.006639352533966303,0.018117398023605347
C:\Projects\TM470\data\processed\test\Cortinarius\461_FcGRZ9NIyZM.jpg,Cortinarius/461_FcGRZ9NIyZM.jpg,Cortinarius,Exidia,False,0.4673401415348053,0.0079748999996809,MobileNetV2,test,0.014391866512596607,0.0136306406930089,0.017487164586782455,0.14908233284950256,0.000842331675812602,0.4673401415348053,0.007379706017673016,0.043881822377443314,0.2160211056470871,0.0675106942653656,0.002432305598631501
C:\Projects\TM470\data\processed\test\Cortinarius\466_M2i1qdSiRz4.jpg,Cortinarius/466_M2i1qdSiRz4.jpg,Cortinarius,Amanita,False,0.27980443835258484,0.0098772999990615,MobileNetV2,test,0.017027689144015312,0.27980443835258484,0.14895175397396088,0.18442542850971222,0.1996356099843979,0.012692483142018318,0.02550414763391018,0.014629443176090717,0.0940217673778534,0.014947607181966305,0.008359613828361034
C:\Projects\TM470\data\processed\test\Cortinarius\467_LUja4xjFPG8.jpg,Cortinarius/467_LUja4xjFPG8.jpg,Cortinarius,Cortinarius,True,0.4532730281352997,0.0307317999995575,MobileNetV2,test,0.0009551139082759619,0.0010091400472447276,0.007790288422256708,0.4532730281352997,0.4126020669937134,0.026902196928858757,0.009325861930847168,0.03238216042518616,0.046609554439783096,0.0029002444352954626,0.006250286474823952
C:\Projects\TM470\data\processed\test\Cortinarius\488_UhQdy3jXkc0.jpg,Cortinarius/488_UhQdy3jXkc0.jpg,Cortinarius,Cortinarius,True,0.2611408531665802,0.0112845000003289,MobileNetV2,test,0.19448299705982208,0.07561139762401581,0.03457625210285187,0.2611408531665802,0.018681775778532028,0.005238236393779516,0.009837524965405464,0.032296303659677505,0.21281760931015015,0.13939835131168365,0.015918711200356483
C:\Projects\TM470\data\processed\test\Cortinarius\496_KX8TxkeLLa4.jpg,Cortinarius/496_KX8TxkeLLa4.jpg,Cortinarius,Cortinarius,True,0.7002626657485962,0.0122946000010415,MobileNetV2,test,0.008984075859189034,0.006387100555002689,0.05615187808871269,0.7002626657485962,0.0027084769681096077,3.444130197749473e-05,0.00203754217363894,0.01280384510755539,0.10462399572134018,0.03542207181453705,0.07058394700288773
C:\Projects\TM470\data\processed\test\Cortinarius\509_M0Gd8axTrw4.jpg,Cortinarius/509_M0Gd8axTrw4.jpg,Cortinarius,Cortinarius,True,0.3871801495552063,0.0100473999991663,MobileNetV2,test,0.3274935483932495,0.086148202419281,0.030664807185530663,0.3871801495552063,0.001089682336896658,1.3381549024416017e-06,0.00047843638458289206,0.012608197517693043,0.015406113117933273,0.12291213124990463,0.016017375513911247
C:\Projects\TM470\data\processed\test\Cortinarius\514_tv4keuWfvWE.jpg,Cortinarius/514_tv4keuWfvWE.jpg,Cortinarius,Cortinarius,True,0.5436578392982483,0.0146203000003879,MobileNetV2,test,0.09264252334833145,0.26096051931381226,0.005605458747595549,0.5436578392982483,0.00653905188664794,5.049087849329226e-05,0.004870232194662094,0.0483291856944561,0.008594917133450508,0.01421932689845562,0.014530428685247898
C:\Projects\TM470\data\processed\test\Cortinarius\530_sEUUp5boweI.jpg,Cortinarius/530_sEUUp5boweI.jpg,Cortinarius,Hygrocybe,False,0.5164826512336731,0.0159332000002905,MobileNetV2,test,7.507878763135523e-05,0.00012492676614783704,0.00015847910253796726,0.3187328279018402,0.0002676604490261525,5.1806434697709847e-08,0.5164826512336731,0.0011982349678874016,0.00909043662250042,0.00016037258319556713,0.1537092626094818
C:\Projects\TM470\data\processed\test\Cortinarius\532_oIJibw1tz4Y.jpg,Cortinarius/532_oIJibw1tz4Y.jpg,Cortinarius,Hygrocybe,False,0.8187990784645081,0.0102516000006289,MobileNetV2,test,7.627293962286785e-05,0.0010990266455337405,0.0001383245544275269,0.1534762680530548,0.0024622136261314154,6.285746621870203e-06,0.8187990784645081,0.001931745675392449,0.0022953550796955824,0.00013492221478372812,0.019580520689487457
C:\Projects\TM470\data\processed\test\Cortinarius\533_pNuBhaHhEmU.jpg,Cortinarius/533_pNuBhaHhEmU.jpg,Cortinarius,Suillus,False,0.40264463424682617,0.0113701000009314,MobileNetV2,test,0.00010426987137179822,0.0001600230170879513,0.005323989316821098,0.3155800998210907,0.0006756471702829003,3.611413887938397e-07,0.09378787130117416,0.0034095635637640953,0.17763552069664001,0.0006780270487070084,0.40264463424682617
C:\Projects\TM470\data\processed\test\Cortinarius\547_fKznDHbWCkk.jpg,Cortinarius/547_fKznDHbWCkk.jpg,Cortinarius,Inocybe,False,0.25889378786087036,0.0085158000001683,MobileNetV2,test,0.036766164004802704,0.06981910765171051,0.09661298245191574,0.1773471087217331,0.03261566534638405,0.13873937726020813,0.04769298434257507,0.25889378786087036,0.0797613263130188,0.018170066177845,0.043581392616033554
C:\Projects\TM470\data\processed\test\Cortinarius\551_APFbJ2vPcGw.jpg,Cortinarius/551_APFbJ2vPcGw.jpg,Cortinarius,Cortinarius,True,0.8545279502868652,0.010646300001099,MobileNetV2,test,0.02558361366391182,0.026730477809906006,0.00011865088163176551,0.8545279502868652,0.030521847307682037,6.704193310724804e-06,0.006584537215530872,0.03718584030866623,0.0039535583928227425,0.0025505810044705868,0.012236136011779308
C:\Projects\TM470\data\processed\test\Cortinarius\552_z4MK9UiOMoc.jpg,Cortinarius/552_z4MK9UiOMoc.jpg,Cortinarius,Lactarius,False,0.3376866579055786,0.0089423999997961,MobileNetV2,test,0.16791504621505737,0.13656114041805267,0.01405180525034666,0.10406424850225449,0.02762158401310444,0.0950593650341034,0.008831238374114037,0.04999643564224243,0.3376866579055786,0.05237600579857826,0.005836432334035635
C:\Projects\TM470\data\processed\test\Cortinarius\567_6O0QVMS6LE4.jpg,Cortinarius/567_6O0QVMS6LE4.jpg,Cortinarius,Hygrocybe,False,0.3833933174610138,0.0091130000000703,MobileNetV2,test,0.01369208749383688,0.04122549295425415,0.001288917614147067,0.17208316922187805,0.06000952795147896,7.935230314615183e-06,0.3833933174610138,0.13671106100082397,0.038252655416727066,0.0010432901326566935,0.15229256451129913
C:\Projects\TM470\data\processed\test\Cortinarius\574_xXwqpgn5Fls.jpg,Cortinarius/574_xXwqpgn5Fls.jpg,Cortinarius,Cortinarius,True,0.4538631737232208,0.0098914999998669,MobileNetV2,test,0.2152600884437561,0.16267280280590057,0.06235673651099205,0.4538631737232208,0.003340703435242176,5.8651939980336465e-06,0.001477538957260549,0.005840994417667389,0.014139109291136265,0.019178198650479317,0.06186484545469284
C:\Projects\TM470\data\processed\test\Cortinarius\589_rgxUeggTwRk.jpg,Cortinarius/589_rgxUeggTwRk.jpg,Cortinarius,Cortinarius,True,0.40933066606521606,0.0089069999994535,MobileNetV2,test,0.11463245749473572,0.1172889694571495,0.0034208307042717934,0.40933066606521606,0.16120736300945282,8.273635467048734e-05,0.00893472135066986,0.032606568187475204,0.09887944906949997,0.021444933488965034,0.03217131644487381
C:\Projects\TM470\data\processed\test\Cortinarius\592_ZR3yzj9H31I.jpg,Cortinarius/592_ZR3yzj9H31I.jpg,Cortinarius,Cortinarius,True,0.4167082905769348,0.009425000000192,MobileNetV2,test,0.01381797157227993,0.0060408893041312695,0.03216252475976944,0.4167082905769348,0.008131347596645355,0.01527535542845726,0.0215670857578516,0.065729059278965,0.33315959572792053,0.04747611656785011,0.03993184119462967
C:\Projects\TM470\data\processed\test\Cortinarius\593_VEBcqScsSLw.jpg,Cortinarius/593_VEBcqScsSLw.jpg,Cortinarius,Cortinarius,True,0.6615983843803406,0.0094134000009944,MobileNetV2,test,0.05240277945995331,0.00383235071785748,0.002139441901817918,0.6615983843803406,0.012583595700562,0.0009608016116544604,0.010597093030810356,0.19741250574588776,0.03950551152229309,0.0013507885159924626,0.01761670410633087
C:\Projects\TM470\data\processed\test\Cortinarius\595_DUgPrK3WFJ0.jpg,Cortinarius/595_DUgPrK3WFJ0.jpg,Cortinarius,Amanita,False,0.33966997265815735,0.0091671999998652,MobileNetV2,test,0.0672900453209877,0.33966997265815735,0.005837763659656048,0.05880913510918617,0.006527483928948641,0.001709280419163406,0.0065981922671198845,0.006653517484664917,0.20771872997283936,0.2970365583896637,0.0021493358071893454
C:\Projects\TM470\data\processed\test\Cortinarius\604_55_Sj5HXI6U.jpg,Cortinarius/604_55_Sj5HXI6U.jpg,Cortinarius,Agaricus,False,0.3726123571395874,0.011589300000196,MobileNetV2,test,0.3726123571395874,0.06396882236003876,0.026986539363861084,0.03342711925506592,0.00026362016797065735,2.8491575676525827e-07,0.019715558737516403,0.0033519589342176914,0.36145904660224915,0.07538429647684097,0.04283033683896065
C:\Projects\TM470\data\processed\test\Cortinarius\613_RZSh0QPwcnw.jpg,Cortinarius/613_RZSh0QPwcnw.jpg,Cortinarius,Cortinarius,True,0.9576597213745117,0.0092748999995819,MobileNetV2,test,0.0016441625775769353,0.0013651062035933137,0.01729966513812542,0.9576597213745117,0.00018806781736202538,2.8387562451825943e-06,8.231674291891977e-05,0.00011724228534149006,0.0017402215162292123,0.018217114731669426,0.0016835243441164494
C:\Projects\TM470\data\processed\test\Cortinarius\627_JqtzXHRtbPY.jpg,Cortinarius/627_JqtzXHRtbPY.jpg,Cortinarius,Russula,False,0.7608427405357361,0.015154299999267,MobileNetV2,test,0.017789479345083237,0.1116844043135643,0.00033738580532372,0.09902197867631912,0.00030792405596002936,7.468481726391474e-06,0.002861089538782835,0.0021301317028701305,0.0038706085179001093,0.7608427405357361,0.0011468228185549378
C:\Projects\TM470\data\processed\test\Cortinarius\634_3P_z4FJuvrc.jpg,Cortinarius/634_3P_z4FJuvrc.jpg,Cortinarius,Boletus,False,0.7767166495323181,0.0091749000002891,MobileNetV2,test,0.00024806405417621136,0.017789967358112335,0.7767166495323181,0.03365327790379524,0.00020135623344685882,6.319509702734649e-05,0.05351308360695839,0.0022908891551196575,0.020405910909175873,0.011456084437668324,0.08366157859563828
C:\Projects\TM470\data\processed\test\Cortinarius\648_rFy8BK5tQS4.jpg,Cortinarius/648_rFy8BK5tQS4.jpg,Cortinarius,Cortinarius,True,0.42721468210220337,0.0091596000002027,MobileNetV2,test,0.026390546932816505,0.2575607895851135,0.03843916580080986,0.42721468210220337,0.005314648151397705,0.0013880267506465316,0.06466858834028244,0.04803435131907463,0.04785844683647156,0.03128783404827118,0.05184303596615791
C:\Projects\TM470\data\processed\test\Cortinarius\651_YsGS-o5hPUk.jpg,Cortinarius/651_YsGS-o5hPUk.jpg,Cortinarius,Russula,False,0.42473870515823364,0.0091800999998667,MobileNetV2,test,0.013435028493404388,0.05544497072696686,0.3754435181617737,0.03202875331044197,0.00015775192878209054,4.374462889700226e-07,0.00037582614459097385,0.0005331894499249756,0.06861820816993713,0.42473870515823364,0.029223505407571793
C:\Projects\TM470\data\processed\test\Cortinarius\660_qqPWIG-_atg.jpg,Cortinarius/660_qqPWIG-_atg.jpg,Cortinarius,Inocybe,False,0.2447046935558319,0.0099422999992384,MobileNetV2,test,0.12972475588321686,0.1458176225423813,0.03174896538257599,0.16274145245552063,0.011948970146477222,0.12037966400384903,0.01769067347049713,0.2447046935558319,0.08449693024158478,0.02210613340139389,0.028640104457736015
C:\Projects\TM470\data\processed\test\Cortinarius\663_vqeZWWsm7AU.jpg,Cortinarius/663_vqeZWWsm7AU.jpg,Cortinarius,Boletus,False,0.36626505851745605,0.0094537999993917,MobileNetV2,test,0.024987176060676575,0.2066020518541336,0.36626505851745605,0.2610023319721222,0.0010262923315167427,0.0027170057874172926,0.00205462914891541,0.006403893232345581,0.05279294401407242,0.06036302447319031,0.015785612165927887
C:\Projects\TM470\data\processed\test\Cortinarius\665_CnMbFwJ4A3g.jpg,Cortinarius/665_CnMbFwJ4A3g.jpg,Cortinarius,Boletus,False,0.9837437272071838,0.0099941999997099,MobileNetV2,test,0.00019348417117726058,0.0032974218484014273,0.9837437272071838,0.0005113341030664742,8.294912731798831e-06,2.256916218357219e-07,2.1475041648955084e-05,0.0006503723561763763,0.0032248636707663536,0.004441587720066309,0.003907257691025734
C:\Projects\TM470\data\processed\test\Cortinarius\670_VEDFNxOmJjk.jpg,Cortinarius/670_VEDFNxOmJjk.jpg,Cortinarius,Cortinarius,True,0.8154177069664001,0.0094255999993038,MobileNetV2,test,0.0025831914972513914,0.007043562363833189,0.058771874755620956,0.8154177069664001,0.049736615270376205,0.0003003668680321425,0.009712012484669685,0.009840858168900013,0.022629590705037117,0.0032549819443374872,0.02070930041372776
C:\Projects\TM470\data\processed\test\Cortinarius\677_jZl6bME7gYc.jpg,Cortinarius/677_jZl6bME7gYc.jpg,Cortinarius,Boletus,False,0.8298137784004211,0.011650999998892,MobileNetV2,test,0.00014093263598624617,0.004041597712785006,0.8298137784004211,0.013024937361478806,7.257545803440735e-05,0.00022361808805726469,0.044001463800668716,0.0029051813762634993,0.03697608411312103,0.007247785571962595,0.06155209615826607
C:\Projects\TM470\data\processed\test\Cortinarius\684_4Yz2wW3J4Vs.jpg,Cortinarius/684_4Yz2wW3J4Vs.jpg,Cortinarius,Amanita,False,0.3365750014781952,0.0098722000002453,MobileNetV2,test,0.06253783404827118,0.3365750014781952,0.10237107425928116,0.09512419253587723,0.17521724104881287,0.017397010698914528,0.003976219799369574,0.025692671537399292,0.10357408970594406,0.07472556829452515,0.0028091762214899063
C:\Projects\TM470\data\processed\test\Cortinarius\698_hDYmajbNTyc.jpg,Cortinarius/698_hDYmajbNTyc.jpg,Cortinarius,Cortinarius,True,0.7861659526824951,0.0086878000001888,MobileNetV2,test,0.0023292936384677887,0.004269355908036232,0.01815476454794407,0.7861659526824951,0.006181144155561924,3.4296615467610536e-06,0.013518685474991798,0.003447894239798188,0.05513906851410866,0.02179359644651413,0.08899672329425812
C:\Projects\TM470\data\processed\test\Cortinarius\700_T0ARJ9bwVM0.jpg,Cortinarius/700_T0ARJ9bwVM0.jpg,Cortinarius,Boletus,False,0.2904168367385864,0.0093868999992992,MobileNetV2,test,0.007978112436830997,0.20387661457061768,0.2904168367385864,0.07397831231355667,0.0038601455744355917,0.005202221218496561,0.07433120161294937,0.09113144129514694,0.10500556975603104,0.055271293967962265,0.08894825726747513
C:\Projects\TM470\data\processed\test\Cortinarius\706_neOW0Q7auww.jpg,Cortinarius/706_neOW0Q7auww.jpg,Cortinarius,Cortinarius,True,0.25364968180656433,0.0092973000009806,MobileNetV2,test,0.10130380094051361,0.1832541823387146,0.11688102781772614,0.25364968180656433,0.008887642994523048,4.1053053791983984e-06,0.001994299702346325,0.001139189233072102,0.08033694326877594,0.23765482008457184,0.014894325286149979
C:\Projects\TM470\data\processed\test\Cortinarius\710_9SgH3X4RwDc.jpg,Cortinarius/710_9SgH3X4RwDc.jpg,Cortinarius,Cortinarius,True,0.7974379062652588,0.0099863000014011,MobileNetV2,test,2.5461683890171116e-06,5.783278538729064e-06,0.00046328557073138654,0.7974379062652588,1.068730853148736e-05,9.589368410445331e-09,0.006203739438205957,0.00028493782156147063,0.024600569158792496,0.008737260475754738,0.16225332021713257
C:\Projects\TM470\data\processed\test\Cortinarius\713_0K-WK89enpQ.jpg,Cortinarius/713_0K-WK89enpQ.jpg,Cortinarius,Boletus,False,0.3871704339981079,0.01030560000072,MobileNetV2,test,0.012642535381019115,0.00419421074911952,0.3871704339981079,0.33669501543045044,0.000785397831350565,1.991317913052626e-05,0.003284202655777335,0.01070757582783699,0.035638559609651566,0.02651231735944748,0.18234989047050476
C:\Projects\TM470\data\processed\test\Cortinarius\722_hYmaZTUMKvM.jpg,Cortinarius/722_hYmaZTUMKvM.jpg,Cortinarius,Cortinarius,True,0.36962494254112244,0.0089021999992837,MobileNetV2,test,0.0007437416934408247,0.018721768632531166,0.006946330890059471,0.36962494254112244,0.0019249215256422758,6.439960543502821e-06,0.15779703855514526,0.006666999775916338,0.13712844252586365,0.12167956680059433,0.17875978350639343
C:\Projects\TM470\data\processed\test\Cortinarius\723_z2zuRWlePHw.jpg,Cortinarius/723_z2zuRWlePHw.jpg,Cortinarius,Agaricus,False,0.5097193717956543,0.0109833000005892,MobileNetV2,test,0.5097193717956543,0.11589682102203369,0.006260051392018795,0.297221302986145,0.0010272942017763853,0.0016102750087156892,0.0005075493827462196,0.05020776763558388,0.011235254816710949,0.004939981270581484,0.0013742991723120213
C:\Projects\TM470\data\processed\test\Cortinarius\726_SPq8J7DiHAU.jpg,Cortinarius/726_SPq8J7DiHAU.jpg,Cortinarius,Boletus,False,0.757061243057251,0.010341100000005,MobileNetV2,test,0.0022607201244682074,0.039206236600875854,0.757061243057251,0.02275623381137848,0.0003249540168326348,3.914732224075124e-05,0.001888715079985559,0.003896977985277772,0.0319039486348629,0.11620082706212997,0.02446097508072853
C:\Projects\TM470\data\processed\test\Cortinarius\734_gSi3maWDcms.jpg,Cortinarius/734_gSi3maWDcms.jpg,Cortinarius,Russula,False,0.5303228497505188,0.0105710000007093,MobileNetV2,test,0.0067485542967915535,0.05950834974646568,0.0687350258231163,0.058845002204179764,0.0024672183208167553,0.010404503904283047,0.12121209502220154,0.04591476917266846,0.06673336029052734,0.5303228497505188,0.02910825051367283
C:\Projects\TM470\data\processed\test\Cortinarius\739_1fnqQJpMA1w.jpg,Cortinarius/739_1fnqQJpMA1w.jpg,Cortinarius,Cortinarius,True,0.9217416048049927,0.0102052000002004,MobileNetV2,test,0.000352089642547071,9.228603448718786e-05,0.0007527419948019087,0.9217416048049927,3.1752562790643424e-05,3.5502321793501324e-07,0.0013913641450926661,0.0020787958055734634,0.012072328478097916,0.024903981015086174,0.036582671105861664
C:\Projects\TM470\data\processed\test\Cortinarius\740_6uQUZGPJDtc.jpg,Cortinarius/740_6uQUZGPJDtc.jpg,Cortinarius,Inocybe,False,0.2462397962808609,0.0103122999989864,MobileNetV2,test,0.024720195680856705,0.058918312191963196,0.20981012284755707,0.16483813524246216,0.010565686039626598,0.1622718870639801,0.003351065330207348,0.2462397962808609,0.06135137379169464,0.043000731617212296,0.014932733960449696
C:\Projects\TM470\data\processed\test\Cortinarius\741_I2jWMQKljH8.jpg,Cortinarius/741_I2jWMQKljH8.jpg,Cortinarius,Boletus,False,0.46742483973503113,0.0124754999997094,MobileNetV2,test,0.035514745861291885,0.1665627658367157,0.46742483973503113,0.20128783583641052,0.0042424569837749004,0.001991860568523407,0.0013774397084489465,0.02636009082198143,0.0501164086163044,0.03155910223722458,0.013562462292611599
C:\Projects\TM470\data\processed\test\Cortinarius\743_x_gCsSdhOPU.jpg,Cortinarius/743_x_gCsSdhOPU.jpg,Cortinarius,Cortinarius,True,0.5589039921760559,0.009055200000148,MobileNetV2,test,0.0047716726548969746,0.015040348283946514,0.18336515128612518,0.5589039921760559,0.008109924383461475,0.016269609332084656,0.049479126930236816,0.07999499142169952,0.053223494440317154,0.002629790222272277,0.0282119307667017
C:\Projects\TM470\data\processed\test\Cortinarius\754_pGoceyCfMP8.jpg,Cortinarius/754_pGoceyCfMP8.jpg,Cortinarius,Amanita,False,0.2951057553291321,0.009136299999227,MobileNetV2,test,0.07607658952474594,0.2951057553291321,0.04586075246334076,0.282975971698761,0.11308252811431885,0.000368295528460294,0.016739772632718086,0.008777204900979996,0.11851930618286133,0.01889723353087902,0.023596541956067085
C:\Projects\TM470\data\processed\test\Cortinarius\766_vIHHxNTloEA.jpg,Cortinarius/766_vIHHxNTloEA.jpg,Cortinarius,Boletus,False,0.40502098202705383,0.0097869000001082,MobileNetV2,test,0.06880112737417221,0.11266942322254181,0.40502098202705383,0.029658038169145584,0.00029362906934693456,4.896420250588562e-06,0.001726361340843141,0.0005574737442657351,0.11152229458093643,0.26637566089630127,0.003370105754584074
C:\Projects\TM470\data\processed\test\Cortinarius\791_2-YR9WlEhSA.jpg,Cortinarius/791_2-YR9WlEhSA.jpg,Cortinarius,Cortinarius,True,0.7550469040870667,0.0089164000000891,MobileNetV2,test,0.00027972631505690515,0.0004996135830879211,0.0001846898958319798,0.7550469040870667,0.002858571009710431,4.5517822400142904e-06,0.1587080955505371,0.012093608267605305,0.023819638416171074,0.001680194167420268,0.04482442885637283
C:\Projects\TM470\data\processed\test\Cortinarius\796_738i150K_pQ.jpg,Cortinarius/796_738i150K_pQ.jpg,Cortinarius,Cortinarius,True,0.8923102021217346,0.0095048000002861,MobileNetV2,test,0.0038598303217440844,0.0011369263520464301,0.00020320361363701522,0.8923102021217346,0.012569245882332325,0.0008109369082376361,0.03656671196222305,0.03973293676972389,0.005325037054717541,2.7867145035997964e-05,0.007457137107849121
C:\Projects\TM470\data\processed\test\Cortinarius\800_DyXP5vXb0mQ.jpg,Cortinarius/800_DyXP5vXb0mQ.jpg,Cortinarius,Hygrocybe,False,0.5526971817016602,0.0096138999997492,MobileNetV2,test,0.00013034773292019963,0.006866721902042627,0.06706955283880234,0.18180081248283386,0.0006242655217647552,5.623484412353719e-06,0.5526971817016602,0.0008190686348825693,0.07704571634531021,0.01677124761044979,0.09616949409246445
C:\Projects\TM470\data\processed\test\Cortinarius\819_ELx6VT8tmKM.jpg,Cortinarius/819_ELx6VT8tmKM.jpg,Cortinarius,Inocybe,False,0.22781652212142944,0.0079014999992068,MobileNetV2,test,0.02005622908473015,0.05088232830166817,0.06924105435609818,0.13185541331768036,0.08649624139070511,0.010952601209282875,0.12952734529972076,0.22781652212142944,0.18795841932296753,0.032659512013196945,0.05255433917045593
C:\Projects\TM470\data\processed\test\Cortinarius\825_nn-gRPOKNNQ.jpg,Cortinarius/825_nn-gRPOKNNQ.jpg,Cortinarius,Cortinarius,True,0.4042298495769501,0.0096281999994971,MobileNetV2,test,0.13841795921325684,0.12713965773582458,0.006018867250531912,0.4042298495769501,0.012709047645330429,2.5006092982948758e-05,0.0011437078937888145,0.2776348292827606,0.008673759177327156,0.012286567129194736,0.011720819398760796
C:\Projects\TM470\data\processed\test\Cortinarius\835_znWNJNTUlcg.jpg,Cortinarius/835_znWNJNTUlcg.jpg,Cortinarius,Lactarius,False,0.36515170335769653,0.0122299000013299,MobileNetV2,test,0.0010105307446792722,0.0016263449797406793,0.20781373977661133,0.2529135048389435,0.007234597112983465,5.012961992179044e-06,0.01074356772005558,0.0018936792621389031,0.36515170335769653,0.047923337668180466,0.10368403047323227
C:\Projects\TM470\data\processed\test\Cortinarius\838_phOn4HpRGFU.jpg,Cortinarius/838_phOn4HpRGFU.jpg,Cortinarius,Cortinarius,True,0.679149329662323,0.0106173999993188,MobileNetV2,test,0.0021805863361805677,0.004137850366532803,0.03343937173485756,0.679149329662323,0.0015290079172700644,5.8332398111815564e-06,0.04851715639233589,0.01487374771386385,0.025221476331353188,0.0012686211848631501,0.18967698514461517
C:\Projects\TM470\data\processed\test\Cortinarius\839_QCI2KoxuEus.jpg,Cortinarius/839_QCI2KoxuEus.jpg,Cortinarius,Cortinarius,True,0.9218851327896118,0.0094323999983316,MobileNetV2,test,0.007365742698311806,0.0018282600212842226,6.355369987431914e-05,0.9218851327896118,0.047490328550338745,5.045184479968157e-06,0.0011261989129707217,0.014845501631498337,0.001683930167928338,0.00033892542705871165,0.00336740561760962
C:\Projects\TM470\data\processed\test\Cortinarius\880_2blQSwj_qqg.jpg,Cortinarius/880_2blQSwj_qqg.jpg,Cortinarius,Lactarius,False,0.7104108333587646,0.0094522999988839,MobileNetV2,test,0.0038330296520143747,0.0044896239414811134,0.05358289182186127,0.06718233972787857,0.009012599475681782,0.010376490652561188,0.01127976831048727,0.04438018798828125,0.7104108333587646,0.06387770920991898,0.02157444879412651
C:\Projects\TM470\data\processed\test\Cortinarius\896_zisCBTibqYs.jpg,Cortinarius/896_zisCBTibqYs.jpg,Cortinarius,Russula,False,0.387957900762558,0.0100517000009858,MobileNetV2,test,0.05557187274098396,0.15198886394500732,0.13049855828285217,0.1971002221107483,0.004936380311846733,1.907443038362544e-05,0.005438941065222025,0.01643545553088188,0.028272759169340134,0.387957900762558,0.02177998796105385
C:\Projects\TM470\data\processed\test\Cortinarius\897_K54fKEI54-0.jpg,Cortinarius/897_K54fKEI54-0.jpg,Cortinarius,Amanita,False,0.6758461594581604,0.010813800001415,MobileNetV2,test,0.0342244878411293,0.6758461594581604,0.0118219880387187,0.20846542716026306,0.006069985684007406,0.0004143808037042618,0.007757154293358326,0.030910639092326164,0.009862439706921577,0.0054893470369279385,0.009138085879385471
C:\Projects\TM470\data\processed\test\Cortinarius\909_6AiLKcfk2jI.jpg,Cortinarius/909_6AiLKcfk2jI.jpg,Cortinarius,Cortinarius,True,0.870561957359314,0.0103944000002229,MobileNetV2,test,0.00046906108036637306,0.00013870472321286798,0.006954048294574022,0.870561957359314,0.00011089870531577617,1.260269073100062e-06,0.00011995813110843301,0.013952934183180332,0.00322914682328701,0.07814564555883408,0.02631642483174801
C:\Projects\TM470\data\processed\test\Cortinarius\910_q20nsdIX9Zo.jpg,Cortinarius/910_q20nsdIX9Zo.jpg,Cortinarius,Exidia,False,0.3242852985858917,0.013402099999439,MobileNetV2,test,0.05115378648042679,0.03257237374782562,0.016723137348890305,0.14962118864059448,0.01451442576944828,0.3242852985858917,0.017683345824480057,0.27619653940200806,0.08589910715818405,0.012677480466663837,0.018673310056328773
C:\Projects\TM470\data\processed\test\Cortinarius\918_LWJyWIIRFwE.jpg,Cortinarius/918_LWJyWIIRFwE.jpg,Cortinarius,Cortinarius,True,0.4311390221118927,0.0106783999999606,MobileNetV2,test,0.000806488620582968,0.003230766858905554,0.008924508467316628,0.4311390221118927,0.0005608678329735994,1.66942891155486e-06,0.34059450030326843,0.0012674302561208606,0.07738944888114929,0.03898201882839203,0.09710335731506348
C:\Projects\TM470\data\processed\test\Cortinarius\927_MThMyEFu3p4.jpg,Cortinarius/927_MThMyEFu3p4.jpg,Cortinarius,Inocybe,False,0.6241633892059326,0.0104857000005722,MobileNetV2,test,0.0730910524725914,0.06263630092144012,5.2842024160781875e-05,0.19388729333877563,0.035616301000118256,7.196432852651924e-05,0.004839417990297079,0.6241633892059326,0.0010517369955778122,0.00042059746920131147,0.004169114399701357
C:\Projects\TM470\data\processed\test\Cortinarius\930_rg7s0lc2xZ4.jpg,Cortinarius/930_rg7s0lc2xZ4.jpg,Cortinarius,Cortinarius,True,0.8307331800460815,0.0108576999991782,MobileNetV2,test,0.007454079110175371,0.0009765629656612873,3.145226583001204e-05,0.8307331800460815,0.0011542796855792403,3.053921091122902e-06,0.00023856110055930912,0.155640110373497,0.00054613669635728,0.00012415765377227217,0.003098428947851062
C:\Projects\TM470\data\processed\test\Cortinarius\932_wke3BS09elk.jpg,Cortinarius/932_wke3BS09elk.jpg,Cortinarius,Russula,False,0.9798545241355896,0.0094637000001966,MobileNetV2,test,0.0015573269920423627,0.00593670504167676,0.0004802729527000338,0.005098801571875811,9.782540291780606e-05,2.7336016046319855e-06,0.00032814673613756895,0.0023670250084251165,0.0036645422223955393,0.9798545241355896,0.0006120263133198023
C:\Projects\TM470\data\processed\test\Cortinarius\933_9KMU6_nR5hY.jpg,Cortinarius/933_9KMU6_nR5hY.jpg,Cortinarius,Cortinarius,True,0.5164462327957153,0.0101712000014231,MobileNetV2,test,0.007450447417795658,0.019183088093996048,0.3392099142074585,0.5164462327957153,0.003951725084334612,0.00216349633410573,0.0020169392228126526,0.01901981607079506,0.038164082914590836,0.03942018747329712,0.01297411136329174
C:\Projects\TM470\data\processed\test\Cortinarius\938_c0WgxVOt3ug.jpg,Cortinarius/938_c0WgxVOt3ug.jpg,Cortinarius,Inocybe,False,0.4841825067996979,0.0097587000000203,MobileNetV2,test,0.07770084589719772,0.018178192898631096,0.00020195019897073507,0.3654707968235016,0.0027995991986244917,0.013506812043488026,0.00023833205341361463,0.4841825067996979,0.01115275826305151,0.025918317958712578,0.0006498857983388007
C:\Projects\TM470\data\processed\test\Cortinarius\949_8OyiXJnNar8.jpg,Cortinarius/949_8OyiXJnNar8.jpg,Cortinarius,Boletus,False,0.7929314374923706,0.0101511000011669,MobileNetV2,test,0.0002752362343017012,0.00030378266819752753,0.7929314374923706,0.14555305242538452,0.002230203477665782,3.2097446819534525e-05,0.0002290269039804116,0.001016714726574719,0.04399382695555687,0.0051815626211464405,0.008253100328147411
C:\Projects\TM470\data\processed\test\Cortinarius\950_HDskNFXm9xc.jpg,Cortinarius/950_HDskNFXm9xc.jpg,Cortinarius,Boletus,False,0.984876275062561,0.0112481000014668,MobileNetV2,test,0.00011328690015943721,7.507992268074304e-05,0.984876275062561,0.005715605337172747,9.218049399351003e-07,9.372508325000695e-10,3.017943072336493e-06,8.344214847966214e-07,0.005267526488751173,0.0028900904580950737,0.0010572060709819198
C:\Projects\TM470\data\processed\test\Entoloma\008_AZvp1cwweLk.jpg,Entoloma/008_AZvp1cwweLk.jpg,Entoloma,Amanita,False,0.26898908615112305,0.0124547999985225,MobileNetV2,test,0.1456921249628067,0.26898908615112305,0.022843116894364357,0.04070036858320236,0.0523315891623497,0.03280613198876381,0.06877230852842331,0.06124772131443024,0.127498596906662,0.1596985161304474,0.019420387223362923
C:\Projects\TM470\data\processed\test\Entoloma\015_HkVmyyuf6D4.jpg,Entoloma/015_HkVmyyuf6D4.jpg,Entoloma,Lactarius,False,0.733686625957489,0.0104185999989567,MobileNetV2,test,0.00035000790376216173,0.0019252621568739414,0.0033817996736615896,0.0006300996174104512,0.0004146568535361439,1.3563651464210125e-06,0.0007187098381109536,2.6643110686563887e-05,0.733686625957489,0.25785863399505615,0.0010062031215056777
C:\Projects\TM470\data\processed\test\Entoloma\016_ARE6YaRXCgc.jpg,Entoloma/016_ARE6YaRXCgc.jpg,Entoloma,Lactarius,False,0.32339829206466675,0.0106250999997428,MobileNetV2,test,0.03686542063951492,0.10378315299749374,0.012202044948935509,0.06272770464420319,0.04005266726016998,0.06792612373828888,0.09561067819595337,0.08274020999670029,0.32339829206466675,0.15828783810138702,0.016405893489718437
C:\Projects\TM470\data\processed\test\Entoloma\024_bN9lzk7miXk.jpg,Entoloma/024_bN9lzk7miXk.jpg,Entoloma,Agaricus,False,0.32399195432662964,0.0105999000006704,MobileNetV2,test,0.32399195432662964,0.20868609845638275,0.009803458116948605,0.16738629341125488,0.004518372938036919,0.06397293508052826,0.007241014391183853,0.16367371380329132,0.032584384083747864,0.0056485505774617195,0.012493187561631203
C:\Projects\TM470\data\processed\test\Entoloma\028_ep6xNTtGRbM.jpg,Entoloma/028_ep6xNTtGRbM.jpg,Entoloma,Cortinarius,False,0.4220377206802368,0.0118242000007739,MobileNetV2,test,0.04076651856303215,0.07296495884656906,0.000125549515360035,0.4220377206802368,0.05422124266624451,5.324920130078681e-05,0.005683867726475,0.3754332661628723,0.003956737462431192,0.015665199607610703,0.0090916957706213
C:\Projects\TM470\data\processed\test\Entoloma\040_AaS7qJWOhTY.jpg,Entoloma/040_AaS7qJWOhTY.jpg,Entoloma,Russula,False,0.42160043120384216,0.0115617999999813,MobileNetV2,test,0.017911694943904877,0.009694523178040981,0.053621772676706314,0.03441052883863449,0.005942749325186014,0.00039273087168112397,0.001341411261819303,0.112751804292202,0.30454161763191223,0.42160043120384216,0.03779081627726555
C:\Projects\TM470\data\processed\test\Entoloma\041_8TLv6hZ7PQg.jpg,Entoloma/041_8TLv6hZ7PQg.jpg,Entoloma,Russula,False,0.8078668117523193,0.0119906999989325,MobileNetV2,test,0.03702610358595848,0.05906754732131958,0.0042762793600559235,0.0046711149625480175,0.0024059221614152193,9.628025873098522e-05,0.0011972967768087983,0.009542925283312798,0.07290416210889816,0.8078668117523193,0.0009455089457333088
C:\Projects\TM470\data\processed\test\Entoloma\043_HA9oR2t5gx4.jpg,Entoloma/043_HA9oR2t5gx4.jpg,Entoloma,Amanita,False,0.2383905053138733,0.0103441999999631,MobileNetV2,test,0.12411031872034073,0.2383905053138733,0.032595209777355194,0.11519762873649597,0.025669975206255913,0.1598758101463318,0.022771727293729782,0.1492115706205368,0.06625094264745712,0.03926454484462738,0.02666170336306095
C:\Projects\TM470\data\processed\test\Entoloma\053_pGhgq2L9_f8.jpg,Entoloma/053_pGhgq2L9_f8.jpg,Entoloma,Exidia,False,0.33034849166870117,0.0098624999991443,MobileNetV2,test,0.0643572062253952,0.15602484345436096,0.029375245794653893,0.034505344927310944,0.03589403256773949,0.33034849166870117,0.009509313851594925,0.18535517156124115,0.08755350857973099,0.05985729396343231,0.007219549734145403
C:\Projects\TM470\data\processed\test\Entoloma\075_6zFJxFd4PFI.jpg,Entoloma/075_6zFJxFd4PFI.jpg,Entoloma,Hygrocybe,False,0.27744391560554504,0.0111375000014959,MobileNetV2,test,0.0880960151553154,0.15529002249240875,0.0009906095219776034,0.26576730608940125,0.022617284208536148,4.232985702401493e-06,0.27744391560554504,0.034329719841480255,0.03939859941601753,0.005622333846986294,0.1104399785399437
C:\Projects\TM470\data\processed\test\Entoloma\077_MiiSt18mhFg.jpg,Entoloma/077_MiiSt18mhFg.jpg,Entoloma,Russula,False,0.7638375759124756,0.0107661000001826,MobileNetV2,test,0.002289040246978402,0.1981557160615921,0.0034237769432365894,0.01664922758936882,0.000647251377813518,2.0887064238195308e-06,0.004753966815769672,0.0011756635503843427,0.007371814921498299,0.7638375759124756,0.001693901838734746
C:\Projects\TM470\data\processed\test\Entoloma\087_B8cy4l0fVCM.jpg,Entoloma/087_B8cy4l0fVCM.jpg,Entoloma,Cortinarius,False,0.36496424674987793,0.0107870000010734,MobileNetV2,test,0.20448797941207886,0.18670298159122467,0.03355111554265022,0.36496424674987793,0.07024816423654556,0.0003212768060620874,0.0022927368991076946,0.009168729186058044,0.03911824896931648,0.07996778935194016,0.009176719933748245
C:\Projects\TM470\data\processed\test\Entoloma\095_sc5K2sdc95k.jpg,Entoloma/095_sc5K2sdc95k.jpg,Entoloma,Lactarius,False,0.4204687178134918,0.0108098000000609,MobileNetV2,test,0.06285885721445084,0.03317561745643616,0.004055040422827005,0.12859782576560974,0.13728129863739014,2.4771101379883476e-05,0.030380111187696457,0.03914438560605049,0.4204687178134918,0.055128246545791626,0.08888518065214157
C:\Projects\TM470\data\processed\test\Entoloma\100_DOEuA90u0n4.jpg,Entoloma/100_DOEuA90u0n4.jpg,Entoloma,Lactarius,False,0.8261390924453735,0.011051799998313,MobileNetV2,test,0.001527784625068307,0.0017124104779213667,0.0076944720931351185,0.04777342453598976,0.019479745998978615,8.101549610728398e-06,0.008797911927103996,0.00928566139191389,0.8261390924453735,0.036299653351306915,0.041281700134277344
C:\Projects\TM470\data\processed\test\Entoloma\112_tZybBnWnquU.jpg,Entoloma/112_tZybBnWnquU.jpg,Entoloma,Boletus,False,0.6245484352111816,0.0126880000007076,MobileNetV2,test,0.008179633878171444,0.01564694382250309,0.6245484352111816,0.03729747235774994,0.08289744704961777,0.0004218353715259582,0.006648463662713766,0.0053103091195225716,0.19170501828193665,0.01669859141111374,0.010645829141139984
C:\Projects\TM470\data\processed\test\Entoloma\114_hVYv8T9rAdI.jpg,Entoloma/114_hVYv8T9rAdI.jpg,Entoloma,Boletus,False,0.37315019965171814,0.0104070999987015,MobileNetV2,test,0.06369491666555405,0.06374899297952652,0.37315019965171814,0.03738771378993988,0.0366169735789299,0.005627816077321768,0.012097343802452087,0.05147044360637665,0.2546372711658478,0.08635888993740082,0.015209400095045567
C:\Projects\TM470\data\processed\test\Entoloma\123_N1nBNk8zowc.jpg,Entoloma/123_N1nBNk8zowc.jpg,Entoloma,Amanita,False,0.3146556317806244,0.012735899999825,MobileNetV2,test,0.09060727059841156,0.3146556317806244,0.016201535239815712,0.11286032199859619,0.037678152322769165,0.02722472883760929,0.00874051358550787,0.02012297697365284,0.10427295416593552,0.26537013053894043,0.0022657408844679594
C:\Projects\TM470\data\processed\test\Entoloma\124_NgFCwyrvUBU.jpg,Entoloma/124_NgFCwyrvUBU.jpg,Entoloma,Amanita,False,0.571683943271637,0.0112874999995256,MobileNetV2,test,0.004503787960857153,0.571683943271637,0.1726147085428238,0.004023044835776091,0.03380129858851433,0.05019209533929825,0.005808483809232712,0.029560256749391556,0.08961693942546844,0.03655391186475754,0.001641525886952877
C:\Projects\TM470\data\processed\test\Entoloma\125_H6KQJubz60Q.jpg,Entoloma/125_H6KQJubz60Q.jpg,Entoloma,Inocybe,False,0.5504353642463684,0.0118977000001905,MobileNetV2,test,0.03601301088929176,0.2635727822780609,0.01180150918662548,0.031864214688539505,0.022433465346693993,0.021016405895352364,0.012297900393605232,0.5504353642463684,0.03447294607758522,0.008057576604187489,0.008034816943109035
C:\Projects\TM470\data\processed\test\Entoloma\137_2wOQqIdze_Y.jpg,Entoloma/137_2wOQqIdze_Y.jpg,Entoloma,Hygrocybe,False,0.4324623644351959,0.0110174000001279,MobileNetV2,test,0.004898834973573685,0.018396694213151932,0.005175619851797819,0.3486033082008362,0.05911259725689888,0.00011202593304915354,0.4324623644351959,0.05089738592505455,0.03266485780477524,0.0011824716348201036,0.04649385064840317
C:\Projects\TM470\data\processed\test\Entoloma\154_HDT_he4bSpA.jpg,Entoloma/154_HDT_he4bSpA.jpg,Entoloma,Lactarius,False,0.5499086380004883,0.010558600000877,MobileNetV2,test,0.005448429845273495,0.006254431791603565,0.023361332714557648,0.04663039743900299,0.03604412078857422,1.9777402485487983e-05,0.009430530481040478,0.0020568091422319412,0.5499086380004883,0.30500373244285583,0.015841854736208916
C:\Projects\TM470\data\processed\test\Entoloma\155_ab4GU9GVNl0.jpg,Entoloma/155_ab4GU9GVNl0.jpg,Entoloma,Lactarius,False,0.6491275429725647,0.0093001000004733,MobileNetV2,test,0.01037122868001461,0.12455138564109802,0.009815152734518051,0.01045995019376278,0.023534007370471954,7.405948417726904e-05,0.009371178224682808,0.005351345986127853,0.6491275429725647,0.15082651376724243,0.00651758536696434
C:\Projects\TM470\data\processed\test\Entoloma\159_gzyo4cu2SF0.jpg,Entoloma/159_gzyo4cu2SF0.jpg,Entoloma,Lactarius,False,0.2833060324192047,0.011488799998915,MobileNetV2,test,0.10338339954614639,0.06419089436531067,0.0615638867020607,0.06176038458943367,0.05477171391248703,0.17938487231731415,0.0047090789303183556,0.07736389338970184,0.2833060324192047,0.10496547073125839,0.00460037961602211
C:\Projects\TM470\data\processed\test\Entoloma\170_rgOUjNM_DM4.jpg,Entoloma/170_rgOUjNM_DM4.jpg,Entoloma,Cortinarius,False,0.5951123237609863,0.0126598999995621,MobileNetV2,test,0.05386495217680931,0.02091813273727894,0.004050490912050009,0.5951123237609863,0.04755038022994995,0.00023807132674846798,0.008833230473101139,0.1512318104505539,0.024004224687814713,0.016741309314966202,0.07745510339736938
C:\Projects\TM470\data\processed\test\Entoloma\178_j9A_u3GorWg.jpg,Entoloma/178_j9A_u3GorWg.jpg,Entoloma,Cortinarius,False,0.6446186304092407,0.0112537000004522,MobileNetV2,test,0.0009502187604084611,0.00301070767454803,8.662750042276457e-05,0.6446186304092407,0.05602448061108589,7.107075362000614e-06,0.2051725536584854,0.00399134261533618,0.03707418590784073,0.0014331088168546557,0.047631073743104935
C:\Projects\TM470\data\processed\test\Entoloma\185_UK9hgsbXBR8.jpg,Entoloma/185_UK9hgsbXBR8.jpg,Entoloma,Amanita,False,0.41164717078208923,0.0099623000005522,MobileNetV2,test,0.03142748028039932,0.41164717078208923,0.038239479064941406,0.052432335913181305,0.1539197713136673,0.013034663163125515,0.08817378431558609,0.1267324537038803,0.04791073873639107,0.018529582768678665,0.017952539026737213
C:\Projects\TM470\data\processed\test\Entoloma\187_m0UFCsyH-Bs.jpg,Entoloma/187_m0UFCsyH-Bs.jpg,Entoloma,Cortinarius,False,0.5007723569869995,0.0127587999995739,MobileNetV2,test,0.006996484473347664,0.015855180099606514,0.0001816721196519211,0.5007723569869995,0.09562753140926361,8.196660201065242e-05,0.10700062662363052,0.23235124349594116,0.007085045799612999,0.0011360622011125088,0.032911840826272964
C:\Projects\TM470\data\processed\test\Entoloma\192_Tf_A1Q4bdco.jpg,Entoloma/192_Tf_A1Q4bdco.jpg,Entoloma,Boletus,False,0.5010311603546143,0.012468800001443,MobileNetV2,test,0.0001442073262296617,0.0018386206356808543,0.5010311603546143,0.0888429582118988,1.2251170119270682e-05,3.2095783808472333e-07,0.006145020015537739,0.00036840717075392604,0.04727157577872276,0.27133360505104065,0.08301185816526413
C:\Projects\TM470\data\processed\test\Entoloma\195_tEj9VvcKoc8.jpg,Entoloma/195_tEj9VvcKoc8.jpg,Entoloma,Inocybe,False,0.3175394833087921,0.0111653999992995,MobileNetV2,test,0.0250597782433033,0.029292656108736992,0.001168684451840818,0.17975632846355438,0.018144110217690468,0.00040666470886208117,0.0156316626816988,0.3175394833087921,0.27023667097091675,0.10376083105802536,0.03900318220257759
C:\Projects\TM470\data\processed\test\Entoloma\202_FQWDsaZPytk.jpg,Entoloma/202_FQWDsaZPytk.jpg,Entoloma,Entoloma,True,0.26794418692588806,0.0125602000007347,MobileNetV2,test,0.012853062711656094,0.21946142613887787,0.11227315664291382,0.046694107353687286,0.26794418692588806,0.05347656086087227,0.026383839547634125,0.016320113092660904,0.19619548320770264,0.0447101853787899,0.003687876043841243
C:\Projects\TM470\data\processed\test\Entoloma\213_xX7APSYep7c.jpg,Entoloma/213_xX7APSYep7c.jpg,Entoloma,Russula,False,0.3994302451610565,0.0117652999997517,MobileNetV2,test,0.0003763039712794125,0.0024983491748571396,0.371351957321167,0.16099971532821655,0.0002644740743562579,1.3090642596580437e-06,0.001075256965123117,6.325490539893508e-05,0.05082383751869202,0.3994302451610565,0.013115276582539082
C:\Projects\TM470\data\processed\test\Entoloma\217_MQnUltdhEsM.jpg,Entoloma/217_MQnUltdhEsM.jpg,Entoloma,Russula,False,0.9731360673904419,0.00851750000038,MobileNetV2,test,0.00047330910456366837,0.00041743178735487163,0.00016678721294738352,0.022551359608769417,2.4156830477295443e-05,4.372812156816508e-08,2.7176887670066208e-05,0.00010751322406576946,0.0028329191263765097,0.9731360673904419,0.0002632297691889107
C:\Projects\TM470\data\processed\test\Entoloma\221_aU7_BswojlM.jpg,Entoloma/221_aU7_BswojlM.jpg,Entoloma,Cortinarius,False,0.6635755896568298,0.0087242999998125,MobileNetV2,test,0.005980338901281357,0.018405383452773094,0.003373777959495783,0.6635755896568298,0.0005288016400299966,2.5515205948067887e-07,0.0012894078390672803,0.0003785306471399963,0.010797712020576,0.28439080715179443,0.011279412545263767
C:\Projects\TM470\data\processed\test\Entoloma\225_3YNITN-NtWM.jpg,Entoloma/225_3YNITN-NtWM.jpg,Entoloma,Amanita,False,0.3626977801322937,0.0087605999997322,MobileNetV2,test,0.2101394683122635,0.3626977801322937,0.21765965223312378,0.11561331152915955,0.001899837632663548,1.2766167856170796e-06,0.0019491487182676792,0.00015238794730976224,0.02354513294994831,0.05412958562374115,0.012212389148771763
C:\Projects\TM470\data\processed\test\Entoloma\244_5qYibVwYigY.jpg,Entoloma/244_5qYibVwYigY.jpg,Entoloma,Boletus,False,0.30899834632873535,0.0086977999999362,MobileNetV2,test,0.004298646003007889,0.29778116941452026,0.30899834632873535,0.018561163917183876,0.0010323147289454937,0.0019636203069239855,0.004163056146353483,0.0061474512331187725,0.04694828391075134,0.30223655700683594,0.007869304157793522
C:\Projects\TM470\data\processed\test\Entoloma\247_ABBDuWCbqT0.jpg,Entoloma/247_ABBDuWCbqT0.jpg,Entoloma,Inocybe,False,0.37988510727882385,0.0105451999988872,MobileNetV2,test,0.016221318393945694,0.10307420790195465,0.015051071532070637,0.1461593359708786,0.1815374195575714,0.047834426164627075,0.03770502284169197,0.37988510727882385,0.051579948514699936,0.007071187719702721,0.013880950398743153
C:\Projects\TM470\data\processed\test\Entoloma\254_iO4rO5rmxLg.jpg,Entoloma/254_iO4rO5rmxLg.jpg,Entoloma,Cortinarius,False,0.57071852684021,0.010345500000767,MobileNetV2,test,0.04382723942399025,0.008951184339821339,0.01001159381121397,0.57071852684021,0.002854660851880908,0.006867005955427885,0.004150410182774067,0.23185671865940094,0.06498697400093079,0.038530297577381134,0.017245369032025337
C:\Projects\TM470\data\processed\test\Entoloma\269_YSsglwYAx0A.jpg,Entoloma/269_YSsglwYAx0A.jpg,Entoloma,Cortinarius,False,0.4712299108505249,0.0097540999995544,MobileNetV2,test,0.02510582096874714,0.010093796998262405,0.026447704061865807,0.4712299108505249,0.0014989092014729977,0.00011379054194549099,0.00034478065208531916,0.01218492817133665,0.054085105657577515,0.39414432644844055,0.004750933963805437
C:\Projects\TM470\data\processed\test\Entoloma\278_1UQ2eou4aVA.jpg,Entoloma/278_1UQ2eou4aVA.jpg,Entoloma,Entoloma,True,0.3268876075744629,0.0104665999988355,MobileNetV2,test,0.10505267232656479,0.08434832096099854,0.003152306657284498,0.26093408465385437,0.3268876075744629,0.00098968215752393,0.04068872332572937,0.14664925634860992,0.0144346347078681,0.0027674266602844,0.014095340855419636
C:\Projects\TM470\data\processed\test\Entoloma\283_eWPMK-in8bA.jpg,Entoloma/283_eWPMK-in8bA.jpg,Entoloma,Entoloma,True,0.3778616189956665,0.0094846000010875,MobileNetV2,test,0.012620475143194199,0.0569414384663105,0.12081160396337509,0.058251477777957916,0.3778616189956665,0.0005918110255151987,0.036348938941955566,0.1254754513502121,0.1474788933992386,0.013612023554742336,0.05000629648566246
C:\Projects\TM470\data\processed\test\Entoloma\307_bs3Q880w3uI.jpg,Entoloma/307_bs3Q880w3uI.jpg,Entoloma,Amanita,False,0.33789464831352234,0.0099132999985158,MobileNetV2,test,0.03627494350075722,0.33789464831352234,0.04174131155014038,0.12083543837070465,0.022479098290205002,0.18182148039340973,0.08748244494199753,0.04188273102045059,0.06752671301364899,0.04367807134985924,0.018383122980594635
C:\Projects\TM470\data\processed\test\Entoloma\309_QMD8y_m-X9w.jpg,Entoloma/309_QMD8y_m-X9w.jpg,Entoloma,Cortinarius,False,0.6953036189079285,0.0097459999997226,MobileNetV2,test,0.013235586695373058,0.02357599139213562,0.007626911159604788,0.6953036189079285,0.024192551150918007,6.922203465364873e-05,0.13368761539459229,0.007596364710479975,0.03940420597791672,0.003995731472969055,0.0513121634721756
C:\Projects\TM470\data\processed\test\Entoloma\315_x2hPqvpEIm4.jpg,Entoloma/315_x2hPqvpEIm4.jpg,Entoloma,Lactarius,False,0.45949918031692505,0.0125192000014067,MobileNetV2,test,0.03243514150381088,0.02477477490901947,0.20222267508506775,0.11676324903964996,0.056126341223716736,0.026543419808149338,0.0026243231259286404,0.030827360227704048,0.45949918031692505,0.0410025492310524,0.0071810511872172356
C:\Projects\TM470\data\processed\test\Entoloma\321_GSSvivRkKSs.jpg,Entoloma/321_GSSvivRkKSs.jpg,Entoloma,Lactarius,False,0.3377601206302643,0.0095450000007986,MobileNetV2,test,0.07622993737459183,0.2893195152282715,0.08044042438268661,0.014721598476171494,0.12403111159801483,0.0005456887884065509,0.014892089180648327,0.015355444513261318,0.3377601206302643,0.03331319987773895,0.013390906155109406
C:\Projects\TM470\data\processed\test\Entoloma\323_T1uKKhFKYQo.jpg,Entoloma/323_T1uKKhFKYQo.jpg,Entoloma,Russula,False,0.8022885322570801,0.0090548999996826,MobileNetV2,test,0.01971418783068657,0.046376585960388184,0.0016651563346385956,0.02984950691461563,0.0006300409440882504,3.20639883284457e-05,0.0023400334175676107,0.009168763644993305,0.0848613977432251,0.8022885322570801,0.003073672531172633
C:\Projects\TM470\data\processed\test\Entoloma\333_1jBot7MZWes.jpg,Entoloma/333_1jBot7MZWes.jpg,Entoloma,Russula,False,0.32795819640159607,0.0093999000000621,MobileNetV2,test,0.03393317013978958,0.11251072585582733,0.005798889324069023,0.14314471185207367,0.05057353898882866,0.00010752842354122549,0.02163678966462612,0.019265083596110344,0.27075907588005066,0.32795819640159607,0.014312359504401684
C:\Projects\TM470\data\processed\test\Entoloma\337_CtXrNI3Aodw.jpg,Entoloma/337_CtXrNI3Aodw.jpg,Entoloma,Russula,False,0.7880927324295044,0.0107097999989491,MobileNetV2,test,0.0006799062830395997,0.00244328286498785,0.0004352159157861024,0.0007456933963112533,7.348724466282874e-05,1.4693944194732467e-07,0.002066942397505045,0.00010623428534017876,0.20275335013866425,0.7880927324295044,0.0026029180735349655
C:\Projects\TM470\data\processed\test\Entoloma\344_uf0xKp6qwNQ.jpg,Entoloma/344_uf0xKp6qwNQ.jpg,Entoloma,Exidia,False,0.2745742201805115,0.0109225000014703,MobileNetV2,test,0.03577202558517456,0.12800683081150055,0.016315963119268417,0.06340187788009644,0.1599225252866745,0.2745742201805115,0.0332845076918602,0.10320767015218735,0.13885588943958282,0.039671964943408966,0.006986568216234446
C:\Projects\TM470\data\processed\test\Entoloma\349_PNzUfA1WO3M.jpg,Entoloma/349_PNzUfA1WO3M.jpg,Entoloma,Russula,False,0.44619494676589966,0.0105462000010447,MobileNetV2,test,0.05472533404827118,0.1131061464548111,0.007705851923674345,0.01645592413842678,0.04166505113244057,3.9082915463950485e-05,0.023394443094730377,0.00471344543620944,0.28435492515563965,0.44619494676589966,0.007644842378795147
C:\Projects\TM470\data\processed\test\Entoloma\372_hriIdsNQgxI.jpg,Entoloma/372_hriIdsNQgxI.jpg,Entoloma,Cortinarius,False,0.7877322435379028,0.010893999999098,MobileNetV2,test,0.0001626537850825116,0.0003174857411067933,0.0024297654163092375,0.7877322435379028,0.0009682652307674289,1.8321767356610508e-06,0.046275101602077484,0.0021905156318098307,0.06145164370536804,0.004943078849464655,0.09352733939886093
C:\Projects\TM470\data\processed\test\Entoloma\380_OI9EjWusj9s.jpg,Entoloma/380_OI9EjWusj9s.jpg,Entoloma,Amanita,False,0.43961331248283386,0.0105894999996962,MobileNetV2,test,0.4327758550643921,0.43961331248283386,5.0221598939970136e-05,0.023624394088983536,0.002358317142352462,1.0180134495385573e-06,0.0026690480299293995,0.0079452870413661,0.02528250217437744,0.06402308493852615,0.0016570590669289231
C:\Projects\TM470\data\processed\test\Entoloma\389_-8kqVUZsNtU.jpg,Entoloma/389_-8kqVUZsNtU.jpg,Entoloma,Boletus,False,0.34368178248405457,0.0111477999998896,MobileNetV2,test,0.011197378858923912,0.2641187012195587,0.34368178248405457,0.0175271425396204,0.13342735171318054,0.028800155967473984,0.006398719269782305,0.028642453253269196,0.09513939172029495,0.06807677447795868,0.002990173175930977
C:\Projects\TM470\data\processed\test\Entoloma\391_u6_VQ5BQ3RQ.jpg,Entoloma/391_u6_VQ5BQ3RQ.jpg,Entoloma,Lactarius,False,0.1667509227991104,0.0098316999992675,MobileNetV2,test,0.07647741585969925,0.04410816729068756,0.14406655728816986,0.11521982401609421,0.020721592009067535,0.1038866862654686,0.012205285020172596,0.14051786065101624,0.1667509227991104,0.15629635751247406,0.019749265164136887
C:\Projects\TM470\data\processed\test\Entoloma\394_I1aghwHRxKQ.jpg,Entoloma/394_I1aghwHRxKQ.jpg,Entoloma,Lactarius,False,0.45406651496887207,0.0119419999991805,MobileNetV2,test,0.0027847641613334417,0.008294015191495419,0.034083832055330276,0.24094726145267487,0.06623929738998413,9.930575470207259e-05,0.017148276790976524,0.023227829486131668,0.45406651496887207,0.11392628401517868,0.03918270021677017
C:\Projects\TM470\data\processed\test\Entoloma\396_P8a-mnDratQ.jpg,Entoloma/396_P8a-mnDratQ.jpg,Entoloma,Boletus,False,0.8533934950828552,0.0101189000015438,MobileNetV2,test,0.015915531665086746,0.003578593721613288,0.8533934950828552,0.028022488579154015,0.002108959713950753,2.7813491669803625e-06,0.0004521465743891895,0.01223702821880579,0.03767963498830795,0.0008817670750431716,0.04572759196162224
C:\Projects\TM470\data\processed\test\Entoloma\401_7lcXxESXcOc.jpg,Entoloma/401_7lcXxESXcOc.jpg,Entoloma,Cortinarius,False,0.7641440629959106,0.0105948999989777,MobileNetV2,test,0.03365369141101837,0.005920867435634136,0.003974699880927801,0.7641440629959106,0.019590986892580986,0.0008669090457260609,0.0215299092233181,0.08876868337392807,0.03735874220728874,0.0006681092781946063,0.02352336421608925
C:\Projects\TM470\data\processed\test\Exidia\APE2016-9184941_SkxjRjQbBe.jpg,Exidia/APE2016-9184941_SkxjRjQbBe.jpg,Exidia,Exidia,True,0.6031970381736755,0.0136413000000175,MobileNetV2,test,0.02333538420498371,0.02088475227355957,0.016580911353230476,0.03401292860507965,0.014459818601608276,0.6031970381736755,0.004404157400131226,0.06783433258533478,0.19364017248153687,0.019443923607468605,0.0022066247183829546
C:\Projects\TM470\data\processed\test\Exidia\APE2017-9186106_r1lnuhbbvl.jpg,Exidia/APE2017-9186106_r1lnuhbbvl.jpg,Exidia,Exidia,True,0.937915027141571,0.0094000000008236,MobileNetV2,test,0.0014369243290275335,0.003907559905201197,0.0033836080692708492,0.009516607038676739,0.0025283319409936666,0.937915027141571,0.0011955667287111282,0.02766171284019947,0.010586519725620747,0.0013156943023204803,0.0005524675943888724
C:\Projects\TM470\data\processed\test\Exidia\APE2017-9186594_S1gbav70Pg.jpg,Exidia/APE2017-9186594_S1gbav70Pg.jpg,Exidia,Exidia,True,0.9589203000068665,0.009982100000343,MobileNetV2,test,0.0007504163659177721,0.00443115271627903,0.0010604570852592587,0.005506607703864574,0.0017522642156109214,0.9589203000068665,0.0017412097658962011,0.02014082670211792,0.004099125973880291,0.0012082657776772976,0.0003894252877216786
C:\Projects\TM470\data\processed\test\Exidia\BEC2017-9186082_Bk5dpkxvg.jpg,Exidia/BEC2017-9186082_Bk5dpkxvg.jpg,Exidia,Boletus,False,0.7787326574325562,0.0094140000001061,MobileNetV2,test,0.0073844329454004765,0.003968079574406147,0.7787326574325562,0.0639723390340805,0.00018210809503216296,0.041118837893009186,0.00045639966265298426,0.026848264038562775,0.06646177172660828,0.006212328560650349,0.004662854131311178
C:\Projects\TM470\data\processed\test\Exidia\BEC2017-9186082_HkySBeewx.jpg,Exidia/BEC2017-9186082_HkySBeewx.jpg,Exidia,Exidia,True,0.7267587184906006,0.0126397000003635,MobileNetV2,test,0.01026185043156147,0.04840027913451195,0.003132966347038746,0.06376450508832932,0.036289043724536896,0.7267587184906006,0.013808841817080975,0.06894531100988388,0.02342991717159748,0.002916061319410801,0.0022924572695046663
C:\Projects\TM470\data\processed\test\Exidia\BT2015PIC69830748.jpg,Exidia/BT2015PIC69830748.jpg,Exidia,Exidia,True,0.8186045289039612,0.0106177999987266,MobileNetV2,test,0.005421608220785856,0.0039176009595394135,0.005776605103164911,0.0249886903911829,0.0040342435240745544,0.8186045289039612,0.0009383211727254093,0.08995611220598221,0.03778431564569473,0.006546834483742714,0.002031150506809354
C:\Projects\TM470\data\processed\test\Exidia\BWP2010PIC21033449.jpg,Exidia/BWP2010PIC21033449.jpg,Exidia,Boletus,False,0.7714206576347351,0.0098156999993079,MobileNetV2,test,0.029053103178739548,0.004675514530390501,0.7714206576347351,0.06083257123827934,3.9807913708500564e-05,0.006045467220246792,0.0026193629018962383,0.026966528967022896,0.06896626949310303,0.014378242194652557,0.015002446249127388
C:\Projects\TM470\data\processed\test\Exidia\BWP2010PIC26179585.jpg,Exidia/BWP2010PIC26179585.jpg,Exidia,Boletus,False,0.31259018182754517,0.0098290000005363,MobileNetV2,test,0.02406986430287361,0.0030212143901735544,0.31259018182754517,0.15096193552017212,0.0001611703191883862,0.17957758903503418,0.0026521191466599703,0.21126306056976318,0.0938267856836319,0.00820662546902895,0.013669516891241074
C:\Projects\TM470\data\processed\test\Exidia\BWP2010PIC63422920.jpg,Exidia/BWP2010PIC63422920.jpg,Exidia,Boletus,False,0.31259018182754517,0.0112145000002783,MobileNetV2,test,0.02406986430287361,0.0030212143901735544,0.31259018182754517,0.15096193552017212,0.0001611703191883862,0.17957758903503418,0.0026521191466599703,0.21126306056976318,0.0938267856836319,0.00820662546902895,0.013669516891241074
C:\Projects\TM470\data\processed\test\Exidia\BWP2012PIC72778365.jpg,Exidia/BWP2012PIC72778365.jpg,Exidia,Exidia,True,0.9106009602546692,0.0148549999994429,MobileNetV2,test,0.0025127404369413853,0.004041938576847315,0.0015225702663883567,0.007097243797034025,0.0009212384466081858,0.9106009602546692,0.0003624491801019758,0.06032232940196991,0.0090726837515831,0.0028947421815246344,0.0006511306273750961
C:\Projects\TM470\data\processed\test\Exidia\BWP2012PIC73866455.jpg,Exidia/BWP2012PIC73866455.jpg,Exidia,Exidia,True,0.20468223094940186,0.0094847999989724,MobileNetV2,test,0.06135466322302818,0.05648656561970711,0.0583808608353138,0.05523746833205223,0.054478272795677185,0.20468223094940186,0.009475703351199627,0.17160382866859436,0.17217029631137848,0.13903303444385529,0.017097102478146553
C:\Projects\TM470\data\processed\test\Exidia\DI2017-9188574_Hk1cP3Tix.jpg,Exidia/DI2017-9188574_Hk1cP3Tix.jpg,Exidia,Exidia,True,0.9324411749839783,0.0102109999988897,MobileNetV2,test,0.0006656294572167099,0.002176486188545823,0.0001862495846580714,0.023949148133397102,0.000682803220115602,0.9324411749839783,0.0016273712972179055,0.03541259095072746,0.0024825904984027147,9.527179645374417e-05,0.00028058557654730976
C:\Projects\TM470\data\processed\test\Exidia\EAT2017-9188143_SkIXsq-ig.jpg,Exidia/EAT2017-9188143_SkIXsq-ig.jpg,Exidia,Exidia,True,0.7952682375907898,0.0090199999995093,MobileNetV2,test,0.0022900905460119247,0.0016059305053204298,0.021550502628087997,0.09874805063009262,0.001463795080780983,0.7952682375907898,0.0005404322291724384,0.04343506321310997,0.03229295834898949,0.0014909182209521532,0.0013139620423316956
C:\Projects\TM470\data\processed\test\Exidia\FA2009PIC34033903.jpg,Exidia/FA2009PIC34033903.jpg,Exidia,Entoloma,False,0.27750012278556824,0.0138691000011021,MobileNetV2,test,0.019754797220230103,0.13272200524806976,0.05929141864180565,0.06000557169318199,0.27750012278556824,0.10906792432069778,0.13086658716201782,0.10123516619205475,0.0804629772901535,0.01552420575171709,0.013569233939051628
C:\Projects\TM470\data\processed\test\Exidia\FA2009PIC41674148.jpg,Exidia/FA2009PIC41674148.jpg,Exidia,Cortinarius,False,0.3873767554759979,0.0099004999992757,MobileNetV2,test,0.034853335469961166,0.01926857978105545,0.15670835971832275,0.3873767554759979,0.009866424836218357,0.09182018786668777,0.011175588704645634,0.06819415092468262,0.11373820900917053,0.09448552876710892,0.012512874789536
C:\Projects\TM470\data\processed\test\Exidia\FDE2014PIC40274346.jpg,Exidia/FDE2014PIC40274346.jpg,Exidia,Cortinarius,False,0.6624510288238525,0.0101759999997739,MobileNetV2,test,0.035409241914749146,0.034734535962343216,0.015984706580638885,0.6624510288238525,0.01664542406797409,0.055589623749256134,0.03647351637482643,0.042609598487615585,0.09079451858997345,0.0011250529205426574,0.0081827063113451
C:\Projects\TM470\data\processed\test\Exidia\FS2013PIC31639353.jpg,Exidia/FS2013PIC31639353.jpg,Exidia,Inocybe,False,0.2724289298057556,0.0105442000003677,MobileNetV2,test,0.054285116493701935,0.0882735550403595,0.04225562512874603,0.08795527368783951,0.007377306465059519,0.21352924406528473,0.03992592170834541,0.2724289298057556,0.09063193947076797,0.06564901769161224,0.03768802434206009
C:\Projects\TM470\data\processed\test\Exidia\GLJ2012PIC77958863.jpg,Exidia/GLJ2012PIC77958863.jpg,Exidia,Hygrocybe,False,0.21317054331302643,0.0082121999985247,MobileNetV2,test,0.021137945353984833,0.1422455906867981,0.09413997083902359,0.19121861457824707,0.07451427727937698,0.04533710703253746,0.21317054331302643,0.05731537938117981,0.10629615187644958,0.013981964439153671,0.04064237326383591
C:\Projects\TM470\data\processed\test\Exidia\HM2012PIC53684895.jpg,Exidia/HM2012PIC53684895.jpg,Exidia,Exidia,True,0.5972734093666077,0.0098395999993954,MobileNetV2,test,0.01724763587117195,0.08474396914243698,0.04173341020941734,0.014024061150848866,0.043538302183151245,0.5972734093666077,0.006132833193987608,0.08617330342531204,0.04991376772522926,0.057022254914045334,0.002196971792727709
C:\Projects\TM470\data\processed\test\Exidia\JAH2010PIC83850018.jpg,Exidia/JAH2010PIC83850018.jpg,Exidia,Exidia,True,0.6306432485580444,0.0093350999995891,MobileNetV2,test,0.037027716636657715,0.05575956776738167,0.007577945478260517,0.0334189273416996,0.022894365713000298,0.6306432485580444,0.008777761831879616,0.029823167249560356,0.12400900572538376,0.048155527561903,0.0019127659033983946
C:\Projects\TM470\data\processed\test\Exidia\JAH2011PIC50778683.jpg,Exidia/JAH2011PIC50778683.jpg,Exidia,Cortinarius,False,0.7340147495269775,0.0090691000004881,MobileNetV2,test,0.007631256710737944,0.002121090656146407,0.007070797961205244,0.7340147495269775,0.024174710735678673,0.033204466104507446,0.0014874220360070467,0.07126365602016449,0.08298594504594803,0.032020606100559235,0.004025388043373823
C:\Projects\TM470\data\processed\test\Exidia\JAH2012PIC31946080.jpg,Exidia/JAH2012PIC31946080.jpg,Exidia,Exidia,True,0.6298640370368958,0.0085265999987313,MobileNetV2,test,0.04610995948314667,0.03010500781238079,0.024437379091978073,0.07378042489290237,0.00036395492497831583,0.6298640370368958,0.000527711701579392,0.13994120061397552,0.033640626817941666,0.017289113253355026,0.003940599504858255
C:\Projects\TM470\data\processed\test\Exidia\JAH2012PIC42360712.jpg,Exidia/JAH2012PIC42360712.jpg,Exidia,Exidia,True,0.8956876993179321,0.0077125999996496,MobileNetV2,test,0.000753031054046005,0.06262984126806259,0.0029694652184844017,0.001981716603040695,0.006785589735955,0.8956876993179321,0.002004888141527772,0.006518239621073008,0.01816510409116745,0.002350778318941593,0.00015365648141596466
C:\Projects\TM470\data\processed\test\Exidia\JAH2012PIC89993887.jpg,Exidia/JAH2012PIC89993887.jpg,Exidia,Inocybe,False,0.32579827308654785,0.0075273000002198,MobileNetV2,test,0.012839331291615963,0.01974010467529297,0.00608592014759779,0.02378232777118683,0.005174262449145317,0.007471487857401371,0.0016681759152561426,0.32579827308654785,0.321806401014328,0.2641913592815399,0.01144239492714405
C:\Projects\TM470\data\processed\test\Exidia\JAJ2017-9185700_rkbkFjfUx.jpg,Exidia/JAJ2017-9185700_rkbkFjfUx.jpg,Exidia,Exidia,True,0.4754450023174286,0.0076995999988866,MobileNetV2,test,0.02898435667157173,0.1286422461271286,0.08915165811777115,0.02965785376727581,0.01793668046593666,0.4754450023174286,0.018127650022506714,0.016270656138658524,0.15906231105327606,0.03353316709399223,0.0031884328927844763
C:\Projects\TM470\data\processed\test\Exidia\JC2016-9184056_Byw5hr_Qx.jpg,Exidia/JC2016-9184056_Byw5hr_Qx.jpg,Exidia,Exidia,True,0.7619434595108032,0.0072509000001446,MobileNetV2,test,0.011841067112982273,0.03299087658524513,0.016151750460267067,0.026692554354667664,0.004001207649707794,0.7619434595108032,0.0032079946249723434,0.09989062696695328,0.027714433148503304,0.013547779060900211,0.002018225146457553
C:\Projects\TM470\data\processed\test\Exidia\JCS2009PIC12309413.jpg,Exidia/JCS2009PIC12309413.jpg,Exidia,Exidia,True,0.9405247569084167,0.0071724999997968,MobileNetV2,test,0.0008962536230683327,0.0022042011842131615,0.0008167808991856873,0.009887401014566422,0.0021866934839636087,0.9405247569084167,0.0012838790426030755,0.015150166116654873,0.025408998131752014,0.0012501813471317291,0.00039068557089194655
C:\Projects\TM470\data\processed\test\Exidia\JM2011PIC15975626.jpg,Exidia/JM2011PIC15975626.jpg,Exidia,Lactarius,False,0.23030410706996918,0.0078551000005973,MobileNetV2,test,0.1252201646566391,0.15088221430778503,0.045080967247486115,0.01972244866192341,0.02950005792081356,0.06674038618803024,0.015003935433924198,0.18860407173633575,0.23030410706996918,0.11453670263290405,0.014404885470867157
C:\Projects\TM470\data\processed\test\Exidia\JM2012PIC10429941.jpg,Exidia/JM2012PIC10429941.jpg,Exidia,Exidia,True,0.9487954378128052,0.0072846000002755,MobileNetV2,test,0.0016994505422189832,0.0030970850493758917,0.00089806760661304,0.003272042144089937,0.0006263154791668057,0.9487954378128052,0.00021475969697348773,0.031119950115680695,0.006919284351170063,0.003117011860013008,0.0002405710401944816
C:\Projects\TM470\data\processed\test\Exidia\JM2016-9182928_HydQkTeMe.jpg,Exidia/JM2016-9182928_HydQkTeMe.jpg,Exidia,Exidia,True,0.6231703758239746,0.0072874999987107,MobileNetV2,test,0.005939336493611336,0.01958440989255905,0.005164687521755695,0.032714128494262695,0.024931546300649643,0.6231703758239746,0.003431754419580102,0.21581296622753143,0.06184420362114906,0.004842016380280256,0.0025645787827670574
C:\Projects\TM470\data\processed\test\Exidia\JMI2017-9225941_BkUTwno3Z.jpg,Exidia/JMI2017-9225941_BkUTwno3Z.jpg,Exidia,Exidia,True,0.6895740032196045,0.007184000000052,MobileNetV2,test,0.010584700852632523,0.004295645747333765,0.0032711103558540344,0.012820946983993053,0.000954889808781445,0.6895740032196045,0.00020773148571606725,0.24612845480442047,0.025962861254811287,0.005237311590462923,0.0009623029036447406
C:\Projects\TM470\data\processed\test\Exidia\JO2011PIC61426163.jpg,Exidia/JO2011PIC61426163.jpg,Exidia,Inocybe,False,0.3004148006439209,0.0076078000001871,MobileNetV2,test,0.036557938903570175,0.05510460212826729,0.04342445731163025,0.257377564907074,0.013760276138782501,0.14104168117046356,0.04605632275342941,0.3004148006439209,0.05996543914079666,0.007436003535985947,0.038860879838466644
C:\Projects\TM470\data\processed\test\Exidia\KMA2016-9182761_BJZkKzAWe.jpg,Exidia/KMA2016-9182761_BJZkKzAWe.jpg,Exidia,Exidia,True,0.6661162376403809,0.0071430000007239,MobileNetV2,test,0.006382442079484463,0.03505854681134224,0.08954509347677231,0.07891625910997391,0.011730148456990719,0.6661162376403809,0.001543559250421822,0.0328807532787323,0.058640044182538986,0.017704108729958534,0.0014828670537099242
C:\Projects\TM470\data\processed\test\Exidia\KNI2009PIC40725553.jpg,Exidia/KNI2009PIC40725553.jpg,Exidia,Cortinarius,False,0.8873745203018188,0.0071174000004248,MobileNetV2,test,0.003464000066742301,0.0005306897219270468,0.00017138618568424135,0.8873745203018188,0.04548126086592674,0.005106003023684025,0.006790379527956247,0.04251648113131523,0.006468052975833416,9.497485007159412e-05,0.0020021519158035517
C:\Projects\TM470\data\processed\test\Exidia\KNK2014PIC59831810.jpg,Exidia/KNK2014PIC59831810.jpg,Exidia,Exidia,True,0.5938102006912231,0.0069617000008292,MobileNetV2,test,0.006506843958050013,0.03135906159877777,0.013278239406645298,0.2784165143966675,0.008322249166667461,0.5938102006912231,0.007406438700854778,0.029669392853975296,0.02738250605762005,0.0015036052791401744,0.0023449354339390993
C:\Projects\TM470\data\processed\test\Exidia\MC2017-9190790_r1lwUvc0e.jpg,Exidia/MC2017-9190790_r1lwUvc0e.jpg,Exidia,Exidia,True,0.489088773727417,0.0070907999997871,MobileNetV2,test,0.001364451483823359,0.011902948841452599,0.0022355541586875916,0.14568506181240082,0.10094057768583298,0.489088773727417,0.15086670219898224,0.06284863501787186,0.026643676683306694,0.0015554766869172454,0.006868263706564903
C:\Projects\TM470\data\processed\test\Exidia\MFC2016-9180603_HJlPfl0lxe.jpg,Exidia/MFC2016-9180603_HJlPfl0lxe.jpg,Exidia,Exidia,True,0.792153537273407,0.0072043000000121,MobileNetV2,test,0.006324684713035822,0.031668778508901596,0.021481066942214966,0.018355000764131546,0.026464050635695457,0.792153537273407,0.01216884609311819,0.024155687540769577,0.05868052318692207,0.0065569705329835415,0.00199090875685215
C:\Projects\TM470\data\processed\test\Exidia\ML2009PIC13001963.jpg,Exidia/ML2009PIC13001963.jpg,Exidia,Exidia,True,0.5666768550872803,0.0070734999990236,MobileNetV2,test,0.008291590958833694,0.021400734782218933,0.01310269720852375,0.043943461030721664,0.052430298179388046,0.5666768550872803,0.0041213445365428925,0.20449738204479218,0.05125802010297775,0.029062695801258087,0.005214913748204708
C:\Projects\TM470\data\processed\test\Exidia\ML2011PIC18007945.jpg,Exidia/ML2011PIC18007945.jpg,Exidia,Exidia,True,0.8543675541877747,0.0077283999999053,MobileNetV2,test,0.009044678881764412,0.0013606316642835736,0.0019237197702750564,0.012984600849449635,0.0006668702117167413,0.8543675541877747,0.00031163549283519387,0.053119976073503494,0.05501004308462143,0.010769233107566833,0.0004409916582517326
C:\Projects\TM470\data\processed\test\Exidia\ML2011PIC65179349.jpg,Exidia/ML2011PIC65179349.jpg,Exidia,Exidia,True,0.4619656503200531,0.0075950999998894,MobileNetV2,test,0.06352958083152771,0.06288768351078033,0.01800568960607052,0.06875588744878769,0.00982451718300581,0.4619656503200531,0.015845369547605515,0.1798400580883026,0.08249836415052414,0.02555231936275959,0.011294868774712086
C:\Projects\TM470\data\processed\test\Exidia\MMN2010PIC69549468.jpg,Exidia/MMN2010PIC69549468.jpg,Exidia,Inocybe,False,0.3619179427623749,0.008200599999327,MobileNetV2,test,0.013092145323753357,0.010564195923507214,0.06127192825078964,0.12876643240451813,0.003156496211886406,0.19604861736297607,0.0065848203375935555,0.3619179427623749,0.1536424607038498,0.03060871921479702,0.034346260130405426
C:\Projects\TM470\data\processed\test\Exidia\MMN2012PIC61631279.jpg,Exidia/MMN2012PIC61631279.jpg,Exidia,Exidia,True,0.8660624623298645,0.0106019000013475,MobileNetV2,test,0.011867335066199303,0.005931104999035597,0.005726602394133806,0.01861896552145481,0.001826688414439559,0.8660624623298645,0.0011743122013285756,0.038413386791944504,0.04661545902490616,0.0031872387044131756,0.0005763518856838346
C:\Projects\TM470\data\processed\test\Exidia\MSO2011PIC32526200.jpg,Exidia/MSO2011PIC32526200.jpg,Exidia,Exidia,True,0.9871520400047302,0.0097174999991693,MobileNetV2,test,0.00019283898291178048,0.00211651180870831,0.00027133210096508265,0.001515447162091732,0.001052378909662366,0.9871520400047302,0.00019702757708728313,0.005434016231447458,0.0017119261901825666,0.0003023598692379892,5.411736492533237e-05
C:\Projects\TM470\data\processed\test\Exidia\MSO2012PIC15916968.jpg,Exidia/MSO2012PIC15916968.jpg,Exidia,Exidia,True,0.678185224533081,0.0076845999992656,MobileNetV2,test,0.008536460809409618,0.006124286912381649,0.0007958609494380653,0.03727738931775093,0.00379779445938766,0.678185224533081,0.012599625624716282,0.18934574723243713,0.05961557850241661,0.0016659926623106003,0.0020559444092214108
C:\Projects\TM470\data\processed\test\Exidia\MSO2014PIC66151749.jpg,Exidia/MSO2014PIC66151749.jpg,Exidia,Exidia,True,0.7649556994438171,0.0087678999989293,MobileNetV2,test,0.005574203096330166,0.003059736220166087,0.004047120455652475,0.16069906949996948,0.001143456669524312,0.7649556994438171,0.000580563151743263,0.044835153967142105,0.012828024104237556,0.0010545665863901377,0.0012224368983879685
C:\Projects\TM470\data\processed\test\Exidia\MSO2015PIC74895293.jpg,Exidia/MSO2015PIC74895293.jpg,Exidia,Cortinarius,False,0.3641418218612671,0.0082323000005999,MobileNetV2,test,0.07232130318880081,0.03929824009537697,0.041904471814632416,0.3641418218612671,0.012195964343845844,0.1237260177731514,0.02676944062113762,0.1602177768945694,0.10251259058713913,0.024805614724755287,0.03210674598813057
C:\Projects\TM470\data\processed\test\Exidia\MSO2016PIC23090222.jpg,Exidia/MSO2016PIC23090222.jpg,Exidia,Exidia,True,0.3358851969242096,0.0081233999990217,MobileNetV2,test,0.0539102740585804,0.05846714600920677,0.02130885422229767,0.09763757884502411,0.012717485427856445,0.3358851969242096,0.00629647821187973,0.23352980613708496,0.10616394132375717,0.06317219138145447,0.010911052115261555
C:\Projects\TM470\data\processed\test\Exidia\NHE2016-9180599_Byki66lel.jpg,Exidia/NHE2016-9180599_Byki66lel.jpg,Exidia,Exidia,True,0.9522164463996887,0.0075828999997611,MobileNetV2,test,0.0009338028612546623,0.02065415494143963,0.0020294382702559233,0.0059556677006185055,0.0012467143824324012,0.9522164463996887,0.0010871484410017729,0.010926567949354649,0.003296142676845193,0.0014958773972466588,0.00015803915448486805
C:\Projects\TM470\data\processed\test\Exidia\NVM2013PIC42485487.jpg,Exidia/NVM2013PIC42485487.jpg,Exidia,Cortinarius,False,0.4481089115142822,0.007201200000054,MobileNetV2,test,0.325348824262619,0.021394727751612663,0.00853637419641018,0.4481089115142822,0.0037309196777641773,0.0035400916822254658,0.0016229691682383418,0.1171966940164566,0.033322785049676895,0.02788153663277626,0.009316252544522285
C:\Projects\TM470\data\processed\test\Exidia\RSS2017-9188091_H1ey3FQyoe.jpg,Exidia/RSS2017-9188091_H1ey3FQyoe.jpg,Exidia,Inocybe,False,0.4740370512008667,0.0078257999994093,MobileNetV2,test,0.07930096983909607,0.060473594814538956,0.00332698505371809,0.021509062498807907,0.0036775809712707996,0.19408833980560303,0.0013012344716116786,0.4740370512008667,0.05658247321844101,0.10323115438222885,0.0024715096224099398
C:\Projects\TM470\data\processed\test\Exidia\TAK2013PIC32572675.jpg,Exidia/TAK2013PIC32572675.jpg,Exidia,Exidia,True,0.5374248027801514,0.0072394999988318,MobileNetV2,test,0.026931656524538994,0.015624847263097763,0.0009238147758878767,0.011478261090815067,0.0004368034715298563,0.5374248027801514,0.000716226757504046,0.34278562664985657,0.0342520996928215,0.028972098603844643,0.0004537669010460377
C:\Projects\TM470\data\processed\test\Exidia\TIL2017-9190084_BJQTBLw6px.jpg,Exidia/TIL2017-9190084_BJQTBLw6px.jpg,Exidia,Amanita,False,0.3267557919025421,0.0074272000001656,MobileNetV2,test,0.03050457499921322,0.3267557919025421,0.17171837389469147,0.015301511622965336,0.0028079466428607702,0.29785144329071045,0.0009367510210722685,0.04525041580200195,0.07816248387098312,0.029746927320957184,0.0009637227631174028
C:\Projects\TM470\data\processed\test\Exidia\TKH2012PIC10624779.jpg,Exidia/TKH2012PIC10624779.jpg,Exidia,Cortinarius,False,0.3720227777957916,0.0078666999997949,MobileNetV2,test,0.002194028114899993,0.0033519412390887737,0.0046939123421907425,0.3720227777957916,0.14281077682971954,0.2428651750087738,0.04654029756784439,0.15434889495372772,0.023888902738690376,0.0006758929812349379,0.006607407703995705
C:\Projects\TM470\data\processed\test\Exidia\TKH2013PIC59849237.jpg,Exidia/TKH2013PIC59849237.jpg,Exidia,Exidia,True,0.6545289754867554,0.0079277000004367,MobileNetV2,test,0.010903646238148212,0.036749716848134995,0.02462531253695488,0.0976758673787117,0.020596172660589218,0.6545289754867554,0.002568290801718831,0.05039587244391441,0.06816693395376205,0.0311124250292778,0.0026768269017338753
C:\Projects\TM470\data\processed\test\Exidia\TKH2015PIC23528165.jpg,Exidia/TKH2015PIC23528165.jpg,Exidia,Inocybe,False,0.32166096568107605,0.007841600001484,MobileNetV2,test,0.05699119716882706,0.09621524065732956,0.1551462858915329,0.03149556368589401,0.005877082701772451,0.0813201516866684,0.006749006453901529,0.32166096568107605,0.1602802574634552,0.05957331880927086,0.024690888822078705
C:\Projects\TM470\data\processed\test\Exidia\TL2015PIC58388718.jpg,Exidia/TL2015PIC58388718.jpg,Exidia,Exidia,True,0.7750373482704163,0.0079816999987087,MobileNetV2,test,0.0010992770548909903,0.026740960776805878,0.008099447935819626,0.04572761803865433,0.03170841187238693,0.7750373482704163,0.0107169970870018,0.029163414612412453,0.06303156167268753,0.004737479612231255,0.003937516361474991
C:\Projects\TM470\data\processed\test\Exidia\TL2015PIC80481245.jpg,Exidia/TL2015PIC80481245.jpg,Exidia,Exidia,True,0.9296562075614929,0.0070470000009663,MobileNetV2,test,0.0042443363927304745,0.013300198130309582,0.0002532350772526115,0.012568223290145397,0.000947711756452918,0.9296562075614929,0.0002537083637434989,0.03475046902894974,0.0027148074004799128,0.0012301187962293625,8.091533527476713e-05
C:\Projects\TM470\data\processed\test\Exidia\TL2016-9182730_HykuO06Zg.jpg,Exidia/TL2016-9182730_HykuO06Zg.jpg,Exidia,Exidia,True,0.7501491904258728,0.0072967999985849,MobileNetV2,test,0.008638760074973106,0.05420822277665138,0.023252060636878014,0.008802216500043869,0.007162394467741251,0.7501491904258728,0.0036562783643603325,0.09278835356235504,0.03559601679444313,0.014066826552152634,0.0016796799609437585
C:\Projects\TM470\data\processed\test\Exidia\TOB2015PIC38267487.jpg,Exidia/TOB2015PIC38267487.jpg,Exidia,Exidia,True,0.777660608291626,0.0069777999997313,MobileNetV2,test,0.016938425600528717,0.012592772953212261,0.042264558374881744,0.024158205837011337,0.0003520324535202235,0.777660608291626,0.001031567924655974,0.02247220277786255,0.09616055339574814,0.005104036536067724,0.001265098573639989
C:\Projects\TM470\data\processed\test\Exidia\TOB2016-9184524_S10gErNNl.jpg,Exidia/TOB2016-9184524_S10gErNNl.jpg,Exidia,Lactarius,False,0.28951525688171387,0.0079707000004418,MobileNetV2,test,0.13743582367897034,0.12731815874576569,0.02078930102288723,0.10210436582565308,0.12811808288097382,0.024298151955008507,0.03217627853155136,0.12177542597055435,0.28951525688171387,0.01110627967864275,0.005362868774682283
C:\Projects\TM470\data\processed\test\Exidia\TS2010PIC71382964.jpg,Exidia/TS2010PIC71382964.jpg,Exidia,Exidia,True,0.9321692585945129,0.0069767999993928,MobileNetV2,test,0.001535843126475811,0.002181112999096513,0.008859289810061455,0.02082565240561962,0.000648361339699477,0.9321692585945129,0.0020123873837292194,0.013510608114302158,0.016960302367806435,0.0008704966749064624,0.0004267144831828773
C:\Projects\TM470\data\processed\test\Exidia\TS2013PIC55827351.jpg,Exidia/TS2013PIC55827351.jpg,Exidia,Exidia,True,0.8190526962280273,0.0087695000001986,MobileNetV2,test,0.018288271501660347,0.01177877839654684,0.0020687831565737724,0.02597733959555626,0.0006444639875553548,0.8190526962280273,0.000360436417395249,0.08361984044313431,0.021727222949266434,0.015963053330779076,0.000519225955940783
C:\Projects\TM470\data\processed\test\Exidia\TS2016PIC29053644.jpg,Exidia/TS2016PIC29053644.jpg,Exidia,Exidia,True,0.9724472165107727,0.009220699999787,MobileNetV2,test,0.00043605713290162385,0.01705453358590603,0.00037207273999229074,0.0013596845092251897,0.0003997129388153553,0.9724472165107727,0.0011076908558607101,0.003459822852164507,0.003113524289801717,0.00017738692986313254,7.233205542434007e-05
C:\Projects\TM470\data\processed\test\Exidia\TS2016PIC39839225.jpg,Exidia/TS2016PIC39839225.jpg,Exidia,Russula,False,0.5483660101890564,0.0073312999993504,MobileNetV2,test,0.05302446708083153,0.07474103569984436,0.010925334878265858,0.011275779455900192,0.04059033840894699,0.011604515835642815,0.009705087170004845,0.06588702648878098,0.16945265233516693,0.5483660101890564,0.004427796695381403
C:\Projects\TM470\data\processed\test\Exidia\UFN2017-9192300_S1ZikyZeW.jpg,Exidia/UFN2017-9192300_S1ZikyZeW.jpg,Exidia,Exidia,True,0.7411608099937439,0.0073233000002801,MobileNetV2,test,0.027333082631230354,0.05488535761833191,0.019133802503347397,0.006880755536258221,0.0009231824660673738,0.7411608099937439,0.0011140453862026334,0.09477609395980835,0.04302379861474037,0.009896946139633656,0.0008720587356947362
C:\Projects\TM470\data\processed\test\Exidia\UFN2017-9192376_BkicKxmgb.jpg,Exidia/UFN2017-9192376_BkicKxmgb.jpg,Exidia,Exidia,True,0.563002347946167,0.0068307000001368,MobileNetV2,test,0.033983778208494186,0.04646256938576698,0.006252590101212263,0.04584971442818642,0.00321180559694767,0.563002347946167,0.007098419591784477,0.17320358753204346,0.08645190298557281,0.03181521221995354,0.0026680948212742805
C:\Projects\TM470\data\processed\test\Hygrocybe\000_ZNTZP3tXkz8.jpg,Hygrocybe/000_ZNTZP3tXkz8.jpg,Hygrocybe,Hygrocybe,True,0.9430371522903442,0.0070629000001645,MobileNetV2,test,0.00035520162782631814,0.0019205444259569049,0.0001836581068346277,0.030783120542764664,0.005650735460221767,9.81071061687544e-05,0.9430371522903442,0.001891236286610365,0.007182873785495758,9.53211056184955e-05,0.008802030235528946
C:\Projects\TM470\data\processed\test\Hygrocybe\003_r_0kZgNW3Tc.jpg,Hygrocybe/003_r_0kZgNW3Tc.jpg,Hygrocybe,Hygrocybe,True,0.6150870323181152,0.0070292000000335,MobileNetV2,test,0.0023234114050865173,0.010690327733755112,5.412171594798565e-05,0.30215293169021606,0.0066991085186600685,2.7978914658888243e-05,0.6150870323181152,0.03586490452289581,0.004523231647908688,0.0006077977595850825,0.021969100460410118
C:\Projects\TM470\data\processed\test\Hygrocybe\004_uURYojZQbjQ.jpg,Hygrocybe/004_uURYojZQbjQ.jpg,Hygrocybe,Hygrocybe,True,0.3934250771999359,0.0072102000012819,MobileNetV2,test,0.0049715423956513405,0.014767471700906754,0.0007302566664293408,0.2412070631980896,0.19652873277664185,0.00017582954023964703,0.3934250771999359,0.029495902359485626,0.05913151800632477,0.0009581432095728815,0.05860846862196922
C:\Projects\TM470\data\processed\test\Hygrocybe\012_LItejlRJ918.jpg,Hygrocybe/012_LItejlRJ918.jpg,Hygrocybe,Cortinarius,False,0.5337088108062744,0.0072615999997651,MobileNetV2,test,0.042010195553302765,0.026790261268615723,0.002708739135414362,0.5337088108062744,0.07443659752607346,0.0002493891806807369,0.054104942828416824,0.11475597321987152,0.09056459367275238,0.01450555119663477,0.04616488888859749
C:\Projects\TM470\data\processed\test\Hygrocybe\022_NycgOWqKPEA.jpg,Hygrocybe/022_NycgOWqKPEA.jpg,Hygrocybe,Hygrocybe,True,0.6020932197570801,0.0072081999987858,MobileNetV2,test,3.785742956097238e-05,0.0020213210955262184,0.025638461112976074,0.03428036347031593,7.141991227399558e-05,4.27209988629329e-06,0.6020932197570801,0.0006281488458625972,0.15969407558441162,0.026669571176171303,0.148861363530159
C:\Projects\TM470\data\processed\test\Hygrocybe\030_AQ4o1Xm4AL0.jpg,Hygrocybe/030_AQ4o1Xm4AL0.jpg,Hygrocybe,Boletus,False,0.5168668627738953,0.0076070999984949,MobileNetV2,test,0.0010604736162349582,0.3428789973258972,0.5168668627738953,0.02754235826432705,0.00032695726258680224,0.0005573927192017436,0.07297654449939728,0.0006374780205078423,0.017847474664449692,0.008236803114414215,0.0110686169937253
C:\Projects\TM470\data\processed\test\Hygrocybe\032_DZ1xy6htm0M.jpg,Hygrocybe/032_DZ1xy6htm0M.jpg,Hygrocybe,Lactarius,False,0.3152772784233093,0.0073668000004545,MobileNetV2,test,0.010036468505859375,0.295950710773468,0.0017564950976520777,0.004701212048530579,0.0013531704898923635,8.492999768350273e-05,0.20285440981388092,0.0009252689778804779,0.3152772784233093,0.16106803715229034,0.005992022808641195
C:\Projects\TM470\data\processed\test\Hygrocybe\040_3txjJQ9iLYI.jpg,Hygrocybe/040_3txjJQ9iLYI.jpg,Hygrocybe,Hygrocybe,True,0.8372281193733215,0.0070008000002417,MobileNetV2,test,0.0001924573298310861,0.042954761534929276,0.07346390187740326,0.004631352610886097,0.00023342792701441795,0.0020761480554938316,0.8372281193733215,0.0015238566556945443,0.013922045938670635,0.017676090821623802,0.006097810808569193
C:\Projects\TM470\data\processed\test\Hygrocybe\045_TJd-2TQFv10.jpg,Hygrocybe/045_TJd-2TQFv10.jpg,Hygrocybe,Lactarius,False,0.46195125579833984,0.0070035999997344,MobileNetV2,test,0.006050182040780783,0.027946172282099724,0.07161203771829605,0.06738487631082535,0.01762811653316021,0.008316145278513432,0.1993146389722824,0.032904576510190964,0.46195125579833984,0.061209555715322495,0.04568246752023697
C:\Projects\TM470\data\processed\test\Hygrocybe\049_XD-_-BeBBR4.jpg,Hygrocybe/049_XD-_-BeBBR4.jpg,Hygrocybe,Hygrocybe,True,0.9808526635169983,0.0076227999998081,MobileNetV2,test,1.674593249845202e-06,0.000243512520682998,0.0001943987444974482,0.010546702891588211,1.8088419892592356e-05,1.5080951243362506e-06,0.9808526635169983,3.0314451578306034e-05,0.0032127152662724257,0.0001318631984759122,0.004766616504639387
C:\Projects\TM470\data\processed\test\Hygrocybe\050_ubNntQr-eWE.jpg,Hygrocybe/050_ubNntQr-eWE.jpg,Hygrocybe,Hygrocybe,True,0.9984149932861328,0.0070914999996603,MobileNetV2,test,4.957998456234236e-08,5.692736885976046e-05,5.334793058864307e-06,0.000644381158053875,3.894111557656288e-07,1.493245349593053e-08,0.9984149932861328,9.110536325351859e-07,0.00029351512785069644,4.7546498535666615e-05,0.0005358602502383292
C:\Projects\TM470\data\processed\test\Hygrocybe\056_cGxyxb6UHGk.jpg,Hygrocybe/056_cGxyxb6UHGk.jpg,Hygrocybe,Russula,False,0.41548952460289,0.0074399999994057,MobileNetV2,test,0.07823101431131363,0.05073936656117439,0.055757682770490646,0.19807153940200806,0.0012253037421032786,0.029898202046751976,0.005489262752234936,0.03889131173491478,0.12304917722940445,0.41548952460289,0.0031576533801853657
C:\Projects\TM470\data\processed\test\Hygrocybe\070_WNKPUMir-JY.jpg,Hygrocybe/070_WNKPUMir-JY.jpg,Hygrocybe,Lactarius,False,0.3253817558288574,0.0071282999997492,MobileNetV2,test,0.0006548539968207479,0.31313952803611755,0.003853361587971449,0.03392002731561661,0.015246482565999031,0.0006189966225065291,0.22853732109069824,0.0017831327859312296,0.3253817558288574,0.06866656988859177,0.008197978138923645
C:\Projects\TM470\data\processed\test\Hygrocybe\072_G-fOGmTh3jY.jpg,Hygrocybe/072_G-fOGmTh3jY.jpg,Hygrocybe,Hygrocybe,True,0.9947571754455566,0.011217299999771,MobileNetV2,test,2.5127158664872695e-07,4.9872247473103926e-05,5.2849492931272835e-05,0.001706475275568664,8.407939162680123e-07,3.035698341591342e-07,0.9947571754455566,9.765541108208708e-06,0.0014843875542283058,0.00017061799007933587,0.0017674588598310947
C:\Projects\TM470\data\processed\test\Hygrocybe\076_HGEpcAdN9KE.jpg,Hygrocybe/076_HGEpcAdN9KE.jpg,Hygrocybe,Hygrocybe,True,0.8740107417106628,0.0069929999990563,MobileNetV2,test,8.029708988033235e-05,0.026811780408024788,0.012667226605117321,0.013260922394692898,0.00046878817374818027,0.00011702247866196558,0.8740107417106628,0.004354766104370356,0.03578843176364899,0.01039984729140997,0.022040177136659622
C:\Projects\TM470\data\processed\test\Hygrocybe\081_puYZ4KzYSqs.jpg,Hygrocybe/081_puYZ4KzYSqs.jpg,Hygrocybe,Hygrocybe,True,0.9552929401397705,0.0073169999996025,MobileNetV2,test,3.1476989533985034e-05,0.009687526151537895,0.0059714773669838905,0.013075749389827251,0.00017877438222058117,4.577909567160532e-05,0.9552929401397705,0.0005617762799374759,0.006979743484407663,0.002374744974076748,0.005799971520900726
C:\Projects\TM470\data\processed\test\Hygrocybe\107_8A2HnEVmiKo.jpg,Hygrocybe/107_8A2HnEVmiKo.jpg,Hygrocybe,Hygrocybe,True,0.8571523427963257,0.0070183000007091,MobileNetV2,test,0.00046238527284003794,0.025996491312980652,0.02517775446176529,0.01060289703309536,0.00010262330761179328,3.6130704756942578e-06,0.8571523427963257,0.0004741042503155768,0.03228406980633736,0.005036723800003529,0.042706962674856186
C:\Projects\TM470\data\processed\test\Hygrocybe\112_qr7hsvuhJZ0.jpg,Hygrocybe/112_qr7hsvuhJZ0.jpg,Hygrocybe,Hygrocybe,True,0.9982160925865173,0.0070481999991898,MobileNetV2,test,5.6891845900963744e-08,3.1245283025782555e-05,1.6552043234696612e-05,0.0004770636442117393,2.081858809788173e-07,8.692770947504869e-09,0.9982160925865173,7.917961397652107e-07,0.0004773983673658222,4.000511398771778e-05,0.0007405561627820134
C:\Projects\TM470\data\processed\test\Hygrocybe\126_0gAqgiheOxI.jpg,Hygrocybe/126_0gAqgiheOxI.jpg,Hygrocybe,Hygrocybe,True,0.9956360459327698,0.0072730000010778,MobileNetV2,test,1.7364842008760206e-08,6.704474799335003e-05,2.1153417037567124e-05,0.0003439928113948554,1.783777392461161e-08,4.8675250496899025e-09,0.9956360459327698,2.1940176964108105e-07,0.0013443970819935203,0.0017425221158191562,0.0008447282016277313
C:\Projects\TM470\data\processed\test\Hygrocybe\127_XCKEujZlVek.jpg,Hygrocybe/127_XCKEujZlVek.jpg,Hygrocybe,Hygrocybe,True,0.8884708881378174,0.0071566000005987,MobileNetV2,test,7.837198791094124e-05,0.02975858934223652,0.02181689254939556,0.0022848141379654408,0.00012527570652309805,5.5019605497363955e-05,0.8884708881378174,0.00022896213340573013,0.027058858424425125,0.02154664508998394,0.00857581477612257
C:\Projects\TM470\data\processed\test\Hygrocybe\129_j8zgmU7QMxU.jpg,Hygrocybe/129_j8zgmU7QMxU.jpg,Hygrocybe,Hygrocybe,True,0.9971988201141357,0.0069726000001537,MobileNetV2,test,8.093574876966159e-08,0.0004269257187843323,0.00013706540630664676,0.00032211895450018346,1.2947712946242973e-07,1.260833926153282e-07,0.9971988201141357,1.6972661569525371e-06,0.0006948920199647546,0.000544566020835191,0.0006736633949913085
C:\Projects\TM470\data\processed\test\Hygrocybe\132_tuQX6vBvZRk.jpg,Hygrocybe/132_tuQX6vBvZRk.jpg,Hygrocybe,Hygrocybe,True,0.8997955918312073,0.0069137999998929,MobileNetV2,test,0.00045496661914512515,0.04151049256324768,0.0011651722015812993,0.02197249047458172,0.0013833940029144287,0.0014598035486415029,0.8997955918312073,0.012759095057845116,0.008240735158324242,0.0008595154504291713,0.010398788377642632
C:\Projects\TM470\data\processed\test\Hygrocybe\133_3_ieL2NtOF0.jpg,Hygrocybe/133_3_ieL2NtOF0.jpg,Hygrocybe,Hygrocybe,True,0.982955276966095,0.0070620999995298,MobileNetV2,test,3.351093710080022e-06,0.001924413605593145,0.002893077675253153,0.0016040282789617777,2.9265227567520924e-05,3.1698452858108794e-06,0.982955276966095,6.585448136320338e-05,0.006127511151134968,0.0009439262794330716,0.0034500514157116413
C:\Projects\TM470\data\processed\test\Hygrocybe\142_bhwsyvZtIY0.jpg,Hygrocybe/142_bhwsyvZtIY0.jpg,Hygrocybe,Cortinarius,False,0.3389591872692108,0.006977299999562,MobileNetV2,test,0.006384517997503281,0.004782848991453648,0.00900166667997837,0.3389591872692108,0.03611096739768982,0.024197997525334358,0.011820542626082897,0.29751601815223694,0.1990525871515274,0.028806237503886223,0.04336736351251602
C:\Projects\TM470\data\processed\test\Hygrocybe\153_vIb6t4IHEzM.jpg,Hygrocybe/153_vIb6t4IHEzM.jpg,Hygrocybe,Hygrocybe,True,0.9429108500480652,0.0073699000004125,MobileNetV2,test,9.620651326258667e-06,0.0075442492961883545,0.010571103543043137,0.002210320206359029,2.846823917934671e-05,5.282275651552482e-06,0.9429108500480652,0.00019049136608373374,0.021997418254613876,0.0034340249840170145,0.011098184622824192
C:\Projects\TM470\data\processed\test\Hygrocybe\159_Ymge5g1qpP4.jpg,Hygrocybe/159_Ymge5g1qpP4.jpg,Hygrocybe,Hygrocybe,True,0.46803489327430725,0.0071054000000003,MobileNetV2,test,0.0014794962480664253,0.02211247757077217,0.1462409496307373,0.15997743606567383,0.0005766256945207715,0.008782563731074333,0.46803489327430725,0.00735670467838645,0.14828400313854218,0.013948040083050728,0.023206789046525955
C:\Projects\TM470\data\processed\test\Hygrocybe\167_0dmBJfGHH8c.jpg,Hygrocybe/167_0dmBJfGHH8c.jpg,Hygrocybe,Hygrocybe,True,0.9724236726760864,0.0070601999996142,MobileNetV2,test,5.680966296495171e-06,0.0007356928545050323,0.003057818626984954,0.007037857547402382,6.973122253839392e-06,1.509785397502128e-05,0.9724236726760864,0.00012230456923134625,0.006547928787767887,0.0017502263654023409,0.00829678401350975
C:\Projects\TM470\data\processed\test\Hygrocybe\181_GCIMCymbYLk.jpg,Hygrocybe/181_GCIMCymbYLk.jpg,Hygrocybe,Cortinarius,False,0.5005987286567688,0.0073144999987562,MobileNetV2,test,0.007861647754907608,0.006584344897419214,0.07795418053865433,0.5005987286567688,0.07028193771839142,0.04875355213880539,0.0661313533782959,0.05350824072957039,0.14128023386001587,0.003135114209726453,0.02391069196164608
C:\Projects\TM470\data\processed\test\Hygrocybe\188_5IJ0j3yYEyk.jpg,Hygrocybe/188_5IJ0j3yYEyk.jpg,Hygrocybe,Russula,False,0.6069761514663696,0.0071436000016547,MobileNetV2,test,0.02299819514155388,0.027001868933439255,0.0018966755596920848,0.09934965521097183,0.062496084719896317,0.00017735743313096464,0.008464708924293518,0.08601242303848267,0.07859892398118973,0.6069761514663696,0.0060280365869402885
C:\Projects\TM470\data\processed\test\Hygrocybe\201_9i5OZWNQwG0.jpg,Hygrocybe/201_9i5OZWNQwG0.jpg,Hygrocybe,Hygrocybe,True,0.9982278943061829,0.0068526000013662,MobileNetV2,test,2.1646469861025253e-07,0.0001507848355686292,3.6006263144372497e-06,0.001138419727794826,9.563325875205919e-06,1.1053895150325843e-06,0.9982278943061829,1.9410970708122477e-05,0.00013669318286702037,5.608670562651241e-06,0.0003067099314648658
C:\Projects\TM470\data\processed\test\Hygrocybe\203_Z33ahTENL0Q.jpg,Hygrocybe/203_Z33ahTENL0Q.jpg,Hygrocybe,Hygrocybe,True,0.90062415599823,0.0069323000006988,MobileNetV2,test,0.0002384501858614385,0.01745527982711792,0.003137442981824279,0.02513575181365013,0.0005121664144098759,5.3613828640663996e-05,0.90062415599823,0.001530007808469236,0.030163612216711044,0.00794567633420229,0.013203858397901058
C:\Projects\TM470\data\processed\test\Hygrocybe\205_pVtK0sC_qAE.jpg,Hygrocybe/205_pVtK0sC_qAE.jpg,Hygrocybe,Hygrocybe,True,0.23636694252490997,0.0074810999994952,MobileNetV2,test,0.017678024247288704,0.13681437075138092,0.11059677600860596,0.0396917387843132,0.008432122878730297,0.09800837188959122,0.23636694252490997,0.11066246777772903,0.09069676697254181,0.1175592765212059,0.03349313884973526
C:\Projects\TM470\data\processed\test\Hygrocybe\216_jDgNLEnykyU.jpg,Hygrocybe/216_jDgNLEnykyU.jpg,Hygrocybe,Cortinarius,False,0.8827133774757385,0.0082746999996743,MobileNetV2,test,0.001540484605357051,0.003924912307411432,3.17553203785792e-05,0.8827133774757385,0.004483978729695082,5.128656994202174e-06,0.05159712955355644,0.015981702134013176,0.009137634187936783,0.001257549156434834,0.02932634763419628
C:\Projects\TM470\data\processed\test\Hygrocybe\225_KKCj-5wLqCA.jpg,Hygrocybe/225_KKCj-5wLqCA.jpg,Hygrocybe,Russula,False,0.8410488963127136,0.0076358999995136,MobileNetV2,test,0.0007233624928630888,0.005176563281565905,0.0006321608670987189,0.03645076975226402,0.0026421700604259968,4.2407609726069495e-06,0.0032362143974751234,0.00030453538056463003,0.10738109052181244,0.8410488963127136,0.002400028984993696
C:\Projects\TM470\data\processed\test\Hygrocybe\227_L3z3XTxXk78.jpg,Hygrocybe/227_L3z3XTxXk78.jpg,Hygrocybe,Amanita,False,0.45566391944885254,0.0073577000002842,MobileNetV2,test,0.056913603097200394,0.45566391944885254,0.01664453186094761,0.15900185704231262,0.04813065752387047,0.00018320328672416508,0.04426465183496475,0.006388876121491194,0.1353316754102707,0.05276046320796013,0.024716494604945183
C:\Projects\TM470\data\processed\test\Hygrocybe\230_yk2KrQJOQS8.jpg,Hygrocybe/230_yk2KrQJOQS8.jpg,Hygrocybe,Lactarius,False,0.329379141330719,0.0072712000001047,MobileNetV2,test,0.017439324408769608,0.2587875723838806,0.028550220653414726,0.016820112243294716,0.24298404157161713,0.008425422944128513,0.037254732102155685,0.009682661853730679,0.329379141330719,0.04712348058819771,0.0035533797927200794
C:\Projects\TM470\data\processed\test\Hygrocybe\240_7wFT2NzNJsA.jpg,Hygrocybe/240_7wFT2NzNJsA.jpg,Hygrocybe,Hygrocybe,True,0.5564616918563843,0.0070015000001149,MobileNetV2,test,0.004712142050266266,0.13654178380966187,0.035855527967214584,0.06902366876602173,0.013066856190562248,0.02997867576777935,0.5564616918563843,0.0336138978600502,0.05334993451833725,0.04321775212883949,0.02417801320552826
C:\Projects\TM470\data\processed\test\Hygrocybe\253_IgK1gMXB7S0.jpg,Hygrocybe/253_IgK1gMXB7S0.jpg,Hygrocybe,Lactarius,False,0.5867610573768616,0.0071023000000423,MobileNetV2,test,0.002780327806249261,0.02305956929922104,0.020257942378520966,0.02045026421546936,0.005262539256364107,0.0001941484078997746,0.22507120668888092,0.010810217820107937,0.5867610573768616,0.02823008969426155,0.07712259888648987
C:\Projects\TM470\data\processed\test\Hygrocybe\257_LPbsa5Oitj0.jpg,Hygrocybe/257_LPbsa5Oitj0.jpg,Hygrocybe,Suillus,False,0.35391366481781006,0.0092884999994566,MobileNetV2,test,0.0023970380425453186,0.0037331620696932077,0.023475641384720802,0.2012302577495575,0.00041008193511515856,4.1579579601602745e-07,0.09694290161132812,0.0010299414861947298,0.23810136318206787,0.07876558601856232,0.35391366481781006
C:\Projects\TM470\data\processed\test\Hygrocybe\271_wkoF4DRryAY.jpg,Hygrocybe/271_wkoF4DRryAY.jpg,Hygrocybe,Amanita,False,0.7494778633117676,0.0135606999992887,MobileNetV2,test,0.009326014667749405,0.7494778633117676,0.15921825170516968,0.009904204867780209,0.0019402310717850924,3.633204323705286e-05,0.020872345194220543,0.0036323610693216324,0.0260555949062109,0.013638302683830261,0.005898538511246443
C:\Projects\TM470\data\processed\test\Hygrocybe\272_-uL1iUddkKE.jpg,Hygrocybe/272_-uL1iUddkKE.jpg,Hygrocybe,Cortinarius,False,0.5723002552986145,0.0073078999994322,MobileNetV2,test,0.04034291207790375,0.023698732256889343,0.028622068464756012,0.5723002552986145,0.0035931251477450132,2.642225445015356e-05,0.06392429023981094,0.011675992980599403,0.09543369710445404,0.01766297221183777,0.142719566822052
C:\Projects\TM470\data\processed\test\Hygrocybe\279_qMPhGAtE9-E.jpg,Hygrocybe/279_qMPhGAtE9-E.jpg,Hygrocybe,Hygrocybe,True,0.4630480408668518,0.0078105000011419,MobileNetV2,test,0.0012101962929591537,0.07896898686885834,0.2520757019519806,0.032611530274152756,0.004565839655697346,0.0002338201302336529,0.4630480408668518,0.003023857017979026,0.0690116137266159,0.05195220187306404,0.04329816624522209
C:\Projects\TM470\data\processed\test\Hygrocybe\287_V13XWthHpss.jpg,Hygrocybe/287_V13XWthHpss.jpg,Hygrocybe,Boletus,False,0.3625829815864563,0.0078028000007179,MobileNetV2,test,0.004153342917561531,0.056747280061244965,0.3625829815864563,0.03751771152019501,0.006381000392138958,0.0009930168744176626,0.25433260202407837,0.03482111543416977,0.11175040900707245,0.021913522854447365,0.10880713164806366
C:\Projects\TM470\data\processed\test\Hygrocybe\292_RJnjsciXCNM.jpg,Hygrocybe/292_RJnjsciXCNM.jpg,Hygrocybe,Hygrocybe,True,0.9989645481109619,0.00795399999879,MobileNetV2,test,7.1369750109795405e-09,1.0991046110575553e-05,1.3465618167174398e-06,0.0004107735294383019,1.4191160246923573e-08,9.533797085126139e-10,0.9989645481109619,1.4372504608672898e-07,0.00012778693053405732,3.307724909973331e-05,0.00045132767991162837
C:\Projects\TM470\data\processed\test\Hygrocybe\299_VBHrsAmQC-E.jpg,Hygrocybe/299_VBHrsAmQC-E.jpg,Hygrocybe,Hygrocybe,True,0.7876735329627991,0.0072937999993882,MobileNetV2,test,1.1352230103511829e-05,0.0738830417394638,0.035788167268037796,0.000838831125292927,1.176078603748465e-05,1.61609841597965e-05,0.7876735329627991,5.5861171858850867e-05,0.02347102202475071,0.0735054537653923,0.004744859412312508
C:\Projects\TM470\data\processed\test\Hygrocybe\301_vp5CIThqt4k.jpg,Hygrocybe/301_vp5CIThqt4k.jpg,Hygrocybe,Hygrocybe,True,0.9986799359321594,0.0072685000013734,MobileNetV2,test,8.678571106202071e-08,0.00015419679402839392,3.3173448173329234e-05,0.00030001954291947186,2.0251231092061062e-07,2.922552653217281e-07,0.9986799359321594,1.6036436818467337e-06,0.00027759288786910474,0.00010066603863378987,0.00045222134212963283
C:\Projects\TM470\data\processed\test\Hygrocybe\314_tDtKkHcGxRM.jpg,Hygrocybe/314_tDtKkHcGxRM.jpg,Hygrocybe,Hygrocybe,True,0.9472896456718445,0.0080214000008709,MobileNetV2,test,4.799345333594829e-06,0.00013436211156658828,4.701594662037678e-05,0.031758081167936325,2.15956024476327e-05,4.215609195057368e-08,0.9472896456718445,5.425050767371431e-05,0.002701625693589449,0.000539077736902982,0.01744949072599411
C:\Projects\TM470\data\processed\test\Hygrocybe\325_rro3hIu1Nqw.jpg,Hygrocybe/325_rro3hIu1Nqw.jpg,Hygrocybe,Hygrocybe,True,0.20462478697299957,0.007621000000654,MobileNetV2,test,0.021006902679800987,0.12513358891010284,0.1068623960018158,0.17029084265232086,0.023830117657780647,0.09108290821313858,0.20462478697299957,0.11005286127328873,0.08679588884115219,0.017514817416667938,0.042804915457963943
C:\Projects\TM470\data\processed\test\Inocybe\AE2013PIC74694917.jpg,Inocybe/AE2013PIC74694917.jpg,Inocybe,Inocybe,True,0.44735339283943176,0.0072503999999753,MobileNetV2,test,0.08308330178260803,0.020535990595817566,0.03598148748278618,0.12133270502090454,0.010801048018038273,0.06612935662269592,0.002748343627899885,0.44735339283943176,0.18264064192771912,0.015052996575832367,0.014340685680508614
C:\Projects\TM470\data\processed\test\Inocybe\AE2015PIC76548267.jpg,Inocybe/AE2015PIC76548267.jpg,Inocybe,Lactarius,False,0.7336688041687012,0.0082949999996344,MobileNetV2,test,0.021744031459093094,0.005307828076183796,0.08523721247911453,0.10224827378988266,0.004138114862143993,3.192556323483586e-05,0.003324326826259494,0.001785212429240346,0.7336688041687012,0.024813001975417137,0.017701318487524986
C:\Projects\TM470\data\processed\test\Inocybe\AS2010PIC58249290.jpg,Inocybe/AS2010PIC58249290.jpg,Inocybe,Inocybe,True,0.4147947430610657,0.0079433000009885,MobileNetV2,test,0.17482143640518188,0.020460089668631554,0.00018409070617053658,0.1651446521282196,0.10316481441259384,0.00032968196319416165,0.07363546639680862,0.4147947430610657,0.026473259553313255,0.0005791346193291247,0.020412608981132507
C:\Projects\TM470\data\processed\test\Inocybe\AS2017-9214269_rygo0WejZ.jpg,Inocybe/AS2017-9214269_rygo0WejZ.jpg,Inocybe,Russula,False,0.6072323322296143,0.0079545999997208,MobileNetV2,test,3.16620062221773e-05,0.00010385165660409257,0.0005500935367308557,0.0026792967692017555,1.3749276149610523e-05,1.02814510682947e-07,0.0003991769626736641,0.0003419245476834476,0.3825778365135193,0.6072323322296143,0.006069943308830261
C:\Projects\TM470\data\processed\test\Inocybe\BWP2010PIC63790785.jpg,Inocybe/BWP2010PIC63790785.jpg,Inocybe,Cortinarius,False,0.6014333963394165,0.0071502999999211,MobileNetV2,test,0.08172851800918579,0.0277616735547781,0.00013333981041796505,0.6014333963394165,0.030422603711485863,5.710407276637852e-05,0.03343408927321434,0.2047526240348816,0.006149447523057461,0.0005222790059633553,0.013604937121272087
C:\Projects\TM470\data\processed\test\Inocybe\BWP2011PIC57986404.jpg,Inocybe/BWP2011PIC57986404.jpg,Inocybe,Inocybe,True,0.45542076230049133,0.0073276000002806,MobileNetV2,test,0.030515173450112343,0.040325604379177094,0.022272218018770218,0.027000509202480316,0.003614595625549555,0.2143326699733734,0.0012986528454348445,0.45542076230049133,0.18450739979743958,0.01472879946231842,0.005983641371130943
C:\Projects\TM470\data\processed\test\Inocybe\BWP2013PIC14438171.jpg,Inocybe/BWP2013PIC14438171.jpg,Inocybe,Cortinarius,False,0.6418462991714478,0.0071031999996193,MobileNetV2,test,0.20894460380077362,0.041290104389190674,0.010019413195550442,0.6418462991714478,0.004220523405820131,0.00011886777792824432,0.001113286241889,0.06517669558525085,0.011821002699434757,0.005245803389698267,0.01020334754139185
C:\Projects\TM470\data\processed\test\Inocybe\BWP2015PIC54111483.jpg,Inocybe/BWP2015PIC54111483.jpg,Inocybe,Cortinarius,False,0.21821513772010803,0.0074026000002049,MobileNetV2,test,0.10519383102655411,0.16343294084072113,0.02066354639828205,0.21821513772010803,0.004078218247741461,0.15944238007068634,0.023485619574785233,0.20360155403614044,0.04354789853096008,0.0382358580827713,0.02010303921997547
C:\Projects\TM470\data\processed\test\Inocybe\BWP2015PIC66105035.jpg,Inocybe/BWP2015PIC66105035.jpg,Inocybe,Exidia,False,0.34921807050704956,0.00731690000066,MobileNetV2,test,0.05080956220626831,0.09496401250362396,0.04155931621789932,0.06487082690000534,0.08328695595264435,0.34921807050704956,0.01750146970152855,0.10713262856006622,0.09809210896492004,0.08210199326276779,0.010462997481226921
C:\Projects\TM470\data\processed\test\Inocybe\BWP2016-9169400_r1cjMF0O.jpg,Inocybe/BWP2016-9169400_r1cjMF0O.jpg,Inocybe,Cortinarius,False,0.40190979838371277,0.0072017000002233,MobileNetV2,test,0.22781765460968018,0.013092365115880966,7.600244134664536e-05,0.40190979838371277,0.002175608417019248,1.0121691957465373e-05,0.0005495474906638265,0.34625691175460815,0.0011936111841350794,0.0015544947236776352,0.005363950971513987
C:\Projects\TM470\data\processed\test\Inocybe\BWP2016-9169400_ryGAfY0u.jpg,Inocybe/BWP2016-9169400_ryGAfY0u.jpg,Inocybe,Amanita,False,0.31103456020355225,0.0083763999991788,MobileNetV2,test,0.023950932547450066,0.31103456020355225,0.06381943076848984,0.2011639028787613,0.00643628416582942,0.006210313178598881,0.007572536822408438,0.02374432422220707,0.290447860956192,0.056942496448755264,0.008677318692207336
C:\Projects\TM470\data\processed\test\Inocybe\CL2011PIC55659604.jpg,Inocybe/CL2011PIC55659604.jpg,Inocybe,Exidia,False,0.30304792523384094,0.0070764000010967,MobileNetV2,test,0.020742421969771385,0.04890520125627518,0.02406732551753521,0.06457249820232391,0.08893761783838272,0.30304792523384094,0.02178138867020607,0.2997852861881256,0.09127553552389145,0.024153541773557663,0.012731276452541351
C:\Projects\TM470\data\processed\test\Inocybe\DB2013PIC33800138.jpg,Inocybe/DB2013PIC33800138.jpg,Inocybe,Inocybe,True,0.47082093358039856,0.0070434999997814,MobileNetV2,test,0.0466633103787899,0.018328296020627022,0.00017111208580899984,0.4040174186229706,0.01996757462620735,0.0023400522768497467,0.016965962946414948,0.47082093358039856,0.0073950462974607944,0.0009585688821971416,0.01237175241112709
C:\Projects\TM470\data\processed\test\Inocybe\DB2013PIC42730442.jpg,Inocybe/DB2013PIC42730442.jpg,Inocybe,Cortinarius,False,0.5289834141731262,0.0071456999994552,MobileNetV2,test,0.1748059242963791,0.0021221586503088474,3.5810742247122107e-06,0.5289834141731262,0.0016370505327358842,1.9246106148784747e-06,0.0003494924458209425,0.2896510362625122,0.00014886300778016448,5.152774974703789e-06,0.0022914407309144735
C:\Projects\TM470\data\processed\test\Inocybe\DB2013PIC57804056.jpg,Inocybe/DB2013PIC57804056.jpg,Inocybe,Inocybe,True,0.5396736860275269,0.0070805999985168,MobileNetV2,test,0.15894432365894318,0.022540107369422913,0.00036975822877138853,0.243641197681427,0.01925625652074814,0.0028200300876051188,0.0019552274607121944,0.5396736860275269,0.004445178434252739,0.0014863788383081555,0.004867846611887217
C:\Projects\TM470\data\processed\test\Inocybe\DB2013PIC89729265.jpg,Inocybe/DB2013PIC89729265.jpg,Inocybe,Cortinarius,False,0.7871969938278198,0.0071845999991637,MobileNetV2,test,0.06839979439973831,0.07643997669219971,0.0021876979153603315,0.7871969938278198,0.0093044089153409,2.3444195903721265e-05,0.004852319601923227,0.005819915793836117,0.012963579967617989,0.009859924204647541,0.02295191027224064
C:\Projects\TM470\data\processed\test\Inocybe\EAT2012PIC64084765.jpg,Inocybe/EAT2012PIC64084765.jpg,Inocybe,Cortinarius,False,0.5544259548187256,0.0069716999987576,MobileNetV2,test,0.020059647038578987,0.011306255124509335,0.003002280369400978,0.5544259548187256,0.11385045945644379,0.11178706586360931,0.019554324448108673,0.1336526870727539,0.025494858622550964,0.001251492532901466,0.0056149763986468315
C:\Projects\TM470\data\processed\test\Inocybe\EAT2012PIC84850246.jpg,Inocybe/EAT2012PIC84850246.jpg,Inocybe,Cortinarius,False,0.8118732571601868,0.0071049999987735,MobileNetV2,test,0.006430075038224459,0.002118295757099986,8.093822543742135e-05,0.8118732571601868,0.025733478367328644,9.969377424567938e-05,0.060056354850530624,0.07869341224431992,0.003097795182839036,2.1754789486294612e-05,0.011794909834861755
C:\Projects\TM470\data\processed\test\Inocybe\EAT2013PIC54191345.jpg,Inocybe/EAT2013PIC54191345.jpg,Inocybe,Inocybe,True,0.20931482315063477,0.0069910999991407,MobileNetV2,test,0.011203809641301632,0.16917107999324799,0.10424580425024033,0.048672642558813095,0.03173992410302162,0.0323173962533474,0.18500834703445435,0.20931482315063477,0.12558512389659882,0.04375072196125984,0.03899025544524193
C:\Projects\TM470\data\processed\test\Inocybe\EAT2014PIC42270599.jpg,Inocybe/EAT2014PIC42270599.jpg,Inocybe,Boletus,False,0.9197437763214111,0.0096071000007214,MobileNetV2,test,0.0011744112707674503,0.059705205261707306,0.9197437763214111,0.0028505173977464437,2.3891569071565755e-05,0.00015036994591355324,0.00027899930137209594,0.0009697509813122451,0.006337328813970089,0.007297132164239883,0.0014685294590890408
C:\Projects\TM470\data\processed\test\Inocybe\EAT2015PIC87367583.jpg,Inocybe/EAT2015PIC87367583.jpg,Inocybe,Amanita,False,0.32170605659484863,0.006782699998439,MobileNetV2,test,0.024595530703663826,0.32170605659484863,0.27234166860580444,0.04530595615506172,0.06031082198023796,0.015037897042930126,0.03898511826992035,0.07790016382932663,0.08825656771659851,0.0267239511013031,0.02883628010749817
C:\Projects\TM470\data\processed\test\Inocybe\EAT2015PIC89289492.jpg,Inocybe/EAT2015PIC89289492.jpg,Inocybe,Exidia,False,0.21741998195648193,0.0076967000004515,MobileNetV2,test,0.006582121830433607,0.1800849884748459,0.05394457280635834,0.08724487572908401,0.2089414745569229,0.21741998195648193,0.09725033491849899,0.08264894783496857,0.048745349049568176,0.007382587529718876,0.00975476298481226
C:\Projects\TM470\data\processed\test\Inocybe\EAT2017-9208647_BJQtzKntb.jpg,Inocybe/EAT2017-9208647_BJQtzKntb.jpg,Inocybe,Amanita,False,0.5786781311035156,0.0076833000002807,MobileNetV2,test,0.006799523252993822,0.5786781311035156,0.04694098234176636,0.039707254618406296,0.008492772467434406,0.11808481067419052,0.005949936807155609,0.06509880721569061,0.047429218888282776,0.0761057659983635,0.006712745409458876
C:\Projects\TM470\data\processed\test\Inocybe\FDE2011PIC86172261.jpg,Inocybe/FDE2011PIC86172261.jpg,Inocybe,Lactarius,False,0.5104098320007324,0.0071644999989075,MobileNetV2,test,0.0005849524750374258,0.002731374464929104,0.000500841939356178,0.02344619296491146,0.0004940213402733207,1.744153479421584e-07,0.36536070704460144,0.003244617488235235,0.5104098320007324,0.008147330954670906,0.08507998287677765
C:\Projects\TM470\data\processed\test\Inocybe\FDE2012PIC64061850.jpg,Inocybe/FDE2012PIC64061850.jpg,Inocybe,Russula,False,0.3590942919254303,0.0068553999990399,MobileNetV2,test,0.012243037112057209,0.03140503913164139,0.002039413433521986,0.05638241022825241,0.0014464607229456306,1.693654849077575e-05,0.07547380030155182,0.09592369198799133,0.2975582778453827,0.3590942919254303,0.06841666996479034
C:\Projects\TM470\data\processed\test\Inocybe\FS2012PIC59633008.jpg,Inocybe/FS2012PIC59633008.jpg,Inocybe,Hygrocybe,False,0.3178722858428955,0.0070133999997779,MobileNetV2,test,0.02999366819858551,0.10284202545881271,0.02166738547384739,0.14507409930229187,0.052989039570093155,0.001489674556069076,0.3178722858428955,0.19352230429649353,0.05338702350854874,0.004039608873426914,0.07712285965681076
C:\Projects\TM470\data\processed\test\Inocybe\JAH2014PIC52290371.jpg,Inocybe/JAH2014PIC52290371.jpg,Inocybe,Russula,False,0.24128280580043793,0.0071454000008088,MobileNetV2,test,0.06770782917737961,0.01672275923192501,0.011170010082423687,0.16880548000335693,0.001029874780215323,0.20991633832454681,0.007821564562618732,0.14650708436965942,0.12352900952100754,0.24128280580043793,0.005507305730134249
C:\Projects\TM470\data\processed\test\Inocybe\JCS2009PIC20338594.jpg,Inocybe/JCS2009PIC20338594.jpg,Inocybe,Cortinarius,False,0.7869472503662109,0.0117401999996218,MobileNetV2,test,0.03569734841585159,0.06240136921405792,6.791510259063216e-06,0.7869472503662109,0.03129997104406357,7.465822591257165e-07,0.006617753766477108,0.07124421000480652,0.001167871174402535,9.82717247097753e-05,0.004518462810665369
C:\Projects\TM470\data\processed\test\Inocybe\JCS2013PIC22587806.jpg,Inocybe/JCS2013PIC22587806.jpg,Inocybe,Inocybe,True,0.5447985529899597,0.008021199999348,MobileNetV2,test,0.07328502088785172,0.002564498921856284,2.330619827262126e-05,0.3568357527256012,0.013850368559360504,0.00038299246807582676,0.0005912708584219217,0.5447985529899597,0.004020449705421925,0.0019369699293747544,0.0017107995226979256
C:\Projects\TM470\data\processed\test\Inocybe\JCS2013PIC43012548.jpg,Inocybe/JCS2013PIC43012548.jpg,Inocybe,Amanita,False,0.39973512291908264,0.0070786000014777,MobileNetV2,test,0.08913567662239075,0.39973512291908264,0.049473367631435394,0.15716691315174103,0.05897059664130211,0.0011780119966715574,0.0022742024157196283,0.18146325647830963,0.033348944038152695,0.013068346306681633,0.014185510575771332
C:\Projects\TM470\data\processed\test\Inocybe\JCS2013PIC83427178.jpg,Inocybe/JCS2013PIC83427178.jpg,Inocybe,Cortinarius,False,0.6355081796646118,0.0069961000008333,MobileNetV2,test,0.02267313189804554,0.017474709078669548,0.00106239621527493,0.6355081796646118,0.07133612781763077,1.0569193591436488e-06,0.004381396342068911,0.06052070111036301,0.10012674331665039,0.033746860921382904,0.05316868796944618
C:\Projects\TM470\data\processed\test\Inocybe\JHC2017-9196021_r1DJCAiXW.jpg,Inocybe/JHC2017-9196021_r1DJCAiXW.jpg,Inocybe,Agaricus,False,0.37223464250564575,0.0070204999992711,MobileNetV2,test,0.37223464250564575,0.08558576554059982,0.0002506754535716027,0.26935842633247375,0.0021458950359374285,2.1327803551685065e-05,0.0004399394674692303,0.25874483585357666,0.0012327880831435323,0.0039881011471152306,0.005997633095830679
C:\Projects\TM470\data\processed\test\Inocybe\JHC2017-9201118_B1VmZiXPZ.jpg,Inocybe/JHC2017-9201118_B1VmZiXPZ.jpg,Inocybe,Lactarius,False,0.5011931657791138,0.0078585999999631,MobileNetV2,test,0.001181964878924191,0.00742113683372736,0.2819022834300995,0.028589390218257904,0.0006252233870327473,0.00016537142801098526,0.007162344641983509,0.004193216096609831,0.5011931657791138,0.14734555780887604,0.020220378413796425
C:\Projects\TM470\data\processed\test\Inocybe\JHC2017-9207705_H16Z0hStW.jpg,Inocybe/JHC2017-9207705_H16Z0hStW.jpg,Inocybe,Cortinarius,False,0.4272609055042267,0.006929699999091,MobileNetV2,test,0.05142940953373909,0.01803743839263916,0.0018510684603825212,0.4272609055042267,0.04290783777832985,0.00017818382184486836,0.0023697561118751764,0.3349035382270813,0.05913720652461052,0.026233550161123276,0.03569110110402107
C:\Projects\TM470\data\processed\test\Inocybe\JM2012PIC76798409.jpg,Inocybe/JM2012PIC76798409.jpg,Inocybe,Inocybe,True,0.8060322999954224,0.0079634999983682,MobileNetV2,test,0.07348590344190598,0.06433995068073273,0.0002282820496475324,0.026524154469370842,0.016709882766008377,0.00014852173626422882,0.0023953283671289682,0.8060322999954224,0.00297171575948596,0.0051710037514567375,0.0019929856061935425
C:\Projects\TM470\data\processed\test\Inocybe\JM2014PIC65927854.jpg,Inocybe/JM2014PIC65927854.jpg,Inocybe,Lactarius,False,0.4243887960910797,0.007731200001217,MobileNetV2,test,0.009001027792692184,0.028834184631705284,0.014007220044732094,0.1869467943906784,0.16443763673305511,0.03216521441936493,0.01300426572561264,0.04353313148021698,0.4243887960910797,0.07233987748622894,0.011341906152665615
C:\Projects\TM470\data\processed\test\Inocybe\JM2017-9200086_HkgcxFo28W.jpg,Inocybe/JM2017-9200086_HkgcxFo28W.jpg,Inocybe,Inocybe,True,0.29427459836006165,0.008237399999416,MobileNetV2,test,0.053622424602508545,0.05146440118551254,0.05689015984535217,0.04759199172258377,0.003999846521764994,0.1371774524450302,0.012695581652224064,0.29427459836006165,0.12100140005350113,0.20589937269687653,0.015382813289761543
C:\Projects\TM470\data\processed\test\Inocybe\JM2017-9200086_rkceKj2LZ.jpg,Inocybe/JM2017-9200086_rkceKj2LZ.jpg,Inocybe,Exidia,False,0.2736765146255493,0.0074345000011817,MobileNetV2,test,0.21740353107452393,0.011673824861645699,0.01400074828416109,0.0748288556933403,0.0002882984990719706,0.2736765146255493,0.0025036653969436884,0.19073054194450378,0.14539609849452972,0.0651431605219841,0.004354802891612053
C:\Projects\TM470\data\processed\test\Inocybe\JM2017-9202674_ByodB43P-.jpg,Inocybe/JM2017-9202674_ByodB43P-.jpg,Inocybe,Cortinarius,False,0.5890010595321655,0.0076361000010365,MobileNetV2,test,0.11917107552289963,0.07125590741634369,0.009077060967683792,0.5890010595321655,0.0052909511141479015,0.0003066259960178286,0.005914693232625723,0.043847594410181046,0.03945673629641533,0.10839814692735672,0.008280090987682343
C:\Projects\TM470\data\processed\test\Inocybe\KNI2015PIC36175674.jpg,Inocybe/KNI2015PIC36175674.jpg,Inocybe,Hygrocybe,False,0.5434812903404236,0.0083202999994682,MobileNetV2,test,0.0006531500839628279,0.006005958188325167,0.00291052064858377,0.3349602222442627,0.0008637761347927153,0.0040694307535886765,0.5434812903404236,0.02690131776034832,0.04016474261879921,0.013076799921691418,0.026912827044725418
C:\Projects\TM470\data\processed\test\Inocybe\LDJ2009PIC30690154.jpg,Inocybe/LDJ2009PIC30690154.jpg,Inocybe,Inocybe,True,0.702836811542511,0.0081375000008847,MobileNetV2,test,0.18874414265155792,0.07197698205709457,7.213783101178706e-05,0.01227511465549469,0.0023289364762604237,5.709288234356791e-05,0.0011736241867765784,0.702836811542511,0.0042150141671299934,0.01497921533882618,0.0013409084640443325
C:\Projects\TM470\data\processed\test\Inocybe\MACH2016-9178188_S1cpNX6A.jpg,Inocybe/MACH2016-9178188_S1cpNX6A.jpg,Inocybe,Inocybe,True,0.5064480304718018,0.0082719000001816,MobileNetV2,test,0.027760500088334084,0.017865894362330437,4.900733983959071e-05,0.27305734157562256,0.09784597158432007,0.00094320357311517,0.06850896775722504,0.5064480304718018,0.002085922984406352,1.2486238119890913e-05,0.005422662943601608
C:\Projects\TM470\data\processed\test\Inocybe\MAV2010PIC78400496.jpg,Inocybe/MAV2010PIC78400496.jpg,Inocybe,Cortinarius,False,0.3219943940639496,0.0082128000012744,MobileNetV2,test,0.003073045751079917,0.012200784869492054,0.004241579677909613,0.3219943940639496,0.23309779167175293,3.070675302296877e-05,0.22721830010414124,0.01965789683163166,0.10740630328655243,0.0021943580359220505,0.06888482719659805
C:\Projects\TM470\data\processed\test\Inocybe\MAV2011PIC87756495.jpg,Inocybe/MAV2011PIC87756495.jpg,Inocybe,Boletus,False,0.29994115233421326,0.0076695000007021,MobileNetV2,test,0.1466696560382843,0.25566309690475464,0.29994115233421326,0.09750232100486755,0.0026571094058454037,0.005920950323343277,0.008758412674069405,0.032595228403806686,0.09775243699550629,0.04084649309515953,0.011693054810166359
C:\Projects\TM470\data\processed\test\Inocybe\MAV2013PIC41670341.jpg,Inocybe/MAV2013PIC41670341.jpg,Inocybe,Lactarius,False,0.19186963140964508,0.0076288999989628,MobileNetV2,test,0.009287385269999504,0.00883659441024065,0.15224851667881012,0.14059978723526,0.007966932840645313,0.16127441823482513,0.009613529779016972,0.18673239648342133,0.19186963140964508,0.1180848553776741,0.013485977426171303
C:\Projects\TM470\data\processed\test\Inocybe\ML2012PIC15959384.jpg,Inocybe/ML2012PIC15959384.jpg,Inocybe,Inocybe,True,0.4137113392353058,0.0076410000001487,MobileNetV2,test,0.09482774883508682,0.12358111143112183,0.023576432839035988,0.13029538094997406,0.00615189503878355,0.05998476222157478,0.017587454989552498,0.4137113392353058,0.03814205527305603,0.07006378471851349,0.02207806333899498
C:\Projects\TM470\data\processed\test\Inocybe\MMN2010PIC77085274.jpg,Inocybe/MMN2010PIC77085274.jpg,Inocybe,Amanita,False,0.39245280623435974,0.0081122999999934,MobileNetV2,test,0.018741624429821968,0.39245280623435974,0.06492305546998978,0.023769943043589592,0.0037250828463584185,0.00017550811753608286,0.031551651656627655,0.015513936057686806,0.19323644042015076,0.2143426537513733,0.04156728461384773
C:\Projects\TM470\data\processed\test\Inocybe\MS2009PIC48014779.jpg,Inocybe/MS2009PIC48014779.jpg,Inocybe,Cortinarius,False,0.4143691658973694,0.0075655000000551,MobileNetV2,test,0.06207236647605896,0.016404923051595688,0.041867922991514206,0.4143691658973694,0.01618150807917118,0.0934942364692688,0.003805982181802392,0.19467927515506744,0.13999196887016296,0.006015056744217873,0.01111757755279541
C:\Projects\TM470\data\processed\test\Inocybe\MS2009PIC76598275.jpg,Inocybe/MS2009PIC76598275.jpg,Inocybe,Inocybe,True,0.31082823872566223,0.0080878000007942,MobileNetV2,test,0.10309556871652603,0.1074245423078537,0.11539310216903687,0.025075513869524002,0.003996893763542175,0.01887056976556778,0.007511015050113201,0.31082823872566223,0.25935080647468567,0.028477512300014496,0.01997627131640911
C:\Projects\TM470\data\processed\test\Inocybe\MSO2012PIC41953814.jpg,Inocybe/MSO2012PIC41953814.jpg,Inocybe,Cortinarius,False,0.2511554956436157,0.0089365999992878,MobileNetV2,test,0.025172026827931404,0.07640255242586136,0.03607815131545067,0.2511554956436157,0.09146077185869217,0.004643748514354229,0.13691896200180054,0.15509603917598724,0.1464947909116745,0.011803340166807175,0.06477416306734085
C:\Projects\TM470\data\processed\test\Inocybe\OBL2011PIC48076248.jpg,Inocybe/OBL2011PIC48076248.jpg,Inocybe,Inocybe,True,0.3189540505409241,0.0082416999994165,MobileNetV2,test,0.08117111027240753,0.046035055071115494,0.002882532309740782,0.019543880596756935,0.00036198904854245484,0.01789906993508339,0.0034260014072060585,0.3189540505409241,0.2347358614206314,0.2677389085292816,0.0072516039945185184
C:\Projects\TM470\data\processed\test\Inocybe\OBL2012PIC16913624.jpg,Inocybe/OBL2012PIC16913624.jpg,Inocybe,Exidia,False,0.7823997735977173,0.0071102000001701,MobileNetV2,test,0.03938642889261246,0.008706780150532722,0.013937444426119328,0.022180574014782906,0.00027090954245068133,0.7823997735977173,0.00031122329528443515,0.07960975170135498,0.0426078699529171,0.0098338071256876,0.0007555158226750791
C:\Projects\TM470\data\processed\test\Inocybe\PEL2017-9195655_B1Yl9j8mb.jpg,Inocybe/PEL2017-9195655_B1Yl9j8mb.jpg,Inocybe,Inocybe,True,0.37573739886283875,0.0070333999992726,MobileNetV2,test,0.07021398842334747,0.016622809693217278,0.01088022068142891,0.04841896891593933,0.0012127052759751678,0.2948470413684845,0.0013452233979478478,0.37573739886283875,0.05774277448654175,0.1199430301785469,0.0030358140356838703
C:\Projects\TM470\data\processed\test\Inocybe\PETRA2017-9197483_rkgT7fMH-.jpg,Inocybe/PETRA2017-9197483_rkgT7fMH-.jpg,Inocybe,Inocybe,True,0.4102551341056824,0.0071107999992818,MobileNetV2,test,0.06708189100027084,0.019309036433696747,3.894855399266817e-05,0.22233343124389648,0.20290425419807434,3.5784963984042406e-05,0.06084948405623436,0.4102551341056824,0.005662254523485899,8.210552914533764e-05,0.011447730474174023
C:\Projects\TM470\data\processed\test\Inocybe\PL2011PIC79270766.jpg,Inocybe/PL2011PIC79270766.jpg,Inocybe,Boletus,False,0.34633561968803406,0.0069518999989668,MobileNetV2,test,0.07195182144641876,0.15423178672790527,0.34633561968803406,0.07509823888540268,0.0019038324244320393,0.02103927545249462,0.004278766456991434,0.06764817237854004,0.14036406576633453,0.08554735034704208,0.03160107880830765
C:\Projects\TM470\data\processed\test\Inocybe\PTP2016-9171214_SyeyOS_pq.jpg,Inocybe/PTP2016-9171214_SyeyOS_pq.jpg,Inocybe,Exidia,False,0.5131456255912781,0.007317999999941,MobileNetV2,test,0.12858740985393524,0.012663068249821663,0.0006340966792777181,0.01976255513727665,0.0004923790111206472,0.5131456255912781,0.0010309744393453002,0.26742982864379883,0.051782045513391495,0.0036691490095108747,0.0008028129814192653
C:\Projects\TM470\data\processed\test\Inocybe\RE2010PIC60585326.jpg,Inocybe/RE2010PIC60585326.jpg,Inocybe,Inocybe,True,0.25118786096572876,0.0072452000003977,MobileNetV2,test,0.05266309529542923,0.09716537594795227,0.12375067174434662,0.1745176911354065,0.008242685347795486,0.048736244440078735,0.05808267369866371,0.25118786096572876,0.07702933251857758,0.03040737472474575,0.07821693271398544
C:\Projects\TM470\data\processed\test\Inocybe\RE2012PIC39126061.jpg,Inocybe/RE2012PIC39126061.jpg,Inocybe,Lactarius,False,0.506067156791687,0.0074249999997846,MobileNetV2,test,0.008803270757198334,0.0043350947089493275,0.3333926498889923,0.05653361603617668,0.00349026289768517,0.0023314200807362795,0.0028878399170935154,0.04356372356414795,0.506067156791687,0.013018755242228508,0.02557620219886303
C:\Projects\TM470\data\processed\test\Inocybe\RE2012PIC69020667.jpg,Inocybe/RE2012PIC69020667.jpg,Inocybe,Russula,False,0.5053679943084717,0.0081092000000353,MobileNetV2,test,0.0014827059349045157,0.00621847715228796,0.41331592202186584,0.012709247879683971,3.494500560918823e-05,5.7448190204922867e-08,0.00031199806835502386,4.1519280784996226e-05,0.0523836575448513,0.5053679943084717,0.008133423514664173
C:\Projects\TM470\data\processed\test\Inocybe\SL2013PIC12810247.jpg,Inocybe/SL2013PIC12810247.jpg,Inocybe,Cortinarius,False,0.29189205169677734,0.0071643000010226,MobileNetV2,test,0.2184581607580185,0.20478452742099762,0.04120422899723053,0.29189205169677734,0.0013208205346018076,0.15556998550891876,0.0021898564882576466,0.02240164205431938,0.04735128581523895,0.012788107618689537,0.0020393901504576206
C:\Projects\TM470\data\processed\test\Inocybe\TAK2012PIC72845888.jpg,Inocybe/TAK2012PIC72845888.jpg,Inocybe,Agaricus,False,0.326132208108902,0.0071084000010159,MobileNetV2,test,0.326132208108902,0.14896532893180847,0.009614582173526287,0.1941535919904709,0.030751900747418404,0.0052312514744699,0.015292582102119923,0.08415266126394272,0.1424407809972763,0.033306241035461426,0.009958844631910324
C:\Projects\TM470\data\processed\test\Inocybe\TAK2013PIC38129211.jpg,Inocybe/TAK2013PIC38129211.jpg,Inocybe,Russula,False,0.8173159956932068,0.0071119999993243,MobileNetV2,test,0.005692271050065756,0.05160113424062729,0.0009801746346056461,0.08179838955402374,0.00026184681337326765,0.00021491697407327592,0.010369283147156239,0.014071714133024216,0.014282772317528725,0.8173159956932068,0.003411443205550313
C:\Projects\TM470\data\processed\test\Inocybe\TAK2014PIC74058257.jpg,Inocybe/TAK2014PIC74058257.jpg,Inocybe,Russula,False,0.48288050293922424,0.0070548999992752,MobileNetV2,test,0.031425949186086655,0.185116708278656,0.0036314884200692177,0.005555776879191399,0.0009654118912294507,2.310821582796052e-05,0.0009333519847132266,0.23918259143829346,0.04691441357135773,0.48288050293922424,0.0033707597758620977
C:\Projects\TM470\data\processed\test\Inocybe\TAK2015PIC12430189.jpg,Inocybe/TAK2015PIC12430189.jpg,Inocybe,Amanita,False,0.3274162709712982,0.006993599999987,MobileNetV2,test,0.109687939286232,0.3274162709712982,0.03327541798353195,0.040057893842458725,0.011445736512541771,0.12369094043970108,0.019392071291804314,0.0817929282784462,0.19255533814430237,0.0513848140835762,0.009300636127591133
C:\Projects\TM470\data\processed\test\Inocybe\TAK2017-9195726_SJBnA3Dm-.jpg,Inocybe/TAK2017-9195726_SJBnA3Dm-.jpg,Inocybe,Cortinarius,False,0.34926244616508484,0.0071631999999226,MobileNetV2,test,0.045028019696474075,0.01275971345603466,0.1294625997543335,0.34926244616508484,0.008534970693290234,0.004116741940379143,0.005180798005312681,0.19346824288368225,0.14861337840557098,0.033880650997161865,0.06969253718852997
C:\Projects\TM470\data\processed\test\Inocybe\TB2010PIC30549452.jpg,Inocybe/TB2010PIC30549452.jpg,Inocybe,Inocybe,True,0.26228439807891846,0.0071389999993698,MobileNetV2,test,0.06652066111564636,0.023006554692983627,0.00795066636055708,0.16079996526241302,0.0022197947837412357,0.24242949485778809,0.005745280534029007,0.26228439807891846,0.1264309585094452,0.09279318153858185,0.009819078259170055
C:\Projects\TM470\data\processed\test\Inocybe\TKH2011PIC29550858.jpg,Inocybe/TKH2011PIC29550858.jpg,Inocybe,Inocybe,True,0.2792547643184662,0.0072072999992087,MobileNetV2,test,0.06875666975975037,0.06785306334495544,0.03953171893954277,0.0954558327794075,0.015755752101540565,0.254655659198761,0.018485629931092262,0.2792547643184662,0.09598672389984131,0.037732671946287155,0.026531439274549484
C:\Projects\TM470\data\processed\test\Inocybe\TKH2012PIC24863747.jpg,Inocybe/TKH2012PIC24863747.jpg,Inocybe,Cortinarius,False,0.4517180323600769,0.0072886999987531,MobileNetV2,test,0.07355744391679764,0.1814194768667221,0.00311932060867548,0.4517180323600769,0.006000198423862457,0.0015064454637467861,0.007857569493353367,0.15486456453800201,0.021705035120248795,0.06894823908805847,0.029303738847374916
C:\Projects\TM470\data\processed\test\Inocybe\TKH2012PIC58539255.jpg,Inocybe/TKH2012PIC58539255.jpg,Inocybe,Amanita,False,0.5294877886772156,0.0075132999991183,MobileNetV2,test,0.015513946302235126,0.5294877886772156,0.2934083342552185,0.07344581186771393,0.0026024559047073126,4.3723270209738985e-05,0.009634575806558132,0.000668157241307199,0.04393135756254196,0.025055479258298874,0.006208320613950491
C:\Projects\TM470\data\processed\test\Inocybe\TKH2013PIC15346099.jpg,Inocybe/TKH2013PIC15346099.jpg,Inocybe,Boletus,False,0.4367750287055969,0.0070373999988078,MobileNetV2,test,0.05325018987059593,0.40700504183769226,0.4367750287055969,0.04900442808866501,0.0003872770757880062,0.0015896675176918507,0.00019951185095123947,0.02658272720873356,0.011457388289272785,0.010932463221251965,0.002816220512613654
C:\Projects\TM470\data\processed\test\Inocybe\TKH2013PIC24960254.jpg,Inocybe/TKH2013PIC24960254.jpg,Inocybe,Cortinarius,False,0.3841211497783661,0.0076845999992656,MobileNetV2,test,0.01040485966950655,0.05109666287899017,0.014677920378744602,0.3841211497783661,0.22076833248138428,0.0010439567267894745,0.16098535060882568,0.06501412391662598,0.05351168289780617,0.002695034258067608,0.03568100929260254
C:\Projects\TM470\data\processed\test\Inocybe\TKH2013PIC33707521.jpg,Inocybe/TKH2013PIC33707521.jpg,Inocybe,Cortinarius,False,0.33168360590934753,0.0072493000006943,MobileNetV2,test,0.002881841966882348,0.009205685928463936,8.480279211653396e-05,0.33168360590934753,0.07729717344045639,0.00013421877520158887,0.2525664269924164,0.3108407258987427,0.00445368280634284,0.0005186437629163265,0.010333193466067314
C:\Projects\TM470\data\processed\test\Inocybe\TKH2013PIC43429224.jpg,Inocybe/TKH2013PIC43429224.jpg,Inocybe,Russula,False,0.8758761286735535,0.0071090000001277,MobileNetV2,test,0.0029649853240698576,0.036206867545843124,0.002248318400233984,0.033807456493377686,0.002665169071406126,4.777475987793878e-05,0.004524038638919592,0.003017046954482794,0.03623427078127861,0.8758761286735535,0.002407873747870326
C:\Projects\TM470\data\processed\test\Inocybe\TKH2013PIC89377657.jpg,Inocybe/TKH2013PIC89377657.jpg,Inocybe,Inocybe,True,0.7375403046607971,0.0069325000004027,MobileNetV2,test,0.018162239342927933,0.15112842619419098,0.0008028344600461423,0.043743107467889786,0.01849985495209694,0.0030861820559948683,0.015933524817228317,0.7375403046607971,0.0056732394732534885,0.0007552612805739045,0.004675000905990601
C:\Projects\TM470\data\processed\test\Inocybe\TKH2014PIC28133692.jpg,Inocybe/TKH2014PIC28133692.jpg,Inocybe,Inocybe,True,0.39636537432670593,0.0074993000016547,MobileNetV2,test,0.056266315281391144,0.293390154838562,0.002718762494623661,0.09863787144422531,0.09728710353374481,0.004983759485185146,0.014143501408398151,0.39636537432670593,0.016282571479678154,0.013287982903420925,0.006636519450694323
C:\Projects\TM470\data\processed\test\Inocybe\TOB2016-9177959_r1E_IZN1e.jpg,Inocybe/TOB2016-9177959_r1E_IZN1e.jpg,Inocybe,Inocybe,True,0.39676931500434875,0.0071463999993284,MobileNetV2,test,0.056141603738069534,0.10151910036802292,0.024956852197647095,0.02096266858279705,0.01085763331502676,0.12381340563297272,0.005145865958184004,0.39676931500434875,0.06950823962688446,0.18140120804309845,0.008924183435738087
C:\Projects\TM470\data\processed\test\Inocybe\TOB2017-9194552_ryHFsS3MZ.jpg,Inocybe/TOB2017-9194552_ryHFsS3MZ.jpg,Inocybe,Amanita,False,0.30189794301986694,0.0071585999994567,MobileNetV2,test,0.152665913105011,0.30189794301986694,0.037236910313367844,0.24460943043231964,0.005507407709956169,0.0002632412069942802,0.0033383576665073633,0.16481035947799683,0.013481195084750652,0.04609900712966919,0.03009023703634739
C:\Projects\TM470\data\processed\test\Inocybe\TOB2017-9202157_SJH4BiA_P-.jpg,Inocybe/TOB2017-9202157_SJH4BiA_P-.jpg,Inocybe,Inocybe,True,0.22383584082126617,0.0080959000006259,MobileNetV2,test,0.08264738321304321,0.09637925028800964,0.055544640868902206,0.026991061866283417,0.005731064360588789,0.19470232725143433,0.016722848638892174,0.22383584082126617,0.14146292209625244,0.1470293253660202,0.008953390643000603
C:\Projects\TM470\data\processed\test\Inocybe\TOB2017-9202157_rkQEriRdDb.jpg,Inocybe/TOB2017-9202157_rkQEriRdDb.jpg,Inocybe,Lactarius,False,0.2518155574798584,0.0083508999996411,MobileNetV2,test,0.10695242136716843,0.052127011120319366,0.013139186426997185,0.03969055414199829,0.025987254455685616,0.24748919904232025,0.01015870738774538,0.15773425996303558,0.2518155574798584,0.08547859638929367,0.009427238255739212
C:\Projects\TM470\data\processed\test\Inocybe\TOB2017-9208818_BJI8SxBgcb.jpg,Inocybe/TOB2017-9208818_BJI8SxBgcb.jpg,Inocybe,Inocybe,True,0.4699971079826355,0.0071582000000489,MobileNetV2,test,0.03647950664162636,0.01979600265622139,0.03231751173734665,0.02189389243721962,0.0013276183744892478,0.2719436585903168,0.0016263637226074934,0.4699971079826355,0.06053416430950165,0.08063878864049911,0.003445445792749524
C:\Projects\TM470\data\processed\test\Inocybe\TOB2017-9208818_Hy9LSxSe5Z.jpg,Inocybe/TOB2017-9208818_Hy9LSxSe5Z.jpg,Inocybe,Russula,False,0.2634166181087494,0.0072978999996848,MobileNetV2,test,0.021258646622300148,0.0725225955247879,0.04520859196782112,0.06066850572824478,0.007128291297703981,0.07686029374599457,0.09561536461114883,0.20741701126098633,0.12719324231147766,0.2634166181087494,0.02271086722612381
C:\Projects\TM470\data\processed\test\Inocybe\TOB2017-9208818_rJG8reBe5Z.jpg,Inocybe/TOB2017-9208818_rJG8reBe5Z.jpg,Inocybe,Inocybe,True,0.334667831659317,0.0070873999993636,MobileNetV2,test,0.05376205965876579,0.03021833673119545,0.011771059595048428,0.026102157309651375,0.006841912399977446,0.16816192865371704,0.0035025388933718204,0.334667831659317,0.09239114820957184,0.26854443550109863,0.00403656205162406
C:\Projects\TM470\data\processed\test\Inocybe\TOB2017-9208818_rk8Serx5W.jpg,Inocybe/TOB2017-9208818_rk8Serx5W.jpg,Inocybe,Inocybe,True,0.31659218668937683,0.0078948999998829,MobileNetV2,test,0.03901412710547447,0.07678460329771042,0.028176020830869675,0.07019907981157303,0.006718548946082592,0.21069487929344177,0.012118435464799404,0.31659218668937683,0.07161608338356018,0.15678925812244415,0.011296765878796577
C:\Projects\TM470\data\processed\test\Inocybe\TS2010PIC72695117.jpg,Inocybe/TS2010PIC72695117.jpg,Inocybe,Agaricus,False,0.4465583860874176,0.0094325999998545,MobileNetV2,test,0.4465583860874176,0.021650006994605064,0.009948530234396458,0.4010789394378662,0.00030458642868325114,0.0016444383654743433,0.0001406359951943159,0.09536223858594894,0.007642470765858889,0.013463528826832771,0.002206152770668268
C:\Projects\TM470\data\processed\test\Inocybe\TS2011PIC26376558.jpg,Inocybe/TS2011PIC26376558.jpg,Inocybe,Exidia,False,0.5943973660469055,0.011187100000825,MobileNetV2,test,0.017594460397958755,0.19501826167106628,0.006087632849812508,0.03351324424147606,0.0017103222198784351,0.5943973660469055,0.0006754279602319002,0.1298789381980896,0.01606166735291481,0.00432492233812809,0.0007377794245257974
C:\Projects\TM470\data\processed\test\Inocybe\TS2011PIC53483517.jpg,Inocybe/TS2011PIC53483517.jpg,Inocybe,Boletus,False,0.6987835764884949,0.008334800000739,MobileNetV2,test,0.005180635489523411,0.057429246604442596,0.6987835764884949,0.027581175789237022,0.0007405894575640559,0.001197939389385283,0.0015756305074319243,0.0490524098277092,0.1036810353398323,0.03226269781589508,0.0225150678306818
C:\Projects\TM470\data\processed\test\Inocybe\TS2011PIC53751796.jpg,Inocybe/TS2011PIC53751796.jpg,Inocybe,Agaricus,False,0.7234729528427124,0.0073490999984642,MobileNetV2,test,0.7234729528427124,0.05384363979101181,0.012263678945600986,0.07912961393594742,0.0020628857892006636,4.3299365643179044e-05,0.0014281808398663998,0.025957301259040833,0.06441378593444824,0.027054177597165108,0.010330559685826302
C:\Projects\TM470\data\processed\test\Inocybe\TS2012PIC31340902.jpg,Inocybe/TS2012PIC31340902.jpg,Inocybe,Cortinarius,False,0.7322483062744141,0.0070639999994455,MobileNetV2,test,0.16590248048305511,0.05817725509405136,0.001519439392723143,0.7322483062744141,0.002088722074404359,0.0001499787176726386,0.0005147970514371991,0.035374127328395844,0.0019758660346269608,0.0001424747460987419,0.0019064684165641665
C:\Projects\TM470\data\processed\test\Inocybe\TS2012PIC71517695.jpg,Inocybe/TS2012PIC71517695.jpg,Inocybe,Cortinarius,False,0.4789990484714508,0.0071833000001788,MobileNetV2,test,0.1346002072095871,0.013501965440809727,6.417210443032673e-06,0.4789990484714508,0.02148181013762951,2.8868662411696278e-06,0.0005738567560911179,0.34853342175483704,0.00032963641569949687,7.845920481486246e-05,0.0018922931049019098
C:\Projects\TM470\data\processed\test\Inocybe\TS2012PIC76182348.jpg,Inocybe/TS2012PIC76182348.jpg,Inocybe,Cortinarius,False,0.5173208713531494,0.007143900000301,MobileNetV2,test,0.018496816977858543,0.0034976417664438486,6.796938123443397e-06,0.5173208713531494,0.004275639541447163,0.00022650360187981278,0.0028535679448395967,0.45119982957839966,0.0007228196482174098,0.0003536042058840394,0.0010458872420713305
C:\Projects\TM470\data\processed\test\Inocybe\TS2013PIC21993338.jpg,Inocybe/TS2013PIC21993338.jpg,Inocybe,Cortinarius,False,0.45975610613822937,0.0069476000007853,MobileNetV2,test,0.0064854491502046585,0.1052282378077507,0.0030654394067823887,0.45975610613822937,0.024507896974682808,0.0005275658331811428,0.024697862565517426,0.2762002944946289,0.044743411242961884,0.023526975885033607,0.03126073628664017
C:\Projects\TM470\data\processed\test\Inocybe\TS2013PIC26765211.jpg,Inocybe/TS2013PIC26765211.jpg,Inocybe,Lactarius,False,0.8767881393432617,0.0071069999994506,MobileNetV2,test,0.000452771462732926,0.012628908269107342,0.04026905819773674,0.0014088834868744016,0.0005096213426440954,1.7239271983271465e-06,0.012167775072157383,0.005674333311617374,0.8767881393432617,0.01928223855793476,0.03081653080880642
C:\Projects\TM470\data\processed\test\Inocybe\TS2015PIC48470465.jpg,Inocybe/TS2015PIC48470465.jpg,Inocybe,Lactarius,False,0.25758641958236694,0.007126700000299,MobileNetV2,test,0.02431848831474781,0.12446177005767822,0.023291058838367462,0.077518992125988,0.10849358886480331,0.004487946163862944,0.18145492672920227,0.14294174313545227,0.25758641958236694,0.01114197913557291,0.04430311173200607
C:\Projects\TM470\data\processed\test\Inocybe\TS2016-9180197_S1b2-Dmpye.jpg,Inocybe/TS2016-9180197_S1b2-Dmpye.jpg,Inocybe,Inocybe,True,0.3804955780506134,0.0085454999989451,MobileNetV2,test,0.05347374454140663,0.105048768222332,0.044738590717315674,0.061831917613744736,0.014085979200899601,0.12064573168754578,0.05952553451061249,0.3804955780506134,0.07366311550140381,0.06204845383763313,0.024442654103040695
C:\Projects\TM470\data\processed\test\Lactarius\0000_av7f-8yVUNY.jpg,Lactarius/0000_av7f-8yVUNY.jpg,Lactarius,Lactarius,True,0.3892613351345062,0.007849100000385,MobileNetV2,test,0.0008645500056445599,0.0026523806154727936,0.1072092056274414,0.12204578518867493,0.0015034786192700267,0.00048619930748827755,0.12710216641426086,0.025597894564270973,0.3892613351345062,0.02048771269619465,0.202789306640625
C:\Projects\TM470\data\processed\test\Lactarius\0004_gigZhorw0Eo.jpg,Lactarius/0004_gigZhorw0Eo.jpg,Lactarius,Cortinarius,False,0.5534116625785828,0.0074502999996184,MobileNetV2,test,0.04285801202058792,0.016352718695998192,0.0007131061283871531,0.5534116625785828,0.007391150575131178,3.649538120953366e-05,0.13199377059936523,0.14159752428531647,0.02141784317791462,0.005057679954916239,0.07917000353336334
C:\Projects\TM470\data\processed\test\Lactarius\0008_SSJpwPhX7Rs.jpg,Lactarius/0008_SSJpwPhX7Rs.jpg,Lactarius,Cortinarius,False,0.4382837116718292,0.0083348999996815,MobileNetV2,test,0.15759705007076263,0.06543736904859543,0.04414632171392441,0.4382837116718292,0.012780333869159222,1.4580107745132409e-05,0.007190604694187641,0.04674151912331581,0.03003690205514431,0.020372863858938217,0.1773987114429474
C:\Projects\TM470\data\processed\test\Lactarius\001_0eat5sScleY.jpg,Lactarius/001_0eat5sScleY.jpg,Lactarius,Russula,False,0.42255252599716187,0.0072233999999298,MobileNetV2,test,0.003750747535377741,0.13599082827568054,0.01702064275741577,0.001111040124669671,0.001545182429254055,8.888171578291804e-05,0.002297833561897278,0.0052491407841444016,0.4074823260307312,0.42255252599716187,0.0029108652379363775
C:\Projects\TM470\data\processed\test\Lactarius\0024_UzDaRx13wVs.jpg,Lactarius/0024_UzDaRx13wVs.jpg,Lactarius,Russula,False,0.6541588306427002,0.0072594000012031,MobileNetV2,test,0.002855949569493532,0.014544942416250706,0.005563436541706324,0.007286208216100931,0.0023687982466071844,6.939657032489777e-05,0.0011362729128450155,0.027530064806342125,0.2790980041027069,0.6541588306427002,0.005388142075389624
C:\Projects\TM470\data\processed\test\Lactarius\0026_autPTj6WXpU.jpg,Lactarius/0026_autPTj6WXpU.jpg,Lactarius,Russula,False,0.4733754098415375,0.007861000000048,MobileNetV2,test,0.0014748171670362353,0.005123421549797058,0.38716384768486023,0.0715772807598114,0.0008524482836946845,7.248332985909656e-05,0.00016167426656465977,0.0025498359464108944,0.05466247722506523,0.4733754098415375,0.0029862558003515005
C:\Projects\TM470\data\processed\test\Lactarius\0036_UjqjlkUecEk.jpg,Lactarius/0036_UjqjlkUecEk.jpg,Lactarius,Russula,False,0.9861949682235718,0.0081367999991925,MobileNetV2,test,6.419367082344252e-07,6.971569746383466e-06,0.00024497712729498744,0.004337182734161615,5.475204147842305e-07,6.259754381510163e-10,2.4892098736017942e-05,7.908088832664362e-07,0.008826694451272488,0.9861949682235718,0.00036235511652193964
C:\Projects\TM470\data\processed\test\Lactarius\0058_Ksaju-DFTOM.jpg,Lactarius/0058_Ksaju-DFTOM.jpg,Lactarius,Russula,False,0.8602144122123718,0.007131999998819,MobileNetV2,test,1.913901996886125e-06,0.00039464939618483186,1.8351491235080175e-05,0.002232737373560667,3.8312663264150615e-07,4.736782965863995e-09,0.05580601096153259,5.753619916504249e-06,0.07890431582927704,0.8602144122123718,0.0024214917793869972
C:\Projects\TM470\data\processed\test\Lactarius\0071_2YKUxBBp95A.jpg,Lactarius/0071_2YKUxBBp95A.jpg,Lactarius,Amanita,False,0.37646982073783875,0.0069105999991734,MobileNetV2,test,0.03295668587088585,0.37646982073783875,0.057030465453863144,0.028849352151155472,0.013034423813223839,0.0026312749832868576,0.003683159127831459,0.03279776871204376,0.1424710601568222,0.30675768852233887,0.003318296978250146
C:\Projects\TM470\data\processed\test\Lactarius\0078_67hlnzvWweg.jpg,Lactarius/0078_67hlnzvWweg.jpg,Lactarius,Boletus,False,0.7074470520019531,0.0071220999998331,MobileNetV2,test,0.007773395162075758,0.013970953412353992,0.7074470520019531,0.007063023280352354,0.0008581876754760742,1.250770992555772e-06,0.0006628395640291274,0.0019384917104616761,0.16483882069587708,0.04609636962413788,0.04934953153133392
C:\Projects\TM470\data\processed\test\Lactarius\0090_8gZ-MF4DF5c.jpg,Lactarius/0090_8gZ-MF4DF5c.jpg,Lactarius,Boletus,False,0.3999956548213959,0.0079178999985742,MobileNetV2,test,0.002712616929784417,0.028017759323120117,0.3999956548213959,0.05473039671778679,0.0007318462594412267,4.748801438836381e-05,0.010135062970221043,0.019467199221253395,0.19869865477085114,0.14743483066558838,0.13802847266197205
C:\Projects\TM470\data\processed\test\Lactarius\0091_GJfhcGAsQEs.jpg,Lactarius/0091_GJfhcGAsQEs.jpg,Lactarius,Lactarius,True,0.37207749485969543,0.0077526000004581,MobileNetV2,test,0.06197107583284378,0.17247706651687622,0.01634981296956539,0.023151494562625885,0.011627968400716782,0.012472433969378471,0.023810075595974922,0.07445479929447174,0.37207749485969543,0.21734629571437836,0.01426144689321518
C:\Projects\TM470\data\processed\test\Lactarius\0092_lAL2nLK6Yqc.jpg,Lactarius/0092_lAL2nLK6Yqc.jpg,Lactarius,Amanita,False,0.8747720122337341,0.0069669999993493,MobileNetV2,test,0.04788951575756073,0.8747720122337341,0.012326248921453953,0.0430595837533474,0.0030060855206102133,1.0700674465624616e-05,0.0023681465536355972,0.0009829933987930417,0.008583467453718185,0.004847471136599779,0.0021536950953304768
C:\Projects\TM470\data\processed\test\Lactarius\0096_YCFCQKyiPFI.jpg,Lactarius/0096_YCFCQKyiPFI.jpg,Lactarius,Lactarius,True,0.5900927186012268,0.0080334999984188,MobileNetV2,test,0.042074523866176605,0.03781857714056969,0.03944027051329613,0.05091617628931999,0.038663819432258606,0.00047697123955003917,0.07620728015899658,0.020785588771104813,0.5900927186012268,0.030673924833536148,0.07285010069608688
C:\Projects\TM470\data\processed\test\Lactarius\0100_VP4M5qp5Xuw.jpg,Lactarius/0100_VP4M5qp5Xuw.jpg,Lactarius,Russula,False,0.8626160621643066,0.0068845999994664,MobileNetV2,test,0.0019763184245675802,0.004754196386784315,0.003713806625455618,0.0009333344642072916,0.00015082415484357625,7.355220077442937e-08,0.00010570866288617253,0.00017536566883791238,0.1248726174235344,0.8626160621643066,0.0007016191957518458
C:\Projects\TM470\data\processed\test\Lactarius\0108_bkdZqadlJYM.jpg,Lactarius/0108_bkdZqadlJYM.jpg,Lactarius,Lactarius,True,0.22730688750743866,0.0070746000001236,MobileNetV2,test,0.03963841497898102,0.11627388000488281,0.13714417815208435,0.04349600151181221,0.07477208971977234,0.015306319110095501,0.06340954452753067,0.12682873010635376,0.22730688750743866,0.07978185266256332,0.0760420709848404
C:\Projects\TM470\data\processed\test\Lactarius\0117_LS-tLCqWBuQ.jpg,Lactarius/0117_LS-tLCqWBuQ.jpg,Lactarius,Russula,False,0.7000635266304016,0.0079974999989644,MobileNetV2,test,0.007262042257934809,0.06768058985471725,0.011275357566773891,0.006576193496584892,0.0009226181427948177,0.00021882001601625234,0.004358274396508932,0.03559087589383125,0.1595933437347412,0.7000635266304016,0.0064583406783640385
C:\Projects\TM470\data\processed\test\Lactarius\0125_WOyBnDf1Lbs.jpg,Lactarius/0125_WOyBnDf1Lbs.jpg,Lactarius,Cortinarius,False,0.386039674282074,0.0071900999992067,MobileNetV2,test,0.003838192904368043,0.0078023625537753105,0.0010066686663776636,0.386039674282074,0.0033985779155045748,8.282608177978545e-06,0.17221269011497498,0.02032608538866043,0.20395733416080475,0.0603819414973259,0.14102816581726074
C:\Projects\TM470\data\processed\test\Lactarius\0147_ZAySZ3Wkn8k.jpg,Lactarius/0147_ZAySZ3Wkn8k.jpg,Lactarius,Hygrocybe,False,0.9627059102058411,0.0070412999994005,MobileNetV2,test,5.564709226746345e-07,0.00018092301615979522,0.0006557540036737919,0.0013867419911548495,6.544198072333529e-07,3.126194414448946e-08,0.9627059102058411,3.071848141189548e-06,0.02506120875477791,0.0038619942497462034,0.0061431401409208775
C:\Projects\TM470\data\processed\test\Lactarius\0156_xCwDrPY72us.jpg,Lactarius/0156_xCwDrPY72us.jpg,Lactarius,Cortinarius,False,0.7984057664871216,0.0072010999992926,MobileNetV2,test,0.017727194353938103,0.003079809248447418,0.006564710289239883,0.7984057664871216,0.0011169355129823089,0.00011239005834795535,0.000605288427323103,0.09627053141593933,0.022982826456427574,0.009145155549049377,0.04398944973945618
C:\Projects\TM470\data\processed\test\Lactarius\0174_S-0siMhJtoc.jpg,Lactarius/0174_S-0siMhJtoc.jpg,Lactarius,Lactarius,True,0.7273931503295898,0.0080586999993101,MobileNetV2,test,0.010121666826307774,0.016506528481841087,0.015884002670645714,0.013473796658217907,0.0014251951361075044,5.61465640203096e-06,0.06304241716861725,0.0006310664466582239,0.7273931503295898,0.11585456132888794,0.0356619693338871
C:\Projects\TM470\data\processed\test\Lactarius\0180_j-oei6bAdy0.jpg,Lactarius/0180_j-oei6bAdy0.jpg,Lactarius,Russula,False,0.668771505355835,0.0071895000000949,MobileNetV2,test,0.04407196491956711,0.00782080739736557,0.0011499356478452682,0.0024491751100867987,0.0011924670543521643,5.165376569493674e-05,0.0009026150219142437,0.004428019747138023,0.26878926157951355,0.668771505355835,0.00037262888508848846
C:\Projects\TM470\data\processed\test\Lactarius\0184_wNzoTeCzC5o.jpg,Lactarius/0184_wNzoTeCzC5o.jpg,Lactarius,Lactarius,True,0.46262526512145996,0.0071009999992384,MobileNetV2,test,0.01100760418921709,0.025539638474583626,0.2942875623703003,0.015222965739667416,0.0041826809756457806,0.0004790564125869423,0.009915721602737904,0.0040638018399477005,0.46262526512145996,0.15087175369262695,0.021804021671414375
C:\Projects\TM470\data\processed\test\Lactarius\0188_QDGj1_inixA.jpg,Lactarius/0188_QDGj1_inixA.jpg,Lactarius,Inocybe,False,0.2613963782787323,0.0070966999992378,MobileNetV2,test,0.12047172337770462,0.09667165577411652,0.010845907963812351,0.08678838610649109,0.018559811636805534,0.17813196778297424,0.018742114305496216,0.2613963782787323,0.15309631824493408,0.03448044881224632,0.020815236493945122
C:\Projects\TM470\data\processed\test\Lactarius\0189_u2k3sXqag1M.jpg,Lactarius/0189_u2k3sXqag1M.jpg,Lactarius,Russula,False,0.6297775506973267,0.0071637000000919,MobileNetV2,test,0.003461783519014716,0.06492868810892105,0.006267212796956301,0.00011484778224257752,0.00010993186879204586,2.634992313232942e-07,0.002093737944960594,2.8948565159225836e-05,0.29253312945365906,0.6297775506973267,0.0006838849512860179
C:\Projects\TM470\data\processed\test\Lactarius\0192_st28pxbylcw.jpg,Lactarius/0192_st28pxbylcw.jpg,Lactarius,Agaricus,False,0.2353474348783493,0.0120680999989417,MobileNetV2,test,0.2353474348783493,0.16055406630039215,0.09709959477186203,0.14236684143543243,0.0024496237747371197,0.03565740957856178,0.014024754986166954,0.0839531198143959,0.09042312204837799,0.09787190705537796,0.04025216028094292
C:\Projects\TM470\data\processed\test\Lactarius\0202_gGw05EbUi_w.jpg,Lactarius/0202_gGw05EbUi_w.jpg,Lactarius,Russula,False,0.48421716690063477,0.0086379000003944,MobileNetV2,test,0.02527751587331295,0.03202158957719803,0.017546869814395905,0.26248931884765625,0.01230626180768013,0.00010692598880268633,0.0007065014215186238,0.0009211221477016807,0.15969373285770416,0.48421716690063477,0.004713067319244146
C:\Projects\TM470\data\processed\test\Lactarius\0204_PNAIMfY3CWk.jpg,Lactarius/0204_PNAIMfY3CWk.jpg,Lactarius,Amanita,False,0.4958939850330353,0.0074819000001298,MobileNetV2,test,0.009014305658638477,0.4958939850330353,0.39442822337150574,0.010564975440502167,0.001605819445103407,0.002372755203396082,0.0010359814623370767,0.0048400042578577995,0.048179835081100464,0.03021724708378315,0.0018468409543856978
C:\Projects\TM470\data\processed\test\Lactarius\020_AhURHwS9I_c.jpg,Lactarius/020_AhURHwS9I_c.jpg,Lactarius,Cortinarius,False,0.5856561660766602,0.0080187999992631,MobileNetV2,test,0.0002627581125125289,0.001875180285423994,0.0007182226399891078,0.5856561660766602,0.01147384475916624,2.989037056977395e-05,0.2904433310031891,0.002899501472711563,0.08024728298187256,0.0064886873587965965,0.019905168563127518
C:\Projects\TM470\data\processed\test\Lactarius\0211_a-wtZr6fOMw.jpg,Lactarius/0211_a-wtZr6fOMw.jpg,Lactarius,Boletus,False,0.4240359961986542,0.0080422000010003,MobileNetV2,test,0.0010291433427482843,0.0005893208435736597,0.4240359961986542,0.03538593649864197,0.00032072202884592116,9.76121938833785e-08,0.001778090256266296,0.0013314099051058292,0.1439499706029892,0.011408578604459763,0.3801707625389099
C:\Projects\TM470\data\processed\test\Lactarius\0212_6r0AFhCvTk4.jpg,Lactarius/0212_6r0AFhCvTk4.jpg,Lactarius,Lactarius,True,0.9235313534736633,0.0091793999999936,MobileNetV2,test,0.011749313212931156,0.005476680118590593,0.0034848437644541264,0.016398122534155846,0.003941046539694071,0.003797118552029133,0.005467448849231005,0.005889696069061756,0.9235313534736633,0.017910892143845558,0.0023535285145044327
C:\Projects\TM470\data\processed\test\Lactarius\0222_JO5jLmkfAw0.jpg,Lactarius/0222_JO5jLmkfAw0.jpg,Lactarius,Lactarius,True,0.8569161891937256,0.0082297000008111,MobileNetV2,test,0.0028256154619157314,0.0025308127515017986,0.03141988441348076,0.007037662900984287,0.00042480925912968814,1.1524018646014156e-06,0.005591163877397776,0.0008246294455602765,0.8569161891937256,0.057353876531124115,0.035074129700660706
C:\Projects\TM470\data\processed\test\Lactarius\0224_XrApvIigcOQ.jpg,Lactarius/0224_XrApvIigcOQ.jpg,Lactarius,Lactarius,True,0.4337697923183441,0.0080526999990979,MobileNetV2,test,0.02889225259423256,0.0035618881229311228,0.014582965523004532,0.1963704377412796,0.004408990498632193,0.00046161096543073654,0.0010284999152645469,0.04316958785057068,0.4337697923183441,0.2600204646587372,0.01373347733169794
C:\Projects\TM470\data\processed\test\Lactarius\0228_HknGOROG6Cs.jpg,Lactarius/0228_HknGOROG6Cs.jpg,Lactarius,Boletus,False,0.47370174527168274,0.0078792000003886,MobileNetV2,test,0.023837285116314888,0.03990020602941513,0.47370174527168274,0.1442677527666092,0.0004345335182733834,0.002467201091349125,0.0005525161395780742,0.012462498620152473,0.07096492499113083,0.2270829826593399,0.004328328650444746
C:\Projects\TM470\data\processed\test\Lactarius\0233_YNlSVzp0Kjo.jpg,Lactarius/0233_YNlSVzp0Kjo.jpg,Lactarius,Lactarius,True,0.6850096583366394,0.0073852999994414,MobileNetV2,test,0.005336481146514416,0.0035770598333328962,0.016854092478752136,0.01125262025743723,0.00037035721470601857,2.901889729400864e-06,0.0023156378883868456,0.006004792638123035,0.6850096583366394,0.2590498626232147,0.010226568207144737
C:\Projects\TM470\data\processed\test\Lactarius\0237_zZdLcl0mkD0.jpg,Lactarius/0237_zZdLcl0mkD0.jpg,Lactarius,Entoloma,False,0.2310929149389267,0.0079833999989205,MobileNetV2,test,0.010252456180751324,0.09596774727106094,0.03862539678812027,0.017842011526226997,0.2310929149389267,0.15873530507087708,0.00675936508923769,0.02408917248249054,0.19950386881828308,0.2160661369562149,0.0010655682999640703
C:\Projects\TM470\data\processed\test\Lactarius\0242_zOYn0DVnISo.jpg,Lactarius/0242_zOYn0DVnISo.jpg,Lactarius,Boletus,False,0.4476717710494995,0.0074733000001288,MobileNetV2,test,0.00816944520920515,0.011150771751999855,0.4476717710494995,0.016454899683594704,0.007343282923102379,0.0008202996104955673,0.00499413488432765,0.025505270808935165,0.4152868390083313,0.028554687276482582,0.03404858708381653
C:\Projects\TM470\data\processed\test\Lactarius\0251_wz4ikkhjBU8.jpg,Lactarius/0251_wz4ikkhjBU8.jpg,Lactarius,Lactarius,True,0.29281163215637207,0.0074705999995785,MobileNetV2,test,0.00023642348241992295,0.01055272575467825,0.1706564724445343,0.04792732000350952,0.0002832141472026706,6.212998869159492e-06,0.09868215024471283,0.00200933706946671,0.29281163215637207,0.2891051769256592,0.0877293199300766
C:\Projects\TM470\data\processed\test\Lactarius\0256_AfKj-CzsmLI.jpg,Lactarius/0256_AfKj-CzsmLI.jpg,Lactarius,Cortinarius,False,0.31383946537971497,0.0068360000004759,MobileNetV2,test,0.0018594583962112665,0.0030760960653424263,0.0361795499920845,0.31383946537971497,0.012937590479850769,0.0008680723840370774,0.18656715750694275,0.05351048707962036,0.25824761390686035,0.0052229235880076885,0.1276915967464447
C:\Projects\TM470\data\processed\test\Lactarius\025_8bHMwyrm1xE.jpg,Lactarius/025_8bHMwyrm1xE.jpg,Lactarius,Hygrocybe,False,0.7217366099357605,0.0070286999998643,MobileNetV2,test,9.034827962750569e-05,0.0011315038427710533,0.0023895115591585636,0.08443561941385269,0.0005439654341898859,1.5971230595823727e-06,0.7217366099357605,0.0009213371085934341,0.09810474514961243,0.0017820611828938127,0.08886278420686722
C:\Projects\TM470\data\processed\test\Lactarius\0261_pUdRYRMfy7c.jpg,Lactarius/0261_pUdRYRMfy7c.jpg,Lactarius,Lactarius,True,0.43806344270706177,0.0070653000002494,MobileNetV2,test,0.002489973558112979,0.022400446236133575,0.060036640614271164,0.26499536633491516,0.011164231225848198,5.522614446817897e-05,0.015088330954313278,0.012714949436485767,0.43806344270706177,0.08224210143089294,0.09074927866458893
C:\Projects\TM470\data\processed\test\Lactarius\0264_9xkZs2wAZRQ.jpg,Lactarius/0264_9xkZs2wAZRQ.jpg,Lactarius,Amanita,False,0.44482550024986267,0.0072407999996357,MobileNetV2,test,0.11658860743045807,0.44482550024986267,0.01618790253996849,0.02225393056869507,0.004375952761620283,0.11347668617963791,0.009362535551190376,0.1190018504858017,0.12412022054195404,0.022935986518859863,0.006870875135064125
C:\Projects\TM470\data\processed\test\Lactarius\0270_1nWaT7nSeDE.jpg,Lactarius/0270_1nWaT7nSeDE.jpg,Lactarius,Lactarius,True,0.6618121266365051,0.007152500000302,MobileNetV2,test,0.0020042406395077705,0.0008886374998837709,0.010268965736031532,0.14333206415176392,0.004498245194554329,0.00025950916460715234,0.006152492947876453,0.021369444206357002,0.6618121266365051,0.10639720410108566,0.043017078191041946
C:\Projects\TM470\data\processed\test\Lactarius\0271_kYpV1APLO9s.jpg,Lactarius/0271_kYpV1APLO9s.jpg,Lactarius,Inocybe,False,0.3009917140007019,0.0072939999990921,MobileNetV2,test,0.04775600507855415,0.07440020143985748,0.2673037648200989,0.027840156108140945,0.0033907198812812567,0.027717936784029007,0.005960940849035978,0.3009917140007019,0.11420966684818268,0.09128529578447342,0.03914355859160423
C:\Projects\TM470\data\processed\test\Lactarius\0275_akjCXeShyUw.jpg,Lactarius/0275_akjCXeShyUw.jpg,Lactarius,Lactarius,True,0.6197822690010071,0.0099463000005926,MobileNetV2,test,0.00040124598308466375,0.00022643465490546077,0.014823527075350285,0.14948196709156036,0.0007680631242692471,1.0671450354493572e-06,0.0059485421516001225,0.0015702414093539119,0.6197822690010071,0.1282365918159485,0.07875999808311462
C:\Projects\TM470\data\processed\test\Lactarius\0290_KNGFGvBuZbU.jpg,Lactarius/0290_KNGFGvBuZbU.jpg,Lactarius,Russula,False,0.9579441547393799,0.007014099999651,MobileNetV2,test,0.0007141309324651957,0.0038625348825007677,7.763380563119426e-05,0.01436694897711277,4.354438351583667e-05,8.065096608333988e-07,0.0010576583445072174,0.0003374810330569744,0.019898664206266403,0.9579441547393799,0.0016964329406619072
C:\Projects\TM470\data\processed\test\Lactarius\0307_MA7GubKH4ZM.jpg,Lactarius/0307_MA7GubKH4ZM.jpg,Lactarius,Lactarius,True,0.766137957572937,0.0077306000002863,MobileNetV2,test,0.014064564369618893,0.001805460429750383,0.012417466379702091,0.12174054235219955,0.008052959106862545,0.0005627060891129076,0.006564744282513857,0.015813592821359634,0.766137957572937,0.02923114411532879,0.023608772084116936
C:\Projects\TM470\data\processed\test\Lactarius\0313_CWX_V7CeQM4.jpg,Lactarius/0313_CWX_V7CeQM4.jpg,Lactarius,Amanita,False,0.5073248744010925,0.0072718000010354,MobileNetV2,test,0.01661010831594467,0.5073248744010925,0.018986202776432037,0.010769444517791271,0.005514003802090883,0.009804636240005493,0.016005387529730797,0.014122656546533108,0.17015689611434937,0.22487761080265045,0.00582823297008872
C:\Projects\TM470\data\processed\test\Lactarius\0322_2UpHsEF5Mzs.jpg,Lactarius/0322_2UpHsEF5Mzs.jpg,Lactarius,Lactarius,True,0.568163275718689,0.0072220000001834,MobileNetV2,test,0.006659118924289942,0.006732893642038107,0.0009198918705806136,0.007972415536642075,0.0011032397160306573,2.7968906124442583e-06,0.008282315917313099,0.0013889196561649442,0.568163275718689,0.3862251937389374,0.01254994422197342
C:\Projects\TM470\data\processed\test\Lactarius\0325_lAq1Din489Y.jpg,Lactarius/0325_lAq1Din489Y.jpg,Lactarius,Lactarius,True,0.5590640306472778,0.0072285999995074,MobileNetV2,test,0.04475761577486992,0.2526760697364807,0.07187598943710327,0.002482958137989044,0.011140577495098114,0.0018247350817546248,0.008727943524718285,0.0023807974066585302,0.5590640306472778,0.04350603371858597,0.0015632655704393983
C:\Projects\TM470\data\processed\test\Lactarius\0328_8IPggG6t9VY.jpg,Lactarius/0328_8IPggG6t9VY.jpg,Lactarius,Lactarius,True,0.5660308003425598,0.0070311999988916,MobileNetV2,test,0.0438007153570652,0.02885095775127411,0.06779899448156357,0.011694805696606636,0.001954177161678672,2.2619624360231683e-06,0.0025779276620596647,0.0027886887546628714,0.5660308003425598,0.26187658309936523,0.012624110095202923
C:\Projects\TM470\data\processed\test\Lactarius\0335_dVTfQmjMltw.jpg,Lactarius/0335_dVTfQmjMltw.jpg,Lactarius,Lactarius,True,0.8141649961471558,0.0072533000002295,MobileNetV2,test,0.05205730348825455,0.01672753132879734,0.004657026380300522,0.00280060525983572,0.0003669442085083574,6.605410476367979e-07,0.0049214414320886135,0.0007496998878195882,0.8141649961471558,0.0995822474360466,0.0039716255851089954
C:\Projects\TM470\data\processed\test\Lactarius\0340_0gzvFhGVf5M.jpg,Lactarius/0340_0gzvFhGVf5M.jpg,Lactarius,Boletus,False,0.5107367634773254,0.0071437000005971,MobileNetV2,test,0.025889167562127113,0.24821558594703674,0.5107367634773254,0.01369100995361805,0.005570270121097565,0.0005988336633890867,0.005832529626786709,0.0038594016805291176,0.0807439312338829,0.09878327697515488,0.00607917970046401
C:\Projects\TM470\data\processed\test\Lactarius\0348_OWdZuiQh9xc.jpg,Lactarius/0348_OWdZuiQh9xc.jpg,Lactarius,Cortinarius,False,0.640671968460083,0.0073898000009648,MobileNetV2,test,0.005913222208619118,0.017173027619719505,0.07424570620059967,0.640671968460083,0.01606835052371025,0.0015361557016149163,0.06019400432705879,0.03643644228577614,0.03344428166747093,0.020366910845041275,0.09394995868206024
C:\Projects\TM470\data\processed\test\Lactarius\0356_gTCmsPnWyO4.jpg,Lactarius/0356_gTCmsPnWyO4.jpg,Lactarius,Boletus,False,0.7947110533714294,0.0071112999994511,MobileNetV2,test,0.001006457139737904,0.01144213043153286,0.7947110533714294,0.06457191705703735,0.003914404194802046,0.00015592914132867008,0.014638933353126049,0.02390550635755062,0.03428672254085541,0.004618559032678604,0.04674842208623886
C:\Projects\TM470\data\processed\test\Lactarius\0360_Bfw8PtjOZoI.jpg,Lactarius/0360_Bfw8PtjOZoI.jpg,Lactarius,Lactarius,True,0.452953577041626,0.0072454000001016,MobileNetV2,test,0.0001829405955504626,0.005267511121928692,0.003385908668860793,0.04059535637497902,0.000434498128015548,6.578732609341387e-06,0.11197027564048767,0.0006604755762964487,0.452953577041626,0.3632306158542633,0.021312227472662926
C:\Projects\TM470\data\processed\test\Lactarius\036_Tku_ku-u_WQ.jpg,Lactarius/036_Tku_ku-u_WQ.jpg,Lactarius,Lactarius,True,0.9547986388206482,0.0072819999986677,MobileNetV2,test,1.5487501514144242e-05,8.126238390104845e-05,0.00010093592572957277,0.003918268717825413,7.986532000359148e-05,4.102335182665229e-08,0.010570336133241653,0.00012656205217354,0.9547986388206482,0.022505704313516617,0.007802885491400957
C:\Projects\TM470\data\processed\test\Lactarius\0375_E_5sHNAa0DU.jpg,Lactarius/0375_E_5sHNAa0DU.jpg,Lactarius,Exidia,False,0.3292542099952698,0.0104035000003932,MobileNetV2,test,0.08559515327215195,0.18585138022899628,0.021690143272280693,0.10243571549654007,0.018397292122244835,0.3292542099952698,0.024166224524378777,0.12455727159976959,0.06263458728790283,0.026873763650655746,0.018544314429163933
C:\Projects\TM470\data\processed\test\Lactarius\0385_zeoDavzC8Ec.jpg,Lactarius/0385_zeoDavzC8Ec.jpg,Lactarius,Boletus,False,0.9988349080085754,0.0095880000008037,MobileNetV2,test,1.3299101738084573e-05,0.000354081392288208,0.9988349080085754,2.672822847671341e-05,1.0227657298855775e-07,5.7788742680031646e-08,1.0616637155180797e-05,6.88405043547391e-06,0.0004401042824611068,0.00010341247980250046,0.00020984740694984794
C:\Projects\TM470\data\processed\test\Lactarius\0405_XQ5FsiWx3Sc.jpg,Lactarius/0405_XQ5FsiWx3Sc.jpg,Lactarius,Russula,False,0.8413859009742737,0.0090254000006098,MobileNetV2,test,0.00020208623027428985,0.0017422068631276488,0.00010397686128271744,0.06391168385744095,1.8719327272265218e-05,1.0840974340453613e-07,0.023866642266511917,0.00046192138688638806,0.0533086396753788,0.8413859009742737,0.014998129568994045
C:\Projects\TM470\data\processed\test\Lactarius\0422_5SNHMw4kUg4.jpg,Lactarius/0422_5SNHMw4kUg4.jpg,Lactarius,Cortinarius,False,0.6070232391357422,0.0090849000007438,MobileNetV2,test,0.011055066250264645,0.018955307081341743,0.00927808415144682,0.6070232391357422,0.008504362776875496,0.0006737225339747965,0.013119569048285484,0.09705858677625656,0.13852530717849731,0.05496574193239212,0.040841083973646164
C:\Projects\TM470\data\processed\test\Lactarius\0436_3AJoqSsMCPY.jpg,Lactarius/0436_3AJoqSsMCPY.jpg,Lactarius,Russula,False,0.3987378478050232,0.0084399000006669,MobileNetV2,test,0.0024556531570851803,0.002351907081902027,0.04961532726883888,0.34311172366142273,0.0005840298836119473,5.2188741392455995e-05,0.0021125883795320988,0.015212696976959705,0.1337367743253708,0.3987378478050232,0.05202927812933922
C:\Projects\TM470\data\processed\test\Lactarius\0438_7Qg0kxIGbd4.jpg,Lactarius/0438_7Qg0kxIGbd4.jpg,Lactarius,Lactarius,True,0.8013873100280762,0.0079846999997243,MobileNetV2,test,0.00038504094118252397,0.0009559948812238872,0.00039501619176007807,0.05273937061429024,0.003197944490239024,1.5457294466614258e-06,0.07293066382408142,0.003996626473963261,0.8013873100280762,0.01957557164132595,0.04443491995334625
C:\Projects\TM470\data\processed\test\Lactarius\043_JIiImC3i_NQ.jpg,Lactarius/043_JIiImC3i_NQ.jpg,Lactarius,Boletus,False,0.7154226899147034,0.0077510999999503,MobileNetV2,test,0.00061218993505463,0.0008819369832053781,0.7154226899147034,0.09108532220125198,0.0013408598024398088,4.685479507315904e-05,0.0025159423239529133,0.010646701790392399,0.08808759599924088,0.00818183459341526,0.08117812871932983
C:\Projects\TM470\data\processed\test\Lactarius\0462_t7WHbpJLnZA.jpg,Lactarius/0462_t7WHbpJLnZA.jpg,Lactarius,Lactarius,True,0.2878187596797943,0.0088133000008383,MobileNetV2,test,0.1439773291349411,0.11319279670715332,0.08589871227741241,0.03919030353426933,0.015567862428724766,0.012202003039419651,0.03606375679373741,0.015646353363990784,0.2878187596797943,0.2245938777923584,0.02584822289645672
C:\Projects\TM470\data\processed\test\Lactarius\0473_FeKBXttVCwg.jpg,Lactarius/0473_FeKBXttVCwg.jpg,Lactarius,Russula,False,0.459817498922348,0.0072146999991673,MobileNetV2,test,0.014688811264932156,0.0495653972029686,0.32486212253570557,0.012212568894028664,1.9951199647039175e-05,1.4393151559488615e-06,0.0011403171811252832,0.00024869933258742094,0.11420539021492004,0.459817498922348,0.023237839341163635
C:\Projects\TM470\data\processed\test\Lactarius\0488_l_gNg2GDLEk.jpg,Lactarius/0488_l_gNg2GDLEk.jpg,Lactarius,Amanita,False,0.7533769011497498,0.0071276999988185,MobileNetV2,test,0.011418099515140057,0.7533769011497498,0.029552843421697617,0.008051876910030842,0.010277059860527515,0.0003170945565216243,0.027203567326068878,0.0023675081320106983,0.0912468284368515,0.06316810101270676,0.0030201664194464684
C:\Projects\TM470\data\processed\test\Lactarius\0489_6GuHfi0wmko.jpg,Lactarius/0489_6GuHfi0wmko.jpg,Lactarius,Cortinarius,False,0.24544137716293335,0.0072094999995897,MobileNetV2,test,0.1370772272348404,0.09054391831159592,0.06885150820016861,0.24544137716293335,0.03331012278795242,0.053858738392591476,0.014177319593727589,0.20416565239429474,0.11409709602594376,0.0217901561409235,0.01668689213693142
C:\Projects\TM470\data\processed\test\Lactarius\0499_MWZEqXbgfwc.jpg,Lactarius/0499_MWZEqXbgfwc.jpg,Lactarius,Lactarius,True,0.6941506862640381,0.0071828000000095,MobileNetV2,test,0.00017085250874515623,0.00036058021942153573,3.48140238202177e-05,0.10845080018043518,8.205358608392999e-05,6.654480699808119e-08,0.10066738724708557,0.0004345690249465406,0.6941506862640381,0.0749814435839653,0.02066672220826149
C:\Projects\TM470\data\processed\test\Lactarius\0512_Sot3apiP2eQ.jpg,Lactarius/0512_Sot3apiP2eQ.jpg,Lactarius,Amanita,False,0.48482000827789307,0.0080803000000742,MobileNetV2,test,0.02588125504553318,0.48482000827789307,0.07809757441282272,0.00222432310692966,0.004983029793947935,0.001227850909344852,0.0036829046439379454,0.05650825798511505,0.1193818747997284,0.2199040651321411,0.003288786858320236
C:\Projects\TM470\data\processed\test\Lactarius\0526_O8CTOvfgWXg.jpg,Lactarius/0526_O8CTOvfgWXg.jpg,Lactarius,Exidia,False,0.27019813656806946,0.0070623000010527,MobileNetV2,test,0.09572510421276093,0.128962904214859,0.04095650464296341,0.2130073755979538,0.023936094716191292,0.27019813656806946,0.010581253096461296,0.1058235839009285,0.0881877914071083,0.01301196776330471,0.009609262458980083
C:\Projects\TM470\data\processed\test\Lactarius\0532_7BfGW7kGfzM.jpg,Lactarius/0532_7BfGW7kGfzM.jpg,Lactarius,Boletus,False,0.7769942879676819,0.0074855000002571,MobileNetV2,test,0.008268899284303188,0.011631517671048641,0.7769942879676819,0.017963003367185593,0.0003759984683711082,4.415695002535358e-06,0.0011573547963052988,0.0006154610309749842,0.15398812294006348,0.010676072910428047,0.018324879929423332
C:\Projects\TM470\data\processed\test\Lactarius\0537_q78Py0hHqVc.jpg,Lactarius/0537_q78Py0hHqVc.jpg,Lactarius,Cortinarius,False,0.5487934947013855,0.0080628000014257,MobileNetV2,test,0.0010990176815539598,0.0022202376276254654,0.02454768307507038,0.5487934947013855,0.0025133839808404446,3.8556418076041155e-06,0.034512463957071304,0.005742852110415697,0.16058951616287231,0.014210084453225136,0.2057674080133438
C:\Projects\TM470\data\processed\test\Lactarius\0545_ewwuwHvRvLc.jpg,Lactarius/0545_ewwuwHvRvLc.jpg,Lactarius,Boletus,False,0.3796325623989105,0.0079642000000603,MobileNetV2,test,0.0026912996545434,0.005315323360264301,0.3796325623989105,0.032472047954797745,0.007374540437012911,3.524614294292405e-05,0.007815401069819927,0.05580931901931763,0.2184189260005951,0.0156660545617342,0.27476924657821655
C:\Projects\TM470\data\processed\test\Lactarius\056_9JgBES16B_4.jpg,Lactarius/056_9JgBES16B_4.jpg,Lactarius,Lactarius,True,0.5888564586639404,0.0079706999986228,MobileNetV2,test,2.9239992727525532e-05,1.58635539264651e-05,0.004358429461717606,0.18955650925636292,3.695280247484334e-05,1.7906335969541942e-08,0.0023250177036970854,0.00032986977021209896,0.5888564586639404,0.03846529871225357,0.1760263293981552
C:\Projects\TM470\data\processed\test\Lactarius\0571_3sjlFMXpK_0.jpg,Lactarius/0571_3sjlFMXpK_0.jpg,Lactarius,Amanita,False,0.5079288482666016,0.007515000001149,MobileNetV2,test,0.00636953953653574,0.5079288482666016,0.02737739309668541,0.0042909481562674046,0.0052523547783494,0.00011698845628416166,0.05036404728889465,0.0009989748941734433,0.32222864031791687,0.06957412511110306,0.005498130340129137
C:\Projects\TM470\data\processed\test\Lactarius\0576_5wNWaAeW6vo.jpg,Lactarius/0576_5wNWaAeW6vo.jpg,Lactarius,Lactarius,True,0.41890451312065125,0.0080119999984162,MobileNetV2,test,0.001809838111512363,0.008472677320241928,0.14648205041885376,0.015655456110835075,0.008043000474572182,8.826585690258071e-05,0.004720441531389952,0.0027878028340637684,0.41890451312065125,0.3823763132095337,0.010659721679985523
C:\Projects\TM470\data\processed\test\Lactarius\0596_ROVmIKr9KjA.jpg,Lactarius/0596_ROVmIKr9KjA.jpg,Lactarius,Exidia,False,0.370986670255661,0.0077101000006223,MobileNetV2,test,0.010696985758841038,0.08045187592506409,0.06280642747879028,0.03894361853599548,0.034835997968912125,0.370986670255661,0.012172388844192028,0.2416854202747345,0.1129138320684433,0.019424745813012123,0.015082046389579773
C:\Projects\TM470\data\processed\test\Lactarius\0612_qfZxbbQUJ2o.jpg,Lactarius/0612_qfZxbbQUJ2o.jpg,Lactarius,Cortinarius,False,0.6108835935592651,0.0078073000004224,MobileNetV2,test,0.1959061473608017,0.09527236223220825,0.006174640730023384,0.6108835935592651,0.013524215668439865,9.501637578068767e-06,0.000983711681328714,0.011719380505383015,0.019192207604646683,0.03404289484024048,0.012291308492422104
C:\Projects\TM470\data\processed\test\Lactarius\0615_R0G-yDrCQ6U.jpg,Lactarius/0615_R0G-yDrCQ6U.jpg,Lactarius,Cortinarius,False,0.6832448840141296,0.0074173000011796,MobileNetV2,test,0.01381834875792265,0.04587457701563835,0.0050269002094864845,0.6832448840141296,0.004836488049477339,5.792728188680485e-06,0.0006228860002011061,0.0021909074857831,0.0065191760659217834,0.22847966849803925,0.009380418807268143
C:\Projects\TM470\data\processed\test\Lactarius\061_KShq81HACXk.jpg,Lactarius/061_KShq81HACXk.jpg,Lactarius,Lactarius,True,0.8018672466278076,0.0070837000002939,MobileNetV2,test,0.0002304116205777973,0.0012113908305764198,0.018043313175439835,0.015871742740273476,0.0004476626927498728,3.326235855638515e-07,0.014161032624542713,0.001041577197611332,0.8018672466278076,0.05984236299991608,0.08728300780057907
C:\Projects\TM470\data\processed\test\Lactarius\0628_7XDugUX8ezg.jpg,Lactarius/0628_7XDugUX8ezg.jpg,Lactarius,Lactarius,True,0.3881600797176361,0.0071791999998822,MobileNetV2,test,0.07856964319944382,0.1295788586139679,0.013803732581436634,0.03628811985254288,0.15224725008010864,0.016859574243426323,0.028336992487311363,0.031065037474036217,0.3881600797176361,0.11695512384176254,0.008135652169585228
C:\Projects\TM470\data\processed\test\Lactarius\0630_3idJVXnrBF4.jpg,Lactarius/0630_3idJVXnrBF4.jpg,Lactarius,Amanita,False,0.3042319416999817,0.0074260000001231,MobileNetV2,test,0.024294406175613403,0.3042319416999817,0.15983551740646362,0.057246413081884384,0.02030940353870392,0.006868571508675814,0.00851370207965374,0.10101191699504852,0.07226910442113876,0.23723351955413818,0.008185455575585365
C:\Projects\TM470\data\processed\test\Lactarius\0645_Z6spVFbiuEY.jpg,Lactarius/0645_Z6spVFbiuEY.jpg,Lactarius,Amanita,False,0.41087180376052856,0.0068796000014117,MobileNetV2,test,0.09546452015638351,0.41087180376052856,0.004977170377969742,0.3829638659954071,0.005946954246610403,5.304861133481609e-06,0.008459805510938168,0.003311963053420186,0.028886327520012856,0.036813851445913315,0.022298447787761688
C:\Projects\TM470\data\processed\test\Lactarius\0649_uwl8etw5T-s.jpg,Lactarius/0649_uwl8etw5T-s.jpg,Lactarius,Lactarius,True,0.5236143469810486,0.0071480000005976,MobileNetV2,test,0.08237681537866592,0.05003022775053978,0.008834167383611202,0.00596302654594183,0.0023224500473588705,0.0008055541547946632,0.004526252392679453,0.019623897969722748,0.5236143469810486,0.298219233751297,0.0036840164102613926
C:\Projects\TM470\data\processed\test\Lactarius\0651_vzBdVntLr8c.jpg,Lactarius/0651_vzBdVntLr8c.jpg,Lactarius,Lactarius,True,0.4001547396183014,0.0073891000010917,MobileNetV2,test,0.02760586515069008,0.050063371658325195,0.37474557757377625,0.015901440754532814,0.009061713702976704,0.0010532090673223138,0.002312958939000964,0.020953916013240814,0.4001547396183014,0.09147050231695175,0.006676672026515007
C:\Projects\TM470\data\processed\test\Lactarius\0664_vTIkNBMlgC0.jpg,Lactarius/0664_vTIkNBMlgC0.jpg,Lactarius,Inocybe,False,0.2862374186515808,0.0068772000013268,MobileNetV2,test,0.017307855188846588,0.010590001940727234,0.2289341688156128,0.2226027101278305,0.0011965105077251792,0.0009671860607340932,0.002055068500339985,0.2862374186515808,0.08681268990039825,0.05035822093486786,0.09293818473815918
C:\Projects\TM470\data\processed\test\Lactarius\0670_V1ZK2sFc-Ro.jpg,Lactarius/0670_V1ZK2sFc-Ro.jpg,Lactarius,Lactarius,True,0.9297014474868774,0.007915199999843,MobileNetV2,test,5.778617560281418e-05,0.0005722430068999529,0.00022900650219526142,0.007974933832883835,0.00041929128929041326,2.533345877964166e-06,0.03544004634022713,0.001319612143561244,0.9297014474868774,0.005760988220572472,0.01852208934724331
C:\Projects\TM470\data\processed\test\Lactarius\0672_VwMevK3GQmI.jpg,Lactarius/0672_VwMevK3GQmI.jpg,Lactarius,Cortinarius,False,0.45518866181373596,0.0078510000003007,MobileNetV2,test,0.006878139916807413,0.0040186732076108456,0.27149611711502075,0.45518866181373596,0.004031136631965637,0.00013795240374747664,0.0033028246834874153,0.021617747843265533,0.12453431636095047,0.05403714254498482,0.05475734546780586
C:\Projects\TM470\data\processed\test\Lactarius\0674_jfw03-JCIg4.jpg,Lactarius/0674_jfw03-JCIg4.jpg,Lactarius,Boletus,False,0.8438296318054199,0.0082727999997587,MobileNetV2,test,0.00015765547868795693,0.0001571988977957517,0.8438296318054199,0.01245642639696598,7.98441487859236e-06,1.058440091128432e-07,5.03351038787514e-05,3.169392221025191e-05,0.021469401195645332,0.10660049319267273,0.015239112079143524
C:\Projects\TM470\data\processed\test\Lactarius\0675_t0wBJuQaX1I.jpg,Lactarius/0675_t0wBJuQaX1I.jpg,Lactarius,Lactarius,True,0.9280898571014404,0.0073252000001957,MobileNetV2,test,0.0011809717398136854,0.0008186408667825162,0.000663332175463438,0.013715303502976894,0.0018563105259090662,7.709819328738376e-06,0.004983503371477127,0.002837597858160734,0.9280898571014404,0.0343451090157032,0.011501750908792019
C:\Projects\TM470\data\processed\test\Lactarius\0680_9iK0lHxdnbE.jpg,Lactarius/0680_9iK0lHxdnbE.jpg,Lactarius,Russula,False,0.7454511523246765,0.0081506999995326,MobileNetV2,test,0.005724223330616951,0.025079330429434776,0.10562588274478912,0.02793119288980961,0.0004214746004436165,4.7402122618223075e-06,0.002846331102773547,0.00026376487221568823,0.07579896599054337,0.7454511523246765,0.010852980427443981
C:\Projects\TM470\data\processed\test\Lactarius\069_WjmaRv5colU.jpg,Lactarius/069_WjmaRv5colU.jpg,Lactarius,Russula,False,0.9819372892379761,0.006902799999807,MobileNetV2,test,1.4502232659197034e-07,3.607651990478189e-07,0.0007359418668784201,0.0011334042064845562,2.3651518077372202e-08,1.175800884607725e-12,9.566587323206477e-06,1.4108273660440318e-07,0.013891462236642838,0.9819372892379761,0.002291672630235553
C:\Projects\TM470\data\processed\test\Lactarius\0704_ylcLIXgu01w.jpg,Lactarius/0704_ylcLIXgu01w.jpg,Lactarius,Russula,False,0.7727030515670776,0.0073264000002382,MobileNetV2,test,0.003006729995831847,0.03307967260479927,0.038835786283016205,0.007274246774613857,0.0037670498713850975,1.2227975275891367e-05,0.002728486666455865,0.006894939113408327,0.1172504797577858,0.7727030515670776,0.01444733515381813
C:\Projects\TM470\data\processed\test\Lactarius\0706_5KiNR80hz8c.jpg,Lactarius/0706_5KiNR80hz8c.jpg,Lactarius,Lactarius,True,0.3822026252746582,0.0080210000014631,MobileNetV2,test,0.004888266324996948,0.07830693572759628,0.08749525249004364,0.07756432890892029,0.05350624397397041,0.00023730978136882186,0.023453425616025925,0.004619545303285122,0.3822026252746582,0.2678084969520569,0.019917523488402367
C:\Projects\TM470\data\processed\test\Lactarius\0709_rGbRBgcO1Bo.jpg,Lactarius/0709_rGbRBgcO1Bo.jpg,Lactarius,Cortinarius,False,0.8187931776046753,0.007198100000096,MobileNetV2,test,0.00018567193183116615,0.00016881425108294934,0.0018996477592736483,0.8187931776046753,0.018022453412413597,2.745193341979757e-05,0.011410818435251713,0.006406000349670649,0.08784210681915283,0.011718718335032463,0.04352517053484917
C:\Projects\TM470\data\processed\test\Lactarius\0716_XAFN8ZsH8Oc.jpg,Lactarius/0716_XAFN8ZsH8Oc.jpg,Lactarius,Lactarius,True,0.7152616381645203,0.0073307999991811,MobileNetV2,test,5.066759513283614e-06,1.8066821212414652e-05,0.03912247717380524,0.006073051132261753,6.641887921432499e-06,2.7508020306044045e-09,0.007544883992522955,0.00025956035824492574,0.7152616381645203,0.006733469665050507,0.22497515380382538
C:\Projects\TM470\data\processed\test\Lactarius\0734_NI0Ax90MD5c.jpg,Lactarius/0734_NI0Ax90MD5c.jpg,Lactarius,Cortinarius,False,0.35227978229522705,0.007314899999983,MobileNetV2,test,0.0009719768422655761,0.006428426131606102,0.003092754865065217,0.35227978229522705,0.00836897362023592,5.5326850997516885e-05,0.26980578899383545,0.004933853633701801,0.22642670571804047,0.02298089489340782,0.10465553402900696
C:\Projects\TM470\data\processed\test\Lactarius\0736_aLqBxhhsMow.jpg,Lactarius/0736_aLqBxhhsMow.jpg,Lactarius,Lactarius,True,0.7973765730857849,0.0069793000002391,MobileNetV2,test,0.0018818649696186185,0.0005313797737471759,0.08871977776288986,0.011867422610521317,0.0052099390886723995,9.545908142172266e-06,0.0006285504205152392,0.0008779049967415631,0.7973765730857849,0.08422006666660309,0.008676903322339058
C:\Projects\TM470\data\processed\test\Lactarius\0745_ey3D5LyzKTY.jpg,Lactarius/0745_ey3D5LyzKTY.jpg,Lactarius,Russula,False,0.5824161171913147,0.0072152000011556,MobileNetV2,test,0.12534567713737488,0.1162218302488327,0.004838932305574417,0.05620747059583664,0.0023044326808303595,5.843184226250742e-06,0.013905230909585953,0.001235692878253758,0.09307385236024857,0.5824161171913147,0.004444902762770653
C:\Projects\TM470\data\processed\test\Lactarius\0747_adx1MMw58MI.jpg,Lactarius/0747_adx1MMw58MI.jpg,Lactarius,Russula,False,0.6899027228355408,0.0070267999999487,MobileNetV2,test,0.016392836347222328,0.03799914941191673,0.08864150196313858,0.00698732677847147,0.00012888562923762947,3.0117606002022512e-05,0.000427860562922433,0.006215596571564674,0.1438891440629959,0.6899027228355408,0.009384868666529655
C:\Projects\TM470\data\processed\test\Lactarius\0756_C1Ll5LZF_Cg.jpg,Lactarius/0756_C1Ll5LZF_Cg.jpg,Lactarius,Lactarius,True,0.304854154586792,0.0070787999993626,MobileNetV2,test,0.1755865514278412,0.28706619143486023,0.022462520748376846,0.016326703131198883,0.029658030718564987,0.0018008636543527246,0.028161030262708664,0.0060668629594147205,0.304854154586792,0.11950712651014328,0.008510024286806583
C:\Projects\TM470\data\processed\test\Lactarius\0757_3LeqE6pda1M.jpg,Lactarius/0757_3LeqE6pda1M.jpg,Lactarius,Lactarius,True,0.4674520790576935,0.0069568999988405,MobileNetV2,test,0.0003446214832365513,0.0032445110846310854,0.4445050358772278,0.0461219847202301,0.0022671495098620653,0.00012249246356077492,0.014026106335222721,0.00018588610691949725,0.4674520790576935,0.014928069896996021,0.006802136078476906
C:\Projects\TM470\data\processed\test\Lactarius\0759_oLEvM6Hhevs.jpg,Lactarius/0759_oLEvM6Hhevs.jpg,Lactarius,Boletus,False,0.4750675559043884,0.0070264000005408,MobileNetV2,test,1.9822144167847e-05,3.216521872673184e-05,0.4750675559043884,0.004536055494099855,2.8407779609551653e-05,5.592849294799862e-09,0.0001935448235599324,1.3256771126179956e-05,0.3952771723270416,0.10478013008832932,0.020051922649145126
C:\Projects\TM470\data\processed\test\Lactarius\0762_KnQg1QaWm0A.jpg,Lactarius/0762_KnQg1QaWm0A.jpg,Lactarius,Russula,False,0.5341594815254211,0.0072258000000147,MobileNetV2,test,0.0011854965705424547,0.02063051424920559,0.1140957623720169,0.009089292027056217,0.0016740213613957167,0.0009753609192557633,0.00035092103644274175,0.0019883285276591778,0.31434035301208496,0.5341594815254211,0.0015105518978089094
C:\Projects\TM470\data\processed\test\Lactarius\0773_7sw6xICACRk.jpg,Lactarius/0773_7sw6xICACRk.jpg,Lactarius,Lactarius,True,0.7143099308013916,0.0071093999995355,MobileNetV2,test,0.011259647086262703,0.005271452944725752,0.21497909724712372,0.007916675880551338,0.0008385560940951109,7.389106758637354e-05,0.0017805929528549314,0.0029847659170627594,0.7143099308013916,0.025596948340535164,0.014988436363637447
C:\Projects\TM470\data\processed\test\Lactarius\0782_4hQQMaTQWEI.jpg,Lactarius/0782_4hQQMaTQWEI.jpg,Lactarius,Russula,False,0.822120189666748,0.0075004999998782,MobileNetV2,test,0.0011741131311282516,0.005447274073958397,0.02096782810986042,0.005574740469455719,0.0006028809584677219,5.5541604524478316e-05,0.0010489631677046418,0.006193872075527906,0.12686333060264587,0.822120189666748,0.009951193816959858
C:\Projects\TM470\data\processed\test\Lactarius\0788_pRAv0S0JJWw.jpg,Lactarius/0788_pRAv0S0JJWw.jpg,Lactarius,Boletus,False,0.2683345079421997,0.0075414000002638,MobileNetV2,test,0.03670726343989372,0.16973966360092163,0.2683345079421997,0.10478582233190536,0.0037424860056489706,5.113140286994167e-05,0.019851811230182648,0.0013229979667812586,0.19378605484962463,0.176981583237648,0.024696676060557365
C:\Projects\TM470\data\processed\test\Lactarius\0789_YdasocklYzQ.jpg,Lactarius/0789_YdasocklYzQ.jpg,Lactarius,Amanita,False,0.40166911482810974,0.0074832000009337,MobileNetV2,test,0.02681620977818966,0.40166911482810974,0.011478060856461525,0.06892038881778717,0.012214209884405136,0.2867046296596527,0.0043788449838757515,0.15996749699115753,0.01728360541164875,0.009124904870986938,0.001442469540052116
C:\Projects\TM470\data\processed\test\Lactarius\0793_0GzeXD2rqQY.jpg,Lactarius/0793_0GzeXD2rqQY.jpg,Lactarius,Amanita,False,0.6252985596656799,0.0070421999989775,MobileNetV2,test,0.0182835403829813,0.6252985596656799,0.016994986683130264,0.0032133017666637897,0.0025442226324230433,0.00017802092770580202,0.0045190718956291676,0.0002644305641297251,0.1639229953289032,0.16420690715312958,0.0005739627522416413
C:\Projects\TM470\data\processed\test\Lactarius\0794_rAh-SYlXfxI.jpg,Lactarius/0794_rAh-SYlXfxI.jpg,Lactarius,Cortinarius,False,0.37746649980545044,0.0070186000011744,MobileNetV2,test,0.06514278054237366,0.10593270510435104,0.06893246620893478,0.37746649980545044,0.006993014365434647,0.16829845309257507,0.01168842799961567,0.03637230396270752,0.08412465453147888,0.05610089376568794,0.018947770819067955
C:\Projects\TM470\data\processed\test\Lactarius\0805_zrH6_rVsSM8.jpg,Lactarius/0805_zrH6_rVsSM8.jpg,Lactarius,Cortinarius,False,0.5368801355361938,0.0074318000006314,MobileNetV2,test,0.12801234424114227,0.1535816341638565,0.008302588015794754,0.5368801355361938,0.0034867986105382442,0.0008108275360427797,0.005008589010685682,0.09145015478134155,0.01345650665462017,0.05064965784549713,0.00836073886603117
C:\Projects\TM470\data\processed\test\Lactarius\0809_nKVSQbfh_8Q.jpg,Lactarius/0809_nKVSQbfh_8Q.jpg,Lactarius,Russula,False,0.6496588587760925,0.0074179000002914,MobileNetV2,test,0.002059411024674773,0.0020785306114703417,0.020056476816534996,0.3139039874076843,0.00033632945269346237,3.280235034708312e-07,5.6209399190265685e-05,0.0003460710868239403,0.009380369447171688,0.6496588587760925,0.0021234021987766027
C:\Projects\TM470\data\processed\test\Lactarius\0810_HmCW6dmg8ww.jpg,Lactarius/0810_HmCW6dmg8ww.jpg,Lactarius,Boletus,False,0.3829082250595093,0.007835000000341,MobileNetV2,test,0.02727035991847515,0.016470592468976974,0.3829082250595093,0.10883849859237671,0.004307118244469166,7.96371568867471e-06,0.002386055886745453,0.010479990392923355,0.19441908597946167,0.18636837601661682,0.06654369831085205
C:\Projects\TM470\data\processed\test\Lactarius\0811_fny9MwqLlJQ.jpg,Lactarius/0811_fny9MwqLlJQ.jpg,Lactarius,Boletus,False,0.9702385663986206,0.0067165999989811,MobileNetV2,test,0.00013122806558385491,0.00015796748630236834,0.9702385663986206,0.0018729716539382935,6.244410997169325e-06,6.736847240063071e-07,0.000182843636139296,6.594070146093145e-05,0.02257733792066574,0.0008297694730572402,0.003936395514756441
C:\Projects\TM470\data\processed\test\Lactarius\0814_QfgRmQ7qhf4.jpg,Lactarius/0814_QfgRmQ7qhf4.jpg,Lactarius,Amanita,False,0.752089262008667,0.0080790000010892,MobileNetV2,test,0.08426488190889359,0.752089262008667,0.014291130937635899,0.00481349928304553,0.001389175420626998,0.0012491155648604035,0.0008311648271046579,0.04300542175769806,0.0319070927798748,0.06561512500047684,0.0005441272514872253
C:\Projects\TM470\data\processed\test\Lactarius\0819_UXB8BitCLeg.jpg,Lactarius/0819_UXB8BitCLeg.jpg,Lactarius,Lactarius,True,0.7326619029045105,0.0078354000015679,MobileNetV2,test,0.0004725926846731454,0.0009697568602859974,0.00039780206861905754,0.0015267122071236372,0.0004966324777342379,1.0170425412070472e-05,0.000741805590223521,0.0003445764596108347,0.7326619029045105,0.26197099685668945,0.00040708304732106626
C:\Projects\TM470\data\processed\test\Lactarius\0823_Ux2nE3c9Um8.jpg,Lactarius/0823_Ux2nE3c9Um8.jpg,Lactarius,Lactarius,True,0.8722975254058838,0.0070394000013038,MobileNetV2,test,0.0002187574573326856,0.0006327220471575856,0.006749720312654972,0.0103654395788908,0.00040239651571027935,3.147647930745734e-06,0.023524876683950424,0.003380679525434971,0.8722975254058838,0.014984051696956158,0.06744054704904556
C:\Projects\TM470\data\processed\test\Lactarius\0829_s0YUBr49gwI.jpg,Lactarius/0829_s0YUBr49gwI.jpg,Lactarius,Boletus,False,0.6669394969940186,0.0073130999990098,MobileNetV2,test,0.0031376825645565987,0.11191381514072418,0.6669394969940186,0.0495045930147171,0.0015479213325306773,0.01857205480337143,0.009660420939326286,0.001266517792828381,0.10259534418582916,0.030220719054341316,0.004641406238079071
C:\Projects\TM470\data\processed\test\Lactarius\083_b-MWcypdVgI.jpg,Lactarius/083_b-MWcypdVgI.jpg,Lactarius,Cortinarius,False,0.4527229070663452,0.0076899999985471,MobileNetV2,test,0.0011191527592018247,0.003943245392292738,0.007872075773775578,0.4527229070663452,0.008502832613885403,4.766976780956611e-05,0.09954914450645447,0.004926446825265884,0.3067830204963684,0.06529723852872849,0.04923619329929352
C:\Projects\TM470\data\processed\test\Lactarius\0852_7k3Zyy3_DGE.jpg,Lactarius/0852_7k3Zyy3_DGE.jpg,Lactarius,Lactarius,True,0.609521210193634,0.0078564000014011,MobileNetV2,test,0.0017056444194167852,0.006939349230378866,0.07788382470607758,0.04479597508907318,0.0018318169750273228,2.690563451324124e-05,0.025214895606040955,0.0065696705132722855,0.609521210193634,0.16557645797729492,0.059934310615062714
C:\Projects\TM470\data\processed\test\Lactarius\0861_R-QITvIdQ0I.jpg,Lactarius/0861_R-QITvIdQ0I.jpg,Lactarius,Russula,False,0.9384268522262573,0.0079384000000573,MobileNetV2,test,0.0004262245784047991,0.00300773186609149,0.02103670872747898,0.019391711801290512,4.130092202103697e-05,2.141170085678823e-07,0.00047721576993353665,0.0001670514466241002,0.011237295344471931,0.9384268522262573,0.005787645000964403
C:\Projects\TM470\data\processed\test\Lactarius\0863_vVoT2CYybJg.jpg,Lactarius/0863_vVoT2CYybJg.jpg,Lactarius,Lactarius,True,0.43062084913253784,0.0081143999996129,MobileNetV2,test,0.006085136439651251,0.007325600367039442,0.1015811488032341,0.07748241722583771,0.0071793487295508385,0.0012642017100006342,0.017716797068715096,0.18125206232070923,0.43062084913253784,0.030057363212108612,0.13943509757518768
C:\Projects\TM470\data\processed\test\Lactarius\0868_VH-IjF4KU2A.jpg,Lactarius/0868_VH-IjF4KU2A.jpg,Lactarius,Lactarius,True,0.9626302123069763,0.0071033999993233,MobileNetV2,test,1.8376733805780532e-06,3.247064341849182e-06,0.00048030150355771184,0.0008482107077725232,2.3539161702501588e-05,3.468360931790926e-09,0.00011183734750375152,6.707767170155421e-05,0.9626302123069763,0.030505167320370674,0.005328573752194643
C:\Projects\TM470\data\processed\test\Lactarius\0874_2lGLHI_YG5k.jpg,Lactarius/0874_2lGLHI_YG5k.jpg,Lactarius,Boletus,False,0.5593768954277039,0.0071279000003414,MobileNetV2,test,0.0008669476374052465,0.010899489745497704,0.5593768954277039,0.10381018370389938,0.0008587849442847073,4.1193812648998573e-05,0.07321550697088242,0.0018937275744974613,0.10169556736946106,0.007001940626651049,0.14033982157707214
C:\Projects\TM470\data\processed\test\Lactarius\087_L5ZS-DiYxEI.jpg,Lactarius/087_L5ZS-DiYxEI.jpg,Lactarius,Russula,False,0.6085537672042847,0.0082431000009819,MobileNetV2,test,0.0005873849731869996,0.0015041192527860403,0.0026598460972309113,0.0035424542147666216,6.664413376711309e-05,1.540066563165965e-07,0.0004303223977331072,7.087880658218637e-05,0.37923145294189453,0.6085537672042847,0.003352976869791746
C:\Projects\TM470\data\processed\test\Lactarius\0881_3RtHEelIwJ0.jpg,Lactarius/0881_3RtHEelIwJ0.jpg,Lactarius,Lactarius,True,0.3667466342449188,0.0092512000010174,MobileNetV2,test,2.149297324649524e-05,0.00014047883450984955,0.03694288805127144,0.02724548429250717,5.0162409024778754e-05,1.9436356524238363e-08,0.20636452734470367,0.00015273138706106693,0.3667466342449188,0.002022824715822935,0.3603127598762512
C:\Projects\TM470\data\processed\test\Lactarius\0886_DVymd3ri6ok.jpg,Lactarius/0886_DVymd3ri6ok.jpg,Lactarius,Boletus,False,0.6633667945861816,0.0082557000005181,MobileNetV2,test,0.0018648304976522923,0.003777893725782633,0.6633667945861816,0.034796878695487976,0.0003560795448720455,5.447115199785912e-06,0.007561061065644026,0.002059544436633587,0.1414700299501419,0.01880895532667637,0.12593254446983337
C:\Projects\TM470\data\processed\test\Lactarius\0890_Fm2kZLQ186E.jpg,Lactarius/0890_Fm2kZLQ186E.jpg,Lactarius,Lactarius,True,0.8908878564834595,0.0077467000010074,MobileNetV2,test,9.347854211227968e-05,8.375727338716388e-05,0.0047564455308020115,0.029784509912133217,0.00011997343244729564,6.141862741060322e-06,0.005015489645302296,0.0027880354318767786,0.8908878564834595,0.01474316418170929,0.051721058785915375
C:\Projects\TM470\data\processed\test\Lactarius\0891_y4giXhWdmzg.jpg,Lactarius/0891_y4giXhWdmzg.jpg,Lactarius,Inocybe,False,0.3502015769481659,0.0085581999992427,MobileNetV2,test,0.07721992582082748,0.04623717814683914,0.10663371533155441,0.08013904094696045,0.015950825065374374,0.12421563267707825,0.015517434105277061,0.3502015769481659,0.10086868703365326,0.05074797198176384,0.03226804733276367
C:\Projects\TM470\data\processed\test\Lactarius\0894_faLSlbF53CA.jpg,Lactarius/0894_faLSlbF53CA.jpg,Lactarius,Lactarius,True,0.6335845589637756,0.0071155000005092,MobileNetV2,test,0.0018052337691187859,0.042209967970848083,0.033866625279188156,0.010493340902030468,0.0034073111601173878,7.936659676488489e-05,0.13936372101306915,0.024442153051495552,0.6335845589637756,0.03233622387051582,0.07841145992279053
C:\Projects\TM470\data\processed\test\Lactarius\0898_H5ncLRcbiOQ.jpg,Lactarius/0898_H5ncLRcbiOQ.jpg,Lactarius,Boletus,False,0.5529342889785767,0.0071653000013611,MobileNetV2,test,0.0037877350114285946,0.10201616585254669,0.5529342889785767,0.01862875185906887,0.005430843681097031,0.0026286477223038673,0.0728837251663208,0.03669207543134689,0.13499915599822998,0.034454815089702606,0.0355437733232975
C:\Projects\TM470\data\processed\test\Lactarius\089_AJoVxJM23M4.jpg,Lactarius/089_AJoVxJM23M4.jpg,Lactarius,Russula,False,0.7939172387123108,0.007190399999672,MobileNetV2,test,0.00036778475623577833,0.0024047805927693844,0.006412124261260033,0.06926250457763672,0.00031702304841019213,2.0937037334078923e-05,0.006010705139487982,0.006438445765525103,0.09970907866954803,0.7939172387123108,0.015139361843466759
C:\Projects\TM470\data\processed\test\Lactarius\0904_Z0MfidvU7JU.jpg,Lactarius/0904_Z0MfidvU7JU.jpg,Lactarius,Amanita,False,0.5998034477233887,0.0082462999998824,MobileNetV2,test,0.008973062969744205,0.5998034477233887,0.1507789045572281,0.0012552979169413447,0.00040018517756834626,0.0005857528303749859,0.000403516402002424,0.032758455723524094,0.04025808721780777,0.1638321727514267,0.0009511170792393386
C:\Projects\TM470\data\processed\test\Lactarius\0924_mvAXbhaPY-k.jpg,Lactarius/0924_mvAXbhaPY-k.jpg,Lactarius,Lactarius,True,0.533358097076416,0.0117019999997864,MobileNetV2,test,0.007307709660381079,0.009908230043947697,0.0070779528468847275,0.08466663956642151,0.007999898865818977,7.316098344745114e-05,0.018208447843790054,0.016848398372530937,0.533358097076416,0.2919428050518036,0.022608628496527672
C:\Projects\TM470\data\processed\test\Lactarius\0931_qYe0VtJnAhQ.jpg,Lactarius/0931_qYe0VtJnAhQ.jpg,Lactarius,Lactarius,True,0.5114927887916565,0.0088740999999572,MobileNetV2,test,0.00012117364531150088,0.0031835511326789856,0.04610573872923851,0.005597428884357214,0.00016093245358206332,3.1382937777379993e-06,0.00502623338252306,0.001907839672639966,0.5114927887916565,0.38794952630996704,0.038451649248600006
C:\Projects\TM470\data\processed\test\Lactarius\0941_SIWGBlVT-DI.jpg,Lactarius/0941_SIWGBlVT-DI.jpg,Lactarius,Boletus,False,0.9872007369995117,0.007379700000456,MobileNetV2,test,2.906051122408826e-05,1.9378236174816266e-05,0.9872007369995117,0.002155269030481577,1.054122662935697e-06,6.249947404057821e-08,1.957811036845669e-05,2.341403887839988e-05,0.004213713109493256,0.00035139935789629817,0.005986473057419062
C:\Projects\TM470\data\processed\test\Lactarius\0948_omWNNnbQkxU.jpg,Lactarius/0948_omWNNnbQkxU.jpg,Lactarius,Suillus,False,0.49991655349731445,0.0069380999993882,MobileNetV2,test,0.0005542409489862621,0.0003221728256903589,0.033332593739032745,0.18415917456150055,0.0011208229698240757,2.7625117127172416e-06,0.021201925352215767,0.009891184978187084,0.24473515152931213,0.004763393197208643,0.49991655349731445
C:\Projects\TM470\data\processed\test\Lactarius\094_-2iyr_W_qvQ.jpg,Lactarius/094_-2iyr_W_qvQ.jpg,Lactarius,Agaricus,False,0.2577817738056183,0.0069079000004421,MobileNetV2,test,0.2577817738056183,0.22335173189640045,0.0405561663210392,0.11996248364448547,0.02451973222196102,0.009277664124965668,0.022692926228046417,0.05616926774382591,0.10864776372909546,0.10572526603937149,0.031315259635448456
C:\Projects\TM470\data\processed\test\Lactarius\0950_ijfkg6qgVms.jpg,Lactarius/0950_ijfkg6qgVms.jpg,Lactarius,Boletus,False,0.7137567400932312,0.0082263000003877,MobileNetV2,test,0.00021945075422991067,0.004346319008618593,0.7137567400932312,0.056411296129226685,9.70763085206272e-06,1.4305979902928811e-06,0.0016575070330873132,5.175692785996944e-05,0.011481319554150105,0.19463883340358734,0.01742570288479328
C:\Projects\TM470\data\processed\test\Lactarius\095_BtaRrYfMJVs.jpg,Lactarius/095_BtaRrYfMJVs.jpg,Lactarius,Russula,False,0.3990755081176758,0.0072251999990839,MobileNetV2,test,0.03415754809975624,0.022201545536518097,0.05330270156264305,0.06207751855254173,0.0002024875720962882,0.14981609582901,0.003953556064516306,0.1989642083644867,0.07009723037481308,0.3990755081176758,0.006151619367301464
C:\Projects\TM470\data\processed\test\Lactarius\0966_RRkmCZs4Hgk.jpg,Lactarius/0966_RRkmCZs4Hgk.jpg,Lactarius,Russula,False,0.5201234221458435,0.0075498000005609,MobileNetV2,test,0.009183029644191265,0.014212205074727535,0.20667517185211182,0.1864069253206253,0.0012820977717638016,6.413405935745686e-05,0.0011304991785436869,0.0003704963601194322,0.05233112722635269,0.5201234221458435,0.008220922201871872
C:\Projects\TM470\data\processed\test\Lactarius\0968_D_TOmURQt5M.jpg,Lactarius/0968_D_TOmURQt5M.jpg,Lactarius,Lactarius,True,0.2625141143798828,0.0074064000000362,MobileNetV2,test,0.023071352392435074,0.02237207069993019,0.21751682460308075,0.2269202172756195,0.07354144006967545,0.00870782695710659,0.052469950169324875,0.025513730943202972,0.2625141143798828,0.03137889504432678,0.055993616580963135
C:\Projects\TM470\data\processed\test\Lactarius\0975_TPuBswVPF4E.jpg,Lactarius/0975_TPuBswVPF4E.jpg,Lactarius,Cortinarius,False,0.8123869895935059,0.0073189999984606,MobileNetV2,test,0.0010461305500939488,0.0003355838998686522,0.000684579717926681,0.8123869895935059,0.0011010168818756938,5.272253019938944e-06,0.003450221847742796,0.025977620854973793,0.08436455577611923,0.02707267552614212,0.04357533156871796
C:\Projects\TM470\data\processed\test\Lactarius\0978_f0jCRe74OWg.jpg,Lactarius/0978_f0jCRe74OWg.jpg,Lactarius,Lactarius,True,0.48448455333709717,0.0072711000011622,MobileNetV2,test,0.001287913299165666,0.0017619053833186626,0.27381232380867004,0.06943649053573608,0.00134457356762141,1.1883576917171013e-05,0.004005478695034981,0.0033731614239513874,0.48448455333709717,0.09372610598802567,0.06675556302070618
C:\Projects\TM470\data\processed\test\Lactarius\097_EnaERH1OSng.jpg,Lactarius/097_EnaERH1OSng.jpg,Lactarius,Lactarius,True,0.39540547132492065,0.0077971999999135,MobileNetV2,test,5.391450031311251e-05,9.062126991921104e-06,0.07040192186832428,0.3015742897987366,0.0003803572617471218,4.043969056510832e-06,0.0019216485088691115,0.011113787069916725,0.39540547132492065,0.004763629287481308,0.214371919631958
C:\Projects\TM470\data\processed\test\Lactarius\0980_m_ohZyV7g-Y.jpg,Lactarius/0980_m_ohZyV7g-Y.jpg,Lactarius,Lactarius,True,0.9247339963912964,0.0072667000004003,MobileNetV2,test,0.00031882134499028325,0.0006836997345089912,0.0006069514784030616,0.005435481201857328,0.0023800418712198734,1.001586440452229e-07,0.0013998931972309947,0.000476423476357013,0.9247339963912964,0.05715424567461014,0.006810323800891638
C:\Projects\TM470\data\processed\test\Lactarius\0990_eosoYFrwQLI.jpg,Lactarius/0990_eosoYFrwQLI.jpg,Lactarius,Lactarius,True,0.5962145924568176,0.0084068999985902,MobileNetV2,test,0.03187022730708122,0.06535571068525314,0.06942681223154068,0.07509379833936691,0.002347547560930252,3.7778076489303203e-07,0.007097756490111351,0.005229364149272442,0.5962145924568176,0.09351600706577301,0.05384787172079086
C:\Projects\TM470\data\processed\test\Lactarius\0993_vWFD5m5EFdw.jpg,Lactarius/0993_vWFD5m5EFdw.jpg,Lactarius,Boletus,False,0.33181101083755493,0.0078143999999156,MobileNetV2,test,0.17987120151519775,0.15697966516017914,0.33181101083755493,0.017558004707098007,0.0030727374833077192,1.4320692571345717e-05,0.0007466488750651479,0.014029594138264656,0.16834205389022827,0.11617986112833023,0.011394884437322617
C:\Projects\TM470\data\processed\test\Lactarius\0997_I_lCHDRsFnk.jpg,Lactarius/0997_I_lCHDRsFnk.jpg,Lactarius,Boletus,False,0.9443375468254089,0.0076865999999427,MobileNetV2,test,0.0006656471523456275,0.017326343804597855,0.9443375468254089,0.005750881973654032,0.0003082824405282736,2.485637878635316e-06,0.0005613273824565113,0.00016723071166779846,0.01343806553632021,0.012073700316250324,0.005368586629629135
C:\Projects\TM470\data\processed\test\Lactarius\099_tlQryExCSSc.jpg,Lactarius/099_tlQryExCSSc.jpg,Lactarius,Lactarius,True,0.48013755679130554,0.0106471999988571,MobileNetV2,test,0.0036794517654925585,0.018599074333906174,0.026706570759415627,0.18508413434028625,0.09624339640140533,0.005880442913621664,0.011930694803595543,0.04788396880030632,0.48013755679130554,0.11419875174760818,0.009655972011387348
C:\Projects\TM470\data\processed\test\Lactarius\1023_5KzdIbZlWao.jpg,Lactarius/1023_5KzdIbZlWao.jpg,Lactarius,Boletus,False,0.402831494808197,0.007973600000696,MobileNetV2,test,0.013511791825294495,0.014892194420099258,0.402831494808197,0.11659756302833557,0.00010305022442480549,8.300716581288725e-05,0.030613064765930176,0.008279754780232906,0.10722380131483078,0.11638562381267548,0.18947863578796387
C:\Projects\TM470\data\processed\test\Lactarius\1031_-Xmag74uj8c.jpg,Lactarius/1031_-Xmag74uj8c.jpg,Lactarius,Cortinarius,False,0.4839399755001068,0.0077535000000352,MobileNetV2,test,0.002405943116173148,0.011378003284335136,0.05461239814758301,0.4839399755001068,0.015162878669798374,0.004357219208031893,0.16587476432323456,0.05787205323576927,0.10740044713020325,0.006167877931147814,0.09082841873168945
C:\Projects\TM470\data\processed\test\Lactarius\1035_5IsEFXEEEaY.jpg,Lactarius/1035_5IsEFXEEEaY.jpg,Lactarius,Russula,False,0.2644977569580078,0.0078863999988243,MobileNetV2,test,0.011395438574254513,0.2423279881477356,0.012333303689956665,0.041038379073143005,0.08235589414834976,0.05501500889658928,0.020927270874381065,0.09170045703649521,0.17244964838027954,0.2644977569580078,0.005958881229162216
C:\Projects\TM470\data\processed\test\Lactarius\1039_IeXUvS5caiU.jpg,Lactarius/1039_IeXUvS5caiU.jpg,Lactarius,Inocybe,False,0.3271627128124237,0.0074557000007189,MobileNetV2,test,0.035819582641124725,0.03298230469226837,0.06438997387886047,0.2157714068889618,0.01338817086070776,0.012766601517796516,0.011350108310580254,0.3271627128124237,0.20035012066364288,0.012895522639155388,0.0731235072016716
C:\Projects\TM470\data\processed\test\Lactarius\1051_OqWmAht3bQo.jpg,Lactarius/1051_OqWmAht3bQo.jpg,Lactarius,Boletus,False,0.5588811635971069,0.0081351999997423,MobileNetV2,test,0.0008958708494901657,0.0012178074102848768,0.5588811635971069,0.0529092513024807,0.00017573393415659666,1.0150723028345965e-05,0.00031856706482358277,0.002310542855411768,0.2780235707759857,0.08214118331670761,0.0231160968542099
C:\Projects\TM470\data\processed\test\Lactarius\1084__qV9VGarloM.jpg,Lactarius/1084__qV9VGarloM.jpg,Lactarius,Lactarius,True,0.7352313995361328,0.0115499000003183,MobileNetV2,test,0.0004895083839073777,0.0016390403034165502,8.063562563620508e-05,0.002170066349208355,4.455075759324245e-05,5.216135967600621e-09,0.004307984374463558,5.147555566509254e-05,0.7352313995361328,0.2540634870529175,0.0019219397800043225
C:\Projects\TM470\data\processed\test\Lactarius\1087_T-XOvJDzPj4.jpg,Lactarius/1087_T-XOvJDzPj4.jpg,Lactarius,Russula,False,0.9608378410339355,0.0076229999995121,MobileNetV2,test,0.00015026469191070646,0.001709522446617484,0.005075972061604261,0.0024069366045296192,0.0008044331916607916,6.216246219992172e-06,0.0006726578576490283,0.00034971156856045127,0.02728285826742649,0.9608378410339355,0.000703581899870187
C:\Projects\TM470\data\processed\test\Lactarius\108_M1XYdkUcelY.jpg,Lactarius/108_M1XYdkUcelY.jpg,Lactarius,Amanita,False,0.8674758672714233,0.008200599999327,MobileNetV2,test,0.058288946747779846,0.8674758672714233,0.01689867116510868,0.018340082839131355,0.001117210485972464,0.004123546648770571,0.0030363688711076975,0.001969312783330679,0.019091978669166565,0.008891723118722439,0.0007662652642466128
C:\Projects\TM470\data\processed\test\Lactarius\1095_DTLgzikyFDc.jpg,Lactarius/1095_DTLgzikyFDc.jpg,Lactarius,Lactarius,True,0.665998101234436,0.0082707000001391,MobileNetV2,test,0.006496341433376074,0.08661351352930069,0.03145706281065941,0.002127677435055375,0.01516123116016388,4.4317672291072085e-05,0.005758162122219801,0.006874039303511381,0.665998101234436,0.17254841327667236,0.0069211144000291824
C:\Projects\TM470\data\processed\test\Lactarius\1102_LESYYltPhNw.jpg,Lactarius/1102_LESYYltPhNw.jpg,Lactarius,Russula,False,0.5095303058624268,0.0081231000003754,MobileNetV2,test,0.005372704938054085,0.002454150700941682,0.02391195297241211,0.010927529074251652,0.0031918813474476337,4.02523874072358e-05,0.00023202029115054756,0.001848123618401587,0.44106173515319824,0.5095303058624268,0.0014292808482423425
C:\Projects\TM470\data\processed\test\Lactarius\1104_Top2jkbHf3c.jpg,Lactarius/1104_Top2jkbHf3c.jpg,Lactarius,Russula,False,0.965968906879425,0.0126068000008672,MobileNetV2,test,0.0008828174904920161,0.0126977963373065,0.0003612352884374559,0.016571758314967155,7.706745236646384e-05,3.7094223444000818e-06,0.00014988036127761006,0.0016580839874222875,0.0013104021782055497,0.965968906879425,0.0003185046080034226
C:\Projects\TM470\data\processed\test\Lactarius\1108_Drq20AGMUPU.jpg,Lactarius/1108_Drq20AGMUPU.jpg,Lactarius,Russula,False,0.6128905415534973,0.0084410999988904,MobileNetV2,test,0.0009467549389228225,0.01651928387582302,0.11884505301713943,0.0044791363179683685,0.005374464206397533,0.00010581418609945104,0.0016492403810843825,0.0010295792017132044,0.23687995970249176,0.6128905415534973,0.0012801337288692594
C:\Projects\TM470\data\processed\test\Lactarius\1112_BjWWPLj9vfs.jpg,Lactarius/1112_BjWWPLj9vfs.jpg,Lactarius,Russula,False,0.9608378410339355,0.0074583000005077,MobileNetV2,test,0.00015026469191070646,0.001709522446617484,0.005075972061604261,0.0024069366045296192,0.0008044331916607916,6.216246219992172e-06,0.0006726578576490283,0.00034971156856045127,0.02728285826742649,0.9608378410339355,0.000703581899870187
C:\Projects\TM470\data\processed\test\Lactarius\1119_97YWRRfAMdE.jpg,Lactarius/1119_97YWRRfAMdE.jpg,Lactarius,Russula,False,0.9724616408348083,0.0080673000011302,MobileNetV2,test,0.0004742855962831527,0.0012366116279736161,7.288764754775912e-05,0.0010019945912063122,3.3429005270591006e-05,7.063141538310447e-08,0.0010871004778891802,0.0015746247954666615,0.021644646301865578,0.9724616408348083,0.0004126884159632027
C:\Projects\TM470\data\processed\test\Lactarius\1126_OzpDgrwjWNc.jpg,Lactarius/1126_OzpDgrwjWNc.jpg,Lactarius,Cortinarius,False,0.44360125064849854,0.0075207000008958,MobileNetV2,test,0.023349188268184662,0.028134498745203018,0.0041355714201927185,0.44360125064849854,0.06836157292127609,0.01168205589056015,0.10206151753664017,0.1093449667096138,0.1451094001531601,0.040071140974760056,0.024148855358362198
C:\Projects\TM470\data\processed\test\Lactarius\1133_HDYDTLTS4FA.jpg,Lactarius/1133_HDYDTLTS4FA.jpg,Lactarius,Russula,False,0.4733754098415375,0.0081291000005876,MobileNetV2,test,0.0014748171670362353,0.005123421549797058,0.38716384768486023,0.0715772807598114,0.0008524482836946845,7.248332985909656e-05,0.00016167426656465977,0.0025498359464108944,0.05466247722506523,0.4733754098415375,0.0029862558003515005
C:\Projects\TM470\data\processed\test\Lactarius\1140_L4hzKxVbQc0.jpg,Lactarius/1140_L4hzKxVbQc0.jpg,Lactarius,Russula,False,0.8783001899719238,0.0107038000005559,MobileNetV2,test,0.01646345667541027,0.08152448385953903,0.0001268339401576668,0.011684407480061054,0.00030545081244781613,7.98591281636618e-06,0.0006598606123588979,0.003958440851420164,0.006521978881210089,0.8783001899719238,0.00044699720456264913
C:\Projects\TM470\data\processed\test\Lactarius\1144_d52jIf1q8OQ.jpg,Lactarius/1144_d52jIf1q8OQ.jpg,Lactarius,Russula,False,0.7043224573135376,0.0122792999991361,MobileNetV2,test,0.004522139206528664,0.003986563067883253,0.0024722167290747166,0.2019980251789093,0.001622983138076961,0.00012433565279934555,0.0004551536403596401,0.013203258626163006,0.058558389544487,0.7043224573135376,0.00873449258506298
C:\Projects\TM470\data\processed\test\Lactarius\1157_lIsQAIM1Bms.jpg,Lactarius/1157_lIsQAIM1Bms.jpg,Lactarius,Lactarius,True,0.5137230753898621,0.0068351000008988,MobileNetV2,test,0.00212727184407413,0.013568580150604248,0.011113370768725872,0.0038640412967652082,0.0036286208778619766,9.950263120117597e-07,0.001327676698565483,0.00086563965305686,0.5137230753898621,0.4426153600215912,0.0071654352359473705
C:\Projects\TM470\data\processed\test\Lactarius\1163_6urWblLWaP0.jpg,Lactarius/1163_6urWblLWaP0.jpg,Lactarius,Lactarius,True,0.3074304163455963,0.0092490999995789,MobileNetV2,test,0.08840826898813248,0.0636964738368988,0.13973411917686462,0.2451017051935196,0.05209618806838989,0.009739190340042114,0.0130267683416605,0.02435004524886608,0.3074304163455963,0.035514216870069504,0.020902641117572784
C:\Projects\TM470\data\processed\test\Lactarius\1164_sa2vKVnzdDU.jpg,Lactarius/1164_sa2vKVnzdDU.jpg,Lactarius,Russula,False,0.42973563075065613,0.0128473000004305,MobileNetV2,test,0.009309912100434303,0.01624874398112297,0.39259546995162964,0.04678582027554512,0.0017596932593733072,9.298967597715091e-06,0.00041141145629808307,0.0045861792750656605,0.08323729783296585,0.42973563075065613,0.015320448204874992
C:\Projects\TM470\data\processed\test\Lactarius\1168_liGHHAZOR28.jpg,Lactarius/1168_liGHHAZOR28.jpg,Lactarius,Amanita,False,0.36135751008987427,0.0078422000005957,MobileNetV2,test,0.12729328870773315,0.36135751008987427,0.05490972846746445,0.020129580050706863,0.009562782943248749,0.06123010814189911,0.007650699932128191,0.07172764837741852,0.26015299558639526,0.02185787633061409,0.00412776879966259
C:\Projects\TM470\data\processed\test\Lactarius\1185_l8CcBJMEx4U.jpg,Lactarius/1185_l8CcBJMEx4U.jpg,Lactarius,Lactarius,True,0.5601115822792053,0.0068542000008164,MobileNetV2,test,0.02964174933731556,0.0040897587314248085,0.048836853355169296,0.09080223739147186,0.008413736708462238,0.001867671380750835,0.0010612861951813102,0.03032412938773632,0.5601115822792053,0.21303418278694153,0.011816747486591339
C:\Projects\TM470\data\processed\test\Lactarius\1187_SFmMgNJ91-I.jpg,Lactarius/1187_SFmMgNJ91-I.jpg,Lactarius,Russula,False,0.9195107221603394,0.0079419000012421,MobileNetV2,test,0.0001230474008480087,0.002792932325974107,0.026295626536011696,0.004879098851233721,4.395179348648526e-05,5.730541374759923e-07,7.756247941870242e-05,0.00011062681005569175,0.04568677768111229,0.9195107221603394,0.00047907125554047525
C:\Projects\TM470\data\processed\test\Lactarius\1194_Q_-2-NBIRlk.jpg,Lactarius/1194_Q_-2-NBIRlk.jpg,Lactarius,Amanita,False,0.3792177140712738,0.0098563999999896,MobileNetV2,test,0.12463632971048355,0.3792177140712738,0.06435082107782364,0.1853775680065155,0.026043664664030075,0.0004331167147029191,0.004917310085147619,0.05851560831069946,0.08898380398750305,0.05461164563894272,0.0129123879596591
C:\Projects\TM470\data\processed\test\Lactarius\1199_hy7BCb0o9Ss.jpg,Lactarius/1199_hy7BCb0o9Ss.jpg,Lactarius,Inocybe,False,0.39132413268089294,0.013484299999618,MobileNetV2,test,0.12610170245170593,0.07388193160295486,0.003279407974332571,0.2034444808959961,0.0019312910735607147,0.051730040460824966,0.0018675894243642688,0.39132413268089294,0.021589403972029686,0.119851253926754,0.004998802673071623
C:\Projects\TM470\data\processed\test\Lactarius\1205_V_YJfaEofno.jpg,Lactarius/1205_V_YJfaEofno.jpg,Lactarius,Suillus,False,0.3008701205253601,0.0071653999984846,MobileNetV2,test,0.00021229901176411659,0.0010622960980981588,0.032171934843063354,0.20621876418590546,0.0007346923230215907,7.829899914213456e-06,0.12186332046985626,0.00227173650637269,0.27080804109573364,0.06377895176410675,0.3008701205253601
C:\Projects\TM470\data\processed\test\Lactarius\1209_-oHFXkHNN6c.jpg,Lactarius/1209_-oHFXkHNN6c.jpg,Lactarius,Suillus,False,0.32366466522216797,0.0069851999996899,MobileNetV2,test,0.0005073924548923969,0.0005459682433865964,0.16709744930267334,0.19505208730697632,0.00014645890041720122,1.750956926116487e-07,0.004787779878824949,0.0017565853195264935,0.24841175973415375,0.0580296590924263,0.32366466522216797
C:\Projects\TM470\data\processed\test\Lactarius\1210_5y8ObCFK_r4.jpg,Lactarius/1210_5y8ObCFK_r4.jpg,Lactarius,Boletus,False,0.9219174385070801,0.0092967999989923,MobileNetV2,test,0.00011295264994259924,0.0001725317706586793,0.9219174385070801,0.04128868132829666,0.000216668049688451,1.8476614059181884e-05,0.0002611592353787273,0.004532518330961466,0.015223225578665733,0.0006467458442784846,0.015609536319971085
C:\Projects\TM470\data\processed\test\Lactarius\1213_E6SGc19pJFY.jpg,Lactarius/1213_E6SGc19pJFY.jpg,Lactarius,Russula,False,0.46577227115631104,0.0073663999992277,MobileNetV2,test,0.00021468536579050124,0.00043012091191485524,0.0035931163001805544,0.1495576798915863,0.00013212361955083907,1.5534854469478887e-07,0.019796278327703476,0.0011577492114156485,0.2527735233306885,0.46577227115631104,0.106572225689888
C:\Projects\TM470\data\processed\test\Lactarius\1223_6yV3bv_fpo8.jpg,Lactarius/1223_6yV3bv_fpo8.jpg,Lactarius,Lactarius,True,0.3989427983760834,0.0080369999996037,MobileNetV2,test,0.0007744128815829754,0.0015314931515604258,0.28934401273727417,0.12871386110782623,0.0074877142906188965,0.00023689000227022916,0.039369434118270874,0.017843306064605713,0.3989427983760834,0.01648648828268051,0.09926959127187729
C:\Projects\TM470\data\processed\test\Lactarius\1224_Yn3W7OW8tkQ.jpg,Lactarius/1224_Yn3W7OW8tkQ.jpg,Lactarius,Lactarius,True,0.5926891565322876,0.0076910000007046,MobileNetV2,test,2.362992199778091e-05,0.00019353072275407612,0.01608780026435852,0.026515956968069077,2.1971301976009272e-05,1.0193961941240559e-07,0.01623803935945034,0.00014624385221395642,0.5926891565322876,0.27376508712768555,0.07431846112012863
C:\Projects\TM470\data\processed\test\Lactarius\1226_nyvT8mRno3g.jpg,Lactarius/1226_nyvT8mRno3g.jpg,Lactarius,Boletus,False,0.8834360837936401,0.0077677000008407,MobileNetV2,test,0.0016449146205559373,0.012215116992592812,0.8834360837936401,0.013146975077688694,0.0018380658002570271,0.0003928348596673459,0.006324708927422762,0.010546516627073288,0.0316736064851284,0.011629892513155937,0.027151217684149742
C:\Projects\TM470\data\processed\test\Lactarius\122_W_5GcNcAuN4.jpg,Lactarius/122_W_5GcNcAuN4.jpg,Lactarius,Russula,False,0.4046162962913513,0.0084348999989742,MobileNetV2,test,0.21155111491680145,0.0865255668759346,0.00019887080998159945,0.13917872309684753,0.0026828953996300697,0.003963262774050236,0.0014455518685281277,0.1318061649799347,0.017041319981217384,0.4046162962913513,0.000990270054899156
C:\Projects\TM470\data\processed\test\Lactarius\1251_bPDEkspIv50.jpg,Lactarius/1251_bPDEkspIv50.jpg,Lactarius,Russula,False,0.4845712184906006,0.0068975000012869,MobileNetV2,test,0.007330853026360273,0.29131197929382324,0.04854654148221016,0.005576151888817549,0.014525044709444046,0.0049432553350925446,0.003957977052778006,0.02374977618455887,0.11359098553657532,0.4845712184906006,0.0018961149035021663
C:\Projects\TM470\data\processed\test\Lactarius\1252_73K3pd3sWMQ.jpg,Lactarius/1252_73K3pd3sWMQ.jpg,Lactarius,Russula,False,0.881099283695221,0.0070290999992721,MobileNetV2,test,2.999896605615504e-05,6.842905713710934e-05,0.0008356061298400164,0.008361928164958954,1.4136885511106811e-05,1.0712232212384265e-09,0.0005712607526220381,6.108477100497112e-05,0.0990021750330925,0.881099283695221,0.009956113994121552
C:\Projects\TM470\data\processed\test\Lactarius\128_dfE8pjx6FdQ.jpg,Lactarius/128_dfE8pjx6FdQ.jpg,Lactarius,Cortinarius,False,0.3428950309753418,0.0071324000000458,MobileNetV2,test,0.016211431473493576,0.10311754047870636,0.014932198449969292,0.3428950309753418,0.05954298377037048,0.2669006288051605,0.05816222354769707,0.06466452032327652,0.05650169774889946,0.00856965035200119,0.008502100594341755
C:\Projects\TM470\data\processed\test\Lactarius\136_2lSzCzGC8cs.jpg,Lactarius/136_2lSzCzGC8cs.jpg,Lactarius,Agaricus,False,0.3283420205116272,0.0072419999996782,MobileNetV2,test,0.3283420205116272,0.031946275383234024,0.01949598267674446,0.21831722557544708,0.02486461028456688,0.0008313693688251078,0.0006020163418725133,0.003006284823641181,0.10235018283128738,0.26949071884155273,0.0007532632444053888
C:\Projects\TM470\data\processed\test\Lactarius\140_exY6qQ3hXgY.jpg,Lactarius/140_exY6qQ3hXgY.jpg,Lactarius,Amanita,False,0.33016282320022583,0.0070046000000729,MobileNetV2,test,0.13035725057125092,0.33016282320022583,0.018571043387055397,0.05776751786470413,0.0037843140307813883,0.0077570402063429356,0.004041741602122784,0.10620485991239548,0.04978557303547859,0.28997379541397095,0.0015940070152282715
C:\Projects\TM470\data\processed\test\Lactarius\149_CwuowlVAMxY.jpg,Lactarius/149_CwuowlVAMxY.jpg,Lactarius,Lactarius,True,0.5952013731002808,0.0072383999995508,MobileNetV2,test,0.014575833454728127,0.03332236036658287,0.005925880279392004,0.04077056422829628,0.08131260424852371,0.014786818064749241,0.010468407534062862,0.014850015752017498,0.5952013731002808,0.18366973102092743,0.005116404965519905
C:\Projects\TM470\data\processed\test\Lactarius\153_gN8-LTmbt4U.jpg,Lactarius/153_gN8-LTmbt4U.jpg,Lactarius,Lactarius,True,0.6316070556640625,0.0082534000011946,MobileNetV2,test,0.0468304343521595,0.06875964999198914,0.004944970831274986,0.02528601698577404,0.015986498445272446,0.00010234722140012309,0.0038838922046124935,0.013932515867054462,0.6316070556640625,0.18108727037906647,0.007579299621284008
C:\Projects\TM470\data\processed\test\Lactarius\164_YmyEAa79xJY.jpg,Lactarius/164_YmyEAa79xJY.jpg,Lactarius,Lactarius,True,0.4474782943725586,0.0069715999998152,MobileNetV2,test,7.1107397161540575e-06,4.8944093578029424e-05,0.004321217071264982,0.18284617364406586,7.751859811833128e-06,4.4505955543172604e-07,0.23272009193897247,0.00021682147053070366,0.4474782943725586,0.03254416957497597,0.09980906546115875
C:\Projects\TM470\data\processed\test\Lactarius\166_m4APlqR5cX8.jpg,Lactarius/166_m4APlqR5cX8.jpg,Lactarius,Lactarius,True,0.8840588331222534,0.0071574000012333,MobileNetV2,test,2.9453337901941268e-06,2.1043299057055265e-05,4.12066001445055e-05,0.0010181521065533161,9.793956223802525e-07,1.366454172035958e-09,0.005735249724239111,2.7524587494553998e-05,0.8840588331222534,0.10283207148313522,0.006262010894715786
C:\Projects\TM470\data\processed\test\Lactarius\167_sbpN5cmc4Qw.jpg,Lactarius/167_sbpN5cmc4Qw.jpg,Lactarius,Hygrocybe,False,0.47238537669181824,0.0071848999996291,MobileNetV2,test,0.0017657155403867364,0.008624746464192867,0.02933027595281601,0.01380219403654337,0.002969850553199649,1.1044771781598683e-05,0.47238537669181824,0.0006467943312600255,0.41172531247138977,0.015413803979754448,0.043324898928403854
C:\Projects\TM470\data\processed\test\Lactarius\172_AtgfiwOgTAk.jpg,Lactarius/172_AtgfiwOgTAk.jpg,Lactarius,Russula,False,0.5779611468315125,0.0070837999992363,MobileNetV2,test,0.00020574021618813276,0.0045220800675451756,0.27403855323791504,0.004900346044450998,3.116683001280762e-05,3.6904339140164666e-07,0.0006237510242499411,1.9321016225148924e-05,0.13499444723129272,0.5779611468315125,0.002703113714233041
C:\Projects\TM470\data\processed\test\Lactarius\175_I_Sk3JdyB8Q.jpg,Lactarius/175_I_Sk3JdyB8Q.jpg,Lactarius,Lactarius,True,0.9095761775970459,0.0069770000009157,MobileNetV2,test,0.0015149080427363515,0.0002026298170676455,0.013483673334121704,0.0285473745316267,0.007746326271444559,4.132863523409469e-06,0.0012716053752228618,0.0017819516360759735,0.9095761775970459,0.022816378623247147,0.01305480394512415
C:\Projects\TM470\data\processed\test\Lactarius\176_7c5SOZYoEEQ.jpg,Lactarius/176_7c5SOZYoEEQ.jpg,Lactarius,Lactarius,True,0.41799184679985046,0.0080121999999391,MobileNetV2,test,0.005295413546264172,0.0013218040112406015,0.06012669950723648,0.4100079834461212,0.0014641861198469996,1.7380990868787194e-07,0.0004390489193610847,0.0002690220426302403,0.41799184679985046,0.07428541779518127,0.02879836969077587
C:\Projects\TM470\data\processed\test\Lactarius\182_Z_eMo84pz4w.jpg,Lactarius/182_Z_eMo84pz4w.jpg,Lactarius,Lactarius,True,0.43977370858192444,0.0078942999989521,MobileNetV2,test,0.0012765622232109308,0.0011518176179379225,0.0866631418466568,0.255159467458725,0.0017272692639380693,1.4415209079743363e-06,0.0017138307448476553,0.0016485931118950248,0.43977370858192444,0.1465136706829071,0.06437058746814728
C:\Projects\TM470\data\processed\test\Lactarius\186_vqv6RGdM7tQ.jpg,Lactarius/186_vqv6RGdM7tQ.jpg,Lactarius,Russula,False,0.522490918636322,0.0074512999999569,MobileNetV2,test,0.02068699151277542,0.047125235199928284,0.009161626920104027,0.05924377217888832,0.011223421432077885,2.055334516626317e-05,0.006516429129987955,0.012271829880774021,0.28506630659103394,0.522490918636322,0.026192912831902504
C:\Projects\TM470\data\processed\test\Lactarius\187_9b5XfCCHe9s.jpg,Lactarius/187_9b5XfCCHe9s.jpg,Lactarius,Lactarius,True,0.7902897000312805,0.0071838999992905,MobileNetV2,test,0.019813787192106247,0.02470371313393116,0.0009729079902172089,0.006720197852700949,0.00983106903731823,6.830276561231585e-06,0.012245540507137775,0.006218662019819021,0.7902897000312805,0.12450944632291794,0.004688170738518238
C:\Projects\TM470\data\processed\test\Lactarius\188__ssneZ3zq44.jpg,Lactarius/188__ssneZ3zq44.jpg,Lactarius,Lactarius,True,0.8239068984985352,0.0069826000017201,MobileNetV2,test,0.008175766095519066,0.005371904466301203,0.013336285017430782,0.020791219547390938,0.0725199356675148,0.002326558344066143,0.002510534133762121,0.004742482211440802,0.8239068984985352,0.044564127922058105,0.0017542121931910515
C:\Projects\TM470\data\processed\test\Lactarius\200_h-AIr5ayQw8.jpg,Lactarius/200_h-AIr5ayQw8.jpg,Lactarius,Russula,False,0.6682668328285217,0.0073487999998178,MobileNetV2,test,0.0015766065334901214,0.03260539472103119,0.010719161480665207,0.0020278163719922304,0.0001261513098143041,3.0591470476792892e-06,0.0033333406317979097,0.00025485706282779574,0.2772533893585205,0.6682668328285217,0.0038334166165441275
C:\Projects\TM470\data\processed\test\Lactarius\204_5earXwj40js.jpg,Lactarius/204_5earXwj40js.jpg,Lactarius,Boletus,False,0.5354998707771301,0.0069132000007812,MobileNetV2,test,0.011158094741404057,0.005764354020357132,0.5354998707771301,0.10599688440561295,0.00426898617297411,0.004916354548186064,0.0006379052647389472,0.18746592104434967,0.08792689442634583,0.02320329286158085,0.03316149488091469
C:\Projects\TM470\data\processed\test\Lactarius\206_32LgeIY1Yeg.jpg,Lactarius/206_32LgeIY1Yeg.jpg,Lactarius,Boletus,False,0.6140266060829163,0.0067863000003853,MobileNetV2,test,0.0026182157453149557,0.006932948250323534,0.6140266060829163,0.029469972476363182,0.00032384044607169926,3.914185526809888e-06,0.0018052321393042803,0.0010027737589552999,0.176670104265213,0.1001400575041771,0.06700640916824341
C:\Projects\TM470\data\processed\test\Lactarius\216_XQewJ4iZ0SE.jpg,Lactarius/216_XQewJ4iZ0SE.jpg,Lactarius,Boletus,False,0.9271202087402344,0.007574499999464,MobileNetV2,test,0.002206722041592002,0.036351509392261505,0.9271202087402344,0.00308943260461092,0.0002539525739848614,6.988731797719083e-07,0.0004592933692038059,2.433991539874114e-05,0.023148061707615852,0.0060046399012207985,0.0013410920510068536
C:\Projects\TM470\data\processed\test\Lactarius\217_NouQvvUbzkI.jpg,Lactarius/217_NouQvvUbzkI.jpg,Lactarius,Boletus,False,0.9098192453384399,0.0068011000003025,MobileNetV2,test,0.00018547162471804768,0.019210603088140488,0.9098192453384399,0.0008893333724699914,6.731140274496283e-06,3.839141271555491e-08,0.00011456484207883477,3.1653155474486994e-06,0.02124067023396492,0.047337595373392105,0.00119260442443192
C:\Projects\TM470\data\processed\test\Lactarius\220_s7m6OJgigsQ.jpg,Lactarius/220_s7m6OJgigsQ.jpg,Lactarius,Lactarius,True,0.5107911229133606,0.0079741999998077,MobileNetV2,test,0.0009900601580739021,0.0018528009532019496,0.038805026561021805,0.12321937084197998,0.000812356942333281,1.795745629351586e-05,0.030987311154603958,0.02573045901954174,0.5107911229133606,0.07323133200407028,0.19356216490268707
C:\Projects\TM470\data\processed\test\Lactarius\221_gFGMtF63hew.jpg,Lactarius/221_gFGMtF63hew.jpg,Lactarius,Lactarius,True,0.6077290773391724,0.0077402999995683,MobileNetV2,test,5.179496292839758e-05,0.00011403017560951412,0.049757298082113266,0.11615017056465149,0.0001821795740397647,1.1972618949585012e-06,0.05118903890252113,0.00036943843588232994,0.6077290773391724,0.028055904433131218,0.14639979600906372
C:\Projects\TM470\data\processed\test\Lactarius\233_Zrhk_kzm9RI.jpg,Lactarius/233_Zrhk_kzm9RI.jpg,Lactarius,Boletus,False,0.7398990988731384,0.0074880000011035,MobileNetV2,test,0.001290505868382752,0.0020512619521468878,0.7398990988731384,0.049881353974342346,0.003936790861189365,0.0002017312654061243,0.0021440142299979925,0.012446843087673187,0.1119246706366539,0.05188563093543053,0.024338096380233765
C:\Projects\TM470\data\processed\test\Lactarius\243_Kcz6T9Gexhs.jpg,Lactarius/243_Kcz6T9Gexhs.jpg,Lactarius,Boletus,False,0.5864270329475403,0.0069316999997681,MobileNetV2,test,0.0012632020516321063,0.08051326870918274,0.5864270329475403,0.04106483235955238,0.0010432952549308538,2.1228468540357426e-05,0.15055635571479797,0.0013180364621803164,0.07943686097860336,0.022125862538814545,0.03623001277446747
C:\Projects\TM470\data\processed\test\Lactarius\245_8a_KwW3R88w.jpg,Lactarius/245_8a_KwW3R88w.jpg,Lactarius,Cortinarius,False,0.5574291944503784,0.0077407999997376,MobileNetV2,test,0.005944847594946623,0.0712084174156189,0.21437112987041473,0.5574291944503784,0.0007535153417848051,1.6851018926899997e-06,0.006328788585960865,0.0008749704575166106,0.01908559538424015,0.050123970955610275,0.07387792319059372
C:\Projects\TM470\data\processed\test\Lactarius\246_RXGb-uY_OT0.jpg,Lactarius/246_RXGb-uY_OT0.jpg,Lactarius,Hygrocybe,False,0.3287676274776459,0.0074184999994031,MobileNetV2,test,0.0008399551152251661,0.012412933632731438,0.013497859239578247,0.06319256126880646,0.0013244730653241277,5.230157967162086e-06,0.3287676274776459,0.001438923878595233,0.32544395327568054,0.06284560263156891,0.19023092091083527
C:\Projects\TM470\data\processed\test\Lactarius\253_04FkFVirQ7Y.jpg,Lactarius/253_04FkFVirQ7Y.jpg,Lactarius,Russula,False,0.663981020450592,0.0072059000012814,MobileNetV2,test,0.0010377152357250452,0.006471160799264908,0.0032223595771938562,0.024361032992601395,0.004497118294239044,1.605954639671836e-05,0.0036417695228010416,0.0009982999181374907,0.28745466470718384,0.663981020450592,0.004318826831877232
C:\Projects\TM470\data\processed\test\Lactarius\263_q4EWqSw73ss.jpg,Lactarius/263_q4EWqSw73ss.jpg,Lactarius,Cortinarius,False,0.8672371506690979,0.0071568000003026,MobileNetV2,test,0.008558999747037888,0.011668326333165169,0.0051977611146867275,0.8672371506690979,0.024239731952548027,9.551582479616627e-06,0.0013381380122154951,0.004286437761038542,0.0330866239964962,0.03684009239077568,0.007537180557847023
C:\Projects\TM470\data\processed\test\Lactarius\276_hZykQcrhdmk.jpg,Lactarius/276_hZykQcrhdmk.jpg,Lactarius,Cortinarius,False,0.5203496813774109,0.0073609999999462,MobileNetV2,test,0.007378136273473501,0.006264050956815481,0.1315537542104721,0.5203496813774109,0.0004609538591466844,3.2533000648982124e-07,0.0017567429458722472,0.0003028515202458948,0.12721718847751617,0.1301899403333664,0.07452641427516937
C:\Projects\TM470\data\processed\test\Lactarius\288_q9eXJ9RotUs.jpg,Lactarius/288_q9eXJ9RotUs.jpg,Lactarius,Cortinarius,False,0.310616135597229,0.0081573000006756,MobileNetV2,test,0.009078003466129303,0.011205259710550308,0.07077016681432724,0.310616135597229,0.019367676228284836,0.004131198860704899,0.18616025149822235,0.05275304615497589,0.1811722218990326,0.005572070833295584,0.14917400479316711
C:\Projects\TM470\data\processed\test\Lactarius\295_d1IVZwM135g.jpg,Lactarius/295_d1IVZwM135g.jpg,Lactarius,Cortinarius,False,0.42927873134613037,0.0074965999992855,MobileNetV2,test,0.0003531712864059955,0.0001663301809458062,0.04720626398921013,0.42927873134613037,0.00022927812824491411,3.7784250253025675e-06,0.0603732094168663,0.0023261783644557,0.31289705634117126,0.003881295910105109,0.14328475296497345
C:\Projects\TM470\data\processed\test\Lactarius\310_MVmkt2VWorA.jpg,Lactarius/310_MVmkt2VWorA.jpg,Lactarius,Lactarius,True,0.49941757321357727,0.0079251999995904,MobileNetV2,test,0.0001664402661845088,0.00021173528512008488,0.13512082397937775,0.023525580763816833,2.9062864996376447e-05,7.058454798425373e-07,0.005747983697801828,0.0009706848068162799,0.49941757321357727,0.24603953957557678,0.08876989781856537
C:\Projects\TM470\data\processed\test\Lactarius\312_Kxi6Fhuexdw.jpg,Lactarius/312_Kxi6Fhuexdw.jpg,Lactarius,Russula,False,0.5191394090652466,0.0074432000001252,MobileNetV2,test,6.399636731657665e-07,7.801276296959259e-06,0.022230707108974457,0.03873949497938156,2.543910397889704e-07,2.879343152795144e-10,0.0030299504287540913,4.200037437840365e-06,0.169687882065773,0.5191394090652466,0.2471596896648407
C:\Projects\TM470\data\processed\test\Lactarius\327_Hk8VyUuKT-A.jpg,Lactarius/327_Hk8VyUuKT-A.jpg,Lactarius,Cortinarius,False,0.21214455366134644,0.0072929999987536,MobileNetV2,test,0.197153240442276,0.06490641087293625,0.00014552967331837863,0.21214455366134644,0.15563300251960754,0.0003548843087628484,0.04496216028928757,0.18908394873142242,0.1176641657948494,0.006085818167775869,0.011866309680044651
C:\Projects\TM470\data\processed\test\Lactarius\333_NGUe2XVS3hk.jpg,Lactarius/333_NGUe2XVS3hk.jpg,Lactarius,Cortinarius,False,0.5231860876083374,0.0072903000000223,MobileNetV2,test,0.006287634372711182,0.0066740550100803375,0.11580818146467209,0.5231860876083374,0.010564970783889294,0.001922961906529963,0.026398049667477608,0.047688283026218414,0.13492265343666077,0.024086179211735725,0.10246098041534424
C:\Projects\TM470\data\processed\test\Lactarius\335_fqi3SPxPO_M.jpg,Lactarius/335_fqi3SPxPO_M.jpg,Lactarius,Lactarius,True,0.8431828618049622,0.0070674999988113,MobileNetV2,test,0.0017601422732695937,0.0012830013874918222,0.04592544585466385,0.033497173339128494,0.005200054496526718,0.0002639039303176105,0.009372465312480927,0.009277903474867344,0.8431828618049622,0.021090632304549217,0.029146401211619377
C:\Projects\TM470\data\processed\test\Lactarius\338_SSuhFw6v6bo.jpg,Lactarius/338_SSuhFw6v6bo.jpg,Lactarius,Cortinarius,False,0.7422965168952942,0.0072035000011965,MobileNetV2,test,0.0009257214842364192,0.0010981123195961118,0.0016540694050490856,0.7422965168952942,0.023988917469978333,0.000120299679110758,0.02415308728814125,0.0021527681965380907,0.1849643737077713,0.0063464706763625145,0.012299757450819016
C:\Projects\TM470\data\processed\test\Lactarius\340_eLuW-nUYdC0.jpg,Lactarius/340_eLuW-nUYdC0.jpg,Lactarius,Boletus,False,0.7064288854598999,0.007168800000727,MobileNetV2,test,0.002993375761434436,0.0017055193893611431,0.7064288854598999,0.17832089960575104,9.585530642652884e-05,5.607378170680022e-06,0.0004114458861295134,0.0008680108585394919,0.014063217677175999,0.008546371944248676,0.08656077831983566
C:\Projects\TM470\data\processed\test\Lactarius\353_ZQcLrpjLWBc.jpg,Lactarius/353_ZQcLrpjLWBc.jpg,Lactarius,Lactarius,True,0.454093337059021,0.0075441999997565,MobileNetV2,test,0.026797933503985405,0.15263384580612183,0.12992319464683533,0.015862908214330673,0.004439657088369131,1.3029894944338594e-05,0.005996539257466793,0.0044204299338161945,0.454093337059021,0.17762459814548492,0.028194468468427658
C:\Projects\TM470\data\processed\test\Lactarius\355_THNiI8IQ5e4.jpg,Lactarius/355_THNiI8IQ5e4.jpg,Lactarius,Russula,False,0.560193657875061,0.0069354999995994,MobileNetV2,test,0.02153647318482399,0.09740766882896423,0.012000303715467453,0.0004956170450896025,0.00047690648352727294,6.295408184087137e-06,0.0008572008227929473,0.000564923626370728,0.30577707290649414,0.560193657875061,0.0006839117268100381
C:\Projects\TM470\data\processed\test\Lactarius\364_TiFrgt8za6w.jpg,Lactarius/364_TiFrgt8za6w.jpg,Lactarius,Russula,False,0.6855631470680237,0.0080035999999381,MobileNetV2,test,0.0088527025654912,0.10577607154846191,0.031280163675546646,0.017224447801709175,0.0035751271061599255,0.00012604841322172433,0.005944414995610714,0.001723508583381772,0.1332092583179474,0.6855631470680237,0.006725166458636522
C:\Projects\TM470\data\processed\test\Lactarius\365_gihWtePuGlo.jpg,Lactarius/365_gihWtePuGlo.jpg,Lactarius,Russula,False,0.9918225407600403,0.0070892000003368,MobileNetV2,test,0.00011169964272994548,0.00011430906306486577,0.0005449876189231873,0.0006804254953749478,4.998070721740078e-07,6.249608830444231e-09,8.071964657574426e-06,4.563817128655501e-05,0.006016488187015057,0.9918225407600403,0.0006552780396305025
C:\Projects\TM470\data\processed\test\Lactarius\373_sb1ABlLL_Io.jpg,Lactarius/373_sb1ABlLL_Io.jpg,Lactarius,Russula,False,0.9370806217193604,0.0083541000003606,MobileNetV2,test,0.004292640835046768,0.004977984353899956,0.000740241608582437,0.04095299541950226,2.4915985704865307e-05,3.446713435550919e-06,8.457311196252704e-05,0.0007899227784946561,0.010228444822132587,0.9370806217193604,0.0008242212352342904
C:\Projects\TM470\data\processed\test\Lactarius\381_70eN3baoMiU.jpg,Lactarius/381_70eN3baoMiU.jpg,Lactarius,Russula,False,0.4984220862388611,0.0080303000013373,MobileNetV2,test,0.06062569096684456,0.16155964136123657,0.02578561380505562,0.21605972945690155,0.0011909641325473785,1.8648948753252625e-05,0.0010863415664061904,0.0011903941631317139,0.02546011097729206,0.4984220862388611,0.008600764907896519
C:\Projects\TM470\data\processed\test\Lactarius\391_x5VHqfidZUA.jpg,Lactarius/391_x5VHqfidZUA.jpg,Lactarius,Lactarius,True,0.5282455086708069,0.0072660999994695,MobileNetV2,test,0.0037472827825695276,0.011130258440971375,0.12473531812429428,0.06780064851045609,0.010626508854329586,4.5396423956844956e-05,0.04553970694541931,0.016011586412787437,0.5282455086708069,0.034705668687820435,0.1574120819568634
C:\Projects\TM470\data\processed\test\Lactarius\394_pA_n_Wu4_60.jpg,Lactarius/394_pA_n_Wu4_60.jpg,Lactarius,Russula,False,0.9570401310920715,0.0077966000008018,MobileNetV2,test,8.319936750922352e-05,0.0002500816772226244,0.0024230440612882376,0.0027778756339102983,4.615181296685478e-06,1.603269161876142e-08,0.00012852517829742283,8.73549870448187e-05,0.03372789919376373,0.9570401310920715,0.00347728724591434
C:\Projects\TM470\data\processed\test\Lactarius\410_gHeG6gEpGT8.jpg,Lactarius/410_gHeG6gEpGT8.jpg,Lactarius,Boletus,False,0.3576854467391968,0.0074664999992819,MobileNetV2,test,0.011954687535762787,0.02288324572145939,0.3576854467391968,0.10540086030960083,0.015277858823537827,0.0006202690419740975,0.023308776319026947,0.06692235171794891,0.2111665904521942,0.04997807368636131,0.13480184972286224
C:\Projects\TM470\data\processed\test\Lactarius\412_r_okI2cO5S4.jpg,Lactarius/412_r_okI2cO5S4.jpg,Lactarius,Boletus,False,0.8200927972793579,0.0075828999997611,MobileNetV2,test,0.0001867208629846573,0.0016620473470538855,0.8200927972793579,0.003399884095415473,6.16610032011522e-06,5.85912175665726e-07,0.0012092406395822763,0.00010221989214187488,0.04125581309199333,0.12432624399662018,0.007758242543786764
C:\Projects\TM470\data\processed\test\Russula\001_iKuK1p9EOJ0.jpg,Russula/001_iKuK1p9EOJ0.jpg,Russula,Suillus,False,0.28949764370918274,0.0075402999991638,MobileNetV2,test,0.01302572712302208,0.020610731095075607,0.04500426724553108,0.22296437621116638,0.0006559480680152774,1.2496984709287062e-05,0.05900118499994278,0.00989067554473877,0.2046462893486023,0.13469059765338898,0.28949764370918274
C:\Projects\TM470\data\processed\test\Russula\007_gZhfQcNeM9U.jpg,Russula/007_gZhfQcNeM9U.jpg,Russula,Russula,True,0.8868588209152222,0.0071034000011422,MobileNetV2,test,0.01256791315972805,0.07459568977355957,0.007247348316013813,0.0025533640291541815,9.300645615439862e-05,3.1398390092363115e-06,0.0001982945977943018,0.0003487035573925823,0.01512128859758377,0.8868588209152222,0.00041238791891373694
C:\Projects\TM470\data\processed\test\Russula\008_Dz7lB9JtqxQ.jpg,Russula/008_Dz7lB9JtqxQ.jpg,Russula,Russula,True,0.9078146815299988,0.0070680999997421,MobileNetV2,test,0.0010836046421900392,0.01990160159766674,0.0024116779677569866,0.0006671419832855463,0.0002928581088781357,1.7432914319215342e-05,0.0011466690339148045,0.0011476322542876005,0.06493855267763138,0.9078146815299988,0.0005781544605270028
C:\Projects\TM470\data\processed\test\Russula\013_LGHqXuWMeHE.jpg,Russula/013_LGHqXuWMeHE.jpg,Russula,Lactarius,False,0.7728773355484009,0.0069239999993442,MobileNetV2,test,0.0185927152633667,0.023982109501957893,0.0004955392214469612,0.017212580889463425,0.013277008198201656,6.868113359814743e-06,0.050126813352108,0.046694498509168625,0.7728773355484009,0.005959178786724806,0.050775445997714996
C:\Projects\TM470\data\processed\test\Russula\014_a6ZorjAMstY.jpg,Russula/014_a6ZorjAMstY.jpg,Russula,Lactarius,False,0.2419014424085617,0.0079917999992176,MobileNetV2,test,0.10932991653680801,0.06324253976345062,0.11569644510746002,0.07439123094081879,0.003428783966228366,0.07305705547332764,0.012676487676799297,0.0775662362575531,0.2419014424085617,0.20575739443302155,0.02295246720314026
C:\Projects\TM470\data\processed\test\Russula\019_EKkNgTevh1g.jpg,Russula/019_EKkNgTevh1g.jpg,Russula,Russula,True,0.5104954242706299,0.009696500001155,MobileNetV2,test,0.015521523542702198,0.027311263605952263,0.06254445016384125,0.0331597700715065,0.0018515473930165172,1.2187385436845943e-05,0.006364625412970781,0.0032034246250987053,0.3239634335041046,0.5104954242706299,0.015572356060147285
C:\Projects\TM470\data\processed\test\Russula\024_rhgAyyNHSJo.jpg,Russula/024_rhgAyyNHSJo.jpg,Russula,Inocybe,False,0.4350726008415222,0.0085222000016074,MobileNetV2,test,0.15043240785598755,0.02959718182682991,0.00433302391320467,0.08648672699928284,0.0023783864453434944,0.0002833775070030242,0.006739031057804823,0.4350726008415222,0.20969927310943604,0.0376126654446125,0.037365321069955826
C:\Projects\TM470\data\processed\test\Russula\025_k35cqXEzH7Y.jpg,Russula/025_k35cqXEzH7Y.jpg,Russula,Lactarius,False,0.6059743165969849,0.007027100000414,MobileNetV2,test,0.008110657334327698,0.010276575572788715,0.01665143296122551,0.00791001133620739,0.0014185874024406075,5.684644747816492e-06,0.004306755028665066,0.015934020280838013,0.6059743165969849,0.301031231880188,0.0283807385712862
C:\Projects\TM470\data\processed\test\Russula\030_sCKfBfNbOl4.jpg,Russula/030_sCKfBfNbOl4.jpg,Russula,Russula,True,0.8413443565368652,0.0077260999987629,MobileNetV2,test,0.006333797704428434,0.01894282177090645,0.0707705169916153,0.0035259684082120657,0.0001992007892113179,3.3580479339434532e-06,5.725968730985187e-05,0.0007144507253542542,0.05732429772615433,0.8413443565368652,0.0007840105099603534
C:\Projects\TM470\data\processed\test\Russula\039_ikQwz6n6X4o.jpg,Russula/039_ikQwz6n6X4o.jpg,Russula,Russula,True,0.6579713821411133,0.0070472999996127,MobileNetV2,test,0.01959947869181633,0.06258075684309006,0.038919415324926376,0.19782046973705292,0.00040350513882003725,1.0260688213747926e-05,0.0004859483160544187,0.00371270882897079,0.009836152195930481,0.6579713821411133,0.00865992996841669
C:\Projects\TM470\data\processed\test\Russula\043_a_5lm55zCVc.jpg,Russula/043_a_5lm55zCVc.jpg,Russula,Russula,True,0.24829335510730743,0.0071052000002964,MobileNetV2,test,0.03957683593034744,0.031057218089699745,0.02645144797861576,0.11249669641256332,0.007088830694556236,0.10214372724294662,0.018814606592059135,0.20399317145347595,0.1842399537563324,0.24829335510730743,0.025844091549515724
C:\Projects\TM470\data\processed\test\Russula\043_fOQ2ffx-cy8.jpg,Russula/043_fOQ2ffx-cy8.jpg,Russula,Russula,True,0.9489184617996216,0.0079871999987517,MobileNetV2,test,0.0029457283671945333,0.013556316494941711,0.0026218011043965816,0.011183006688952446,0.0017648381181061268,5.884173879167065e-05,0.0002232942933915183,0.009837180376052856,0.008553499355912209,0.9489184617996216,0.0003371058264747262
C:\Projects\TM470\data\processed\test\Russula\047_eHKYt6tnSCs.jpg,Russula/047_eHKYt6tnSCs.jpg,Russula,Inocybe,False,0.22298143804073334,0.0074836000003415,MobileNetV2,test,0.08489883691072464,0.16966307163238525,0.17481082677841187,0.06344860047101974,0.008996211923658848,0.05853505805134773,0.013542166911065578,0.22298143804073334,0.09974034130573273,0.058033645153045654,0.04534981772303581
C:\Projects\TM470\data\processed\test\Russula\050_MwOq3EeFUvc.jpg,Russula/050_MwOq3EeFUvc.jpg,Russula,Russula,True,0.9728547930717468,0.0081951000011031,MobileNetV2,test,3.132781421300024e-05,0.0004118838987778872,0.00011031038593500853,9.112145198741928e-05,3.498219257380697e-06,7.352429221008094e-10,0.00030448849429376423,2.6878599328483688e-06,0.025814447551965714,0.9728547930717468,0.00037533260183408856
C:\Projects\TM470\data\processed\test\Russula\057_jOjOWsmPwSs.jpg,Russula/057_jOjOWsmPwSs.jpg,Russula,Boletus,False,0.7798545956611633,0.0082922000001417,MobileNetV2,test,0.004107908811420202,0.006864265073090792,0.7798545956611633,0.011343483813107014,0.00174722948577255,0.0017957671079784632,0.0032724174670875072,0.016159111633896828,0.13018761575222015,0.01794380135834217,0.026723772287368774
C:\Projects\TM470\data\processed\test\Russula\058_rXtA5QC0tm0.jpg,Russula/058_rXtA5QC0tm0.jpg,Russula,Russula,True,0.4262335002422333,0.0071753000011085,MobileNetV2,test,0.03796964883804321,0.05413034185767174,0.2514899671077728,0.079425148665905,0.0004827442462556064,0.023283084854483604,0.007916177622973919,0.03240932524204254,0.07088716328144073,0.4262335002422333,0.015772854909300804
C:\Projects\TM470\data\processed\test\Russula\064_7LLSFgmojbg.jpg,Russula/064_7LLSFgmojbg.jpg,Russula,Russula,True,0.8912942409515381,0.0071203999996214,MobileNetV2,test,9.665997640695423e-05,0.0010305197210982442,0.00014329598343465477,0.02590765804052353,0.00037348439218476415,2.324612751181121e-06,0.0011882063699886203,0.00020223145838826895,0.0777532160282135,0.8912942409515381,0.0020082013215869665
C:\Projects\TM470\data\processed\test\Russula\066_QwlTSWbST_A.jpg,Russula/066_QwlTSWbST_A.jpg,Russula,Russula,True,0.5163474082946777,0.0071008000013534,MobileNetV2,test,0.0001028483675327152,0.01475622970610857,0.0022980417124927044,0.08378484845161438,4.8698191676521674e-05,6.041008191459696e-07,0.33006125688552856,0.0001236934185726568,0.02551424503326416,0.5163474082946777,0.026962103322148323
C:\Projects\TM470\data\processed\test\Russula\067_1HwiqbR9nY4.jpg,Russula/067_1HwiqbR9nY4.jpg,Russula,Lactarius,False,0.47982490062713623,0.0073640999999042,MobileNetV2,test,0.0027594089042395353,0.004045022185891867,0.1818213313817978,0.0997706800699234,0.0029561519622802734,7.587810250697657e-05,0.0014831628650426865,0.00991927832365036,0.47982490062713623,0.18778055906295776,0.029563579708337784
C:\Projects\TM470\data\processed\test\Russula\087_dkTD8ebKnDo.jpg,Russula/087_dkTD8ebKnDo.jpg,Russula,Russula,True,0.9152706861495972,0.0071650000008958,MobileNetV2,test,7.789610390318558e-05,0.0010067339753732085,0.05950481444597244,0.01541636511683464,6.277943612076342e-06,8.914086038203095e-07,0.00016261718701571226,0.0002637610014062375,0.006465261336416006,0.9152706861495972,0.0018246413674205542
C:\Projects\TM470\data\processed\test\Russula\090_wTqyZFVyKa4.jpg,Russula/090_wTqyZFVyKa4.jpg,Russula,Russula,True,0.49722862243652344,0.0071026999994501,MobileNetV2,test,0.0005944538279436529,0.0018383217975497246,0.2751897871494293,0.06303522735834122,3.362533971085213e-05,2.130651637344272e-06,0.003192981705069542,0.00039223869680427015,0.08767988532781601,0.49722862243652344,0.07081270217895508
C:\Projects\TM470\data\processed\test\Russula\091_OhbGtsJOrac.jpg,Russula/091_OhbGtsJOrac.jpg,Russula,Lactarius,False,0.24556441605091095,0.0073903000011341,MobileNetV2,test,0.14683635532855988,0.054588910192251205,0.031175440177321434,0.18058235943317413,0.008729038760066032,4.604738478519721e-06,0.011789328418672085,0.0651443749666214,0.24556441605091095,0.16229248046875,0.09329263120889664
C:\Projects\TM470\data\processed\test\Russula\096_RZyKfwF8OnQ.jpg,Russula/096_RZyKfwF8OnQ.jpg,Russula,Lactarius,False,0.47678467631340027,0.0072177999991254,MobileNetV2,test,4.416329466039315e-05,0.0003983188944403082,0.12374044209718704,0.010771740227937698,6.65487232254236e-06,4.0939090695246705e-07,0.03527265787124634,0.0003600729105528444,0.47678467631340027,0.24324925243854523,0.10937166959047318
C:\Projects\TM470\data\processed\test\Russula\097_MDNp4nnFbsU.jpg,Russula/097_MDNp4nnFbsU.jpg,Russula,Boletus,False,0.8785176277160645,0.0072546999999758,MobileNetV2,test,0.0019129972206428647,0.006171897519379854,0.8785176277160645,0.008482621982693672,6.731203757226467e-05,6.343168206512928e-05,0.00261045154184103,0.0031161231454461813,0.027920708060264587,0.020085256546735764,0.051051560789346695
C:\Projects\TM470\data\processed\test\Russula\097_vcRnfngKDrA.jpg,Russula/097_vcRnfngKDrA.jpg,Russula,Russula,True,0.9101935625076294,0.0071702000004734,MobileNetV2,test,0.0015053418464958668,0.007070497144013643,7.795111741870642e-05,0.07198324799537659,3.234786709072068e-05,1.9759761471505044e-06,0.002503803465515375,0.0008513442589901388,0.003992206417024136,0.9101935625076294,0.0017877210630103946
C:\Projects\TM470\data\processed\test\Russula\102_ZPT8jUM20PQ.jpg,Russula/102_ZPT8jUM20PQ.jpg,Russula,Lactarius,False,0.4358820617198944,0.0083006000004388,MobileNetV2,test,0.0002883868583012372,0.0009092005784623325,0.06917772442102432,0.015281835570931435,0.00010076197213493288,3.1201116712509247e-07,0.0014215470291674137,0.0004738347779493779,0.4358820617198944,0.4327145516872406,0.04374973103404045
C:\Projects\TM470\data\processed\test\Russula\104_Rsfyh5xO7v4.jpg,Russula/104_Rsfyh5xO7v4.jpg,Russula,Lactarius,False,0.6821173429489136,0.006986099999267,MobileNetV2,test,0.0034590810537338257,0.0037575464230030775,0.002023402601480484,0.04896270111203194,0.003298079129308462,5.161956778465537e-06,0.0810299888253212,0.005667511839419603,0.6821173429489136,0.05695168673992157,0.11272762715816498
C:\Projects\TM470\data\processed\test\Russula\105_-Z8GVGlP6ZQ.jpg,Russula/105_-Z8GVGlP6ZQ.jpg,Russula,Cortinarius,False,0.5367570519447327,0.0090884999990521,MobileNetV2,test,0.0001768497022567317,0.0002464298449922353,0.0011346787214279175,0.5367570519447327,6.0783218941651285e-05,7.965912374174877e-09,0.0023656024131923914,0.0014142196159809828,0.07031763345003128,0.12400010973215103,0.26352667808532715
C:\Projects\TM470\data\processed\test\Russula\110_Dq7-S4a1PBA.jpg,Russula/110_Dq7-S4a1PBA.jpg,Russula,Inocybe,False,0.42012521624565125,0.0080952999996952,MobileNetV2,test,0.06357579678297043,0.13098132610321045,0.09284672141075134,0.04307815060019493,0.012770256958901882,0.0412566177546978,0.015323868952691555,0.42012521624565125,0.08994800597429276,0.0595739372074604,0.030520088970661163
C:\Projects\TM470\data\processed\test\Russula\110_tI1gcfV67iM.jpg,Russula/110_tI1gcfV67iM.jpg,Russula,Russula,True,0.9459745287895203,0.0084754999988945,MobileNetV2,test,0.0006030503427609801,0.03636372089385986,0.0015966411447152495,0.010699395090341568,1.9924371372326277e-05,2.966478120924876e-07,8.498450188199058e-05,0.00031692686025053263,0.002479702699929476,0.9459745287895203,0.001860875985585153
C:\Projects\TM470\data\processed\test\Russula\112_LjHLUTH9Ofo.jpg,Russula/112_LjHLUTH9Ofo.jpg,Russula,Russula,True,0.9216451644897461,0.0088668000007601,MobileNetV2,test,0.00010816656140377745,0.00026284335763193667,0.01366003230214119,0.01281494926661253,3.950840891775442e-06,5.051385443266554e-08,0.0003648195415735245,0.00014469068264588714,0.027241064235568047,0.9216451644897461,0.023754367604851723
C:\Projects\TM470\data\processed\test\Russula\115_421ZUjl0L6I.jpg,Russula/115_421ZUjl0L6I.jpg,Russula,Lactarius,False,0.7596598267555237,0.0086836999998922,MobileNetV2,test,0.00537368468940258,0.009794984012842178,0.053756196051836014,0.006971070077270269,0.05782167240977287,0.002354456577450037,0.001685946248471737,0.031157664954662323,0.7596598267555237,0.06746885925531387,0.003955593798309565
C:\Projects\TM470\data\processed\test\Russula\116_1OsHlMx-dSQ.jpg,Russula/116_1OsHlMx-dSQ.jpg,Russula,Russula,True,0.4680412709712982,0.0082624999995459,MobileNetV2,test,0.015710044652223587,0.0183161199092865,0.3621256947517395,0.03118172474205494,0.0007119476213119924,7.262071903824108e-06,0.0002521833230275661,0.0026418291963636875,0.08872383087873459,0.4680412709712982,0.01228812150657177
C:\Projects\TM470\data\processed\test\Russula\121_G6PKJxVEa-M.jpg,Russula/121_G6PKJxVEa-M.jpg,Russula,Russula,True,0.7631999254226685,0.0076548000015463,MobileNetV2,test,0.0011978353140875697,0.023026879876852036,0.13741981983184814,0.0024242126382887363,6.707491411361843e-05,3.694679762134001e-08,0.00024814254720695317,0.0003528061497490853,0.053252022713422775,0.7631999254226685,0.018811358138918877
C:\Projects\TM470\data\processed\test\Russula\127_VbgJEufLv7I.jpg,Russula/127_VbgJEufLv7I.jpg,Russula,Russula,True,0.7318440079689026,0.0080821999999898,MobileNetV2,test,0.02045275829732418,0.1906016767024994,0.003722819732502103,0.0012775823706761003,0.0003352985077071935,8.455940405838192e-05,0.0001498596102464944,0.03617076575756073,0.015105179511010647,0.7318440079689026,0.0002554611419327557
C:\Projects\TM470\data\processed\test\Russula\139_H3FH6JjjTzg.jpg,Russula/139_H3FH6JjjTzg.jpg,Russula,Russula,True,0.7710735201835632,0.0076535999996849,MobileNetV2,test,0.00934575218707323,0.017333319410681725,0.0014746371889486909,0.09264015406370163,0.0020869444124400616,8.453575719613582e-05,0.0055963038466870785,0.013380840420722961,0.07930952310562134,0.7710735201835632,0.007674486376345158
C:\Projects\TM470\data\processed\test\Russula\145_o2dRwsYbjMY.jpg,Russula/145_o2dRwsYbjMY.jpg,Russula,Boletus,False,0.41497835516929626,0.0077170000004116,MobileNetV2,test,0.00018025921599473804,0.0009427709155716002,0.41497835516929626,0.18590869009494781,0.0006143044447526336,9.01643306860933e-06,0.010354448109865189,0.003357561072334647,0.2170703113079071,0.007614094763994217,0.1589701622724533
C:\Projects\TM470\data\processed\test\Russula\150_HG0rdEL96d8.jpg,Russula/150_HG0rdEL96d8.jpg,Russula,Russula,True,0.8751417994499207,0.0081079999999928,MobileNetV2,test,0.0014107184251770377,0.06272700428962708,0.01176232285797596,0.016916515305638313,0.00029720287420786917,1.1735123734979425e-05,0.000551805249415338,0.0012908857315778732,0.025961264967918396,0.8751417994499207,0.003928745165467262
C:\Projects\TM470\data\processed\test\Russula\152_T7Jz4WBLsEQ.jpg,Russula/152_T7Jz4WBLsEQ.jpg,Russula,Russula,True,0.6615780591964722,0.0072019999988697,MobileNetV2,test,0.001596024725586176,0.08514999598264694,0.058937203139066696,0.010450603440403938,0.0005758780753239989,0.00027341675013303757,0.0031962210778146982,0.022086165845394135,0.14696455001831055,0.6615780591964722,0.009191914461553097
C:\Projects\TM470\data\processed\test\Russula\165_iSv1-9PofVg.jpg,Russula/165_iSv1-9PofVg.jpg,Russula,Russula,True,0.7893239855766296,0.0075293999998393,MobileNetV2,test,0.004087034612894058,0.0009218342020176351,0.0012389413313940167,0.19962075352668762,0.0002695570874493569,1.1459136430858052e-06,2.4232136638602242e-05,0.0004455608141142875,0.003422355279326439,0.7893239855766296,0.0006445881444960833
C:\Projects\TM470\data\processed\test\Russula\167_9loyXWNmBDI.jpg,Russula/167_9loyXWNmBDI.jpg,Russula,Russula,True,0.9862385988235474,0.0079213000008167,MobileNetV2,test,2.7192911147722043e-05,0.003831245470792055,0.003142713103443384,0.0006557974265888333,8.491736593896348e-07,9.76783876005527e-10,0.0003077708533965051,5.472243174153846e-06,0.004394141025841236,0.9862385988235474,0.0013961861841380596
C:\Projects\TM470\data\processed\test\Russula\170_8gD6VgBIRW8.jpg,Russula/170_8gD6VgBIRW8.jpg,Russula,Boletus,False,0.990481436252594,0.0084715000011783,MobileNetV2,test,0.00032293915865011513,0.00358700193464756,0.990481436252594,0.0034888326190412045,2.2319401978165843e-05,3.775110712922469e-07,4.9848342314362526e-05,1.4428834219870623e-05,0.0007474249578081071,0.0008669656817801297,0.0004184654972050339
C:\Projects\TM470\data\processed\test\Russula\174_ZHZm2cjKSd4.jpg,Russula/174_ZHZm2cjKSd4.jpg,Russula,Russula,True,0.9575038552284241,0.0070799999994051,MobileNetV2,test,0.000289774063276127,0.0007168394513428211,0.0013259683037176728,0.03518133983016014,1.2467442502384074e-05,2.7660400192530687e-08,7.154826744226739e-05,1.5875668395892717e-05,0.00379673158749938,0.9575038552284241,0.0010855791624635458
C:\Projects\TM470\data\processed\test\Russula\183_7HPLUZ0JPGw.jpg,Russula/183_7HPLUZ0JPGw.jpg,Russula,Lactarius,False,0.28011438250541687,0.0082865999993373,MobileNetV2,test,0.03680986538529396,0.15893320739269257,0.02405860647559166,0.01715085655450821,0.07227342575788498,0.038351185619831085,0.019535554572939873,0.09480699896812439,0.28011438250541687,0.2445092499256134,0.013456618413329124
C:\Projects\TM470\data\processed\test\Russula\187_eVoSi006rJc.jpg,Russula/187_eVoSi006rJc.jpg,Russula,Russula,True,0.5540530681610107,0.0070629000001645,MobileNetV2,test,0.0001379050372634083,0.0026885292027145624,0.0031669766176491976,0.012582658790051937,0.000263991387328133,4.114583134651184e-06,0.006289561279118061,0.001151943695731461,0.3975850045681,0.5540530681610107,0.0220761988312006
C:\Projects\TM470\data\processed\test\Russula\190_jB_ANV0GfGc.jpg,Russula/190_jB_ANV0GfGc.jpg,Russula,Russula,True,0.9512201547622681,0.0071917000004759,MobileNetV2,test,0.00020616326946765184,0.04021836072206497,0.0019270963966846466,0.0014873938634991646,8.181165321730077e-05,1.091011768039607e-06,0.00017092366761062294,0.00017704414494801313,0.00433325907215476,0.9512201547622681,0.00017668250075075775
C:\Projects\TM470\data\processed\test\Russula\193_0iPR4s0EgAE.jpg,Russula/193_0iPR4s0EgAE.jpg,Russula,Russula,True,0.8077153563499451,0.0073069999998551,MobileNetV2,test,0.017290053889155388,0.12022977322340012,0.0043366439640522,0.0022300402633845806,0.00033379558590240777,0.00025681674014776945,0.00017967657186090946,0.01345791108906269,0.03356404975056648,0.8077153563499451,0.00040585259557701647
C:\Projects\TM470\data\processed\test\Russula\194_NP3riIl0ZRw.jpg,Russula/194_NP3riIl0ZRw.jpg,Russula,Cortinarius,False,0.3560872972011566,0.0075085999997099,MobileNetV2,test,0.08737914264202118,0.052316971123218536,0.29297196865081787,0.3560872972011566,0.0007793732802383602,0.00012954660633113235,0.0012920668814331293,0.006763789802789688,0.06712450087070465,0.0894978940486908,0.04565737396478653
C:\Projects\TM470\data\processed\test\Russula\196_8vqiUiCZSf4.jpg,Russula/196_8vqiUiCZSf4.jpg,Russula,Cortinarius,False,0.24892693758010864,0.0069389000000228,MobileNetV2,test,0.23207314312458038,0.23582831025123596,0.044044945389032364,0.24892693758010864,0.009219146333634853,0.023792771622538567,0.013093755580484867,0.06207587569952011,0.05921175703406334,0.03825237601995468,0.03348098695278168
C:\Projects\TM470\data\processed\test\Russula\197_8SaITt5hQBY.jpg,Russula/197_8SaITt5hQBY.jpg,Russula,Russula,True,0.6963134407997131,0.0070949000000837,MobileNetV2,test,0.04913656413555145,0.053489238023757935,0.0013622165424749255,0.03480442613363266,0.0024617663584649563,0.010515754111111164,0.0017372211441397667,0.09713948518037796,0.05138877034187317,0.6963134407997131,0.0016510937130078673
C:\Projects\TM470\data\processed\test\Russula\200_JMAjbr8Po8M.jpg,Russula/200_JMAjbr8Po8M.jpg,Russula,Russula,True,0.6115979552268982,0.0082672999997157,MobileNetV2,test,0.017391305416822433,0.03454461693763733,0.030607227236032486,0.17851868271827698,0.0102410688996315,0.0033422745764255524,0.0012966594658792019,0.03390691801905632,0.06810326874256134,0.6115979552268982,0.010449939407408237
C:\Projects\TM470\data\processed\test\Russula\203_7ZDu3mnm2D8.jpg,Russula/203_7ZDu3mnm2D8.jpg,Russula,Boletus,False,0.7285343408584595,0.007161300000007,MobileNetV2,test,0.05579473450779915,0.020388348028063774,0.7285343408584595,0.12004663050174713,0.0006872780504636467,3.785064279782091e-07,0.0001763332838891074,0.00014849430590402335,0.046940915286540985,0.01861709915101528,0.008665559813380241
C:\Projects\TM470\data\processed\test\Russula\212_mAsF0Tdhqu8.jpg,Russula/212_mAsF0Tdhqu8.jpg,Russula,Cortinarius,False,0.6922578811645508,0.0088663999995333,MobileNetV2,test,0.000673118804115802,0.015295828692615032,0.00015174139116425067,0.6922578811645508,0.0019585932604968548,9.004502885545662e-07,0.05570555478334427,0.002955290023237467,0.03242110833525658,0.15187214314937592,0.0467078723013401
C:\Projects\TM470\data\processed\test\Russula\218_zKx8R11Bjuo.jpg,Russula/218_zKx8R11Bjuo.jpg,Russula,Hygrocybe,False,0.643822193145752,0.0095856999996613,MobileNetV2,test,0.0005698157474398613,0.0571909099817276,0.044971272349357605,0.033490851521492004,0.0005730692064389586,3.874404865200631e-05,0.643822193145752,0.001140794949606061,0.08114700019359589,0.09897653758525848,0.03807874023914337
C:\Projects\TM470\data\processed\test\Russula\219_Tj5ZWF3-yCc.jpg,Russula/219_Tj5ZWF3-yCc.jpg,Russula,Inocybe,False,0.41844913363456726,0.0120421999999962,MobileNetV2,test,0.06789705157279968,0.09967842698097229,0.05642909184098244,0.07346262782812119,0.024318508803844452,0.06854989379644394,0.011926157400012016,0.41844913363456726,0.11187723278999329,0.04435286298394203,0.02305905893445015
C:\Projects\TM470\data\processed\test\Russula\220_LB02R316CKc.jpg,Russula/220_LB02R316CKc.jpg,Russula,Russula,True,0.8385595679283142,0.0074296999991929,MobileNetV2,test,0.00679287314414978,0.005806205794215202,0.07568792998790741,0.05109790340065956,1.7424630641471595e-05,1.0898404525505612e-06,4.5625878556165844e-05,0.0005932088824920356,0.014235868118703365,0.8385595679283142,0.0071622817777097225
C:\Projects\TM470\data\processed\test\Russula\221_GAqgMbeBJ_w.jpg,Russula/221_GAqgMbeBJ_w.jpg,Russula,Russula,True,0.9508269429206848,0.0079789999999775,MobileNetV2,test,2.745834171946626e-05,0.0010724888416007161,0.0002912292256951332,0.0305220615118742,1.851821616583038e-05,1.1625616025412455e-07,0.002007199451327324,0.0002130684588337317,0.00827659573405981,0.9508269429206848,0.006744304206222296
C:\Projects\TM470\data\processed\test\Russula\222_l5ppfQIYS20.jpg,Russula/222_l5ppfQIYS20.jpg,Russula,Lactarius,False,0.295729398727417,0.0071748999998817,MobileNetV2,test,0.07918745279312134,0.06638387590646744,0.06239168345928192,0.15369093418121338,0.06668706983327866,0.04892394319176674,0.05280575156211853,0.10416484624147415,0.295729398727417,0.024592166766524315,0.04544289410114288
C:\Projects\TM470\data\processed\test\Russula\229_GvS-zosxGjw.jpg,Russula/229_GvS-zosxGjw.jpg,Russula,Russula,True,0.936772346496582,0.0074512000010145,MobileNetV2,test,0.01324960682541132,0.013479637913405895,0.004673844203352928,0.008836419321596622,2.790510916383937e-05,3.25782843901834e-06,0.00016876941663213074,0.00029176039970479906,0.022097792476415634,0.936772346496582,0.0003987538511864841
C:\Projects\TM470\data\processed\test\Russula\232_mX205dWbGSs.jpg,Russula/232_mX205dWbGSs.jpg,Russula,Boletus,False,0.775980532169342,0.0071193000003404,MobileNetV2,test,0.0001528380234958604,4.5543118176283315e-05,0.775980532169342,0.0039086309261620045,1.0387915381215862e-06,1.970032803555455e-09,6.158206088002771e-05,4.441161763679702e-06,0.10607829689979553,0.10068290680646896,0.013084186241030693
C:\Projects\TM470\data\processed\test\Russula\237_ngiHar4V9OQ.jpg,Russula/237_ngiHar4V9OQ.jpg,Russula,Russula,True,0.42944228649139404,0.0071257999989029,MobileNetV2,test,0.005088603124022484,0.0027929472271353006,0.08083242177963257,0.10869424045085907,0.0009676740155555308,5.471345048135845e-07,0.00342600722797215,0.004159045405685902,0.2690749764442444,0.42944228649139404,0.0955212190747261
C:\Projects\TM470\data\processed\test\Russula\251_fEoTrBJW8cM.jpg,Russula/251_fEoTrBJW8cM.jpg,Russula,Russula,True,0.7530224323272705,0.0069814999988011,MobileNetV2,test,0.0005625992780551314,0.002112367656081915,0.1852719932794571,0.03008795902132988,6.884605681989342e-05,3.992489837401081e-06,0.00038578794919885695,0.00036261058994568884,0.02261240966618061,0.7530224323272705,0.0055090137757360935
C:\Projects\TM470\data\processed\test\Russula\255_Kb8wme58c30.jpg,Russula/255_Kb8wme58c30.jpg,Russula,Cortinarius,False,0.8515741229057312,0.0075673000010283,MobileNetV2,test,0.006372109986841679,0.004077255725860596,0.0005386329139582813,0.8515741229057312,0.009098459035158157,1.32013781239948e-06,0.022559136152267456,0.005332474131137133,0.019662054255604744,0.008507965132594109,0.07227644324302673
C:\Projects\TM470\data\processed\test\Russula\274_HgGEtks3OsI.jpg,Russula/274_HgGEtks3OsI.jpg,Russula,Russula,True,0.9195551872253418,0.008169299999281,MobileNetV2,test,0.0009035835391841829,0.0055913422256708145,0.0019509086851030588,0.016579149290919304,0.0009737428044900298,0.0006289989687502384,0.0018120285822078586,0.00411589490249753,0.04654523357748985,0.9195551872253418,0.0013439399190247059
C:\Projects\TM470\data\processed\test\Russula\275_pEbq4xW22Ag.jpg,Russula/275_pEbq4xW22Ag.jpg,Russula,Russula,True,0.4637342095375061,0.0071982999997999,MobileNetV2,test,0.02567301131784916,0.02053453028202057,0.00022391734819393605,0.43985605239868164,6.31746297585778e-05,2.1673764422303066e-05,0.00017515245417598635,0.04098263382911682,0.0035424106754362583,0.4637342095375061,0.005193272605538368
C:\Projects\TM470\data\processed\test\Russula\280_dQwEUooNmxU.jpg,Russula/280_dQwEUooNmxU.jpg,Russula,Amanita,False,0.414462149143219,0.0076812999996036,MobileNetV2,test,0.040281541645526886,0.414462149143219,0.02737918496131897,0.003918495029211044,0.00461967708542943,0.0014595265965908766,0.004931938368827105,0.047479551285505295,0.10005248337984085,0.35270410776138306,0.0027113452088087797
C:\Projects\TM470\data\processed\test\Russula\284_mG2jZJaeiac.jpg,Russula/284_mG2jZJaeiac.jpg,Russula,Russula,True,0.8595203757286072,0.007965899998453,MobileNetV2,test,0.012040681205689907,0.017841048538684845,7.590102904941887e-05,0.0018479551654309034,0.0009831563802435994,6.860071977143889e-08,0.0014270517276600003,7.985324191395193e-05,0.10541817545890808,0.8595203757286072,0.0007656263187527657
C:\Projects\TM470\data\processed\test\Russula\285_rVkKIZjTiRM.jpg,Russula/285_rVkKIZjTiRM.jpg,Russula,Amanita,False,0.48955437541007996,0.0071052000002964,MobileNetV2,test,0.060846395790576935,0.48955437541007996,0.0761633813381195,0.02082313969731331,0.00544404424726963,0.0019750953651964664,0.004842730704694986,0.09249631315469742,0.07675012946128845,0.16650760173797607,0.0045967865735292435
C:\Projects\TM470\data\processed\test\Russula\287_aSnnhXszXBg.jpg,Russula/287_aSnnhXszXBg.jpg,Russula,Cortinarius,False,0.40996238589286804,0.0069144000008236,MobileNetV2,test,0.12124895304441452,0.09324514120817184,0.011173631995916367,0.40996238589286804,0.005051243584603071,0.0017204044852405787,0.000538958644028753,0.08623112738132477,0.018290990963578224,0.24707497656345367,0.00546218641102314
C:\Projects\TM470\data\processed\test\Russula\298_6kweHNZ0RfI.jpg,Russula/298_6kweHNZ0RfI.jpg,Russula,Russula,True,0.7719057202339172,0.0069665999999415,MobileNetV2,test,0.013503831811249256,0.07110636681318283,0.05761052668094635,0.01613161712884903,0.0001963711401913315,1.750289243318548e-06,0.00021431334607768804,0.0011388373095542192,0.06510283052921295,0.7719057202339172,0.0030878479592502117
C:\Projects\TM470\data\processed\test\Russula\305_tdJxN8UQo7I.jpg,Russula/305_tdJxN8UQo7I.jpg,Russula,Cortinarius,False,0.5795512795448303,0.0070408999999926,MobileNetV2,test,0.0005105279851704836,0.00023770866391714662,0.0001159718885901384,0.5795512795448303,0.0004820645845029503,7.757922162454634e-07,0.00434728292748332,0.01271088607609272,0.05427640303969383,0.3266233205795288,0.02114379219710827
C:\Projects\TM470\data\processed\test\Russula\317_8tQhlDlTHhY.jpg,Russula/317_8tQhlDlTHhY.jpg,Russula,Russula,True,0.4905422627925873,0.0071247000014409,MobileNetV2,test,0.002015518955886364,0.0003355461813043803,0.06761512160301208,0.13629095256328583,0.0003414852253627032,2.109080469381297e-06,0.00012025903561152518,0.00029108140734024346,0.2976548671722412,0.4905422627925873,0.004790858831256628
C:\Projects\TM470\data\processed\test\Russula\322_Ai1EXB8gNws.jpg,Russula/322_Ai1EXB8gNws.jpg,Russula,Russula,True,0.945543110370636,0.0071735000001353,MobileNetV2,test,0.0016876418376341462,0.008441082201898098,0.01198292151093483,0.021564828231930733,6.94024356562295e-06,2.455989942973247e-06,0.00010304160241503268,0.0010213832138106227,0.004400840029120445,0.945543110370636,0.005245693027973175
C:\Projects\TM470\data\processed\test\Russula\329_PxteNH5w9Yk.jpg,Russula/329_PxteNH5w9Yk.jpg,Russula,Russula,True,0.9899390339851379,0.0069736000004922,MobileNetV2,test,1.179221180791501e-05,0.0009039390133693814,0.00013042654609307647,0.002865574788302183,9.607594620320015e-06,1.8834973047887615e-07,0.0006534289568662643,2.535813837312162e-05,0.004942282568663359,0.9899390339851379,0.0005182820023037493
C:\Projects\TM470\data\processed\test\Russula\333_7pP8aVQf3Do.jpg,Russula/333_7pP8aVQf3Do.jpg,Russula,Boletus,False,0.76401287317276,0.0074789999998756,MobileNetV2,test,1.9218685338273644e-05,0.0009040251024998724,0.76401287317276,0.014296989887952805,3.3120800253527705e-06,2.215523409176967e-07,0.013158757239580154,0.00010347547504352406,0.0209092628210783,0.13381429016590118,0.052777573466300964
C:\Projects\TM470\data\processed\test\Russula\338_HPnjALipi70.jpg,Russula/338_HPnjALipi70.jpg,Russula,Russula,True,0.8935877084732056,0.0076656999990518,MobileNetV2,test,3.0761502785026096e-06,0.00011894854105776176,6.342224423860898e-06,0.0001586332218721509,3.9600272430107e-06,1.2030555718300917e-10,0.00025730597553774714,1.320952947025944e-06,0.1056419312953949,0.8935877084732056,0.0002206949720857665
C:\Projects\TM470\data\processed\test\Russula\342_CJXxi8f2DOI.jpg,Russula/342_CJXxi8f2DOI.jpg,Russula,Cortinarius,False,0.7947878241539001,0.0073260999997728,MobileNetV2,test,0.003447598544880748,0.0014304304495453835,0.0007851585396565497,0.7947878241539001,0.0013742054579779506,2.5939147008102736e-07,0.0016531303990632296,0.01570982299745083,0.02162536233663559,0.02452484890818596,0.13466140627861023
C:\Projects\TM470\data\processed\test\Russula\349_YRE4p7LbKdg.jpg,Russula/349_YRE4p7LbKdg.jpg,Russula,Lactarius,False,0.370645135641098,0.0079948000002332,MobileNetV2,test,0.0039703501388430595,0.0533105731010437,0.15621761977672577,0.012208648957312107,0.00193692441098392,8.222285032388754e-06,0.005408140830695629,0.003351825289428234,0.370645135641098,0.36255401372909546,0.03038848750293255
C:\Projects\TM470\data\processed\test\Russula\352_ykL56k89IoE.jpg,Russula/352_ykL56k89IoE.jpg,Russula,Boletus,False,0.3943769633769989,0.0081715999986045,MobileNetV2,test,6.059490260668099e-06,0.00020657155255321413,0.3943769633769989,0.011704428121447563,2.4964328986243345e-06,5.298849803381245e-09,0.0077389017678797245,2.044654502242338e-05,0.13655832409858704,0.2975482940673828,0.15183746814727783
C:\Projects\TM470\data\processed\test\Russula\354_SXkK0j9UPcc.jpg,Russula/354_SXkK0j9UPcc.jpg,Russula,Lactarius,False,0.3158652186393738,0.0076830999987578,MobileNetV2,test,0.016270127147436142,0.0659259706735611,0.009691761806607246,0.07353184372186661,0.013625259511172771,0.1985093504190445,0.04940218850970268,0.19189809262752533,0.3158652186393738,0.04011521860957146,0.025164999067783356
C:\Projects\TM470\data\processed\test\Russula\366_Rmr_uH_m3Lc.jpg,Russula/366_Rmr_uH_m3Lc.jpg,Russula,Hygrocybe,False,0.9528894424438477,0.0079512000011163,MobileNetV2,test,6.257654149521841e-06,0.002687623491510749,0.0002355085889576003,0.0027885299641638994,2.3794814296707045e-06,3.7867057045559704e-08,0.9528894424438477,5.391251761466265e-06,0.008576863445341587,0.02755267359316349,0.005255208816379309
C:\Projects\TM470\data\processed\test\Russula\375_h9oJuORZEoQ.jpg,Russula/375_h9oJuORZEoQ.jpg,Russula,Russula,True,0.8052788972854614,0.0084697000002051,MobileNetV2,test,0.0007721219444647431,0.17741623520851135,0.006008456461131573,0.002393771894276142,2.659172059793491e-05,3.8269987271633e-05,0.00048268737737089396,0.0017269166419282556,0.005505464971065521,0.8052788972854614,0.0003505629429128021
C:\Projects\TM470\data\processed\test\Russula\382_etpGgqzjXAw.jpg,Russula/382_etpGgqzjXAw.jpg,Russula,Russula,True,0.9924185276031494,0.009063800000149,MobileNetV2,test,5.2646559197455645e-05,0.000853418605402112,6.538867455674335e-05,0.0008013093611225486,7.371591891569551e-06,1.0120388083123544e-07,4.9113750719698146e-05,0.00022942302166484296,0.005136933643370867,0.9924185276031494,0.0003857534902635962
C:\Projects\TM470\data\processed\test\Russula\391_FoHQbZ-kW6k.jpg,Russula/391_FoHQbZ-kW6k.jpg,Russula,Russula,True,0.9358235597610474,0.0071110000008047,MobileNetV2,test,1.2247945051058196e-05,3.405846291570924e-05,1.8515587726142257e-05,0.00636600237339735,1.5065423895066488e-06,2.264005649621481e-09,0.0012314836494624615,3.4360780318820616e-06,0.05467648431658745,0.9358235597610474,0.0018327166326344013
C:\Projects\TM470\data\processed\test\Russula\396_vxteiV8es0s.jpg,Russula/396_vxteiV8es0s.jpg,Russula,Russula,True,0.9909265041351318,0.0085355000010167,MobileNetV2,test,0.00037932294071651995,0.001693894388154149,0.00011722961789928377,0.0006986771477386355,7.636464579263702e-05,3.220435701223323e-06,0.0002507580502424389,0.00021854951046407223,0.005557681899517775,0.9909265041351318,7.772049139020965e-05
C:\Projects\TM470\data\processed\test\Russula\398_0WzJw-BGE1E.jpg,Russula/398_0WzJw-BGE1E.jpg,Russula,Russula,True,0.8967148661613464,0.0083205999999336,MobileNetV2,test,0.00023300261818803847,0.0040260604582726955,0.0016110301949083805,0.0035057752393186092,5.266147854854353e-05,2.836600060618366e-06,0.00045686092926189303,0.0016151637537404895,0.09056860953569412,0.8967148661613464,0.001213187468238175
C:\Projects\TM470\data\processed\test\Russula\401_ZfuzzDXFsRU.jpg,Russula/401_ZfuzzDXFsRU.jpg,Russula,Inocybe,False,0.3318426311016083,0.0077240999999048,MobileNetV2,test,0.039727650582790375,0.08898427337408066,0.026295294985175133,0.022265946492552757,0.01646009087562561,0.07709755003452301,0.009813468903303146,0.3318426311016083,0.06268411129713058,0.3160463869571686,0.008782641030848026
C:\Projects\TM470\data\processed\test\Russula\406_krT07UQMp10.jpg,Russula/406_krT07UQMp10.jpg,Russula,Russula,True,0.9391019344329834,0.0083313999984966,MobileNetV2,test,0.0008874261402525008,0.0010320101864635944,0.0015612788265570998,0.0046966648660600185,0.00012035259715048596,1.648884790483862e-05,0.0004743567551486194,0.0008271977421827614,0.05029362440109253,0.9391019344329834,0.0009886783082038164
C:\Projects\TM470\data\processed\test\Russula\409_BMzCz6qsXNs.jpg,Russula/409_BMzCz6qsXNs.jpg,Russula,Russula,True,0.7044717669487,0.0072896000001492,MobileNetV2,test,0.0011771309655159712,0.002501827897503972,0.01993238739669323,0.030815277248620987,0.001260849880054593,8.925817382987589e-06,0.0007693890947848558,0.0009612906724214554,0.22845768928527832,0.7044717669487,0.009643539786338806
C:\Projects\TM470\data\processed\test\Russula\412_hK_N_vllKHo.jpg,Russula/412_hK_N_vllKHo.jpg,Russula,Russula,True,0.8710240721702576,0.0076344999997672,MobileNetV2,test,0.0023000857327133417,0.0028693426866084337,0.07195192575454712,0.020860319957137108,0.0001047338082571514,1.5300349787139567e-06,0.00017452081374358386,0.0009166895179077983,0.02384527586400509,0.8710240721702576,0.0059514716267585754
C:\Projects\TM470\data\processed\test\Russula\415_UJ1wPsUTn48.jpg,Russula/415_UJ1wPsUTn48.jpg,Russula,Russula,True,0.6405202746391296,0.0073222999999416,MobileNetV2,test,0.0004518597270362079,0.006555536296218634,0.33348095417022705,0.003653084160760045,1.562235593155492e-05,5.743934821111907e-07,0.0001828366657719016,0.00016138266073539853,0.010638703592121601,0.6405202746391296,0.004339187406003475
C:\Projects\TM470\data\processed\test\Russula\416_HL5U3TXaTig.jpg,Russula/416_HL5U3TXaTig.jpg,Russula,Boletus,False,0.7446185350418091,0.0090817000000242,MobileNetV2,test,0.0008790127467364073,0.0023130415938794613,0.7446185350418091,0.05198173224925995,0.0005899263196624815,0.0001595579378772527,0.0016693969955667853,0.01377937477082014,0.07770999521017075,0.0416346900165081,0.06466478109359741
C:\Projects\TM470\data\processed\test\Russula\421_8j91Sr4g8Kc.jpg,Russula/421_8j91Sr4g8Kc.jpg,Russula,Russula,True,0.9933391213417053,0.0100204999998823,MobileNetV2,test,0.00016767033957876265,0.0003588698455132544,6.988139648456126e-05,0.004461836069822311,1.2866383258369751e-05,3.2759467671894527e-07,4.39187788288109e-05,5.4867072321940213e-05,0.0013945252867415547,0.9933391213417053,9.603983926353976e-05
C:\Projects\TM470\data\processed\test\Russula\426_RHi0dlqqt8o.jpg,Russula/426_RHi0dlqqt8o.jpg,Russula,Inocybe,False,0.2655301094055176,0.0098139000001538,MobileNetV2,test,0.06540299952030182,0.167981818318367,0.10142302513122559,0.041075658053159714,0.007809333968907595,0.053255509585142136,0.04352697357535362,0.2655301094055176,0.08487298339605331,0.14310500025749207,0.026016537100076675
C:\Projects\TM470\data\processed\test\Russula\427_x9THSIBmhjg.jpg,Russula/427_x9THSIBmhjg.jpg,Russula,Russula,True,0.7008285522460938,0.0071429999989049,MobileNetV2,test,0.012673916295170784,0.019326740875840187,0.001013672910630703,0.0008543653530068696,0.000994502566754818,5.634422905131942e-06,0.005263602826744318,0.001439578365534544,0.2563156485557556,0.7008285522460938,0.0012838100083172321
C:\Projects\TM470\data\processed\test\Russula\430_DSSYi6MPrgM.jpg,Russula/430_DSSYi6MPrgM.jpg,Russula,Russula,True,0.5730137825012207,0.0070808000000397,MobileNetV2,test,0.02958453819155693,0.1067267581820488,0.01905527338385582,0.2005903571844101,0.005018468946218491,0.00021475047105923295,0.0027330464217811823,0.02586817368865013,0.0274630356580019,0.5730137825012207,0.00973187293857336
C:\Projects\TM470\data\processed\test\Russula\431_6aLV-mYubzE.jpg,Russula/431_6aLV-mYubzE.jpg,Russula,Cortinarius,False,0.6027530431747437,0.0097085999987029,MobileNetV2,test,0.3388514220714569,0.007732965052127838,0.0051377927884459496,0.6027530431747437,0.0015117828734219074,5.689018962584669e-07,0.0001679078850429505,0.01797136291861534,0.007426690775901079,0.006325276102870703,0.012121234089136124
C:\Projects\TM470\data\processed\test\Russula\437_CT0j4-xyw0U.jpg,Russula/437_CT0j4-xyw0U.jpg,Russula,Russula,True,0.9886282086372375,0.0093836999985796,MobileNetV2,test,2.818147322614095e-06,0.001429968629963696,8.8639157183934e-05,0.003294555004686117,4.06467933089516e-07,5.7205092218737263e-08,0.004920184146612883,5.548163244384341e-06,0.0010795766720548272,0.9886282086372375,0.0005501476116478443
C:\Projects\TM470\data\processed\test\Russula\439_Qy56g_UefV0.jpg,Russula/439_Qy56g_UefV0.jpg,Russula,Lactarius,False,0.7551695108413696,0.0071434000001318,MobileNetV2,test,0.0060279290191829205,0.0009828567272052169,0.024555284529924393,0.008974169380962849,0.0006323161069303751,5.122652169120556e-07,0.0014482758706435561,0.0020262734033167362,0.7551695108413696,0.18344756960868835,0.016735265031456947
C:\Projects\TM470\data\processed\test\Russula\441_OLHvhkXV5z4.jpg,Russula/441_OLHvhkXV5z4.jpg,Russula,Russula,True,0.9131177067756653,0.0079571000005671,MobileNetV2,test,0.00013972663145978004,0.08348501473665237,0.0002511426864657551,0.001127214403823018,2.0481154479057295e-06,1.970287399899462e-07,0.00028180531808175147,3.517220829962753e-05,0.0013917181640863419,0.9131177067756653,0.00016816567222122103
C:\Projects\TM470\data\processed\test\Russula\448_EjNRPvABLWs.jpg,Russula/448_EjNRPvABLWs.jpg,Russula,Russula,True,0.8731120228767395,0.0078823000003467,MobileNetV2,test,0.00018147978698834777,0.00044158357195556164,0.00932653434574604,0.0009046202758327127,1.0681397725420538e-05,1.0234580827273021e-07,0.00029423050000332296,0.00010941265645669773,0.11300037801265717,0.8731120228767395,0.002618853934109211
C:\Projects\TM470\data\processed\test\Russula\452_LFlsAAAX9hI.jpg,Russula/452_LFlsAAAX9hI.jpg,Russula,Russula,True,0.49557992815971375,0.0068312999992485,MobileNetV2,test,0.012806735932826996,0.0556754432618618,0.09035688638687134,0.06496921926736832,0.007457137107849121,0.004528502933681011,0.0038670978974550962,0.05450402945280075,0.19693826138973236,0.49557992815971375,0.01331679243594408
C:\Projects\TM470\data\processed\test\Russula\454_uTMl-t0RwNE.jpg,Russula/454_uTMl-t0RwNE.jpg,Russula,Russula,True,0.9488954544067383,0.0079476999999315,MobileNetV2,test,0.0055673997849226,0.011933018453419209,0.00046286502038128674,0.013636280782520771,0.0002916502417065203,5.165701441001147e-05,0.0014771483838558197,0.006138319615274668,0.010519850067794323,0.9488954544067383,0.001026267185807228
C:\Projects\TM470\data\processed\test\Russula\458_qK1_4b1eE6c.jpg,Russula/458_qK1_4b1eE6c.jpg,Russula,Russula,True,0.41298964619636536,0.0073128999993059,MobileNetV2,test,0.015337448567152023,0.019695185124874115,0.24120718240737915,0.18168304860591888,0.0001301611482631415,8.493896530126221e-06,0.003648844314739108,0.0029907713178545237,0.046860694885253906,0.41298964619636536,0.07544849812984467
C:\Projects\TM470\data\processed\test\Russula\462_gCvKxkgbErI.jpg,Russula/462_gCvKxkgbErI.jpg,Russula,Hygrocybe,False,0.36138856410980225,0.006941600000573,MobileNetV2,test,0.010392091237008572,0.25242528319358826,0.0016965294489637017,0.24666926264762878,0.05397462472319603,0.0003114563296549022,0.36138856410980225,0.025328347459435463,0.024059569463133812,0.000963087601121515,0.02279115840792656
C:\Projects\TM470\data\processed\test\Russula\469_EEz8Pm-LqCM.jpg,Russula/469_EEz8Pm-LqCM.jpg,Russula,Russula,True,0.818663477897644,0.0082160999991174,MobileNetV2,test,0.0039351326413452625,0.14313451945781708,0.0016296188114210963,0.003768147435039282,0.000225435258471407,8.617985827186203e-07,0.003146396717056632,0.0018297727219760418,0.019890306517481804,0.818663477897644,0.003776360070332885
C:\Projects\TM470\data\processed\test\Russula\473_-0mqqVq-2vk.jpg,Russula/473_-0mqqVq-2vk.jpg,Russula,Lactarius,False,0.4435754418373108,0.0072462999996787,MobileNetV2,test,0.0247831828892231,0.09449342638254166,0.005371789913624525,0.0056160022504627705,0.001333630527369678,0.000237567990552634,0.004582816734910011,0.0010408764937892556,0.4435754418373108,0.41734856367111206,0.001616693683899939
C:\Projects\TM470\data\processed\test\Russula\476_fuSt9QgGDIk.jpg,Russula/476_fuSt9QgGDIk.jpg,Russula,Boletus,False,0.9278404116630554,0.0078381000002991,MobileNetV2,test,0.007686357479542494,0.004408836364746094,0.9278404116630554,0.011547529138624668,0.0007413306157104671,7.754358193778899e-06,0.0006496408605016768,0.0008753735455684364,0.03887559846043587,0.0024547602515667677,0.004912485368549824
C:\Projects\TM470\data\processed\test\Russula\480_74nq3Oj1T0M.jpg,Russula/480_74nq3Oj1T0M.jpg,Russula,Russula,True,0.9916427135467529,0.007160199998907,MobileNetV2,test,1.0012469147113734e-06,2.9595630621770397e-06,6.294505146797746e-05,0.001892880885861814,2.913697585427144e-07,2.1729620880428513e-10,1.738617538649123e-05,6.604387181141647e-06,0.0054514529183506966,0.9916427135467529,0.0009218050399795175
C:\Projects\TM470\data\processed\test\Russula\483_iDdkz4PNlOg.jpg,Russula/483_iDdkz4PNlOg.jpg,Russula,Russula,True,0.6913111805915833,0.0075047999998787,MobileNetV2,test,3.455268597463146e-05,0.0034994808956980705,0.0018246968975290656,0.17759127914905548,2.893484452215489e-05,9.029945147176477e-08,0.060700301080942154,0.00010577427747193724,0.010541466996073723,0.6913111805915833,0.05436225235462189
C:\Projects\TM470\data\processed\test\Russula\490_Y5gzpOreJV8.jpg,Russula/490_Y5gzpOreJV8.jpg,Russula,Russula,True,0.987144410610199,0.007852400000047,MobileNetV2,test,6.799635593779385e-05,0.001769960392266512,0.0005416721687652171,0.003183952998369932,1.054877520800801e-05,1.7956139686248207e-07,9.05754350242205e-05,2.404821316304151e-05,0.006396810989826918,0.987144410610199,0.0007697557448409498
C:\Projects\TM470\data\processed\test\Russula\494_4l6A9UlJ6HY.jpg,Russula/494_4l6A9UlJ6HY.jpg,Russula,Russula,True,0.37182188034057617,0.0076974999992671,MobileNetV2,test,0.05352810397744179,0.13925683498382568,0.305707186460495,0.014760904014110565,0.00012027283082716167,2.3669767870160285e-06,0.001938703702762723,0.001649533398449421,0.0756281241774559,0.37182188034057617,0.03558611497282982
C:\Projects\TM470\data\processed\test\Russula\497_hMPS4Vhoqqk.jpg,Russula/497_hMPS4Vhoqqk.jpg,Russula,Russula,True,0.8422884345054626,0.008862599999702,MobileNetV2,test,0.00011937107046833262,0.0012143263593316078,0.0008950691553764045,0.045988306403160095,4.368376175989397e-05,2.16168629663116e-07,0.006622896529734135,0.00038486148696392775,0.08332093060016632,0.8422884345054626,0.01912182942032814
C:\Projects\TM470\data\processed\test\Russula\498_iH4yNw872aM.jpg,Russula/498_iH4yNw872aM.jpg,Russula,Russula,True,0.9447749853134155,0.009908500000165,MobileNetV2,test,9.349159881821834e-06,3.968623059336096e-05,4.716372859547846e-05,0.0015703433891758323,1.4819333955529146e-06,1.3467398307653866e-09,0.00030074865208007395,1.020457966660615e-05,0.05203140154480934,0.9447749853134155,0.001214643125422299
C:\Projects\TM470\data\processed\test\Russula\502_nJw7weRVBlc.jpg,Russula/502_nJw7weRVBlc.jpg,Russula,Russula,True,0.6026703119277954,0.00911780000024,MobileNetV2,test,0.00017238040163647383,8.147935659508221e-06,0.11375501751899719,0.05675950646400452,5.45766624782118e-06,3.8024182913432014e-07,1.113449707190739e-05,0.000996218528598547,0.21609511971473694,0.6026703119277954,0.009526366367936134
C:\Projects\TM470\data\processed\test\Russula\511_viHZPnkp9nI.jpg,Russula/511_viHZPnkp9nI.jpg,Russula,Russula,True,0.8541058897972107,0.0103101000004244,MobileNetV2,test,0.0038999090902507305,0.08083304017782211,0.0031164195388555527,0.023775111883878708,0.00158129062037915,9.549566129862797e-06,0.005576375871896744,0.00431910390034318,0.01626347191631794,0.8541058897972107,0.006519770249724388
C:\Projects\TM470\data\processed\test\Russula\513_e8OAjXau1_g.jpg,Russula/513_e8OAjXau1_g.jpg,Russula,Russula,True,0.9574234485626221,0.0077438999996957,MobileNetV2,test,3.93184382119216e-05,0.007137944456189871,0.008355498313903809,0.004701006226241589,4.8309007070201915e-06,6.520885875715976e-08,0.0025917189195752144,7.839240424800664e-06,0.015231550671160221,0.9574234485626221,0.004506806842982769
C:\Projects\TM470\data\processed\test\Russula\515_-fmv5frqmeQ.jpg,Russula/515_-fmv5frqmeQ.jpg,Russula,Russula,True,0.936650276184082,0.0096649999995861,MobileNetV2,test,0.0009777856757864356,0.036116283386945724,0.0004935896140523255,0.009962732903659344,0.00012227667320985347,5.064771812612889e-06,0.004299271386116743,0.000726841390132904,0.00813273899257183,0.936650276184082,0.002513295039534569
C:\Projects\TM470\data\processed\test\Russula\517_0X-ur3MZ6-g.jpg,Russula/517_0X-ur3MZ6-g.jpg,Russula,Cortinarius,False,0.47013282775878906,0.0077036000002408,MobileNetV2,test,0.0078727463260293,0.04687529057264328,0.09401915222406387,0.47013282775878906,0.009036398492753506,4.0942304622149095e-06,0.025342365726828575,0.005462500266730785,0.18954859673976898,0.042570363730192184,0.10913574695587158
C:\Projects\TM470\data\processed\test\Russula\518_ddwb9zDz0EA.jpg,Russula/518_ddwb9zDz0EA.jpg,Russula,Exidia,False,0.4701927900314331,0.0079822999996395,MobileNetV2,test,0.019523631781339645,0.010460224002599716,0.20442385971546173,0.1424100548028946,0.0029707106295973063,0.4701927900314331,0.0014543946599587798,0.029990000650286674,0.1151173785328865,0.0016524242237210274,0.0018044745083898306
C:\Projects\TM470\data\processed\test\Russula\519_MgcY6NzuGRg.jpg,Russula/519_MgcY6NzuGRg.jpg,Russula,Russula,True,0.7268446087837219,0.0082249000006413,MobileNetV2,test,0.03678617626428604,0.0757395401597023,0.030352381989359856,0.048116035759449005,0.0033138561993837357,8.151758265739772e-06,0.0009432778460904956,0.0042146965861320496,0.06556897610425949,0.7268446087837219,0.00811233464628458
C:\Projects\TM470\data\processed\test\Russula\519__Yn0OFxI1q4.jpg,Russula/519__Yn0OFxI1q4.jpg,Russula,Exidia,False,0.3615242540836334,0.0076794999986304,MobileNetV2,test,0.037377484142780304,0.05066371709108353,0.04498982056975365,0.032337237149477005,0.018613126128911972,0.3615242540836334,0.00496751768514514,0.20692382752895355,0.1246291846036911,0.11162330210208893,0.00635048421099782
C:\Projects\TM470\data\processed\test\Russula\521_PoCOMLLE194.jpg,Russula/521_PoCOMLLE194.jpg,Russula,Inocybe,False,0.21764472126960754,0.0082806000009441,MobileNetV2,test,0.1283779740333557,0.08116814494132996,0.030764002352952957,0.11430083215236664,0.017071647569537163,0.12420675903558731,0.024522624909877777,0.21764472126960754,0.1320907324552536,0.10471635311841965,0.025136183947324753
C:\Projects\TM470\data\processed\test\Russula\522_HB75V6h0zHA.jpg,Russula/522_HB75V6h0zHA.jpg,Russula,Russula,True,0.7846310138702393,0.0099752999994962,MobileNetV2,test,3.83953120035585e-05,0.00028889140230603516,0.0016623958945274353,0.19573627412319183,3.4616587072378024e-05,1.7728055468069215e-08,0.000621358398348093,3.9326001569861546e-05,0.006885370705276728,0.7846310138702393,0.01006228756159544
C:\Projects\TM470\data\processed\test\Russula\529_ailR88iHnVk.jpg,Russula/529_ailR88iHnVk.jpg,Russula,Russula,True,0.8548290729522705,0.008216899999752,MobileNetV2,test,0.000238880020333454,0.0018458171980455518,0.02965353988111019,0.021628620103001595,0.00011259835446253419,2.8171393751108553e-07,0.006072089076042175,0.00023426683037541807,0.06982201337814331,0.8548290729522705,0.015562762506306171
C:\Projects\TM470\data\processed\test\Russula\530_0Er0JIn-St8.jpg,Russula/530_0Er0JIn-St8.jpg,Russula,Russula,True,0.4429624378681183,0.0077714999988529,MobileNetV2,test,0.012459336780011654,0.18854735791683197,0.0041334121488034725,0.2820093333721161,0.001808203523978591,8.075245432337397e-07,0.017453588545322418,0.0009331582696177065,0.03533376380801201,0.4429624378681183,0.014358744956552982
C:\Projects\TM470\data\processed\test\Russula\531_nA8Zxo2h3PI.jpg,Russula/531_nA8Zxo2h3PI.jpg,Russula,Russula,True,0.6617355346679688,0.0079375999994226,MobileNetV2,test,0.0005181585438549519,0.0006231788429431617,0.06224021315574646,0.04619092121720314,4.529242869466543e-05,8.690424380120021e-08,0.0005242304760031402,0.0010447145905345678,0.12191540002822876,0.6617355346679688,0.10516224801540375
C:\Projects\TM470\data\processed\test\Russula\533_HFOAEH-GMI8.jpg,Russula/533_HFOAEH-GMI8.jpg,Russula,Suillus,False,0.3529624044895172,0.0081713999989005,MobileNetV2,test,0.07633401453495026,0.04041200131177902,0.17798498272895813,0.2823949456214905,0.0007457587635144591,6.591032075675685e-08,0.0007222497370094061,0.0036066302563995123,0.017491070553660393,0.047345828264951706,0.3529624044895172
C:\Projects\TM470\data\processed\test\Russula\534_qpoLwy-f_Xo.jpg,Russula/534_qpoLwy-f_Xo.jpg,Russula,Russula,True,0.917298436164856,0.0087450999999418,MobileNetV2,test,0.00019484486256260425,0.0010954266181215644,0.0010704200249165297,0.011204952374100685,4.528734280029312e-05,1.061235820998263e-06,0.00496895844116807,0.000951454509049654,0.051704879850149155,0.917298436164856,0.011464196257293224
C:\Projects\TM470\data\processed\test\Russula\538_KQ94jYukaKU.jpg,Russula/538_KQ94jYukaKU.jpg,Russula,Amanita,False,0.26795539259910583,0.008361899999727,MobileNetV2,test,0.07325423508882523,0.26795539259910583,0.0887894257903099,0.2021300047636032,0.0011759486515074968,0.11328820139169693,0.020149510353803635,0.07091547548770905,0.08418495953083038,0.041791606694459915,0.03636528179049492
C:\Projects\TM470\data\processed\test\Russula\538_tf4RCsz9upY.jpg,Russula/538_tf4RCsz9upY.jpg,Russula,Lactarius,False,0.355526328086853,0.0075962000009894,MobileNetV2,test,0.055175699293613434,0.19988560676574707,0.07170572131872177,0.027939459308981895,0.002214742824435234,0.00014666061906609684,0.03989429399371147,0.010740104131400585,0.355526328086853,0.19449014961719513,0.042281270027160645
C:\Projects\TM470\data\processed\test\Russula\548_28oWJjM1dis.jpg,Russula/548_28oWJjM1dis.jpg,Russula,Exidia,False,0.24167080223560333,0.0076425000006565,MobileNetV2,test,0.07808700948953629,0.14752142131328583,0.037633392959833145,0.046160660684108734,0.009488902986049652,0.24167080223560333,0.0196410920470953,0.18492849171161652,0.11101483553647995,0.10566770285367966,0.018185650929808617
C:\Projects\TM470\data\processed\test\Russula\551_wGsl1ac6chs.jpg,Russula/551_wGsl1ac6chs.jpg,Russula,Boletus,False,0.46878743171691895,0.0096741000015754,MobileNetV2,test,0.00027029888588003814,6.97925133863464e-05,0.46878743171691895,0.008008413016796112,5.092104765935801e-05,1.2539699412172922e-07,0.00044454808812588453,0.001205420820042491,0.40897178649902344,0.014782759360969067,0.09740850329399109
C:\Projects\TM470\data\processed\test\Russula\552_ihVJ4T4Sss8.jpg,Russula/552_ihVJ4T4Sss8.jpg,Russula,Russula,True,0.9878729581832886,0.009709500000099,MobileNetV2,test,5.934315413469449e-05,0.00029791941051371396,0.000269934069365263,0.0004156635550316423,4.152785550104454e-06,7.847487104584161e-09,4.9640926590655e-05,6.815431333961897e-06,0.01088754553347826,0.9878729581832886,0.0001359744492219761
C:\Projects\TM470\data\processed\test\Russula\555_FEOGSD31AJA.jpg,Russula/555_FEOGSD31AJA.jpg,Russula,Boletus,False,0.7489290833473206,0.008137999999235,MobileNetV2,test,0.00047599218669347465,0.0006074340199120343,0.7489290833473206,0.10093259811401367,0.00046406834735535085,9.450633342567016e-07,0.00021754574845544994,0.0005409234436228871,0.06041761115193367,0.05438604578375816,0.03302771970629692
C:\Projects\TM470\data\processed\test\Russula\556_ppbtXziu5ZQ.jpg,Russula/556_ppbtXziu5ZQ.jpg,Russula,Russula,True,0.5696141719818115,0.0082036000003427,MobileNetV2,test,0.005710348021239042,0.009621383622288704,0.09292063117027283,0.0669611319899559,0.005605202633887529,2.9410291517706355e-06,0.0013816473074257374,0.001941109192557633,0.21465115249156952,0.5696141719818115,0.0315902978181839
C:\Projects\TM470\data\processed\test\Russula\557_QAd1lVBkjXU.jpg,Russula/557_QAd1lVBkjXU.jpg,Russula,Russula,True,0.6122931241989136,0.011153600000398,MobileNetV2,test,0.003635547123849392,0.1380928009748459,0.013560479506850243,0.024841614067554474,0.023603834211826324,0.0006613723235204816,0.013322873041033745,0.006110083311796188,0.16000352799892426,0.6122931241989136,0.0038746767677366734
C:\Projects\TM470\data\processed\test\Russula\560_cMc-iWHiAlE.jpg,Russula/560_cMc-iWHiAlE.jpg,Russula,Cortinarius,False,0.24708028137683868,0.0076103999999759,MobileNetV2,test,0.22759418189525604,0.11465444415807724,0.08279179781675339,0.24708028137683868,0.0049396781250834465,0.02857079915702343,0.009238061495125294,0.13982096314430237,0.05876627191901207,0.045970603823661804,0.040572892874479294
C:\Projects\TM470\data\processed\test\Russula\569_JW9oRUfkNN0.jpg,Russula/569_JW9oRUfkNN0.jpg,Russula,Amanita,False,0.7157586216926575,0.0098751999994419,MobileNetV2,test,0.0928201824426651,0.7157586216926575,0.008760725148022175,0.06205253303050995,0.01914142072200775,0.0007260011625476182,0.002367380540817976,0.013069823384284973,0.022362979128956795,0.06168238818645477,0.001257937285117805
C:\Projects\TM470\data\processed\test\Russula\572_yBKxg92PsOQ.jpg,Russula/572_yBKxg92PsOQ.jpg,Russula,Lactarius,False,0.3139827251434326,0.0090230999994673,MobileNetV2,test,0.010081549175083637,0.0021773972548544407,0.30987703800201416,0.24983610212802887,0.003098351415246725,0.0020555711816996336,0.004697747994214296,0.015302455984055996,0.3139827251434326,0.06790579110383987,0.020985258743166924
C:\Projects\TM470\data\processed\test\Russula\575_gWC0enFjtPM.jpg,Russula/575_gWC0enFjtPM.jpg,Russula,Russula,True,0.9468547105789185,0.0113289000000804,MobileNetV2,test,8.884761336958036e-05,0.001106266980059445,0.00026005954714491963,0.010378041304647923,2.6656725822249427e-05,7.84760700867082e-08,0.0015470131766051054,0.00022383093892131,0.03651099279522896,0.9468547105789185,0.003003436839208007
C:\Projects\TM470\data\processed\test\Russula\580_ntj_DGdqmvA.jpg,Russula/580_ntj_DGdqmvA.jpg,Russula,Russula,True,0.9044445157051086,0.0103992999993351,MobileNetV2,test,2.6146904929191805e-05,7.784650370012969e-05,2.340534410905093e-05,0.0048347958363592625,1.3953022062196396e-05,4.8900975713195294e-08,0.00026485699345357716,0.00016058415349107236,0.08949926495552063,0.9044445157051086,0.000654553179629147
C:\Projects\TM470\data\processed\test\Russula\588__rRMnuidFcw.jpg,Russula/588__rRMnuidFcw.jpg,Russula,Russula,True,0.5188724994659424,0.0084664000005432,MobileNetV2,test,0.07035046070814133,0.10092120617628098,0.0006490394589491189,0.2923397719860077,0.001032309141010046,2.0479005797824357e-06,0.00023078829690348357,0.007621638011187315,0.003980670589953661,0.5188724994659424,0.003999630454927683
C:\Projects\TM470\data\processed\test\Russula\590_uV2vuMobSEM.jpg,Russula/590_uV2vuMobSEM.jpg,Russula,Russula,True,0.34488996863365173,0.0075522999995882,MobileNetV2,test,0.0004394244169816375,0.0038015726022422314,0.0299821849912405,0.24740637838840485,0.0019881685730069876,2.6458032152731903e-05,0.01618155464529991,0.0007715018000453711,0.29554253816604614,0.34488996863365173,0.05897020176053047
C:\Projects\TM470\data\processed\test\Russula\591_mUNB-xH-tCw.jpg,Russula/591_mUNB-xH-tCw.jpg,Russula,Boletus,False,0.5482029318809509,0.008378000000448,MobileNetV2,test,0.01800372079014778,0.10214994847774506,0.5482029318809509,0.08581355214118958,0.0004513733147177845,0.00012055984552716836,0.0017868060385808349,0.003209429094567895,0.02862347476184368,0.20075373351573944,0.010884391143918037
C:\Projects\TM470\data\processed\test\Russula\605_KtkMUv-JJ5I.jpg,Russula/605_KtkMUv-JJ5I.jpg,Russula,Russula,True,0.7009647488594055,0.0125586000012845,MobileNetV2,test,0.017793994396924973,0.012095827609300613,0.0015086592175066471,0.25705835223197937,0.00011709900718415156,9.303828107931622e-08,3.4353284718235955e-05,0.002624019281938672,0.0031169038265943527,0.7009647488594055,0.004685899242758751
C:\Projects\TM470\data\processed\test\Russula\608_0aU_jR-I9JA.jpg,Russula/608_0aU_jR-I9JA.jpg,Russula,Russula,True,0.978972315788269,0.0083314000003156,MobileNetV2,test,0.0019051629351451993,0.0024354360066354275,7.763667235849425e-05,0.007063278928399086,1.24607358884532e-05,1.2382539352984168e-05,5.566175968851894e-05,0.004422267433255911,0.004782949574291706,0.978972315788269,0.0002605098416097462
C:\Projects\TM470\data\processed\test\Russula\619_iJOS5fLgNQU.jpg,Russula/619_iJOS5fLgNQU.jpg,Russula,Russula,True,0.7191749811172485,0.0081894000013562,MobileNetV2,test,0.0022728806361556053,0.007680993992835283,0.019967062398791313,0.05146242305636406,0.0033350021112710238,8.148133929353207e-06,0.0007807899382896721,0.0007101176888681948,0.1919013112783432,0.7191749811172485,0.0027063514571636915
C:\Projects\TM470\data\processed\test\Russula\624_AB7Ht1J6_Ts.jpg,Russula/624_AB7Ht1J6_Ts.jpg,Russula,Boletus,False,0.796378493309021,0.0081991999995807,MobileNetV2,test,0.0011731255799531937,0.0022986563853919506,0.796378493309021,0.03963877260684967,0.00017610641953069717,3.582728822948411e-05,0.00044530860031954944,0.004675982519984245,0.05968886613845825,0.07035613059997559,0.025132767856121063
C:\Projects\TM470\data\processed\test\Russula\635_CzRg4ZH0g3s.jpg,Russula/635_CzRg4ZH0g3s.jpg,Russula,Boletus,False,0.36665529012680054,0.0089326999986951,MobileNetV2,test,0.04300867021083832,0.06389226764440536,0.36665529012680054,0.05084387585520744,0.006953119765967131,0.00416355999186635,0.06232842057943344,0.031776063144207,0.20878204703330994,0.05297823250293732,0.10861845314502716
C:\Projects\TM470\data\processed\test\Russula\650_p3glAsLgTMs.jpg,Russula/650_p3glAsLgTMs.jpg,Russula,Russula,True,0.5187960863113403,0.0085672000004706,MobileNetV2,test,0.0037310896441340446,0.3512687683105469,0.11195652931928635,0.0017674081027507782,2.3134030925575644e-05,3.144661775422719e-07,0.00029183627339079976,0.0006974246352910995,0.009535126388072968,0.5187960863113403,0.0019322838634252548
C:\Projects\TM470\data\processed\test\Russula\667_m3O20kXwdDE.jpg,Russula/667_m3O20kXwdDE.jpg,Russula,Russula,True,0.959452211856842,0.0076334000004862,MobileNetV2,test,1.1115682355011813e-05,0.0005052952328696847,0.008538265712559223,0.0031534573063254356,1.1215649465157185e-05,1.4347101284784003e-07,0.0011426056735217571,4.1776682337513193e-05,0.022290237247943878,0.959452211856842,0.0048536937683820724
C:\Projects\TM470\data\processed\test\Russula\668_5paJFA7_Ua8.jpg,Russula/668_5paJFA7_Ua8.jpg,Russula,Cortinarius,False,0.829931914806366,0.0083044000002701,MobileNetV2,test,0.11265701800584793,0.011319356970489025,0.005896614398807287,0.829931914806366,0.0028660634998232126,1.0908461263170466e-05,0.00041004890226759017,0.02013317309319973,0.004865596070885658,0.007611848413944244,0.004297505132853985
C:\Projects\TM470\data\processed\test\Russula\674_hp6AgJkRPZQ.jpg,Russula/674_hp6AgJkRPZQ.jpg,Russula,Russula,True,0.6855829954147339,0.008314299999256,MobileNetV2,test,0.00031006988137960434,0.01630474627017975,0.20178759098052979,0.04080626368522644,0.00011877597717102617,2.9346861083467957e-06,0.0014037517830729485,0.0003921863972209394,0.027205990627408028,0.6855829954147339,0.026084698736667633
C:\Projects\TM470\data\processed\test\Russula\681_EsZTIQlfMjc.jpg,Russula/681_EsZTIQlfMjc.jpg,Russula,Inocybe,False,0.24175618588924408,0.007115899999917,MobileNetV2,test,0.0767604261636734,0.12522321939468384,0.05216232314705849,0.10398579388856888,0.017967035993933678,0.046681154519319534,0.03680805116891861,0.24175618588924408,0.17438426613807678,0.05450424179434776,0.0697673037648201
C:\Projects\TM470\data\processed\test\Russula\689_A6I1XAc367A.jpg,Russula/689_A6I1XAc367A.jpg,Russula,Russula,True,0.9207438230514526,0.0070467999994434,MobileNetV2,test,0.003386775031685829,0.021540183573961258,3.9440885302610695e-05,0.02651257812976837,0.00034797764965333045,1.3442597719404148e-06,0.0019415421411395073,0.0013569319853559136,0.021622871980071068,0.9207438230514526,0.002506604418158531
C:\Projects\TM470\data\processed\test\Russula\703_Nptow3WB0qw.jpg,Russula/703_Nptow3WB0qw.jpg,Russula,Russula,True,0.9932914972305298,0.0082543999997142,MobileNetV2,test,6.71666202833876e-06,0.00015992940461728722,2.506492819520645e-05,0.00024034248781390488,1.8203812146566634e-07,4.768543337974052e-10,0.00021851525525562465,3.5019818369619315e-06,0.005429883953183889,0.9932914972305298,0.000624332984443754
C:\Projects\TM470\data\processed\test\Russula\705_zyUROKt6OHs.jpg,Russula/705_zyUROKt6OHs.jpg,Russula,Russula,True,0.37672626972198486,0.0072309000006498,MobileNetV2,test,0.007158156484365463,0.3293444514274597,0.01968209631741047,0.0459124892950058,0.014744636602699757,0.002494747983291745,0.006673036143183708,0.020873451605439186,0.17369921505451202,0.37672626972198486,0.002691438654437661
C:\Projects\TM470\data\processed\test\Russula\719_RWQ7F3kVyZ8.jpg,Russula/719_RWQ7F3kVyZ8.jpg,Russula,Lactarius,False,0.5629652738571167,0.0081038000007538,MobileNetV2,test,5.112684448249638e-05,0.00010851737897610292,0.00038248239434324205,0.003703053342178464,3.122920315945521e-05,5.230856814364415e-08,0.0026360899209976196,0.00021318257495295256,0.5629652738571167,0.41979727149009705,0.010111702606081963
C:\Projects\TM470\data\processed\test\Russula\727_GqKz3HCWl0c.jpg,Russula/727_GqKz3HCWl0c.jpg,Russula,Russula,True,0.9389569759368896,0.0112193999993905,MobileNetV2,test,3.1649140055378666e-06,6.12434814684093e-05,0.008422083221375942,0.011577875353395939,1.4700403880851809e-06,1.6943803027302806e-09,0.0003447589697316289,3.535515133989975e-06,0.03278818354010582,0.9389569759368896,0.007840641774237156
C:\Projects\TM470\data\processed\test\Russula\728_GKNcKK0yCIc.jpg,Russula/728_GKNcKK0yCIc.jpg,Russula,Russula,True,0.47559329867362976,0.0082457999997132,MobileNetV2,test,0.00010590592864900827,0.004150026477873325,0.0016434488352388144,0.1642415076494217,0.000360348290996626,7.366254521912197e-06,0.044391702860593796,0.0022368505597114563,0.2763505280017853,0.47559329867362976,0.030918950214982033
C:\Projects\TM470\data\processed\test\Russula\737_CKVsLcd_U7c.jpg,Russula/737_CKVsLcd_U7c.jpg,Russula,Russula,True,0.8818077445030212,0.0080094999993889,MobileNetV2,test,0.004662421066313982,0.004340670071542263,0.023163078352808952,0.02670346014201641,0.00034135227906517684,1.6557625031055068e-06,0.0003232769086025655,0.0005613126559183002,0.048852432519197464,0.8818077445030212,0.009242516942322254
C:\Projects\TM470\data\processed\test\Russula\738_erZ8MolTf3U.jpg,Russula/738_erZ8MolTf3U.jpg,Russula,Russula,True,0.9737858176231384,0.0080160000015894,MobileNetV2,test,1.408223579346668e-05,1.1717829693225212e-05,9.443351882509887e-05,0.01628512144088745,2.9470886602211976e-06,2.694893641574936e-09,3.4415530535625294e-05,3.5549608583096415e-05,0.006883129943162203,0.9737858176231384,0.0028527521062642336
C:\Projects\TM470\data\processed\test\Russula\756_vp2vfTitRMQ.jpg,Russula/756_vp2vfTitRMQ.jpg,Russula,Russula,True,0.9891198873519897,0.0080053999990923,MobileNetV2,test,2.1969142380839912e-06,4.9776066589402035e-05,2.5138597266050056e-06,0.004213316831737757,5.983955020383291e-07,1.0113786474974518e-09,0.0002490033220965415,7.71554641687544e-06,0.005060614086687565,0.9891198873519897,0.001294408692047
C:\Projects\TM470\data\processed\test\Russula\757_iadA7ihhNeQ.jpg,Russula/757_iadA7ihhNeQ.jpg,Russula,Russula,True,0.9631912708282471,0.0099073000001226,MobileNetV2,test,0.00010413258132757619,0.00027904874878004193,0.00010594961349852383,0.012410466559231281,0.00013967302220407873,9.58089640334947e-06,8.357462502317503e-05,0.001707270392216742,0.02143048495054245,0.9631912708282471,0.0005386837292462587
C:\Projects\TM470\data\processed\test\Russula\761_PoCeQSN4r0Y.jpg,Russula/761_PoCeQSN4r0Y.jpg,Russula,Russula,True,0.9762083292007446,0.0100763000009465,MobileNetV2,test,4.300463842810132e-06,0.0023294086568057537,8.865568088367581e-05,0.00017587808542884886,1.202026567170833e-07,1.582198549954228e-08,0.0125605259090662,2.4720793589949608e-06,0.008109894581139088,0.9762083292007446,0.0005203314358368516
C:\Projects\TM470\data\processed\test\Russula\764_Km8WK13K9DM.jpg,Russula/764_Km8WK13K9DM.jpg,Russula,Russula,True,0.9457228183746338,0.0082383999997546,MobileNetV2,test,1.4012850442668423e-05,3.598875264287926e-05,7.169151649577543e-05,0.010463820770382881,9.249574759451207e-07,2.4183892222140457e-08,0.0006263896357268095,4.938299025525339e-05,0.0416400171816349,0.9457228183746338,0.0013749068602919579
C:\Projects\TM470\data\processed\test\Russula\773_rvHJQsLi9cg.jpg,Russula/773_rvHJQsLi9cg.jpg,Russula,Russula,True,0.7396472096443176,0.0083187000000179,MobileNetV2,test,0.000527857628185302,0.00040333595825359225,0.002222243929281831,0.004670164082199335,0.00012895763211417943,8.791361665316799e-07,0.0010336528066545725,0.0008852623868733644,0.24622038006782532,0.7396472096443176,0.00426006643101573
C:\Projects\TM470\data\processed\test\Russula\777_1makiuR24D8.jpg,Russula/777_1makiuR24D8.jpg,Russula,Boletus,False,0.405127614736557,0.0085135999997874,MobileNetV2,test,0.0008072267519310117,0.014046002179384232,0.405127614736557,0.0035400311462581158,9.962031981558539e-06,2.878938643036122e-09,0.0007895790040493011,1.5343495761044323e-05,0.1984308660030365,0.3444872200489044,0.03274618461728096
C:\Projects\TM470\data\processed\test\Russula\781_6bHC50w-YyU.jpg,Russula/781_6bHC50w-YyU.jpg,Russula,Russula,True,0.9759456515312195,0.0085710000003018,MobileNetV2,test,0.00031745119486004114,0.0012726174900308251,0.00010981507512042299,0.00024973173276521266,9.871139809547458e-06,4.0722665062276064e-07,0.0002034116769209504,4.714631722890772e-05,0.02171461097896099,0.9759456515312195,0.0001291957451030612
C:\Projects\TM470\data\processed\test\Russula\789_ZOAABwfjsvE.jpg,Russula/789_ZOAABwfjsvE.jpg,Russula,Russula,True,0.9686218500137329,0.007465199998478,MobileNetV2,test,0.0011686499929055572,0.010685178451240063,0.0057396902702748775,0.004704452119767666,7.470523996744305e-05,1.5989637631719233e-06,0.00014389253919944167,2.7496254915604368e-05,0.008716395124793053,0.9686218500137329,0.00011623393947957084
C:\Projects\TM470\data\processed\test\Russula\790_XgJL7jUO0n0.jpg,Russula/790_XgJL7jUO0n0.jpg,Russula,Russula,True,0.5467199683189392,0.0072622999996383,MobileNetV2,test,0.014531763270497322,0.06330125778913498,0.08797823637723923,0.0067465463653206825,0.002573555801063776,3.899915827787481e-05,0.0032214345410466194,0.0019100881181657314,0.2669212222099304,0.5467199683189392,0.006056976038962603
C:\Projects\TM470\data\processed\test\Russula\791_bmziJQYOR-0.jpg,Russula/791_bmziJQYOR-0.jpg,Russula,Russula,True,0.6679156422615051,0.0102339999994001,MobileNetV2,test,0.002870101947337389,0.08828986436128616,0.015161054208874702,0.02588164247572422,0.003256222466006875,6.592313729925081e-05,0.01093712355941534,0.00028232630575075746,0.18337304890155792,0.6679156422615051,0.001967012183740735
C:\Projects\TM470\data\processed\test\Suillus\004_LMWP6X0bx7g.jpg,Suillus/004_LMWP6X0bx7g.jpg,Suillus,Russula,False,0.6315791606903076,0.0074729999996634,MobileNetV2,test,9.237421909347177e-05,2.9917278880020604e-05,0.07995181530714035,0.08393839001655579,2.3044693080009893e-05,3.4007379667855275e-07,0.000135668451548554,0.0005406483542174101,0.18924932181835175,0.6315791606903076,0.014459279365837574
C:\Projects\TM470\data\processed\test\Suillus\005_4zrEN39EHeU.jpg,Suillus/005_4zrEN39EHeU.jpg,Suillus,Cortinarius,False,0.6711552143096924,0.0083903000013378,MobileNetV2,test,0.05492893233895302,0.021526070311665535,0.010717453435063362,0.6711552143096924,0.03187050670385361,8.855674241203815e-05,0.04277105629444122,0.054597992449998856,0.02453591488301754,0.001988016301766038,0.0858202800154686
C:\Projects\TM470\data\processed\test\Suillus\006_8Su_kJ43Mho.jpg,Suillus/006_8Su_kJ43Mho.jpg,Suillus,Boletus,False,0.4896077513694763,0.0070071999998617,MobileNetV2,test,0.024782473221421242,0.03131617605686188,0.4896077513694763,0.18270418047904968,0.0036812389735132456,0.0026928256265819073,0.012278635054826736,0.05699402466416359,0.1251145899295807,0.021107155829668045,0.04972100257873535
C:\Projects\TM470\data\processed\test\Suillus\013_SzBeuYLeWzY.jpg,Suillus/013_SzBeuYLeWzY.jpg,Suillus,Cortinarius,False,0.8045070767402649,0.0092849000011483,MobileNetV2,test,0.0010101778898388147,0.0005812091403640807,0.0010510280262678862,0.8045070767402649,0.000457011628895998,3.88798397921164e-08,0.0058111101388931274,0.0004166811122559011,0.04279200732707977,0.05520040914416313,0.08817321807146072
C:\Projects\TM470\data\processed\test\Suillus\020_qW3wRprNQuU.jpg,Suillus/020_qW3wRprNQuU.jpg,Suillus,Cortinarius,False,0.21177363395690918,0.0075605000001814,MobileNetV2,test,0.016681743785738945,0.16990551352500916,0.07238515466451645,0.21177363395690918,0.004651491995900869,7.032947905827314e-05,0.06759706139564514,0.021379301324486732,0.20690032839775085,0.15754875540733337,0.07110664248466492
C:\Projects\TM470\data\processed\test\Suillus\024_b9YCAgUxfLc.jpg,Suillus/024_b9YCAgUxfLc.jpg,Suillus,Boletus,False,0.35810384154319763,0.0070880000002944,MobileNetV2,test,0.0007021037163212895,0.01926521584391594,0.35810384154319763,0.21883143484592438,0.0002399211225565523,5.130448244017316e-06,0.0072380416095256805,0.002914483193308115,0.03571781516075134,0.2367458939552307,0.12023615092039108
C:\Projects\TM470\data\processed\test\Suillus\035_GGH3qG0fqcg.jpg,Suillus/035_GGH3qG0fqcg.jpg,Suillus,Inocybe,False,0.2697862684726715,0.0071631000009801,MobileNetV2,test,0.07642140239477158,0.09590637683868408,0.06682487577199936,0.10246619582176208,0.016210973262786865,0.11243510246276855,0.024645507335662842,0.2697862684726715,0.10145413875579834,0.1039675921201706,0.029881546273827553
C:\Projects\TM470\data\processed\test\Suillus\042_S8g3kuvZPb4.jpg,Suillus/042_S8g3kuvZPb4.jpg,Suillus,Suillus,True,0.5437612533569336,0.0077897999999549,MobileNetV2,test,0.004859044216573238,0.008192802779376507,0.020818008109927177,0.1053009182214737,0.0036315452307462692,3.0806636459601577e-06,0.07204554229974747,0.05426294356584549,0.1810421645641327,0.0060827117413282394,0.5437612533569336
C:\Projects\TM470\data\processed\test\Suillus\053_pR_9bsx0WUU.jpg,Suillus/053_pR_9bsx0WUU.jpg,Suillus,Lactarius,False,0.4451597332954407,0.0114759999996749,MobileNetV2,test,0.01574970781803131,0.04655701667070389,0.2990127503871918,0.016262350603938103,0.004519164562225342,0.0013664165744557977,0.005062624346464872,0.09037134796380997,0.4451597332954407,0.037573643028736115,0.03836522996425629
C:\Projects\TM470\data\processed\test\Suillus\057_QjMKHaEMZBI.jpg,Suillus/057_QjMKHaEMZBI.jpg,Suillus,Suillus,True,0.6498550772666931,0.0100559000002249,MobileNetV2,test,5.569541463046335e-05,0.0003201151848770678,0.018844082951545715,0.14307886362075806,6.638043851125985e-05,1.4686433758015482e-07,0.11908835917711258,0.0007131168385967612,0.06214505806565285,0.005833045579493046,0.6498550772666931
C:\Projects\TM470\data\processed\test\Suillus\059_JRPx07CUp9I.jpg,Suillus/059_JRPx07CUp9I.jpg,Suillus,Hygrocybe,False,0.4281580150127411,0.0096285999989049,MobileNetV2,test,0.0005830524023622274,0.03034667670726776,0.04925253987312317,0.06496234983205795,0.0006936331046745181,1.896189587569097e-06,0.4281580150127411,0.0003499100566841662,0.173951655626297,0.06509017199277878,0.1866101324558258
C:\Projects\TM470\data\processed\test\Suillus\060_HFmPuFBK7f4.jpg,Suillus/060_HFmPuFBK7f4.jpg,Suillus,Russula,False,0.3148522675037384,0.008093500000541,MobileNetV2,test,0.017513399943709373,0.06805748492479324,0.13709913194179535,0.12594586610794067,0.022287601605057716,0.0007731207297183573,0.05840650945901871,0.016958503052592278,0.1904979795217514,0.3148522675037384,0.04760809242725372
C:\Projects\TM470\data\processed\test\Suillus\063_DU3VJmB-I14.jpg,Suillus/063_DU3VJmB-I14.jpg,Suillus,Boletus,False,0.5978223085403442,0.0072481999995943,MobileNetV2,test,0.001374523271806538,0.015196610242128372,0.5978223085403442,0.04093913361430168,0.0005843901890330017,1.0705505246733082e-06,0.0011062987614423037,0.0008791420259512961,0.047257158905267715,0.26860499382019043,0.02623439021408558
C:\Projects\TM470\data\processed\test\Suillus\066_uFngOMLuPrE.jpg,Suillus/066_uFngOMLuPrE.jpg,Suillus,Cortinarius,False,0.6724867820739746,0.007376600000498,MobileNetV2,test,0.0005437273648567498,0.008576061576604843,0.00034646192216314375,0.6724867820739746,4.423696009325795e-05,6.343995551105763e-08,0.008114678785204887,0.0011301611084491014,0.0037286533042788506,0.2601926624774933,0.04483649134635925
C:\Projects\TM470\data\processed\test\Suillus\071_pDklNEHcmB8.jpg,Suillus/071_pDklNEHcmB8.jpg,Suillus,Boletus,False,0.4781482517719269,0.0071647999993729,MobileNetV2,test,0.0026025129482150078,0.05837399885058403,0.4781482517719269,0.031231453642249107,0.0006477212882600725,0.0032532515469938517,0.20230980217456818,0.03289191424846649,0.06409852206707001,0.022479945793747902,0.10396264493465424
C:\Projects\TM470\data\processed\test\Suillus\072_qfIXcNPk1eM.jpg,Suillus/072_qfIXcNPk1eM.jpg,Suillus,Exidia,False,0.20345814526081085,0.007133099999919,MobileNetV2,test,0.05639755725860596,0.11576658487319946,0.04653960093855858,0.16428059339523315,0.01710181124508381,0.20345814526081085,0.07844096422195435,0.20269806683063507,0.06790775060653687,0.01371281873434782,0.033696115016937256
C:\Projects\TM470\data\processed\test\Suillus\076_eqA9_q6_9JU.jpg,Suillus/076_eqA9_q6_9JU.jpg,Suillus,Cortinarius,False,0.9581630229949951,0.0072736000001896,MobileNetV2,test,0.014141924679279327,0.0005118701374158263,2.9813485525664873e-05,0.9581630229949951,0.0009651328437030315,4.035714429306836e-09,0.0009609319386072457,0.0016257025999948382,0.0005500239203684032,2.2210419047041796e-05,0.02302936278283596
C:\Projects\TM470\data\processed\test\Suillus\103_jpMZm4FpWNQ.jpg,Suillus/103_jpMZm4FpWNQ.jpg,Suillus,Boletus,False,0.8266037702560425,0.0072564000001875,MobileNetV2,test,2.2531719878315926e-05,0.001334581058472395,0.8266037702560425,0.005889615509659052,9.12983432499459e-06,2.0511392051503208e-07,0.028566455468535423,5.4115153034217656e-05,0.016635721549391747,0.0042789652943611145,0.1166049987077713
C:\Projects\TM470\data\processed\test\Suillus\105_ywBhq3G8x-g.jpg,Suillus/105_ywBhq3G8x-g.jpg,Suillus,Hygrocybe,False,0.7864334583282471,0.0073941999999078,MobileNetV2,test,2.334410964976996e-06,0.0029544837307184935,0.00029112648917362094,0.0037875103298574686,1.4650477169197984e-06,8.590618882919898e-09,0.7864334583282471,1.4460357306234073e-05,0.05920226126909256,0.1268429011106491,0.020470015704631805
C:\Projects\TM470\data\processed\test\Suillus\109_BXGWNC8c4aw.jpg,Suillus/109_BXGWNC8c4aw.jpg,Suillus,Boletus,False,0.95705246925354,0.0071499000005132,MobileNetV2,test,0.00016687581955920905,0.0002234928251709789,0.95705246925354,0.00488048791885376,1.0089066563523374e-05,1.249166416528169e-06,0.00010674441000446677,0.0001539192016934976,0.012024578638374805,0.005784363951534033,0.019595665857195854
C:\Projects\TM470\data\processed\test\Suillus\110_GXWZjkiIn3U.jpg,Suillus/110_GXWZjkiIn3U.jpg,Suillus,Boletus,False,0.500551164150238,0.0085333999995782,MobileNetV2,test,8.294827421195805e-05,0.03205866739153862,0.500551164150238,0.0017085087019950151,7.222134627227206e-06,7.933747525612489e-08,0.0008565675234422088,0.0001345620839856565,0.07253257185220718,0.38047346472740173,0.011594168841838837
C:\Projects\TM470\data\processed\test\Suillus\123_CK6TqHiLN8s.jpg,Suillus/123_CK6TqHiLN8s.jpg,Suillus,Cortinarius,False,0.3882722556591034,0.0077071999985491,MobileNetV2,test,0.004815266467630863,0.003203342203050852,0.2426687479019165,0.3882722556591034,0.006020199507474899,2.3117188902688213e-05,0.0036468959879130125,0.006407739128917456,0.2330622673034668,0.017467878758907318,0.09441240131855011
C:\Projects\TM470\data\processed\test\Suillus\124_A3Rr6EGcEuc.jpg,Suillus/124_A3Rr6EGcEuc.jpg,Suillus,Boletus,False,0.995633065700531,0.01030449999962,MobileNetV2,test,0.00014914909843355417,0.0011268553789705038,0.995633065700531,0.0009187964606098831,3.4509321267250925e-06,7.337003467000613e-07,1.163776346402301e-06,2.841255445673596e-05,0.0009483030298724771,0.0010581788374111056,0.0001317341229878366
C:\Projects\TM470\data\processed\test\Suillus\135_jpc6hxtvXcY.jpg,Suillus/135_jpc6hxtvXcY.jpg,Suillus,Amanita,False,0.6252681612968445,0.0093824999985372,MobileNetV2,test,0.034979578107595444,0.6252681612968445,0.035908542573451996,0.04857654124498367,0.020333804190158844,0.181329146027565,0.0029577291570603848,0.016802938655018806,0.024998169392347336,0.007875432260334492,0.0009699708316475153
C:\Projects\TM470\data\processed\test\Suillus\140_AElK4TLjpHw.jpg,Suillus/140_AElK4TLjpHw.jpg,Suillus,Russula,False,0.5255376100540161,0.0075816000007762,MobileNetV2,test,0.0001772860559867695,0.0006666452391073108,0.39548102021217346,0.01181772444397211,2.0605955796781927e-05,6.00589771693194e-07,0.00019937142496928573,8.965274173533544e-05,0.05261211842298508,0.5255376100540161,0.013397390954196453
C:\Projects\TM470\data\processed\test\Suillus\143_4I78Lp4NctA.jpg,Suillus/143_4I78Lp4NctA.jpg,Suillus,Inocybe,False,0.3027198612689972,0.0080890000008366,MobileNetV2,test,0.08323326706886292,0.10086741298437119,0.0640142634510994,0.07787425816059113,0.0212042648345232,0.15744338929653168,0.017173288390040398,0.3027198612689972,0.0850747600197792,0.06448238343000412,0.02591278776526451
C:\Projects\TM470\data\processed\test\Suillus\150_jLg9QQo1nOg.jpg,Suillus/150_jLg9QQo1nOg.jpg,Suillus,Boletus,False,0.54013991355896,0.007020699998975,MobileNetV2,test,0.0002991072542499751,0.0007256231619976461,0.54013991355896,0.11139168590307236,0.00011473254562588409,1.0276891089233686e-06,0.001333312364295125,0.00019257652456872165,0.0975075215101242,0.19639529287815094,0.051899250596761703
C:\Projects\TM470\data\processed\test\Suillus\152_uGhPmWPTFe8.jpg,Suillus/152_uGhPmWPTFe8.jpg,Suillus,Agaricus,False,0.34479278326034546,0.0076073000000178,MobileNetV2,test,0.34479278326034546,0.056816402822732925,0.009534846059978008,0.08043831586837769,0.021253688260912895,0.001538232434540987,0.021882621571421623,0.10673338919878006,0.27183812856674194,0.06828153133392334,0.0168900303542614
C:\Projects\TM470\data\processed\test\Suillus\153_iWtEXcs9CUw.jpg,Suillus/153_iWtEXcs9CUw.jpg,Suillus,Russula,False,0.4302603006362915,0.009929199999533,MobileNetV2,test,0.12447003275156021,0.05505530536174774,0.0044714887626469135,0.1073484942317009,0.004609094932675362,5.250500908005051e-05,0.029451996088027954,0.007746827322989702,0.21988524496555328,0.4302603006362915,0.016648633405566216
C:\Projects\TM470\data\processed\test\Suillus\159_8OhWm5aBdYo.jpg,Suillus/159_8OhWm5aBdYo.jpg,Suillus,Russula,False,0.3257550299167633,0.0094960999995237,MobileNetV2,test,0.08806455135345459,0.21775779128074646,0.21808046102523804,0.03644206374883652,0.0019449373940005898,7.531996743637137e-06,0.007158858235925436,0.0015719791408628225,0.06490912288427353,0.3257550299167633,0.03830768167972565
C:\Projects\TM470\data\processed\test\Suillus\174_G_tZXZc2BS8.jpg,Suillus/174_G_tZXZc2BS8.jpg,Suillus,Lactarius,False,0.4304005801677704,0.0073270999982923,MobileNetV2,test,0.06178494170308113,0.10691337287425995,0.030293265357613564,0.16266272962093353,0.014707539230585098,0.004737142939120531,0.014737308956682682,0.005654083099216223,0.4304005801677704,0.15959857404232025,0.008510522544384003
C:\Projects\TM470\data\processed\test\Suillus\186_Zx-rs9g1O2M.jpg,Suillus/186_Zx-rs9g1O2M.jpg,Suillus,Hygrocybe,False,0.6212322115898132,0.0082000000002153,MobileNetV2,test,0.0022702899295836687,0.010921227745711803,0.03161541745066643,0.08748842775821686,0.012260125018656254,0.00011945238657062873,0.6212322115898132,0.018679138273000717,0.09573298692703247,0.00105670269113034,0.11862403899431229
C:\Projects\TM470\data\processed\test\Suillus\187_rbfGR0jzf1M.jpg,Suillus/187_rbfGR0jzf1M.jpg,Suillus,Cortinarius,False,0.7609829902648926,0.0076023000001441,MobileNetV2,test,0.008125036023557186,0.0015464407624676824,0.023525608703494072,0.7609829902648926,0.005995918530970812,5.781395884696394e-05,0.0015522800385951996,0.07354956120252609,0.027744270861148834,0.0032843565568327904,0.09363571554422379
C:\Projects\TM470\data\processed\test\Suillus\195_4bcpABEJmZ0.jpg,Suillus/195_4bcpABEJmZ0.jpg,Suillus,Hygrocybe,False,0.250337153673172,0.0087878000013006,MobileNetV2,test,0.0036692905705422163,0.08235617727041245,0.10797765851020813,0.10857981443405151,0.003937845584005117,8.788765990175307e-05,0.250337153673172,0.00557418679818511,0.14490076899528503,0.04820026457309723,0.24437901377677917
C:\Projects\TM470\data\processed\test\Suillus\197_0xmjWv0BbOU.jpg,Suillus/197_0xmjWv0BbOU.jpg,Suillus,Cortinarius,False,0.5686290264129639,0.0105458999987604,MobileNetV2,test,0.01102609746158123,0.00884829182177782,0.07672448456287384,0.5686290264129639,0.00975135900080204,2.4664866941748187e-05,0.036297500133514404,0.03362321853637695,0.09206105768680573,0.01488484162837267,0.148129403591156
C:\Projects\TM470\data\processed\test\Suillus\209_7dBOxsmYgEg.jpg,Suillus/209_7dBOxsmYgEg.jpg,Suillus,Boletus,False,0.7515535950660706,0.0078427999997074,MobileNetV2,test,0.007888530381023884,0.040077291429042816,0.7515535950660706,0.15760652720928192,0.0001531410962343216,1.7555972817717702e-06,0.00042047450551763177,0.0002835410996340215,0.00619053328409791,0.013596021570265293,0.022228602319955826
C:\Projects\TM470\data\processed\test\Suillus\217_ZAXchPHjhcE.jpg,Suillus/217_ZAXchPHjhcE.jpg,Suillus,Suillus,True,0.5266415476799011,0.0071711999989929,MobileNetV2,test,6.397486140485853e-05,0.0001221554121002555,0.018754636868834496,0.1279800683259964,5.878977754036896e-05,2.7238041155897008e-08,0.022899340838193893,0.0005418489454314113,0.2916349172592163,0.01130271889269352,0.5266415476799011
C:\Projects\TM470\data\processed\test\Suillus\228_LjjB-u2A1pU.jpg,Suillus/228_LjjB-u2A1pU.jpg,Suillus,Boletus,False,0.989763617515564,0.0071972999994613,MobileNetV2,test,0.001936538377776742,0.0025575743056833744,0.989763617515564,0.0008466195431537926,1.1555589480849449e-05,5.160800355952233e-07,2.2553158487426117e-05,0.00011616077244980261,0.0024724877439439297,0.0007641318952664733,0.001508211367763579
C:\Projects\TM470\data\processed\test\Suillus\239_pLvnF05ewak.jpg,Suillus/239_pLvnF05ewak.jpg,Suillus,Boletus,False,0.8548547625541687,0.0072655000003578,MobileNetV2,test,0.0013697398826479912,0.0021633466240018606,0.8548547625541687,0.06053679436445236,0.00032972032204270363,0.0003848117485176772,0.004283183719962835,0.004736787639558315,0.03411906585097313,0.011937921866774559,0.02528388611972332
C:\Projects\TM470\data\processed\test\Suillus\246_dDYtt6MpmiI.jpg,Suillus/246_dDYtt6MpmiI.jpg,Suillus,Boletus,False,0.9904678463935852,0.0072111999998014,MobileNetV2,test,8.939975668909028e-05,0.0021370367612689734,0.9904678463935852,0.00033818118390627205,1.0034478691522963e-05,2.2553905409949948e-07,0.00011242322943871841,1.189879640151048e-05,0.005258734803646803,0.0011738165048882365,0.00040040904423221946
C:\Projects\TM470\data\processed\test\Suillus\255_9-ELp1gnP9Q.jpg,Suillus/255_9-ELp1gnP9Q.jpg,Suillus,Boletus,False,0.9048643112182617,0.0074630999988585,MobileNetV2,test,0.0020588096231222153,0.007118422072380781,0.9048643112182617,0.0061960360035300255,0.0030595578718930483,5.3511619626078755e-05,0.00041768536902964115,0.01480098906904459,0.05103062465786934,0.005344093777239323,0.005055986810475588
C:\Projects\TM470\data\processed\test\Suillus\286_3SyGqemn_aQ.jpg,Suillus/286_3SyGqemn_aQ.jpg,Suillus,Amanita,False,0.3719639778137207,0.0074798999994527,MobileNetV2,test,0.03975171223282814,0.3719639778137207,0.10858820378780365,0.04536019638180733,0.02572493627667427,0.00040626456029713154,0.021836938336491585,0.0639488697052002,0.12588852643966675,0.17147792875766754,0.02505248785018921
C:\Projects\TM470\data\processed\test\Suillus\287_uBlS4Qgx1HQ.jpg,Suillus/287_uBlS4Qgx1HQ.jpg,Suillus,Boletus,False,0.7923139333724976,0.007178500000009,MobileNetV2,test,0.030042745172977448,0.009241633117198944,0.7923139333724976,0.1461058109998703,0.00039712717989459634,2.8844124244642444e-06,0.0001169924798887223,0.0004920639330521226,0.012619460001587868,0.005655151326209307,0.0030121435411274433
C:\Projects\TM470\data\processed\test\Suillus\289_BYUT_xNeNAg.jpg,Suillus/289_BYUT_xNeNAg.jpg,Suillus,Lactarius,False,0.3228955566883087,0.0072528999990026,MobileNetV2,test,0.006700741592794657,0.02183356136083603,0.032580066472291946,0.1384560763835907,0.0013471435522660613,5.409194159256003e-07,0.017127742990851402,0.01088394969701767,0.3228955566883087,0.23414818942546844,0.21402645111083984
C:\Projects\TM470\data\processed\test\Suillus\293_zL8A0olEfaA.jpg,Suillus/293_zL8A0olEfaA.jpg,Suillus,Cortinarius,False,0.9405578374862671,0.0082705999993777,MobileNetV2,test,0.005630351137369871,0.00046889958321116865,0.00016986335685942322,0.9405578374862671,0.0020319584291428328,7.252342584251892e-07,0.0005077043315395713,0.02685145102441311,0.004002769943326712,0.002386823995038867,0.017391521483659744
C:\Projects\TM470\data\processed\test\Suillus\294_BX6ekzpPLto.jpg,Suillus/294_BX6ekzpPLto.jpg,Suillus,Cortinarius,False,0.5170685052871704,0.0069191999991744,MobileNetV2,test,0.020127994939684868,0.021013803780078888,0.0682770162820816,0.5170685052871704,0.039289265871047974,0.12293510138988495,0.03641156852245331,0.10161161422729492,0.05294216424226761,0.003748034592717886,0.01657489314675331
C:\Projects\TM470\data\processed\test\Suillus\302_C8yj39nTbnM.jpg,Suillus/302_C8yj39nTbnM.jpg,Suillus,Hygrocybe,False,0.4296261966228485,0.0071575999991182,MobileNetV2,test,0.0013873926363885403,0.19985680282115936,0.128273606300354,0.01362674031406641,0.001651322701945901,0.0002548725460655987,0.4296261966228485,0.022364621981978416,0.13068023324012756,0.04012751951813698,0.032150641083717346
C:\Projects\TM470\data\processed\test\Suillus\324_nslhbQyQ1Gk.jpg,Suillus/324_nslhbQyQ1Gk.jpg,Suillus,Boletus,False,0.9095097780227661,0.0070964000005915,MobileNetV2,test,0.0001163511406048201,0.00042267097160220146,0.9095097780227661,0.005959797650575638,1.6491811038576998e-05,1.344317439588849e-07,0.002440602984279394,0.0001035110981320031,0.031283531337976456,0.003528109285980463,0.04661908745765686
