image_path,relative_image_path,true_label,predicted_label,correct,confidence,inference_time_sec,model_name,split,prob_Agaricus,prob_Amanita,prob_Boletus,prob_Cortinarius,prob_Entoloma,prob_Exidia,prob_Hygrocybe,prob_Inocybe,prob_Lactarius,prob_Russula,prob_Suillus
C:\Projects\TM470\data\processed\test\Agaricus\003_4AurAO4Jil8.jpg,Agaricus/003_4AurAO4Jil8.jpg,Agaricus,Lactarius,False,0.49244773387908936,0.0205974999989848,ResNet18_Corrected,test,0.10697388648986816,0.026392275467514992,0.017881590873003006,0.001548386993817985,0.005230445880442858,4.388689831102965e-06,0.0004981097299605608,0.0074780588038265705,0.49244773387908936,0.33003076910972595,0.01151434425264597
C:\Projects\TM470\data\processed\test\Agaricus\014_DU4RE5bim5A.jpg,Agaricus/014_DU4RE5bim5A.jpg,Agaricus,Agaricus,True,0.3099684715270996,0.0020222000021021,ResNet18_Corrected,test,0.3099684715270996,0.12175682187080383,0.02927764318883419,0.011098162271082401,0.13239935040473938,0.0004197558155283332,0.004888646304607391,0.009635573253035545,0.15575453639030457,0.21107617020606995,0.01372489146888256
C:\Projects\TM470\data\processed\test\Agaricus\016_qNYODERZEms.jpg,Agaricus/016_qNYODERZEms.jpg,Agaricus,Russula,False,0.45747214555740356,0.0023414000024786,ResNet18_Corrected,test,0.2938067317008972,0.035792622715234756,0.00812884047627449,0.001856377231888473,0.026610219851136208,1.0441170417152534e-07,0.0024042045697569847,4.370135866338387e-05,0.16257677972316742,0.45747214555740356,0.011308356188237667
C:\Projects\TM470\data\processed\test\Agaricus\019_aaTsKm7exKE.jpg,Agaricus/019_aaTsKm7exKE.jpg,Agaricus,Agaricus,True,0.49737095832824707,0.0023250000012922,ResNet18_Corrected,test,0.49737095832824707,0.010716862045228481,0.09643101692199707,0.010381103493273258,0.00416810717433691,9.472644251218298e-07,0.00208670855499804,0.0005550666828639805,0.17600134015083313,0.15701985359191895,0.04526800662279129
C:\Projects\TM470\data\processed\test\Agaricus\020_vZJfrjIwmqU.jpg,Agaricus/020_vZJfrjIwmqU.jpg,Agaricus,Russula,False,0.24516205489635468,0.0022724000009475,ResNet18_Corrected,test,0.20239001512527466,0.06691001355648041,0.016111910343170166,0.07483740150928497,0.04953111335635185,0.001977111678570509,0.017527159303426743,0.07583805173635483,0.14295423030853271,0.24516205489635468,0.10676097124814987
C:\Projects\TM470\data\processed\test\Agaricus\029_ZksYQQBGVIg.jpg,Agaricus/029_ZksYQQBGVIg.jpg,Agaricus,Russula,False,0.3449772298336029,0.0022484000000986,ResNet18_Corrected,test,0.2541763484477997,0.11421672999858856,0.03144867345690727,0.09546881169080734,0.006228135898709297,1.7415299225831404e-05,0.0034074096474796534,0.000374697643565014,0.12316595017910004,0.3449772298336029,0.026518581435084343
C:\Projects\TM470\data\processed\test\Agaricus\048_iC9glWRw_EM.jpg,Agaricus/048_iC9glWRw_EM.jpg,Agaricus,Agaricus,True,0.7667406797409058,0.0023086000001057,ResNet18_Corrected,test,0.7667406797409058,0.06836026906967163,0.02189645916223526,0.00505082355812192,0.00528352428227663,9.210530294012642e-08,0.0008658631122671068,9.071904059965163e-06,0.02063782513141632,0.10783147811889648,0.0033238788601011038
C:\Projects\TM470\data\processed\test\Agaricus\052_z7PpmpKIPU4.jpg,Agaricus/052_z7PpmpKIPU4.jpg,Agaricus,Russula,False,0.5717272162437439,0.0024635000008856,ResNet18_Corrected,test,0.20388516783714294,0.055062200874090195,0.03248080611228943,0.002690905472263694,0.00042206578655168414,2.6083748139171803e-07,0.0009342580451630056,0.0003412410442251712,0.12087320536375046,0.5717272162437439,0.011582691222429276
C:\Projects\TM470\data\processed\test\Agaricus\055_Cggc3hvlPfg.jpg,Agaricus/055_Cggc3hvlPfg.jpg,Agaricus,Boletus,False,0.4164293706417084,0.0022903999997652,ResNet18_Corrected,test,0.06929611414670944,0.03829694539308548,0.4164293706417084,0.003143958281725645,7.316372648347169e-05,1.946921024398307e-08,9.820855484576896e-05,0.00015638701734133065,0.09296821057796478,0.35785648226737976,0.02168114483356476
C:\Projects\TM470\data\processed\test\Agaricus\057_n1EFvW3JrYo.jpg,Agaricus/057_n1EFvW3JrYo.jpg,Agaricus,Exidia,False,0.3475722670555115,0.0042854999992414,ResNet18_Corrected,test,0.05873154103755951,0.045540183782577515,0.007290375418961048,0.1731456220149994,0.06296436488628387,0.3475722670555115,0.007535174023360014,0.10488475859165192,0.08265496790409088,0.10229875892400742,0.007382065057754517
C:\Projects\TM470\data\processed\test\Agaricus\063_Fa4IMCTXq04.jpg,Agaricus/063_Fa4IMCTXq04.jpg,Agaricus,Russula,False,0.7559248805046082,0.0041783999986364,ResNet18_Corrected,test,0.04442549869418144,0.0123995840549469,0.10900741815567017,0.007626867387443781,0.00010277370893163607,1.5823246712898253e-06,0.00010746665793703869,0.004920609295368195,0.042956870049238205,0.7559248805046082,0.022526398301124573
C:\Projects\TM470\data\processed\test\Agaricus\069_W-jISbXJon8.jpg,Agaricus/069_W-jISbXJon8.jpg,Agaricus,Suillus,False,0.5240291953086853,0.0042505000019446,ResNet18_Corrected,test,0.18370971083641052,0.043700408190488815,0.033832479268312454,0.015618987381458282,0.00785195641219616,7.259247354340914e-07,0.0018889055354520679,0.0606389045715332,0.1192900761961937,0.009438666515052319,0.5240291953086853
C:\Projects\TM470\data\processed\test\Agaricus\075_osC0agHm9UY.jpg,Agaricus/075_osC0agHm9UY.jpg,Agaricus,Russula,False,0.39382824301719666,0.0041288000065833,ResNet18_Corrected,test,0.27352145314216614,0.06521685421466827,0.031314633786678314,0.00921605620533228,0.0004927287227474153,4.924799213767983e-06,0.0002612698881421238,0.008881483227014542,0.16959041357040405,0.39382824301719666,0.04767194762825966
C:\Projects\TM470\data\processed\test\Agaricus\083_mx9HfmWGwWo.jpg,Agaricus/083_mx9HfmWGwWo.jpg,Agaricus,Russula,False,0.6781778335571289,0.0042960999999195,ResNet18_Corrected,test,0.038951996713876724,0.02018008567392826,0.011374921537935734,0.0018986720824614167,0.005586843937635422,2.721454848142457e-07,0.0007128621218726039,0.0015763909323140979,0.22546690702438354,0.6781778335571289,0.01607324369251728
C:\Projects\TM470\data\processed\test\Agaricus\091_3BEGnmvAiRw.jpg,Agaricus/091_3BEGnmvAiRw.jpg,Agaricus,Entoloma,False,0.22824464738368988,0.004246200005582,ResNet18_Corrected,test,0.016926858574151993,0.0731639564037323,0.006545938551425934,0.03168382868170738,0.22824464738368988,0.12566030025482178,0.015111061744391918,0.22671619057655334,0.17331701517105103,0.08466653525829315,0.017963645979762077
C:\Projects\TM470\data\processed\test\Agaricus\093_Bz-kiIMN6EA.jpg,Agaricus/093_Bz-kiIMN6EA.jpg,Agaricus,Amanita,False,0.36419156193733215,0.0034546999959275,ResNet18_Corrected,test,0.04612133279442787,0.36419156193733215,0.01264959666877985,0.004989986307919025,0.18359974026679993,8.214073022827506e-05,0.0033698934130370617,0.0006141150952316821,0.27422526478767395,0.10516852885484695,0.004987842403352261
C:\Projects\TM470\data\processed\test\Agaricus\115_Jd1nw0g-Z5c.jpg,Agaricus/115_Jd1nw0g-Z5c.jpg,Agaricus,Lactarius,False,0.7366971969604492,0.0025409000008949,ResNet18_Corrected,test,0.00027875322848558426,0.000508641533087939,0.001158492756076157,0.03159914165735245,0.0002131051296601072,4.462001257365955e-08,0.0014974348014220595,0.00608191778883338,0.7366971969604492,0.1236361563205719,0.09832906723022461
C:\Projects\TM470\data\processed\test\Agaricus\127_5z4-vDJFDS8.jpg,Agaricus/127_5z4-vDJFDS8.jpg,Agaricus,Russula,False,0.8953500390052795,0.0025276000014855,ResNet18_Corrected,test,0.024595391005277634,0.003214961849153042,0.008405950851738453,0.0006409047055058181,0.00043440741137601435,3.354427136059712e-08,0.00014506556908600032,5.8664416428655386e-05,0.0638178363442421,0.8953500390052795,0.003336820052936673
C:\Projects\TM470\data\processed\test\Agaricus\128_iITC2t8k-ao.jpg,Agaricus/128_iITC2t8k-ao.jpg,Agaricus,Russula,False,0.8264632821083069,0.0025718000033521,ResNet18_Corrected,test,0.02111608348786831,0.004968033637851477,0.056570686399936676,0.008057444356381893,0.00021063096937723458,3.97700603116391e-07,0.0003498018777463585,0.0002773316518869251,0.07260219007730484,0.8264632821083069,0.009384098462760448
C:\Projects\TM470\data\processed\test\Agaricus\129_E1FD01dZMiw.jpg,Agaricus/129_E1FD01dZMiw.jpg,Agaricus,Russula,False,0.9581741690635681,0.0025410000016563,ResNet18_Corrected,test,0.0006656763725914061,0.0012741639511659741,0.0016580128576606512,0.0005266949883662164,5.3553751058643684e-05,5.1647653265263216e-08,8.594214705226477e-06,0.0003000904689542949,0.03562936931848526,0.9581741690635681,0.0017096807714551687
C:\Projects\TM470\data\processed\test\Agaricus\131_YrsaHYXAieo.jpg,Agaricus/131_YrsaHYXAieo.jpg,Agaricus,Russula,False,0.928535521030426,0.0025562000009813,ResNet18_Corrected,test,0.01068658847361803,0.0011852202005684376,0.005194439552724361,0.01697561703622341,0.00012899628200102597,5.605685942100536e-07,0.0002059057733276859,0.00027176737785339355,0.03366173058748245,0.928535521030426,0.0031535779125988483
C:\Projects\TM470\data\processed\test\Agaricus\141_099PmS-9Xww.jpg,Agaricus/141_099PmS-9Xww.jpg,Agaricus,Boletus,False,0.28909316658973694,0.0025986000036937,ResNet18_Corrected,test,0.17604856193065643,0.029389547184109688,0.28909316658973694,0.02473258227109909,0.0004056673787999898,6.572874099219916e-06,0.000467987556476146,0.03662296384572983,0.17973987758159637,0.1656152456998825,0.09787781536579132
C:\Projects\TM470\data\processed\test\Agaricus\147_eDN4yYIkeAs.jpg,Agaricus/147_eDN4yYIkeAs.jpg,Agaricus,Agaricus,True,0.5634966492652893,0.0025831999955698,ResNet18_Corrected,test,0.5634966492652893,0.16890306770801544,0.00669838534668088,0.0035838508047163486,0.005642728880047798,5.885394784854725e-07,0.001711594988591969,0.0003645938995759934,0.08185547590255737,0.15296979248523712,0.014773217029869556
C:\Projects\TM470\data\processed\test\Agaricus\162_19HDdc3YjRs.jpg,Agaricus/162_19HDdc3YjRs.jpg,Agaricus,Russula,False,0.9221653342247009,0.0025760999997146,ResNet18_Corrected,test,1.1801260370702948e-05,2.637199213495478e-05,0.002364165149629116,0.0035262848250567913,1.9507401702867355e-06,1.6076327824521286e-08,5.559718829317717e-06,0.00034784182207658887,0.06561538577079773,0.9221653342247009,0.005935280583798885
C:\Projects\TM470\data\processed\test\Agaricus\169_qqgFJZ8Zt4g.jpg,Agaricus/169_qqgFJZ8Zt4g.jpg,Agaricus,Amanita,False,0.46255388855934143,0.0025345000030938,ResNet18_Corrected,test,0.19716793298721313,0.46255388855934143,0.05017469450831413,0.0882752314209938,0.0020905770361423492,0.000319102342473343,0.0004900603089481592,0.010278288275003433,0.03805607557296753,0.13858188688755035,0.012012351304292679
C:\Projects\TM470\data\processed\test\Agaricus\171_wN-s2yo8YTs.jpg,Agaricus/171_wN-s2yo8YTs.jpg,Agaricus,Amanita,False,0.6987062096595764,0.0026263000036124,ResNet18_Corrected,test,0.24227187037467957,0.6987062096595764,0.0011940515832975507,0.005856600124388933,0.0015681006480008364,2.2167741917655803e-06,0.001243212609551847,0.0013153075706213713,0.011866156943142414,0.028740214183926582,0.007236006204038858
C:\Projects\TM470\data\processed\test\Agaricus\179_jfF8TJ9ZlvU.jpg,Agaricus/179_jfF8TJ9ZlvU.jpg,Agaricus,Russula,False,0.4611664116382599,0.0026013000024249,ResNet18_Corrected,test,0.02870049700140953,0.026833200827240944,0.06498099118471146,0.00857623852789402,0.008391350507736206,0.003154015401378274,0.0015344294952228665,0.19792458415031433,0.1504785120487213,0.4611664116382599,0.04825977236032486
C:\Projects\TM470\data\processed\test\Agaricus\206_W3JvSvV8oF8.jpg,Agaricus/206_W3JvSvV8oF8.jpg,Agaricus,Russula,False,0.8585861325263977,0.0025903999994625,ResNet18_Corrected,test,0.022806372493505478,0.025415724143385887,0.03924660384654999,0.0027593954000622034,0.004479056224226952,1.0072187706100522e-06,0.0004994706832803786,0.0003894291294272989,0.0361323319375515,0.8585861325263977,0.009684440679848194
C:\Projects\TM470\data\processed\test\Agaricus\211_2k-2vImOD5g.jpg,Agaricus/211_2k-2vImOD5g.jpg,Agaricus,Russula,False,0.7568376064300537,0.0025451000037719,ResNet18_Corrected,test,0.00976779405027628,0.0013665723381564021,0.0050032660365104675,0.007390918210148811,0.0004186996666248888,1.2903727792945574e-06,0.001031696330755949,0.002782654482871294,0.18654806911945343,0.7568376064300537,0.02885144017636776
C:\Projects\TM470\data\processed\test\Agaricus\213_o8ynZBRKBSE.jpg,Agaricus/213_o8ynZBRKBSE.jpg,Agaricus,Cortinarius,False,0.5291881561279297,0.0029001000002608,ResNet18_Corrected,test,0.03487807884812355,0.022975072264671326,0.019519899040460587,0.5291881561279297,0.00497429259121418,0.029876550659537315,0.034043341875076294,0.11813046783208847,0.0802822932600975,0.06542160362005234,0.060710225254297256
C:\Projects\TM470\data\processed\test\Agaricus\226_0du5e8k_cCA.jpg,Agaricus/226_0du5e8k_cCA.jpg,Agaricus,Amanita,False,0.6744378805160522,0.0045652999979211,ResNet18_Corrected,test,0.10902310907840729,0.6744378805160522,0.002255620202049613,0.0343690887093544,0.002870384603738785,1.4558459326963202e-07,0.0009920209413394332,0.0009721031528897583,0.012557284906506538,0.13360828161239624,0.02891402877867222
C:\Projects\TM470\data\processed\test\Agaricus\228_2SjHadDRW6o.jpg,Agaricus/228_2SjHadDRW6o.jpg,Agaricus,Agaricus,True,0.5087191462516785,0.004193300002953,ResNet18_Corrected,test,0.5087191462516785,0.10989785194396973,0.017709581181406975,0.01837114803493023,0.016178715974092484,2.184043660236057e-05,0.001259861164726317,0.005032840650528669,0.1753467321395874,0.09752799570560455,0.0499342679977417
C:\Projects\TM470\data\processed\test\Agaricus\237_y2JGdND-zxI.jpg,Agaricus/237_y2JGdND-zxI.jpg,Agaricus,Boletus,False,0.5066391825675964,0.0042163999969488,ResNet18_Corrected,test,0.027941538020968437,0.005235567688941956,0.5066391825675964,0.004874282982200384,0.0005777676706202328,4.570858180841242e-08,0.0001038466944009997,0.0007899016491137445,0.11063341796398163,0.2739793658256531,0.06922511756420135
C:\Projects\TM470\data\processed\test\Agaricus\238_I1p90MwfEEw.jpg,Agaricus/238_I1p90MwfEEw.jpg,Agaricus,Boletus,False,0.3603740334510803,0.0045921000055386,ResNet18_Corrected,test,0.12356540560722351,0.018398869782686234,0.3603740334510803,0.04018333926796913,0.0002968412300106138,7.558400056950632e-07,0.00021214397565927356,0.0049247657880187035,0.09465598315000534,0.3119617700576782,0.04542612284421921
C:\Projects\TM470\data\processed\test\Agaricus\270_Js1q2S-fR_Y.jpg,Agaricus/270_Js1q2S-fR_Y.jpg,Agaricus,Amanita,False,0.39003387093544006,0.0043539000034797,ResNet18_Corrected,test,0.09032678604125977,0.39003387093544006,0.2897465229034424,0.003157802391797304,1.4395774087461177e-05,2.0961624613846652e-06,1.2102588698326144e-05,0.0004877080791629851,0.016554106026887894,0.20714004337787628,0.0025246187578886747
C:\Projects\TM470\data\processed\test\Agaricus\272_r-A9DMTwWoM.jpg,Agaricus/272_r-A9DMTwWoM.jpg,Agaricus,Russula,False,0.6673406362533569,0.0042039999971166,ResNet18_Corrected,test,0.01850881800055504,0.005666655488312244,0.13706918060779572,0.0008882770198397338,0.00032689914223738015,4.912890290142968e-07,4.809598976862617e-05,0.008731018751859665,0.11394735425710678,0.6673406362533569,0.04747255519032478
C:\Projects\TM470\data\processed\test\Agaricus\294_kPCOGW3Y_Ak.jpg,Agaricus/294_kPCOGW3Y_Ak.jpg,Agaricus,Russula,False,0.32782670855522156,0.0042164000042248,ResNet18_Corrected,test,0.05699342489242554,0.12046002596616745,0.07403384149074554,0.0242354404181242,0.1683291792869568,0.007248719688504934,0.024296002462506294,0.015535344369709492,0.16410689055919647,0.32782670855522156,0.01693442091345787
C:\Projects\TM470\data\processed\test\Agaricus\300_VSw-oPLasfg.jpg,Agaricus/300_VSw-oPLasfg.jpg,Agaricus,Entoloma,False,0.7874143719673157,0.0027372999975341,ResNet18_Corrected,test,0.02818308025598526,0.01272105798125267,0.001161589054390788,0.0032688751816749573,0.7874143719673157,0.000651865266263485,0.0036359841469675303,0.0014678764855489135,0.12437596172094345,0.029679853469133377,0.00743947783485055
C:\Projects\TM470\data\processed\test\Agaricus\323_5Es9oQ3LeGk.jpg,Agaricus/323_5Es9oQ3LeGk.jpg,Agaricus,Russula,False,0.6407027244567871,0.002744999997958,ResNet18_Corrected,test,0.009419192560017109,0.005576013121753931,0.0002360172657063231,0.09465432167053223,0.008011885918676853,2.625304951209273e-08,0.010056203231215477,0.0003779909457080066,0.18117590248584747,0.6407027244567871,0.04978974163532257
C:\Projects\TM470\data\processed\test\Agaricus\349_Euf9XZEVTMc.jpg,Agaricus/349_Euf9XZEVTMc.jpg,Agaricus,Russula,False,0.26282161474227905,0.0025094000011449,ResNet18_Corrected,test,0.1658421903848648,0.23878704011440277,0.03668110445141792,0.04201116785407066,0.004702836740761995,0.00010201147961197421,0.016520259901881218,0.004541479051113129,0.18168170750141144,0.26282161474227905,0.04630861058831215
C:\Projects\TM470\data\processed\test\Agaricus\354_VP-DWvLyI3w.jpg,Agaricus/354_VP-DWvLyI3w.jpg,Agaricus,Agaricus,True,0.34935662150382996,0.0042181000026175,ResNet18_Corrected,test,0.34935662150382996,0.13959547877311707,0.019941994920372963,0.022940434515476227,0.11413443833589554,9.46063591982238e-05,0.005664115771651268,0.012845654971897602,0.13644808530807495,0.1482754945755005,0.05070305988192558
C:\Projects\TM470\data\processed\test\Agaricus\357__w_XUQZMZEw.jpg,Agaricus/357__w_XUQZMZEw.jpg,Agaricus,Russula,False,0.6894415616989136,0.0043565000014496,ResNet18_Corrected,test,0.24263493716716766,0.0044931406155228615,0.025596247985959053,0.0034019052982330322,0.0073663825169205666,7.38971039027092e-07,0.004797505680471659,0.0006236080080270767,0.01962451823055744,0.6894415616989136,0.0020195189863443375
C:\Projects\TM470\data\processed\test\Agaricus\366_XEI1sAQds7w.jpg,Agaricus/366_XEI1sAQds7w.jpg,Agaricus,Agaricus,True,0.35302087664604187,0.004320899999584,ResNet18_Corrected,test,0.35302087664604187,0.026360254734754562,0.001043200260028243,0.004004101734608412,0.11090559512376785,9.061276614374947e-06,0.01289314217865467,0.0024437513202428818,0.3476247787475586,0.11317120492458344,0.0285240076482296
C:\Projects\TM470\data\processed\test\Agaricus\374_Xap1L15Z8BM.jpg,Agaricus/374_Xap1L15Z8BM.jpg,Agaricus,Boletus,False,0.28160879015922546,0.0043305999934091,ResNet18_Corrected,test,0.0292732585221529,0.15323494374752045,0.28160879015922546,0.032621271908283234,0.00034343762672506273,1.228036808242905e-06,7.886570529080927e-05,0.009161833673715591,0.10684801638126373,0.2696627378463745,0.11716563254594803
C:\Projects\TM470\data\processed\test\Agaricus\384_T_p5cKpLpsc.jpg,Agaricus/384_T_p5cKpLpsc.jpg,Agaricus,Amanita,False,0.2587054371833801,0.0044201000055181,ResNet18_Corrected,test,0.1277732253074646,0.2587054371833801,0.001974557526409626,0.005438284482806921,0.0034792786464095116,2.0271096218493767e-05,0.001065454096533358,0.20340865850448608,0.06422552466392517,0.25329849123954773,0.08061087876558304
C:\Projects\TM470\data\processed\test\Agaricus\385_iwfhPs4irjk.jpg,Agaricus/385_iwfhPs4irjk.jpg,Agaricus,Amanita,False,0.37038907408714294,0.0043642000018735,ResNet18_Corrected,test,0.18784798681735992,0.37038907408714294,0.004935198929160833,0.05425265058875084,0.0031004708725959063,0.0011209934018552303,0.001595457666553557,0.14837202429771423,0.08366528153419495,0.09013266861438751,0.054588139057159424
C:\Projects\TM470\data\processed\test\Agaricus\391_N7A0y7CgOA0.jpg,Agaricus/391_N7A0y7CgOA0.jpg,Agaricus,Russula,False,0.435285359621048,0.0042455000002519,ResNet18_Corrected,test,0.03920142352581024,0.10620038211345673,0.027844980359077454,0.017712600529193878,0.15711373090744019,0.0004660080012399703,0.015755919739603996,0.002400581957772374,0.18157435953617096,0.435285359621048,0.016444668173789978
C:\Projects\TM470\data\processed\test\Agaricus\392_QXsLZMnBIt0.jpg,Agaricus/392_QXsLZMnBIt0.jpg,Agaricus,Agaricus,True,0.3269628584384918,0.0042174999980488,ResNet18_Corrected,test,0.3269628584384918,0.09726600348949432,0.010583671741187572,0.050163839012384415,0.008888318203389645,0.0005039665848016739,0.001330193947069347,0.04056217148900032,0.23863865435123444,0.20948396623134613,0.015616386197507381
C:\Projects\TM470\data\processed\test\Agaricus\411_egeAEeL40Lc.jpg,Agaricus/411_egeAEeL40Lc.jpg,Agaricus,Russula,False,0.3794720768928528,0.0042193999979645,ResNet18_Corrected,test,0.2994135916233063,0.029887303709983826,0.014225649647414684,0.0008304005023092031,0.004060740582644939,5.8975309968900547e-08,0.001747072790749371,0.0005881373072043061,0.2484922856092453,0.3794720768928528,0.021282631903886795
C:\Projects\TM470\data\processed\test\Agaricus\413_4LTr0R0Dk8o.jpg,Agaricus/413_4LTr0R0Dk8o.jpg,Agaricus,Russula,False,0.4760826528072357,0.0042416999931447,ResNet18_Corrected,test,0.07216457277536392,0.061030346900224686,0.02694862335920334,0.01309347152709961,0.06722892820835114,0.0026694268453866243,0.012116583064198494,0.015034487470984459,0.2412489801645279,0.4760826528072357,0.012381951324641705
C:\Projects\TM470\data\processed\test\Agaricus\430_IpjdsyrmIzc.jpg,Agaricus/430_IpjdsyrmIzc.jpg,Agaricus,Lactarius,False,0.4673573970794678,0.0042691999988164,ResNet18_Corrected,test,0.12125181406736374,0.08424989879131317,0.024549441412091255,0.0019177363719791174,0.10302550345659256,4.223216194532142e-07,0.009904313832521439,0.0008055465877987444,0.4673573970794678,0.1512088030576706,0.035729046911001205
C:\Projects\TM470\data\processed\test\Agaricus\433_XWxLl-zeNQ8.jpg,Agaricus/433_XWxLl-zeNQ8.jpg,Agaricus,Agaricus,True,0.6290728449821472,0.00455669999792,ResNet18_Corrected,test,0.6290728449821472,0.14082863926887512,0.04337594285607338,0.008148291148245335,0.021796494722366333,9.417161891178694e-06,0.005159490741789341,0.0049394904635846615,0.0850522443652153,0.04187209531664848,0.01974506303668022
C:\Projects\TM470\data\processed\test\Agaricus\438_uTWjQsEXep4.jpg,Agaricus/438_uTWjQsEXep4.jpg,Agaricus,Amanita,False,0.4635466933250427,0.0042537999979685,ResNet18_Corrected,test,0.11362075060606003,0.4635466933250427,0.010394991375505924,0.02773073874413967,0.00932307168841362,1.5153409549384378e-05,0.010293080471456051,0.011109823361039162,0.10002195090055466,0.011629287153482437,0.24231448769569397
C:\Projects\TM470\data\processed\test\Agaricus\439_w5uD0w5wrXs.jpg,Agaricus/439_w5uD0w5wrXs.jpg,Agaricus,Agaricus,True,0.4071388840675354,0.0043819000056828,ResNet18_Corrected,test,0.4071388840675354,0.16303983330726624,0.024079788476228714,0.009347900748252869,0.010223263874650002,3.429175023939024e-07,0.0007584200939163566,0.0030076014809310436,0.11228276044130325,0.2052161693572998,0.06490499526262283
C:\Projects\TM470\data\processed\test\Amanita\004_wIVV5id0aOg.jpg,Amanita/004_wIVV5id0aOg.jpg,Amanita,Amanita,True,0.9500610828399658,0.0041914999965229,ResNet18_Corrected,test,0.0021854841616004705,0.9500610828399658,0.003470437601208687,0.0028856578283011913,0.0016433350974693894,0.03133649751543999,0.000317389058182016,0.003525648731738329,0.003677110420539975,0.0004438767791725695,0.0004534912877716124
C:\Projects\TM470\data\processed\test\Amanita\010_Ji4N7IDyRKY.jpg,Amanita/010_Ji4N7IDyRKY.jpg,Amanita,Amanita,True,0.8786283731460571,0.0043978999965474,ResNet18_Corrected,test,0.00043419122812338173,0.8786283731460571,0.03404600918292999,0.00655254814773798,0.0006621607462875545,8.061804692260921e-06,0.007046168204396963,0.00332960719242692,0.01889653131365776,0.023336801677942276,0.027059393003582954
C:\Projects\TM470\data\processed\test\Amanita\011_DoZoYI2vj20.jpg,Amanita/011_DoZoYI2vj20.jpg,Amanita,Amanita,True,0.7766172289848328,0.0043645999976433,ResNet18_Corrected,test,6.520466558868065e-05,0.7766172289848328,0.005799401085823774,0.024843545630574226,7.117803033906966e-05,3.357740069986903e-06,0.017920302227139473,0.00482860067859292,0.009736277163028717,0.12610286474227905,0.0340120904147625
C:\Projects\TM470\data\processed\test\Amanita\026_8kxG9731_4w.jpg,Amanita/026_8kxG9731_4w.jpg,Amanita,Amanita,True,0.6414374709129333,0.0042897000021184,ResNet18_Corrected,test,0.021660886704921722,0.6414374709129333,0.0062301685102283955,0.060897503048181534,0.0016553731402382255,0.005062112119048834,0.0038002911023795605,0.03458094224333763,0.041267506778240204,0.17407026886940002,0.009337467141449451
C:\Projects\TM470\data\processed\test\Amanita\027_i47VTXypFTE.jpg,Amanita/027_i47VTXypFTE.jpg,Amanita,Boletus,False,0.47860753536224365,0.0042654999997466,ResNet18_Corrected,test,0.01967030018568039,0.05088399350643158,0.47860753536224365,0.23056143522262573,0.0004372584808152169,2.1735506379627623e-05,0.00011645561608020216,0.0003444364119786769,0.011189843527972698,0.1822940856218338,0.025872940197587013
C:\Projects\TM470\data\processed\test\Amanita\038_VKaJLTO8zZU.jpg,Amanita/038_VKaJLTO8zZU.jpg,Amanita,Lactarius,False,0.697882890701294,0.0042316000035498,ResNet18_Corrected,test,0.0002543956506997347,0.01483561098575592,0.0027241038624197245,0.04696452617645264,0.00046254254993982613,9.854633390204981e-06,0.02924135886132717,0.017285821959376335,0.697882890701294,0.08671795576810837,0.10362086445093155
C:\Projects\TM470\data\processed\test\Amanita\041_6n9nhA4C6K8.jpg,Amanita/041_6n9nhA4C6K8.jpg,Amanita,Amanita,True,0.5003013014793396,0.0045195000056992,ResNet18_Corrected,test,0.01096265111118555,0.5003013014793396,0.16892316937446594,0.043860483914613724,0.005199420731514692,0.00039141360321082175,0.006169603206217289,0.03344563767313957,0.10139638930559158,0.037335362285375595,0.0920146256685257
C:\Projects\TM470\data\processed\test\Amanita\042_aqfiTPuiGHo.jpg,Amanita/042_aqfiTPuiGHo.jpg,Amanita,Hygrocybe,False,0.6309993863105774,0.0037561999997706,ResNet18_Corrected,test,0.0005094580701552331,0.11825725436210632,0.0017317237798124552,0.019983386620879173,0.0049464404582977295,1.435931949345104e-06,0.6309993863105774,0.0012870158534497023,0.12319500744342804,0.04768562316894531,0.051403239369392395
C:\Projects\TM470\data\processed\test\Amanita\044_BvKKMmJ6Nfo.jpg,Amanita/044_BvKKMmJ6Nfo.jpg,Amanita,Russula,False,0.5100407004356384,0.0026128999961656,ResNet18_Corrected,test,0.0015191958518698812,0.3091776967048645,0.004120679572224617,0.04210131987929344,7.089949940564111e-05,4.011189105312951e-07,0.05081455036997795,0.00020792883879039437,0.03989195078611374,0.5100407004356384,0.04205463454127312
C:\Projects\TM470\data\processed\test\Amanita\048_3CAOSWVxhe0.jpg,Amanita/048_3CAOSWVxhe0.jpg,Amanita,Cortinarius,False,0.38199886679649353,0.0026061000025947,ResNet18_Corrected,test,0.0011292047565802932,0.09570524841547012,0.13465341925621033,0.38199886679649353,0.000980852055363357,4.329705461714184e-06,0.010126451961696148,0.014540676027536392,0.048679035156965256,0.10738355666399002,0.20479841530323029
C:\Projects\TM470\data\processed\test\Amanita\055_riJalDjBcnI.jpg,Amanita/055_riJalDjBcnI.jpg,Amanita,Amanita,True,0.9539263248443604,0.0026185999959125,ResNet18_Corrected,test,0.000235166895436123,0.9539263248443604,0.03951003775000572,0.00026272618561051786,0.0001688453630777076,1.0113286407431588e-05,3.276042843936011e-05,0.00097741954959929,0.0010420142207294703,0.0006604803493246436,0.003174038603901863
C:\Projects\TM470\data\processed\test\Amanita\075_3gL0KWhOrbs.jpg,Amanita/075_3gL0KWhOrbs.jpg,Amanita,Amanita,True,0.861530065536499,0.0027361000029486,ResNet18_Corrected,test,0.0034156078472733498,0.861530065536499,0.019004710018634796,0.004803416784852743,0.016451215371489525,0.009758071973919868,0.00043204022222198546,0.0654509887099266,0.009915545582771301,0.0033224301878362894,0.00591597706079483
C:\Projects\TM470\data\processed\test\Amanita\081_C-pQjIw3h7M.jpg,Amanita/081_C-pQjIw3h7M.jpg,Amanita,Amanita,True,0.9143978357315063,0.0027007999960915,ResNet18_Corrected,test,0.008655020035803318,0.9143978357315063,0.053938236087560654,0.0023540498223155737,0.0002074231451842934,7.581989507343678e-07,4.539702331385342e-06,0.0005360531504265964,0.0027921271976083517,0.009856946766376495,0.0072569879703223705
C:\Projects\TM470\data\processed\test\Amanita\083_GAJUFRatKvg.jpg,Amanita/083_GAJUFRatKvg.jpg,Amanita,Amanita,True,0.9321420192718506,0.0027054000020143,ResNet18_Corrected,test,0.0044322810135781765,0.9321420192718506,0.020130138844251633,0.029582742601633072,0.00012806284939870238,9.572713315719739e-05,0.00010511904838494956,0.002469890285283327,0.003463535336777568,0.004254056606441736,0.0031964369118213654
C:\Projects\TM470\data\processed\test\Amanita\101_m1QUT_IvswY.jpg,Amanita/101_m1QUT_IvswY.jpg,Amanita,Amanita,True,0.3402177691459656,0.0026653000022633,ResNet18_Corrected,test,0.016085384413599968,0.3402177691459656,0.10678426921367645,0.08115667849779129,0.006929059512913227,0.0008379042847082019,0.012598776258528233,0.015076388604938984,0.12521801888942719,0.18110178411006927,0.11399391293525696
C:\Projects\TM470\data\processed\test\Amanita\109_mApfQHzHo0k.jpg,Amanita/109_mApfQHzHo0k.jpg,Amanita,Lactarius,False,0.42847949266433716,0.0027429000037955,ResNet18_Corrected,test,0.00834860373288393,0.11790675669908524,0.03827707841992378,0.040563616901636124,0.021326132118701935,0.05285942927002907,0.0016686200397089124,0.14070427417755127,0.42847949266433716,0.14104996621608734,0.008815987966954708
C:\Projects\TM470\data\processed\test\Amanita\112_v5maqRj9Z_w.jpg,Amanita/112_v5maqRj9Z_w.jpg,Amanita,Boletus,False,0.20541951060295105,0.0034400000004097,ResNet18_Corrected,test,0.031105471774935722,0.14442341029644012,0.20541951060295105,0.08780336380004883,0.010121745057404041,0.0005186700727790594,0.0021982290782034397,0.14343920350074768,0.19075116515159607,0.09231206029653549,0.09190723299980164
C:\Projects\TM470\data\processed\test\Amanita\113_Ssk7arItOnk.jpg,Amanita/113_Ssk7arItOnk.jpg,Amanita,Inocybe,False,0.43723729252815247,0.0045596999989356,ResNet18_Corrected,test,0.02065500058233738,0.20894572138786316,0.04757947474718094,0.07755013555288315,0.004467013757675886,0.026687853038311005,0.001988745527341962,0.43723729252815247,0.07082175463438034,0.007071532774716616,0.09699547290802002
C:\Projects\TM470\data\processed\test\Amanita\116_V-662GMGI6U.jpg,Amanita/116_V-662GMGI6U.jpg,Amanita,Inocybe,False,0.5071017146110535,0.0046978000027593,ResNet18_Corrected,test,0.002579278312623501,0.2762186527252197,0.021861601620912552,0.02515603043138981,0.0015540635213255882,0.07738804072141647,0.0015451500657945871,0.5071017146110535,0.027816958725452423,0.0029422566294670105,0.05583624541759491
C:\Projects\TM470\data\processed\test\Amanita\117_2i4Ly-hB5rY.jpg,Amanita/117_2i4Ly-hB5rY.jpg,Amanita,Inocybe,False,0.8035106658935547,0.0044450000059441,ResNet18_Corrected,test,0.00026715139392763376,0.040041275322437286,9.45386418607086e-05,0.003977522253990173,0.0032599333208054304,0.14037317037582397,0.00032085052225738764,0.8035106658935547,0.0051982225850224495,0.0004318211867939681,0.002524878829717636
C:\Projects\TM470\data\processed\test\Amanita\121_0mE3kiyOk4k.jpg,Amanita/121_0mE3kiyOk4k.jpg,Amanita,Amanita,True,0.8825460076332092,0.0043443999966257,ResNet18_Corrected,test,0.004488726612180471,0.8825460076332092,0.03479164093732834,0.004907921887934208,0.0016188883455470204,7.463679594366113e-07,0.015252472832798958,0.003081565024331212,0.008622629567980766,0.002696776296943426,0.04199261963367462
C:\Projects\TM470\data\processed\test\Amanita\125_jnNJwiuIHj0.jpg,Amanita/125_jnNJwiuIHj0.jpg,Amanita,Amanita,True,0.5957657098770142,0.0043502999978954,ResNet18_Corrected,test,0.09349939227104187,0.5957657098770142,0.1823408603668213,0.002351742936298251,0.018192233517766,1.3897517419536598e-05,0.0007362714968621731,0.012315254658460617,0.041143741458654404,0.030779492110013962,0.02286139503121376
C:\Projects\TM470\data\processed\test\Amanita\138_kCA0Zae2KX0.jpg,Amanita/138_kCA0Zae2KX0.jpg,Amanita,Amanita,True,0.893110454082489,0.0042917000027955,ResNet18_Corrected,test,0.06302253156900406,0.893110454082489,0.0186371561139822,0.006842133589088917,0.0031678432133048773,3.1229821615852416e-05,0.0001584262354299426,0.00030799335218034685,0.008788812905550003,0.005071471910923719,0.0008619997533969581
C:\Projects\TM470\data\processed\test\Amanita\141_zaaLqAyIHuQ.jpg,Amanita/141_zaaLqAyIHuQ.jpg,Amanita,Amanita,True,0.9938602447509766,0.0042800000010174,ResNet18_Corrected,test,0.0011147288605570793,0.9938602447509766,0.001878107083030045,6.0212121752556413e-05,0.0016791587695479393,3.669732905109413e-05,2.395150477241259e-05,0.00015805204748176038,0.0006462125456891954,0.0004471127758733928,9.546227374812588e-05
C:\Projects\TM470\data\processed\test\Amanita\143_ZpRWUcr7GhA.jpg,Amanita/143_ZpRWUcr7GhA.jpg,Amanita,Boletus,False,0.7992013096809387,0.0026064999983645,ResNet18_Corrected,test,0.014567673206329346,0.03663790598511696,0.7992013096809387,0.008988755755126476,0.0017392872832715511,4.0199196860157826e-07,0.0002912903728429228,0.009085509926080704,0.04194371774792671,0.014261963777244091,0.07328226417303085
C:\Projects\TM470\data\processed\test\Amanita\145_2JCprUI2Ugw.jpg,Amanita/145_2JCprUI2Ugw.jpg,Amanita,Amanita,True,0.7117571830749512,0.0024004999941098,ResNet18_Corrected,test,0.027991991490125656,0.7117571830749512,0.013768135569989681,0.03505951538681984,0.00012484723993111402,2.0512314222287387e-05,0.00010622388072079048,0.023770295083522797,0.011140222661197186,0.16243179142475128,0.013829230330884457
C:\Projects\TM470\data\processed\test\Amanita\159_majDHo2IG8U.jpg,Amanita/159_majDHo2IG8U.jpg,Amanita,Amanita,True,0.7294625639915466,0.0026326999941375,ResNet18_Corrected,test,0.043842606246471405,0.7294625639915466,0.05566644296050072,0.0025141986552625895,0.06307486444711685,0.00017161498544737697,0.0028533097356557846,0.010969719849526882,0.04726184904575348,0.0281099583953619,0.016072865575551987
C:\Projects\TM470\data\processed\test\Amanita\160_2Xs6Ueh19D4.jpg,Amanita/160_2Xs6Ueh19D4.jpg,Amanita,Lactarius,False,0.5211710333824158,0.0025887999945553,ResNet18_Corrected,test,0.02874251827597618,0.02649936079978943,0.01161262858659029,0.009540528990328312,0.027151858434081078,0.000107993146230001,0.0007863831706345081,0.010160621255636215,0.5211710333824158,0.33923831582069397,0.02498876489698887
C:\Projects\TM470\data\processed\test\Amanita\166_wCNIOK2FS_U.jpg,Amanita/166_wCNIOK2FS_U.jpg,Amanita,Entoloma,False,0.3277045786380768,0.0025692999988677,ResNet18_Corrected,test,0.009748492389917374,0.18457038700580597,0.006491892505437136,0.004650645889341831,0.3277045786380768,0.03618421405553818,0.029101360589265823,0.09499013423919678,0.06968196481466293,0.23299263417720795,0.0038837501779198647
C:\Projects\TM470\data\processed\test\Amanita\167_oTHBDUWfBxA.jpg,Amanita/167_oTHBDUWfBxA.jpg,Amanita,Entoloma,False,0.7658407688140869,0.0025328000047011,ResNet18_Corrected,test,0.002016928046941757,0.12907446920871735,0.001283735502511263,0.0006157157476991415,0.7658407688140869,0.00035154534270986915,0.010435960255563259,0.002295974874868989,0.06792870163917542,0.019322898238897324,0.0008332207216881216
C:\Projects\TM470\data\processed\test\Amanita\169_ODaDqR_tlG0.jpg,Amanita/169_ODaDqR_tlG0.jpg,Amanita,Amanita,True,0.8783847689628601,0.0026059000010718,ResNet18_Corrected,test,0.035395268350839615,0.8783847689628601,0.06400079280138016,0.0026075118221342564,2.635994633237715e-06,2.6486276713533208e-11,1.240450387740566e-06,8.697185876371805e-06,0.00048236994189210236,0.00987089890986681,0.00924589205533266
C:\Projects\TM470\data\processed\test\Amanita\171_6GMgYtjBa8k.jpg,Amanita/171_6GMgYtjBa8k.jpg,Amanita,Amanita,True,0.28911149501800537,0.0025650000025052,ResNet18_Corrected,test,0.05272941291332245,0.28911149501800537,0.1584784835577011,0.0009035199182108045,0.04521071910858154,5.533133389690192e-06,0.0008125349995680153,0.007823844440281391,0.16534534096717834,0.24024003744125366,0.039339080452919006
C:\Projects\TM470\data\processed\test\Amanita\173_jqvVZF8AWxg.jpg,Amanita/173_jqvVZF8AWxg.jpg,Amanita,Amanita,True,0.8332869410514832,0.0025237999943783,ResNet18_Corrected,test,0.09885146468877792,0.8332869410514832,0.011200051754713058,0.00797072984278202,0.0035915628541260958,0.0001974528859136626,0.0011615623952820897,0.002004230162128806,0.024928541854023933,0.011071911081671715,0.00573550583794713
C:\Projects\TM470\data\processed\test\Amanita\175_wCfYH50cXu8.jpg,Amanita/175_wCfYH50cXu8.jpg,Amanita,Amanita,True,0.7679846286773682,0.0025402000028407,ResNet18_Corrected,test,0.0033568204380571842,0.7679846286773682,0.0011851348681375384,0.028184140101075172,0.0012601385824382305,4.886171518592164e-05,0.0007752279634587467,0.0022568856365978718,0.003745532361790538,0.18991824984550476,0.0012843083823099732
C:\Projects\TM470\data\processed\test\Amanita\192_uQQGhgvOkTI.jpg,Amanita/192_uQQGhgvOkTI.jpg,Amanita,Amanita,True,0.7380161285400391,0.0025716999953147,ResNet18_Corrected,test,0.20876486599445343,0.7380161285400391,0.001671310979872942,0.002546322997659445,0.002599578583613038,3.8869760032866907e-07,0.0006162613281048834,0.006440820638090372,0.006763273850083351,0.007766705937683582,0.024814315140247345
C:\Projects\TM470\data\processed\test\Amanita\194__2kBAgeqxZc.jpg,Amanita/194__2kBAgeqxZc.jpg,Amanita,Amanita,True,0.7572891116142273,0.0026118000023416,ResNet18_Corrected,test,0.03473358973860741,0.7572891116142273,0.02108188346028328,0.0018385861767455935,0.0037283976562321186,0.0003175533493049443,0.0007097394554875791,0.09492429345846176,0.03318580612540245,0.022697361186146736,0.02949363924562931
C:\Projects\TM470\data\processed\test\Amanita\208_EvpNOUGmeVI.jpg,Amanita/208_EvpNOUGmeVI.jpg,Amanita,Amanita,True,0.9841902852058411,0.0025561000002198,ResNet18_Corrected,test,0.008475685492157936,0.9841902852058411,0.0038226668257266283,0.00028806598857045174,0.00022688924218527973,1.4251115487695643e-07,8.0311787314713e-05,0.000503254123032093,0.000745413068216294,0.00015394273214042187,0.0015133005799725652
C:\Projects\TM470\data\processed\test\Amanita\215_XXWsMnFz1MI.jpg,Amanita/215_XXWsMnFz1MI.jpg,Amanita,Amanita,True,0.9731242060661316,0.0025393999967491,ResNet18_Corrected,test,0.008870444260537624,0.9731242060661316,0.0020267583895474672,0.00034256483195349574,0.006678235251456499,9.416540706297383e-06,0.0005599969299510121,0.0011034662602469325,0.00471933837980032,0.0012785133440047503,0.0012871584622189403
C:\Projects\TM470\data\processed\test\Amanita\219_d2on0Kw19Ds.jpg,Amanita/219_d2on0Kw19Ds.jpg,Amanita,Amanita,True,0.8439969420433044,0.0025252999985241,ResNet18_Corrected,test,0.010853548534214497,0.8439969420433044,0.046182580292224884,0.003533095121383667,0.0004398245073389262,6.164239039208042e-07,0.00034291367046535015,0.001027559512294829,0.032788634300231934,0.05444173514842987,0.006392620038241148
C:\Projects\TM470\data\processed\test\Amanita\226_zzTeEGVX8nY.jpg,Amanita/226_zzTeEGVX8nY.jpg,Amanita,Russula,False,0.4626403748989105,0.0025722999998833,ResNet18_Corrected,test,0.012121226638555527,0.04341395944356918,0.0032641927246004343,0.013556534424424171,0.03005058318376541,0.0025698565877974033,0.0016019128961488605,0.11374892294406891,0.3111732602119446,0.4626403748989105,0.005859185941517353
C:\Projects\TM470\data\processed\test\Amanita\229_AAkARuMGR0c.jpg,Amanita/229_AAkARuMGR0c.jpg,Amanita,Inocybe,False,0.3266971707344055,0.0025617999999667,ResNet18_Corrected,test,0.01600940339267254,0.27345940470695496,4.594207348418422e-05,0.3020172119140625,0.003152160905301571,0.00012277196219656616,0.0016510009299963713,0.3266971707344055,0.0033278092741966248,0.03029111959040165,0.043225985020399094
C:\Projects\TM470\data\processed\test\Amanita\238_7M5xzSG_g_A.jpg,Amanita/238_7M5xzSG_g_A.jpg,Amanita,Amanita,True,0.9365997910499573,0.0025798999995458,ResNet18_Corrected,test,0.03433633968234062,0.9365997910499573,0.009919894859194756,0.00023982964921742678,0.0021322034299373627,5.140317966834118e-07,0.00023703870829194784,0.0006403347942978144,0.008536282926797867,0.0019230922916904092,0.005434723105281591
C:\Projects\TM470\data\processed\test\Amanita\239_m__Mvvi_6yk.jpg,Amanita/239_m__Mvvi_6yk.jpg,Amanita,Amanita,True,0.9487041234970093,0.0025683999992907,ResNet18_Corrected,test,0.005999732296913862,0.9487041234970093,0.00450503546744585,0.0005686397198587656,0.02679387852549553,0.0004497139307204634,0.0019749123603105545,0.003308673156425357,0.004457782953977585,0.0019513808656483889,0.0012862341245636344
C:\Projects\TM470\data\processed\test\Amanita\245_hJy0oklu5jA.jpg,Amanita/245_hJy0oklu5jA.jpg,Amanita,Boletus,False,0.9795719981193542,0.0025840999951469,ResNet18_Corrected,test,0.0005575582617893815,0.005440908949822187,0.9795719981193542,0.0004330812953412533,0.00013093900633975863,1.1403078303828806e-07,6.998835306148976e-05,0.0014327149838209152,0.0035249926149845123,0.0008433709153905511,0.007994385436177254
C:\Projects\TM470\data\processed\test\Amanita\254_Lyi3XcTltRs.jpg,Amanita/254_Lyi3XcTltRs.jpg,Amanita,Amanita,True,0.8542165160179138,0.0025813000029302,ResNet18_Corrected,test,0.07837363332509995,0.8542165160179138,0.0055672782473266125,0.004338402301073074,0.004042027052491903,1.2192630492791068e-05,0.0009487818460911512,0.016483698040246964,0.00897196214646101,0.014005501754581928,0.013039980083703995
C:\Projects\TM470\data\processed\test\Amanita\262_lkxMPar_qU4.jpg,Amanita/262_lkxMPar_qU4.jpg,Amanita,Russula,False,0.47252607345581055,0.0025385999979334,ResNet18_Corrected,test,0.06495171785354614,0.07206843793392181,0.014188732020556927,0.04137242212891579,0.09519851952791214,0.010734939947724342,0.02049941197037697,0.04299459233880043,0.14457115530967712,0.47252607345581055,0.02089402638375759
C:\Projects\TM470\data\processed\test\Amanita\266_1lFPzGUJdrw.jpg,Amanita/266_1lFPzGUJdrw.jpg,Amanita,Boletus,False,0.48882627487182617,0.0025638999941293,ResNet18_Corrected,test,0.008641780354082584,0.22966666519641876,0.48882627487182617,0.06942813098430634,0.0006827861652709544,0.00010679186380002648,0.00023944972781464458,0.0025153837632387877,0.010791311040520668,0.17809046804904938,0.011010938324034214
C:\Projects\TM470\data\processed\test\Amanita\267_Jv9rb_uZxxM.jpg,Amanita/267_Jv9rb_uZxxM.jpg,Amanita,Amanita,True,0.9643187522888184,0.0025372000018251,ResNet18_Corrected,test,0.022637320682406425,0.9643187522888184,0.004568289499729872,0.0006722130347043276,0.0019327690824866295,1.662540739744145e-06,0.000117164381663315,0.0004240168782416731,0.002943154890090227,0.0008210145751945674,0.0015636823372915387
C:\Projects\TM470\data\processed\test\Amanita\269_y7diE9hqyqg.jpg,Amanita/269_y7diE9hqyqg.jpg,Amanita,Amanita,True,0.40275171399116516,0.0025254000065615,ResNet18_Corrected,test,0.11208231002092361,0.40275171399116516,0.21487198770046234,0.02854682132601738,0.02003815956413746,0.0018636187305673957,0.0009056487469933927,0.048447418957948685,0.07222757488489151,0.07020708918571472,0.028057683259248734
C:\Projects\TM470\data\processed\test\Amanita\280_kmvGIrteUEU.jpg,Amanita/280_kmvGIrteUEU.jpg,Amanita,Amanita,True,0.9682523012161255,0.0025526000026729,ResNet18_Corrected,test,0.0073285456746816635,0.9682523012161255,0.01787835732102394,0.0007457127212546766,0.00230041379109025,1.0010415280703455e-05,0.000173795924638398,0.00019871658878400922,0.0015353388153016567,0.0004912852309644222,0.00108553864993155
C:\Projects\TM470\data\processed\test\Amanita\283_A61Fv-WuOIQ.jpg,Amanita/283_A61Fv-WuOIQ.jpg,Amanita,Cortinarius,False,0.7423644661903381,0.0025654999990365,ResNet18_Corrected,test,0.0018774011405184865,0.0009306733263656497,0.014650646597146988,0.7423644661903381,0.0013623273698613048,0.0014688970986753702,0.0011473827762529254,0.07361843436956406,0.1258697509765625,0.011775891296565533,0.02493407391011715
C:\Projects\TM470\data\processed\test\Amanita\284_hjYnEPCzZWs.jpg,Amanita/284_hjYnEPCzZWs.jpg,Amanita,Boletus,False,0.5663522481918335,0.0025594999970053,ResNet18_Corrected,test,0.012698903679847717,0.28258660435676575,0.5663522481918335,0.004526265896856785,0.0024879188276827335,9.003309060062747e-06,0.001363757997751236,0.04327535629272461,0.02946079708635807,0.011704630218446255,0.04553454369306564
C:\Projects\TM470\data\processed\test\Amanita\286_akbOrg8qrWc.jpg,Amanita/286_akbOrg8qrWc.jpg,Amanita,Amanita,True,0.9855288863182068,0.0028061999983037,ResNet18_Corrected,test,0.0009153567370958626,0.9855288863182068,0.0025615908671170473,0.0007441563066095114,0.002228731755167246,0.00013708611368201673,0.00051833939505741,0.004607474431395531,0.001417982392013073,0.0004244179290253669,0.000915935670491308
C:\Projects\TM470\data\processed\test\Amanita\291_8IJ4_ANpJLg.jpg,Amanita/291_8IJ4_ANpJLg.jpg,Amanita,Cortinarius,False,0.23553462326526642,0.0039009999964036,ResNet18_Corrected,test,0.000517743406817317,0.19458584487438202,0.0348036102950573,0.23553462326526642,0.018550416454672813,0.0006008787895552814,0.1572537124156952,0.0896865501999855,0.07656325399875641,0.0051947105675935745,0.18670861423015594
C:\Projects\TM470\data\processed\test\Amanita\296_sKFU2MHCmQI.jpg,Amanita/296_sKFU2MHCmQI.jpg,Amanita,Amanita,True,0.21721410751342773,0.004356600002211,ResNet18_Corrected,test,0.17126776278018951,0.21721410751342773,0.040371477603912354,0.07793813198804855,0.0013104864628985524,5.502047497429885e-05,0.0009823327418416739,0.047060124576091766,0.07955567538738251,0.21303828060626984,0.15120656788349152
C:\Projects\TM470\data\processed\test\Amanita\301_arWVKBAl1xg.jpg,Amanita/301_arWVKBAl1xg.jpg,Amanita,Russula,False,0.3171112835407257,0.0044471000001067,ResNet18_Corrected,test,0.0018338084919378161,0.1011010929942131,0.004396276548504829,0.2781417667865753,0.0014132278738543391,0.00011503922723932192,0.047811876982450485,0.01940205506980419,0.12071820348501205,0.3171112835407257,0.10795535892248154
C:\Projects\TM470\data\processed\test\Amanita\304_fF9sgw_cuPo.jpg,Amanita/304_fF9sgw_cuPo.jpg,Amanita,Russula,False,0.6510815620422363,0.0042322000008425,ResNet18_Corrected,test,0.014058681204915047,0.147784024477005,0.0004199829127173871,0.02167423628270626,0.025293000042438507,0.00013941401266492903,0.014231317676603794,0.0014742739731445909,0.11424973607063293,0.6510815620422363,0.009593809954822063
C:\Projects\TM470\data\processed\test\Amanita\319_VSiBPtwZDwM.jpg,Amanita/319_VSiBPtwZDwM.jpg,Amanita,Amanita,True,0.7218686938285828,0.0042650999967008,ResNet18_Corrected,test,0.0028082355856895447,0.7218686938285828,0.001066414755769074,0.005416695028543472,0.0226800125092268,0.00032824164372868836,0.03654106706380844,0.12429827451705933,0.03800685331225395,0.0021053000818938017,0.04488018527626991
C:\Projects\TM470\data\processed\test\Amanita\323_sgZnWNFTFFc.jpg,Amanita/323_sgZnWNFTFFc.jpg,Amanita,Amanita,True,0.5723937749862671,0.0042369000002508,ResNet18_Corrected,test,0.04192451760172844,0.5723937749862671,0.040236517786979675,0.057178303599357605,0.008558095432817936,3.3947115298360586e-05,0.0014049705350771546,0.009943055920302868,0.09700635820627213,0.11742831766605377,0.05389212816953659
C:\Projects\TM470\data\processed\test\Amanita\326_q3-8lXVmcVM.jpg,Amanita/326_q3-8lXVmcVM.jpg,Amanita,Amanita,True,0.5938491225242615,0.0042134999966947,ResNet18_Corrected,test,0.016029231250286102,0.5938491225242615,0.0015982224140316248,0.09711074829101562,0.01784520037472248,0.0015052045928314328,0.02558322064578533,0.024887822568416595,0.0452362559735775,0.16352598369121552,0.012829037383198738
C:\Projects\TM470\data\processed\test\Amanita\329_jpdnrnOYvm8.jpg,Amanita/329_jpdnrnOYvm8.jpg,Amanita,Amanita,True,0.4910007417201996,0.0042443999991519,ResNet18_Corrected,test,0.020477356389164925,0.4910007417201996,0.12653252482414246,0.0036199307069182396,0.004380437545478344,1.3333614106159075e-06,0.005143437534570694,0.0327337384223938,0.15137502551078796,0.08418929576873779,0.08054626733064651
C:\Projects\TM470\data\processed\test\Amanita\354_HFiOZg6IOL8.jpg,Amanita/354_HFiOZg6IOL8.jpg,Amanita,Russula,False,0.31922224164009094,0.004299300002458,ResNet18_Corrected,test,0.14483100175857544,0.12884871661663055,0.08012980222702026,0.034356627613306046,0.008632693439722061,7.143620223359903e-06,0.002921630861237645,0.012991826049983501,0.1973642259836197,0.31922224164009094,0.07069406658411026
C:\Projects\TM470\data\processed\test\Amanita\355_e0Y8jDjEmzs.jpg,Amanita/355_e0Y8jDjEmzs.jpg,Amanita,Amanita,True,0.974413275718689,0.0041494000033708,ResNet18_Corrected,test,0.0015493371756747365,0.974413275718689,7.926872785901651e-05,0.006292806006968021,0.0009736482170410454,0.00010469331755302846,0.0005411339225247502,0.007740740664303303,0.0018480138387531042,0.004658957477658987,0.0017982089193537831
C:\Projects\TM470\data\processed\test\Amanita\366_zzsJUWaNdxg.jpg,Amanita/366_zzsJUWaNdxg.jpg,Amanita,Amanita,True,0.9768487811088562,0.0041158000021823,ResNet18_Corrected,test,0.0006149174296297133,0.9768487811088562,7.842368358979002e-05,0.0017322282074019313,0.0011157739209011197,4.020574095875418e-08,0.007201206870377064,1.540995253890287e-05,0.0009685182594694197,0.010130667127668858,0.0012940192827954888
C:\Projects\TM470\data\processed\test\Amanita\372_5SYWecQTaKc.jpg,Amanita/372_5SYWecQTaKc.jpg,Amanita,Russula,False,0.5838285088539124,0.0042200999960186,ResNet18_Corrected,test,0.009945970959961414,0.016914449632167816,0.10749442130327225,0.039316076785326004,0.004173440858721733,0.0009121302282437682,0.004090487491339445,0.0024347177240997553,0.2184593677520752,0.5838285088539124,0.012430398724973202
C:\Projects\TM470\data\processed\test\Amanita\373_YmenYH0HVC0.jpg,Amanita/373_YmenYH0HVC0.jpg,Amanita,Amanita,True,0.2832129895687103,0.0042013999991468,ResNet18_Corrected,test,0.002243640599772334,0.2832129895687103,0.05985739454627037,0.05357426404953003,0.07544710487127304,0.21687713265419006,0.008277881890535355,0.13325874507427216,0.14832216501235962,0.009518478997051716,0.009410170838236809
C:\Projects\TM470\data\processed\test\Amanita\377_qiZKoEIbfFk.jpg,Amanita/377_qiZKoEIbfFk.jpg,Amanita,Russula,False,0.6569925546646118,0.0042238999958499,ResNet18_Corrected,test,0.0005938074318692088,0.011535725556313992,0.010371540673077106,0.03322450444102287,0.00031671870965510607,0.0001940633956110105,0.03936457261443138,0.02392198145389557,0.19066128134727478,0.6569925546646118,0.032823290675878525
C:\Projects\TM470\data\processed\test\Amanita\381_t_eyYyXYB1k.jpg,Amanita/381_t_eyYyXYB1k.jpg,Amanita,Amanita,True,0.5309576988220215,0.0042642999978852,ResNet18_Corrected,test,0.04853793978691101,0.5309576988220215,0.10124470293521881,0.07503515481948853,0.0044998060911893845,0.003195946104824543,0.0020168116316199303,0.023599648848176003,0.06810913234949112,0.10728570818901062,0.03551745042204857
C:\Projects\TM470\data\processed\test\Amanita\389_1fQDmvX1jb8.jpg,Amanita/389_1fQDmvX1jb8.jpg,Amanita,Amanita,True,0.5440462827682495,0.0041928999999072,ResNet18_Corrected,test,0.1474640965461731,0.5440462827682495,0.029100792482495308,0.038379982113838196,0.002286623464897275,0.0012449275236576796,0.0010291649959981441,0.14079801738262177,0.04387923702597618,0.02108059637248516,0.030690299347043037
C:\Projects\TM470\data\processed\test\Amanita\395_tL3vBGNvjeI.jpg,Amanita/395_tL3vBGNvjeI.jpg,Amanita,Amanita,True,0.34944307804107666,0.0042211999971186,ResNet18_Corrected,test,0.03288976103067398,0.34944307804107666,0.2568139433860779,0.06581783294677734,0.003547799540683627,0.1081312745809555,0.00022636103676632047,0.09364577382802963,0.015594517812132835,0.05374662205576897,0.020143011584877968
C:\Projects\TM470\data\processed\test\Amanita\408_Jn439YAL3hs.jpg,Amanita/408_Jn439YAL3hs.jpg,Amanita,Amanita,True,0.4873847961425781,0.0042123000021092,ResNet18_Corrected,test,0.1078263446688652,0.4873847961425781,0.04342235252261162,0.028343508020043373,0.015408260747790337,0.0001039533963194117,0.008014172315597534,0.008238423615694046,0.16397413611412048,0.11664600670337677,0.0206379983574152
C:\Projects\TM470\data\processed\test\Amanita\433_mzRZXazhvVU.jpg,Amanita/433_mzRZXazhvVU.jpg,Amanita,Russula,False,0.4701067805290222,0.0042648000016924,ResNet18_Corrected,test,0.044141244143247604,0.06459132581949234,0.010329698212444782,0.015471916645765305,0.17797423899173737,0.008975225500762463,0.018985189497470856,0.026567531749606133,0.15417183935642242,0.4701067805290222,0.008684990927577019
C:\Projects\TM470\data\processed\test\Amanita\438_gh-zSGziyQ4.jpg,Amanita/438_gh-zSGziyQ4.jpg,Amanita,Inocybe,False,0.6073907613754272,0.0025181999953929,ResNet18_Corrected,test,0.015778852626681328,0.0412604920566082,0.028687885031104088,0.010927628725767136,0.013096713460981846,0.05497477203607559,0.005197114311158657,0.6073907613754272,0.014848228543996811,0.19953812658786774,0.008299451321363449
C:\Projects\TM470\data\processed\test\Amanita\439_fP_ozmLLhb8.jpg,Amanita/439_fP_ozmLLhb8.jpg,Amanita,Russula,False,0.5092961192131042,0.002636999997776,ResNet18_Corrected,test,0.1987467110157013,0.1427866667509079,0.018513433635234833,0.011762600392103195,0.0035140137188136578,1.545994200569112e-05,0.0005845585255883634,0.00141934584826231,0.105130635201931,0.5092961192131042,0.008230415172874928
C:\Projects\TM470\data\processed\test\Amanita\451_V0quFnk9NFA.jpg,Amanita/451_V0quFnk9NFA.jpg,Amanita,Amanita,True,0.7814562916755676,0.0025960000057239,ResNet18_Corrected,test,0.008566225878894329,0.7814562916755676,0.03529977425932884,0.08383721113204956,0.00018132512923330069,6.278664841374848e-06,0.001280304160900414,0.0009139751782640815,0.00840025581419468,0.0691290944814682,0.010929331183433533
C:\Projects\TM470\data\processed\test\Amanita\455_noEYaXjdZno.jpg,Amanita/455_noEYaXjdZno.jpg,Amanita,Amanita,True,0.36983034014701843,0.0025448000014876,ResNet18_Corrected,test,0.045647744089365005,0.36983034014701843,0.002376839518547058,0.003611491760239005,0.3058190941810608,0.001707103569060564,0.013826512731611729,0.00033704773522913456,0.0408296175301075,0.21514993906021118,0.0008642817265354097
C:\Projects\TM470\data\processed\test\Amanita\458_5BlPufQsqww.jpg,Amanita/458_5BlPufQsqww.jpg,Amanita,Russula,False,0.34033510088920593,0.002527700002247,ResNet18_Corrected,test,0.20977738499641418,0.16878630220890045,0.08287245780229568,0.15929582715034485,0.0010210616746917367,2.3117425371310674e-05,0.0010049210395663977,0.0009142225608229637,0.02543245069682598,0.34033510088920593,0.010537098161876202
C:\Projects\TM470\data\processed\test\Amanita\466_wUxyOxsT5Xc.jpg,Amanita/466_wUxyOxsT5Xc.jpg,Amanita,Amanita,True,0.5963489413261414,0.0024469999989378,ResNet18_Corrected,test,0.08718760311603546,0.5963489413261414,0.010874684900045395,0.21395012736320496,0.0025735273957252502,0.024964721873402596,0.0009582910570316017,0.03487183526158333,0.014455374330282211,0.00791262648999691,0.005902328994125128
C:\Projects\TM470\data\processed\test\Amanita\470_Qn8LOp2zdbk.jpg,Amanita/470_Qn8LOp2zdbk.jpg,Amanita,Amanita,True,0.512826681137085,0.0025661000036052,ResNet18_Corrected,test,0.01965426467359066,0.512826681137085,0.01987781934440136,0.022585975006222725,0.001111427671276033,2.552640034991782e-05,0.0003260629309806973,0.01236285176128149,0.032372213900089264,0.3636574447154999,0.015199780464172363
C:\Projects\TM470\data\processed\test\Amanita\488_c9nCQvJtUrI.jpg,Amanita/488_c9nCQvJtUrI.jpg,Amanita,Entoloma,False,0.4073638617992401,0.0044351000033202,ResNet18_Corrected,test,0.05180216208100319,0.19160892069339752,0.04866020381450653,0.05707569047808647,0.4073638617992401,0.018031921237707138,0.0007803787011653185,0.0055168732069432735,0.13163775205612183,0.08347561955451965,0.004046631045639515
C:\Projects\TM470\data\processed\test\Amanita\490_GiCnvGBmknM.jpg,Amanita/490_GiCnvGBmknM.jpg,Amanita,Lactarius,False,0.37924280762672424,0.0025951000061468,ResNet18_Corrected,test,0.043538980185985565,0.053607027977705,0.003115579253062606,0.023495404049754143,0.13859833776950836,0.00011853229807456955,0.004685449413955212,0.01397046260535717,0.37924280762672424,0.32028698921203613,0.019340500235557556
C:\Projects\TM470\data\processed\test\Amanita\500_goYWhHd_SfA.jpg,Amanita/500_goYWhHd_SfA.jpg,Amanita,Lactarius,False,0.4524862468242645,0.0025334000019938,ResNet18_Corrected,test,0.03435971587896347,0.17476440966129303,0.013117162510752678,0.02421393059194088,0.013998513109982014,0.00033710640855133533,0.000684400147292763,0.07256774604320526,0.4524862468242645,0.1775776594877243,0.03589315712451935
C:\Projects\TM470\data\processed\test\Amanita\520_7tXL64TQTpg.jpg,Amanita/520_7tXL64TQTpg.jpg,Amanita,Amanita,True,0.6061147451400757,0.002629300004628,ResNet18_Corrected,test,0.007094942033290863,0.6061147451400757,0.12661480903625488,0.0070879762060940266,0.04401301592588425,0.00753352465108037,0.008882365189492702,0.04451022669672966,0.12261690944433212,0.007277182303369045,0.018254313617944717
C:\Projects\TM470\data\processed\test\Amanita\537_5FMMhBffQ9Y.jpg,Amanita/537_5FMMhBffQ9Y.jpg,Amanita,Lactarius,False,0.3236496150493622,0.002619600003527,ResNet18_Corrected,test,0.022150259464979172,0.11343841254711151,0.24373483657836914,0.043604906648397446,0.029599539935588837,0.002341943560168147,0.005013433285057545,0.027169665321707726,0.3236496150493622,0.17699548602104187,0.01230191346257925
C:\Projects\TM470\data\processed\test\Amanita\538_EwaPkcP6eTM.jpg,Amanita/538_EwaPkcP6eTM.jpg,Amanita,Agaricus,False,0.498398095369339,0.0026117000015801,ResNet18_Corrected,test,0.498398095369339,0.4277837872505188,0.0347164086997509,0.0031759648118168116,0.0013977373018860817,3.564560699942376e-07,0.0002003489644266665,0.0008337189210578799,0.010657086968421936,0.0032911107409745455,0.01954536885023117
C:\Projects\TM470\data\processed\test\Amanita\561_E5bsDlNUJ-Y.jpg,Amanita/561_E5bsDlNUJ-Y.jpg,Amanita,Boletus,False,0.47498083114624023,0.0025051999982679,ResNet18_Corrected,test,0.011933716014027596,0.1279880255460739,0.47498083114624023,0.11202801018953323,0.0050104642286896706,1.7334130461676978e-05,0.0007100208313204348,0.0018271557055413723,0.04271223396062851,0.09246794879436493,0.13032428920269012
C:\Projects\TM470\data\processed\test\Amanita\571_l1hoa0Kgm0U.jpg,Amanita/571_l1hoa0Kgm0U.jpg,Amanita,Lactarius,False,0.30583399534225464,0.0025919999970938,ResNet18_Corrected,test,0.0845460593700409,0.12564657628536224,0.26347264647483826,0.023399343714118004,0.030037440359592438,0.0010373828699812293,0.002804951509460807,0.0354805588722229,0.30583399534225464,0.0964755117893219,0.031265515834093094
C:\Projects\TM470\data\processed\test\Amanita\577_XqZEGat0kl8.jpg,Amanita/577_XqZEGat0kl8.jpg,Amanita,Entoloma,False,0.42771148681640625,0.0025257000015699,ResNet18_Corrected,test,0.004659861791878939,0.03491150587797165,0.001490807393565774,0.01745695248246193,0.42771148681640625,0.03784242272377014,0.011699964292347431,0.0727635994553566,0.2630642056465149,0.12232872098684311,0.006070402916520834
C:\Projects\TM470\data\processed\test\Amanita\579_PS9igVuOoHE.jpg,Amanita/579_PS9igVuOoHE.jpg,Amanita,Russula,False,0.2794046401977539,0.002550200006226,ResNet18_Corrected,test,0.11707325279712677,0.22797565162181854,0.16850699484348297,0.017619524151086807,0.007573491428047419,7.439761975547299e-05,0.0027929660864174366,0.03131752461194992,0.10894659906625748,0.2794046401977539,0.03871497884392738
C:\Projects\TM470\data\processed\test\Amanita\586_kLoafsSiyT8.jpg,Amanita/586_kLoafsSiyT8.jpg,Amanita,Amanita,True,0.9373895525932312,0.0026828999980352,ResNet18_Corrected,test,0.006501608528196812,0.9373895525932312,0.0374256931245327,0.000384105573175475,0.010192262008786201,1.870677238002827e-06,0.0007629841566085815,0.00026205432368442416,0.0046454137191176414,0.0007625673315487802,0.0016719239065423608
C:\Projects\TM470\data\processed\test\Amanita\587_4e3oJGC88kg.jpg,Amanita/587_4e3oJGC88kg.jpg,Amanita,Amanita,True,0.7511438727378845,0.0026499000014155,ResNet18_Corrected,test,0.16358748078346252,0.7511438727378845,0.011305228807032108,0.0031825213227421045,0.0011345010716468096,2.9447727811771074e-08,0.0048494646325707436,0.0004056034958921373,0.012099809013307095,0.015551090240478516,0.03674040734767914
C:\Projects\TM470\data\processed\test\Amanita\588_bh0TgHuuQ-g.jpg,Amanita/588_bh0TgHuuQ-g.jpg,Amanita,Amanita,True,0.7793002128601074,0.0026213999954052,ResNet18_Corrected,test,0.0338510200381279,0.7793002128601074,0.006772646680474281,0.00439390167593956,0.006379254627972841,1.671627069299575e-05,0.0015307795256376266,0.001768106478266418,0.0968702957034111,0.05586908385157585,0.013247938826680183
C:\Projects\TM470\data\processed\test\Amanita\589_AnaL5Wx-reY.jpg,Amanita/589_AnaL5Wx-reY.jpg,Amanita,Lactarius,False,0.32666686177253723,0.0043299999961163,ResNet18_Corrected,test,0.07771987468004227,0.25223594903945923,0.0014246769715100527,0.0016925826203078032,0.020955471321940422,1.77605397766456e-06,0.003102643648162484,0.001007267041131854,0.32666686177253723,0.2943647503852844,0.020828094333410263
C:\Projects\TM470\data\processed\test\Amanita\596_TzXaLH4_GW0.jpg,Amanita/596_TzXaLH4_GW0.jpg,Amanita,Amanita,True,0.5648241639137268,0.0044754000045941,ResNet18_Corrected,test,0.12643374502658844,0.5648241639137268,0.040166229009628296,0.0084678390994668,0.0022290165070444345,0.020436154678463936,0.0022854574490338564,0.04515531286597252,0.15095002949237823,0.028051679953932762,0.011000363156199455
C:\Projects\TM470\data\processed\test\Amanita\597_t_LN8-XruiI.jpg,Amanita/597_t_LN8-XruiI.jpg,Amanita,Amanita,True,0.8879976868629456,0.0043629000065266,ResNet18_Corrected,test,0.06405206024646759,0.8879976868629456,0.0008642230532132089,0.020338570699095726,0.005552227608859539,0.003269709413871169,0.000665168568957597,0.009055455215275288,0.005575978197157383,0.0014100527623668313,0.0012188799446448684
C:\Projects\TM470\data\processed\test\Amanita\600_jgKLD8sC_v4.jpg,Amanita/600_jgKLD8sC_v4.jpg,Amanita,Amanita,True,0.9895519614219666,0.0043385999961174,ResNet18_Corrected,test,0.0022897066082805395,0.9895519614219666,0.0010877277236431837,0.0005609974032267928,0.0017037770012393594,3.260091398260556e-05,0.0003532623522914946,0.00023284128110390157,0.0025896779261529446,0.001338922418653965,0.000258562940871343
C:\Projects\TM470\data\processed\test\Amanita\620_JDQSDCTyXyg.jpg,Amanita/620_JDQSDCTyXyg.jpg,Amanita,Amanita,True,0.958350419998169,0.0042411000031279,ResNet18_Corrected,test,0.020652156323194504,0.958350419998169,0.003476334735751152,0.005179805215448141,9.3793474661652e-05,3.379802535619092e-07,0.0003889504005201161,0.0017389581771567464,0.001958827953785658,8.673418778926134e-05,0.008073697797954082
C:\Projects\TM470\data\processed\test\Amanita\646_zBDcRvL_RyM.jpg,Amanita/646_zBDcRvL_RyM.jpg,Amanita,Russula,False,0.6840861439704895,0.0042401000027894,ResNet18_Corrected,test,0.07120252400636673,0.04172633960843086,0.13263820111751556,0.0020830463618040085,0.0012381842825561762,2.515595554086758e-08,0.0001389403041685,4.157850707997568e-05,0.041989441961050034,0.6840861439704895,0.024855608120560646
C:\Projects\TM470\data\processed\test\Amanita\654_vhjqe9X5eec.jpg,Amanita/654_vhjqe9X5eec.jpg,Amanita,Agaricus,False,0.35199883580207825,0.0042806999990716,ResNet18_Corrected,test,0.35199883580207825,0.08097955584526062,0.05307215079665184,0.07487471401691437,0.037882477045059204,0.0006892351084388793,0.002406367799267173,0.00948858167976141,0.14619207382202148,0.21151617169380188,0.030899744480848312
C:\Projects\TM470\data\processed\test\Amanita\664_AXOuF6j3tyo.jpg,Amanita/664_AXOuF6j3tyo.jpg,Amanita,Entoloma,False,0.32009199261665344,0.0042586999988998,ResNet18_Corrected,test,0.1132083609700203,0.16667316854000092,0.005496963392943144,0.004048773553222418,0.32009199261665344,3.3957348932744935e-05,0.004461494740098715,0.009240592829883099,0.2781606912612915,0.07596716284751892,0.022616837173700333
C:\Projects\TM470\data\processed\test\Amanita\665_PrGfCOsVu8Y.jpg,Amanita/665_PrGfCOsVu8Y.jpg,Amanita,Russula,False,0.4250262975692749,0.0042045000009238,ResNet18_Corrected,test,0.09001666307449341,0.028273073956370354,0.013464792631566525,0.055364612489938736,0.04869716987013817,0.004379757679998875,0.002810942940413952,0.09452781081199646,0.19870515167713165,0.4250262975692749,0.03873371705412865
C:\Projects\TM470\data\processed\test\Amanita\679_cIMzCCYdG38.jpg,Amanita/679_cIMzCCYdG38.jpg,Amanita,Amanita,True,0.9265289902687073,0.0042826000062632,ResNet18_Corrected,test,0.03060750477015972,0.9265289902687073,0.00040317801176570356,0.01889912597835064,0.0024444612208753824,0.001523089362308383,0.002868854207918048,0.010166514664888382,0.003476855345070362,0.0007891497807577252,0.002292236313223839
C:\Projects\TM470\data\processed\test\Amanita\682_B3EZBbmcFBE.jpg,Amanita/682_B3EZBbmcFBE.jpg,Amanita,Russula,False,0.22595669329166412,0.0042520000060903,ResNet18_Corrected,test,0.17646494507789612,0.13635072112083435,0.10220101475715637,0.021727969869971275,0.006347827147692442,4.492474090511678e-06,0.004609944764524698,0.012859702110290527,0.22531527280807495,0.22595669329166412,0.0881614163517952
C:\Projects\TM470\data\processed\test\Amanita\702_sR0HQkA_gkA.jpg,Amanita/702_sR0HQkA_gkA.jpg,Amanita,Russula,False,0.3915606141090393,0.0043183000016142,ResNet18_Corrected,test,0.2103511095046997,0.09155087172985077,0.039403997361660004,0.00561591936275363,0.00031053341808728874,4.936954155709827e-06,0.00020707045041490346,0.023263808339834213,0.18200957775115967,0.3915606141090393,0.05572161078453064
C:\Projects\TM470\data\processed\test\Amanita\713_znBkCzCEi-g.jpg,Amanita/713_znBkCzCEi-g.jpg,Amanita,Russula,False,0.5270976424217224,0.0044214000008651,ResNet18_Corrected,test,0.015521952882409096,0.3056882321834564,0.07397051155567169,0.009755780920386314,0.00038755391142331064,6.942330514903006e-07,0.0008779721101745963,0.0005178670398890972,0.04692137986421585,0.5270976424217224,0.019260456785559654
C:\Projects\TM470\data\processed\test\Amanita\717_vlDmzuYG5og.jpg,Amanita/717_vlDmzuYG5og.jpg,Amanita,Lactarius,False,0.3424921929836273,0.0042399000012665,ResNet18_Corrected,test,0.08350582420825958,0.018981439992785454,0.0014018299989402294,0.024951601400971413,0.16159220039844513,0.15532608330249786,0.0134445670992136,0.10591238737106323,0.3424921929836273,0.08785323053598404,0.00453863013535738
C:\Projects\TM470\data\processed\test\Amanita\739_t_b-1IKUbgE.jpg,Amanita/739_t_b-1IKUbgE.jpg,Amanita,Amanita,True,0.8973901271820068,0.0042161999954259,ResNet18_Corrected,test,0.013803036883473396,0.8973901271820068,0.009826390072703362,0.016423659399151802,0.006782543379813433,2.5693349016364664e-05,0.006941307336091995,0.00983688235282898,0.008447409607470036,0.0022328924387693405,0.02829001657664776
C:\Projects\TM470\data\processed\test\Amanita\742_j3CNLlK7ISo.jpg,Amanita/742_j3CNLlK7ISo.jpg,Amanita,Amanita,True,0.9390416145324707,0.0041737999999895,ResNet18_Corrected,test,0.005856203846633434,0.9390416145324707,0.005143724847584963,0.0015507142525166273,0.006359037943184376,1.3086621947877575e-05,0.001994332065805793,0.006648781709372997,0.018977751955389977,0.004782477393746376,0.009632259607315063
C:\Projects\TM470\data\processed\test\Amanita\746_Dh_6IpygI6I.jpg,Amanita/746_Dh_6IpygI6I.jpg,Amanita,Amanita,True,0.9732741713523865,0.004362100000435,ResNet18_Corrected,test,0.003571119625121355,0.9732741713523865,0.010548667050898075,0.0009065201156772673,0.001570673193782568,3.2533991998207057e-06,3.720767836057348e-06,0.0026717057917267084,0.0025112945586442947,0.0008593812817707658,0.0040794722735881805
C:\Projects\TM470\data\processed\test\Amanita\754_rDpMYIR-sFE.jpg,Amanita/754_rDpMYIR-sFE.jpg,Amanita,Amanita,True,0.6513096690177917,0.004480900002818,ResNet18_Corrected,test,0.020585045218467712,0.6513096690177917,0.00035988204763270915,0.02538747526705265,0.017181523144245148,0.006320965476334095,0.0017664232291281223,0.20724448561668396,0.03235011175274849,0.025640763342380524,0.011853586882352829
C:\Projects\TM470\data\processed\test\Amanita\756_w-xhasvBIT0.jpg,Amanita/756_w-xhasvBIT0.jpg,Amanita,Amanita,True,0.9743801355361938,0.0042115000032936,ResNet18_Corrected,test,0.003129831748083234,0.9743801355361938,0.004182266537100077,0.0032810973934829235,0.0012390569318085909,0.0009066374623216689,0.0011577262775972486,0.0068106884136796,0.0020003640092909336,0.0006952286348678172,0.0022171142045408487
C:\Projects\TM470\data\processed\test\Amanita\773_3H-0yRwiu6Y.jpg,Amanita/773_3H-0yRwiu6Y.jpg,Amanita,Entoloma,False,0.26525041460990906,0.0043110999977216,ResNet18_Corrected,test,0.02962576597929001,0.03345702216029167,0.004510953556746244,0.005748335737735033,0.26525041460990906,0.015465158969163895,0.015095427632331848,0.22246365249156952,0.2466176152229309,0.14340773224830627,0.018357867375016212
C:\Projects\TM470\data\processed\test\Amanita\787_V5x9WHxsoqE.jpg,Amanita/787_V5x9WHxsoqE.jpg,Amanita,Lactarius,False,0.30164146423339844,0.0041741000022739,ResNet18_Corrected,test,0.09450574964284897,0.06931667029857635,0.09407100081443787,0.05213853716850281,0.0030667120590806007,5.625512494589202e-05,0.001966565614566207,0.04500221461057663,0.30164146423339844,0.2619907557964325,0.07624416053295135
C:\Projects\TM470\data\processed\test\Boletus\0009_2hEUS66s6Gw.jpg,Boletus/0009_2hEUS66s6Gw.jpg,Boletus,Boletus,True,0.38214603066444397,0.004439899996214,ResNet18_Corrected,test,0.002807467710226774,0.037154823541641235,0.38214603066444397,0.31751880049705505,0.0033917080145329237,0.0047425092197954655,0.002121721627190709,0.0817168653011322,0.10064680129289627,0.02302173525094986,0.04473148286342621
C:\Projects\TM470\data\processed\test\Boletus\0010_7M6YHrGZ3aM.jpg,Boletus/0010_7M6YHrGZ3aM.jpg,Boletus,Boletus,True,0.5861717462539673,0.0044273000021348,ResNet18_Corrected,test,0.0006468043429777026,0.0012553429696708918,0.5861717462539673,0.060545485466718674,0.002100375946611166,0.00044277499546296895,0.0006789008621126413,0.05506471171975136,0.1954447478055954,0.05483038350939751,0.04281874746084213
C:\Projects\TM470\data\processed\test\Boletus\0023_JAAEdifq1MY.jpg,Boletus/0023_JAAEdifq1MY.jpg,Boletus,Boletus,True,0.7053693532943726,0.0043817999976454,ResNet18_Corrected,test,0.0009062940371222794,0.0015443995362147689,0.7053693532943726,0.014066824689507484,0.0008928790921345353,2.979865939778392e-06,0.0001915283501148224,0.000969731598161161,0.1320117861032486,0.12721876800060272,0.016825443133711815
C:\Projects\TM470\data\processed\test\Boletus\0032_Sl_iMoAAJyU.jpg,Boletus/0032_Sl_iMoAAJyU.jpg,Boletus,Boletus,True,0.9716565012931824,0.00269959999423,ResNet18_Corrected,test,0.00014659699809271842,9.765296999830753e-05,0.9716565012931824,0.004389043897390366,0.0002478460955899209,1.003327383841679e-06,8.932582568377256e-05,0.0014931847108528018,0.009273335337638855,0.0010367042850703,0.011568808928132057
C:\Projects\TM470\data\processed\test\Boletus\0048_wGU2ETPlfqY.jpg,Boletus/0048_wGU2ETPlfqY.jpg,Boletus,Boletus,True,0.37824344635009766,0.0027106999987154,ResNet18_Corrected,test,0.002958629047498107,0.0023275914136320353,0.37824344635009766,0.03567074239253998,0.001892096595838666,5.2616062021115795e-05,0.0011455490021035075,0.01964731514453888,0.17618845403194427,0.2302245944738388,0.15164893865585327
C:\Projects\TM470\data\processed\test\Boletus\0051_rBIC-Uy9KzI.jpg,Boletus/0051_rBIC-Uy9KzI.jpg,Boletus,Russula,False,0.5519933104515076,0.0026350000043748,ResNet18_Corrected,test,0.06989991664886475,0.08332125842571259,0.06617186218500137,0.03167257830500603,0.026898743584752083,0.006338129751384258,0.017810262739658356,0.02119486592710018,0.11396868526935577,0.5519933104515076,0.0107303811237216
C:\Projects\TM470\data\processed\test\Boletus\0058_djB8UbX-XaU.jpg,Boletus/0058_djB8UbX-XaU.jpg,Boletus,Boletus,True,0.982677161693573,0.0028705000004265,ResNet18_Corrected,test,4.4662770960712805e-05,0.01554427295923233,0.982677161693573,5.3922929510008544e-05,4.1211701500287745e-06,9.885365415129854e-09,1.5286360621757922e-06,0.00011166773765580729,0.00044775023707188666,0.0003233994066249579,0.0007913861772976816
C:\Projects\TM470\data\processed\test\Boletus\0060_ph1tt9Qik4Q.jpg,Boletus/0060_ph1tt9Qik4Q.jpg,Boletus,Lactarius,False,0.3028337359428406,0.0027912000005017,ResNet18_Corrected,test,0.01077162567526102,0.05066533759236336,0.10662475973367691,0.02879950776696205,0.000689489534124732,2.1963604979191587e-07,0.0001903000083984807,0.002101960126310587,0.3028337359428406,0.2980818748474121,0.19924119114875793
C:\Projects\TM470\data\processed\test\Boletus\0074_-d_w6u6G7wA.jpg,Boletus/0074_-d_w6u6G7wA.jpg,Boletus,Suillus,False,0.38187456130981445,0.0027068999988841,ResNet18_Corrected,test,0.014598693698644638,0.03608102351427078,0.1303122341632843,0.07664995640516281,0.02220046892762184,0.0008845798438414931,0.018209729343652725,0.16700801253318787,0.14336740970611572,0.008813307620584965,0.38187456130981445
C:\Projects\TM470\data\processed\test\Boletus\0076_yMZR41Idcn0.jpg,Boletus/0076_yMZR41Idcn0.jpg,Boletus,Amanita,False,0.8137373328208923,0.0026457999992999,ResNet18_Corrected,test,0.011985999532043934,0.8137373328208923,0.1519455462694168,0.0010085521498695016,0.00035559094976633787,4.053733846376417e-07,1.5974763300619088e-05,0.0022171922028064728,0.003229247173294425,0.009420438669621944,0.0060838148929178715
C:\Projects\TM470\data\processed\test\Boletus\0081_Jy-UUrFwLMA.jpg,Boletus/0081_Jy-UUrFwLMA.jpg,Boletus,Boletus,True,0.7916359305381775,0.0027281000002403,ResNet18_Corrected,test,0.035851094871759415,0.06244514882564545,0.7916359305381775,0.005844765808433294,0.004305541515350342,4.3963118514511734e-05,0.0008988164481706917,0.0025292227510362864,0.04752376303076744,0.033824700862169266,0.015097063034772873
C:\Projects\TM470\data\processed\test\Boletus\0090_PCyZBE7zH28.jpg,Boletus/0090_PCyZBE7zH28.jpg,Boletus,Amanita,False,0.8189149498939514,0.0025501000054646,ResNet18_Corrected,test,0.031093090772628784,0.8189149498939514,0.13262617588043213,0.0022600165102630854,0.0006120199104771018,2.244873229528821e-07,9.747102012624964e-05,0.00018483558960724622,0.008894592523574829,0.002261545043438673,0.0030551552772521973
C:\Projects\TM470\data\processed\test\Boletus\0100_Um24DDdxtxY.jpg,Boletus/0100_Um24DDdxtxY.jpg,Boletus,Boletus,True,0.30644741654396057,0.0025371000010636,ResNet18_Corrected,test,0.0005494267679750919,0.11877384036779404,0.30644741654396057,0.033254560083150864,0.003503369400277734,1.7130865671788342e-05,0.010941327549517155,0.03393577039241791,0.1874953806400299,0.00695026945322752,0.2981314957141876
C:\Projects\TM470\data\processed\test\Boletus\0110_A_F3PAXmwBw.jpg,Boletus/0110_A_F3PAXmwBw.jpg,Boletus,Boletus,True,0.8072712421417236,0.0026875999974436,ResNet18_Corrected,test,0.0026761398185044527,0.028239550068974495,0.8072712421417236,0.012839476577937603,0.0009426940814591944,2.8073025077901548e-06,0.0006320085958577693,0.002771403407678008,0.08538243174552917,0.031987883150577545,0.027254397049546242
C:\Projects\TM470\data\processed\test\Boletus\0142_osp5FSuBFx4.jpg,Boletus/0142_osp5FSuBFx4.jpg,Boletus,Boletus,True,0.86583012342453,0.0041505000044708,ResNet18_Corrected,test,0.002032114891335368,0.00904023926705122,0.86583012342453,0.002602451713755727,0.0007837878656573594,5.4703792784494e-07,0.0003237242344766855,0.00356957595795393,0.0553249791264534,0.004530073143541813,0.05596242845058441
C:\Projects\TM470\data\processed\test\Boletus\0148_GWuEw2WeFCY.jpg,Boletus/0148_GWuEw2WeFCY.jpg,Boletus,Boletus,True,0.8875830769538879,0.0043151999998372,ResNet18_Corrected,test,0.0022436166182160378,0.004353238269686699,0.8875830769538879,0.004727550316601992,0.00021991324319969863,9.593147609621155e-08,0.00020975383813492954,0.006696723867207766,0.014602082781493664,0.007068648934364319,0.07229530811309814
C:\Projects\TM470\data\processed\test\Boletus\0151_8qA6XqDaO10.jpg,Boletus/0151_8qA6XqDaO10.jpg,Boletus,Boletus,True,0.6911128759384155,0.0044586000003619,ResNet18_Corrected,test,0.01285488810390234,0.0764978900551796,0.6911128759384155,0.020822256803512573,0.020790865644812584,0.00043581397039815784,0.005361533258110285,0.04882091283798218,0.04642396420240402,0.022541647776961327,0.05433744192123413
C:\Projects\TM470\data\processed\test\Boletus\0155_cfBPq0uvW7U.jpg,Boletus/0155_cfBPq0uvW7U.jpg,Boletus,Boletus,True,0.5922000408172607,0.0043130999983986,ResNet18_Corrected,test,0.006777971051633358,0.0677102580666542,0.5922000408172607,0.02506338432431221,0.027283845469355583,9.62139674811624e-05,0.004138498101383448,0.008208747953176498,0.15640655159950256,0.054615262895822525,0.05749926716089249
C:\Projects\TM470\data\processed\test\Boletus\0163_288vPbTy0u0.jpg,Boletus/0163_288vPbTy0u0.jpg,Boletus,Boletus,True,0.46109938621520996,0.0042279999979655,ResNet18_Corrected,test,0.026794275268912315,0.1079566553235054,0.46109938621520996,0.04054734855890274,0.102391317486763,0.007391604129225016,0.01966278627514839,0.015677109360694885,0.17240726947784424,0.026065995916724205,0.020006248727440834
C:\Projects\TM470\data\processed\test\Boletus\0166_JjEOuNKkeSM.jpg,Boletus/0166_JjEOuNKkeSM.jpg,Boletus,Boletus,True,0.38008928298950195,0.0042418999946676,ResNet18_Corrected,test,0.08107876032590866,0.032533857971429825,0.38008928298950195,0.0355912409722805,0.008800745941698551,5.071751002105884e-05,0.0017463467083871365,0.042796824127435684,0.1013268381357193,0.06652210652828217,0.2494632601737976
C:\Projects\TM470\data\processed\test\Boletus\0176_J7Pq7LRCag0.jpg,Boletus/0176_J7Pq7LRCag0.jpg,Boletus,Amanita,False,0.2598952651023865,0.0043812000003526,ResNet18_Corrected,test,0.0062493146397173405,0.2598952651023865,0.23334549367427826,0.016612300649285316,0.10464216023683548,3.865089456667192e-05,0.06037398427724838,0.031405992805957794,0.12171665579080582,0.023688379675149918,0.14203178882598877
C:\Projects\TM470\data\processed\test\Boletus\0181_WPxAHfkr5nY.jpg,Boletus/0181_WPxAHfkr5nY.jpg,Boletus,Boletus,True,0.4776995778083801,0.0042350000003352,ResNet18_Corrected,test,0.004189981613308191,0.02751816250383854,0.4776995778083801,0.009657446295022964,0.000488628342282027,2.445574125431449e-07,0.0005063939606770873,0.01767091266810894,0.15828116238117218,0.02287142537534237,0.2811160981655121
C:\Projects\TM470\data\processed\test\Boletus\0186_8hd4Jt8Z_XU.jpg,Boletus/0186_8hd4Jt8Z_XU.jpg,Boletus,Boletus,True,0.3074548542499542,0.0045912000059615,ResNet18_Corrected,test,0.008547142148017883,0.011951729655265808,0.3074548542499542,0.14718033373355865,0.041529953479766846,0.00289333239197731,0.011323151178658009,0.0447063222527504,0.26400279998779297,0.0821678563952446,0.07824254781007767
C:\Projects\TM470\data\processed\test\Boletus\0187__pRX2ASfyHE.jpg,Boletus/0187__pRX2ASfyHE.jpg,Boletus,Boletus,True,0.9865384101867676,0.0042117000048165,ResNet18_Corrected,test,8.453387272311375e-05,0.0005248719826340675,0.9865384101867676,0.000624609412625432,0.00014381424989551306,9.398117128966987e-08,0.00013645581202581525,0.0010682771680876613,0.00492804404348135,0.0013109555002301931,0.00463993102312088
C:\Projects\TM470\data\processed\test\Boletus\0196_uqGMdVItBRg.jpg,Boletus/0196_uqGMdVItBRg.jpg,Boletus,Boletus,True,0.9189638495445251,0.0029842000003554,ResNet18_Corrected,test,0.0014845799887552857,0.04057043045759201,0.9189638495445251,0.011050942353904247,0.0016739348648115993,5.5118551244959235e-05,0.0008816891931928694,0.0017714841524139047,0.007569379173219204,0.004944703541696072,0.011033882386982441
C:\Projects\TM470\data\processed\test\Boletus\0203_9fok2txolHA.jpg,Boletus/0203_9fok2txolHA.jpg,Boletus,Boletus,True,0.86184161901474,0.002561199995398,ResNet18_Corrected,test,0.00023280686582438648,0.008366278372704983,0.86184161901474,0.009340029209852219,0.004958335310220718,0.0002708484244067222,0.001178752863779664,0.011900742538273335,0.08202993124723434,0.002236610045656562,0.01764412224292755
C:\Projects\TM470\data\processed\test\Boletus\0205_qoM5hQot18c.jpg,Boletus/0205_qoM5hQot18c.jpg,Boletus,Boletus,True,0.5925841927528381,0.0043569999979808,ResNet18_Corrected,test,0.008676390163600445,0.06574420630931854,0.5925841927528381,0.03594599664211273,0.0029383497312664986,6.19942948105745e-05,0.0011183269089087844,0.14582985639572144,0.031052175909280777,0.0020892699249088764,0.1139591857790947
C:\Projects\TM470\data\processed\test\Boletus\0206_TyUG66hONcc.jpg,Boletus/0206_TyUG66hONcc.jpg,Boletus,Lactarius,False,0.5785248875617981,0.0042127999986405,ResNet18_Corrected,test,0.007101008202880621,0.008054194040596485,0.15718592703342438,0.032420188188552856,0.02025146223604679,6.202736403793097e-05,0.0011470583267509937,0.01017616968601942,0.5785248875617981,0.0948004201054573,0.09027659893035889
C:\Projects\TM470\data\processed\test\Boletus\0207_oXbD8i2vkVg.jpg,Boletus/0207_oXbD8i2vkVg.jpg,Boletus,Lactarius,False,0.3122517764568329,0.004232299994328,ResNet18_Corrected,test,0.028329696506261826,0.01752842403948307,0.19898337125778198,0.10886213183403015,0.04292551055550575,0.011062557809054852,0.0012797975214198232,0.15254652500152588,0.3122517764568329,0.050044357776641846,0.07618588954210281
C:\Projects\TM470\data\processed\test\Boletus\0227_j49x_C5p-CU.jpg,Boletus/0227_j49x_C5p-CU.jpg,Boletus,Boletus,True,0.8279513716697693,0.004058200000145,ResNet18_Corrected,test,0.007136365864425898,0.009182223118841648,0.8279513716697693,0.004074435215443373,0.0006870359648019075,7.105204986146418e-06,8.802945376373827e-05,0.026574179530143738,0.01502011064440012,0.026718460023403168,0.08256065845489502
C:\Projects\TM470\data\processed\test\Boletus\0238_qz-FM7SB6M0.jpg,Boletus/0238_qz-FM7SB6M0.jpg,Boletus,Boletus,True,0.686245322227478,0.0041148000018438,ResNet18_Corrected,test,0.003524895990267396,0.03580175340175629,0.686245322227478,0.04076053947210312,0.0026565021835267544,0.0008357978076674044,0.006844221148639917,0.049820754677057266,0.03491197153925896,0.01946188509464264,0.11913641542196274
C:\Projects\TM470\data\processed\test\Boletus\0240_VJBB4bFGy00.jpg,Boletus/0240_VJBB4bFGy00.jpg,Boletus,Boletus,True,0.9518880844116211,0.0040941999977803,ResNet18_Corrected,test,0.000254099810263142,0.00031500274781137705,0.9518880844116211,0.005560392048209906,0.0009793142089620233,2.0508805391727947e-06,6.350817420752719e-05,0.000614403747022152,0.01729477010667324,0.013811479322612286,0.009216966107487679
C:\Projects\TM470\data\processed\test\Boletus\0245_M167aLbLgs8.jpg,Boletus/0245_M167aLbLgs8.jpg,Boletus,Boletus,True,0.7794977426528931,0.0025518999973428,ResNet18_Corrected,test,0.00021528429351747036,0.002882994944229722,0.7794977426528931,0.0051748319528996944,8.112979412544519e-05,1.6881659403722438e-09,0.007311050780117512,0.0004929657443426549,0.017253996804356575,0.0009537098812870681,0.18613635003566742
C:\Projects\TM470\data\processed\test\Boletus\0249_50wVqwSNvhw.jpg,Boletus/0249_50wVqwSNvhw.jpg,Boletus,Boletus,True,0.848447859287262,0.0025371000010636,ResNet18_Corrected,test,0.019585922360420227,0.03404144570231438,0.848447859287262,0.019732976332306862,0.0008274978608824313,5.782013431598898e-06,0.0002329574926989153,0.0031575181055814028,0.013119891285896301,0.01512614730745554,0.04572201147675514
C:\Projects\TM470\data\processed\test\Boletus\0253_g1jTDCR3Zu4.jpg,Boletus/0253_g1jTDCR3Zu4.jpg,Boletus,Boletus,True,0.728446364402771,0.0025500999981886,ResNet18_Corrected,test,0.003895290195941925,0.07994745671749115,0.728446364402771,0.01199154369533062,0.0018106801435351372,0.00011646990606095642,0.0003935150452889502,0.012747194617986679,0.05848671868443489,0.061648979783058167,0.0405157171189785
C:\Projects\TM470\data\processed\test\Boletus\0259_RjpNYKf3Zag.jpg,Boletus/0259_RjpNYKf3Zag.jpg,Boletus,Lactarius,False,0.4315517246723175,0.0025469000029261,ResNet18_Corrected,test,0.025021815672516823,0.03649082034826279,0.005034266971051693,0.22202149033546448,0.05935744568705559,0.009394504129886627,0.015405143611133099,0.013614842668175697,0.4315517246723175,0.16756652295589447,0.014541428536176682
C:\Projects\TM470\data\processed\test\Boletus\0261_Dag-SrdgNL4.jpg,Boletus/0261_Dag-SrdgNL4.jpg,Boletus,Boletus,True,0.9629400372505188,0.0025688000023365,ResNet18_Corrected,test,0.0020567516330629587,0.0034723938442766666,0.9629400372505188,0.004857888910919428,0.004259205888956785,4.6407599256781396e-06,0.0003103192138951272,0.0007072643493302166,0.0069003477692604065,0.0052185277454555035,0.00927263218909502
C:\Projects\TM470\data\processed\test\Boletus\0263_nUgkvTMYYa4.jpg,Boletus/0263_nUgkvTMYYa4.jpg,Boletus,Boletus,True,0.7900423407554626,0.0025804999968386,ResNet18_Corrected,test,0.0014319132314994931,0.0007658298127353191,0.7900423407554626,0.08758088946342468,0.00011636737326625735,3.254175680922344e-05,3.1638403015676886e-05,0.0036122165620326996,0.02093718759715557,0.0721452608704567,0.023303793743252754
C:\Projects\TM470\data\processed\test\Boletus\0264_47xi69ImS58.jpg,Boletus/0264_47xi69ImS58.jpg,Boletus,Boletus,True,0.9720109701156616,0.002697399999306,ResNet18_Corrected,test,0.0007686632452532649,0.0033922598231583834,0.9720109701156616,0.0009108892409130931,0.0001908246340462938,9.095926429836254e-07,3.21210827678442e-05,0.004470674321055412,0.006154375150799751,0.00133547093719244,0.010732784867286682
C:\Projects\TM470\data\processed\test\Boletus\0285_5r1D03ayo_A.jpg,Boletus/0285_5r1D03ayo_A.jpg,Boletus,Boletus,True,0.6311705708503723,0.0026933999979519,ResNet18_Corrected,test,0.005370055325329304,0.01217254251241684,0.6311705708503723,0.020615721121430397,0.005037962459027767,0.0007052846485748887,0.00031491677509620786,0.0957445427775383,0.036123599857091904,0.045650240033864975,0.14709462225437164
C:\Projects\TM470\data\processed\test\Boletus\0297_Q4fwdJ_9PxA.jpg,Boletus/0297_Q4fwdJ_9PxA.jpg,Boletus,Boletus,True,0.9782968759536743,0.0026429999998072,ResNet18_Corrected,test,0.00026832634466700256,0.00016611404134891927,0.9782968759536743,0.00022627536964137107,6.255960033740848e-05,2.1412269290976838e-08,5.403025625128066e-06,0.0006539996829815209,0.004318080376833677,0.00321381282992661,0.01278854813426733
C:\Projects\TM470\data\processed\test\Boletus\0298_01Q7PUhybdQ.jpg,Boletus/0298_01Q7PUhybdQ.jpg,Boletus,Boletus,True,0.3410521447658539,0.0027285999967716,ResNet18_Corrected,test,0.0055916993878781796,0.01573636569082737,0.3410521447658539,0.009151159785687923,0.012305502779781818,1.0149728950636927e-06,0.000953071576077491,0.0035587709862738848,0.1690773218870163,0.26576778292655945,0.17680518329143524
C:\Projects\TM470\data\processed\test\Boletus\0299_Ue9AxhqQqyc.jpg,Boletus/0299_Ue9AxhqQqyc.jpg,Boletus,Boletus,True,0.9818769693374634,0.0028316999960225,ResNet18_Corrected,test,0.00024321506498381495,0.0015255302423611283,0.9818769693374634,0.000648439337965101,6.942009349586442e-05,3.0975220965956396e-07,0.00045133932144381106,0.0008102358551695943,0.004147613886743784,0.003785940119996667,0.006440942641347647
C:\Projects\TM470\data\processed\test\Boletus\0304_7bLIdSVgaIM.jpg,Boletus/0304_7bLIdSVgaIM.jpg,Boletus,Boletus,True,0.9068670272827148,0.002846799994586,ResNet18_Corrected,test,0.001984748523682356,0.006828454788774252,0.9068670272827148,0.008695455268025398,0.001006529782898724,0.0006232513696886599,0.003609938081353903,0.011597623117268085,0.01603829488158226,0.029801275581121445,0.01294738333672285
C:\Projects\TM470\data\processed\test\Boletus\0306_64D0ZnNktPM.jpg,Boletus/0306_64D0ZnNktPM.jpg,Boletus,Boletus,True,0.9672403931617737,0.0027349999945727,ResNet18_Corrected,test,0.0005601330194622278,0.00527707627043128,0.9672403931617737,0.00037194753531366587,6.437546107918024e-05,3.5431989431344846e-07,5.647795114782639e-05,0.0019957488402724266,0.008186940103769302,0.004223358351737261,0.012023268267512321
C:\Projects\TM470\data\processed\test\Boletus\0310__tra6Lo5W9Q.jpg,Boletus/0310__tra6Lo5W9Q.jpg,Boletus,Boletus,True,0.47436097264289856,0.002637899997353,ResNet18_Corrected,test,0.002754333196207881,0.0033881848212331533,0.47436097264289856,0.040433406829833984,0.0024728847201913595,1.3709629911318189e-06,0.014371643774211407,0.0028475786093622446,0.1428515464067459,0.10094580054283142,0.2155723124742508
C:\Projects\TM470\data\processed\test\Boletus\0313_UMgAL-_294g.jpg,Boletus/0313_UMgAL-_294g.jpg,Boletus,Boletus,True,0.9130735993385315,0.002574199999799,ResNet18_Corrected,test,0.002897402970120311,0.016065174713730812,0.9130735993385315,0.001510348287411034,0.0018086477648466825,7.1060298978409264e-06,0.0014772380236536264,0.0020047477446496487,0.02312346361577511,0.01129131019115448,0.026740984991192818
C:\Projects\TM470\data\processed\test\Boletus\0315_TZK9JOYNO7Q.jpg,Boletus/0315_TZK9JOYNO7Q.jpg,Boletus,Boletus,True,0.9708237051963806,0.0026253000032738,ResNet18_Corrected,test,0.0003112147969659418,0.00020800311176571995,0.9708237051963806,0.0002465720463078469,2.8298420147621073e-05,1.0449720200256252e-08,2.893796408898197e-05,0.0003038672439288348,0.0032683764584362507,0.012747102417051792,0.012033809907734394
C:\Projects\TM470\data\processed\test\Boletus\0320_Fj4PirBfkK0.jpg,Boletus/0320_Fj4PirBfkK0.jpg,Boletus,Lactarius,False,0.5486921668052673,0.0026309000022592,ResNet18_Corrected,test,0.003160255728289485,0.002364587038755417,0.1426878273487091,0.14952316880226135,0.001547755440697074,9.517583384877071e-05,0.01168703380972147,0.0008555423701182008,0.5486921668052673,0.0975986048579216,0.04178784415125847
C:\Projects\TM470\data\processed\test\Boletus\0336__FEoILXRJaU.jpg,Boletus/0336__FEoILXRJaU.jpg,Boletus,Russula,False,0.34034720063209534,0.0028424999982235,ResNet18_Corrected,test,0.024316640570759773,0.04285933077335358,0.12950047850608826,0.32100406289100647,0.007652081083506346,0.011221329681575298,0.014084323309361935,0.009341674856841564,0.08558396250009537,0.34034720063209534,0.01408900786191225
C:\Projects\TM470\data\processed\test\Boletus\0344_3nzDfs3jlQQ.jpg,Boletus/0344_3nzDfs3jlQQ.jpg,Boletus,Boletus,True,0.9885813593864441,0.0026266999993822,ResNet18_Corrected,test,0.000689494248945266,0.002193952677771449,0.9885813593864441,0.0004824250063393265,4.004504080512561e-05,9.241245493285533e-07,0.00012306460121180862,0.00026683753821998835,0.003095216117799282,0.0032543570268899202,0.0012723570689558983
C:\Projects\TM470\data\processed\test\Boletus\0358_MmNt3oIzcU8.jpg,Boletus/0358_MmNt3oIzcU8.jpg,Boletus,Boletus,True,0.8944575190544128,0.0027765999984694,ResNet18_Corrected,test,2.8392782041919418e-05,0.0013531818985939026,0.8944575190544128,0.01961885206401348,7.944664685055614e-05,4.543181057670154e-05,0.0017902860417962074,0.016311166808009148,0.01595025509595871,0.0026671472005546093,0.0476982444524765
C:\Projects\TM470\data\processed\test\Boletus\0365_w3QgqqeP-C8.jpg,Boletus/0365_w3QgqqeP-C8.jpg,Boletus,Boletus,True,0.7802159190177917,0.0047013000003062,ResNet18_Corrected,test,0.0014529851032420993,0.10040348023176193,0.7802159190177917,0.01705256476998329,0.0006646571564488113,0.002466372912749648,0.0015642453217878938,0.011404366232454777,0.023967133834958076,0.043116495013237,0.017691830173134804
C:\Projects\TM470\data\processed\test\Boletus\0372_EVEx-OOzR1U.jpg,Boletus/0372_EVEx-OOzR1U.jpg,Boletus,Boletus,True,0.9241456985473633,0.0045797000057064,ResNet18_Corrected,test,0.00015058885037433356,0.004628004971891642,0.9241456985473633,0.004126107320189476,0.00026620255084708333,8.286377124022692e-06,0.0022072724532335997,0.017614884302020073,0.013413388282060623,0.0009492780664004385,0.03249025717377663
C:\Projects\TM470\data\processed\test\Boletus\0388_M54uL5T9TkM.jpg,Boletus/0388_M54uL5T9TkM.jpg,Boletus,Boletus,True,0.8735305070877075,0.0043264000050839,ResNet18_Corrected,test,7.057339826133102e-05,0.013922913931310177,0.8735305070877075,0.009055446833372116,0.00029845265089534223,8.35195169202052e-06,0.008854902349412441,0.014694915153086185,0.010654148645699024,0.0012495525879785419,0.0676601380109787
C:\Projects\TM470\data\processed\test\Boletus\0391_s9Ag92abtK8.jpg,Boletus/0391_s9Ag92abtK8.jpg,Boletus,Boletus,True,0.719937264919281,0.0047616000010748,ResNet18_Corrected,test,0.010554740205407143,0.006597498897463083,0.719937264919281,0.03767126798629761,0.011159424670040607,0.0047051492147147655,0.011619397439062595,0.0749940276145935,0.04624813795089722,0.02611146867275238,0.05040166154503822
C:\Projects\TM470\data\processed\test\Boletus\0395_jZFg843mP4g.jpg,Boletus/0395_jZFg843mP4g.jpg,Boletus,Boletus,True,0.8952643275260925,0.004702799997176,ResNet18_Corrected,test,0.0010442377533763647,0.04790247604250908,0.8952643275260925,0.00205721752718091,0.00021651835413649678,8.065549991442822e-06,0.00011084396101068705,0.0068715643137693405,0.01910107582807541,0.0015285515692085028,0.025895079597830772
C:\Projects\TM470\data\processed\test\Boletus\0396_SY7PYfYNq88.jpg,Boletus/0396_SY7PYfYNq88.jpg,Boletus,Boletus,True,0.9935615062713623,0.0045822000029147,ResNet18_Corrected,test,6.404058512998745e-05,0.0013846466317772865,0.9935615062713623,0.0004468428378459066,2.5589288270566612e-05,4.1657776250758616e-07,7.308097337954678e-06,0.00046090251998975873,0.0008190771332010627,0.00032416899921372533,0.002905502449721098
C:\Projects\TM470\data\processed\test\Boletus\0398_5b-zJ94MXQk.jpg,Boletus/0398_5b-zJ94MXQk.jpg,Boletus,Boletus,True,0.95766681432724,0.0045815000048605,ResNet18_Corrected,test,0.0007209642790257931,0.006419808138161898,0.95766681432724,0.010837633162736893,0.0005962327122688293,5.202420652494766e-05,0.0011898486409336329,0.0026945993304252625,0.007441421039402485,0.007551196496933699,0.0048295725136995316
C:\Projects\TM470\data\processed\test\Boletus\0410_jhaHnXdb-IM.jpg,Boletus/0410_jhaHnXdb-IM.jpg,Boletus,Boletus,True,0.9752523899078369,0.0044773000045097,ResNet18_Corrected,test,0.0003396057873032987,0.0013763883616775274,0.9752523899078369,0.0006208004779182374,7.352869579335675e-05,2.3197318910206377e-07,5.305040394887328e-05,0.0007917815237306058,0.005510096438229084,0.0024332969915121794,0.01354888640344143
C:\Projects\TM470\data\processed\test\Boletus\0426_LWjQTfRMiXo.jpg,Boletus/0426_LWjQTfRMiXo.jpg,Boletus,Boletus,True,0.41048261523246765,0.004642199994123,ResNet18_Corrected,test,0.000825016584713012,0.011371264234185219,0.41048261523246765,0.24048681557178497,0.0004041261854581535,0.0013241565320640802,0.04217804595828056,0.011144631542265415,0.09028863906860352,0.15905901789665222,0.03243560716509819
C:\Projects\TM470\data\processed\test\Boletus\0439_O6QzBvZavTM.jpg,Boletus/0439_O6QzBvZavTM.jpg,Boletus,Boletus,True,0.9017410278320312,0.0050966999988304,ResNet18_Corrected,test,6.889626092743129e-05,0.0007261792779900134,0.9017410278320312,0.0011167465709149837,1.6936941392486915e-05,0.00015509319200646132,5.0404109970259015e-06,0.058489877730607986,0.013264495879411697,0.00199281913228333,0.02242293767631054
C:\Projects\TM470\data\processed\test\Boletus\0446_xHS1WNA5GOs.jpg,Boletus/0446_xHS1WNA5GOs.jpg,Boletus,Inocybe,False,0.8901986479759216,0.0048887000011745,ResNet18_Corrected,test,0.0001767639914760366,0.0055870674550533295,0.016728537157177925,0.011406191624701023,0.00010952030424959958,0.0006657211924903095,0.045156095176935196,0.8901986479759216,0.005993276834487915,0.0022874458227306604,0.021690789610147476
C:\Projects\TM470\data\processed\test\Boletus\0457_lZNPtp0I8xY.jpg,Boletus/0457_lZNPtp0I8xY.jpg,Boletus,Boletus,True,0.8869984745979309,0.0048618000000715,ResNet18_Corrected,test,0.0026163398288190365,0.02772524394094944,0.8869984745979309,0.0023679686710238457,0.0007202513515949249,2.5724235456436872e-05,0.0004680650308728218,0.003711962141096592,0.03876367211341858,0.019143322482705116,0.01745886541903019
C:\Projects\TM470\data\processed\test\Boletus\0471_lxzgCXnZUlM.jpg,Boletus/0471_lxzgCXnZUlM.jpg,Boletus,Boletus,True,0.5239031910896301,0.0049661999946692,ResNet18_Corrected,test,0.00034806039184331894,0.02281390130519867,0.5239031910896301,0.12919458746910095,0.0003615105524659157,0.00013544014655053616,0.0355837345123291,0.01641123555600643,0.09272352606058121,0.013509639538824558,0.16501519083976746
C:\Projects\TM470\data\processed\test\Boletus\0473_x9mm3RQN3OQ.jpg,Boletus/0473_x9mm3RQN3OQ.jpg,Boletus,Boletus,True,0.5725539922714233,0.0047411000050487,ResNet18_Corrected,test,0.001953357830643654,0.030915481969714165,0.5725539922714233,0.0031359398271888494,0.012742282822728157,1.0971615665766876e-05,0.0005863080150447786,0.0008473030757158995,0.0809733122587204,0.28179723024368286,0.014483833685517311
C:\Projects\TM470\data\processed\test\Boletus\0476_qTLS2LtmH20.jpg,Boletus/0476_qTLS2LtmH20.jpg,Boletus,Boletus,True,0.49662071466445923,0.0045000000027357,ResNet18_Corrected,test,0.0028416772838681936,0.02080988883972168,0.49662071466445923,0.03183833509683609,0.003611986292526126,0.00017473129264544696,0.0011236260179430246,0.04499860480427742,0.11047881841659546,0.039023272693157196,0.24847839772701263
C:\Projects\TM470\data\processed\test\Boletus\0478_IqIYZ5z8ZaA.jpg,Boletus/0478_IqIYZ5z8ZaA.jpg,Boletus,Boletus,True,0.6960840821266174,0.0044549000012921,ResNet18_Corrected,test,4.705225728685036e-05,4.425009319675155e-05,0.6960840821266174,0.020867928862571716,0.0003498426522128284,1.446860210307932e-06,5.7025725254788995e-05,0.0015557869337499142,0.24361218512058258,0.012624177150428295,0.024756278842687607
C:\Projects\TM470\data\processed\test\Boletus\0482_bwKqTN52ZY0.jpg,Boletus/0482_bwKqTN52ZY0.jpg,Boletus,Cortinarius,False,0.28826749324798584,0.0043206000045756,ResNet18_Corrected,test,0.005392363760620356,0.0048315031453967094,0.16476339101791382,0.28826749324798584,0.0015136233996599913,0.022762855514883995,3.8547968870261684e-05,0.26112768054008484,0.15900710225105286,0.05858354642987251,0.03371188044548035
C:\Projects\TM470\data\processed\test\Boletus\0485_2M-1Jj2XXfU.jpg,Boletus/0485_2M-1Jj2XXfU.jpg,Boletus,Boletus,True,0.47434213757514954,0.0043178999985684,ResNet18_Corrected,test,0.0012360136024653912,0.013014834374189377,0.47434213757514954,0.030902022495865822,0.003442934015765786,4.33273544331314e-06,0.042310718446969986,0.009302385151386261,0.18972665071487427,0.09340164065361023,0.14231635630130768
C:\Projects\TM470\data\processed\test\Boletus\0487_V0mcOZZWsYc.jpg,Boletus/0487_V0mcOZZWsYc.jpg,Boletus,Boletus,True,0.5322269797325134,0.0045366999984253,ResNet18_Corrected,test,0.0025061683263629675,0.0015794475330039859,0.5322269797325134,0.007680589333176613,0.0006492365500889719,6.147014346424839e-07,0.0037849557120352983,0.0018952367827296257,0.05804993584752083,0.35106903314590454,0.040557876229286194
C:\Projects\TM470\data\processed\test\Boletus\0496_oW-MXvWIdeg.jpg,Boletus/0496_oW-MXvWIdeg.jpg,Boletus,Lactarius,False,0.3875789940357208,0.0045031999979983,ResNet18_Corrected,test,0.0005675110151059926,0.09116251021623611,0.23754577338695526,0.05737954005599022,0.0011414351174607873,2.5407177872693865e-06,0.03857959434390068,0.006261707283556461,0.3875789940357208,0.022012829780578613,0.15776757895946503
C:\Projects\TM470\data\processed\test\Boletus\0501_RcynfiUwksM.jpg,Boletus/0501_RcynfiUwksM.jpg,Boletus,Boletus,True,0.815485417842865,0.0042801999952644,ResNet18_Corrected,test,0.0005516610108315945,0.01583465002477169,0.815485417842865,0.004263437353074551,0.0007070867577567697,8.72499128945492e-07,0.0004407330707181245,0.009102490730583668,0.06683087348937988,0.016313470900058746,0.07046923786401749
C:\Projects\TM470\data\processed\test\Boletus\0515_fH8FRrp-Rc4.jpg,Boletus/0515_fH8FRrp-Rc4.jpg,Boletus,Lactarius,False,0.571074903011322,0.0043642000018735,ResNet18_Corrected,test,0.0007641864940524101,0.007764255627989769,0.0252360999584198,0.006612758617848158,0.010627862066030502,0.0005497365491464734,0.0003721826942637563,0.28559041023254395,0.571074903011322,0.012443533167243004,0.07896413654088974
C:\Projects\TM470\data\processed\test\Boletus\0516_jSgZvx-y_IA.jpg,Boletus/0516_jSgZvx-y_IA.jpg,Boletus,Boletus,True,0.9330637454986572,0.0044282000017119,ResNet18_Corrected,test,0.0005848724395036697,0.0023900021333247423,0.9330637454986572,0.00336645171046257,0.00032639209530316293,1.3279282029543538e-07,0.0019394977716729045,0.005349347367882729,0.009942878969013691,0.003956303466111422,0.03908038139343262
C:\Projects\TM470\data\processed\test\Boletus\0551_xiALBJABq4k.jpg,Boletus/0551_xiALBJABq4k.jpg,Boletus,Boletus,True,0.983322262763977,0.0045581000013044,ResNet18_Corrected,test,0.0012165404623374343,0.001256135874427855,0.983322262763977,0.00022369049838744104,3.2979532988974825e-05,4.3251048964521033e-07,1.4796514733461663e-05,0.001593611785210669,0.005640498362481594,0.0025044865906238556,0.004194647539407015
C:\Projects\TM470\data\processed\test\Boletus\0552_Sm0FWjXpCUA.jpg,Boletus/0552_Sm0FWjXpCUA.jpg,Boletus,Inocybe,False,0.4211195111274719,0.0046137999961501,ResNet18_Corrected,test,0.0023819587659090757,0.023530887439846992,0.19749443233013153,0.058601707220077515,0.0008239165181294084,0.00668561365455389,0.03955285623669624,0.4211195111274719,0.05405610799789429,0.11665114015340805,0.07910196483135223
C:\Projects\TM470\data\processed\test\Boletus\0569_DpPGoGLCmxw.jpg,Boletus/0569_DpPGoGLCmxw.jpg,Boletus,Russula,False,0.637507438659668,0.0048731999995652,ResNet18_Corrected,test,0.004193597938865423,0.006512688007205725,0.11031549423933029,0.10740195959806442,0.00019164684636052698,3.163942528772168e-05,0.002897505182772875,0.004001517314463854,0.07286731153726578,0.637507438659668,0.054079167544841766
C:\Projects\TM470\data\processed\test\Boletus\0590_U1iXqaOG__4.jpg,Boletus/0590_U1iXqaOG__4.jpg,Boletus,Boletus,True,0.8202995657920837,0.0026518000013311,ResNet18_Corrected,test,7.83120485721156e-05,0.003574620233848691,0.8202995657920837,0.030394969508051872,2.785121432680171e-05,3.2422744880022947e-06,0.0032747844234108925,0.008878747001290321,0.021027086302638054,0.02243976667523384,0.09000107645988464
C:\Projects\TM470\data\processed\test\Boletus\0596_1eBgViXIxTo.jpg,Boletus/0596_1eBgViXIxTo.jpg,Boletus,Inocybe,False,0.5124058127403259,0.0025385000044479,ResNet18_Corrected,test,0.000849217118229717,0.014692489989101887,0.1579766869544983,0.05162873864173889,0.001078291330486536,0.0032911207526922226,0.03290524706244469,0.5124058127403259,0.049299851059913635,0.007209529168903828,0.16866306960582733
C:\Projects\TM470\data\processed\test\Boletus\0599_KA0H3vejy08.jpg,Boletus/0599_KA0H3vejy08.jpg,Boletus,Boletus,True,0.9117483496665955,0.0026915999987977,ResNet18_Corrected,test,3.988458774983883e-05,0.0030271303839981556,0.9117483496665955,0.004909501411020756,0.0001688408083282411,6.484243613158469e-07,0.005616673734039068,0.0014961156994104385,0.022636637091636658,0.0048371050506830215,0.04551909118890762
C:\Projects\TM470\data\processed\test\Boletus\0608_iR5VKlchysc.jpg,Boletus/0608_iR5VKlchysc.jpg,Boletus,Boletus,True,0.9909698367118835,0.0026274999981978,ResNet18_Corrected,test,0.00013970423606224358,0.00039211069815792143,0.9909698367118835,0.0006472481181845069,3.652982923085801e-05,2.6317471224501787e-07,6.629923882428557e-05,0.0005376044427976012,0.0017548613250255585,0.000993844005279243,0.004461703356355429
C:\Projects\TM470\data\processed\test\Boletus\0612_8lQr8TbwImc.jpg,Boletus/0612_8lQr8TbwImc.jpg,Boletus,Boletus,True,0.9953115582466125,0.0026219000064884,ResNet18_Corrected,test,2.360393864364596e-06,1.1778143743867986e-05,0.9953115582466125,0.0001484654058003798,1.786069816489544e-07,8.374194393478973e-11,1.2111707974327146e-06,4.7039623041200684e-07,0.0024090984370559454,0.000983041012659669,0.0011318493634462357
C:\Projects\TM470\data\processed\test\Boletus\0624_RmlDHXvJUeU.jpg,Boletus/0624_RmlDHXvJUeU.jpg,Boletus,Boletus,True,0.8155856728553772,0.0045042000056128,ResNet18_Corrected,test,0.0022379218135029078,0.008385206572711468,0.8155856728553772,0.0022591864690184593,0.0009213779703713953,4.405556524034182e-07,0.0008331716526299715,0.007168883923441172,0.037060994654893875,0.006890770513564348,0.11865644156932831
C:\Projects\TM470\data\processed\test\Boletus\0631_PJXNFQZc7n8.jpg,Boletus/0631_PJXNFQZc7n8.jpg,Boletus,Boletus,True,0.5783923864364624,0.0044817999951192,ResNet18_Corrected,test,0.00014590719365514815,0.016322452574968338,0.5783923864364624,0.012272992171347141,0.000455605098977685,6.149052296677837e-06,0.005844963248819113,0.029471758753061295,0.1616610288619995,0.04075298830866814,0.15467378497123718
C:\Projects\TM470\data\processed\test\Boletus\0632_Rc_3hYDbYqU.jpg,Boletus/0632_Rc_3hYDbYqU.jpg,Boletus,Boletus,True,0.2952415347099304,0.0044453000009525,ResNet18_Corrected,test,0.0001531461311969906,0.0006466246559284627,0.2952415347099304,0.010543880052864552,5.0468766858102754e-05,5.386198154155863e-07,0.00012951166718266904,0.008168469183146954,0.2793142795562744,0.19859597086906433,0.2071554958820343
C:\Projects\TM470\data\processed\test\Boletus\0635_-J_6XTsYZMA.jpg,Boletus/0635_-J_6XTsYZMA.jpg,Boletus,Boletus,True,0.4596654176712036,0.0042809000005945,ResNet18_Corrected,test,0.02977622114121914,0.0031665635760873556,0.4596654176712036,0.08424078673124313,0.011022131890058517,2.4747319002926815e-06,0.0002964674204122275,0.0002845313574653119,0.18833164870738983,0.19240352511405945,0.03081025555729866
C:\Projects\TM470\data\processed\test\Boletus\0645_l3ki0s-WOCU.jpg,Boletus/0645_l3ki0s-WOCU.jpg,Boletus,Lactarius,False,0.1593874841928482,0.0043661000017891,ResNet18_Corrected,test,0.01569187641143799,0.15567311644554138,0.059206388890743256,0.07761167734861374,0.09390855580568314,0.08676690608263016,0.1072150394320488,0.11172586679458618,0.1593874841928482,0.09530095756053925,0.03751214221119881
C:\Projects\TM470\data\processed\test\Boletus\0646_X-9LZJb_Mm8.jpg,Boletus/0646_X-9LZJb_Mm8.jpg,Boletus,Boletus,True,0.7577149271965027,0.0042410000023664,ResNet18_Corrected,test,6.8301560531836e-05,0.0060048652812838554,0.7577149271965027,0.050453826785087585,0.00015141922631300986,4.42170312453527e-06,0.00038269866490736604,0.0033035725355148315,0.12154920399188995,0.009907808154821396,0.05045900493860245
C:\Projects\TM470\data\processed\test\Boletus\0654_S0ZETeWMBPU.jpg,Boletus/0654_S0ZETeWMBPU.jpg,Boletus,Inocybe,False,0.4308203458786011,0.0042719000048236,ResNet18_Corrected,test,0.01981557533144951,0.1057421937584877,0.022705473005771637,0.012284777127206326,0.013950667344033718,0.0019573562312871218,0.00494329072535038,0.4308203458786011,0.07323653995990753,0.016887538135051727,0.29765623807907104
C:\Projects\TM470\data\processed\test\Boletus\0659_r1c48yLOmjA.jpg,Boletus/0659_r1c48yLOmjA.jpg,Boletus,Boletus,True,0.8495895266532898,0.004246399999829,ResNet18_Corrected,test,0.0006295290077105165,0.0012582758208736777,0.8495895266532898,0.033123575150966644,1.8125963833881542e-05,2.013722024685194e-07,0.00014852428284939378,0.011939413845539093,0.018125690519809723,0.0023637390695512295,0.08280345052480698
C:\Projects\TM470\data\processed\test\Boletus\0662_zLAxc0c9R_M.jpg,Boletus/0662_zLAxc0c9R_M.jpg,Boletus,Boletus,True,0.6842265129089355,0.0045067999963066,ResNet18_Corrected,test,9.685795521363616e-05,0.003632049076259136,0.6842265129089355,0.07693518698215485,0.0002910940966103226,0.00011559746053535491,0.017605282366275787,0.046871013939380646,0.02760912850499153,0.003914850763976574,0.1387023627758026
C:\Projects\TM470\data\processed\test\Boletus\0664_aAvZIRDPNUI.jpg,Boletus/0664_aAvZIRDPNUI.jpg,Boletus,Boletus,True,0.4940883219242096,0.004314500001783,ResNet18_Corrected,test,0.003254252253100276,0.04306543245911598,0.4940883219242096,0.12295625358819962,0.021192239597439766,0.0017170436913147569,0.036699701100587845,0.059510521590709686,0.10907043516635895,0.05901142209768295,0.04943433403968811
C:\Projects\TM470\data\processed\test\Boletus\0665_oAzt25TNZeQ.jpg,Boletus/0665_oAzt25TNZeQ.jpg,Boletus,Inocybe,False,0.5266433954238892,0.0042702000064309,ResNet18_Corrected,test,0.0016476891469210386,0.004558131564408541,0.3454189598560333,0.006862585432827473,0.0007959756185300648,0.0018100948072969913,0.00011123465083073825,0.5266433954238892,0.07829055935144424,0.004735906608402729,0.029125476256012917
C:\Projects\TM470\data\processed\test\Boletus\0670_K_TCbzxFUGM.jpg,Boletus/0670_K_TCbzxFUGM.jpg,Boletus,Boletus,True,0.6012684106826782,0.0042734000016935,ResNet18_Corrected,test,0.00022964627714827657,0.0011195578845217824,0.6012684106826782,0.003827954875305295,0.00018938984430860728,5.1012552404472444e-08,0.0004555597552098334,0.002142061246559024,0.16012455523014069,0.040582265704870224,0.190060555934906
C:\Projects\TM470\data\processed\test\Boletus\0684_vMnFJrCY0pg.jpg,Boletus/0684_vMnFJrCY0pg.jpg,Boletus,Lactarius,False,0.28717008233070374,0.0046385000023292,ResNet18_Corrected,test,0.016683809459209442,0.04343009367585182,0.103566974401474,0.2518468201160431,0.008790911175310612,0.007904303260147572,0.015846271067857742,0.08850166946649551,0.28717008233070374,0.1072220727801323,0.06903698295354843
C:\Projects\TM470\data\processed\test\Boletus\0686_HDMT9DDObck.jpg,Boletus/0686_HDMT9DDObck.jpg,Boletus,Russula,False,0.4461667537689209,0.0043207999988226,ResNet18_Corrected,test,0.0002864239504560828,7.6487340265885e-05,0.05270512402057648,0.006970055866986513,7.475677557522431e-05,5.94734842707112e-07,0.0004198825918138027,0.001405060407705605,0.418076753616333,0.4461667537689209,0.07381811738014221
C:\Projects\TM470\data\processed\test\Boletus\0687_OAh8DHQ9Ejw.jpg,Boletus/0687_OAh8DHQ9Ejw.jpg,Boletus,Boletus,True,0.9503751397132874,0.004284100003133,ResNet18_Corrected,test,0.0008328384137712419,0.005532477051019669,0.9503751397132874,0.011564597487449646,0.00011792580335168168,0.00015205108502414078,0.000589948205742985,0.003287620609626174,0.009692799299955368,0.012698979116976261,0.00515561830252409
C:\Projects\TM470\data\processed\test\Boletus\0691_aeOqhuNhZUo.jpg,Boletus/0691_aeOqhuNhZUo.jpg,Boletus,Boletus,True,0.4340502619743347,0.0042729000051622,ResNet18_Corrected,test,0.002915982622653246,0.023166058585047722,0.4340502619743347,0.0905967503786087,0.0010588479926809669,1.1465527677501086e-05,0.06420306116342545,0.02251332998275757,0.0925724059343338,0.04960659146308899,0.21930523216724396
C:\Projects\TM470\data\processed\test\Boletus\0694_ZGhTNFYpRF0.jpg,Boletus/0694_ZGhTNFYpRF0.jpg,Boletus,Lactarius,False,0.3597128093242645,0.0042022999987239,ResNet18_Corrected,test,0.0009360394324176013,0.0015679000644013286,0.012892434373497963,0.24194929003715515,0.000892479030881077,0.0009625935344956815,0.0054095154628157616,0.012495661154389381,0.3597128093242645,0.35263562202453613,0.010545622557401657
C:\Projects\TM470\data\processed\test\Boletus\0705_zAx-31wgOX8.jpg,Boletus/0705_zAx-31wgOX8.jpg,Boletus,Boletus,True,0.3453759253025055,0.0041784999993979,ResNet18_Corrected,test,0.0001612511114217341,0.0013331570662558079,0.3453759253025055,0.06664251536130905,0.00016261565906461328,9.952684649761068e-07,0.011513634584844112,0.005193866789340973,0.3087068200111389,0.11501062661409378,0.14589865505695343
C:\Projects\TM470\data\processed\test\Boletus\0706_O2coJ1bHNyI.jpg,Boletus/0706_O2coJ1bHNyI.jpg,Boletus,Cortinarius,False,0.4506480395793915,0.0024923000019043,ResNet18_Corrected,test,0.002170325256884098,0.0028758880216628313,0.14732424914836884,0.4506480395793915,0.0006262851529754698,0.0007681797142140567,0.01021652203053236,0.020299209281802177,0.22747115790843964,0.054565321654081345,0.08303478360176086
C:\Projects\TM470\data\processed\test\Boletus\0710_3W2LVW3vahA.jpg,Boletus/0710_3W2LVW3vahA.jpg,Boletus,Boletus,True,0.9808118343353271,0.0024947999991127,ResNet18_Corrected,test,5.940946357441135e-05,0.0005499444669112563,0.9808118343353271,0.0024487089831382036,3.132334313704632e-05,2.2214159400846256e-07,0.00032474895124323666,0.0004053075972478837,0.009641583077609539,0.0007308374624699354,0.004996130242943764
C:\Projects\TM470\data\processed\test\Boletus\0711_BeW-0Vt9hao.jpg,Boletus/0711_BeW-0Vt9hao.jpg,Boletus,Suillus,False,0.6939185857772827,0.0025842999966698,ResNet18_Corrected,test,0.0013926762621849775,0.006113145500421524,0.00312576605938375,0.20325055718421936,0.0006181455682963133,2.4377779936912702e-06,0.0030611222609877586,0.012930817902088165,0.05987146496772766,0.015715181827545166,0.6939185857772827
C:\Projects\TM470\data\processed\test\Boletus\0712_KcW299HdxJQ.jpg,Boletus/0712_KcW299HdxJQ.jpg,Boletus,Suillus,False,0.4637017250061035,0.0025184999976772,ResNet18_Corrected,test,0.00014519153046421707,0.013028989546000957,0.0504758358001709,0.15222592651844025,0.0003175013407599181,7.440064564434579e-06,0.06129877641797066,0.007109892088919878,0.2286287099123001,0.023060016334056854,0.4637017250061035
C:\Projects\TM470\data\processed\test\Boletus\0715_bpAousgaNak.jpg,Boletus/0715_bpAousgaNak.jpg,Boletus,Russula,False,0.35446882247924805,0.0051781000001938,ResNet18_Corrected,test,0.0036175563000142574,0.014623958617448807,0.017028160393238068,0.1699826568365097,0.009791838936507702,0.0004039616324007511,0.0050389403477311134,0.09775141626596451,0.24636296927928925,0.35446882247924805,0.08092980831861496
C:\Projects\TM470\data\processed\test\Boletus\0720_5nsuj2jRfF0.jpg,Boletus/0720_5nsuj2jRfF0.jpg,Boletus,Russula,False,0.3059996962547302,0.0043974000000162,ResNet18_Corrected,test,0.02799849584698677,0.1393330842256546,0.03390831500291824,0.04124665632843971,0.17962121963500977,0.009935084730386734,0.03807513788342476,0.045633915811777115,0.1607341319322586,0.3059996962547302,0.01751427911221981
C:\Projects\TM470\data\processed\test\Boletus\0731_6DJ6_aa-bZg.jpg,Boletus/0731_6DJ6_aa-bZg.jpg,Boletus,Suillus,False,0.40949222445487976,0.0045829000009689,ResNet18_Corrected,test,0.008688786998391151,0.001006757142022252,0.23942126333713531,0.050236862152814865,0.00036484241718426347,3.306116980184015e-07,0.0007025882368907332,0.001900471281260252,0.08375433832406998,0.20443154871463776,0.40949222445487976
C:\Projects\TM470\data\processed\test\Boletus\0754_zPtZnfibMT4.jpg,Boletus/0754_zPtZnfibMT4.jpg,Boletus,Amanita,False,0.3332517147064209,0.0044332999968901,ResNet18_Corrected,test,0.0037370326463133097,0.3332517147064209,0.21161434054374695,0.04076165705919266,0.0013188443845137954,4.5175504055805504e-05,0.010157248005270958,0.05915951728820801,0.18432527780532837,0.03427277132868767,0.12135640531778336
C:\Projects\TM470\data\processed\test\Boletus\0778_UbEygYYDhi4.jpg,Boletus/0778_UbEygYYDhi4.jpg,Boletus,Inocybe,False,0.4763822853565216,0.0043043999976362,ResNet18_Corrected,test,0.036134980618953705,0.024639133363962173,0.03935547173023224,0.059137776494026184,0.059177521616220474,0.1048157662153244,0.028390098363161087,0.4763822853565216,0.045914433896541595,0.08768823742866516,0.03836430236697197
C:\Projects\TM470\data\processed\test\Boletus\0779_x10CHNm1XGs.jpg,Boletus/0779_x10CHNm1XGs.jpg,Boletus,Boletus,True,0.8706895709037781,0.0025605000046198,ResNet18_Corrected,test,0.0033694584853947163,0.002224402502179146,0.8706895709037781,0.002779735717922449,4.547063872450963e-05,2.263532472568386e-08,3.3622534829191864e-05,6.299994129221886e-05,0.038372233510017395,0.07139048725366592,0.01103195734322071
C:\Projects\TM470\data\processed\test\Boletus\0789_HeUlbr2dIsk.jpg,Boletus/0789_HeUlbr2dIsk.jpg,Boletus,Lactarius,False,0.23216946423053741,0.0024956999986898,ResNet18_Corrected,test,0.013689892366528511,0.031930048018693924,0.21632151305675507,0.2307620793581009,0.005996876396238804,0.0035710353404283524,0.007728599477559328,0.05795080587267876,0.23216946423053741,0.15752653777599335,0.04235316812992096
C:\Projects\TM470\data\processed\test\Boletus\0790_pju1fCrxSyw.jpg,Boletus/0790_pju1fCrxSyw.jpg,Boletus,Amanita,False,0.733242392539978,0.0027136000062455,ResNet18_Corrected,test,0.0048508006148040295,0.733242392539978,0.06751629710197449,0.07706660777330399,0.00030366829014383256,3.1359006698039593e-06,0.0009083484765142202,0.005670601036399603,0.004714735317975283,0.0019155333284288645,0.10380783677101135
C:\Projects\TM470\data\processed\test\Boletus\0795_O2Z0CQUcDhg.jpg,Boletus/0795_O2Z0CQUcDhg.jpg,Boletus,Boletus,True,0.9025195837020874,0.0025361000007251,ResNet18_Corrected,test,0.00023289416276384145,0.00033915549283847213,0.9025195837020874,0.031077582389116287,0.0001178162929136306,2.166984671703176e-07,9.270942973671481e-05,0.0007617950323037803,0.025950875133275986,0.005271787755191326,0.03363552689552307
C:\Projects\TM470\data\processed\test\Boletus\0797_6dpBNM8twyA.jpg,Boletus/0797_6dpBNM8twyA.jpg,Boletus,Lactarius,False,0.47681987285614014,0.0025457000010646,ResNet18_Corrected,test,2.115596544172149e-05,0.0002909386530518532,0.03546898812055588,0.29383528232574463,0.005042204167693853,0.00015234561578836292,0.12098389118909836,0.013756738975644112,0.47681987285614014,0.0052848150953650475,0.04834374785423279
C:\Projects\TM470\data\processed\test\Boletus\0801_ulyFq_UWWzM.jpg,Boletus/0801_ulyFq_UWWzM.jpg,Boletus,Lactarius,False,0.4397006928920746,0.0027279999994789,ResNet18_Corrected,test,0.002183295786380768,0.10903816670179367,0.06756968051195145,0.1763218492269516,0.008112926967442036,0.0020169394556432962,0.020052719861268997,0.016828157007694244,0.4397006928920746,0.021191680803894997,0.13698388636112213
C:\Projects\TM470\data\processed\test\Boletus\0802_MWtsI0EKttw.jpg,Boletus/0802_MWtsI0EKttw.jpg,Boletus,Amanita,False,0.565732479095459,0.0026948000013362,ResNet18_Corrected,test,0.016679029911756516,0.565732479095459,0.3145785927772522,0.013430040329694748,0.0004774690605700016,1.5389600775961298e-06,0.00025927723618224263,0.002960355719551444,0.008010023273527622,0.004383341409265995,0.07348781079053879
C:\Projects\TM470\data\processed\test\Boletus\0807_Iqw2hN_b0s8.jpg,Boletus/0807_Iqw2hN_b0s8.jpg,Boletus,Boletus,True,0.5138186812400818,0.0026956000001518,ResNet18_Corrected,test,0.0042666788212955,0.012865257449448109,0.5138186812400818,0.027300449088215828,0.026953810825943947,0.00019940760103054345,0.0021305205300450325,0.01702781207859516,0.23347003757953644,0.10478893667459488,0.05717843025922775
C:\Projects\TM470\data\processed\test\Boletus\0811_7t2BE3xOyek.jpg,Boletus/0811_7t2BE3xOyek.jpg,Boletus,Russula,False,0.3499866724014282,0.0025910999975167,ResNet18_Corrected,test,0.011097175069153309,0.0014324430376291275,0.2764979898929596,0.021625995635986328,8.178823190974072e-05,1.3705685830700531e-07,0.0001631465565878898,0.0022681697737425566,0.1908978670835495,0.3499866724014282,0.1459486484527588
C:\Projects\TM470\data\processed\test\Boletus\0813_mXb_8YjMI_8.jpg,Boletus/0813_mXb_8YjMI_8.jpg,Boletus,Suillus,False,0.5297192335128784,0.0025262999988626,ResNet18_Corrected,test,0.002307783579453826,0.003334206296131015,0.08561548590660095,0.0849306508898735,0.0008773014997132123,6.958203812246211e-06,0.0023596985265612602,0.07542049884796143,0.1926523894071579,0.022775813937187195,0.5297192335128784
C:\Projects\TM470\data\processed\test\Boletus\0829_dHV6v4tZvMk.jpg,Boletus/0829_dHV6v4tZvMk.jpg,Boletus,Boletus,True,0.7509300708770752,0.0025440000026719,ResNet18_Corrected,test,0.0002192031970480457,0.014339396730065346,0.7509300708770752,0.05218736082315445,0.0004519499489106238,3.289868982392363e-05,0.027524687349796295,0.011041209101676941,0.07142336666584015,0.015057988464832306,0.05679190531373024
C:\Projects\TM470\data\processed\test\Boletus\0832_XCzDV_JY6_M.jpg,Boletus/0832_XCzDV_JY6_M.jpg,Boletus,Boletus,True,0.7005683183670044,0.0025163000027532,ResNet18_Corrected,test,0.011800728738307953,0.03900395333766937,0.7005683183670044,0.01174801867455244,0.005587260704487562,4.295967755751917e-06,0.0021868429612368345,0.006131660658866167,0.055596016347408295,0.0218189749866724,0.14555390179157257
C:\Projects\TM470\data\processed\test\Boletus\0833_lwqKJywKCCc.jpg,Boletus/0833_lwqKJywKCCc.jpg,Boletus,Boletus,True,0.8625259399414062,0.0025079000042751,ResNet18_Corrected,test,0.0006145713850855827,0.005014750640839338,0.8625259399414062,0.011338327080011368,0.0006085498025640845,2.4378534817515174e-06,0.010899876244366169,0.0037053071428090334,0.025433827191591263,0.008174536749720573,0.07168185710906982
C:\Projects\TM470\data\processed\test\Boletus\0836_FkYdaUI06h0.jpg,Boletus/0836_FkYdaUI06h0.jpg,Boletus,Exidia,False,0.8793317675590515,0.0025433999981032,ResNet18_Corrected,test,0.0006819809786975384,0.03134467452764511,0.0016411065589636564,0.003798013785853982,0.004530264064669609,0.8793317675590515,0.0005303215584717691,0.0700036883354187,0.0063973902724683285,0.0005201369058340788,0.0012206583051010966
C:\Projects\TM470\data\processed\test\Boletus\0839__L3OdEzm-GA.jpg,Boletus/0839__L3OdEzm-GA.jpg,Boletus,Lactarius,False,0.30309027433395386,0.0040594999954919,ResNet18_Corrected,test,0.014078334905207157,0.0034576416946947575,0.22325581312179565,0.12309156358242035,0.02566363848745823,3.6993860703660175e-05,0.010018609464168549,0.00047743332106620073,0.30309027433395386,0.2335575520992279,0.06327203661203384
C:\Projects\TM470\data\processed\test\Boletus\0841_7XAXHIAG0d8.jpg,Boletus/0841_7XAXHIAG0d8.jpg,Boletus,Boletus,True,0.5172091126441956,0.0043949999962933,ResNet18_Corrected,test,0.009018230251967907,0.006002068053930998,0.5172091126441956,0.07276247441768646,0.0010380211751908064,9.5264935225714e-05,0.005359166767448187,0.0020752334967255592,0.10766502469778061,0.1990751028060913,0.07970036566257477
C:\Projects\TM470\data\processed\test\Boletus\0857_lvu1iJAnbvg.jpg,Boletus/0857_lvu1iJAnbvg.jpg,Boletus,Boletus,True,0.9829427003860474,0.0043196000042371,ResNet18_Corrected,test,0.00035201499122194946,0.000634720257949084,0.9829427003860474,0.0006156922318041325,0.00036099087446928024,2.990502423472208e-08,5.846226031280821e-06,1.3359879631025251e-05,0.0034665605053305626,0.008820311166346073,0.0027877609245479107
C:\Projects\TM470\data\processed\test\Boletus\0859_z4K-tiR_PP0.jpg,Boletus/0859_z4K-tiR_PP0.jpg,Boletus,Boletus,True,0.5755226612091064,0.002502800001821,ResNet18_Corrected,test,0.006166620645672083,0.003446059301495552,0.5755226612091064,0.07849812507629395,0.0002847173309419304,1.954584149643779e-06,0.0031145678367465734,0.00019925972446799278,0.04600103572010994,0.2636992931365967,0.023065676912665367
C:\Projects\TM470\data\processed\test\Boletus\0867_ExxTC0iGbxI.jpg,Boletus/0867_ExxTC0iGbxI.jpg,Boletus,Amanita,False,0.22235378623008728,0.0032006000037654,ResNet18_Corrected,test,0.029765605926513672,0.22235378623008728,0.03764956817030907,0.05485689640045166,0.13141077756881714,0.004734985530376434,0.13109560310840607,0.11416905373334885,0.10012567043304443,0.12790939211845398,0.04592868313193321
C:\Projects\TM470\data\processed\test\Boletus\0870_BxgSujm7-C8.jpg,Boletus/0870_BxgSujm7-C8.jpg,Boletus,Boletus,True,0.36465707421302795,0.0041866000028676,ResNet18_Corrected,test,0.0018679460044950247,0.0012285703560337424,0.36465707421302795,0.01818670704960823,0.0009060496231541038,7.209066410496234e-08,0.00034008498187176883,0.00014828448183834553,0.2971019148826599,0.2041354775428772,0.11142786592245102
C:\Projects\TM470\data\processed\test\Boletus\0876_Sizxg8ymXLI.jpg,Boletus/0876_Sizxg8ymXLI.jpg,Boletus,Boletus,True,0.23800121247768402,0.0042866000003414,ResNet18_Corrected,test,0.01583438366651535,0.029330627992749214,0.23800121247768402,0.09627050906419754,0.030153470113873482,0.001399459782987833,0.017926855012774467,0.05337010324001312,0.16687718033790588,0.2155264914035797,0.13530966639518738
C:\Projects\TM470\data\processed\test\Boletus\0883_LcmFTebwKmA.jpg,Boletus/0883_LcmFTebwKmA.jpg,Boletus,Boletus,True,0.9901854991912842,0.0042118999990634,ResNet18_Corrected,test,0.0003971697296947241,0.0002791395236272365,0.9901854991912842,0.00031474808929488063,6.52357266517356e-06,3.987456409504375e-08,1.4402790839085355e-05,0.00020805583335459232,0.004813377279788256,0.0016272098291665316,0.0021537630818784237
C:\Projects\TM470\data\processed\test\Boletus\0891_9qHx98xefUQ.jpg,Boletus/0891_9qHx98xefUQ.jpg,Boletus,Boletus,True,0.9517976641654968,0.0042164999977103,ResNet18_Corrected,test,0.002447910839691758,0.02449181117117405,0.9517976641654968,0.0020139096304774284,0.00028707418823614717,3.5634775485959835e-06,0.00029045867267996073,0.0020622764714062214,0.006882093846797943,0.004308145958930254,0.0054150833748281
C:\Projects\TM470\data\processed\test\Boletus\0904_qppYGFqfqYg.jpg,Boletus/0904_qppYGFqfqYg.jpg,Boletus,Boletus,True,0.9960677623748779,0.0041853000002447,ResNet18_Corrected,test,0.000262956484220922,0.0005998564301989973,0.9960677623748779,0.0002014435303863138,1.8666901269170921e-06,2.2866921689512765e-09,2.5399385776836425e-06,1.6026198863983154e-05,0.0006224289536476135,0.0012219990603625774,0.0010030919220298529
C:\Projects\TM470\data\processed\test\Boletus\0907_JUjr6H_B0Xo.jpg,Boletus/0907_JUjr6H_B0Xo.jpg,Boletus,Lactarius,False,0.36797094345092773,0.0042065000016009,ResNet18_Corrected,test,0.00047143056872300804,0.0008915769285522401,0.24414566159248352,0.008567513898015022,0.00034846446942538023,2.0909399722768285e-07,2.684839500943781e-06,0.004985243082046509,0.36797094345092773,0.23673324286937714,0.13588307797908783
C:\Projects\TM470\data\processed\test\Boletus\0910_gk8EFVec-aU.jpg,Boletus/0910_gk8EFVec-aU.jpg,Boletus,Boletus,True,0.8876902461051941,0.0041406000018469,ResNet18_Corrected,test,0.0006914264522492886,0.0034443275071680546,0.8876902461051941,0.0026694361586123705,0.0005678283632732928,5.714913413612521e-07,0.00044692427036352456,0.0017141405260190368,0.027690153568983078,0.04912818968296051,0.02595684677362442
C:\Projects\TM470\data\processed\test\Boletus\0920_Mj9Gr-R_eJg.jpg,Boletus/0920_Mj9Gr-R_eJg.jpg,Boletus,Boletus,True,0.9980231523513794,0.0042297000036342,ResNet18_Corrected,test,7.270489732036367e-06,0.00011568914487725124,0.9980231523513794,0.00015933372196741402,1.3547402204494574e-06,1.7313951383712833e-09,1.215456563841144e-06,9.580038749845698e-06,0.00030922310543246567,0.0002483677526470274,0.0011247447691857815
C:\Projects\TM470\data\processed\test\Boletus\0927_GeTz3gpfOCA.jpg,Boletus/0927_GeTz3gpfOCA.jpg,Boletus,Russula,False,0.6239711046218872,0.0042890999975497,ResNet18_Corrected,test,0.10849470645189285,0.021356234326958656,0.06528612226247787,0.006157577503472567,0.004546063020825386,5.486838745127898e-06,8.771276043262333e-05,0.003153011901304126,0.15268829464912415,0.6239711046218872,0.014253659173846245
C:\Projects\TM470\data\processed\test\Boletus\0939_Uu9bT1-H4ZE.jpg,Boletus/0939_Uu9bT1-H4ZE.jpg,Boletus,Boletus,True,0.9498365521430969,0.0041037999981199,ResNet18_Corrected,test,0.0014386657858267426,0.012455265037715435,0.9498365521430969,0.000855535501614213,3.023314638994634e-05,9.124252642322972e-08,4.548518063529627e-06,5.234880882198922e-05,0.006445141509175301,0.026681074872612953,0.002200477523729205
C:\Projects\TM470\data\processed\test\Boletus\0941_CD55o3j2ACk.jpg,Boletus/0941_CD55o3j2ACk.jpg,Boletus,Russula,False,0.9293563961982727,0.0041144999995594,ResNet18_Corrected,test,0.009376570582389832,0.0007868052343837917,0.009605138562619686,0.00030290608992800117,0.002061116276308894,1.739421584545653e-08,2.493147985660471e-05,2.4068582206382416e-05,0.047300733625888824,0.9293563961982727,0.0011613658862188458
C:\Projects\TM470\data\processed\test\Boletus\0943_7_qx73pcT5M.jpg,Boletus/0943_7_qx73pcT5M.jpg,Boletus,Boletus,True,0.9980332255363464,0.004126300002099,ResNet18_Corrected,test,4.775722118210979e-05,0.001147631322965026,0.9980332255363464,0.0001529081055196002,5.630012765323045e-06,2.3137682880758348e-09,2.9896824571551406e-07,4.589770014717942e-06,0.00013464834773913026,0.00016422411135863513,0.0003090749669354409
C:\Projects\TM470\data\processed\test\Boletus\0944_uchnyCbCU8o.jpg,Boletus/0944_uchnyCbCU8o.jpg,Boletus,Amanita,False,0.37856265902519226,0.0041473999954178,ResNet18_Corrected,test,0.13069646060466766,0.37856265902519226,0.1392384171485901,0.005744150839745998,0.025845076888799667,4.2898623178189155e-06,0.014604884199798107,0.0006114155985414982,0.1817433089017868,0.1001448854804039,0.022804539650678635
C:\Projects\TM470\data\processed\test\Boletus\0951_12IsIr7KDL0.jpg,Boletus/0951_12IsIr7KDL0.jpg,Boletus,Boletus,True,0.9954386353492737,0.0043007999993278,ResNet18_Corrected,test,9.485333430347964e-05,0.0002428090083412826,0.9954386353492737,0.0001589439925737679,1.0706218745326623e-05,3.979409246568366e-09,2.947215989479446e-06,9.175535524263978e-05,0.0008283703937195241,0.0006799165857955813,0.0024510074872523546
C:\Projects\TM470\data\processed\test\Boletus\0953_JtmTQxMa4yM.jpg,Boletus/0953_JtmTQxMa4yM.jpg,Boletus,Boletus,True,0.8125513792037964,0.0041964999982155,ResNet18_Corrected,test,0.0023096075747162104,0.15385153889656067,0.8125513792037964,0.0069038281217217445,9.082853648578748e-05,3.673453102237545e-05,1.7125687008956447e-05,0.0020948369055986404,0.0065122488886117935,0.012698263861238956,0.0029335685539990664
C:\Projects\TM470\data\processed\test\Boletus\0954_UdQ21bvT_YM.jpg,Boletus/0954_UdQ21bvT_YM.jpg,Boletus,Boletus,True,0.6439732313156128,0.0041749000010895,ResNet18_Corrected,test,0.010731613263487816,0.0662960484623909,0.6439732313156128,0.008032392710447311,0.030442116782069206,0.0045776162296533585,0.0015826993621885777,0.04565839841961861,0.037923071533441544,0.11381104588508606,0.03697169944643974
C:\Projects\TM470\data\processed\test\Boletus\0974_ZIsylb_w8NE.jpg,Boletus/0974_ZIsylb_w8NE.jpg,Boletus,Boletus,True,0.7549383044242859,0.0042746999970404,ResNet18_Corrected,test,0.0009391564526595175,0.0006181705393828452,0.7549383044242859,0.001397957792505622,9.640569624025375e-05,4.365966788100195e-08,1.4478538105322514e-05,8.206061465898529e-05,0.02518821507692337,0.21311870217323303,0.003606511978432536
C:\Projects\TM470\data\processed\test\Boletus\0981_Q5GmJS_vei8.jpg,Boletus/0981_Q5GmJS_vei8.jpg,Boletus,Boletus,True,0.9280927181243896,0.0041636000023572,ResNet18_Corrected,test,0.001242222497239709,0.0016945424722507596,0.9280927181243896,0.013760152272880077,0.0005673957639373839,0.0001280875294469297,0.0008451637113466859,0.004642380401492119,0.03119668923318386,0.008558820933103561,0.009271867573261261
C:\Projects\TM470\data\processed\test\Boletus\0987_JvKLOKW8WFA.jpg,Boletus/0987_JvKLOKW8WFA.jpg,Boletus,Cortinarius,False,0.30783960223197937,0.0042532000006758,ResNet18_Corrected,test,0.00026691737002693117,0.014422214590013027,0.05042612552642822,0.30783960223197937,0.00024319773365277797,1.123326819651993e-05,0.14750470221042633,0.005297511350363493,0.1350812166929245,0.2705206274986267,0.06838667392730713
C:\Projects\TM470\data\processed\test\Boletus\0988_R0RNuJ8IqBI.jpg,Boletus/0988_R0RNuJ8IqBI.jpg,Boletus,Boletus,True,0.6592602729797363,0.0043660000010277,ResNet18_Corrected,test,0.0007228816975839436,0.0004638112150132656,0.6592602729797363,0.048027586191892624,1.8781083781505004e-05,3.6838932260252477e-07,0.00118794955778867,0.0005586958723142743,0.1196991354227066,0.10487258434295654,0.06518793106079102
C:\Projects\TM470\data\processed\test\Boletus\1021_SyO8BpGSVjw.jpg,Boletus/1021_SyO8BpGSVjw.jpg,Boletus,Russula,False,0.49069225788116455,0.0043076000001747,ResNet18_Corrected,test,5.496120866155252e-05,5.361445801099762e-05,0.03989125415682793,0.1059512048959732,2.204649535997305e-05,8.369990922574289e-09,0.013856385834515095,0.00017180212307721376,0.23111186921596527,0.49069225788116455,0.11819460242986679
C:\Projects\TM470\data\processed\test\Boletus\1032_tYL581WPzXU.jpg,Boletus/1032_tYL581WPzXU.jpg,Boletus,Boletus,True,0.998584508895874,0.004210699997202,ResNet18_Corrected,test,2.67446125690185e-06,2.606870111776516e-06,0.998584508895874,4.276310937711969e-05,3.458427784153173e-07,3.8059452811545214e-10,3.601526259444654e-07,9.057108400156721e-06,0.0003966340736951679,0.0005237944424152374,0.00043736628140322864
C:\Projects\TM470\data\processed\test\Boletus\1036_4kWl9z7sQIY.jpg,Boletus/1036_4kWl9z7sQIY.jpg,Boletus,Inocybe,False,0.7835725545883179,0.0043109000034746,ResNet18_Corrected,test,0.002340043894946575,0.012211330235004425,0.05732196569442749,0.022164855152368546,0.0013066380051895976,0.007524766959249973,0.04832405224442482,0.7835725545883179,0.012546674348413944,0.012829501181840897,0.039857663214206696
C:\Projects\TM470\data\processed\test\Boletus\1040_i_rg9l4rqjw.jpg,Boletus/1040_i_rg9l4rqjw.jpg,Boletus,Boletus,True,0.8909695148468018,0.0044414000003598,ResNet18_Corrected,test,0.00018763290427159518,0.0014775384915992618,0.8909695148468018,0.005916133988648653,2.8512527933344245e-05,8.649235994084847e-09,0.0013115719193592668,0.0011524114524945617,0.03896865248680115,0.012986172921955585,0.04700178653001785
C:\Projects\TM470\data\processed\test\Boletus\1051_Q0ltVKrZhcQ.jpg,Boletus/1051_Q0ltVKrZhcQ.jpg,Boletus,Boletus,True,0.9048336744308472,0.0042667999950936,ResNet18_Corrected,test,0.004883415997028351,0.021763110533356667,0.9048336744308472,0.001438927836716175,0.0002891526964958757,0.0001367818476865068,0.00015506155614275485,0.03017612360417843,0.017075542360544205,0.00868877675384283,0.010559405200183392
C:\Projects\TM470\data\processed\test\Boletus\1055_1FFlybCSCAU.jpg,Boletus/1055_1FFlybCSCAU.jpg,Boletus,Boletus,True,0.921898603439331,0.0041411999991396,ResNet18_Corrected,test,0.0019441311014816165,0.008824218064546585,0.921898603439331,0.007086161524057388,0.0009656287147663534,7.818557605787646e-06,0.0013320720754563808,0.0016182300169020891,0.02119763195514679,0.027818214148283005,0.007307263091206551
C:\Projects\TM470\data\processed\test\Boletus\1057_Y7n8VqlTW3g.jpg,Boletus/1057_Y7n8VqlTW3g.jpg,Boletus,Boletus,True,0.8807712197303772,0.0042805999983102,ResNet18_Corrected,test,0.006262177601456642,0.006179509684443474,0.8807712197303772,0.02381172776222229,0.004782585892826319,0.00013090315042063594,0.0012994022108614445,0.013206718489527702,0.04455612227320671,0.008471077308058739,0.01052848994731903
C:\Projects\TM470\data\processed\test\Boletus\1065_eMY4Zsr_msU.jpg,Boletus/1065_eMY4Zsr_msU.jpg,Boletus,Boletus,True,0.37105244398117065,0.0025183999969158,ResNet18_Corrected,test,0.045407481491565704,0.009555438533425331,0.37105244398117065,0.03518032655119896,0.0020297556184232235,0.0005438221269287169,0.005140834022313356,0.016382230445742607,0.24125738441944122,0.17320339381694794,0.1002468541264534
C:\Projects\TM470\data\processed\test\Boletus\1077_JAOBSnuV9zc.jpg,Boletus/1077_JAOBSnuV9zc.jpg,Boletus,Lactarius,False,0.5363954305648804,0.0027349999945727,ResNet18_Corrected,test,8.941087435232475e-05,0.00018278759671375155,0.10585420578718185,0.10672711580991745,7.013035065028816e-05,5.344881515156885e-07,0.004072675947099924,0.0014401092194020748,0.5363954305648804,0.08658988028764725,0.15857774019241333
C:\Projects\TM470\data\processed\test\Boletus\1081_S9BZwG4wmiU.jpg,Boletus/1081_S9BZwG4wmiU.jpg,Boletus,Boletus,True,0.6389138698577881,0.002895300000091,ResNet18_Corrected,test,0.00033262197393924,0.0005770060233771801,0.6389138698577881,0.12949226796627045,0.00017754020518623292,2.7861282433150336e-05,0.020020509138703346,0.003763878019526601,0.13498367369174957,0.030415670946240425,0.041295092552900314
C:\Projects\TM470\data\processed\test\Boletus\1086_9A85NgFJxzc.jpg,Boletus/1086_9A85NgFJxzc.jpg,Boletus,Boletus,True,0.8941136002540588,0.0030264000015449,ResNet18_Corrected,test,0.0008426629938185215,0.0002720648772083223,0.8941136002540588,0.014501425437629223,0.0004050547431688756,0.00018826451560016721,1.712900666461792e-05,0.02222212217748165,0.05362240597605705,0.008595137856900692,0.005220052786171436
C:\Projects\TM470\data\processed\test\Boletus\1087_POSIDmOc7AE.jpg,Boletus/1087_POSIDmOc7AE.jpg,Boletus,Boletus,True,0.9794273376464844,0.0031682999979238,ResNet18_Corrected,test,0.0010052138241007924,0.010454903356730938,0.9794273376464844,0.0007457114406861365,5.0281330914003775e-05,1.2355958460830152e-06,4.959979560226202e-05,0.0008047173032537103,0.0011168477358296514,0.0019359722500666976,0.004408133216202259
C:\Projects\TM470\data\processed\test\Boletus\1095_fb3O6d7sRfw.jpg,Boletus/1095_fb3O6d7sRfw.jpg,Boletus,Entoloma,False,0.5310161113739014,0.0031271999978343,ResNet18_Corrected,test,0.02805337682366371,0.02374282106757164,0.1009380966424942,0.06659051775932312,0.5310161113739014,0.0001130084929172881,0.04156413674354553,0.0010040238266810775,0.1388200968503952,0.028846371918916702,0.03931137174367905
C:\Projects\TM470\data\processed\test\Cortinarius\032_RaRNWCMOeJY.jpg,Cortinarius/032_RaRNWCMOeJY.jpg,Cortinarius,Lactarius,False,0.6788243055343628,0.0052604999946197,ResNet18_Corrected,test,0.0006318807718344033,0.0014626940246671438,0.035870447754859924,0.15335699915885925,0.0005507241003215313,0.0002445796853862703,0.017050938680768013,0.05127333849668503,0.6788243055343628,0.020916549488902092,0.03981746360659599
C:\Projects\TM470\data\processed\test\Cortinarius\034_uFEs0KR55hA.jpg,Cortinarius/034_uFEs0KR55hA.jpg,Cortinarius,Boletus,False,0.6355728507041931,0.003277200004959,ResNet18_Corrected,test,0.0021407688036561012,0.00176519644446671,0.6355728507041931,0.1220618337392807,0.0034617208875715733,0.001294808811508119,0.0018145102076232433,0.01793471723794937,0.1305026262998581,0.02442360669374466,0.05902732163667679
C:\Projects\TM470\data\processed\test\Cortinarius\047_a4t7zntIs3E.jpg,Cortinarius/047_a4t7zntIs3E.jpg,Cortinarius,Russula,False,0.4869273900985718,0.0030637000018032,ResNet18_Corrected,test,0.1471017301082611,0.017659585922956467,0.0013764812611043453,0.19387854635715485,0.031160837039351463,0.0019733249209821224,0.0003535325522534549,0.011122634634375572,0.10262658447027206,0.4869273900985718,0.00581932719796896
C:\Projects\TM470\data\processed\test\Cortinarius\051_BcBgKIXkPFY.jpg,Cortinarius/051_BcBgKIXkPFY.jpg,Cortinarius,Cortinarius,True,0.6021754741668701,0.0030077999981585,ResNet18_Corrected,test,0.005821011960506439,0.0005209706723690033,0.0015514069236814976,0.6021754741668701,0.01635172963142395,0.03848257660865784,0.0007467629620805383,0.2911459803581238,0.030391620472073555,0.010023355484008789,0.002789067104458809
C:\Projects\TM470\data\processed\test\Cortinarius\062_lU35GQ80D6k.jpg,Cortinarius/062_lU35GQ80D6k.jpg,Cortinarius,Exidia,False,0.8700344562530518,0.0028266000008443,ResNet18_Corrected,test,0.0023777910973876715,0.018582452088594437,0.0012243842938914895,0.04600406438112259,0.012693815864622593,0.8700344562530518,0.000998615869320929,0.025753235444426537,0.017354603856801987,0.004316504113376141,0.0006600224296562374
C:\Projects\TM470\data\processed\test\Cortinarius\068_eKtLmKWRhYQ.jpg,Cortinarius/068_eKtLmKWRhYQ.jpg,Cortinarius,Cortinarius,True,0.4688122570514679,0.0027794999987236,ResNet18_Corrected,test,0.00035125997965224087,0.001531512476503849,1.6764419342507608e-05,0.4688122570514679,0.0005574882961809635,2.0968660464859568e-05,0.015849091112613678,0.27743929624557495,0.026670079678297043,0.011802058666944504,0.19694919884204865
C:\Projects\TM470\data\processed\test\Cortinarius\074_QZm5I2faj7M.jpg,Cortinarius/074_QZm5I2faj7M.jpg,Cortinarius,Suillus,False,0.6124925017356873,0.0027048999982071,ResNet18_Corrected,test,8.748417167225853e-05,0.043039437383413315,0.007599941920489073,0.21347160637378693,1.3105746802466456e-05,1.583687208039919e-07,0.0007464546361006796,0.013338920660316944,0.048158254474401474,0.061052095144987106,0.6124925017356873
C:\Projects\TM470\data\processed\test\Cortinarius\082_igjSlbVXbAs.jpg,Cortinarius/082_igjSlbVXbAs.jpg,Cortinarius,Cortinarius,True,0.38667991757392883,0.0025845999989542,ResNet18_Corrected,test,0.07394864410161972,0.008163215592503548,0.0023655712138861418,0.38667991757392883,0.016991959884762764,0.013995230197906494,0.013110550120472908,0.07559029012918472,0.13199152052402496,0.2606406509876251,0.016522470861673355
C:\Projects\TM470\data\processed\test\Cortinarius\083_Fx67B3DmN3Y.jpg,Cortinarius/083_Fx67B3DmN3Y.jpg,Cortinarius,Cortinarius,True,0.5574108958244324,0.0025311999997938,ResNet18_Corrected,test,0.010733230039477348,0.0006954912096261978,1.3447905985231046e-05,0.5574108958244324,0.16149944067001343,0.008779044263064861,0.0033899240661412477,0.22442620992660522,0.024785691872239113,0.0016408945666626096,0.006625727284699678
C:\Projects\TM470\data\processed\test\Cortinarius\089_pSC0tp3Vin8.jpg,Cortinarius/089_pSC0tp3Vin8.jpg,Cortinarius,Entoloma,False,0.29232969880104065,0.0026251000017509,ResNet18_Corrected,test,0.17130213975906372,0.1220664530992508,0.008115993812680244,0.09037578105926514,0.29232969880104065,0.039128873497247696,0.01909649930894375,0.024251524358987808,0.07323469966650009,0.14793623983860016,0.012162070721387863
C:\Projects\TM470\data\processed\test\Cortinarius\092_TIq_EZUYHvE.jpg,Cortinarius/092_TIq_EZUYHvE.jpg,Cortinarius,Amanita,False,0.6447049379348755,0.0026938000009977,ResNet18_Corrected,test,0.2170242816209793,0.6447049379348755,0.0022817645221948624,0.022452177479863167,0.06882336735725403,2.229761958005838e-05,0.007925727404654026,0.001038132468238473,0.010938598774373531,0.004523433744907379,0.02026531845331192
C:\Projects\TM470\data\processed\test\Cortinarius\098_9sdVyNK9pSI.jpg,Cortinarius/098_9sdVyNK9pSI.jpg,Cortinarius,Hygrocybe,False,0.4343007802963257,0.0027602999980445,ResNet18_Corrected,test,2.905702785938047e-05,0.006605114322155714,0.0025461548939347267,0.1006215363740921,0.0013835766585543752,0.000601105741225183,0.4343007802963257,0.24320785701274872,0.0989311933517456,0.0015857709804549813,0.11018785089254379
C:\Projects\TM470\data\processed\test\Cortinarius\106_zDyFzio3OcI.jpg,Cortinarius/106_zDyFzio3OcI.jpg,Cortinarius,Suillus,False,0.4778108596801758,0.0026183000009041,ResNet18_Corrected,test,3.876136906910688e-05,0.010443787090480328,0.19738073647022247,0.24787402153015137,5.7520330301485956e-05,4.830727448279504e-06,0.037120234221220016,0.0033119278959929943,0.0252174511551857,0.0007398923044092953,0.4778108596801758
C:\Projects\TM470\data\processed\test\Cortinarius\120_6i3qL8_7_cU.jpg,Cortinarius/120_6i3qL8_7_cU.jpg,Cortinarius,Russula,False,0.5118427276611328,0.0026096000001416,ResNet18_Corrected,test,0.0015722607495263219,0.023142578080296516,0.009897401556372643,0.200720876455307,0.010323739610612392,0.0005208580987527966,0.01725529320538044,0.016859130933880806,0.16151535511016846,0.5118427276611328,0.04634981229901314
C:\Projects\TM470\data\processed\test\Cortinarius\139_Sa-XUtLlV4s.jpg,Cortinarius/139_Sa-XUtLlV4s.jpg,Cortinarius,Cortinarius,True,0.5137355923652649,0.0026265000051353,ResNet18_Corrected,test,0.0005879077943973243,0.02677786909043789,0.006555262487381697,0.5137355923652649,0.0004501867515500635,0.00010603053669910878,0.019160840660333633,0.17803601920604706,0.11075975745916367,0.004785656929016113,0.13904480636119843
C:\Projects\TM470\data\processed\test\Cortinarius\142_UT29eeWW32A.jpg,Cortinarius/142_UT29eeWW32A.jpg,Cortinarius,Russula,False,0.33509349822998047,0.0025468999956501,ResNet18_Corrected,test,0.09271840006113052,0.03306238725781441,0.024160198867321014,0.034969329833984375,0.07280963659286499,0.004521152935922146,0.021557552739977837,0.07500825822353363,0.2138734757900238,0.33509349822998047,0.0922260656952858
C:\Projects\TM470\data\processed\test\Cortinarius\143_SrOlFvP1n9w.jpg,Cortinarius/143_SrOlFvP1n9w.jpg,Cortinarius,Cortinarius,True,0.3454781174659729,0.0026280000020051,ResNet18_Corrected,test,0.012558615766465664,0.05114152655005455,0.06735352426767349,0.3454781174659729,0.014979472383856773,0.011426915414631367,0.053906138986349106,0.11156336963176727,0.09823785722255707,0.039013683795928955,0.1943407654762268
C:\Projects\TM470\data\processed\test\Cortinarius\146_N9FJKoJghDQ.jpg,Cortinarius/146_N9FJKoJghDQ.jpg,Cortinarius,Lactarius,False,0.40774041414260864,0.0026440000001457,ResNet18_Corrected,test,6.693509203614667e-05,0.0004521658120211214,0.006601326167583466,0.3079410791397095,0.0008071472984738648,0.0030117190908640623,0.054092731326818466,0.1695515215396881,0.40774041414260864,0.0012426534667611122,0.048492319881916046
C:\Projects\TM470\data\processed\test\Cortinarius\147_gh5SUGxwpmg.jpg,Cortinarius/147_gh5SUGxwpmg.jpg,Cortinarius,Inocybe,False,0.35362234711647034,0.0026098000016645,ResNet18_Corrected,test,0.000582898675929755,0.005866438150405884,0.006674693897366524,0.2601577639579773,0.0009979094611480832,0.0020693251863121986,0.09598619490861893,0.35362234711647034,0.08091305196285248,0.0017030442832037807,0.1914263516664505
C:\Projects\TM470\data\processed\test\Cortinarius\148_NRYh_CNOe0Q.jpg,Cortinarius/148_NRYh_CNOe0Q.jpg,Cortinarius,Cortinarius,True,0.7684755921363831,0.002691000001505,ResNet18_Corrected,test,0.0011379140196368098,5.5271986639127135e-05,4.404756964504486e-06,0.7684755921363831,0.0005061677657067776,8.516348515286154e-08,0.02856570854783058,0.0005408906727097929,0.044601671397686005,0.05355396866798401,0.10255840420722961
C:\Projects\TM470\data\processed\test\Cortinarius\162_vx8DyMaDNbY.jpg,Cortinarius/162_vx8DyMaDNbY.jpg,Cortinarius,Cortinarius,True,0.47634732723236084,0.0025968000045395,ResNet18_Corrected,test,0.005768548231571913,0.0004263433220330626,0.0011155711254104972,0.47634732723236084,0.022426720708608627,0.00016171042807400227,0.012028152123093605,0.0023337870370596647,0.292697936296463,0.11554325371980667,0.07115060091018677
C:\Projects\TM470\data\processed\test\Cortinarius\172_RQpuklei93E.jpg,Cortinarius/172_RQpuklei93E.jpg,Cortinarius,Russula,False,0.6456382274627686,0.0026784000001498,ResNet18_Corrected,test,0.023825962096452713,0.01411465648561716,0.051988378167152405,0.023777438327670097,0.012608596123754978,0.0001762574538588524,0.00040501862531527877,0.008338849060237408,0.1902153044939041,0.6456382274627686,0.02891131304204464
C:\Projects\TM470\data\processed\test\Cortinarius\173_OBw2ytszKxo.jpg,Cortinarius/173_OBw2ytszKxo.jpg,Cortinarius,Cortinarius,True,0.35450637340545654,0.0026718000008258,ResNet18_Corrected,test,0.1828211098909378,0.006849760189652443,0.00026887565036304295,0.35450637340545654,0.017771219834685326,4.082223313162103e-05,0.004473683424293995,0.022729163989424706,0.07060680538415909,0.3266034722328186,0.013328779488801956
C:\Projects\TM470\data\processed\test\Cortinarius\178_xHtAXzZPN-s.jpg,Cortinarius/178_xHtAXzZPN-s.jpg,Cortinarius,Lactarius,False,0.5811752676963806,0.0045950999992783,ResNet18_Corrected,test,1.7404505342710763e-05,0.00020329684775788337,0.011701802723109722,0.13947777450084686,1.922909177665133e-05,4.452044208846928e-07,0.007650201674550772,0.004077116027474403,0.5811752676963806,0.05129760876297951,0.20437990128993988
C:\Projects\TM470\data\processed\test\Cortinarius\182_kJh0aAaK590.jpg,Cortinarius/182_kJh0aAaK590.jpg,Cortinarius,Lactarius,False,0.4642995297908783,0.0044726000051014,ResNet18_Corrected,test,0.0001476055767852813,0.00042511156061664224,0.023878658190369606,0.09686624258756638,8.11697100289166e-05,4.373239619326341e-07,0.0006544997449964285,0.008062627166509628,0.4642995297908783,0.07677213847637177,0.3288118839263916
C:\Projects\TM470\data\processed\test\Cortinarius\185_OXwIsNfGrwY.jpg,Cortinarius/185_OXwIsNfGrwY.jpg,Cortinarius,Cortinarius,True,0.5277731418609619,0.004227899997204,ResNet18_Corrected,test,2.9274511689436622e-05,0.0002076237287838012,0.004404543898999691,0.5277731418609619,1.8049888240057044e-05,9.683650205261074e-06,0.01173812709748745,0.0049238502979278564,0.23341503739356995,0.17892001569271088,0.0385606624186039
C:\Projects\TM470\data\processed\test\Cortinarius\192_TskFa7fOkRc.jpg,Cortinarius/192_TskFa7fOkRc.jpg,Cortinarius,Cortinarius,True,0.4697055220603943,0.0042136999982176,ResNet18_Corrected,test,0.012106440961360931,0.005931294988840818,0.015114499256014824,0.4697055220603943,0.003981752786785364,2.1715675757150166e-05,0.006454313639551401,0.011865353211760521,0.23712031543254852,0.049253709614276886,0.18844498693943024
C:\Projects\TM470\data\processed\test\Cortinarius\195_lD8h4PCMaUY.jpg,Cortinarius/195_lD8h4PCMaUY.jpg,Cortinarius,Amanita,False,0.31414568424224854,0.0049575000011827,ResNet18_Corrected,test,0.0017890690360218287,0.31414568424224854,0.007333723828196526,0.23407600820064545,0.0007056661997921765,9.613721886125859e-06,0.018318183720111847,0.024528643116354942,0.24497227370738983,0.01709301397204399,0.13702812790870667
C:\Projects\TM470\data\processed\test\Cortinarius\207_zmoZZTV0lLI.jpg,Cortinarius/207_zmoZZTV0lLI.jpg,Cortinarius,Russula,False,0.6636629104614258,0.0024712999947951,ResNet18_Corrected,test,0.036202337592840195,0.002170146908611059,0.0014957234961912036,0.02335614524781704,0.0004231163184158504,1.9562129693895258e-08,0.004871242213994265,0.0012555151479318738,0.11687038093805313,0.6636629104614258,0.14969252049922943
C:\Projects\TM470\data\processed\test\Cortinarius\224_mLlKvEsrEcA.jpg,Cortinarius/224_mLlKvEsrEcA.jpg,Cortinarius,Cortinarius,True,0.34417399764060974,0.0024797999940346,ResNet18_Corrected,test,0.054942864924669266,0.010966559872031212,0.19479960203170776,0.34417399764060974,0.0012866116594523191,1.2670306205109227e-05,0.000878906634170562,0.04432983323931694,0.04416435584425926,0.04351217299699783,0.26093244552612305
C:\Projects\TM470\data\processed\test\Cortinarius\232_jKdR7Qgq_BY.jpg,Cortinarius/232_jKdR7Qgq_BY.jpg,Cortinarius,Lactarius,False,0.4651504456996918,0.0031378999992739,ResNet18_Corrected,test,4.464474841370247e-06,0.0006274735787883401,0.00014251803804654628,0.13133475184440613,8.043135312618688e-05,9.378059644404857e-07,0.18543879687786102,0.00542996171861887,0.4651504456996918,0.0012421956053003669,0.21054796874523163
C:\Projects\TM470\data\processed\test\Cortinarius\240_aJldHbs2JsE.jpg,Cortinarius/240_aJldHbs2JsE.jpg,Cortinarius,Cortinarius,True,0.7372663617134094,0.0045931999993626,ResNet18_Corrected,test,3.952263796236366e-07,3.6691837976832176e-06,5.087590579933021e-07,0.7372663617134094,1.178854381578276e-05,1.8562605674787847e-08,0.09325983375310898,0.002388370456174016,0.0022855482529848814,2.192754891439108e-06,0.16478131711483002
C:\Projects\TM470\data\processed\test\Cortinarius\256_TpoM3eWkf6g.jpg,Cortinarius/256_TpoM3eWkf6g.jpg,Cortinarius,Lactarius,False,0.36858880519866943,0.0043175000027986,ResNet18_Corrected,test,0.11645198613405228,0.036884814500808716,0.007752120029181242,0.03186073526740074,0.17755310237407684,0.0028819835279136896,0.017781933769583702,0.026415003463625908,0.36858880519866943,0.1483483910560608,0.06548116356134415
C:\Projects\TM470\data\processed\test\Cortinarius\274_RW-zkr4BQmM.jpg,Cortinarius/274_RW-zkr4BQmM.jpg,Cortinarius,Inocybe,False,0.445502370595932,0.0042824999982258,ResNet18_Corrected,test,0.022261133417487144,0.022863958030939102,5.504680302692577e-06,0.2689465582370758,0.062266770750284195,5.562239675782621e-05,0.06786241382360458,0.445502370595932,0.012467495165765285,0.002438533818349242,0.09532961994409561
C:\Projects\TM470\data\processed\test\Cortinarius\277_2vcjLHvzssg.jpg,Cortinarius/277_2vcjLHvzssg.jpg,Cortinarius,Suillus,False,0.37416332960128784,0.0042313999947509,ResNet18_Corrected,test,0.037553057074546814,0.10451231896877289,0.0018229925772175193,0.23355607688426971,0.0035712583921849728,6.72194582875818e-05,0.0030736769549548626,0.18035081028938293,0.046036507934331894,0.015292753465473652,0.37416332960128784
C:\Projects\TM470\data\processed\test\Cortinarius\285_ALSLuAGLn64.jpg,Cortinarius/285_ALSLuAGLn64.jpg,Cortinarius,Russula,False,0.354158490896225,0.0046687000067322,ResNet18_Corrected,test,0.06107933819293976,0.08148185163736343,0.0011546685127541423,0.16030043363571167,0.0036736782640218735,1.281257482332876e-05,0.014049703255295753,0.05459361523389816,0.06036648526787758,0.354158490896225,0.20912885665893555
C:\Projects\TM470\data\processed\test\Cortinarius\301_BY2YjnDmmdc.jpg,Cortinarius/301_BY2YjnDmmdc.jpg,Cortinarius,Lactarius,False,0.42933911085128784,0.0043421999944257,ResNet18_Corrected,test,0.01427758764475584,0.0013520168140530586,0.00014209820074029267,0.04304204881191254,0.05907927080988884,7.673415893805213e-06,0.0047270446084439754,0.09367714077234268,0.42933911085128784,0.0034071661066263914,0.3509488105773926
C:\Projects\TM470\data\processed\test\Cortinarius\312_Kv_3xHcyVUE.jpg,Cortinarius/312_Kv_3xHcyVUE.jpg,Cortinarius,Amanita,False,0.8210510015487671,0.0044270000071264,ResNet18_Corrected,test,0.0019539748318493366,0.8210510015487671,0.041493725031614304,0.001811390626244247,0.02045048587024212,0.037713516503572464,0.0022292830981314182,0.02923208475112915,0.032678138464689255,0.007778941188007593,0.003607363672927022
C:\Projects\TM470\data\processed\test\Cortinarius\321_EgWJ7bpjCxM.jpg,Cortinarius/321_EgWJ7bpjCxM.jpg,Cortinarius,Cortinarius,True,0.45978832244873047,0.0043240000013611,ResNet18_Corrected,test,0.12430938333272934,0.15485458076000214,0.02889905497431755,0.45978832244873047,0.004978124983608723,0.0016578270588070154,0.0005045896978117526,0.05921215936541557,0.0375933013856411,0.06297925859689713,0.06522342562675476
C:\Projects\TM470\data\processed\test\Cortinarius\328_qxWZEmWaodk.jpg,Cortinarius/328_qxWZEmWaodk.jpg,Cortinarius,Lactarius,False,0.348886638879776,0.0043456000057631,ResNet18_Corrected,test,0.00012005645839963108,0.00023885104747023433,0.28179025650024414,0.19288088381290436,0.0001059267669916153,0.00010588010627543554,0.0009715304477140307,0.005388292949646711,0.348886638879776,0.1599610298871994,0.009550628252327442
C:\Projects\TM470\data\processed\test\Cortinarius\337_ohrbRKjnZkA.jpg,Cortinarius/337_ohrbRKjnZkA.jpg,Cortinarius,Russula,False,0.37083670496940613,0.0043953999993391,ResNet18_Corrected,test,0.003071750281378627,0.020851925015449524,0.09201981127262115,0.14345526695251465,0.005943623371422291,0.00013553145981859416,0.02328389696776867,0.009570267051458359,0.2921574115753174,0.37083670496940613,0.038673847913742065
C:\Projects\TM470\data\processed\test\Cortinarius\342_3kBE30sLBPk.jpg,Cortinarius/342_3kBE30sLBPk.jpg,Cortinarius,Agaricus,False,0.2821856439113617,0.0043608999985735,ResNet18_Corrected,test,0.2821856439113617,0.19988447427749634,0.06682652980089188,0.06765725463628769,0.04994327574968338,0.00022897824237588793,0.0005253810086287558,0.011757522821426392,0.12379781156778336,0.17385342717170715,0.02333969436585903
C:\Projects\TM470\data\processed\test\Cortinarius\343_YY4qxL--3lE.jpg,Cortinarius/343_YY4qxL--3lE.jpg,Cortinarius,Russula,False,0.6542821526527405,0.0045612000030814,ResNet18_Corrected,test,0.0020860035438090563,0.0018356071086600423,0.028852298855781555,0.10031889379024506,0.001352451741695404,0.00012177336611784995,0.004006450064480305,0.0032829479314386845,0.17479462921619415,0.6542821526527405,0.029066819697618484
C:\Projects\TM470\data\processed\test\Cortinarius\344_AKEJiWrKVfA.jpg,Cortinarius/344_AKEJiWrKVfA.jpg,Cortinarius,Lactarius,False,0.4686340093612671,0.004260499998054,ResNet18_Corrected,test,0.0019216766813769937,0.06499168276786804,0.004155646078288555,0.06002971529960632,0.03914928063750267,0.014873257838189602,0.01536522340029478,0.15659107267856598,0.4686340093612671,0.15801458060741425,0.016273872926831245
C:\Projects\TM470\data\processed\test\Cortinarius\349_BG4jbNRDzCI.jpg,Cortinarius/349_BG4jbNRDzCI.jpg,Cortinarius,Russula,False,0.3488602638244629,0.004157600000326,ResNet18_Corrected,test,0.0536966435611248,0.3055233657360077,0.013802901841700077,0.02330124005675316,0.05675772950053215,0.00782946590334177,0.00908544659614563,0.029244523495435715,0.1449584662914276,0.3488602638244629,0.006939960177987814
C:\Projects\TM470\data\processed\test\Cortinarius\353_qyVEsJs6eu8.jpg,Cortinarius/353_qyVEsJs6eu8.jpg,Cortinarius,Cortinarius,True,0.6479944586753845,0.0043152999933226,ResNet18_Corrected,test,0.006942213512957096,0.0020682525355368853,0.03305802866816521,0.6479944586753845,7.479824125766754e-05,3.1659670639783144e-05,6.87334468238987e-05,0.2084665447473526,0.03771386295557022,0.004322130233049393,0.05925925821065903
C:\Projects\TM470\data\processed\test\Cortinarius\358_L8mvKvlrYDA.jpg,Cortinarius/358_L8mvKvlrYDA.jpg,Cortinarius,Lactarius,False,0.42407920956611633,0.0042813000036403,ResNet18_Corrected,test,0.015273801982402802,0.056443147361278534,0.003568037413060665,0.07512179762125015,0.006482469849288464,6.127063443273073e-07,0.0037530020345002413,0.002086163964122534,0.42407920956611633,0.3225153982639313,0.09067641943693161
C:\Projects\TM470\data\processed\test\Cortinarius\360_QL0VQlt8Ke0.jpg,Cortinarius/360_QL0VQlt8Ke0.jpg,Cortinarius,Lactarius,False,0.5936568975448608,0.0042556000043987,ResNet18_Corrected,test,0.05647457391023636,0.07095691561698914,0.0043167672120034695,0.03047499991953373,0.006319173611700535,1.7771470766092534e-06,0.010007509030401707,0.001948151970282197,0.5936568975448608,0.11981552094221115,0.1060277596116066
C:\Projects\TM470\data\processed\test\Cortinarius\364_Xsj2f0KiCAk.jpg,Cortinarius/364_Xsj2f0KiCAk.jpg,Cortinarius,Lactarius,False,0.8932347893714905,0.00425720000203,ResNet18_Corrected,test,0.02013697847723961,0.0019990589935332537,0.01866169646382332,0.00413916353136301,0.001130388118326664,2.5688979832239056e-08,0.0002979309356305748,0.00013715249951928854,0.8932347893714905,0.03610387444496155,0.02415892481803894
C:\Projects\TM470\data\processed\test\Cortinarius\381_IHHdqt43Ivk.jpg,Cortinarius/381_IHHdqt43Ivk.jpg,Cortinarius,Cortinarius,True,0.6536871790885925,0.0042335000034654,ResNet18_Corrected,test,0.005816870369017124,0.00127264647744596,2.588055212981999e-05,0.6536871790885925,0.002378604141995311,9.524415509076789e-05,0.00021063016902189702,0.2583155035972595,0.03579065948724747,0.025554455816745758,0.01685227081179619
C:\Projects\TM470\data\processed\test\Cortinarius\384_NCKsip2esZ4.jpg,Cortinarius/384_NCKsip2esZ4.jpg,Cortinarius,Lactarius,False,0.616995096206665,0.0043163000009371,ResNet18_Corrected,test,4.11959299526643e-05,0.0008917962550185621,0.0006343041895888746,0.04369690269231796,0.00022582152450922877,6.015584474994284e-09,0.006116015836596489,0.00038413668517023325,0.616995096206665,0.04314804449677467,0.2878667414188385
C:\Projects\TM470\data\processed\test\Cortinarius\388_JTEy9_rTlno.jpg,Cortinarius/388_JTEy9_rTlno.jpg,Cortinarius,Lactarius,False,0.5916348099708557,0.0042153999966103,ResNet18_Corrected,test,0.001922063296660781,0.0021863551810383797,0.0043748547323048115,0.052332498133182526,0.035774193704128265,0.0002286342205479741,0.004722870420664549,0.04769148305058479,0.5916348099708557,0.22306114435195923,0.036071084439754486
C:\Projects\TM470\data\processed\test\Cortinarius\389_D8kTQu4sbro.jpg,Cortinarius/389_D8kTQu4sbro.jpg,Cortinarius,Lactarius,False,0.5124151110649109,0.004240900001605,ResNet18_Corrected,test,0.0018597757443785667,0.00034274335484951735,0.0562453493475914,0.15122589468955994,0.0010211945045739412,1.994940703298198e-06,0.00037051812978461385,0.00476502999663353,0.5124151110649109,0.1115541085600853,0.16019833087921143
C:\Projects\TM470\data\processed\test\Cortinarius\390_iQUMBiY-0qs.jpg,Cortinarius/390_iQUMBiY-0qs.jpg,Cortinarius,Lactarius,False,0.8298181295394897,0.0026536000004853,ResNet18_Corrected,test,6.0778329498134553e-05,0.00022153416648507118,0.0009034340037032962,0.04116325080394745,0.004597234074026346,0.0003751907788682729,0.00011704954522429034,0.10368649661540985,0.8298181295394897,0.007177919149398804,0.011879036203026772
C:\Projects\TM470\data\processed\test\Cortinarius\418_YUu8Eth7vC0.jpg,Cortinarius/418_YUu8Eth7vC0.jpg,Cortinarius,Inocybe,False,0.3829182982444763,0.0026177000036113,ResNet18_Corrected,test,0.0025508389808237553,0.019909663125872612,0.01180895883589983,0.17357680201530457,0.005038985516875982,0.0008063444402068853,0.002306415932253003,0.3829182982444763,0.08829982578754425,0.0024431836791336536,0.31034061312675476
C:\Projects\TM470\data\processed\test\Cortinarius\448_uo51r2lHNAw.jpg,Cortinarius/448_uo51r2lHNAw.jpg,Cortinarius,Cortinarius,True,0.6161773204803467,0.0026522999978624,ResNet18_Corrected,test,0.004295865073800087,0.00035082700196653605,0.01993745006620884,0.6161773204803467,0.0018256824696436524,4.381410326459445e-05,0.004255054518580437,0.0018732387106865644,0.04598865658044815,0.2699890434741974,0.03526308387517929
C:\Projects\TM470\data\processed\test\Cortinarius\449_VlvWf0y620o.jpg,Cortinarius/449_VlvWf0y620o.jpg,Cortinarius,Exidia,False,0.9813432097434998,0.002816399995936,ResNet18_Corrected,test,0.0010122060775756836,0.003247744869440794,9.739885717863217e-05,0.003306937636807561,0.0008949643233790994,0.9813432097434998,0.00020969167235307395,0.00509987585246563,0.003939848858863115,0.0008161007426679134,3.205175380571745e-05
C:\Projects\TM470\data\processed\test\Cortinarius\456_KDbq8QQJpF8.jpg,Cortinarius/456_KDbq8QQJpF8.jpg,Cortinarius,Exidia,False,0.5244388580322266,0.0028841000021202,ResNet18_Corrected,test,0.004323962144553661,0.02706933580338955,0.017459381371736526,0.002748550847172737,0.04910372942686081,0.5244388580322266,0.0012959304731339216,0.26377183198928833,0.07711674273014069,0.008539077825844288,0.02413264662027359
C:\Projects\TM470\data\processed\test\Cortinarius\460_-PS3Pqhfj28.jpg,Cortinarius/460_-PS3Pqhfj28.jpg,Cortinarius,Russula,False,0.5141147375106812,0.0042745999962789,ResNet18_Corrected,test,0.00020124200091231614,2.870539901778102e-05,0.044248368591070175,0.3439983129501343,5.282636629999615e-05,1.0508092600503005e-06,0.0005232896655797958,0.0006063846522010863,0.06829968839883804,0.5141147375106812,0.027925467118620872
C:\Projects\TM470\data\processed\test\Cortinarius\461_FcGRZ9NIyZM.jpg,Cortinarius/461_FcGRZ9NIyZM.jpg,Cortinarius,Exidia,False,0.6681280136108398,0.0045419000016408,ResNet18_Corrected,test,0.0071727195754647255,0.005982578732073307,0.0031246335711330175,0.10005442053079605,0.0009565550135448575,0.6681280136108398,0.0013764426112174988,0.13261283934116364,0.03552843630313873,0.043817464262247086,0.0012458637356758118
C:\Projects\TM470\data\processed\test\Cortinarius\466_M2i1qdSiRz4.jpg,Cortinarius/466_M2i1qdSiRz4.jpg,Cortinarius,Cortinarius,True,0.3294914960861206,0.0046509000021615,ResNet18_Corrected,test,0.0006005438044667244,0.006049938965588808,0.12593695521354675,0.3294914960861206,0.08416392654180527,0.0008720511686988175,0.26437079906463623,0.017333300784230232,0.10115154832601547,0.02287755347788334,0.04715189337730408
C:\Projects\TM470\data\processed\test\Cortinarius\467_LUja4xjFPG8.jpg,Cortinarius/467_LUja4xjFPG8.jpg,Cortinarius,Cortinarius,True,0.6769094467163086,0.0050431999989086,ResNet18_Corrected,test,5.870220047654584e-05,0.00024039580603130162,0.0036525893956422806,0.6769094467163086,0.0007378953159786761,0.00018824226572178304,0.005333671811968088,0.0016249653417617083,0.07148947566747665,0.23452085256576538,0.005243781488388777
C:\Projects\TM470\data\processed\test\Cortinarius\488_UhQdy3jXkc0.jpg,Cortinarius/488_UhQdy3jXkc0.jpg,Cortinarius,Lactarius,False,0.43805304169654846,0.0041600000040489,ResNet18_Corrected,test,0.047015126794576645,0.025903424248099327,0.01711883209645748,0.20136287808418274,0.09138870984315872,0.0002668992674443871,0.004984668921679258,0.0029884844552725554,0.43805304169654846,0.15010902285575867,0.020808957517147064
C:\Projects\TM470\data\processed\test\Cortinarius\496_KX8TxkeLLa4.jpg,Cortinarius/496_KX8TxkeLLa4.jpg,Cortinarius,Inocybe,False,0.303408145904541,0.002560099994298,ResNet18_Corrected,test,0.0012254664907231927,0.05139264464378357,0.02159810997545719,0.195455402135849,0.011606143787503242,0.002148314844816923,0.0017790363635867834,0.303408145904541,0.2610984146595001,0.014690564014017582,0.13559770584106445
C:\Projects\TM470\data\processed\test\Cortinarius\509_M0Gd8axTrw4.jpg,Cortinarius/509_M0Gd8axTrw4.jpg,Cortinarius,Russula,False,0.794983983039856,0.0027055000027758,ResNet18_Corrected,test,0.00930263102054596,0.002410236978903413,0.03052281029522419,0.03252864629030228,9.866992331808433e-05,2.5774113510124153e-06,7.702955917920917e-05,0.008868454024195671,0.06143844127655029,0.794983983039856,0.059766534715890884
C:\Projects\TM470\data\processed\test\Cortinarius\514_tv4keuWfvWE.jpg,Cortinarius/514_tv4keuWfvWE.jpg,Cortinarius,Lactarius,False,0.36751869320869446,0.0026486000060685,ResNet18_Corrected,test,0.01689225248992443,0.19823402166366577,0.044454123824834824,0.05839453637599945,0.0027609718963503838,3.912349711754359e-05,0.001750175142660737,0.019584164023399353,0.36751869320869446,0.2184952199459076,0.07187677174806595
C:\Projects\TM470\data\processed\test\Cortinarius\530_sEUUp5boweI.jpg,Cortinarius/530_sEUUp5boweI.jpg,Cortinarius,Suillus,False,0.45985299348831177,0.0027072000011685,ResNet18_Corrected,test,6.697926437482238e-05,0.005129167344421148,0.017671220004558563,0.20189720392227173,0.0003734318306669593,2.456316224197508e-06,0.07671470940113068,0.016454773023724556,0.20377397537231445,0.018063068389892578,0.45985299348831177
C:\Projects\TM470\data\processed\test\Cortinarius\532_oIJibw1tz4Y.jpg,Cortinarius/532_oIJibw1tz4Y.jpg,Cortinarius,Suillus,False,0.31476542353630066,0.004768700004206,ResNet18_Corrected,test,2.2445829017669894e-05,0.038744788616895676,0.0038809075485914946,0.29584017395973206,0.00015567676746286452,2.2105639800429344e-05,0.10802648961544037,0.058644142001867294,0.1726139932870865,0.007283784449100494,0.31476542353630066
C:\Projects\TM470\data\processed\test\Cortinarius\533_pNuBhaHhEmU.jpg,Cortinarius/533_pNuBhaHhEmU.jpg,Cortinarius,Lactarius,False,0.3740518391132355,0.002762399999483,ResNet18_Corrected,test,0.00012820778647437692,0.0004273720842320472,0.00463856291025877,0.10050883889198303,0.0014962400309741497,0.0006592648569494486,0.0026983418501913548,0.3098568916320801,0.3740518391132355,0.003518663812428713,0.2020157426595688
C:\Projects\TM470\data\processed\test\Cortinarius\547_fKznDHbWCkk.jpg,Cortinarius/547_fKznDHbWCkk.jpg,Cortinarius,Inocybe,False,0.5319910049438477,0.0026274000047123,ResNet18_Corrected,test,0.0030210174154490232,0.012005013413727283,0.04166920483112335,0.13757115602493286,0.004005844704806805,0.011435087770223618,0.06846370548009872,0.5319910049438477,0.06878232210874557,0.013589510694146156,0.10746615380048752
C:\Projects\TM470\data\processed\test\Cortinarius\551_APFbJ2vPcGw.jpg,Cortinarius/551_APFbJ2vPcGw.jpg,Cortinarius,Suillus,False,0.5016152858734131,0.0043795999954454,ResNet18_Corrected,test,0.003105165669694543,0.007840131409466267,0.0010109050199389458,0.06679133325815201,0.0007553789182566106,5.059181603428442e-06,0.0026230711955577135,0.14030075073242188,0.12029039859771729,0.15566253662109375,0.5016152858734131
C:\Projects\TM470\data\processed\test\Cortinarius\552_z4MK9UiOMoc.jpg,Cortinarius/552_z4MK9UiOMoc.jpg,Cortinarius,Russula,False,0.3914695382118225,0.004245299998729,ResNet18_Corrected,test,0.11879748106002808,0.13634327054023743,0.019864046946167946,0.04605516418814659,0.07986006140708923,0.003129980992525816,0.00967913307249546,0.007602444849908352,0.17145928740501404,0.3914695382118225,0.015739666298031807
C:\Projects\TM470\data\processed\test\Cortinarius\567_6O0QVMS6LE4.jpg,Cortinarius/567_6O0QVMS6LE4.jpg,Cortinarius,Hygrocybe,False,0.4222794473171234,0.0026005000036093,ResNet18_Corrected,test,0.0005273763090372086,0.08830525726079941,0.003359815338626504,0.08120579272508621,0.056465763598680496,0.002317288890480995,0.4222794473171234,0.08868175745010376,0.0795329138636589,0.00358903082087636,0.17373551428318024
C:\Projects\TM470\data\processed\test\Cortinarius\574_xXwqpgn5Fls.jpg,Cortinarius/574_xXwqpgn5Fls.jpg,Cortinarius,Russula,False,0.557675838470459,0.0025495999943814,ResNet18_Corrected,test,0.012591429054737091,0.16445769369602203,0.006648439913988113,0.04971855878829956,0.001568999607115984,1.9142993551213294e-05,0.00236880243755877,0.007702953182160854,0.1518210619688034,0.557675838470459,0.045427076518535614
C:\Projects\TM470\data\processed\test\Cortinarius\589_rgxUeggTwRk.jpg,Cortinarius/589_rgxUeggTwRk.jpg,Cortinarius,Cortinarius,True,0.28745412826538086,0.0027023999937227,ResNet18_Corrected,test,0.10154275596141815,0.044340163469314575,0.0008273232961073518,0.28745412826538086,0.010209936648607254,7.874042239564005e-06,0.006269794423133135,0.04824455454945564,0.2177698314189911,0.026852542534470558,0.2564811110496521
C:\Projects\TM470\data\processed\test\Cortinarius\592_ZR3yzj9H31I.jpg,Cortinarius/592_ZR3yzj9H31I.jpg,Cortinarius,Exidia,False,0.5032934546470642,0.0026187999974354,ResNet18_Corrected,test,0.017894048243761063,0.006574270315468311,0.007010565605014563,0.06849095225334167,0.014176185242831707,0.5032934546470642,0.002025161636993289,0.2068677693605423,0.09525986015796661,0.07235691696405411,0.006050838157534599
C:\Projects\TM470\data\processed\test\Cortinarius\593_VEBcqScsSLw.jpg,Cortinarius/593_VEBcqScsSLw.jpg,Cortinarius,Cortinarius,True,0.42062804102897644,0.0025832000028458,ResNet18_Corrected,test,0.022670995444059372,0.019446702674031258,0.0007997177308425307,0.42062804102897644,0.005440679378807545,0.06742212921380997,0.0031814533285796642,0.10836362093687057,0.2535896599292755,0.09026767313480377,0.008189241401851177
C:\Projects\TM470\data\processed\test\Cortinarius\595_DUgPrK3WFJ0.jpg,Cortinarius/595_DUgPrK3WFJ0.jpg,Cortinarius,Lactarius,False,0.3436581492424011,0.0027755000046454,ResNet18_Corrected,test,0.2498367875814438,0.02138444595038891,0.0005072729545645416,0.04880503937602043,0.08601545542478561,7.03893283571233e-06,0.01000399049371481,0.0046935961581766605,0.3436581492424011,0.1845768839120865,0.050511326640844345
C:\Projects\TM470\data\processed\test\Cortinarius\604_55_Sj5HXI6U.jpg,Cortinarius/604_55_Sj5HXI6U.jpg,Cortinarius,Lactarius,False,0.5978389978408813,0.0025538999980199,ResNet18_Corrected,test,0.04742409661412239,0.0033459390979260206,0.12366493046283722,0.009317656047642231,0.000467278208816424,8.370608384211664e-07,0.0018823448335751891,0.0035541688557714224,0.5978389978408813,0.11969272047281265,0.09281101822853088
C:\Projects\TM470\data\processed\test\Cortinarius\613_RZSh0QPwcnw.jpg,Cortinarius/613_RZSh0QPwcnw.jpg,Cortinarius,Cortinarius,True,0.6882519721984863,0.0025473999994574,ResNet18_Corrected,test,0.0005854288465343416,0.0025034849531948566,0.00378418224863708,0.6882519721984863,0.0003008197236340493,0.00010409007518319413,0.0004842076450586319,0.009526193141937256,0.044070784002542496,0.23407121002674103,0.016317542642354965
C:\Projects\TM470\data\processed\test\Cortinarius\627_JqtzXHRtbPY.jpg,Cortinarius/627_JqtzXHRtbPY.jpg,Cortinarius,Agaricus,False,0.3427428901195526,0.0025562000009813,ResNet18_Corrected,test,0.3427428901195526,0.2960788905620575,0.001725978683680296,0.023110004141926765,0.013793923892080784,4.5383599172055256e-06,0.034725286066532135,0.017213184386491776,0.107169508934021,0.04171554371714592,0.12172030657529831
C:\Projects\TM470\data\processed\test\Cortinarius\634_3P_z4FJuvrc.jpg,Cortinarius/634_3P_z4FJuvrc.jpg,Cortinarius,Hygrocybe,False,0.7108924984931946,0.0025143000020761,ResNet18_Corrected,test,2.549317832745146e-05,0.006700036581605673,0.01000000536441803,0.10626444220542908,0.0004547902208287269,5.961119313724339e-06,0.7108924984931946,0.012090375646948814,0.07986579835414886,0.012353647500276566,0.06134702265262604
C:\Projects\TM470\data\processed\test\Cortinarius\648_rFy8BK5tQS4.jpg,Cortinarius/648_rFy8BK5tQS4.jpg,Cortinarius,Russula,False,0.5104127526283264,0.0027440999983809,ResNet18_Corrected,test,0.01669812761247158,0.19859537482261658,0.037419237196445465,0.18184611201286316,0.001015692250803113,3.930004459107295e-05,0.013938706368207932,0.0009580955374985933,0.024606503546237946,0.5104127526283264,0.014470108784735203
C:\Projects\TM470\data\processed\test\Cortinarius\651_YsGS-o5hPUk.jpg,Cortinarius/651_YsGS-o5hPUk.jpg,Cortinarius,Amanita,False,0.44893983006477356,0.0024634999936097,ResNet18_Corrected,test,0.08961746841669083,0.44893983006477356,0.0048082382418215275,0.030980555340647697,0.008884800598025322,4.992945832782425e-06,0.004157855175435543,0.032692939043045044,0.16582797467708588,0.02471080794930458,0.18937456607818604
C:\Projects\TM470\data\processed\test\Cortinarius\660_qqPWIG-_atg.jpg,Cortinarius/660_qqPWIG-_atg.jpg,Cortinarius,Inocybe,False,0.35013890266418457,0.0024543999970774,ResNet18_Corrected,test,0.02645888365805149,0.042073994874954224,0.06801047176122665,0.04949969798326492,0.038835130631923676,0.017627906054258347,0.017909491434693336,0.35013890266418457,0.1407543271780014,0.027439406141638756,0.22125183045864105
C:\Projects\TM470\data\processed\test\Cortinarius\663_vqeZWWsm7AU.jpg,Cortinarius/663_vqeZWWsm7AU.jpg,Cortinarius,Cortinarius,True,0.4071069359779358,0.0049275999990641,ResNet18_Corrected,test,0.11547746509313583,0.11501416563987732,0.004906902089715004,0.4071069359779358,0.010000795125961304,9.18404693948105e-05,0.0013798931613564491,0.046803880482912064,0.04262938350439072,0.03141014650464058,0.22517849504947662
C:\Projects\TM470\data\processed\test\Cortinarius\665_CnMbFwJ4A3g.jpg,Cortinarius/665_CnMbFwJ4A3g.jpg,Cortinarius,Inocybe,False,0.3392162322998047,0.0043746000010287,ResNet18_Corrected,test,0.0036935522221028805,0.2531915605068207,0.15255200862884521,0.033390238881111145,0.0004660632403101772,0.00011726615048246458,0.00024608010426163673,0.3392162322998047,0.05371113866567612,0.017216160893440247,0.14619967341423035
C:\Projects\TM470\data\processed\test\Cortinarius\670_VEDFNxOmJjk.jpg,Cortinarius/670_VEDFNxOmJjk.jpg,Cortinarius,Cortinarius,True,0.8722326755523682,0.0040756000016699,ResNet18_Corrected,test,0.0005941377021372318,0.0007051012944430113,0.03484107553958893,0.8722326755523682,0.001999549800530076,0.041453178972005844,0.0010042745852842927,0.00859750621020794,0.02325628139078617,0.014743293635547161,0.0005728894029743969
C:\Projects\TM470\data\processed\test\Cortinarius\677_jZl6bME7gYc.jpg,Cortinarius/677_jZl6bME7gYc.jpg,Cortinarius,Lactarius,False,0.27539223432540894,0.004430200002389,ResNet18_Corrected,test,0.0027348226867616177,0.010202737525105476,0.09869237244129181,0.24128204584121704,0.019720392301678658,0.001717100036330521,0.07091549038887024,0.03203048184514046,0.27539223432540894,0.17444443702697754,0.07286787778139114
C:\Projects\TM470\data\processed\test\Cortinarius\684_4Yz2wW3J4Vs.jpg,Cortinarius/684_4Yz2wW3J4Vs.jpg,Cortinarius,Cortinarius,True,0.6709451675415039,0.0025624999980209,ResNet18_Corrected,test,0.10654187947511673,0.008054551668465137,0.021800823509693146,0.6709451675415039,0.03315277397632599,0.001291626482270658,0.002827195217832923,0.03691304475069046,0.04000738263130188,0.04606487974524498,0.0324007011950016
C:\Projects\TM470\data\processed\test\Cortinarius\698_hDYmajbNTyc.jpg,Cortinarius/698_hDYmajbNTyc.jpg,Cortinarius,Lactarius,False,0.6669147610664368,0.0025858000008156,ResNet18_Corrected,test,6.94817426847294e-05,0.0001629177713766694,0.0011408738791942596,0.11389686167240143,0.0003042308671865612,2.916305845701572e-07,0.0029714268166571856,0.0014381026849150658,0.6669147610664368,0.003422107780352235,0.20967884361743927
C:\Projects\TM470\data\processed\test\Cortinarius\700_T0ARJ9bwVM0.jpg,Cortinarius/700_T0ARJ9bwVM0.jpg,Cortinarius,Lactarius,False,0.3713006377220154,0.0025408000001334,ResNet18_Corrected,test,0.009369546547532082,0.016011018306016922,0.013847180642187595,0.15958979725837708,0.013599077239632607,8.459748642053455e-05,0.0933547168970108,0.0218850988894701,0.3713006377220154,0.02600598894059658,0.27495241165161133
C:\Projects\TM470\data\processed\test\Cortinarius\706_neOW0Q7auww.jpg,Cortinarius/706_neOW0Q7auww.jpg,Cortinarius,Cortinarius,True,0.3342844545841217,0.0027183999991393,ResNet18_Corrected,test,0.19159407913684845,0.07307157665491104,0.04937780648469925,0.3342844545841217,0.002824756782501936,3.155969807266956e-06,0.0004390318354126066,0.026313073933124542,0.028406556695699692,0.03802020475268364,0.25566524267196655
C:\Projects\TM470\data\processed\test\Cortinarius\710_9SgH3X4RwDc.jpg,Cortinarius/710_9SgH3X4RwDc.jpg,Cortinarius,Lactarius,False,0.34524303674697876,0.002596899998025,ResNet18_Corrected,test,0.00012456491822376847,0.0003578293544705957,0.0004018188628833741,0.11800448596477509,0.006064397748559713,8.597109990660101e-05,0.0026969732716679573,0.2407585233449936,0.34524303674697876,0.0036006278824061155,0.2826617956161499
C:\Projects\TM470\data\processed\test\Cortinarius\713_0K-WK89enpQ.jpg,Cortinarius/713_0K-WK89enpQ.jpg,Cortinarius,Cortinarius,True,0.4367828071117401,0.0042953000011038,ResNet18_Corrected,test,0.0025238962844014168,0.01008152961730957,0.11398386210203171,0.4367828071117401,0.014680827967822552,0.0004388958332128823,0.004797294735908508,0.012174204923212528,0.14990805089473724,0.06764636188745499,0.18698233366012573
C:\Projects\TM470\data\processed\test\Cortinarius\722_hYmaZTUMKvM.jpg,Cortinarius/722_hYmaZTUMKvM.jpg,Cortinarius,Cortinarius,True,0.4355575144290924,0.0042175999988103,ResNet18_Corrected,test,4.8717593017499894e-05,0.0007205402944236994,0.0020030494779348373,0.4355575144290924,6.571376616193447e-06,1.5395953596453182e-05,0.0009080545860342681,0.01314537413418293,0.21681979298591614,0.27241602540016174,0.05835892632603645
C:\Projects\TM470\data\processed\test\Cortinarius\723_z2zuRWlePHw.jpg,Cortinarius/723_z2zuRWlePHw.jpg,Cortinarius,Inocybe,False,0.37524205446243286,0.0040499000024283,ResNet18_Corrected,test,0.03158910199999809,0.014784797094762325,0.019781243056058884,0.27828750014305115,0.00022974613239057362,0.1578655242919922,0.0002494260552339256,0.37524205446243286,0.10025711357593536,0.011310890316963196,0.01040259562432766
C:\Projects\TM470\data\processed\test\Cortinarius\726_SPq8J7DiHAU.jpg,Cortinarius/726_SPq8J7DiHAU.jpg,Cortinarius,Suillus,False,0.43325984477996826,0.0043163000009371,ResNet18_Corrected,test,0.02166980691254139,0.038425300270318985,0.01183487568050623,0.04334712028503418,0.013498693704605103,2.3025069140203414e-07,0.03059263527393341,0.0015018421690911055,0.3105844259262085,0.09528525173664093,0.43325984477996826
C:\Projects\TM470\data\processed\test\Cortinarius\734_gSi3maWDcms.jpg,Cortinarius/734_gSi3maWDcms.jpg,Cortinarius,Russula,False,0.7405540943145752,0.0043842000013682,ResNet18_Corrected,test,0.008656897582113743,0.019770542159676552,0.031972359865903854,0.05860287696123123,0.003590976120904088,0.01118433102965355,0.019774114713072777,0.058518994599580765,0.03522040694952011,0.7405540943145752,0.012154476717114449
C:\Projects\TM470\data\processed\test\Cortinarius\739_1fnqQJpMA1w.jpg,Cortinarius/739_1fnqQJpMA1w.jpg,Cortinarius,Cortinarius,True,0.49358972907066345,0.0044395000004442,ResNet18_Corrected,test,0.0063881464302539825,0.011187240481376648,0.00024119512818288058,0.49358972907066345,0.003238542703911662,8.464036909572314e-06,0.01194693986326456,0.15595300495624542,0.04886294901371002,0.03764518350362778,0.2309386283159256
C:\Projects\TM470\data\processed\test\Cortinarius\740_6uQUZGPJDtc.jpg,Cortinarius/740_6uQUZGPJDtc.jpg,Cortinarius,Lactarius,False,0.2755204439163208,0.0026018000062322,ResNet18_Corrected,test,0.14115789532661438,0.05378430709242821,0.010200775228440762,0.030256062746047974,0.21867147088050842,0.0005914618959650397,0.008041697554290295,0.022437138482928276,0.2755204439163208,0.2126147300004959,0.026723988354206085
C:\Projects\TM470\data\processed\test\Cortinarius\741_I2jWMQKljH8.jpg,Cortinarius/741_I2jWMQKljH8.jpg,Cortinarius,Agaricus,False,0.40354159474372864,0.0043082999982289,ResNet18_Corrected,test,0.40354159474372864,0.12554118037223816,0.03963542729616165,0.07668085396289825,0.015263192355632782,0.0002989472995977849,0.003056943416595459,0.06304112821817398,0.12446831911802292,0.047504015266895294,0.10096846520900726
C:\Projects\TM470\data\processed\test\Cortinarius\743_x_gCsSdhOPU.jpg,Cortinarius/743_x_gCsSdhOPU.jpg,Cortinarius,Inocybe,False,0.46230828762054443,0.0042415999996592,ResNet18_Corrected,test,0.0011429500300437212,0.019073836505413055,0.020130665972828865,0.10821416229009628,0.003567489329725504,0.0013470023404806852,0.02027083747088909,0.46230828762054443,0.1766173094511032,0.003979427274316549,0.1833479255437851
C:\Projects\TM470\data\processed\test\Cortinarius\754_pGoceyCfMP8.jpg,Cortinarius/754_pGoceyCfMP8.jpg,Cortinarius,Lactarius,False,0.5998097658157349,0.0024684999953024,ResNet18_Corrected,test,0.013186370953917503,0.0076109301298856735,0.01627231203019619,0.04439700022339821,0.0018533968832343817,2.434626139802276e-06,0.0009639589698053896,0.018318409100174904,0.5998097658157349,0.05889039486646652,0.23869499564170837
C:\Projects\TM470\data\processed\test\Cortinarius\766_vIHHxNTloEA.jpg,Cortinarius/766_vIHHxNTloEA.jpg,Cortinarius,Russula,False,0.6048509478569031,0.0025517999965813,ResNet18_Corrected,test,0.017596574500203133,0.011424502357840538,0.02014799602329731,0.07992713898420334,0.015904270112514496,0.0004909420968033373,0.00481609208509326,0.01401054859161377,0.21655575931072235,0.6048509478569031,0.014275244437158108
C:\Projects\TM470\data\processed\test\Cortinarius\791_2-YR9WlEhSA.jpg,Cortinarius/791_2-YR9WlEhSA.jpg,Cortinarius,Lactarius,False,0.6078892946243286,0.0023052000033203,ResNet18_Corrected,test,2.7773767214966938e-05,0.0005271570407785475,0.001887837308458984,0.1929774433374405,0.00012397239333949983,8.374614480999298e-06,0.051176175475120544,0.025451472029089928,0.6078892946243286,0.052668821066617966,0.06726164370775223
C:\Projects\TM470\data\processed\test\Cortinarius\796_738i150K_pQ.jpg,Cortinarius/796_738i150K_pQ.jpg,Cortinarius,Hygrocybe,False,0.3883885145187378,0.0026340999975218,ResNet18_Corrected,test,0.0009327450534328818,0.00718937162309885,0.01147675234824419,0.20810620486736298,0.015851322561502457,0.003379420842975378,0.3883885145187378,0.004659329075366259,0.16026385128498077,0.18128086626529694,0.01847158744931221
C:\Projects\TM470\data\processed\test\Cortinarius\800_DyXP5vXb0mQ.jpg,Cortinarius/800_DyXP5vXb0mQ.jpg,Cortinarius,Cortinarius,True,0.5431413650512695,0.0025685000000521,ResNet18_Corrected,test,4.718702257378027e-06,0.00013567862333729863,0.0010723514715209603,0.5431413650512695,6.424335879273713e-06,5.957775215392758e-07,0.01781633496284485,0.004481206648051739,0.23286935687065125,0.12529157102108002,0.07518042623996735
C:\Projects\TM470\data\processed\test\Cortinarius\819_ELx6VT8tmKM.jpg,Cortinarius/819_ELx6VT8tmKM.jpg,Cortinarius,Lactarius,False,0.19622702896595,0.0025989999994635,ResNet18_Corrected,test,0.007721074856817722,0.0870843231678009,0.11932487785816193,0.09758076071739197,0.054279278963804245,0.0012624801602214575,0.12474732100963593,0.10059697180986404,0.19622702896595,0.1170620247721672,0.09411389380693436
C:\Projects\TM470\data\processed\test\Cortinarius\825_nn-gRPOKNNQ.jpg,Cortinarius/825_nn-gRPOKNNQ.jpg,Cortinarius,Lactarius,False,0.5470792651176453,0.0025612999961595,ResNet18_Corrected,test,0.03299286216497421,0.008336351253092289,0.00034936764859594405,0.0668095275759697,0.04950013756752014,5.46872615814209e-05,0.019958019256591797,0.03662805259227753,0.5470792651176453,0.19920478761196136,0.03908689692616463
C:\Projects\TM470\data\processed\test\Cortinarius\835_znWNJNTUlcg.jpg,Cortinarius/835_znWNJNTUlcg.jpg,Cortinarius,Lactarius,False,0.4223075807094574,0.0025941999992937,ResNet18_Corrected,test,5.1197403081459925e-05,0.002791995881125331,0.0022610670421272516,0.1602243036031723,0.000246063427766785,7.016834615569678e-07,0.02851100079715252,0.009837156161665916,0.4223075807094574,0.009986057877540588,0.3637829124927521
C:\Projects\TM470\data\processed\test\Cortinarius\838_phOn4HpRGFU.jpg,Cortinarius/838_phOn4HpRGFU.jpg,Cortinarius,Inocybe,False,0.9690300226211548,0.0025565000032656,ResNet18_Corrected,test,0.0002824757539201528,0.00016500709170941263,0.00021090080554131418,0.01803513616323471,0.000456514535471797,0.000294782075798139,2.7142394174006768e-05,0.9690300226211548,0.002970692701637745,0.00010319047578377649,0.008424029685556889
C:\Projects\TM470\data\processed\test\Cortinarius\839_QCI2KoxuEus.jpg,Cortinarius/839_QCI2KoxuEus.jpg,Cortinarius,Cortinarius,True,0.5068568587303162,0.0025308999975095,ResNet18_Corrected,test,0.0021348444279283285,0.0006967132212594151,2.518136716389563e-05,0.5068568587303162,0.009601625613868237,6.01730789639987e-08,0.00263331551104784,0.005118640139698982,0.07892365008592606,0.030162109062075615,0.3638469874858856
C:\Projects\TM470\data\processed\test\Cortinarius\880_2blQSwj_qqg.jpg,Cortinarius/880_2blQSwj_qqg.jpg,Cortinarius,Lactarius,False,0.5047544836997986,0.0025719000041135,ResNet18_Corrected,test,0.010281317867338657,0.012928774580359459,0.10013783723115921,0.023773986846208572,0.036898642778396606,0.0001677656837273389,0.003848629305139184,0.002819810062646866,0.5047544836997986,0.28828033804893494,0.016108393669128418
C:\Projects\TM470\data\processed\test\Cortinarius\896_zisCBTibqYs.jpg,Cortinarius/896_zisCBTibqYs.jpg,Cortinarius,Boletus,False,0.6329891085624695,0.002551500001573,ResNet18_Corrected,test,0.009111462160944939,0.017836736515164375,0.6329891085624695,0.080589160323143,0.0014706290094181895,1.2179506484244484e-05,0.0005225652130320668,0.04288884252309799,0.029179507866501808,0.11738801747560501,0.06801176816225052
C:\Projects\TM470\data\processed\test\Cortinarius\897_K54fKEI54-0.jpg,Cortinarius/897_K54fKEI54-0.jpg,Cortinarius,Cortinarius,True,0.5994122624397278,0.002535200001148,ResNet18_Corrected,test,0.06618469953536987,0.056981004774570465,0.004459196235984564,0.5994122624397278,0.0009869352215901017,0.010719744488596916,0.0005481741391122341,0.18756455183029175,0.02023075707256794,0.018325325101614,0.034587327390909195
C:\Projects\TM470\data\processed\test\Cortinarius\909_6AiLKcfk2jI.jpg,Cortinarius/909_6AiLKcfk2jI.jpg,Cortinarius,Russula,False,0.7413133382797241,0.0025718000033521,ResNet18_Corrected,test,0.00016593554755672812,0.051284730434417725,0.0005986052565276623,0.12499219179153442,0.0005428181611932814,4.3363772419979796e-05,0.0018367102602496743,0.0026360151823610067,0.07025828957557678,0.7413133382797241,0.006327957380563021
C:\Projects\TM470\data\processed\test\Cortinarius\910_q20nsdIX9Zo.jpg,Cortinarius/910_q20nsdIX9Zo.jpg,Cortinarius,Inocybe,False,0.2727336585521698,0.0025297999964095,ResNet18_Corrected,test,0.0264887735247612,0.041467033326625824,0.06439108401536942,0.15262219309806824,0.03792871907353401,0.12077175825834274,0.06209132447838783,0.2727336585521698,0.10790029168128967,0.03841549903154373,0.07518962770700455
C:\Projects\TM470\data\processed\test\Cortinarius\918_LWJyWIIRFwE.jpg,Cortinarius/918_LWJyWIIRFwE.jpg,Cortinarius,Suillus,False,0.5267592072486877,0.002524399998947,ResNet18_Corrected,test,0.004233845509588718,0.0049772863276302814,0.05787709727883339,0.009637828916311264,0.001041254261508584,2.1246009396236332e-08,0.011623628437519073,0.0029060652013868093,0.19170773029327393,0.18923600018024445,0.5267592072486877
C:\Projects\TM470\data\processed\test\Cortinarius\927_MThMyEFu3p4.jpg,Cortinarius/927_MThMyEFu3p4.jpg,Cortinarius,Amanita,False,0.47514504194259644,0.0025477000017417,ResNet18_Corrected,test,0.004414746072143316,0.47514504194259644,0.00022006046492606401,0.03242459148168564,0.031207337975502014,1.572619476064574e-05,0.0861601009964943,0.22749939560890198,0.03177855908870697,0.008679418824613094,0.10245487093925476
C:\Projects\TM470\data\processed\test\Cortinarius\930_rg7s0lc2xZ4.jpg,Cortinarius/930_rg7s0lc2xZ4.jpg,Cortinarius,Inocybe,False,0.6321147680282593,0.0025763000012375,ResNet18_Corrected,test,0.0006028362549841404,0.013093256391584873,1.3681278687727172e-05,0.2383287400007248,0.007167079485952854,0.0008451553876511753,0.06344523280858994,0.6321147680282593,0.015341510996222496,0.0031548880506306887,0.025892844423651695
C:\Projects\TM470\data\processed\test\Cortinarius\932_wke3BS09elk.jpg,Cortinarius/932_wke3BS09elk.jpg,Cortinarius,Russula,False,0.4737238883972168,0.0028011999966111,ResNet18_Corrected,test,0.012446423061192036,0.04573499411344528,0.008869786746799946,0.018272358924150467,0.0018405301962047815,5.234049694990972e-06,0.016140416264533997,0.0027472784277051687,0.3620510697364807,0.4737238883972168,0.058168038725852966
C:\Projects\TM470\data\processed\test\Cortinarius\933_9KMU6_nR5hY.jpg,Cortinarius/933_9KMU6_nR5hY.jpg,Cortinarius,Suillus,False,0.31686264276504517,0.0027100000006612,ResNet18_Corrected,test,0.0017949948087334633,0.005687023978680372,0.0008931338088586926,0.2982655465602875,0.0009386882884427905,2.8493871013779426e-06,0.08890845626592636,0.05782706290483475,0.22380606830120087,0.005013515707105398,0.31686264276504517
C:\Projects\TM470\data\processed\test\Cortinarius\938_c0WgxVOt3ug.jpg,Cortinarius/938_c0WgxVOt3ug.jpg,Cortinarius,Exidia,False,0.48086118698120117,0.0026772000055643,ResNet18_Corrected,test,0.027276793494820595,0.03456660360097885,0.0038368096575140953,0.23729479312896729,0.004021064843982458,0.48086118698120117,0.0006858144770376384,0.10975846648216248,0.04479442909359932,0.05588740482926369,0.0010166127467527986
C:\Projects\TM470\data\processed\test\Cortinarius\949_8OyiXJnNar8.jpg,Cortinarius/949_8OyiXJnNar8.jpg,Cortinarius,Suillus,False,0.48083484172821045,0.0025491999986115,ResNet18_Corrected,test,0.0002185062476200983,0.0011648894287645817,0.0022295683156698942,0.18673738837242126,0.0003387784818187356,4.164166057307739e-06,0.00045458320528268814,0.030234605073928833,0.29504579305648804,0.002736815484240651,0.48083484172821045
C:\Projects\TM470\data\processed\test\Cortinarius\950_HDskNFXm9xc.jpg,Cortinarius/950_HDskNFXm9xc.jpg,Cortinarius,Lactarius,False,0.5876387357711792,0.0026035999981104,ResNet18_Corrected,test,0.004486227873712778,0.0017952329944819212,0.035602275282144547,0.19501186907291412,0.00039905463927425444,1.9460736439214088e-05,0.0014366658870130777,0.00450225081294775,0.5876387357711792,0.10358558595180511,0.0655226781964302
C:\Projects\TM470\data\processed\test\Entoloma\008_AZvp1cwweLk.jpg,Entoloma/008_AZvp1cwweLk.jpg,Entoloma,Entoloma,True,0.3723089098930359,0.0026410999998915,ResNet18_Corrected,test,0.17086730897426605,0.06948081403970718,0.010647885501384735,0.005683430470526218,0.3723089098930359,0.0005702864145860076,0.05021195113658905,0.010845115408301353,0.1156020313501358,0.185968279838562,0.007813975214958191
C:\Projects\TM470\data\processed\test\Entoloma\015_HkVmyyuf6D4.jpg,Entoloma/015_HkVmyyuf6D4.jpg,Entoloma,Lactarius,False,0.7004681825637817,0.0025839000009,ResNet18_Corrected,test,0.0016713689547032118,0.00515024084597826,4.403739148983732e-05,0.0016231830231845379,0.031186386942863464,5.536256253435567e-07,0.006473306100815535,0.00011447467841207981,0.7004681825637817,0.24886728823184967,0.0044009871780872345
C:\Projects\TM470\data\processed\test\Entoloma\016_ARE6YaRXCgc.jpg,Entoloma/016_ARE6YaRXCgc.jpg,Entoloma,Russula,False,0.3951970636844635,0.0025385999979334,ResNet18_Corrected,test,0.04736386984586716,0.07691995054483414,0.001240239478647709,0.009924761950969696,0.2527952790260315,0.00165937386918813,0.028349757194519043,0.01639608107507229,0.16474609076976776,0.3951970636844635,0.005407548509538174
C:\Projects\TM470\data\processed\test\Entoloma\024_bN9lzk7miXk.jpg,Entoloma/024_bN9lzk7miXk.jpg,Entoloma,Agaricus,False,0.35435280203819275,0.0025426000065635,ResNet18_Corrected,test,0.35435280203819275,0.12431652098894119,0.012102922424674034,0.09489142149686813,0.10399045795202255,0.003983504604548216,0.013225194998085499,0.05092649161815643,0.15954022109508514,0.032615482807159424,0.05005500465631485
C:\Projects\TM470\data\processed\test\Entoloma\028_ep6xNTtGRbM.jpg,Entoloma/028_ep6xNTtGRbM.jpg,Entoloma,Inocybe,False,0.5448768734931946,0.0028548999980557,ResNet18_Corrected,test,3.335027213324793e-05,0.0037128697149455547,0.000174026979948394,0.05665076896548271,0.21705569326877594,0.016382629051804543,0.10936254262924194,0.5448768734931946,0.04095106199383736,0.0006165672093629837,0.010183680802583694
C:\Projects\TM470\data\processed\test\Entoloma\040_AaS7qJWOhTY.jpg,Entoloma/040_AaS7qJWOhTY.jpg,Entoloma,Lactarius,False,0.450188547372818,0.002620500003104,ResNet18_Corrected,test,0.06474857032299042,0.01345248892903328,0.0014068351592868567,0.007277015130966902,0.025406597182154655,5.893724301131442e-05,0.0013875664444640279,0.08669376373291016,0.450188547372818,0.2842971384525299,0.06508253514766693
C:\Projects\TM470\data\processed\test\Entoloma\041_8TLv6hZ7PQg.jpg,Entoloma/041_8TLv6hZ7PQg.jpg,Entoloma,Lactarius,False,0.2499801516532898,0.0028495999940787,ResNet18_Corrected,test,0.20380716025829315,0.22355656325817108,0.006391580682247877,0.0017375466413795948,0.04433600232005119,5.532609520741971e-06,0.003788858652114868,0.030279332771897316,0.2499801516532898,0.18693037331104279,0.04918694123625755
C:\Projects\TM470\data\processed\test\Entoloma\043_HA9oR2t5gx4.jpg,Entoloma/043_HA9oR2t5gx4.jpg,Entoloma,Entoloma,True,0.3637197017669678,0.0026452000020071,ResNet18_Corrected,test,0.11439263820648193,0.020362025126814842,0.017912747338414192,0.020431332290172577,0.3637197017669678,0.0004608341259881854,0.023256296291947365,0.005877148360013962,0.34392091631889343,0.057393670082092285,0.032272692769765854
C:\Projects\TM470\data\processed\test\Entoloma\053_pGhgq2L9_f8.jpg,Entoloma/053_pGhgq2L9_f8.jpg,Entoloma,Entoloma,True,0.5257845520973206,0.0025569999997969,ResNet18_Corrected,test,0.01359271164983511,0.06251177191734314,0.055644646286964417,0.00722872419282794,0.5257845520973206,0.04419592395424843,0.009468012489378452,0.10102377086877823,0.12714849412441254,0.044658832252025604,0.008742570877075195
C:\Projects\TM470\data\processed\test\Entoloma\075_6zFJxFd4PFI.jpg,Entoloma/075_6zFJxFd4PFI.jpg,Entoloma,Russula,False,0.4450530707836151,0.0026167999967583,ResNet18_Corrected,test,0.06505312770605087,0.011078848503530025,0.0008819158538244665,0.017328722402453423,0.014804063364863396,2.734718407282344e-07,0.04489763826131821,0.001247429521754384,0.3239539563655853,0.4450530707836151,0.07570092380046844
C:\Projects\TM470\data\processed\test\Entoloma\077_MiiSt18mhFg.jpg,Entoloma/077_MiiSt18mhFg.jpg,Entoloma,Lactarius,False,0.44940677285194397,0.0026482999965082,ResNet18_Corrected,test,0.04702994227409363,0.03896677494049072,0.0056524211540818214,0.001898647053167224,0.012896765023469925,2.708315882671286e-08,0.005372460465878248,0.0008942106505855918,0.44940677285194397,0.31469106674194336,0.12319094687700272
C:\Projects\TM470\data\processed\test\Entoloma\087_B8cy4l0fVCM.jpg,Entoloma/087_B8cy4l0fVCM.jpg,Entoloma,Entoloma,True,0.6654468774795532,0.0042756999973789,ResNet18_Corrected,test,0.0025786024052649736,0.027727628126740456,0.00012055799743393436,0.004482146818190813,0.6654468774795532,1.3832557669957168e-05,0.013879201374948025,0.0038759352173656225,0.25350221991539,0.023543894290924072,0.004829101264476776
C:\Projects\TM470\data\processed\test\Entoloma\095_sc5K2sdc95k.jpg,Entoloma/095_sc5K2sdc95k.jpg,Entoloma,Lactarius,False,0.7148717641830444,0.0042661000043153,ResNet18_Corrected,test,0.001031205989420414,0.14041507244110107,0.0001783783227438107,0.0012422549771144986,0.09365192800760269,5.940479695709655e-06,0.011054440401494503,0.0017530953045934439,0.7148717641830444,0.029686877503991127,0.006108959671109915
C:\Projects\TM470\data\processed\test\Entoloma\100_DOEuA90u0n4.jpg,Entoloma/100_DOEuA90u0n4.jpg,Entoloma,Lactarius,False,0.6887343525886536,0.004169499996351,ResNet18_Corrected,test,0.005223750602453947,0.01037986483424902,0.0008076137164607644,0.007041606120765209,0.1509077101945877,1.268901087314589e-05,0.010217537172138691,0.027425477281212807,0.6887343525886536,0.02630610205233097,0.07294324785470963
C:\Projects\TM470\data\processed\test\Entoloma\112_tZybBnWnquU.jpg,Entoloma/112_tZybBnWnquU.jpg,Entoloma,Lactarius,False,0.4589064121246338,0.0042995999974664,ResNet18_Corrected,test,0.012615498155355453,0.012963333167135715,0.22714008390903473,0.007797651458531618,0.07476451247930527,1.5858024653425673e-06,0.0219588465988636,0.0041419570334255695,0.4589064121246338,0.016303086653351784,0.16340695321559906
C:\Projects\TM470\data\processed\test\Entoloma\114_hVYv8T9rAdI.jpg,Entoloma/114_hVYv8T9rAdI.jpg,Entoloma,Entoloma,True,0.6808452010154724,0.0042017000014311,ResNet18_Corrected,test,0.0297688040882349,0.01818588562309742,0.02523666061460972,0.0033500485587865114,0.6808452010154724,6.300512177404016e-05,0.006382817402482033,0.008420415222644806,0.16199159622192383,0.022002780809998512,0.043752770870923996
C:\Projects\TM470\data\processed\test\Entoloma\123_N1nBNk8zowc.jpg,Entoloma/123_N1nBNk8zowc.jpg,Entoloma,Russula,False,0.7716081142425537,0.0042025000002468,ResNet18_Corrected,test,0.0007950427825562656,8.073444769252092e-05,0.00023475702619180083,0.02171105332672596,0.06103232875466347,3.4948650409205584e-06,0.011728022247552872,0.0001647403696551919,0.1318139135837555,0.7716081142425537,0.000827693787869066
C:\Projects\TM470\data\processed\test\Entoloma\124_NgFCwyrvUBU.jpg,Entoloma/124_NgFCwyrvUBU.jpg,Entoloma,Boletus,False,0.3303523659706116,0.0041416000021854,ResNet18_Corrected,test,0.024716606363654137,0.08882135897874832,0.3303523659706116,0.014409883879125118,0.06299582868814468,0.0015039009740576148,0.019409304484725,0.03996387869119644,0.21285182237625122,0.15976397693157196,0.04521102458238602
C:\Projects\TM470\data\processed\test\Entoloma\125_H6KQJubz60Q.jpg,Entoloma/125_H6KQJubz60Q.jpg,Entoloma,Inocybe,False,0.5096886157989502,0.0044015000021317,ResNet18_Corrected,test,0.04149475693702698,0.043813202530145645,0.010522967204451561,0.044086918234825134,0.03862742707133293,0.17866532504558563,0.010472257621586323,0.5096886157989502,0.09431087970733643,0.01027675997465849,0.018040889874100685
C:\Projects\TM470\data\processed\test\Entoloma\137_2wOQqIdze_Y.jpg,Entoloma/137_2wOQqIdze_Y.jpg,Entoloma,Inocybe,False,0.4627385139465332,0.0041794999997364,ResNet18_Corrected,test,0.00024591010878793895,0.01828332245349884,0.0019889080431312323,0.07989556342363358,0.015627717599272728,4.215789522277191e-05,0.17276199162006378,0.4627385139465332,0.053978707641363144,0.0027856857050210238,0.19165155291557312
C:\Projects\TM470\data\processed\test\Entoloma\154_HDT_he4bSpA.jpg,Entoloma/154_HDT_he4bSpA.jpg,Entoloma,Lactarius,False,0.43905556201934814,0.0040669000009074,ResNet18_Corrected,test,0.012377389706671238,0.014731157571077347,0.011778635904192924,0.004479658789932728,0.058357641100883484,6.0096217566751875e-06,0.003923330456018448,0.004197622183710337,0.43905556201934814,0.42973798513412476,0.021354980766773224
C:\Projects\TM470\data\processed\test\Entoloma\155_ab4GU9GVNl0.jpg,Entoloma/155_ab4GU9GVNl0.jpg,Entoloma,Entoloma,True,0.6094690561294556,0.0040685999993002,ResNet18_Corrected,test,0.00637101661413908,0.166098952293396,0.013137019239366055,0.0088714100420475,0.6094690561294556,0.001196645898744464,0.009272581897675991,0.053262509405612946,0.08547497540712357,0.009640621021389961,0.037205230444669724
C:\Projects\TM470\data\processed\test\Entoloma\159_gzyo4cu2SF0.jpg,Entoloma/159_gzyo4cu2SF0.jpg,Entoloma,Entoloma,True,0.9573033452033997,0.0043224000037298,ResNet18_Corrected,test,0.003441683715209365,0.004996698349714279,0.0005256288568489254,0.00032924331026151776,0.9573033452033997,7.71520208218135e-05,0.002215733751654625,0.001519148238003254,0.025342341512441635,0.001865330501459539,0.0023837676271796227
C:\Projects\TM470\data\processed\test\Entoloma\170_rgOUjNM_DM4.jpg,Entoloma/170_rgOUjNM_DM4.jpg,Entoloma,Inocybe,False,0.425020694732666,0.0039157999999588,ResNet18_Corrected,test,0.004914627876132727,0.002116441959515214,0.00021004912559874356,0.1777554154396057,0.020787129178643227,0.00023595047241542488,0.02592024765908718,0.425020694732666,0.12172569334506989,0.004423200618475676,0.21689055860042572
C:\Projects\TM470\data\processed\test\Entoloma\178_j9A_u3GorWg.jpg,Entoloma/178_j9A_u3GorWg.jpg,Entoloma,Lactarius,False,0.2789524495601654,0.0025648000009823,ResNet18_Corrected,test,0.0002600469742901623,0.003142312169075012,0.0005866939318366349,0.19527901709079742,0.028613906353712082,4.743846147903241e-05,0.20454685389995575,0.039631616324186325,0.2789524495601654,0.004931895527988672,0.24400782585144043
C:\Projects\TM470\data\processed\test\Entoloma\185_UK9hgsbXBR8.jpg,Entoloma/185_UK9hgsbXBR8.jpg,Entoloma,Inocybe,False,0.2619108259677887,0.0027987000066787,ResNet18_Corrected,test,0.016511162742972374,0.1468658298254013,0.0029639634303748608,0.043646439909935,0.14503544569015503,0.0031374029349535704,0.1571539044380188,0.2619108259677887,0.07349122315645218,0.0017472014296799898,0.14753660559654236
C:\Projects\TM470\data\processed\test\Entoloma\187_m0UFCsyH-Bs.jpg,Entoloma/187_m0UFCsyH-Bs.jpg,Entoloma,Hygrocybe,False,0.7487776279449463,0.0025209000014001,ResNet18_Corrected,test,6.297598156379536e-05,0.015190799720585346,0.000359327212208882,0.05279143899679184,0.04505036771297455,0.00029457968776114285,0.7487776279449463,0.03653647378087044,0.03569507226347923,0.00034141517244279385,0.0648999810218811
C:\Projects\TM470\data\processed\test\Entoloma\192_Tf_A1Q4bdco.jpg,Entoloma/192_Tf_A1Q4bdco.jpg,Entoloma,Boletus,False,0.6635000109672546,0.0042466999948374,ResNet18_Corrected,test,0.00011846215784316882,0.003698978340253234,0.6635000109672546,0.01215505413711071,0.0006504027405753732,0.00013195446808822453,0.00043837755220010877,0.2178196758031845,0.04028930142521858,0.004080499056726694,0.0571172833442688
C:\Projects\TM470\data\processed\test\Entoloma\195_tEj9VvcKoc8.jpg,Entoloma/195_tEj9VvcKoc8.jpg,Entoloma,Entoloma,True,0.4307746887207031,0.0042667000016081,ResNet18_Corrected,test,0.0006206448306329548,0.0010125299450010061,3.216561890440062e-05,0.3442477285861969,0.4307746887207031,0.00398067943751812,0.01875576376914978,0.1589602679014206,0.027105320245027542,0.0076492526568472385,0.0068609025329351425
C:\Projects\TM470\data\processed\test\Entoloma\202_FQWDsaZPytk.jpg,Entoloma/202_FQWDsaZPytk.jpg,Entoloma,Amanita,False,0.3080323338508606,0.0040993000002345,ResNet18_Corrected,test,0.028953872621059418,0.3080323338508606,0.065931037068367,0.026462756097316742,0.2192586362361908,0.002570896176621318,0.025096097961068153,0.012656833045184612,0.2234017252922058,0.07155874371528625,0.0160770695656538
C:\Projects\TM470\data\processed\test\Entoloma\213_xX7APSYep7c.jpg,Entoloma/213_xX7APSYep7c.jpg,Entoloma,Russula,False,0.3729868233203888,0.0042656999939936,ResNet18_Corrected,test,0.09277164936065674,0.176942840218544,0.0025927266106009483,0.22994767129421234,0.017023256048560143,0.0019194242777302861,0.008032134734094143,0.01694534160196781,0.0717085748910904,0.3729868233203888,0.009129492565989494
C:\Projects\TM470\data\processed\test\Entoloma\217_MQnUltdhEsM.jpg,Entoloma/217_MQnUltdhEsM.jpg,Entoloma,Russula,False,0.563633143901825,0.0040895999991334,ResNet18_Corrected,test,0.017871305346488953,0.05304167792201042,0.005597513634711504,0.1532326340675354,0.01849488355219364,2.5706631276989356e-05,0.0018593242857605219,0.0020556736271828413,0.1718987077474594,0.563633143901825,0.012289359234273434
C:\Projects\TM470\data\processed\test\Entoloma\221_aU7_BswojlM.jpg,Entoloma/221_aU7_BswojlM.jpg,Entoloma,Russula,False,0.851581871509552,0.0040736000009928,ResNet18_Corrected,test,0.010912937112152576,0.036596279591321945,0.0003403031441848725,0.026172347366809845,0.004672600422054529,1.172717475128593e-06,0.007677836809307337,0.0002264900249429047,0.05617014318704605,0.851581871509552,0.005647940095514059
C:\Projects\TM470\data\processed\test\Entoloma\225_3YNITN-NtWM.jpg,Entoloma/225_3YNITN-NtWM.jpg,Entoloma,Russula,False,0.8531489372253418,0.0043109999969601,ResNet18_Corrected,test,0.004732193425297737,0.003833985421806574,0.0036255039740353823,0.001391625264659524,0.0007631282787770033,9.944746892642797e-08,0.00020890301675535738,0.00046025594929233193,0.11128990352153778,0.8531489372253418,0.02054540254175663
C:\Projects\TM470\data\processed\test\Entoloma\244_5qYibVwYigY.jpg,Entoloma/244_5qYibVwYigY.jpg,Entoloma,Lactarius,False,0.7347326278686523,0.0040727000014157,ResNet18_Corrected,test,0.0020113096106797457,0.006801617331802845,0.0035308622755110264,0.018600953742861748,0.01694221794605255,9.276442938244145e-07,0.02949310652911663,0.005791608244180679,0.7347326278686523,0.11501757055521011,0.06707712262868881
C:\Projects\TM470\data\processed\test\Entoloma\247_ABBDuWCbqT0.jpg,Entoloma/247_ABBDuWCbqT0.jpg,Entoloma,Inocybe,False,0.5239871144294739,0.0040707000007387,ResNet18_Corrected,test,0.015515513718128204,0.09022292494773865,0.0033118673600256443,0.038484204560518265,0.17051289975643158,0.010306686162948608,0.051024843007326126,0.5239871144294739,0.06420126557350159,0.015227195806801319,0.017205510288476944
C:\Projects\TM470\data\processed\test\Entoloma\254_iO4rO5rmxLg.jpg,Entoloma/254_iO4rO5rmxLg.jpg,Entoloma,Lactarius,False,0.4910200536251068,0.0041001999998115,ResNet18_Corrected,test,0.005612380336970091,0.004744512494653463,0.004484908189624548,0.22112339735031128,0.030332915484905243,0.0091578783467412,0.00968216173350811,0.0459645539522171,0.4910200536251068,0.16569890081882477,0.012178409844636917
C:\Projects\TM470\data\processed\test\Entoloma\269_YSsglwYAx0A.jpg,Entoloma/269_YSsglwYAx0A.jpg,Entoloma,Lactarius,False,0.4328985810279846,0.0041337000002386,ResNet18_Corrected,test,0.036758940666913986,0.1596507579088211,0.0053489189594984055,0.034468404948711395,0.09051604568958282,0.00043815409298986197,0.00199882872402668,0.0370597280561924,0.4328985810279846,0.16393837332725525,0.036923304200172424
C:\Projects\TM470\data\processed\test\Entoloma\278_1UQ2eou4aVA.jpg,Entoloma/278_1UQ2eou4aVA.jpg,Entoloma,Amanita,False,0.3694356679916382,0.0041150999968522,ResNet18_Corrected,test,0.015756653621792793,0.3694356679916382,0.012109799310564995,0.011793186888098717,0.30866774916648865,0.0016061216592788696,0.061787065118551254,0.07625032961368561,0.10080616176128387,0.017832672223448753,0.0239546038210392
C:\Projects\TM470\data\processed\test\Entoloma\283_eWPMK-in8bA.jpg,Entoloma/283_eWPMK-in8bA.jpg,Entoloma,Lactarius,False,0.5229372978210449,0.0042580000008456,ResNet18_Corrected,test,0.0034898908343166113,0.013377347961068153,0.06438244879245758,0.04683171585202217,0.010517731308937073,0.00016791236703284085,0.026958100497722626,0.02300642617046833,0.5229372978210449,0.165039524435997,0.12329166382551193
C:\Projects\TM470\data\processed\test\Entoloma\307_bs3Q880w3uI.jpg,Entoloma/307_bs3Q880w3uI.jpg,Entoloma,Entoloma,True,0.2117466926574707,0.0042401999962748,ResNet18_Corrected,test,0.19819524884223938,0.08243003487586975,0.03998437151312828,0.029215991497039795,0.2117466926574707,0.0013250313932076097,0.06106502190232277,0.12811604142189026,0.10738027840852737,0.09972397983074188,0.04081728681921959
C:\Projects\TM470\data\processed\test\Entoloma\309_QMD8y_m-X9w.jpg,Entoloma/309_QMD8y_m-X9w.jpg,Entoloma,Entoloma,True,0.4174789488315582,0.0043502000044099,ResNet18_Corrected,test,0.004181112628430128,0.0031687843147665262,0.0008618541760370135,0.10478438436985016,0.4174789488315582,0.0016595239285379648,0.019362475723028183,0.086974136531353,0.3184410333633423,0.01849987357854843,0.024587897583842278
C:\Projects\TM470\data\processed\test\Entoloma\315_x2hPqvpEIm4.jpg,Entoloma/315_x2hPqvpEIm4.jpg,Entoloma,Lactarius,False,0.5469347238540649,0.0042261000053258,ResNet18_Corrected,test,0.02789028361439705,0.008431476540863514,0.059652090072631836,0.02648225799202919,0.17207875847816467,5.434474951471202e-05,0.003886148566380143,0.002565984847024083,0.5469347238540649,0.11562876403331757,0.03639518469572067
C:\Projects\TM470\data\processed\test\Entoloma\321_GSSvivRkKSs.jpg,Entoloma/321_GSSvivRkKSs.jpg,Entoloma,Lactarius,False,0.6758925318717957,0.004177199996775,ResNet18_Corrected,test,0.004596916493028402,0.10259639471769333,0.02275005169212818,0.00880816113203764,0.03738858550786972,0.0002157013805117458,0.0028030502144247293,0.00311991386115551,0.6758925318717957,0.1371297985315323,0.004698861390352249
C:\Projects\TM470\data\processed\test\Entoloma\323_T1uKKhFKYQo.jpg,Entoloma/323_T1uKKhFKYQo.jpg,Entoloma,Russula,False,0.7787209749221802,0.004222600000503,ResNet18_Corrected,test,0.0017044999403879046,0.006597498431801796,0.00029967614682391286,0.017185116186738014,0.001285679405555129,2.478389251336921e-05,0.0016306634061038494,0.012040901929140091,0.17104648053646088,0.7787209749221802,0.00946377869695425
C:\Projects\TM470\data\processed\test\Entoloma\333_1jBot7MZWes.jpg,Entoloma/333_1jBot7MZWes.jpg,Entoloma,Lactarius,False,0.6433339715003967,0.0041775999998208,ResNet18_Corrected,test,0.015598171390593052,0.01895660161972046,0.00011946823360631242,0.0033845817670226097,0.09327451139688492,5.6864209341256355e-08,0.05022958293557167,0.0012904718751087785,0.6433339715003967,0.10796806961297989,0.06584454327821732
C:\Projects\TM470\data\processed\test\Entoloma\337_CtXrNI3Aodw.jpg,Entoloma/337_CtXrNI3Aodw.jpg,Entoloma,Lactarius,False,0.7834784984588623,0.0041975999993155,ResNet18_Corrected,test,0.0007592563633807003,0.0031544340308755636,0.00016567614511586726,0.0002085525047732517,0.009981879033148289,6.528714635578581e-08,0.000981203862465918,6.717269570799544e-05,0.7834784984588623,0.1986868530511856,0.002516389125958085
C:\Projects\TM470\data\processed\test\Entoloma\344_uf0xKp6qwNQ.jpg,Entoloma/344_uf0xKp6qwNQ.jpg,Entoloma,Entoloma,True,0.8499147295951843,0.0041978000008384,ResNet18_Corrected,test,0.0030990028753876686,0.04761974886059761,5.0996794016100466e-05,0.0003801714919973165,0.8499147295951843,0.0007147936848923564,0.0063002402894198895,0.001553074922412634,0.07857351005077362,0.010228699073195457,0.0015650357818230987
C:\Projects\TM470\data\processed\test\Entoloma\349_PNzUfA1WO3M.jpg,Entoloma/349_PNzUfA1WO3M.jpg,Entoloma,Entoloma,True,0.5764058828353882,0.004089499998372,ResNet18_Corrected,test,0.02463388256728649,0.018524494022130966,7.460860797436908e-05,0.0007514014141634107,0.5764058828353882,3.351371091753208e-08,0.024335231631994247,0.00035292000393383205,0.2936698794364929,0.01788058876991272,0.043371111154556274
C:\Projects\TM470\data\processed\test\Entoloma\372_hriIdsNQgxI.jpg,Entoloma/372_hriIdsNQgxI.jpg,Entoloma,Lactarius,False,0.8844802379608154,0.0041447000039624,ResNet18_Corrected,test,1.2576218978210818e-05,0.0001496640470577404,5.54931684746407e-05,0.03300152346491814,0.00032679064315743744,1.1688383665386937e-06,0.015644993633031845,0.003539151046425104,0.8844802379608154,0.0010002173949033022,0.06178819760680199
C:\Projects\TM470\data\processed\test\Entoloma\380_OI9EjWusj9s.jpg,Entoloma/380_OI9EjWusj9s.jpg,Entoloma,Russula,False,0.3161398470401764,0.0042428000015206,ResNet18_Corrected,test,0.2825412452220917,0.03686609864234924,0.0002682767517399043,0.04468061774969101,0.07931232452392578,4.07246989198029e-06,0.0439675971865654,0.0594363659620285,0.07605931907892227,0.3161398470401764,0.06072423234581947
C:\Projects\TM470\data\processed\test\Entoloma\389_-8kqVUZsNtU.jpg,Entoloma/389_-8kqVUZsNtU.jpg,Entoloma,Amanita,False,0.2440427988767624,0.0042444999999133,ResNet18_Corrected,test,0.022995319217443466,0.2440427988767624,0.14036385715007782,0.015810556709766388,0.18357907235622406,0.05471893772482872,0.011330083012580872,0.09880437701940536,0.15053145587444305,0.022313455119729042,0.05551004782319069
C:\Projects\TM470\data\processed\test\Entoloma\391_u6_VQ5BQ3RQ.jpg,Entoloma/391_u6_VQ5BQ3RQ.jpg,Entoloma,Russula,False,0.3406226634979248,0.0041192999997292,ResNet18_Corrected,test,0.029105909168720245,0.0764293447136879,0.0314197838306427,0.017236648127436638,0.1470869779586792,0.0458592027425766,0.01036118995398283,0.18556542694568634,0.09797064960002899,0.3406226634979248,0.01834225468337536
C:\Projects\TM470\data\processed\test\Entoloma\394_I1aghwHRxKQ.jpg,Entoloma/394_I1aghwHRxKQ.jpg,Entoloma,Lactarius,False,0.3730678856372833,0.0041711000012583,ResNet18_Corrected,test,0.033480919897556305,0.007634756620973349,0.024280792102217674,0.04670988768339157,0.11973973363637924,1.2239371244504582e-05,0.038297027349472046,0.04732197895646095,0.3730678856372833,0.038837730884552,0.2706170976161957
C:\Projects\TM470\data\processed\test\Entoloma\396_P8a-mnDratQ.jpg,Entoloma/396_P8a-mnDratQ.jpg,Entoloma,Boletus,False,0.301773339509964,0.0043979000038234,ResNet18_Corrected,test,0.03840634971857071,0.059468112885951996,0.301773339509964,0.01173046138137579,0.030319446697831154,5.3773670515511185e-05,0.004132796544581652,0.046793382614851,0.18525773286819458,0.2753382623195648,0.04672631993889809
C:\Projects\TM470\data\processed\test\Entoloma\401_7lcXxESXcOc.jpg,Entoloma/401_7lcXxESXcOc.jpg,Entoloma,Cortinarius,False,0.5611794590950012,0.0042565999974613,ResNet18_Corrected,test,0.05882386490702629,0.008807904087007046,0.030685722827911377,0.5611794590950012,0.006782356649637222,0.006501280702650547,0.005669890437275171,0.12106513231992722,0.11289168149232864,0.014329491183161736,0.0732632502913475
C:\Projects\TM470\data\processed\test\Exidia\APE2016-9184941_SkxjRjQbBe.jpg,Exidia/APE2016-9184941_SkxjRjQbBe.jpg,Exidia,Exidia,True,0.9621938467025757,0.0052423999950406,ResNet18_Corrected,test,0.00013191133621148765,4.505064862314612e-05,4.715475733974017e-05,0.00866611860692501,0.00018265846301801503,0.9621938467025757,1.1044969141948968e-05,0.024207480251789093,0.00423108134418726,0.0002434525522403419,4.027763498015702e-05
C:\Projects\TM470\data\processed\test\Exidia\APE2017-9186106_r1lnuhbbvl.jpg,Exidia/APE2017-9186106_r1lnuhbbvl.jpg,Exidia,Exidia,True,0.715057373046875,0.0043147000033059,ResNet18_Corrected,test,0.010161390528082848,0.0910201370716095,0.007122723385691643,0.01571035385131836,0.04719717428088188,0.715057373046875,0.00647214287891984,0.041525036096572876,0.024839723482728004,0.0384584404528141,0.002435528440400958
C:\Projects\TM470\data\processed\test\Exidia\APE2017-9186594_S1gbav70Pg.jpg,Exidia/APE2017-9186594_S1gbav70Pg.jpg,Exidia,Exidia,True,0.9697830677032471,0.0042843999981414,ResNet18_Corrected,test,0.00031936270534060895,0.0007446409435942769,0.00015119428280740976,0.000910757458768785,0.0019229135941714048,0.9697830677032471,0.00013328908244147897,0.023586712777614594,0.0015623742947354913,0.0007750779623165727,0.00011052077024942264
C:\Projects\TM470\data\processed\test\Exidia\BEC2017-9186082_Bk5dpkxvg.jpg,Exidia/BEC2017-9186082_Bk5dpkxvg.jpg,Exidia,Amanita,False,0.22566264867782593,0.0044062999950256,ResNet18_Corrected,test,0.04664311558008194,0.22566264867782593,0.15113821625709534,0.08526632934808731,0.07977575063705444,0.09236972779035568,0.01086591836065054,0.01825302466750145,0.08562403917312622,0.18884363770484924,0.015557548962533474
C:\Projects\TM470\data\processed\test\Exidia\BEC2017-9186082_HkySBeewx.jpg,Exidia/BEC2017-9186082_HkySBeewx.jpg,Exidia,Exidia,True,0.5641897916793823,0.0041495999976177,ResNet18_Corrected,test,0.01543332077562809,0.011885233223438263,0.019794652238488197,0.10052599012851715,0.032214511185884476,0.5641897916793823,0.0044534699991345406,0.11197412759065628,0.10203135013580322,0.032182369381189346,0.005315186455845833
C:\Projects\TM470\data\processed\test\Exidia\BT2015PIC69830748.jpg,Exidia/BT2015PIC69830748.jpg,Exidia,Inocybe,False,0.5495385527610779,0.0040996000025188,ResNet18_Corrected,test,0.035129889845848083,0.006103954743593931,0.0226313304156065,0.044095367193222046,0.027721812948584557,0.09311654418706894,0.0038134169299155474,0.5495385527610779,0.09365623444318771,0.09537363797426224,0.028819233179092407
C:\Projects\TM470\data\processed\test\Exidia\BWP2010PIC21033449.jpg,Exidia/BWP2010PIC21033449.jpg,Exidia,Amanita,False,0.34627610445022583,0.0042563999959384,ResNet18_Corrected,test,0.12443183362483978,0.34627610445022583,0.01813439279794693,0.08798853307962418,0.025916146114468575,0.15613724291324615,0.02820475958287716,0.020273396745324135,0.09480971097946167,0.09248103946447372,0.00534682534635067
C:\Projects\TM470\data\processed\test\Exidia\BWP2010PIC26179585.jpg,Exidia/BWP2010PIC26179585.jpg,Exidia,Exidia,True,0.3761102557182312,0.0042436000003363,ResNet18_Corrected,test,0.07090114057064056,0.1317845582962036,0.009749316610395908,0.20148807764053345,0.003778755199164152,0.3761102557182312,0.013019980862736702,0.09398884326219559,0.050976529717445374,0.0361696258187294,0.012033002451062202
C:\Projects\TM470\data\processed\test\Exidia\BWP2010PIC63422920.jpg,Exidia/BWP2010PIC63422920.jpg,Exidia,Exidia,True,0.3761102557182312,0.00434910000331,ResNet18_Corrected,test,0.07090114057064056,0.1317845582962036,0.009749316610395908,0.20148807764053345,0.003778755199164152,0.3761102557182312,0.013019980862736702,0.09398884326219559,0.050976529717445374,0.0361696258187294,0.012033002451062202
C:\Projects\TM470\data\processed\test\Exidia\BWP2012PIC72778365.jpg,Exidia/BWP2012PIC72778365.jpg,Exidia,Exidia,True,0.5933567881584167,0.0042100999999092,ResNet18_Corrected,test,0.021217836067080498,0.061186183243989944,0.00813522282987833,0.018905164673924446,0.1271202713251114,0.5933567881584167,0.005980607122182846,0.09721850603818893,0.02746005170047283,0.03611239790916443,0.003306938335299492
C:\Projects\TM470\data\processed\test\Exidia\BWP2012PIC73866455.jpg,Exidia/BWP2012PIC73866455.jpg,Exidia,Entoloma,False,0.23541244864463806,0.004259399996954,ResNet18_Corrected,test,0.07130060344934464,0.06717924773693085,0.0815848559141159,0.07432489097118378,0.23541244864463806,0.08988924324512482,0.006030275020748377,0.07059324532747269,0.12223353981971741,0.14474165439605713,0.036709968000650406
C:\Projects\TM470\data\processed\test\Exidia\DI2017-9188574_Hk1cP3Tix.jpg,Exidia/DI2017-9188574_Hk1cP3Tix.jpg,Exidia,Exidia,True,0.9729142785072327,0.00434359999781,ResNet18_Corrected,test,0.00026984571013599634,0.010922376997768879,0.00018670073768589646,0.0029716440476477146,0.0003867994237225503,0.9729142785072327,0.00011686487414408475,0.01024019718170166,0.00166409183293581,0.00019193596381228417,0.00013534125173464417
C:\Projects\TM470\data\processed\test\Exidia\EAT2017-9188143_SkIXsq-ig.jpg,Exidia/EAT2017-9188143_SkIXsq-ig.jpg,Exidia,Exidia,True,0.9514171481132507,0.0042909999974654,ResNet18_Corrected,test,0.0004774231056217104,0.0037532260175794363,0.0001574064081069082,0.003704154398292303,0.017941109836101532,0.9514171481132507,0.001273540547117591,0.014740741811692715,0.005458409432321787,0.0009093965636566281,0.0001674549130257219
C:\Projects\TM470\data\processed\test\Exidia\FA2009PIC34033903.jpg,Exidia/FA2009PIC34033903.jpg,Exidia,Entoloma,False,0.2380296140909195,0.0042144999970332,ResNet18_Corrected,test,0.03806551545858383,0.20676589012145996,0.023226166144013405,0.016039788722991943,0.2380296140909195,0.012848359532654285,0.06845062971115112,0.12715432047843933,0.18334223330020905,0.03366467356681824,0.05241280421614647
C:\Projects\TM470\data\processed\test\Exidia\FA2009PIC41674148.jpg,Exidia/FA2009PIC41674148.jpg,Exidia,Lactarius,False,0.36905959248542786,0.0042568000062601,ResNet18_Corrected,test,0.016543589532375336,0.04011499509215355,0.024089014157652855,0.09198744595050812,0.03197202458977699,0.051528021693229675,0.009341714903712273,0.1888764500617981,0.36905959248542786,0.11499203741550446,0.06149505451321602
C:\Projects\TM470\data\processed\test\Exidia\FDE2014PIC40274346.jpg,Exidia/FDE2014PIC40274346.jpg,Exidia,Exidia,True,0.37395748496055603,0.0046676999991177,ResNet18_Corrected,test,0.005360654089599848,0.05783936008810997,0.023332571610808372,0.1542377918958664,0.00871690921485424,0.37395748496055603,0.006267030257731676,0.2953107953071594,0.05747612565755844,0.004796875640749931,0.012704357504844666
C:\Projects\TM470\data\processed\test\Exidia\FS2013PIC31639353.jpg,Exidia/FS2013PIC31639353.jpg,Exidia,Inocybe,False,0.4988832473754883,0.0042889000033028,ResNet18_Corrected,test,0.009001358412206173,0.030131733044981956,0.05186894163489342,0.0836058184504509,0.008148749358952045,0.061316974461078644,0.04018724709749222,0.4988832473754883,0.05459459871053696,0.12422876805067062,0.038032565265893936
C:\Projects\TM470\data\processed\test\Exidia\GLJ2012PIC77958863.jpg,Exidia/GLJ2012PIC77958863.jpg,Exidia,Amanita,False,0.48933732509613037,0.0043108999961987,ResNet18_Corrected,test,0.007821389473974705,0.48933732509613037,0.016190938651561737,0.02520051784813404,0.15798205137252808,0.05754835903644562,0.017359651625156403,0.05705718696117401,0.10741168260574341,0.02019255794584751,0.04389828070998192
C:\Projects\TM470\data\processed\test\Exidia\HM2012PIC53684895.jpg,Exidia/HM2012PIC53684895.jpg,Exidia,Exidia,True,0.8637967109680176,0.0043291999973007,ResNet18_Corrected,test,0.000896812416613102,0.041829876601696014,0.004405961371958256,0.003439004300162196,0.008606933057308197,0.8637967109680176,0.0020210598595440388,0.05986354127526283,0.011744754388928413,0.0006369276670739055,0.002758429618552327
C:\Projects\TM470\data\processed\test\Exidia\JAH2010PIC83850018.jpg,Exidia/JAH2010PIC83850018.jpg,Exidia,Entoloma,False,0.3468892276287079,0.0042720999990706,ResNet18_Corrected,test,0.10318926721811295,0.21371155977249146,0.002457153983414173,0.00937704462558031,0.3468892276287079,0.008262057788670063,0.014544106088578701,0.0028376388363540173,0.13463158905506134,0.16156598925590515,0.0025343704037368298
C:\Projects\TM470\data\processed\test\Exidia\JAH2011PIC50778683.jpg,Exidia/JAH2011PIC50778683.jpg,Exidia,Cortinarius,False,0.23448887467384338,0.0043167999974684,ResNet18_Corrected,test,0.020969262346625328,0.007909786887466908,0.012196375988423824,0.23448887467384338,0.02710052579641342,0.23383741080760956,0.0003939581220038235,0.07466863095760345,0.23246966302394867,0.1539272964000702,0.0020381829235702753
C:\Projects\TM470\data\processed\test\Exidia\JAH2012PIC31946080.jpg,Exidia/JAH2012PIC31946080.jpg,Exidia,Russula,False,0.22435511648654938,0.0042652999982237,ResNet18_Corrected,test,0.09742017090320587,0.1423274725675583,0.04298485070466995,0.05983865633606911,0.061972443014383316,0.11768995970487595,0.00543846283107996,0.06392980366945267,0.17607618868350983,0.22435511648654938,0.007966862060129642
C:\Projects\TM470\data\processed\test\Exidia\JAH2012PIC42360712.jpg,Exidia/JAH2012PIC42360712.jpg,Exidia,Exidia,True,0.6583206653594971,0.0043254999982309,ResNet18_Corrected,test,0.004919771570712328,0.0088129211217165,0.036990705877542496,0.09413865953683853,0.0027927120681852102,0.6583206653594971,0.0003254055045545101,0.11854615807533264,0.05559409782290459,0.017593545839190483,0.00196531368419528
C:\Projects\TM470\data\processed\test\Exidia\JAH2012PIC89993887.jpg,Exidia/JAH2012PIC89993887.jpg,Exidia,Entoloma,False,0.2731468677520752,0.0040704000057303,ResNet18_Corrected,test,0.026412516832351685,0.05019437149167061,0.013012553565204144,0.022608429193496704,0.2731468677520752,0.12731073796749115,0.01329855713993311,0.22952215373516083,0.0914728119969368,0.14121940732002258,0.011801552958786488
C:\Projects\TM470\data\processed\test\Exidia\JAJ2017-9185700_rkbkFjfUx.jpg,Exidia/JAJ2017-9185700_rkbkFjfUx.jpg,Exidia,Exidia,True,0.9520699977874756,0.0044639999978244,ResNet18_Corrected,test,0.00036241605994291604,0.01688467338681221,0.0012618001783266664,0.017616160213947296,0.00033933986560441554,0.9520699977874756,4.9581987696001306e-05,0.006184652913361788,0.004755342844873667,0.000441746466094628,3.422006921027787e-05
C:\Projects\TM470\data\processed\test\Exidia\JC2016-9184056_Byw5hr_Qx.jpg,Exidia/JC2016-9184056_Byw5hr_Qx.jpg,Exidia,Exidia,True,0.6714503765106201,0.0042603999972925,ResNet18_Corrected,test,0.003851882182061672,0.08103524893522263,0.013015141710639,0.053533364087343216,0.012768302112817764,0.6714503765106201,0.004454620648175478,0.11540232598781586,0.028341731056571007,0.006212293636053801,0.00993467029184103
C:\Projects\TM470\data\processed\test\Exidia\JCS2009PIC12309413.jpg,Exidia/JCS2009PIC12309413.jpg,Exidia,Exidia,True,0.9868564009666443,0.0042648000016924,ResNet18_Corrected,test,3.933376501663588e-05,8.984665328171104e-05,6.96426695867558e-06,0.0017897210782393813,0.0016877060988917947,0.9868564009666443,2.6637004339136183e-05,0.008110434748232365,0.0013168798759579659,7.035760791040957e-05,5.5995174079725984e-06
C:\Projects\TM470\data\processed\test\Exidia\JM2011PIC15975626.jpg,Exidia/JM2011PIC15975626.jpg,Exidia,Exidia,True,0.38721928000450134,0.0044166000006953,ResNet18_Corrected,test,0.011638420633971691,0.14505577087402344,0.01922912895679474,0.01864129863679409,0.0533459298312664,0.38721928000450134,0.004203957039862871,0.2537592351436615,0.03602446988224983,0.06744948029518127,0.00343304337002337
C:\Projects\TM470\data\processed\test\Exidia\JM2012PIC10429941.jpg,Exidia/JM2012PIC10429941.jpg,Exidia,Inocybe,False,0.45220816135406494,0.0045042999990982,ResNet18_Corrected,test,0.062244005501270294,0.009746703319251537,0.007719650398939848,0.02683006413280964,0.0021075184922665358,0.120424285531044,0.00036767398705706,0.45220816135406494,0.06271972507238388,0.24607408046722412,0.00955816451460123
C:\Projects\TM470\data\processed\test\Exidia\JM2016-9182928_HydQkTeMe.jpg,Exidia/JM2016-9182928_HydQkTeMe.jpg,Exidia,Exidia,True,0.49988695979118347,0.0044922000015503,ResNet18_Corrected,test,0.0020149650517851114,0.0010404105996713042,0.0006109332898631692,0.03823166713118553,0.15188096463680267,0.49988695979118347,0.0013909836998209357,0.07051273435354233,0.22403618693351746,0.00930505245923996,0.0010891042184084654
C:\Projects\TM470\data\processed\test\Exidia\JMI2017-9225941_BkUTwno3Z.jpg,Exidia/JMI2017-9225941_BkUTwno3Z.jpg,Exidia,Exidia,True,0.5246413946151733,0.0043330999978934,ResNet18_Corrected,test,0.006269842851907015,0.006849563680589199,0.0072760372422635555,0.011601206846535206,0.014804252423346043,0.5246413946151733,0.0016940735513344407,0.39076557755470276,0.013758968561887741,0.01643974892795086,0.005899295676499605
C:\Projects\TM470\data\processed\test\Exidia\JO2011PIC61426163.jpg,Exidia/JO2011PIC61426163.jpg,Exidia,Inocybe,False,0.37476876378059387,0.0047137000001384,ResNet18_Corrected,test,0.01495323609560728,0.02495783194899559,0.12871584296226501,0.08866755664348602,0.009491759352385998,0.05216888338327408,0.015826541930437088,0.37476876378059387,0.1019991859793663,0.09494516253471375,0.09350521862506866
C:\Projects\TM470\data\processed\test\Exidia\KMA2016-9182761_BJZkKzAWe.jpg,Exidia/KMA2016-9182761_BJZkKzAWe.jpg,Exidia,Russula,False,0.21292081475257874,0.0028900999968755,ResNet18_Corrected,test,0.03899505361914635,0.0061346921138465405,0.02738988772034645,0.17387329041957855,0.05013309419155121,0.16524142026901245,0.009373068809509277,0.17683157324790955,0.10704552382230759,0.21292081475257874,0.03206159546971321
C:\Projects\TM470\data\processed\test\Exidia\KNI2009PIC40725553.jpg,Exidia/KNI2009PIC40725553.jpg,Exidia,Cortinarius,False,0.4125644564628601,0.0025234999993699,ResNet18_Corrected,test,0.011347265914082527,0.0035037307534366846,0.004886757582426071,0.4125644564628601,0.04629174992442131,0.008688200265169144,0.028155984356999397,0.17075245082378387,0.21361875534057617,0.006393202114850283,0.09379739314317703
C:\Projects\TM470\data\processed\test\Exidia\KNK2014PIC59831810.jpg,Exidia/KNK2014PIC59831810.jpg,Exidia,Inocybe,False,0.3999049961566925,0.0025415000054636,ResNet18_Corrected,test,0.0029628423508256674,0.015537169761955738,0.021310728043317795,0.12506432831287384,0.019714701920747757,0.22702045738697052,0.016115641221404076,0.3999049961566925,0.13854128122329712,0.004519279580563307,0.029308583587408066
C:\Projects\TM470\data\processed\test\Exidia\MC2017-9190790_r1lwUvc0e.jpg,Exidia/MC2017-9190790_r1lwUvc0e.jpg,Exidia,Exidia,True,0.8951472043991089,0.0027314000035403,ResNet18_Corrected,test,0.0004127537540625781,0.00644110469147563,0.0013618192169815302,0.012034539133310318,0.002010717988014221,0.8951472043991089,0.00016112448065541685,0.0671776682138443,0.011839770711958408,0.0026984470896422863,0.000714791938662529
C:\Projects\TM470\data\processed\test\Exidia\MFC2016-9180603_HJlPfl0lxe.jpg,Exidia/MFC2016-9180603_HJlPfl0lxe.jpg,Exidia,Exidia,True,0.2994178533554077,0.0028658000010182,ResNet18_Corrected,test,0.007708584424108267,0.29781994223594666,0.015832455828785896,0.012384563684463501,0.1937435418367386,0.2994178533554077,0.0409652404487133,0.03058188036084175,0.042154137045145035,0.0554719977080822,0.0039198496378958225
C:\Projects\TM470\data\processed\test\Exidia\ML2009PIC13001963.jpg,Exidia/ML2009PIC13001963.jpg,Exidia,Entoloma,False,0.5427056550979614,0.0026565000007394,ResNet18_Corrected,test,0.0019319630227982998,0.014937294647097588,0.00034802884329110384,0.0038944424595683813,0.5427056550979614,0.40497660636901855,0.0032162582501769066,0.007791032083332539,0.018628844991326332,0.001314150053076446,0.0002557529369369149
C:\Projects\TM470\data\processed\test\Exidia\ML2011PIC18007945.jpg,Exidia/ML2011PIC18007945.jpg,Exidia,Exidia,True,0.4398762881755829,0.0025661999970907,ResNet18_Corrected,test,0.033846717327833176,0.012162289582192898,0.006873365491628647,0.049301136285066605,0.034181591123342514,0.4398762881755829,0.005887873470783234,0.265945166349411,0.07138790935277939,0.0668732076883316,0.013664484024047852
C:\Projects\TM470\data\processed\test\Exidia\ML2011PIC65179349.jpg,Exidia/ML2011PIC65179349.jpg,Exidia,Russula,False,0.5508163571357727,0.002648699999554,ResNet18_Corrected,test,0.03826429694890976,0.07882297039031982,0.03521275892853737,0.02747594192624092,0.10153605043888092,0.008207781240344048,0.01702842488884926,0.023358242586255074,0.10663533210754395,0.5508163571357727,0.012641766108572483
C:\Projects\TM470\data\processed\test\Exidia\MMN2010PIC69549468.jpg,Exidia/MMN2010PIC69549468.jpg,Exidia,Lactarius,False,0.2999068796634674,0.0042378999933134,ResNet18_Corrected,test,0.012833202257752419,0.007649568375200033,0.0034468492958694696,0.016675148159265518,0.29007774591445923,0.10570242255926132,0.007620655000209808,0.07848194986581802,0.2999068796634674,0.17476685345172882,0.0028387124184519053
C:\Projects\TM470\data\processed\test\Exidia\MMN2012PIC61631279.jpg,Exidia/MMN2012PIC61631279.jpg,Exidia,Exidia,True,0.4658236801624298,0.0042670999973779,ResNet18_Corrected,test,0.0018107406795024872,0.000644975109025836,0.0016839565942063928,0.41332846879959106,0.0008976755780167878,0.4658236801624298,0.0005106944008730352,0.0726754292845726,0.03293409198522568,0.008565331809222698,0.0011249101953580976
C:\Projects\TM470\data\processed\test\Exidia\MSO2011PIC32526200.jpg,Exidia/MSO2011PIC32526200.jpg,Exidia,Exidia,True,0.9331644177436829,0.0043072999978903,ResNet18_Corrected,test,0.0015395069494843483,0.016176609322428703,0.0011693357955664396,0.0036661140620708466,0.010797959752380848,0.9331644177436829,0.0011688184458762407,0.02332760952413082,0.00739191984757781,0.0004713281523436308,0.0011263772612437606
C:\Projects\TM470\data\processed\test\Exidia\MSO2012PIC15916968.jpg,Exidia/MSO2012PIC15916968.jpg,Exidia,Exidia,True,0.5539536476135254,0.0042400999955134,ResNet18_Corrected,test,0.0064349714666605,0.05044042319059372,0.004087146371603012,0.026558196172118187,0.024828631430864334,0.5539536476135254,0.0025428736116737127,0.24019160866737366,0.051466476172208786,0.033338312059640884,0.006157620809972286
C:\Projects\TM470\data\processed\test\Exidia\MSO2014PIC66151749.jpg,Exidia/MSO2014PIC66151749.jpg,Exidia,Lactarius,False,0.33940303325653076,0.0042840999958571,ResNet18_Corrected,test,0.01682993210852146,0.007138479501008987,0.0046811290085315704,0.09438376873731613,0.19766594469547272,0.051859673112630844,0.01580480858683586,0.19063572585582733,0.33940303325653076,0.018736064434051514,0.06286140531301498
C:\Projects\TM470\data\processed\test\Exidia\MSO2015PIC74895293.jpg,Exidia/MSO2015PIC74895293.jpg,Exidia,Inocybe,False,0.34552711248397827,0.0042348000060883,ResNet18_Corrected,test,0.010679253377020359,0.03733595460653305,0.046898771077394485,0.09487251192331314,0.014449410140514374,0.029438063502311707,0.05120820924639702,0.34552711248397827,0.1576196253299713,0.11893612891435623,0.09303493052721024
C:\Projects\TM470\data\processed\test\Exidia\MSO2016PIC23090222.jpg,Exidia/MSO2016PIC23090222.jpg,Exidia,Inocybe,False,0.22173212468624115,0.0043350999985705,ResNet18_Corrected,test,0.061261456459760666,0.04742927476763725,0.025718340650200844,0.06370378285646439,0.08205919712781906,0.08265934139490128,0.022386206313967705,0.22173212468624115,0.1308906227350235,0.2071027159690857,0.055056989192962646
C:\Projects\TM470\data\processed\test\Exidia\NHE2016-9180599_Byki66lel.jpg,Exidia/NHE2016-9180599_Byki66lel.jpg,Exidia,Exidia,True,0.5127609372138977,0.0040767000027699,ResNet18_Corrected,test,0.012022798880934715,0.15055453777313232,0.013044453226029873,0.05214446783065796,0.06204184144735336,0.5127609372138977,0.05389391630887985,0.045066557824611664,0.07979495078325272,0.007871663197875023,0.010803868062794209
C:\Projects\TM470\data\processed\test\Exidia\NVM2013PIC42485487.jpg,Exidia/NVM2013PIC42485487.jpg,Exidia,Cortinarius,False,0.3925810754299164,0.0041051000007428,ResNet18_Corrected,test,0.08308526873588562,0.03384951129555702,0.04837873950600624,0.3925810754299164,0.0053489431738853455,0.018445415422320366,0.0010323955211788416,0.08617815375328064,0.14740805327892303,0.1574651598930359,0.02622726373374462
C:\Projects\TM470\data\processed\test\Exidia\RSS2017-9188091_H1ey3FQyoe.jpg,Exidia/RSS2017-9188091_H1ey3FQyoe.jpg,Exidia,Inocybe,False,0.45652616024017334,0.0041148000018438,ResNet18_Corrected,test,0.0383085273206234,0.03966200724244118,0.021443216130137444,0.02316426672041416,0.02156621776521206,0.15093697607517242,0.007622731849551201,0.45652616024017334,0.04173673316836357,0.18053187429904938,0.018501294776797295
C:\Projects\TM470\data\processed\test\Exidia\TAK2013PIC32572675.jpg,Exidia/TAK2013PIC32572675.jpg,Exidia,Exidia,True,0.870091438293457,0.0041140000030281,ResNet18_Corrected,test,0.0019332082010805607,0.0005362308002077043,0.0004587407747749239,0.002744261873885989,0.001272995606996119,0.870091438293457,0.00022431915567722172,0.0920562818646431,0.02596190944314003,0.0044781225733459,0.00024251399736385792
C:\Projects\TM470\data\processed\test\Exidia\TIL2017-9190084_BJQTBLw6px.jpg,Exidia/TIL2017-9190084_BJQTBLw6px.jpg,Exidia,Exidia,True,0.38342541456222534,0.0041968999939854,ResNet18_Corrected,test,0.022283347323536873,0.31550365686416626,0.10329154878854752,0.03871949017047882,0.007545803673565388,0.38342541456222534,0.0002991246001329273,0.09487922489643097,0.019328054040670395,0.0103718601167202,0.00435247179120779
C:\Projects\TM470\data\processed\test\Exidia\TKH2012PIC10624779.jpg,Exidia/TKH2012PIC10624779.jpg,Exidia,Exidia,True,0.4425531327724457,0.00422460000118,ResNet18_Corrected,test,0.0029671203810721636,0.06829236447811127,0.005886260885745287,0.02461375668644905,0.2500443756580353,0.4425531327724457,0.010923554189503193,0.09957033395767212,0.08288048952817917,0.005743767134845257,0.006524898577481508
C:\Projects\TM470\data\processed\test\Exidia\TKH2013PIC59849237.jpg,Exidia/TKH2013PIC59849237.jpg,Exidia,Russula,False,0.5510283708572388,0.0042457000017748,ResNet18_Corrected,test,0.10464436560869217,0.1052180603146553,0.011290673166513443,0.007540113292634487,0.024887362495064735,0.0002618632570374757,0.0022701064590364695,0.0161240603774786,0.15894098579883575,0.5510283708572388,0.01779410056769848
C:\Projects\TM470\data\processed\test\Exidia\TKH2015PIC23528165.jpg,Exidia/TKH2015PIC23528165.jpg,Exidia,Inocybe,False,0.46095967292785645,0.0042433999988134,ResNet18_Corrected,test,0.03623868525028229,0.05183085799217224,0.06793950498104095,0.02910141833126545,0.02697117254137993,0.1414908468723297,0.011067617684602737,0.46095967292785645,0.029450293630361557,0.10747359693050385,0.037476327270269394
C:\Projects\TM470\data\processed\test\Exidia\TL2015PIC58388718.jpg,Exidia/TL2015PIC58388718.jpg,Exidia,Exidia,True,0.4385611414909363,0.0041134000057354,ResNet18_Corrected,test,0.002941553248092532,0.07296206057071686,0.002836819039657712,0.09660070389509201,0.1607528030872345,0.4385611414909363,0.04975610226392746,0.023538196459412575,0.13385507464408875,0.015359197743237019,0.0028363752644509077
C:\Projects\TM470\data\processed\test\Exidia\TL2015PIC80481245.jpg,Exidia/TL2015PIC80481245.jpg,Exidia,Agaricus,False,0.26365482807159424,0.0041291000015917,ResNet18_Corrected,test,0.26365482807159424,0.190078467130661,0.004300700966268778,0.0869266539812088,0.06917046010494232,0.020057782530784607,0.008387820795178413,0.16823133826255798,0.13154783844947815,0.04330546781420708,0.014338599517941475
C:\Projects\TM470\data\processed\test\Exidia\TL2016-9182730_HykuO06Zg.jpg,Exidia/TL2016-9182730_HykuO06Zg.jpg,Exidia,Exidia,True,0.5810871124267578,0.004084000000148,ResNet18_Corrected,test,0.0031709999311715364,0.10760091245174408,0.014512301422655582,0.016353212296962738,0.00853503867983818,0.5810871124267578,0.0056256577372550964,0.1739247739315033,0.07508524507284164,0.0019246649462729692,0.012180151417851448
C:\Projects\TM470\data\processed\test\Exidia\TOB2015PIC38267487.jpg,Exidia/TOB2015PIC38267487.jpg,Exidia,Exidia,True,0.8501051664352417,0.0040768999970168,ResNet18_Corrected,test,0.005155870225280523,0.0061346557922661304,0.0012922335881739855,0.03427835553884506,0.0013956561451777816,0.8501051664352417,0.0004273726372048259,0.06801427155733109,0.02439197711646557,0.008391428738832474,0.00041309534572064877
C:\Projects\TM470\data\processed\test\Exidia\TOB2016-9184524_S10gErNNl.jpg,Exidia/TOB2016-9184524_S10gErNNl.jpg,Exidia,Inocybe,False,0.3493238091468811,0.0041020999997272,ResNet18_Corrected,test,0.1112261563539505,0.13196386396884918,0.013714415952563286,0.036386314779520035,0.011830477975308895,0.013776256702840328,0.0038577925879508257,0.3493238091468811,0.14800192415714264,0.1374937742948532,0.0424252487719059
C:\Projects\TM470\data\processed\test\Exidia\TS2010PIC71382964.jpg,Exidia/TS2010PIC71382964.jpg,Exidia,Exidia,True,0.5705211162567139,0.0046780999982729,ResNet18_Corrected,test,0.017086021602153778,0.05914612486958504,0.01750018447637558,0.11160751432180405,0.015080929733812809,0.5705211162567139,0.003591940039768815,0.0607130229473114,0.09575081616640091,0.03972465172410011,0.009277685545384884
C:\Projects\TM470\data\processed\test\Exidia\TS2013PIC55827351.jpg,Exidia/TS2013PIC55827351.jpg,Exidia,Exidia,True,0.8416732549667358,0.0041608000028645,ResNet18_Corrected,test,0.007424028590321541,0.002445186721161008,0.0007946918485686183,0.022126011550426483,0.0013164577540010214,0.8416732549667358,8.774070010986179e-05,0.10217364132404327,0.012406217865645885,0.009141741320490837,0.00041108144796453416
C:\Projects\TM470\data\processed\test\Exidia\TS2016PIC29053644.jpg,Exidia/TS2016PIC29053644.jpg,Exidia,Amanita,False,0.48222705721855164,0.0025839000009,ResNet18_Corrected,test,0.013898644596338272,0.48222705721855164,0.0011355162132531404,0.043757498264312744,0.010005321353673935,0.3282996416091919,0.008815794251859188,0.044146113097667694,0.05325028672814369,0.013063464313745499,0.0014007092686370015
C:\Projects\TM470\data\processed\test\Exidia\TS2016PIC39839225.jpg,Exidia/TS2016PIC39839225.jpg,Exidia,Entoloma,False,0.3172551393508911,0.0025456000003032,ResNet18_Corrected,test,0.021263334900140762,0.1275734007358551,0.022756047546863556,0.009557417593896389,0.3172551393508911,0.007206536829471588,0.026343226432800293,0.1483645737171173,0.07947386056184769,0.2281893640756607,0.012017039582133293
C:\Projects\TM470\data\processed\test\Exidia\UFN2017-9192300_S1ZikyZeW.jpg,Exidia/UFN2017-9192300_S1ZikyZeW.jpg,Exidia,Exidia,True,0.895806610584259,0.0024522000021534,ResNet18_Corrected,test,0.002945268526673317,0.059078749269247055,0.00019476329907774925,0.010518624447286129,0.0008831509621813893,0.895806610584259,0.00014978862600401044,0.027051249518990517,0.0025931899435818195,0.0005792759475298226,0.00019934623560402542
C:\Projects\TM470\data\processed\test\Exidia\UFN2017-9192376_BkicKxmgb.jpg,Exidia/UFN2017-9192376_BkicKxmgb.jpg,Exidia,Exidia,True,0.5826212167739868,0.002635700002429,ResNet18_Corrected,test,0.014257119037210941,0.021887795999646187,0.008755902759730816,0.021919090300798416,0.011801088228821754,0.5826212167739868,0.0013698675902560353,0.24829643964767456,0.05911918729543686,0.02223222143948078,0.007740111090242863
C:\Projects\TM470\data\processed\test\Hygrocybe\000_ZNTZP3tXkz8.jpg,Hygrocybe/000_ZNTZP3tXkz8.jpg,Hygrocybe,Hygrocybe,True,0.813660740852356,0.0026264999978593,ResNet18_Corrected,test,8.388071728404611e-05,0.00727850804105401,0.0006432922673411667,0.0531284362077713,0.02632841095328331,0.0003030878724530339,0.813660740852356,0.009241864085197449,0.06756679713726044,0.000956344127189368,0.020808622241020203
C:\Projects\TM470\data\processed\test\Hygrocybe\003_r_0kZgNW3Tc.jpg,Hygrocybe/003_r_0kZgNW3Tc.jpg,Hygrocybe,Cortinarius,False,0.5524167418479919,0.0025323000008938,ResNet18_Corrected,test,0.00013486016541719437,0.0001732074742903933,3.802321998591651e-06,0.5524167418479919,0.003019263967871666,2.7496780603541993e-06,0.39084869623184204,0.006471377331763506,0.007357987575232983,0.0014361506327986717,0.03813513368368149
C:\Projects\TM470\data\processed\test\Hygrocybe\004_uURYojZQbjQ.jpg,Hygrocybe/004_uURYojZQbjQ.jpg,Hygrocybe,Hygrocybe,True,0.5308789014816284,0.0025635999991209,ResNet18_Corrected,test,0.0004692378861363977,0.0052107395604252815,0.0013731252402067184,0.07995288819074631,0.04206377640366554,8.899200452106015e-07,0.5308789014816284,0.004434259608387947,0.1571362167596817,0.019624140113592148,0.15885582566261292
C:\Projects\TM470\data\processed\test\Hygrocybe\012_LItejlRJ918.jpg,Hygrocybe/012_LItejlRJ918.jpg,Hygrocybe,Inocybe,False,0.45765241980552673,0.0027639999971142,ResNet18_Corrected,test,0.0027880247216671705,0.018565546721220016,0.002245220122858882,0.052463363856077194,0.026284778490662575,0.0005022133118472993,0.215453639626503,0.45765241980552673,0.14426152408123016,0.024818794801831245,0.05496443435549736
C:\Projects\TM470\data\processed\test\Hygrocybe\022_NycgOWqKPEA.jpg,Hygrocybe/022_NycgOWqKPEA.jpg,Hygrocybe,Lactarius,False,0.5020245313644409,0.0026667999991332,ResNet18_Corrected,test,4.10617831221316e-05,0.00048686936497688293,0.0008195801638066769,0.07205545902252197,0.0003878987627103925,8.360728998013656e-07,0.06773752719163895,0.012662542052567005,0.5020245313644409,0.02596825174987316,0.3178154528141022
C:\Projects\TM470\data\processed\test\Hygrocybe\030_AQ4o1Xm4AL0.jpg,Hygrocybe/030_AQ4o1Xm4AL0.jpg,Hygrocybe,Hygrocybe,True,0.5868611931800842,0.0042682000057538,ResNet18_Corrected,test,0.006189510691910982,0.13338451087474823,0.003095851745456457,0.09261209517717361,0.0457238145172596,0.00014413773897103965,0.5868611931800842,0.006126268766820431,0.034213606268167496,0.033163491636514664,0.05848556384444237
C:\Projects\TM470\data\processed\test\Hygrocybe\032_DZ1xy6htm0M.jpg,Hygrocybe/032_DZ1xy6htm0M.jpg,Hygrocybe,Russula,False,0.9185827374458313,0.0041426999960094,ResNet18_Corrected,test,0.007823232561349869,0.00557308504357934,0.0011152103543281555,0.004006956238299608,0.000503178802318871,1.311883238486189e-06,0.010469675064086914,0.000639532576315105,0.0448339506983757,0.9185827374458313,0.006451182067394257
C:\Projects\TM470\data\processed\test\Hygrocybe\040_3txjJQ9iLYI.jpg,Hygrocybe/040_3txjJQ9iLYI.jpg,Hygrocybe,Hygrocybe,True,0.8197112083435059,0.0041001999998115,ResNet18_Corrected,test,9.987796511268243e-05,0.017246145755052567,0.0030288773123174906,0.025128304958343506,0.0002807461132761091,4.673843432101421e-05,0.8197112083435059,0.08600649982690811,0.009059203788638115,0.004043110180646181,0.03534921631217003
C:\Projects\TM470\data\processed\test\Hygrocybe\045_TJd-2TQFv10.jpg,Hygrocybe/045_TJd-2TQFv10.jpg,Hygrocybe,Hygrocybe,True,0.8196490406990051,0.0041828999965218,ResNet18_Corrected,test,6.96214337949641e-05,0.025098767131567,0.0004296292026992887,0.028191443532705307,0.0034738441463559866,1.9631730538094416e-05,0.8196490406990051,0.013606558553874493,0.07459605485200882,0.008430399000644684,0.0264350064098835
C:\Projects\TM470\data\processed\test\Hygrocybe\049_XD-_-BeBBR4.jpg,Hygrocybe/049_XD-_-BeBBR4.jpg,Hygrocybe,Hygrocybe,True,0.7666297554969788,0.0042336999977123,ResNet18_Corrected,test,5.696572770830244e-06,0.0004329005314502865,3.686364652821794e-05,0.08625634014606476,0.00014002907846588641,8.156971489370335e-07,0.7666297554969788,0.005449932999908924,0.04796525835990906,0.0017859241925179958,0.09129641205072403
C:\Projects\TM470\data\processed\test\Hygrocybe\050_ubNntQr-eWE.jpg,Hygrocybe/050_ubNntQr-eWE.jpg,Hygrocybe,Hygrocybe,True,0.9008329510688782,0.0030423999996855,ResNet18_Corrected,test,8.363890202645052e-08,5.204082845011726e-05,5.139417567079363e-07,0.02326926216483116,1.4597563904317212e-06,1.9144483220934205e-10,0.9008329510688782,3.3699761843308806e-05,0.026596160605549812,0.00017871108138933778,0.04903510957956314
C:\Projects\TM470\data\processed\test\Hygrocybe\056_cGxyxb6UHGk.jpg,Hygrocybe/056_cGxyxb6UHGk.jpg,Hygrocybe,Russula,False,0.446394681930542,0.0025798999995458,ResNet18_Corrected,test,0.015146943740546703,0.025058437138795853,0.03262268006801605,0.08907713741064072,0.007232272531837225,0.00250391592271626,0.05072309076786041,0.03937704488635063,0.1807168871164322,0.446394681930542,0.11114686727523804
C:\Projects\TM470\data\processed\test\Hygrocybe\070_WNKPUMir-JY.jpg,Hygrocybe/070_WNKPUMir-JY.jpg,Hygrocybe,Hygrocybe,True,0.32197636365890503,0.0025270000041928,ResNet18_Corrected,test,1.526597588963341e-05,0.0026347199454903603,0.0006290331366471946,0.27264392375946045,0.00994401890784502,1.2476265510485973e-05,0.32197636365890503,9.083037730306387e-05,0.1468561738729477,0.24203765392303467,0.0031595572363585234
C:\Projects\TM470\data\processed\test\Hygrocybe\072_G-fOGmTh3jY.jpg,Hygrocybe/072_G-fOGmTh3jY.jpg,Hygrocybe,Hygrocybe,True,0.920440137386322,0.0025658000013208,ResNet18_Corrected,test,3.4288714232388884e-05,0.008773495443165302,0.0011888727312907577,0.007468349300324917,0.00025799317518249154,2.1264988845359767e-06,0.920440137386322,0.0013507172698155046,0.021930251270532608,0.010583436116576195,0.027970343828201294
C:\Projects\TM470\data\processed\test\Hygrocybe\076_HGEpcAdN9KE.jpg,Hygrocybe/076_HGEpcAdN9KE.jpg,Hygrocybe,Hygrocybe,True,0.7667741179466248,0.0025211999964085,ResNet18_Corrected,test,2.996591319970321e-05,0.008568965829908848,0.0004156016802880913,0.08327627182006836,0.00019203669216949493,2.4000981284189038e-05,0.7667741179466248,0.017882853746414185,0.03474082052707672,0.005487054120749235,0.08260828256607056
C:\Projects\TM470\data\processed\test\Hygrocybe\081_puYZ4KzYSqs.jpg,Hygrocybe/081_puYZ4KzYSqs.jpg,Hygrocybe,Cortinarius,False,0.6775144338607788,0.0025320999993709,ResNet18_Corrected,test,0.00028397366986609995,0.002138095675036311,0.025420261546969414,0.6775144338607788,0.002043770160526037,0.0014632907696068287,0.0962228998541832,0.041043538600206375,0.0670827329158783,0.06028596684336662,0.0265010017901659
C:\Projects\TM470\data\processed\test\Hygrocybe\107_8A2HnEVmiKo.jpg,Hygrocybe/107_8A2HnEVmiKo.jpg,Hygrocybe,Hygrocybe,True,0.3444196581840515,0.0025222999975085,ResNet18_Corrected,test,0.002135453512892127,0.016659624874591827,0.015914442017674446,0.06810489296913147,0.002221636474132538,5.609002187156875e-07,0.3444196581840515,0.0027640340849757195,0.1554388552904129,0.08667013794183731,0.30567067861557007
C:\Projects\TM470\data\processed\test\Hygrocybe\112_qr7hsvuhJZ0.jpg,Hygrocybe/112_qr7hsvuhJZ0.jpg,Hygrocybe,Hygrocybe,True,0.7264890670776367,0.0026024999970104,ResNet18_Corrected,test,0.0003100163594353944,0.0008644293411634862,0.0016537075862288475,0.10062335431575775,0.0007901411154307425,1.2767008001901559e-06,0.7264890670776367,0.0012553669512271881,0.03291221335530281,0.018298054113984108,0.11680235713720322
C:\Projects\TM470\data\processed\test\Hygrocybe\126_0gAqgiheOxI.jpg,Hygrocybe/126_0gAqgiheOxI.jpg,Hygrocybe,Hygrocybe,True,0.4254259169101715,0.0024257999975816,ResNet18_Corrected,test,1.414405141986208e-05,0.001100438996218145,0.00015229043492581695,0.024591850116848946,1.9142595192533918e-05,5.4764949908303606e-08,0.4254259169101715,0.0007321989396587014,0.1854536384344101,0.3069189786911011,0.05559141933917999
C:\Projects\TM470\data\processed\test\Hygrocybe\127_XCKEujZlVek.jpg,Hygrocybe/127_XCKEujZlVek.jpg,Hygrocybe,Lactarius,False,0.2911743223667145,0.0024884000013116,ResNet18_Corrected,test,8.904335845727473e-05,0.04121292755007744,0.015498426742851734,0.09609208256006241,0.0006466249469667673,9.500429769104812e-06,0.2663220465183258,0.02121691033244133,0.2911743223667145,0.03554882854223251,0.2321893572807312
C:\Projects\TM470\data\processed\test\Hygrocybe\129_j8zgmU7QMxU.jpg,Hygrocybe/129_j8zgmU7QMxU.jpg,Hygrocybe,Hygrocybe,True,0.954051673412323,0.0025534000014886,ResNet18_Corrected,test,2.073701580229681e-06,0.0010077091865241528,4.6696237404830754e-05,0.009981141425669193,4.50108818768058e-05,1.2336103694110534e-08,0.954051673412323,2.6735495339380577e-05,0.009419200010597706,0.020446257665753365,0.004973567556589842
C:\Projects\TM470\data\processed\test\Hygrocybe\132_tuQX6vBvZRk.jpg,Hygrocybe/132_tuQX6vBvZRk.jpg,Hygrocybe,Hygrocybe,True,0.9582983255386353,0.0025327000039396,ResNet18_Corrected,test,6.420763156711473e-07,0.00011384826939320192,9.185153612634167e-05,0.01708277314901352,4.2363590182503685e-06,4.6787707042028615e-09,0.9582983255386353,2.5211884349118918e-05,0.005896943621337414,0.011627417989075184,0.006858805660158396
C:\Projects\TM470\data\processed\test\Hygrocybe\133_3_ieL2NtOF0.jpg,Hygrocybe/133_3_ieL2NtOF0.jpg,Hygrocybe,Hygrocybe,True,0.8335279822349548,0.0022768000053474,ResNet18_Corrected,test,2.250884790555574e-05,0.0004085565160494298,0.0011351107386872172,0.024354267865419388,3.207314875908196e-05,1.6753311626871437e-08,0.8335279822349548,0.000551103032194078,0.028007827699184418,0.06783021986484528,0.04413032904267311
C:\Projects\TM470\data\processed\test\Hygrocybe\142_bhwsyvZtIY0.jpg,Hygrocybe/142_bhwsyvZtIY0.jpg,Hygrocybe,Entoloma,False,0.43988439440727234,0.0024436999956378,ResNet18_Corrected,test,0.00973616074770689,0.014577041380107403,0.000581552623771131,0.011060448363423347,0.43988439440727234,0.001802837010473013,0.03395300358533859,0.03413644805550575,0.40435925126075745,0.019423620775341988,0.030485225841403008
C:\Projects\TM470\data\processed\test\Hygrocybe\153_vIb6t4IHEzM.jpg,Hygrocybe/153_vIb6t4IHEzM.jpg,Hygrocybe,Hygrocybe,True,0.9288259744644165,0.002518900000723,ResNet18_Corrected,test,1.0132118404726498e-05,0.001411912147887051,8.371147850994021e-05,0.011886131018400192,0.00026927856379188597,1.6641894262647838e-07,0.9288259744644165,0.00048215955030173063,0.03652545064687729,0.005584378261119127,0.014920689165592194
C:\Projects\TM470\data\processed\test\Hygrocybe\159_Ymge5g1qpP4.jpg,Hygrocybe/159_Ymge5g1qpP4.jpg,Hygrocybe,Cortinarius,False,0.34166187047958374,0.0024900000062189,ResNet18_Corrected,test,0.0006489581428468227,0.012964349240064621,0.11822081357240677,0.34166187047958374,0.0005337756592780352,0.0001899800990941003,0.2323121577501297,0.0010097915073856711,0.10636540502309799,0.14530599117279053,0.04078695923089981
C:\Projects\TM470\data\processed\test\Hygrocybe\167_0dmBJfGHH8c.jpg,Hygrocybe/167_0dmBJfGHH8c.jpg,Hygrocybe,Hygrocybe,True,0.9388245940208435,0.0025862999973469,ResNet18_Corrected,test,6.3153572682495e-07,0.00028899635071866214,9.203455556416884e-05,0.013818515464663506,2.5734721020853613e-06,2.9607939211473422e-08,0.9388245940208435,0.0030986852943897247,0.010075680911540985,0.0024872198700904846,0.03131113573908806
C:\Projects\TM470\data\processed\test\Hygrocybe\181_GCIMCymbYLk.jpg,Hygrocybe/181_GCIMCymbYLk.jpg,Hygrocybe,Russula,False,0.7579548954963684,0.0026013000024249,ResNet18_Corrected,test,0.0012329447781667113,0.002582889748737216,0.005381510592997074,0.1013583093881607,0.005092969164252281,0.0002905690053012222,0.008389554917812347,0.005693383049219847,0.10060824453830719,0.7579548954963684,0.01141472440212965
C:\Projects\TM470\data\processed\test\Hygrocybe\188_5IJ0j3yYEyk.jpg,Hygrocybe/188_5IJ0j3yYEyk.jpg,Hygrocybe,Russula,False,0.9066563844680786,0.0025607999996282,ResNet18_Corrected,test,0.000438167859101668,2.9423958039842546e-05,5.305614831740968e-05,0.006216874811798334,0.000988106126897037,1.5848483636560218e-09,0.0017478156369179487,2.8481399567681365e-06,0.08326487988233566,0.9066563844680786,0.0006025580805726349
C:\Projects\TM470\data\processed\test\Hygrocybe\201_9i5OZWNQwG0.jpg,Hygrocybe/201_9i5OZWNQwG0.jpg,Hygrocybe,Hygrocybe,True,0.9552757740020752,0.0024869999979273,ResNet18_Corrected,test,3.018235474883113e-06,0.0003589823027141392,1.635977423575241e-05,0.020260492339730263,0.0009274862240999937,1.5926090782159008e-05,0.9552757740020752,0.007791396230459213,0.005815200507640839,0.00010450977424625307,0.009430908598005772
C:\Projects\TM470\data\processed\test\Hygrocybe\203_Z33ahTENL0Q.jpg,Hygrocybe/203_Z33ahTENL0Q.jpg,Hygrocybe,Hygrocybe,True,0.6735100150108337,0.0025813999964157,ResNet18_Corrected,test,0.00017974898219108582,0.013397653587162495,0.0007302892045117915,0.03624582290649414,0.002560513326898217,1.9436295133345993e-06,0.6735100150108337,0.011000344529747963,0.1391979604959488,0.010993590578436852,0.11218205839395523
C:\Projects\TM470\data\processed\test\Hygrocybe\205_pVtK0sC_qAE.jpg,Hygrocybe/205_pVtK0sC_qAE.jpg,Hygrocybe,Inocybe,False,0.46397864818573,0.0025909999967552,ResNet18_Corrected,test,0.0014662622706964612,0.04396457597613335,0.014698516577482224,0.07417915761470795,0.0015683402307331562,0.003994546364992857,0.31001201272010803,0.46397864818573,0.013948740437626839,0.02837236598134041,0.04381673410534859
C:\Projects\TM470\data\processed\test\Hygrocybe\216_jDgNLEnykyU.jpg,Hygrocybe/216_jDgNLEnykyU.jpg,Hygrocybe,Hygrocybe,True,0.6413217782974243,0.0026007999986177,ResNet18_Corrected,test,0.00041812966810539365,0.004610528703778982,1.4226193343347404e-05,0.0918458104133606,0.02117994800209999,5.8534483287076e-06,0.6413217782974243,0.014881382696330547,0.14790478348731995,0.01078550610691309,0.06703208386898041
C:\Projects\TM470\data\processed\test\Hygrocybe\225_KKCj-5wLqCA.jpg,Hygrocybe/225_KKCj-5wLqCA.jpg,Hygrocybe,Entoloma,False,0.38630932569503784,0.0025375000041094,ResNet18_Corrected,test,0.02286050096154213,0.19404244422912598,0.001527865999378264,0.003378004767000675,0.38630932569503784,1.1477002772153355e-05,0.03477248176932335,0.0010397194419056177,0.0961093157529831,0.25325071811676025,0.006698158569633961
C:\Projects\TM470\data\processed\test\Hygrocybe\227_L3z3XTxXk78.jpg,Hygrocybe/227_L3z3XTxXk78.jpg,Hygrocybe,Russula,False,0.9198718070983887,0.002577300001576,ResNet18_Corrected,test,0.004506926983594894,0.012437677010893822,0.0005374641623347998,0.003818349912762642,0.021004410460591316,2.4849268243087863e-07,0.014497299678623676,0.00015001413703430444,0.019101513549685478,0.9198718070983887,0.004074308089911938
C:\Projects\TM470\data\processed\test\Hygrocybe\230_yk2KrQJOQS8.jpg,Hygrocybe/230_yk2KrQJOQS8.jpg,Hygrocybe,Lactarius,False,0.3238039016723633,0.0024846000014804,ResNet18_Corrected,test,0.005744432099163532,0.12704572081565857,0.0009349426254630089,0.00840673130005598,0.31502974033355713,0.0007383178453892469,0.027135714888572693,0.002705285558477044,0.3238039016723633,0.18609750270843506,0.0023577664978802204
C:\Projects\TM470\data\processed\test\Hygrocybe\240_7wFT2NzNJsA.jpg,Hygrocybe/240_7wFT2NzNJsA.jpg,Hygrocybe,Hygrocybe,True,0.29268649220466614,0.0025368000060552,ResNet18_Corrected,test,0.0032616634853184223,0.22039560973644257,0.011438075453042984,0.056556444615125656,0.022431250661611557,9.067725477507338e-05,0.29268649220466614,0.01962682604789734,0.20760643482208252,0.09429845213890076,0.07160811871290207
C:\Projects\TM470\data\processed\test\Hygrocybe\253_IgK1gMXB7S0.jpg,Hygrocybe/253_IgK1gMXB7S0.jpg,Hygrocybe,Lactarius,False,0.4993329644203186,0.0026021000012406,ResNet18_Corrected,test,0.01739870011806488,0.04742884635925293,0.007250321563333273,0.007998478598892689,0.08703643083572388,0.00010432181443320587,0.013559824787080288,0.00583152798935771,0.4993329644203186,0.27242401242256165,0.04163457825779915
C:\Projects\TM470\data\processed\test\Hygrocybe\257_LPbsa5Oitj0.jpg,Hygrocybe/257_LPbsa5Oitj0.jpg,Hygrocybe,Lactarius,False,0.3778153359889984,0.0025812000021687,ResNet18_Corrected,test,2.946202403109055e-05,0.003961731214076281,8.787769911577925e-05,0.10866791009902954,0.00010109588038176298,5.881487368242233e-07,0.28369835019111633,0.005455280188471079,0.3778153359889984,0.07660339027643204,0.14357897639274597
C:\Projects\TM470\data\processed\test\Hygrocybe\271_wkoF4DRryAY.jpg,Hygrocybe/271_wkoF4DRryAY.jpg,Hygrocybe,Amanita,False,0.4033380448818207,0.0025710000045364,ResNet18_Corrected,test,0.00322519987821579,0.4033380448818207,0.026085685938596725,0.013222631067037582,0.0014832614688202739,4.2168719005530875e-07,0.026976855471730232,0.03976937010884285,0.1979546695947647,0.08402082324028015,0.2039230316877365
C:\Projects\TM470\data\processed\test\Hygrocybe\272_-uL1iUddkKE.jpg,Hygrocybe/272_-uL1iUddkKE.jpg,Hygrocybe,Lactarius,False,0.4788958430290222,0.0025276000014855,ResNet18_Corrected,test,0.0014905912103131413,0.0007076949696056545,0.0016087512485682964,0.023035235702991486,0.002462927484884858,5.201714429858839e-06,0.009304351173341274,0.0007791775278747082,0.4788958430290222,0.4580100178718567,0.023700226098299026
C:\Projects\TM470\data\processed\test\Hygrocybe\279_qMPhGAtE9-E.jpg,Hygrocybe/279_qMPhGAtE9-E.jpg,Hygrocybe,Suillus,False,0.43983739614486694,0.0025714000003063,ResNet18_Corrected,test,0.00010311461664969102,0.03880515322089195,0.005237936042249203,0.06969766318798065,0.0005261691985651851,3.943753654311877e-06,0.2529832124710083,0.024326976388692856,0.1606951653957367,0.007783354725688696,0.43983739614486694
C:\Projects\TM470\data\processed\test\Hygrocybe\287_V13XWthHpss.jpg,Hygrocybe/287_V13XWthHpss.jpg,Hygrocybe,Suillus,False,0.3878318667411804,0.002576200000476,ResNet18_Corrected,test,0.0002983774174936116,0.016907917335629463,0.008572627790272236,0.15259206295013428,0.0005501607083715498,1.1522005479491781e-05,0.3057546615600586,0.031075304374098778,0.09096293896436691,0.005442501977086067,0.3878318667411804
C:\Projects\TM470\data\processed\test\Hygrocybe\292_RJnjsciXCNM.jpg,Hygrocybe/292_RJnjsciXCNM.jpg,Hygrocybe,Hygrocybe,True,0.8590351343154907,0.0025440000026719,ResNet18_Corrected,test,6.185868528518768e-07,0.0002203201875090599,3.140856051686569e-06,0.01340114139020443,2.6427633201819845e-06,1.226676427101836e-09,0.8590351343154907,0.000338069221470505,0.07796453684568405,0.004694701638072729,0.044339753687381744
C:\Projects\TM470\data\processed\test\Hygrocybe\299_VBHrsAmQC-E.jpg,Hygrocybe/299_VBHrsAmQC-E.jpg,Hygrocybe,Hygrocybe,True,0.8720125555992126,0.002561199995398,ResNet18_Corrected,test,0.0009182568173855543,0.0207203421741724,0.00044249024358578026,0.003695880761370063,0.0009719039662741125,8.592654126005073e-07,0.8720125555992126,0.003300407202914357,0.02395024336874485,0.06818874180316925,0.005798386409878731
C:\Projects\TM470\data\processed\test\Hygrocybe\301_vp5CIThqt4k.jpg,Hygrocybe/301_vp5CIThqt4k.jpg,Hygrocybe,Hygrocybe,True,0.5959075689315796,0.0025132000009762,ResNet18_Corrected,test,3.970695615862496e-06,7.573300536023453e-05,1.1890448149642907e-05,0.08997145295143127,4.373750925878994e-06,5.102243605392687e-08,0.5959075689315796,0.010373101569712162,0.10960380733013153,0.0008591897203586996,0.19318887591362
C:\Projects\TM470\data\processed\test\Hygrocybe\314_tDtKkHcGxRM.jpg,Hygrocybe/314_tDtKkHcGxRM.jpg,Hygrocybe,Russula,False,0.7524694204330444,0.0026593000002321,ResNet18_Corrected,test,3.1895071970211575e-06,5.3211617341730744e-05,1.6667019735905342e-05,0.005345361772924662,2.0082329683646094e-06,3.1607782363662906e-11,0.226830393075943,1.7254658359888708e-06,0.009458660148084164,0.7524694204330444,0.0058193751610815525
C:\Projects\TM470\data\processed\test\Hygrocybe\325_rro3hIu1Nqw.jpg,Hygrocybe/325_rro3hIu1Nqw.jpg,Hygrocybe,Lactarius,False,0.22119413316249847,0.0025973000010708,ResNet18_Corrected,test,0.003410165896639228,0.04769020527601242,0.02637021616101265,0.13496646285057068,0.012064507231116295,0.00016975172911770642,0.18219822645187378,0.12315169721841812,0.22119413316249847,0.03843854367733002,0.21034598350524902
C:\Projects\TM470\data\processed\test\Inocybe\AE2013PIC74694917.jpg,Inocybe/AE2013PIC74694917.jpg,Inocybe,Inocybe,True,0.450695276260376,0.0026464000038686,ResNet18_Corrected,test,0.01592862233519554,0.020243335515260696,0.013405227102339268,0.035102490335702896,0.08051270991563797,0.20360562205314636,0.007467884570360184,0.450695276260376,0.05702518671751022,0.09813028573989868,0.017883379012346268
C:\Projects\TM470\data\processed\test\Inocybe\AE2015PIC76548267.jpg,Inocybe/AE2015PIC76548267.jpg,Inocybe,Lactarius,False,0.3657923638820648,0.0025787000049604,ResNet18_Corrected,test,0.02868209034204483,0.0852806344628334,0.10244406014680862,0.08354753255844116,0.003895852481946349,0.000460137176560238,0.0016011135885491967,0.04573289677500725,0.3657923638820648,0.23022496700286865,0.05233845114707947
C:\Projects\TM470\data\processed\test\Inocybe\AS2010PIC58249290.jpg,Inocybe/AS2010PIC58249290.jpg,Inocybe,Inocybe,True,0.9510730504989624,0.002531899997848,ResNet18_Corrected,test,0.0013117579510435462,0.0005101129063405097,2.105126259266399e-05,0.015960577875375748,0.0008470541797578335,0.021169308573007584,9.263438550988212e-05,0.9510730504989624,0.0036621401086449623,0.004250592552125454,0.0011016868520528078
C:\Projects\TM470\data\processed\test\Inocybe\AS2017-9214269_rygo0WejZ.jpg,Inocybe/AS2017-9214269_rygo0WejZ.jpg,Inocybe,Russula,False,0.8243499398231506,0.0025811000014073,ResNet18_Corrected,test,0.0017902388935908675,0.00014035639469511807,0.003678157227113843,0.012417842634022236,0.00036945572355762124,5.000208602723433e-06,4.738454663311131e-05,0.006079374812543392,0.14472965896129608,0.8243499398231506,0.00639259023591876
C:\Projects\TM470\data\processed\test\Inocybe\BWP2010PIC63790785.jpg,Inocybe/BWP2010PIC63790785.jpg,Inocybe,Inocybe,True,0.30338433384895325,0.0026155000014114,ResNet18_Corrected,test,0.001296964823268354,0.061298172920942307,0.0003051536332350224,0.15736602246761322,0.025838272646069527,5.026133294450119e-05,0.26094305515289307,0.30338433384895325,0.03668782487511635,0.0023210139479488134,0.15050891041755676
C:\Projects\TM470\data\processed\test\Inocybe\BWP2011PIC57986404.jpg,Inocybe/BWP2011PIC57986404.jpg,Inocybe,Inocybe,True,0.9078525900840759,0.0025692999988677,ResNet18_Corrected,test,0.0023443775717169046,4.1703326132846996e-05,0.0005358281196095049,0.0007686756434850395,0.004683765582740307,0.04571298137307167,0.00016626709839329123,0.9078525900840759,0.034282080829143524,0.002651994116604328,0.000959753873758018
C:\Projects\TM470\data\processed\test\Inocybe\BWP2013PIC14438171.jpg,Inocybe/BWP2013PIC14438171.jpg,Inocybe,Russula,False,0.7876944541931152,0.0025683000058052,ResNet18_Corrected,test,0.002235647989436984,0.0014155531534925103,0.00012943509500473738,0.0809992104768753,0.0011489223688840866,2.6326870283810422e-05,0.00080402463208884,0.028313778340816498,0.08896797150373459,0.7876944541931152,0.008264702744781971
C:\Projects\TM470\data\processed\test\Inocybe\BWP2015PIC54111483.jpg,Inocybe/BWP2015PIC54111483.jpg,Inocybe,Russula,False,0.21595008671283722,0.0026099999959114,ResNet18_Corrected,test,0.0746980533003807,0.04028338938951492,0.0379256047308445,0.09887697547674179,0.035208508372306824,0.13923820853233337,0.018768509849905968,0.19064652919769287,0.1197495311498642,0.21595008671283722,0.028654633089900017
C:\Projects\TM470\data\processed\test\Inocybe\BWP2015PIC66105035.jpg,Inocybe/BWP2015PIC66105035.jpg,Inocybe,Entoloma,False,0.5074954628944397,0.0024778000006335,ResNet18_Corrected,test,0.03734556585550308,0.13968726992607117,0.014962521381676197,0.016867712140083313,0.5074954628944397,0.079611636698246,0.012056232430040836,0.0698796883225441,0.04526471719145775,0.06951110810041428,0.00731810973957181
C:\Projects\TM470\data\processed\test\Inocybe\BWP2016-9169400_r1cjMF0O.jpg,Inocybe/BWP2016-9169400_r1cjMF0O.jpg,Inocybe,Cortinarius,False,0.3498745262622833,0.0025256000008084,ResNet18_Corrected,test,0.10800875723361969,0.10453934222459793,0.005293719936162233,0.3498745262622833,0.0003754276840481907,0.0008626371272839606,0.0007484006928279996,0.14657911658287048,0.03486428037285805,0.20333920419216156,0.04551459848880768
C:\Projects\TM470\data\processed\test\Inocybe\BWP2016-9169400_ryGAfY0u.jpg,Inocybe/BWP2016-9169400_ryGAfY0u.jpg,Inocybe,Amanita,False,0.2954293489456177,0.0025259000030928,ResNet18_Corrected,test,0.01681962050497532,0.2954293489456177,0.15843583643436432,0.08349905908107758,0.007697011809796095,0.002029845956712961,0.0022135647013783455,0.04778873920440674,0.15837399661540985,0.1790168732404709,0.048696111887693405
C:\Projects\TM470\data\processed\test\Inocybe\CL2011PIC55659604.jpg,Inocybe/CL2011PIC55659604.jpg,Inocybe,Amanita,False,0.273990273475647,0.0030135000051814,ResNet18_Corrected,test,0.009790437296032906,0.273990273475647,0.11926208436489105,0.019245056435465813,0.09941378235816956,0.2683124542236328,0.032477959990501404,0.09733237326145172,0.02251656912267208,0.03157513961195946,0.02608387917280197
C:\Projects\TM470\data\processed\test\Inocybe\DB2013PIC33800138.jpg,Inocybe/DB2013PIC33800138.jpg,Inocybe,Inocybe,True,0.8226162791252136,0.002817499997036,ResNet18_Corrected,test,0.006231409031897783,0.006090629380196333,0.0015891395742073655,0.0313018262386322,0.012189510278403759,0.06267204880714417,0.003694236744195223,0.8226162791252136,0.016799496486783028,0.015637366101145744,0.021178068593144417
C:\Projects\TM470\data\processed\test\Inocybe\DB2013PIC42730442.jpg,Inocybe/DB2013PIC42730442.jpg,Inocybe,Inocybe,True,0.5473939776420593,0.0028297999961068,ResNet18_Corrected,test,0.0038710646331310272,0.030569393187761307,1.2843654985772446e-05,0.3750859200954437,0.009748278185725212,0.003778176149353385,0.006294862367212772,0.5473939776420593,0.012671688571572304,0.003132158424705267,0.007441593799740076
C:\Projects\TM470\data\processed\test\Inocybe\DB2013PIC57804056.jpg,Inocybe/DB2013PIC57804056.jpg,Inocybe,Inocybe,True,0.8939507603645325,0.0027843000061693,ResNet18_Corrected,test,0.00033175043063238263,0.0025874318089336157,3.300919615867315e-06,0.03655152767896652,0.04343792796134949,0.01745658926665783,0.0016474948497489095,0.8939507603645325,0.000937054690439254,4.5213957491796464e-05,0.003050983650609851
C:\Projects\TM470\data\processed\test\Inocybe\DB2013PIC89729265.jpg,Inocybe/DB2013PIC89729265.jpg,Inocybe,Inocybe,True,0.5940280556678772,0.0048906000010902,ResNet18_Corrected,test,0.0005843766266480088,0.31967893242836,0.0001360111782560125,0.0062591261230409145,0.003457224229350686,0.00020176629186607897,0.0004430890257935971,0.5940280556678772,0.01946365088224411,0.0029540734831243753,0.052793730050325394
C:\Projects\TM470\data\processed\test\Inocybe\EAT2012PIC64084765.jpg,Inocybe/EAT2012PIC64084765.jpg,Inocybe,Lactarius,False,0.2806423306465149,0.0047978000002331,ResNet18_Corrected,test,0.01473318412899971,0.08973324298858643,0.015450641512870789,0.038378287106752396,0.17980524897575378,0.017172954976558685,0.08802381157875061,0.2060401737689972,0.2806423306465149,0.005390328820794821,0.06462977826595306
C:\Projects\TM470\data\processed\test\Inocybe\EAT2012PIC84850246.jpg,Inocybe/EAT2012PIC84850246.jpg,Inocybe,Inocybe,True,0.845660924911499,0.0043656999987433,ResNet18_Corrected,test,0.00019151893502566963,0.009294616989791393,2.4603445126558654e-05,0.040554650127887726,0.006631508935242891,0.00024029325868468732,0.04072025418281555,0.845660924911499,0.021124934777617455,0.00019887051894329488,0.035357896238565445
C:\Projects\TM470\data\processed\test\Inocybe\EAT2013PIC54191345.jpg,Inocybe/EAT2013PIC54191345.jpg,Inocybe,Hygrocybe,False,0.43195632100105286,0.0043112999992445,ResNet18_Corrected,test,0.0005353805609047413,0.03674335405230522,0.003785119391977787,0.03799087181687355,0.02461535483598709,0.0005576458643190563,0.43195632100105286,0.21828018128871918,0.154348224401474,0.002137485658749938,0.08905012160539627
C:\Projects\TM470\data\processed\test\Inocybe\EAT2014PIC42270599.jpg,Inocybe/EAT2014PIC42270599.jpg,Inocybe,Amanita,False,0.5471749901771545,0.0045264000000315,ResNet18_Corrected,test,0.11062676459550858,0.5471749901771545,0.02907467819750309,0.025440780445933342,0.029966792091727257,0.0006598801119253039,0.006394222844392061,0.09963825345039368,0.06937741488218307,0.024183379486203194,0.05746281147003174
C:\Projects\TM470\data\processed\test\Inocybe\EAT2015PIC87367583.jpg,Inocybe/EAT2015PIC87367583.jpg,Inocybe,Inocybe,True,0.2583482265472412,0.0043844000028911,ResNet18_Corrected,test,0.0002778354973997921,0.08376020938158035,0.0026580023113638163,0.13459369540214539,0.0024169832468032837,0.0005467539303936064,0.2578068673610687,0.2583482265472412,0.17136438190937042,0.009364939294755459,0.07886213064193726
C:\Projects\TM470\data\processed\test\Inocybe\EAT2015PIC89289492.jpg,Inocybe/EAT2015PIC89289492.jpg,Inocybe,Inocybe,True,0.3729007840156555,0.0045392999963951,ResNet18_Corrected,test,0.002039696555584669,0.10439074784517288,0.013589905574917793,0.04308413341641426,0.06971217691898346,0.0011809688294306397,0.13711898028850555,0.3729007840156555,0.14362452924251556,0.002579970983788371,0.10977818816900253
C:\Projects\TM470\data\processed\test\Inocybe\EAT2017-9208647_BJQtzKntb.jpg,Inocybe/EAT2017-9208647_BJQtzKntb.jpg,Inocybe,Agaricus,False,0.24303607642650604,0.0045915000009699,ResNet18_Corrected,test,0.24303607642650604,0.0408179834485054,0.1451849490404129,0.014128188602626324,0.012800290249288082,1.4439549886446912e-05,0.001096307416446507,0.08810873329639435,0.21397821605205536,0.14137454330921173,0.09946023672819138
C:\Projects\TM470\data\processed\test\Inocybe\FDE2011PIC86172261.jpg,Inocybe/FDE2011PIC86172261.jpg,Inocybe,Inocybe,True,0.4732847213745117,0.0042107999979634,ResNet18_Corrected,test,0.002652153605595231,0.03561610355973244,0.0075767915695905685,0.012639149092137814,0.0047350977547466755,4.55511653854046e-05,0.0077737243846058846,0.4732847213745117,0.2839682400226593,0.0503634437918663,0.12134505808353424
C:\Projects\TM470\data\processed\test\Inocybe\FDE2012PIC64061850.jpg,Inocybe/FDE2012PIC64061850.jpg,Inocybe,Lactarius,False,0.3989567458629608,0.004323099994508,ResNet18_Corrected,test,0.0019074873998761177,0.11086923629045486,0.009026453830301762,0.026523051783442497,0.016015930101275444,0.00010433498391648754,0.021696290001273155,0.23950320482254028,0.3989567458629608,0.11902481317520142,0.05637246370315552
C:\Projects\TM470\data\processed\test\Inocybe\FS2012PIC59633008.jpg,Inocybe/FS2012PIC59633008.jpg,Inocybe,Inocybe,True,0.25024938583374023,0.0043105000004288,ResNet18_Corrected,test,0.0085892453789711,0.15930014848709106,0.04969370365142822,0.08402124792337418,0.02760077454149723,0.0008260076283477247,0.15923115611076355,0.25024938583374023,0.07004355639219284,0.013364891521632671,0.17707988619804382
C:\Projects\TM470\data\processed\test\Inocybe\JAH2014PIC52290371.jpg,Inocybe/JAH2014PIC52290371.jpg,Inocybe,Russula,False,0.43830111622810364,0.0041875999959302,ResNet18_Corrected,test,0.08869216591119766,0.03208961337804794,0.002056877361610532,0.07745105773210526,0.039373818784952164,0.025210117921233177,0.019031759351491928,0.07434102892875671,0.1918582171201706,0.43830111622810364,0.011594276875257492
C:\Projects\TM470\data\processed\test\Inocybe\JCS2009PIC20338594.jpg,Inocybe/JCS2009PIC20338594.jpg,Inocybe,Inocybe,True,0.4591124951839447,0.0043599999989965,ResNet18_Corrected,test,0.00034157748450525105,0.0160063449293375,6.550777015945641e-06,0.10086122900247574,0.17854075133800507,5.126402174937539e-05,0.20559003949165344,0.4591124951839447,0.018300862982869148,0.0019029546529054642,0.01928599923849106
C:\Projects\TM470\data\processed\test\Inocybe\JCS2013PIC22587806.jpg,Inocybe/JCS2013PIC22587806.jpg,Inocybe,Inocybe,True,0.7059388756752014,0.0042277999964426,ResNet18_Corrected,test,0.03381990268826485,0.00470262486487627,0.00027884152950719,0.17456698417663574,0.016239702701568604,0.03179757297039032,0.0006472701788879931,0.7059388756752014,0.01838602125644684,0.005748326890170574,0.00787387602031231
C:\Projects\TM470\data\processed\test\Inocybe\JCS2013PIC43012548.jpg,Inocybe/JCS2013PIC43012548.jpg,Inocybe,Inocybe,True,0.5653843283653259,0.0041764000052353,ResNet18_Corrected,test,0.007952900603413582,0.010880614630877972,0.00012801382399629802,0.23768191039562225,0.09629039466381073,0.0003523952909745276,0.0138245215639472,0.5653843283653259,0.007689456921070814,0.007301716599613428,0.0525137297809124
C:\Projects\TM470\data\processed\test\Inocybe\JCS2013PIC83427178.jpg,Inocybe/JCS2013PIC83427178.jpg,Inocybe,Lactarius,False,0.358498215675354,0.0040797000037855,ResNet18_Corrected,test,0.013811790384352207,0.06349579244852066,0.0012511463137343526,0.09390494972467422,0.25517991185188293,8.990066271508113e-05,0.038742795586586,0.09394555538892746,0.358498215675354,0.027501242235302925,0.053578704595565796
C:\Projects\TM470\data\processed\test\Inocybe\JHC2017-9196021_r1DJCAiXW.jpg,Inocybe/JHC2017-9196021_r1DJCAiXW.jpg,Inocybe,Russula,False,0.3389682173728943,0.0042173999972874,ResNet18_Corrected,test,0.10885708779096603,0.2403346449136734,0.04421456530690193,0.013383056968450546,0.0015058888820931315,3.2474756153533235e-05,0.0005046829464845359,0.09788037836551666,0.0664304867386818,0.3389682173728943,0.08788857609033585
C:\Projects\TM470\data\processed\test\Inocybe\JHC2017-9201118_B1VmZiXPZ.jpg,Inocybe/JHC2017-9201118_B1VmZiXPZ.jpg,Inocybe,Lactarius,False,0.3938008248806,0.0046750999972573,ResNet18_Corrected,test,0.028013968840241432,0.07090892642736435,0.006636341102421284,0.06726861745119095,0.024100596085190773,0.0036884862929582596,0.0049371179193258286,0.25377872586250305,0.3938008248806,0.0978044643998146,0.049061909317970276
C:\Projects\TM470\data\processed\test\Inocybe\JHC2017-9207705_H16Z0hStW.jpg,Inocybe/JHC2017-9207705_H16Z0hStW.jpg,Inocybe,Inocybe,True,0.4789118766784668,0.0046946000002208,ResNet18_Corrected,test,0.02205023542046547,0.018772147595882416,0.00025745679158717394,0.048763129860162735,0.14194802939891815,0.0018841852433979511,0.023625779896974564,0.4789118766784668,0.18197670578956604,0.04410972818732262,0.03770069777965546
C:\Projects\TM470\data\processed\test\Inocybe\JM2012PIC76798409.jpg,Inocybe/JM2012PIC76798409.jpg,Inocybe,Inocybe,True,0.7349032759666443,0.0030406999940169,ResNet18_Corrected,test,0.0012104996712878346,0.02784879505634308,0.00022918150352779776,0.02073732763528824,0.13797909021377563,0.004844303242862225,0.04666250944137573,0.7349032759666443,0.005610702559351921,0.0003140842018183321,0.0196602251380682
C:\Projects\TM470\data\processed\test\Inocybe\JM2014PIC65927854.jpg,Inocybe/JM2014PIC65927854.jpg,Inocybe,Inocybe,True,0.5702075362205505,0.0027982000028714,ResNet18_Corrected,test,0.00444804085418582,0.013690241612493992,0.0005624575424008071,0.05051575228571892,0.1668032705783844,0.0357002317905426,0.009347875602543354,0.5702075362205505,0.10309779644012451,0.028168311342597008,0.017458559945225716
C:\Projects\TM470\data\processed\test\Inocybe\JM2017-9200086_HkgcxFo28W.jpg,Inocybe/JM2017-9200086_HkgcxFo28W.jpg,Inocybe,Russula,False,0.5594016909599304,0.0027629999967757,ResNet18_Corrected,test,0.015265557914972305,0.04998191446065903,0.06564930081367493,0.06995095312595367,0.007805465254932642,0.011258364655077457,0.037544168531894684,0.07366739958524704,0.08338534086942673,0.5594016909599304,0.026089850813150406
C:\Projects\TM470\data\processed\test\Inocybe\JM2017-9200086_rkceKj2LZ.jpg,Inocybe/JM2017-9200086_rkceKj2LZ.jpg,Inocybe,Russula,False,0.4834231436252594,0.0026753999991342,ResNet18_Corrected,test,0.06517837196588516,0.03715987130999565,0.04622040316462517,0.11440467834472656,0.006306354887783527,0.03417707234621048,0.013946586288511753,0.05827099457383156,0.12047287821769714,0.4834231436252594,0.020439743995666504
C:\Projects\TM470\data\processed\test\Inocybe\JM2017-9202674_ByodB43P-.jpg,Inocybe/JM2017-9202674_ByodB43P-.jpg,Inocybe,Russula,False,0.5805407166481018,0.0041588000021874,ResNet18_Corrected,test,0.11565453559160233,0.0033105320762842894,0.0035524985287338495,0.09903336316347122,0.004134321119636297,0.0003365978191141039,0.0013589350273832679,0.05902545526623726,0.11964671313762665,0.5805407166481018,0.013406318612396717
C:\Projects\TM470\data\processed\test\Inocybe\KNI2015PIC36175674.jpg,Inocybe/KNI2015PIC36175674.jpg,Inocybe,Lactarius,False,0.3755933940410614,0.0025728000036906,ResNet18_Corrected,test,0.014146069996058941,0.03640105947852135,0.006327533628791571,0.18146784603595734,0.0014073889469727874,0.003908000886440277,0.09546962380409241,0.12283428013324738,0.3755933940410614,0.06435908377170563,0.09808574616909027
C:\Projects\TM470\data\processed\test\Inocybe\LDJ2009PIC30690154.jpg,Inocybe/LDJ2009PIC30690154.jpg,Inocybe,Inocybe,True,0.5363144278526306,0.0027797000002465,ResNet18_Corrected,test,0.06561067700386047,0.1626426726579666,0.0023895257618278265,0.0017041850369423628,0.008372507989406586,2.867436342057772e-05,0.0031068697571754456,0.5363144278526306,0.1025460958480835,0.0677897110581398,0.04949462041258812
C:\Projects\TM470\data\processed\test\Inocybe\MACH2016-9178188_S1cpNX6A.jpg,Inocybe/MACH2016-9178188_S1cpNX6A.jpg,Inocybe,Exidia,False,0.4505644142627716,0.0026727000004029,ResNet18_Corrected,test,0.0023752835113555193,0.16360682249069214,0.005316883325576782,0.005723884794861078,0.008918174542486668,0.4505644142627716,0.005203923210501671,0.3237602710723877,0.029209159314632416,0.0013323891907930374,0.0039888182654976845
C:\Projects\TM470\data\processed\test\Inocybe\MAV2010PIC78400496.jpg,Inocybe/MAV2010PIC78400496.jpg,Inocybe,Inocybe,True,0.4573114216327667,0.0027838000023621,ResNet18_Corrected,test,6.380552076734602e-05,0.009078701958060265,0.0033930253703147173,0.10697098076343536,0.006210289429873228,5.790569048258476e-05,0.2055416852235794,0.4573114216327667,0.06160220131278038,0.00159928435459733,0.14817066490650177
C:\Projects\TM470\data\processed\test\Inocybe\MAV2011PIC87756495.jpg,Inocybe/MAV2011PIC87756495.jpg,Inocybe,Cortinarius,False,0.24419493973255157,0.0043190999931539,ResNet18_Corrected,test,0.02719906158745289,0.12612812221050262,0.05775580182671547,0.24419493973255157,0.0050317104905843735,0.001656151725910604,0.016201114282011986,0.18702563643455505,0.17611117660999298,0.0362074077129364,0.12248894572257996
C:\Projects\TM470\data\processed\test\Inocybe\MAV2013PIC41670341.jpg,Inocybe/MAV2013PIC41670341.jpg,Inocybe,Lactarius,False,0.2759522795677185,0.0026514999990467,ResNet18_Corrected,test,0.017011091113090515,0.026624266058206558,0.0552392341196537,0.1930440366268158,0.005202788859605789,0.015219451859593391,0.01189314667135477,0.15280722081661224,0.2759522795677185,0.1412200629711151,0.10578644275665283
C:\Projects\TM470\data\processed\test\Inocybe\ML2012PIC15959384.jpg,Inocybe/ML2012PIC15959384.jpg,Inocybe,Russula,False,0.41987499594688416,0.0025516000023344,ResNet18_Corrected,test,0.0355357900261879,0.027089953422546387,0.07993800193071365,0.05122287943959236,0.009620714001357555,0.044108547270298004,0.011126714758574963,0.21595615148544312,0.07575809955596924,0.41987499594688416,0.029768142849206924
C:\Projects\TM470\data\processed\test\Inocybe\MMN2010PIC77085274.jpg,Inocybe/MMN2010PIC77085274.jpg,Inocybe,Amanita,False,0.8506061434745789,0.0026743999987957,ResNet18_Corrected,test,0.016360539942979813,0.8506061434745789,0.0022977383341640234,0.0032767432276159525,0.0002316512691322714,4.276774845379805e-08,0.00011245532368775457,0.00016495185263920575,0.006140288431197405,0.11556629091501236,0.005243238992989063
C:\Projects\TM470\data\processed\test\Inocybe\MS2009PIC48014779.jpg,Inocybe/MS2009PIC48014779.jpg,Inocybe,Entoloma,False,0.4577817916870117,0.0026167999967583,ResNet18_Corrected,test,0.01936773955821991,0.012223287485539913,0.0005275632138364017,0.015373647212982178,0.4577817916870117,0.06326698511838913,0.005077374633401632,0.1698324829339981,0.2265772819519043,0.02098480798304081,0.008987047709524632
C:\Projects\TM470\data\processed\test\Inocybe\MS2009PIC76598275.jpg,Inocybe/MS2009PIC76598275.jpg,Inocybe,Inocybe,True,0.5781003832817078,0.0026397999972687,ResNet18_Corrected,test,0.016836019232869148,0.011990820989012718,0.010508810169994831,0.028822172433137894,0.0026519233360886574,0.113288015127182,0.0016565665137022734,0.5781003832817078,0.1318831592798233,0.09267409890890121,0.01158803142607212
C:\Projects\TM470\data\processed\test\Inocybe\MSO2012PIC41953814.jpg,Inocybe/MSO2012PIC41953814.jpg,Inocybe,Inocybe,True,0.7095272541046143,0.0031471999973291,ResNet18_Corrected,test,0.00132633070461452,0.029166316613554955,0.0012282332172617316,0.007083244621753693,0.063809834420681,0.0006404648302122951,0.0053972783498466015,0.7095272541046143,0.10942277312278748,0.007034532260149717,0.06536373496055603
C:\Projects\TM470\data\processed\test\Inocybe\OBL2011PIC48076248.jpg,Inocybe/OBL2011PIC48076248.jpg,Inocybe,Inocybe,True,0.8162383437156677,0.0029741999969701,ResNet18_Corrected,test,0.0015220396453514695,0.0005652327090501785,0.0001420811895513907,0.0026827717665582895,5.478422826854512e-05,0.16762280464172363,6.083213520469144e-06,0.8162383437156677,0.007122222799807787,0.003366440301761031,0.0006772149936296046
C:\Projects\TM470\data\processed\test\Inocybe\OBL2012PIC16913624.jpg,Inocybe/OBL2012PIC16913624.jpg,Inocybe,Russula,False,0.34979724884033203,0.0028301999991526,ResNet18_Corrected,test,0.02987171709537506,0.11911933869123459,0.052293840795755386,0.04254401847720146,0.05588838830590248,0.11185386776924133,0.015802204608917236,0.10078949481248856,0.10946034640073776,0.34979724884033203,0.01257956214249134
C:\Projects\TM470\data\processed\test\Inocybe\PEL2017-9195655_B1Yl9j8mb.jpg,Inocybe/PEL2017-9195655_B1Yl9j8mb.jpg,Inocybe,Russula,False,0.3845812976360321,0.0027052000004914,ResNet18_Corrected,test,0.0401572585105896,0.037701316177845,0.04375617578625679,0.05560150742530823,0.02303238958120346,0.09782790392637253,0.013244600035250187,0.22413881123065948,0.06108415499329567,0.3845812976360321,0.01887459307909012
C:\Projects\TM470\data\processed\test\Inocybe\PETRA2017-9197483_rkgT7fMH-.jpg,Inocybe/PETRA2017-9197483_rkgT7fMH-.jpg,Inocybe,Inocybe,True,0.8176001906394958,0.0027393999989726,ResNet18_Corrected,test,3.812374416156672e-05,0.006358613260090351,3.757063268494676e-06,0.05883445963263512,0.06962529569864273,0.010315454564988613,0.034091632813215256,0.8176001906394958,0.0018601909978315234,2.012627555814106e-05,0.0012521861353889108
C:\Projects\TM470\data\processed\test\Inocybe\PL2011PIC79270766.jpg,Inocybe/PL2011PIC79270766.jpg,Inocybe,Russula,False,0.4798762798309326,0.0026794000004883,ResNet18_Corrected,test,0.030796358361840248,0.01828191615641117,0.08409413695335388,0.026353467255830765,0.05797065421938896,0.01903740130364895,0.0043617854826152325,0.16272945702075958,0.10171789675951004,0.4798762798309326,0.014780567027628422
C:\Projects\TM470\data\processed\test\Inocybe\PTP2016-9171214_SyeyOS_pq.jpg,Inocybe/PTP2016-9171214_SyeyOS_pq.jpg,Inocybe,Exidia,False,0.4253186881542206,0.0027068999988841,ResNet18_Corrected,test,0.02530064433813095,0.02290009707212448,0.006535277236253023,0.059932202100753784,0.014714053831994534,0.4253186881542206,0.009219051338732243,0.34041061997413635,0.03449292480945587,0.048316482454538345,0.012860001996159554
C:\Projects\TM470\data\processed\test\Inocybe\RE2010PIC60585326.jpg,Inocybe/RE2010PIC60585326.jpg,Inocybe,Inocybe,True,0.6268635392189026,0.0037625000040861,ResNet18_Corrected,test,0.0022533999290317297,0.013218856416642666,0.010617213323712349,0.09874101728200912,0.002205422380939126,0.0029834099113941193,0.08575809746980667,0.6268635392189026,0.048155318945646286,0.010277198627591133,0.09892645478248596
C:\Projects\TM470\data\processed\test\Inocybe\RE2012PIC39126061.jpg,Inocybe/RE2012PIC39126061.jpg,Inocybe,Boletus,False,0.4144752621650696,0.0043129000041517,ResNet18_Corrected,test,0.0018528633518144488,0.014826115220785141,0.4144752621650696,0.027689309790730476,0.014999421313405037,0.004568012896925211,0.0030919110868126154,0.07653055340051651,0.36181002855300903,0.03537733107805252,0.044779159128665924
C:\Projects\TM470\data\processed\test\Inocybe\RE2012PIC69020667.jpg,Inocybe/RE2012PIC69020667.jpg,Inocybe,Russula,False,0.5225361585617065,0.0043560999984038,ResNet18_Corrected,test,0.011617327108979225,0.004775432404130697,0.03160694241523743,0.026789195835590363,0.00032947154249995947,9.368752216687426e-06,0.00020541778940241784,0.008241020143032074,0.34316274523735046,0.5225361585617065,0.05072693154215813
C:\Projects\TM470\data\processed\test\Inocybe\SL2013PIC12810247.jpg,Inocybe/SL2013PIC12810247.jpg,Inocybe,Amanita,False,0.277789443731308,0.0043062999975518,ResNet18_Corrected,test,0.18540801107883453,0.277789443731308,0.0016953013837337494,0.18976819515228271,0.02327026054263115,0.0750337615609169,0.012991762720048428,0.13200630247592926,0.04894470050930977,0.031883854418992996,0.021208377555012703
C:\Projects\TM470\data\processed\test\Inocybe\TAK2012PIC72845888.jpg,Inocybe/TAK2012PIC72845888.jpg,Inocybe,Russula,False,0.552483856678009,0.0042981000005966,ResNet18_Corrected,test,0.037466928362846375,0.02558819204568863,0.006518865469843149,0.045123372226953506,0.050220414996147156,0.004811621271073818,0.013829650357365608,0.01967419870197773,0.23370611667633057,0.552483856678009,0.01057676412165165
C:\Projects\TM470\data\processed\test\Inocybe\TAK2013PIC38129211.jpg,Inocybe/TAK2013PIC38129211.jpg,Inocybe,Lactarius,False,0.4012477397918701,0.0042057000027853,ResNet18_Corrected,test,0.0371277816593647,0.17148828506469727,0.0026084946002811193,0.03354458510875702,0.003966899123042822,2.8845315682701766e-06,0.030448850244283676,0.012571044266223907,0.4012477397918701,0.1851620078086853,0.12183140963315964
C:\Projects\TM470\data\processed\test\Inocybe\TAK2014PIC74058257.jpg,Inocybe/TAK2014PIC74058257.jpg,Inocybe,Amanita,False,0.4508005678653717,0.0042866000003414,ResNet18_Corrected,test,0.04665973782539368,0.4508005678653717,0.0070002442225813866,0.06054583191871643,0.0019530787831172347,0.0011218552244827151,0.0017647779313847423,0.20439200103282928,0.11484341323375702,0.05016985163092613,0.06074861064553261
C:\Projects\TM470\data\processed\test\Inocybe\TAK2015PIC12430189.jpg,Inocybe/TAK2015PIC12430189.jpg,Inocybe,Russula,False,0.23978747427463531,0.0043493000048329,ResNet18_Corrected,test,0.0829254537820816,0.03739949315786362,0.029031168669462204,0.06651003658771515,0.05401308089494705,0.1245827004313469,0.016764849424362183,0.23662912845611572,0.08791111409664154,0.23978747427463531,0.024445494636893272
C:\Projects\TM470\data\processed\test\Inocybe\TAK2017-9195726_SJBnA3Dm-.jpg,Inocybe/TAK2017-9195726_SJBnA3Dm-.jpg,Inocybe,Russula,False,0.5341180562973022,0.0042737000039778,ResNet18_Corrected,test,0.02107713371515274,0.0688832476735115,0.007265134714543819,0.06876622140407562,0.005691532511264086,8.315643208334222e-05,0.003920143004506826,0.04105701670050621,0.19789409637451172,0.5341180562973022,0.05124427750706673
C:\Projects\TM470\data\processed\test\Inocybe\TB2010PIC30549452.jpg,Inocybe/TB2010PIC30549452.jpg,Inocybe,Russula,False,0.4577995538711548,0.0042057000027853,ResNet18_Corrected,test,0.026142163202166557,0.03417947143316269,0.02091318741440773,0.05648855119943619,0.013805600814521313,0.06581343710422516,0.009588855318725109,0.17473351955413818,0.1272297352552414,0.4577995538711548,0.013305922970175743
C:\Projects\TM470\data\processed\test\Inocybe\TKH2011PIC29550858.jpg,Inocybe/TKH2011PIC29550858.jpg,Inocybe,Lactarius,False,0.4076479971408844,0.0041640999988885,ResNet18_Corrected,test,0.006684485357254744,0.02145174704492092,0.022782577201724052,0.03723105788230896,0.03153379261493683,0.008229237981140614,0.015890011563897133,0.3047627806663513,0.4076479971408844,0.056204572319984436,0.08758173137903214
C:\Projects\TM470\data\processed\test\Inocybe\TKH2012PIC24863747.jpg,Inocybe/TKH2012PIC24863747.jpg,Inocybe,Russula,False,0.37138834595680237,0.0042747999978018,ResNet18_Corrected,test,0.11380353569984436,0.037519849836826324,0.015398342162370682,0.013661145232617855,0.03113638237118721,6.691035991934768e-07,0.011155086569488049,0.0006863961461931467,0.36686933040618896,0.37138834595680237,0.03838089853525162
C:\Projects\TM470\data\processed\test\Inocybe\TKH2012PIC58539255.jpg,Inocybe/TKH2012PIC58539255.jpg,Inocybe,Lactarius,False,0.535503089427948,0.0042284000010113,ResNet18_Corrected,test,0.0840715765953064,0.07920055836439133,0.004959487356245518,0.006995455827564001,0.17524927854537964,2.761855284916237e-06,0.011922091245651245,0.006532077211886644,0.535503089427948,0.031145406886935234,0.06441820412874222
C:\Projects\TM470\data\processed\test\Inocybe\TKH2013PIC15346099.jpg,Inocybe/TKH2013PIC15346099.jpg,Inocybe,Agaricus,False,0.29671698808670044,0.0041685000032885,ResNet18_Corrected,test,0.29671698808670044,0.10281457751989365,0.012232072651386261,0.03423599898815155,0.023636844009160995,9.7090465715155e-05,0.004241275135427713,0.20709925889968872,0.14642882347106934,0.013346872292459011,0.1591501533985138
C:\Projects\TM470\data\processed\test\Inocybe\TKH2013PIC24960254.jpg,Inocybe/TKH2013PIC24960254.jpg,Inocybe,Inocybe,True,0.686077356338501,0.0032948000007309,ResNet18_Corrected,test,0.0020451790187507868,0.056636929512023926,0.014416954480111599,0.005538824014365673,0.016954787075519562,0.0020010594744235277,0.007219587918370962,0.686077356338501,0.12847381830215454,0.011196599341928959,0.06943892687559128
C:\Projects\TM470\data\processed\test\Inocybe\TKH2013PIC33707521.jpg,Inocybe/TKH2013PIC33707521.jpg,Inocybe,Inocybe,True,0.45222264528274536,0.0026244999971822,ResNet18_Corrected,test,0.00013421459880191833,0.041114263236522675,8.493410132359713e-05,0.00920278113335371,0.18529902398586273,0.006335217040032148,0.2852835953235626,0.45222264528274536,0.007947562262415886,0.0003008009516634047,0.012074963189661503
C:\Projects\TM470\data\processed\test\Inocybe\TKH2013PIC43429224.jpg,Inocybe/TKH2013PIC43429224.jpg,Inocybe,Lactarius,False,0.35529592633247375,0.0026308000014978,ResNet18_Corrected,test,0.008973457850515842,0.05635613575577736,0.00015038909623399377,0.010574865154922009,0.24386171996593475,6.728736025252147e-06,0.06485854834318161,0.013253000564873219,0.35529592633247375,0.21986867487430573,0.026800598949193954
C:\Projects\TM470\data\processed\test\Inocybe\TKH2013PIC89377657.jpg,Inocybe/TKH2013PIC89377657.jpg,Inocybe,Inocybe,True,0.8095344305038452,0.0026702000031946,ResNet18_Corrected,test,0.0034430385567247868,0.02605419047176838,0.0001785295899026096,0.03953228145837784,0.01309650857001543,0.0007267814362421632,0.030840445309877396,0.8095344305038452,0.016968848183751106,0.0005614198744297028,0.059063538908958435
C:\Projects\TM470\data\processed\test\Inocybe\TKH2014PIC28133692.jpg,Inocybe/TKH2014PIC28133692.jpg,Inocybe,Inocybe,True,0.7444451451301575,0.0025862999973469,ResNet18_Corrected,test,0.0005756083410233259,0.027270926162600517,0.00018219165212940425,0.02211555652320385,0.025341497734189034,0.0003536973672453314,0.07402760535478592,0.7444451451301575,0.036080505698919296,0.00047729682410135865,0.06913001835346222
C:\Projects\TM470\data\processed\test\Inocybe\TOB2016-9177959_r1E_IZN1e.jpg,Inocybe/TOB2016-9177959_r1E_IZN1e.jpg,Inocybe,Inocybe,True,0.7057710289955139,0.0025357999984407,ResNet18_Corrected,test,0.012713725678622723,0.022179841995239258,0.03521256893873215,0.012058771215379238,0.010731237940490246,0.052942607551813126,0.0031935519073158503,0.7057710289955139,0.011719203554093838,0.12175637483596802,0.011721154674887657
C:\Projects\TM470\data\processed\test\Inocybe\TOB2017-9194552_ryHFsS3MZ.jpg,Inocybe/TOB2017-9194552_ryHFsS3MZ.jpg,Inocybe,Inocybe,True,0.30718424916267395,0.0026276999997207,ResNet18_Corrected,test,0.05866801738739014,0.24202312529087067,0.0032250923104584217,0.011612159200012684,0.04094719886779785,0.00021918915444985032,0.007681499235332012,0.30718424916267395,0.14730504155158997,0.13615475594997406,0.04497961327433586
C:\Projects\TM470\data\processed\test\Inocybe\TOB2017-9202157_SJH4BiA_P-.jpg,Inocybe/TOB2017-9202157_SJH4BiA_P-.jpg,Inocybe,Inocybe,True,0.5238067507743835,0.0026142999995499,ResNet18_Corrected,test,0.11654997617006302,0.020262574777007103,0.025756115093827248,0.006356960628181696,0.042312610894441605,0.0006563091301359236,0.1847059577703476,0.5238067507743835,0.03190222382545471,0.03424355760216713,0.01344696432352066
C:\Projects\TM470\data\processed\test\Inocybe\TOB2017-9202157_rkQEriRdDb.jpg,Inocybe/TOB2017-9202157_rkQEriRdDb.jpg,Inocybe,Russula,False,0.5137109756469727,0.0025217000002157,ResNet18_Corrected,test,0.043354663997888565,0.070180244743824,0.013517008163034916,0.018703868612647057,0.1323641538619995,0.017780277878046036,0.012933098711073399,0.06273241341114044,0.10413709282875061,0.5137109756469727,0.010586214251816273
C:\Projects\TM470\data\processed\test\Inocybe\TOB2017-9208818_BJI8SxBgcb.jpg,Inocybe/TOB2017-9208818_BJI8SxBgcb.jpg,Inocybe,Inocybe,True,0.7951776385307312,0.0025808999998844,ResNet18_Corrected,test,0.0016759270802140236,0.011565441265702248,0.01912657544016838,0.02582622691988945,0.001439164625480771,0.00550029706209898,0.09557490795850754,0.7951776385307312,0.013914457522332668,0.009265345521271229,0.02093399129807949
C:\Projects\TM470\data\processed\test\Inocybe\TOB2017-9208818_Hy9LSxSe5Z.jpg,Inocybe/TOB2017-9208818_Hy9LSxSe5Z.jpg,Inocybe,Inocybe,True,0.5872998237609863,0.0025858000008156,ResNet18_Corrected,test,0.006819987203925848,0.022396830841898918,0.005400250665843487,0.019192447885870934,0.020653236657381058,0.004143507685512304,0.13393598794937134,0.5872998237609863,0.019634976983070374,0.16260656714439392,0.017916373908519745
C:\Projects\TM470\data\processed\test\Inocybe\TOB2017-9208818_rJG8reBe5Z.jpg,Inocybe/TOB2017-9208818_rJG8reBe5Z.jpg,Inocybe,Russula,False,0.37604233622550964,0.0026308000014978,ResNet18_Corrected,test,0.02755037136375904,0.09816315770149231,0.003278104355558753,0.005941214971244335,0.31951600313186646,0.005219083279371262,0.016485819593071938,0.022459883242845535,0.12138760089874268,0.37604233622550964,0.0039565046317875385
C:\Projects\TM470\data\processed\test\Inocybe\TOB2017-9208818_rk8Serx5W.jpg,Inocybe/TOB2017-9208818_rk8Serx5W.jpg,Inocybe,Russula,False,0.4888278841972351,0.0026849999994738,ResNet18_Corrected,test,0.05607695132493973,0.05441492795944214,0.06398971378803253,0.04341248795390129,0.04684225097298622,0.02164529450237751,0.047547854483127594,0.055780403316020966,0.09953448176383972,0.4888278841972351,0.02192775346338749
C:\Projects\TM470\data\processed\test\Inocybe\TS2010PIC72695117.jpg,Inocybe/TS2010PIC72695117.jpg,Inocybe,Russula,False,0.8053889870643616,0.0025486999948043,ResNet18_Corrected,test,0.008078167214989662,0.003089393023401499,0.0067993588745594025,0.1093694418668747,0.00039362162351608276,0.001765663386322558,0.0006850485224276781,0.013449140824377537,0.045980457216501236,0.8053889870643616,0.00500074727460742
C:\Projects\TM470\data\processed\test\Inocybe\TS2011PIC26376558.jpg,Inocybe/TS2011PIC26376558.jpg,Inocybe,Amanita,False,0.45711231231689453,0.0024491000003763,ResNet18_Corrected,test,0.07788533717393875,0.45711231231689453,0.018795518204569817,0.01095916610211134,0.19545215368270874,0.009415092878043652,0.007211219519376755,0.06438779830932617,0.1046353429555893,0.04830039292573929,0.005845740903168917
C:\Projects\TM470\data\processed\test\Inocybe\TS2011PIC53483517.jpg,Inocybe/TS2011PIC53483517.jpg,Inocybe,Inocybe,True,0.5843300223350525,0.0022291999994195,ResNet18_Corrected,test,0.0068877143785357475,0.007087398786097765,0.20359517633914948,0.003508456749841571,0.001893110922537744,0.001107500633224845,0.00011824159446405247,0.5843300223350525,0.1627582609653473,0.012920514680445194,0.015793606638908386
C:\Projects\TM470\data\processed\test\Inocybe\TS2011PIC53751796.jpg,Inocybe/TS2011PIC53751796.jpg,Inocybe,Inocybe,True,0.6651620268821716,0.0024139000015566,ResNet18_Corrected,test,0.024422738701105118,0.04992784932255745,0.004344217013567686,0.05447380244731903,0.0032897775527089834,0.00631193770095706,0.000786457909271121,0.6651620268821716,0.07034860551357269,0.09493923932313919,0.025993265211582184
C:\Projects\TM470\data\processed\test\Inocybe\TS2012PIC31340902.jpg,Inocybe/TS2012PIC31340902.jpg,Inocybe,Inocybe,True,0.8251751661300659,0.0024862999998731,ResNet18_Corrected,test,0.00227688392624259,0.0022753404919058084,0.0006555030704475939,0.07551712542772293,0.045901935547590256,0.001043636933900416,0.006445298437029123,0.8251751661300659,0.02522127330303192,0.0014078201493248343,0.01408000010997057
C:\Projects\TM470\data\processed\test\Inocybe\TS2012PIC71517695.jpg,Inocybe/TS2012PIC71517695.jpg,Inocybe,Inocybe,True,0.9125329852104187,0.0024964000040199,ResNet18_Corrected,test,0.00292330514639616,0.029659712687134743,0.00014624306641053408,0.020064236596226692,0.012557551264762878,0.014900769107043743,0.0002294669538969174,0.9125329852104187,0.00534086674451828,0.0001633322681300342,0.0014815317699685693
C:\Projects\TM470\data\processed\test\Inocybe\TS2012PIC76182348.jpg,Inocybe/TS2012PIC76182348.jpg,Inocybe,Inocybe,True,0.5360755920410156,0.0025672999981907,ResNet18_Corrected,test,0.0018042245646938682,0.0023709547240287066,3.207611007383093e-05,0.2789941728115082,0.03815878927707672,0.07714788615703583,0.02815920300781727,0.5360755920410156,0.011673660017549992,0.023157011717557907,0.0024264282546937466
C:\Projects\TM470\data\processed\test\Inocybe\TS2013PIC21993338.jpg,Inocybe/TS2013PIC21993338.jpg,Inocybe,Inocybe,True,0.8803393244743347,0.0025552000006427,ResNet18_Corrected,test,0.00039063068106770515,0.05957261472940445,0.00030948780477046967,0.011216283775866032,0.011050071567296982,0.01470780000090599,0.005175156518816948,0.8803393244743347,0.00520677212625742,0.00048319989582523704,0.011548710986971855
C:\Projects\TM470\data\processed\test\Inocybe\TS2013PIC26765211.jpg,Inocybe/TS2013PIC26765211.jpg,Inocybe,Inocybe,True,0.4693237841129303,0.0025919999970938,ResNet18_Corrected,test,0.0023445631377398968,0.014130977913737297,0.0085903350263834,0.0024655654560774565,0.012943641282618046,0.0002762209333013743,0.0004382913466542959,0.4693237841129303,0.34756219387054443,0.03178057819604874,0.11014380306005478
C:\Projects\TM470\data\processed\test\Inocybe\TS2015PIC48470465.jpg,Inocybe/TS2015PIC48470465.jpg,Inocybe,Inocybe,True,0.5931442975997925,0.0028362000011838,ResNet18_Corrected,test,0.0010383042972534895,0.012957352213561535,0.00958182755857706,0.0916600301861763,0.027346953749656677,0.18515482544898987,0.0061827003955841064,0.5931442975997925,0.04733770713210106,0.02121385745704174,0.004382149316370487
C:\Projects\TM470\data\processed\test\Inocybe\TS2016-9180197_S1b2-Dmpye.jpg,Inocybe/TS2016-9180197_S1b2-Dmpye.jpg,Inocybe,Inocybe,True,0.6218408346176147,0.0030272000003606,ResNet18_Corrected,test,0.002135829534381628,0.019938303157687187,0.005643423181027174,0.019038841128349304,0.0025014281272888184,0.000594719429500401,0.2832496464252472,0.6218408346176147,0.011889110319316387,0.003513192990794778,0.029654640704393387
C:\Projects\TM470\data\processed\test\Lactarius\0000_av7f-8yVUNY.jpg,Lactarius/0000_av7f-8yVUNY.jpg,Lactarius,Inocybe,False,0.30264395475387573,0.0031222999969031,ResNet18_Corrected,test,2.687635787879117e-05,0.0016298849368467927,0.011837203986942768,0.2073829025030136,5.536444587050937e-05,0.00020081049297004938,0.02188193053007126,0.30264395475387573,0.15776844322681427,0.0033440389670431614,0.2932285964488983
C:\Projects\TM470\data\processed\test\Lactarius\0004_gigZhorw0Eo.jpg,Lactarius/0004_gigZhorw0Eo.jpg,Lactarius,Lactarius,True,0.5260039567947388,0.0029370000047492,ResNet18_Corrected,test,0.0027733969036489725,0.010476726107299328,0.0003658943169284612,0.04691207408905029,0.0021358479280024767,1.4175874639477115e-05,0.05990254506468773,0.08974266797304153,0.5260039567947388,0.09640394896268845,0.16526877880096436
C:\Projects\TM470\data\processed\test\Lactarius\0008_SSJpwPhX7Rs.jpg,Lactarius/0008_SSJpwPhX7Rs.jpg,Lactarius,Russula,False,0.48266467452049255,0.002896400001191,ResNet18_Corrected,test,0.002466559875756502,0.0019039022736251354,0.05322297289967537,0.02153053693473339,0.00020369348931126297,1.3984089264340582e-06,0.0018837661482393742,0.014326406642794609,0.3445086181163788,0.48266467452049255,0.07728751003742218
C:\Projects\TM470\data\processed\test\Lactarius\001_0eat5sScleY.jpg,Lactarius/001_0eat5sScleY.jpg,Lactarius,Lactarius,True,0.7563731670379639,0.0028616999989026,ResNet18_Corrected,test,0.007684615906327963,0.025596169754862785,0.0063871839083731174,0.0025396395940333605,0.007398868910968304,4.726195584225934e-06,0.0018118242733180523,0.005748183000832796,0.7563731670379639,0.15622805058956146,0.0302275400608778
C:\Projects\TM470\data\processed\test\Lactarius\0024_UzDaRx13wVs.jpg,Lactarius/0024_UzDaRx13wVs.jpg,Lactarius,Russula,False,0.5255309343338013,0.0026685000048018,ResNet18_Corrected,test,0.0034334866795688868,0.0027063097804784775,0.0017062467522919178,0.009406950324773788,0.008168268948793411,4.40687244918081e-06,0.0058244578540325165,0.0016248933970928192,0.43335872888565063,0.5255309343338013,0.008235328830778599
C:\Projects\TM470\data\processed\test\Lactarius\0026_autPTj6WXpU.jpg,Lactarius/0026_autPTj6WXpU.jpg,Lactarius,Lactarius,True,0.7125028371810913,0.0027592999977059,ResNet18_Corrected,test,0.005763137713074684,0.0022673974744975567,0.008982020430266857,0.0816853865981102,0.004200769122689962,2.126208164554555e-05,0.0031062178313732147,0.028372062370181084,0.7125028371810913,0.030548524111509323,0.12255040556192398
C:\Projects\TM470\data\processed\test\Lactarius\0036_UjqjlkUecEk.jpg,Lactarius/0036_UjqjlkUecEk.jpg,Lactarius,Lactarius,True,0.963444709777832,0.0029905999981565,ResNet18_Corrected,test,2.7604493880062364e-05,9.679498907644302e-05,2.8928405299666338e-05,0.0006187920225784183,7.382865442195907e-05,1.4980906792860793e-10,0.00035298889270052314,2.3131713533075526e-05,0.963444709777832,0.010873626917600632,0.024459682404994965
C:\Projects\TM470\data\processed\test\Lactarius\0058_Ksaju-DFTOM.jpg,Lactarius/0058_Ksaju-DFTOM.jpg,Lactarius,Lactarius,True,0.9118487238883972,0.0029576000015367,ResNet18_Corrected,test,4.349433584138751e-05,8.907349547371268e-05,4.369385351310484e-05,0.004256983287632465,0.00015402222925331444,1.866649057546965e-09,0.001704778871499002,0.00014114155783317983,0.9118487238883972,0.004551105201244354,0.07716701924800873
C:\Projects\TM470\data\processed\test\Lactarius\0071_2YKUxBBp95A.jpg,Lactarius/0071_2YKUxBBp95A.jpg,Lactarius,Russula,False,0.8561598658561707,0.0027954000033787,ResNet18_Corrected,test,0.011876262724399567,0.01564130373299122,0.0025751555804163218,0.010445176623761654,0.0018127522198483348,2.6496538794162916e-06,0.0009801163105294108,0.0027090893127024174,0.08388466387987137,0.8561598658561707,0.013912957161664963
C:\Projects\TM470\data\processed\test\Lactarius\0078_67hlnzvWweg.jpg,Lactarius/0078_67hlnzvWweg.jpg,Lactarius,Lactarius,True,0.6286857724189758,0.0029194999951869,ResNet18_Corrected,test,5.753078585257754e-05,9.716180647956207e-05,0.004008131101727486,0.00482902443036437,1.5969950254657306e-05,1.2064802490385773e-07,4.2557505366858095e-05,0.0213061161339283,0.6286857724189758,0.1662987917661667,0.17465892434120178
C:\Projects\TM470\data\processed\test\Lactarius\0090_8gZ-MF4DF5c.jpg,Lactarius/0090_8gZ-MF4DF5c.jpg,Lactarius,Lactarius,True,0.5312036275863647,0.002881200001866,ResNet18_Corrected,test,0.0026153726503252983,0.040794488042593,0.03376426920294762,0.02825411967933178,0.012546170502901077,2.988498999911826e-05,0.003921923693269491,0.07558857649564743,0.5312036275863647,0.24399949610233307,0.027282141149044037
C:\Projects\TM470\data\processed\test\Lactarius\0091_GJfhcGAsQEs.jpg,Lactarius/0091_GJfhcGAsQEs.jpg,Lactarius,Russula,False,0.592743992805481,0.0026447000054758,ResNet18_Corrected,test,0.04563493654131889,0.06833603978157043,0.020183643326163292,0.014208994805812836,0.0742325633764267,0.0012629416305571795,0.012779122218489647,0.008697737008333206,0.14881432056427002,0.592743992805481,0.013105703517794609
C:\Projects\TM470\data\processed\test\Lactarius\0092_lAL2nLK6Yqc.jpg,Lactarius/0092_lAL2nLK6Yqc.jpg,Lactarius,Russula,False,0.6116926074028015,0.0026316000003134,ResNet18_Corrected,test,0.028279859572649002,0.07266547530889511,0.022808972746133804,0.003271688474342227,0.001723974826745689,1.3270114322949667e-06,0.00025075182202272117,0.0044608148746192455,0.23646381497383118,0.6116926074028015,0.01838071085512638
C:\Projects\TM470\data\processed\test\Lactarius\0096_YCFCQKyiPFI.jpg,Lactarius/0096_YCFCQKyiPFI.jpg,Lactarius,Lactarius,True,0.5283942222595215,0.0026429999998072,ResNet18_Corrected,test,0.019374754279851913,0.15179644525051117,0.012635113671422005,0.007849832065403461,0.07819196581840515,1.3516159924620297e-06,0.03703247010707855,0.0015242844820022583,0.5283942222595215,0.1075071394443512,0.05569237098097801
C:\Projects\TM470\data\processed\test\Lactarius\0100_VP4M5qp5Xuw.jpg,Lactarius/0100_VP4M5qp5Xuw.jpg,Lactarius,Lactarius,True,0.8192206621170044,0.0026768000025185,ResNet18_Corrected,test,0.00042924904846586287,0.0011238204315304756,0.0013338285498321056,5.2032715757377446e-05,0.00172086909878999,7.806115753794529e-10,0.00019038112077396363,1.7219211940755486e-06,0.8192206621170044,0.17456483840942383,0.001362709328532219
C:\Projects\TM470\data\processed\test\Lactarius\0108_bkdZqadlJYM.jpg,Lactarius/0108_bkdZqadlJYM.jpg,Lactarius,Lactarius,True,0.49837279319763184,0.0026613000009092,ResNet18_Corrected,test,0.005141589790582657,0.145461767911911,0.01061664242297411,0.009723271243274212,0.06212633475661278,0.00018500837904866785,0.054561249911785126,0.021928230300545692,0.49837279319763184,0.15560714900493622,0.03627600893378258
C:\Projects\TM470\data\processed\test\Lactarius\0117_LS-tLCqWBuQ.jpg,Lactarius/0117_LS-tLCqWBuQ.jpg,Lactarius,Inocybe,False,0.33244818449020386,0.0027106999987154,ResNet18_Corrected,test,0.03677565976977348,0.21450866758823395,0.0015417371178045869,0.011461260728538036,0.09433694928884506,0.0009734075283631682,0.01450486108660698,0.33244818449020386,0.2260049730539322,0.014116082340478897,0.053328271955251694
C:\Projects\TM470\data\processed\test\Lactarius\0125_WOyBnDf1Lbs.jpg,Lactarius/0125_WOyBnDf1Lbs.jpg,Lactarius,Lactarius,True,0.7889804244041443,0.0029714999982388,ResNet18_Corrected,test,3.774300421355292e-05,0.0003367900790181011,3.6503622595773777e-06,0.033175528049468994,0.00599543796852231,2.192109377574525e-06,0.02450474724173546,0.026618391275405884,0.7889804244041443,0.001019007759168744,0.11932607740163803
C:\Projects\TM470\data\processed\test\Lactarius\0147_ZAySZ3Wkn8k.jpg,Lactarius/0147_ZAySZ3Wkn8k.jpg,Lactarius,Hygrocybe,False,0.5874025821685791,0.002710400003707,ResNet18_Corrected,test,7.563058716186788e-06,0.0021712114103138447,5.2517916628858075e-05,0.03564159944653511,5.9223882999503985e-05,3.9017820085973653e-08,0.5874025821685791,0.0003129407705273479,0.3145172894001007,0.02555273473262787,0.034282270818948746
C:\Projects\TM470\data\processed\test\Lactarius\0156_xCwDrPY72us.jpg,Lactarius/0156_xCwDrPY72us.jpg,Lactarius,Russula,False,0.25468963384628296,0.002761100004136,ResNet18_Corrected,test,0.07861962914466858,0.032694894820451736,0.06294237077236176,0.1625940054655075,0.011522719636559486,0.006297511979937553,0.001333732041530311,0.13130658864974976,0.21411031484603882,0.25468963384628296,0.04388857260346413
C:\Projects\TM470\data\processed\test\Lactarius\0174_S-0siMhJtoc.jpg,Lactarius/0174_S-0siMhJtoc.jpg,Lactarius,Russula,False,0.7797033786773682,0.0024027999970712,ResNet18_Corrected,test,0.0073393043130636215,0.027927285060286522,0.015673188492655754,0.0022736736573278904,0.002569666365161538,3.811326507729973e-07,0.0029470925219357014,0.0002443578268866986,0.15459772944450378,0.7797033786773682,0.0067238956689834595
C:\Projects\TM470\data\processed\test\Lactarius\0180_j-oei6bAdy0.jpg,Lactarius/0180_j-oei6bAdy0.jpg,Lactarius,Russula,False,0.46411070227622986,0.0026116000008187,ResNet18_Corrected,test,0.057325270026922226,0.017385069280862808,0.009151688776910305,0.0022798306308686733,0.06152346357703209,1.2846993513448979e-06,0.004154405556619167,8.87249771039933e-05,0.37433597445487976,0.46411070227622986,0.00964352861046791
C:\Projects\TM470\data\processed\test\Lactarius\0184_wNzoTeCzC5o.jpg,Lactarius/0184_wNzoTeCzC5o.jpg,Lactarius,Lactarius,True,0.5636963248252869,0.002754899993306,ResNet18_Corrected,test,0.004305118229240179,0.03491373732686043,0.005027266684919596,0.002085684332996607,0.05290394276380539,6.577380554517731e-05,0.0038116364739835262,0.002273287856951356,0.5636963248252869,0.32676365971565247,0.0041535827331244946
C:\Projects\TM470\data\processed\test\Lactarius\0188_QDGj1_inixA.jpg,Lactarius/0188_QDGj1_inixA.jpg,Lactarius,Russula,False,0.2559157907962799,0.002677999997104,ResNet18_Corrected,test,0.034262269735336304,0.2283177673816681,0.02589571289718151,0.026560716331005096,0.11533674597740173,0.018070891499519348,0.019581271335482597,0.08752622455358505,0.17309905588626862,0.2559157907962799,0.015433520078659058
C:\Projects\TM470\data\processed\test\Lactarius\0189_u2k3sXqag1M.jpg,Lactarius/0189_u2k3sXqag1M.jpg,Lactarius,Lactarius,True,0.4820483326911926,0.0026206000038655,ResNet18_Corrected,test,0.04074195772409439,0.026003923267126083,0.003362559014931321,0.0012555423891171813,0.031243499368429184,2.9034686122031417e-06,0.003816664917394519,0.0009270795271731913,0.4820483326911926,0.400634765625,0.009962701238691807
C:\Projects\TM470\data\processed\test\Lactarius\0192_st28pxbylcw.jpg,Lactarius/0192_st28pxbylcw.jpg,Lactarius,Lactarius,True,0.2926448583602905,0.0026089000020874,ResNet18_Corrected,test,0.17248356342315674,0.14091025292873383,0.01610172726213932,0.03831474483013153,0.14453653991222382,0.0031983491498976946,0.014501103200018406,0.020254580304026604,0.2926448583602905,0.13938823342323303,0.017666025087237358
C:\Projects\TM470\data\processed\test\Lactarius\0202_gGw05EbUi_w.jpg,Lactarius/0202_gGw05EbUi_w.jpg,Lactarius,Lactarius,True,0.4971659779548645,0.0026351999986218,ResNet18_Corrected,test,0.006899553816765547,0.0032271856907755136,0.0004646345623768866,0.0008402639650739729,0.08662130683660507,2.0857666527263063e-07,0.0008164020255208015,3.204842141713016e-05,0.4971659779548645,0.4021909236907959,0.0017413853202015162
C:\Projects\TM470\data\processed\test\Lactarius\0204_PNAIMfY3CWk.jpg,Lactarius/0204_PNAIMfY3CWk.jpg,Lactarius,Lactarius,True,0.7406803369522095,0.0025984000021708,ResNet18_Corrected,test,0.02850525639951229,0.007407743018120527,0.0008944322471506894,0.004125436767935753,0.01997722126543522,3.087766117459978e-06,0.004558507818728685,0.0007940964424051344,0.7406803369522095,0.18243983387947083,0.01061402726918459
C:\Projects\TM470\data\processed\test\Lactarius\020_AhURHwS9I_c.jpg,Lactarius/020_AhURHwS9I_c.jpg,Lactarius,Cortinarius,False,0.5529356002807617,0.0026471000019228,ResNet18_Corrected,test,5.6094602769007906e-05,0.002353972988203168,0.000488613557536155,0.5529356002807617,0.00028844134067185223,2.4303224563482217e-05,0.03694254159927368,0.00637334818020463,0.2866755723953247,0.06348174810409546,0.05037979409098625
C:\Projects\TM470\data\processed\test\Lactarius\0211_a-wtZr6fOMw.jpg,Lactarius/0211_a-wtZr6fOMw.jpg,Lactarius,Lactarius,True,0.8016502261161804,0.0025752000001375,ResNet18_Corrected,test,0.0015035119140520692,0.0018188029062002897,0.013217317871749401,0.0032895905897021294,0.00286868610419333,5.310121764523501e-07,0.0002914346114266664,0.005892323330044746,0.8016502261161804,0.028937174007296562,0.14053042232990265
C:\Projects\TM470\data\processed\test\Lactarius\0212_6r0AFhCvTk4.jpg,Lactarius/0212_6r0AFhCvTk4.jpg,Lactarius,Lactarius,True,0.7637936472892761,0.0025164000035147,ResNet18_Corrected,test,0.004697646014392376,0.014384509064257145,0.009605160914361477,0.048977818340063095,0.011650082655251026,0.006722838617861271,0.0012628213735297322,0.06368167698383331,0.7637936472892761,0.06867153197526932,0.006552296690642834
C:\Projects\TM470\data\processed\test\Lactarius\0222_JO5jLmkfAw0.jpg,Lactarius/0222_JO5jLmkfAw0.jpg,Lactarius,Russula,False,0.40776315331459045,0.0026121999981114,ResNet18_Corrected,test,0.07944319397211075,0.03488282114267349,0.025119809433817863,0.017087440937757492,0.016782552003860474,1.7495509382570162e-05,0.002594244433566928,0.012492673471570015,0.2954266667366028,0.40776315331459045,0.10838986188173294
C:\Projects\TM470\data\processed\test\Lactarius\0224_XrApvIigcOQ.jpg,Lactarius/0224_XrApvIigcOQ.jpg,Lactarius,Lactarius,True,0.6306260824203491,0.0026671000014175,ResNet18_Corrected,test,0.008314770646393299,0.005227482412010431,0.027429338544607162,0.013898474164307117,0.001824420178309083,3.976674997829832e-05,9.571915870765224e-05,0.0255871769040823,0.6306260824203491,0.27404606342315674,0.012910755351185799
C:\Projects\TM470\data\processed\test\Lactarius\0228_HknGOROG6Cs.jpg,Lactarius/0228_HknGOROG6Cs.jpg,Lactarius,Lactarius,True,0.3843310475349426,0.0025838000001385,ResNet18_Corrected,test,0.12320319563150406,0.003527270397171378,0.12966498732566833,0.08063219487667084,0.11958492547273636,0.0032320814207196236,0.002624331507831812,0.0648844912648201,0.3843310475349426,0.021660247817635536,0.06665526330471039
C:\Projects\TM470\data\processed\test\Lactarius\0233_YNlSVzp0Kjo.jpg,Lactarius/0233_YNlSVzp0Kjo.jpg,Lactarius,Russula,False,0.36749306321144104,0.0025583000024198,ResNet18_Corrected,test,0.01987328752875328,0.006156022660434246,0.14447808265686035,0.05785398930311203,0.006199328228831291,0.000283719040453434,0.003329406725242734,0.0704970434308052,0.23126760125160217,0.36749306321144104,0.09256849437952042
C:\Projects\TM470\data\processed\test\Lactarius\0237_zZdLcl0mkD0.jpg,Lactarius/0237_zZdLcl0mkD0.jpg,Lactarius,Lactarius,True,0.5207417011260986,0.0025725999948917,ResNet18_Corrected,test,0.06098218262195587,0.025488168001174927,0.04479851946234703,0.008454692550003529,0.03798745572566986,5.7406564337725285e-06,0.0016187321161851287,0.0007075082394294441,0.5207417011260986,0.27992624044418335,0.019289063289761543
C:\Projects\TM470\data\processed\test\Lactarius\0242_zOYn0DVnISo.jpg,Lactarius/0242_zOYn0DVnISo.jpg,Lactarius,Lactarius,True,0.7373427748680115,0.0025257000015699,ResNet18_Corrected,test,0.0018808686872944236,0.02313382923603058,0.00883703213185072,0.036720506846904755,0.020284390076994896,6.58497228869237e-05,0.015038656070828438,0.03874676674604416,0.7373427748680115,0.03934783861041069,0.07860143482685089
C:\Projects\TM470\data\processed\test\Lactarius\0251_wz4ikkhjBU8.jpg,Lactarius/0251_wz4ikkhjBU8.jpg,Lactarius,Lactarius,True,0.3800739049911499,0.0025333000012324,ResNet18_Corrected,test,0.004095503594726324,0.06967879086732864,0.10702379047870636,0.09665980190038681,0.026722442358732224,0.00041837600292637944,0.08335187286138535,0.049445319920778275,0.3800739049911499,0.08017880469560623,0.10235140472650528
C:\Projects\TM470\data\processed\test\Lactarius\0256_AfKj-CzsmLI.jpg,Lactarius/0256_AfKj-CzsmLI.jpg,Lactarius,Lactarius,True,0.550682783126831,0.0025441999969189,ResNet18_Corrected,test,6.434063834603876e-05,0.003701042616739869,0.0013918502954766154,0.08102494478225708,0.00035311264218762517,1.0815154382726178e-05,0.07354538142681122,0.12138556689023972,0.550682783126831,0.035437919199466705,0.1324022114276886
C:\Projects\TM470\data\processed\test\Lactarius\025_8bHMwyrm1xE.jpg,Lactarius/025_8bHMwyrm1xE.jpg,Lactarius,Lactarius,True,0.6797627806663513,0.0025786000041989,ResNet18_Corrected,test,2.8769557047780836e-06,0.0008250068640336394,0.00016371060337405652,0.042381104081869125,8.360761421499774e-05,1.4559055898644147e-06,0.09076819568872452,0.01020530890673399,0.6797627806663513,0.0013020923361182213,0.17450378835201263
C:\Projects\TM470\data\processed\test\Lactarius\0261_pUdRYRMfy7c.jpg,Lactarius/0261_pUdRYRMfy7c.jpg,Lactarius,Lactarius,True,0.7594311237335205,0.0025490000043646,ResNet18_Corrected,test,3.276648931205273e-05,0.00011000040103681386,0.005232700612396002,0.016112444922327995,7.564263069070876e-05,6.313571532245987e-08,0.0018340973183512688,0.0009116328437812626,0.7594311237335205,0.10340810567140579,0.11285137385129929
C:\Projects\TM470\data\processed\test\Lactarius\0264_9xkZs2wAZRQ.jpg,Lactarius/0264_9xkZs2wAZRQ.jpg,Lactarius,Amanita,False,0.24728381633758545,0.0026637000046321,ResNet18_Corrected,test,0.18726202845573425,0.24728381633758545,0.011609007604420185,0.03092924691736698,0.013649235479533672,0.0015850495547056198,0.0026432082522660494,0.21671032905578613,0.17394159734249115,0.07693029195070267,0.03745617717504501
C:\Projects\TM470\data\processed\test\Lactarius\0270_1nWaT7nSeDE.jpg,Lactarius/0270_1nWaT7nSeDE.jpg,Lactarius,Lactarius,True,0.8452757000923157,0.0025293000071542,ResNet18_Corrected,test,0.0017571862554177642,0.0018601252231746912,0.00018377283413428813,0.0183578971773386,0.013918627053499222,3.6090223147766665e-06,0.012747352942824364,0.0013848684029653668,0.8452757000923157,0.05843256786465645,0.046078260987997055
C:\Projects\TM470\data\processed\test\Lactarius\0271_kYpV1APLO9s.jpg,Lactarius/0271_kYpV1APLO9s.jpg,Lactarius,Inocybe,False,0.33961382508277893,0.0025112000002991,ResNet18_Corrected,test,0.004863348789513111,0.031244931742548943,0.01795230433344841,0.046162012964487076,0.008510973304510117,0.0032579705584794283,0.02639506198465824,0.33961382508277893,0.23475094139575958,0.04324372857809067,0.2440049797296524
C:\Projects\TM470\data\processed\test\Lactarius\0275_akjCXeShyUw.jpg,Lactarius/0275_akjCXeShyUw.jpg,Lactarius,Lactarius,True,0.8480674028396606,0.0025186999992001,ResNet18_Corrected,test,0.0003232144226785749,0.012215384282171726,0.008995264768600464,0.002194205531850457,0.0013426438672468066,3.102086338913068e-06,0.0005537064862437546,0.008917385712265968,0.8480674028396606,0.08539155125617981,0.03199610114097595
C:\Projects\TM470\data\processed\test\Lactarius\0290_KNGFGvBuZbU.jpg,Lactarius/0290_KNGFGvBuZbU.jpg,Lactarius,Russula,False,0.7494542002677917,0.0026146999953198,ResNet18_Corrected,test,0.019997654482722282,0.022399216890335083,0.00030594802228733897,0.00031825582846067846,0.009913752786815166,1.878318869330542e-07,0.0027648156974464655,4.5708562538493425e-05,0.1928153783082962,0.7494542002677917,0.001984921284019947
C:\Projects\TM470\data\processed\test\Lactarius\0307_MA7GubKH4ZM.jpg,Lactarius/0307_MA7GubKH4ZM.jpg,Lactarius,Lactarius,True,0.7027767896652222,0.0025404000043636,ResNet18_Corrected,test,0.00438355840742588,0.012144317850470543,0.004145351238548756,0.03897743299603462,0.010131573304533958,0.0001883492077467963,0.00238179974257946,0.05792984366416931,0.7027767896652222,0.0781535804271698,0.08878736197948456
C:\Projects\TM470\data\processed\test\Lactarius\0313_CWX_V7CeQM4.jpg,Lactarius/0313_CWX_V7CeQM4.jpg,Lactarius,Lactarius,True,0.4060564339160919,0.0024744999973336,ResNet18_Corrected,test,0.06905980408191681,0.10166456550359726,0.010830510407686234,0.01393989659845829,0.07422085851430893,3.8117739222798264e-06,0.007060628850013018,0.009560856968164444,0.4060564339160919,0.23841392993927002,0.06918870657682419
C:\Projects\TM470\data\processed\test\Lactarius\0322_2UpHsEF5Mzs.jpg,Lactarius/0322_2UpHsEF5Mzs.jpg,Lactarius,Lactarius,True,0.500106692314148,0.0025305000017397,ResNet18_Corrected,test,0.01751493103802204,0.039771851152181625,0.002180927898734808,0.0028177008498460054,0.03130394592881203,6.664838991810029e-08,0.002232851693406701,0.00016039347974583507,0.500106692314148,0.37555068731307983,0.028359944000840187
C:\Projects\TM470\data\processed\test\Lactarius\0325_lAq1Din489Y.jpg,Lactarius/0325_lAq1Din489Y.jpg,Lactarius,Amanita,False,0.44615182280540466,0.0025142000013147,ResNet18_Corrected,test,0.0324508361518383,0.44615182280540466,0.0029594425577670336,0.002152156550437212,0.16208608448505402,0.001386529766023159,0.010943150147795677,0.007293678354471922,0.1935146600008011,0.13831298053264618,0.002748641651123762
C:\Projects\TM470\data\processed\test\Lactarius\0328_8IPggG6t9VY.jpg,Lactarius/0328_8IPggG6t9VY.jpg,Lactarius,Amanita,False,0.3251161277294159,0.002504999996745,ResNet18_Corrected,test,0.24898526072502136,0.3251161277294159,0.002593256998807192,0.0033469523768872023,0.040196456015110016,5.486375812324695e-06,0.0015696659684181213,0.0166288111358881,0.2007020264863968,0.1436607539653778,0.0171951986849308
C:\Projects\TM470\data\processed\test\Lactarius\0335_dVTfQmjMltw.jpg,Lactarius/0335_dVTfQmjMltw.jpg,Lactarius,Russula,False,0.498854398727417,0.0024784000052022,ResNet18_Corrected,test,0.019115541130304337,0.04500827193260193,0.004046361893415451,0.003947950899600983,0.014840004965662956,0.00010104368266183883,0.002146922517567873,0.005197614431381226,0.404619961977005,0.498854398727417,0.002121975878253579
C:\Projects\TM470\data\processed\test\Lactarius\0340_0gzvFhGVf5M.jpg,Lactarius/0340_0gzvFhGVf5M.jpg,Lactarius,Russula,False,0.557573139667511,0.0025483999997959,ResNet18_Corrected,test,0.096688412129879,0.13111405074596405,0.07511522620916367,0.008283448405563831,0.02132488414645195,1.5209599041554611e-05,0.004267792217433453,0.0010801710886880755,0.0846816897392273,0.557573139667511,0.01985597424209118
C:\Projects\TM470\data\processed\test\Lactarius\0348_OWdZuiQh9xc.jpg,Lactarius/0348_OWdZuiQh9xc.jpg,Lactarius,Lactarius,True,0.7130767703056335,0.0024802000043564,ResNet18_Corrected,test,0.0005594924441538751,0.008721522055566311,0.014071754179894924,0.04870472103357315,0.0046903532929718494,4.481596624827944e-05,0.014719057828187943,0.015255174599587917,0.7130767703056335,0.11893368512392044,0.0612226203083992
C:\Projects\TM470\data\processed\test\Lactarius\0356_gTCmsPnWyO4.jpg,Lactarius/0356_gTCmsPnWyO4.jpg,Lactarius,Lactarius,True,0.3047381341457367,0.0025033999991137,ResNet18_Corrected,test,0.08270547538995743,0.06603144854307175,0.22067590057849884,0.010035808198153973,0.04820256680250168,6.782676791772246e-06,0.007953011430799961,0.03818719834089279,0.3047381341457367,0.07103124260902405,0.15043246746063232
C:\Projects\TM470\data\processed\test\Lactarius\0360_Bfw8PtjOZoI.jpg,Lactarius/0360_Bfw8PtjOZoI.jpg,Lactarius,Lactarius,True,0.6792588233947754,0.0025469999964116,ResNet18_Corrected,test,0.002739510964602232,0.0069455043412745,0.0077949408441782,0.022102706134319305,0.0035217509139329195,0.00013804275658912957,0.016045527532696724,0.04027046635746956,0.6792588233947754,0.07948386669158936,0.1416989117860794
C:\Projects\TM470\data\processed\test\Lactarius\036_Tku_ku-u_WQ.jpg,Lactarius/036_Tku_ku-u_WQ.jpg,Lactarius,Lactarius,True,0.759894609451294,0.0025337000042782,ResNet18_Corrected,test,3.484911940176971e-05,2.4630435291328467e-05,1.5797790183569305e-05,0.004323460161685944,4.75477718282491e-05,3.5021174848992587e-10,0.02365417219698429,2.5149865905405022e-06,0.759894609451294,0.18904894590377808,0.022953487932682037
C:\Projects\TM470\data\processed\test\Lactarius\0375_E_5sHNAa0DU.jpg,Lactarius/0375_E_5sHNAa0DU.jpg,Lactarius,Entoloma,False,0.19643543660640717,0.0025432999973418,ResNet18_Corrected,test,0.15445560216903687,0.15845660865306854,0.020968986675143242,0.06311435252428055,0.19643543660640717,0.011362615041434765,0.030934857204556465,0.10146799683570862,0.17049527168273926,0.01730554737150669,0.0750027447938919
C:\Projects\TM470\data\processed\test\Lactarius\0385_zeoDavzC8Ec.jpg,Lactarius/0385_zeoDavzC8Ec.jpg,Lactarius,Boletus,False,0.3198804259300232,0.0025432999973418,ResNet18_Corrected,test,0.001724696601741016,0.15882563591003418,0.3198804259300232,0.057024065405130386,0.008294505067169666,0.0011462739203125238,0.1472247987985611,0.04951808974146843,0.10382409393787384,0.01499264594167471,0.13754478096961975
C:\Projects\TM470\data\processed\test\Lactarius\0405_XQ5FsiWx3Sc.jpg,Lactarius/0405_XQ5FsiWx3Sc.jpg,Lactarius,Lactarius,True,0.6361413598060608,0.0024879000047803,ResNet18_Corrected,test,0.00052571453852579,0.0016968719428405166,9.181192581309006e-06,0.034232690930366516,0.0002906981098931283,2.1314038178843475e-07,0.12360890209674835,0.005498223938047886,0.6361413598060608,0.030780170112848282,0.16721604764461517
C:\Projects\TM470\data\processed\test\Lactarius\0422_5SNHMw4kUg4.jpg,Lactarius/0422_5SNHMw4kUg4.jpg,Lactarius,Lactarius,True,0.5546055436134338,0.0025908999959938,ResNet18_Corrected,test,0.00099744345061481,0.011121346615254879,0.0017485572025179863,0.02121448703110218,0.018589533865451813,0.00014160037972033024,0.0013071936555206776,0.027556348592042923,0.5546055436134338,0.35418418049812317,0.008533693850040436
C:\Projects\TM470\data\processed\test\Lactarius\0436_3AJoqSsMCPY.jpg,Lactarius/0436_3AJoqSsMCPY.jpg,Lactarius,Lactarius,True,0.46401581168174744,0.0025230000028386,ResNet18_Corrected,test,0.0008315101149491966,0.0022185691632330418,0.0019325558096170425,0.055875975638628006,0.0003942032053600997,6.5207714214921e-05,0.0012053222162649035,0.07977843284606934,0.46401581168174744,0.3588477373123169,0.034834638237953186
C:\Projects\TM470\data\processed\test\Lactarius\0438_7Qg0kxIGbd4.jpg,Lactarius/0438_7Qg0kxIGbd4.jpg,Lactarius,Lactarius,True,0.6754459142684937,0.0026257999998051,ResNet18_Corrected,test,5.637267531710677e-05,0.00011054289643652737,6.626655249419855e-06,0.029679767787456512,0.0028764749877154827,8.360893843928352e-07,0.00962403416633606,0.05914176255464554,0.6754459142684937,0.0009804561268538237,0.22207719087600708
C:\Projects\TM470\data\processed\test\Lactarius\043_JIiImC3i_NQ.jpg,Lactarius/043_JIiImC3i_NQ.jpg,Lactarius,Lactarius,True,0.43348097801208496,0.0025101000064751,ResNet18_Corrected,test,0.001923400443047285,0.004360524471849203,0.01731020212173462,0.144632950425148,0.0024949221406131983,0.0001926382683450356,0.07930729538202286,0.05581141263246536,0.43348097801208496,0.017356447875499725,0.24312922358512878
C:\Projects\TM470\data\processed\test\Lactarius\0462_t7WHbpJLnZA.jpg,Lactarius/0462_t7WHbpJLnZA.jpg,Lactarius,Lactarius,True,0.2581119239330292,0.0025953000003937,ResNet18_Corrected,test,0.2304854542016983,0.07910332083702087,0.0061958529986441135,0.006298428867012262,0.11717242002487183,4.2405557906022295e-05,0.03408031165599823,0.0016660919645801187,0.2581119239330292,0.2555989921092987,0.011244748719036579
C:\Projects\TM470\data\processed\test\Lactarius\0473_FeKBXttVCwg.jpg,Lactarius/0473_FeKBXttVCwg.jpg,Lactarius,Russula,False,0.810421884059906,0.0025099000049522,ResNet18_Corrected,test,0.011214152909815311,0.007160119712352753,0.01966586522758007,0.0016897787572816014,0.001024169265292585,7.828848538338207e-06,0.00012263488315511495,0.0008345806854777038,0.1436610072851181,0.810421884059906,0.004198012407869101
C:\Projects\TM470\data\processed\test\Lactarius\0488_l_gNg2GDLEk.jpg,Lactarius/0488_l_gNg2GDLEk.jpg,Lactarius,Lactarius,True,0.3140537142753601,0.00255350000225,ResNet18_Corrected,test,0.053983379155397415,0.10043276846408844,0.017122279852628708,0.024685481563210487,0.012753651477396488,0.0014690544921904802,0.0035487543791532516,0.219389408826828,0.3140537142753601,0.19322307407855988,0.05933837965130806
C:\Projects\TM470\data\processed\test\Lactarius\0489_6GuHfi0wmko.jpg,Lactarius/0489_6GuHfi0wmko.jpg,Lactarius,Boletus,False,0.3279377818107605,0.0027188000021851,ResNet18_Corrected,test,0.009873658418655396,0.07952624559402466,0.3279377818107605,0.027754148468375206,0.006210894789546728,0.039221733808517456,0.002086537890136242,0.21813632547855377,0.1989492028951645,0.04073918238282204,0.04956430569291115
C:\Projects\TM470\data\processed\test\Lactarius\0499_MWZEqXbgfwc.jpg,Lactarius/0499_MWZEqXbgfwc.jpg,Lactarius,Lactarius,True,0.9662967920303345,0.002702700003283,ResNet18_Corrected,test,0.00020408390264492482,6.347459566313773e-05,1.0348057003284339e-05,0.0005569859058596194,0.0007762986933812499,5.470004005303508e-09,0.0048290747217834,5.294066068017855e-05,0.9662967920303345,0.011992053128778934,0.015217923559248447
C:\Projects\TM470\data\processed\test\Lactarius\0512_Sot3apiP2eQ.jpg,Lactarius/0512_Sot3apiP2eQ.jpg,Lactarius,Russula,False,0.5930769443511963,0.0030678000039188,ResNet18_Corrected,test,0.009117734618484974,0.006911591626703739,0.00660721817985177,0.009325782768428326,0.0006534869899041951,7.002652324672454e-08,0.0064485506154596806,0.00042319190106354654,0.3296479284763336,0.5930769443511963,0.03778752684593201
C:\Projects\TM470\data\processed\test\Lactarius\0526_O8CTOvfgWXg.jpg,Lactarius/0526_O8CTOvfgWXg.jpg,Lactarius,Lactarius,True,0.5775756239891052,0.0027010999983758,ResNet18_Corrected,test,0.002178422873839736,0.00541398162022233,0.0007629176834598184,0.05872594565153122,0.08299604803323746,0.0041444748640060425,0.02534567192196846,0.12566205859184265,0.5775756239891052,0.004481025971472263,0.11271385848522186
C:\Projects\TM470\data\processed\test\Lactarius\0532_7BfGW7kGfzM.jpg,Lactarius/0532_7BfGW7kGfzM.jpg,Lactarius,Lactarius,True,0.8619441986083984,0.0026193000012426,ResNet18_Corrected,test,0.0012123881606385112,0.000529847398865968,0.0030620533507317305,0.006982982624322176,0.005208601709455252,8.905620916266344e-07,0.0013969854917377234,0.004638579208403826,0.8619441986083984,0.030373748391866684,0.08464975655078888
C:\Projects\TM470\data\processed\test\Lactarius\0537_q78Py0hHqVc.jpg,Lactarius/0537_q78Py0hHqVc.jpg,Lactarius,Lactarius,True,0.455384224653244,0.0025848999939626,ResNet18_Corrected,test,2.508902980480343e-05,0.0006605632952414453,0.0013264763401821256,0.2179357260465622,5.439589585876092e-05,1.7347208540741121e-06,0.03030714951455593,0.05001838132739067,0.455384224653244,0.023174457252025604,0.22111181914806366
C:\Projects\TM470\data\processed\test\Lactarius\0545_ewwuwHvRvLc.jpg,Lactarius/0545_ewwuwHvRvLc.jpg,Lactarius,Suillus,False,0.5048516392707825,0.0026288999943062,ResNet18_Corrected,test,0.0007126695127226412,0.0018119069281965494,0.025292837992310524,0.016068238765001297,0.00032535960781387985,3.225000909878872e-05,0.0009790122276172042,0.212659552693367,0.21524754166603088,0.022019043564796448,0.5048516392707825
C:\Projects\TM470\data\processed\test\Lactarius\056_9JgBES16B_4.jpg,Lactarius/056_9JgBES16B_4.jpg,Lactarius,Lactarius,True,0.9328259229660034,0.0026447999989613,ResNet18_Corrected,test,4.56700763606932e-06,2.071085873467382e-05,0.0002988745691254735,0.03320622816681862,2.257541927974671e-05,1.3105295693094376e-07,0.0026643748860806227,0.000510859361384064,0.9328259229660034,0.00579272722825408,0.02465297468006611
C:\Projects\TM470\data\processed\test\Lactarius\0571_3sjlFMXpK_0.jpg,Lactarius/0571_3sjlFMXpK_0.jpg,Lactarius,Lactarius,True,0.2932673394680023,0.0026090000028489,ResNet18_Corrected,test,0.01564830169081688,0.09129586815834045,0.03655114769935608,0.09946757555007935,0.014344306662678719,4.758863360621035e-05,0.03457741066813469,0.07617099583148956,0.2932673394680023,0.091524638235569,0.24710482358932495
C:\Projects\TM470\data\processed\test\Lactarius\0576_5wNWaAeW6vo.jpg,Lactarius/0576_5wNWaAeW6vo.jpg,Lactarius,Russula,False,0.9500208497047424,0.002485400000296,ResNet18_Corrected,test,0.00025464710779488087,1.8324837583350018e-05,4.380086102173664e-05,0.0017652033129706979,0.0004596702056005597,7.88643994553695e-09,0.0004052029980812222,1.2390044503263198e-05,0.045337073504924774,0.9500208497047424,0.001682883594185114
C:\Projects\TM470\data\processed\test\Lactarius\0596_ROVmIKr9KjA.jpg,Lactarius/0596_ROVmIKr9KjA.jpg,Lactarius,Lactarius,True,0.4722050130367279,0.0030626000007032,ResNet18_Corrected,test,0.0035123403649777174,0.0035138376988470554,0.013685568235814571,0.14827226102352142,0.02898396924138069,0.010629452764987946,0.010409296490252018,0.12161336839199066,0.4722050130367279,0.08468762785196304,0.10248725116252899
C:\Projects\TM470\data\processed\test\Lactarius\0612_qfZxbbQUJ2o.jpg,Lactarius/0612_qfZxbbQUJ2o.jpg,Lactarius,Russula,False,0.5946100950241089,0.0025027000010595,ResNet18_Corrected,test,0.005426083691418171,0.0014670874224975705,0.00449913227930665,0.06586006283760071,0.001700993743725121,2.635116970850504e-06,0.0007214394863694906,0.0015683445381000638,0.277231901884079,0.5946100950241089,0.046912290155887604
C:\Projects\TM470\data\processed\test\Lactarius\0615_R0G-yDrCQ6U.jpg,Lactarius/0615_R0G-yDrCQ6U.jpg,Lactarius,Russula,False,0.4489392638206482,0.0025568999990355,ResNet18_Corrected,test,0.016203802078962326,0.09303506463766098,0.004128045402467251,0.041861165314912796,0.013802288100123405,8.178972166206222e-06,0.0062043010257184505,0.0007304606260731816,0.32196730375289917,0.4489392638206482,0.05312012881040573
C:\Projects\TM470\data\processed\test\Lactarius\061_KShq81HACXk.jpg,Lactarius/061_KShq81HACXk.jpg,Lactarius,Lactarius,True,0.7760811448097229,0.0025107000037678,ResNet18_Corrected,test,4.4556469219969586e-05,0.0007565356208942831,0.0011530328774824739,0.012635293416678905,0.0013752056984230876,4.2225826746289385e-07,0.009525053203105927,0.0077609773725271225,0.7760811448097229,0.11946988850831985,0.07119778543710709
C:\Projects\TM470\data\processed\test\Lactarius\0628_7XDugUX8ezg.jpg,Lactarius/0628_7XDugUX8ezg.jpg,Lactarius,Amanita,False,0.33312568068504333,0.0025497000024188,ResNet18_Corrected,test,0.03151983767747879,0.33312568068504333,0.02673969231545925,0.007165312767028809,0.19133776426315308,0.000331454531988129,0.009403076022863388,0.002605563262477517,0.10606995970010757,0.2771892845630646,0.014512394554913044
C:\Projects\TM470\data\processed\test\Lactarius\0630_3idJVXnrBF4.jpg,Lactarius/0630_3idJVXnrBF4.jpg,Lactarius,Lactarius,True,0.22462964057922363,0.0025510000050417,ResNet18_Corrected,test,0.09014654904603958,0.19864004850387573,0.09354310482740402,0.020298687741160393,0.1745261549949646,0.0027831236366182566,0.010854970663785934,0.040086571127176285,0.22462964057922363,0.11369791626930237,0.03079327568411827
C:\Projects\TM470\data\processed\test\Lactarius\0645_Z6spVFbiuEY.jpg,Lactarius/0645_Z6spVFbiuEY.jpg,Lactarius,Russula,False,0.4383913576602936,0.0024980000016512,ResNet18_Corrected,test,0.06479135155677795,0.056957896798849106,0.018608026206493378,0.003521569073200226,0.0013282715808600187,2.1650136261541775e-07,0.0003630105056799948,0.012610357254743576,0.31551408767700195,0.4383913576602936,0.0879138931632042
C:\Projects\TM470\data\processed\test\Lactarius\0649_uwl8etw5T-s.jpg,Lactarius/0649_uwl8etw5T-s.jpg,Lactarius,Lactarius,True,0.4050178527832031,0.002699600001506,ResNet18_Corrected,test,0.13285957276821136,0.024405548349022865,0.04270677641034126,0.0088375648483634,0.004712024703621864,0.00011366200487827882,0.0032672621309757233,0.010654193349182606,0.4050178527832031,0.3472127914428711,0.020212698727846146
C:\Projects\TM470\data\processed\test\Lactarius\0651_vzBdVntLr8c.jpg,Lactarius/0651_vzBdVntLr8c.jpg,Lactarius,Lactarius,True,0.2621197998523712,0.0026579999976092,ResNet18_Corrected,test,0.23818957805633545,0.015356611460447311,0.04619910940527916,0.059783175587654114,0.017337379977107048,0.00020023142860736698,0.002586235059425235,0.029600156471133232,0.2621197998523712,0.26009857654571533,0.06852922588586807
C:\Projects\TM470\data\processed\test\Lactarius\0664_vTIkNBMlgC0.jpg,Lactarius/0664_vTIkNBMlgC0.jpg,Lactarius,Inocybe,False,0.3845260739326477,0.0025816999987,ResNet18_Corrected,test,0.016024058684706688,0.044448938220739365,0.06435609608888626,0.03521360084414482,0.026263920590281487,0.06424221396446228,0.0020873169414699078,0.3845260739326477,0.3062703013420105,0.03189549595117569,0.024672051891684532
C:\Projects\TM470\data\processed\test\Lactarius\0670_V1ZK2sFc-Ro.jpg,Lactarius/0670_V1ZK2sFc-Ro.jpg,Lactarius,Lactarius,True,0.9521974325180054,0.0024947999991127,ResNet18_Corrected,test,1.056959263223689e-05,4.463787263375707e-05,5.63888488613884e-06,0.0056359656155109406,4.5425083953887224e-05,3.367510714724631e-08,0.0077400729060173035,0.0001357598084723577,0.9521974325180054,0.002809683093801141,0.03137484937906265
C:\Projects\TM470\data\processed\test\Lactarius\0672_VwMevK3GQmI.jpg,Lactarius/0672_VwMevK3GQmI.jpg,Lactarius,Lactarius,True,0.38930171728134155,0.0024083999960566,ResNet18_Corrected,test,0.02582855336368084,0.013381283730268478,0.00966061744838953,0.04715270176529884,0.013630769215524197,1.8885808685809025e-06,0.0071571338921785355,0.0032539532985538244,0.38930171728134155,0.3315469026565552,0.1590845286846161
C:\Projects\TM470\data\processed\test\Lactarius\0674_jfw03-JCIg4.jpg,Lactarius/0674_jfw03-JCIg4.jpg,Lactarius,Lactarius,True,0.9469444751739502,0.0024373000051127,ResNet18_Corrected,test,0.00024771702010184526,0.0003048570069950074,7.258321420522407e-05,0.003250253153964877,0.0009113182313740253,4.876567345490912e-07,0.0005031013861298561,0.0019486784003674984,0.9469444751739502,0.01718982867896557,0.028626739978790283
C:\Projects\TM470\data\processed\test\Lactarius\0675_t0wBJuQaX1I.jpg,Lactarius/0675_t0wBJuQaX1I.jpg,Lactarius,Lactarius,True,0.650229275226593,0.0029704000044148,ResNet18_Corrected,test,0.004914464429020882,0.018495073541998863,0.0030680899508297443,0.02340775728225708,0.0072176698595285416,0.0007088814163580537,0.003302500117570162,0.07860814779996872,0.650229275226593,0.16903552412986755,0.04101255536079407
C:\Projects\TM470\data\processed\test\Lactarius\0680_9iK0lHxdnbE.jpg,Lactarius/0680_9iK0lHxdnbE.jpg,Lactarius,Russula,False,0.6198456287384033,0.002473500004271,ResNet18_Corrected,test,0.0027180304750800133,0.002326167421415448,0.0169687420129776,0.030539629980921745,0.003727060742676258,0.00013657692761626095,0.00037188001442700624,0.014218823984265327,0.29743796586990356,0.6198456287384033,0.011709561571478844
C:\Projects\TM470\data\processed\test\Lactarius\069_WjmaRv5colU.jpg,Lactarius/069_WjmaRv5colU.jpg,Lactarius,Lactarius,True,0.8268006443977356,0.0026625000027706,ResNet18_Corrected,test,7.393658597720787e-05,1.3305850188771728e-05,0.0003284406557213515,0.0018705958500504494,5.947094177827239e-05,7.124240641864787e-10,0.0001574407215230167,1.9818873624899425e-05,0.8268006443977356,0.15705758333206177,0.013618793338537216
C:\Projects\TM470\data\processed\test\Lactarius\0704_ylcLIXgu01w.jpg,Lactarius/0704_ylcLIXgu01w.jpg,Lactarius,Lactarius,True,0.5221832990646362,0.0025939999977708,ResNet18_Corrected,test,0.0015458953566849232,0.005738275591284037,0.006630479358136654,0.009717576205730438,0.0016216929070651531,8.429349804828234e-07,0.0010356622515246272,0.005132873542606831,0.5221832990646362,0.41228121519088745,0.034112170338630676
C:\Projects\TM470\data\processed\test\Lactarius\0706_5KiNR80hz8c.jpg,Lactarius/0706_5KiNR80hz8c.jpg,Lactarius,Lactarius,True,0.5500572919845581,0.0024933999957283,ResNet18_Corrected,test,0.01100926287472248,0.05147286877036095,0.013392041437327862,0.007966353558003902,0.02010500058531761,2.297717628607643e-06,0.041822463274002075,0.0012393372599035501,0.5500572919845581,0.28408733010292053,0.018845772370696068
C:\Projects\TM470\data\processed\test\Lactarius\0709_rGbRBgcO1Bo.jpg,Lactarius/0709_rGbRBgcO1Bo.jpg,Lactarius,Cortinarius,False,0.3213244676589966,0.0024737999992794,ResNet18_Corrected,test,0.001974365906789899,0.0028268934693187475,0.0032114004716277122,0.3213244676589966,0.0310081597417593,7.190358883235604e-05,0.033649105578660965,0.007034121081233025,0.2950665056705475,0.2555679380893707,0.048265133053064346
C:\Projects\TM470\data\processed\test\Lactarius\0716_XAFN8ZsH8Oc.jpg,Lactarius/0716_XAFN8ZsH8Oc.jpg,Lactarius,Lactarius,True,0.8843936324119568,0.0025256000008084,ResNet18_Corrected,test,8.529048614036583e-07,9.693618630990386e-05,0.00021554976410698146,0.00293741375207901,4.656590135709848e-06,1.0465283395433289e-07,0.005690606776624918,0.007797833997756243,0.8843936324119568,0.0016831004759296775,0.09717939794063568
C:\Projects\TM470\data\processed\test\Lactarius\0734_NI0Ax90MD5c.jpg,Lactarius/0734_NI0Ax90MD5c.jpg,Lactarius,Lactarius,True,0.9073297381401062,0.0024848000030033,ResNet18_Corrected,test,2.948869405372534e-05,1.588108170835767e-05,1.8032662410405464e-05,0.004684242885559797,6.480188312707469e-05,1.4177341522980669e-09,0.0011031943140551448,0.00010414169082650915,0.9073297381401062,0.02365735173225403,0.06299317628145218
C:\Projects\TM470\data\processed\test\Lactarius\0736_aLqBxhhsMow.jpg,Lactarius/0736_aLqBxhhsMow.jpg,Lactarius,Lactarius,True,0.760166585445404,0.0024387000012211,ResNet18_Corrected,test,0.001386292395181954,0.0011964419391006231,0.009139989502727985,0.0012854441301897168,0.0051061674021184444,2.0329019889686606e-07,0.0004324395558796823,0.0003393045044504106,0.760166585445404,0.20729245245456696,0.013654666021466255
C:\Projects\TM470\data\processed\test\Lactarius\0745_ey3D5LyzKTY.jpg,Lactarius/0745_ey3D5LyzKTY.jpg,Lactarius,Russula,False,0.7367302179336548,0.0024690999998711,ResNet18_Corrected,test,0.010678721591830254,0.0004660996200982481,9.675384353613481e-05,0.0013125998666509986,0.004499673377722502,4.2143893930202125e-10,0.00567556731402874,3.224281954317121e-06,0.22241058945655823,0.7367302179336548,0.018126612529158592
C:\Projects\TM470\data\processed\test\Lactarius\0747_adx1MMw58MI.jpg,Lactarius/0747_adx1MMw58MI.jpg,Lactarius,Lactarius,True,0.45860299468040466,0.004575200000545,ResNet18_Corrected,test,0.04308411478996277,0.03634222224354744,0.011247469112277031,0.002506517805159092,0.0131399380043149,4.332269963924773e-05,0.0007576664793305099,0.007427033968269825,0.45860299468040466,0.4208308458328247,0.006017917767167091
C:\Projects\TM470\data\processed\test\Lactarius\0756_C1Ll5LZF_Cg.jpg,Lactarius/0756_C1Ll5LZF_Cg.jpg,Lactarius,Lactarius,True,0.26356393098831177,0.0043131999991601,ResNet18_Corrected,test,0.036384694278240204,0.16181015968322754,0.01164817065000534,0.004697912372648716,0.2228526622056961,4.010148040833883e-05,0.030188899487257004,0.0015487002674490213,0.26356393098831177,0.2610006630420685,0.006264062132686377
C:\Projects\TM470\data\processed\test\Lactarius\0757_3LeqE6pda1M.jpg,Lactarius/0757_3LeqE6pda1M.jpg,Lactarius,Russula,False,0.5860534310340881,0.0043072000044048,ResNet18_Corrected,test,0.010648409835994244,0.005582914687693119,0.0060168965719640255,0.005605637561529875,0.001541260862722993,1.1719572867718853e-08,0.022456757724285126,1.2879471796622965e-05,0.3325909674167633,0.5860534310340881,0.029490910470485687
C:\Projects\TM470\data\processed\test\Lactarius\0759_oLEvM6Hhevs.jpg,Lactarius/0759_oLEvM6Hhevs.jpg,Lactarius,Lactarius,True,0.9293504357337952,0.0042673999996623,ResNet18_Corrected,test,0.0008228716906160116,0.00014064725837670267,0.010769329033792019,0.00030781005625613034,0.0023402960505336523,1.7715412470309388e-10,0.0001868166436906904,5.501355190062895e-06,0.9293504357337952,0.021030543372035027,0.03504583239555359
C:\Projects\TM470\data\processed\test\Lactarius\0762_KnQg1QaWm0A.jpg,Lactarius/0762_KnQg1QaWm0A.jpg,Lactarius,Amanita,False,0.3499552607536316,0.0045438000015565,ResNet18_Corrected,test,0.007191309705376625,0.3499552607536316,0.0036236189771443605,0.020541483536362648,0.015315700322389603,0.0012034927494823933,0.0016277969116345048,0.057335421442985535,0.2638322710990906,0.26703163981437683,0.012341990135610104
C:\Projects\TM470\data\processed\test\Lactarius\0773_7sw6xICACRk.jpg,Lactarius/0773_7sw6xICACRk.jpg,Lactarius,Lactarius,True,0.778984010219574,0.0046760000041103,ResNet18_Corrected,test,0.008711117319762707,0.0068377042189240456,0.015144082717597485,0.006724156439304352,0.00688055669888854,3.946427568735089e-06,0.0012222077930346131,0.0055685811676084995,0.778984010219574,0.0760493054986,0.09387437999248505
C:\Projects\TM470\data\processed\test\Lactarius\0782_4hQQMaTQWEI.jpg,Lactarius/0782_4hQQMaTQWEI.jpg,Lactarius,Russula,False,0.8038099408149719,0.0043918999945162,ResNet18_Corrected,test,0.018931180238723755,0.007057763170450926,0.0011158150155097246,0.0026667513884603977,0.018442455679178238,3.638435373432003e-05,0.0004747440107166767,0.01646561361849308,0.12681937217712402,0.8038099408149719,0.0041800192557275295
C:\Projects\TM470\data\processed\test\Lactarius\0788_pRAv0S0JJWw.jpg,Lactarius/0788_pRAv0S0JJWw.jpg,Lactarius,Russula,False,0.6011838316917419,0.004141299999901,ResNet18_Corrected,test,0.01895895227789879,0.28125816583633423,0.032242484390735626,0.005231924820691347,0.0019279572879895568,1.418509555151104e-06,0.0012066620402038097,0.0004912438453175128,0.04866534471511841,0.6011838316917419,0.008831960149109364
C:\Projects\TM470\data\processed\test\Lactarius\0789_YdasocklYzQ.jpg,Lactarius/0789_YdasocklYzQ.jpg,Lactarius,Lactarius,True,0.33743804693222046,0.0041550000023562,ResNet18_Corrected,test,0.13237878680229187,0.11353995651006699,0.0016491480637341738,0.03245658427476883,0.06144701689481735,0.0050027393735945225,0.014480859972536564,0.2536657452583313,0.33743804693222046,0.01710795797407627,0.030833162367343903
C:\Projects\TM470\data\processed\test\Lactarius\0793_0GzeXD2rqQY.jpg,Lactarius/0793_0GzeXD2rqQY.jpg,Lactarius,Russula,False,0.9247621297836304,0.0041958000001613,ResNet18_Corrected,test,0.019763905555009842,0.011481876485049725,0.0037866837810724974,0.002876452635973692,0.0005144940805621445,1.9432818589848466e-05,0.00030088628409430385,0.0003835440147668123,0.03559153527021408,0.9247621297836304,0.0005190250813029706
C:\Projects\TM470\data\processed\test\Lactarius\0794_rAh-SYlXfxI.jpg,Lactarius/0794_rAh-SYlXfxI.jpg,Lactarius,Russula,False,0.6624581217765808,0.0041513000032864,ResNet18_Corrected,test,0.011773730628192425,0.0021341328974813223,0.14190873503684998,0.022259989753365517,0.0021968877408653498,0.00035274162655696273,0.00015118287410587072,0.026998668909072876,0.12020363658666611,0.6624581217765808,0.009562171064317226
C:\Projects\TM470\data\processed\test\Lactarius\0805_zrH6_rVsSM8.jpg,Lactarius/0805_zrH6_rVsSM8.jpg,Lactarius,Russula,False,0.5434715747833252,0.0042720999990706,ResNet18_Corrected,test,0.04924413934350014,0.05972554162144661,0.050561122596263885,0.011299248784780502,0.036438748240470886,9.559877798892558e-05,0.008919995278120041,0.01182387862354517,0.19957123696804047,0.5434715747833252,0.028848854824900627
C:\Projects\TM470\data\processed\test\Lactarius\0809_nKVSQbfh_8Q.jpg,Lactarius/0809_nKVSQbfh_8Q.jpg,Lactarius,Russula,False,0.4329189360141754,0.0042437000010977,ResNet18_Corrected,test,0.0709005668759346,0.008646860718727112,0.3549858629703522,0.0013908295659348369,0.0035093496553599834,4.577152523665973e-08,0.00022159061336424202,0.0003785594890359789,0.10867132246494293,0.4329189360141754,0.018376119434833527
C:\Projects\TM470\data\processed\test\Lactarius\0810_HmCW6dmg8ww.jpg,Lactarius/0810_HmCW6dmg8ww.jpg,Lactarius,Russula,False,0.5719934701919556,0.0025395000047865,ResNet18_Corrected,test,0.005928702652454376,0.00398610346019268,0.2508919835090637,0.008081684820353985,0.003756947349756956,2.540899686209741e-06,0.0005055231158621609,0.0031803667079657316,0.13353624939918518,0.5719934701919556,0.018136510625481606
C:\Projects\TM470\data\processed\test\Lactarius\0811_fny9MwqLlJQ.jpg,Lactarius/0811_fny9MwqLlJQ.jpg,Lactarius,Russula,False,0.29534831643104553,0.00255460000335,ResNet18_Corrected,test,0.05835133418440819,0.02270389162003994,0.17773734033107758,0.008848428726196289,0.020746033638715744,1.8240198187413625e-05,0.003327947109937668,0.004494365304708481,0.27208682894706726,0.29534831643104553,0.13633717596530914
C:\Projects\TM470\data\processed\test\Lactarius\0814_QfgRmQ7qhf4.jpg,Lactarius/0814_QfgRmQ7qhf4.jpg,Lactarius,Amanita,False,0.7286235690116882,0.0042210000028717,ResNet18_Corrected,test,0.11903019994497299,0.7286235690116882,0.027823813259601593,0.041561078280210495,0.0007534423493780196,2.556967592681758e-05,0.00023765864898450673,0.017698748037219048,0.009442560374736786,0.007139881141483784,0.0476636178791523
C:\Projects\TM470\data\processed\test\Lactarius\0819_UXB8BitCLeg.jpg,Lactarius/0819_UXB8BitCLeg.jpg,Lactarius,Lactarius,True,0.5358946919441223,0.0040864999973564,ResNet18_Corrected,test,0.0026872027665376663,0.000493390136398375,0.00013769653742201626,0.001617815694771707,0.0067025176249444485,3.633462029029033e-07,0.0019080679630860686,0.00021270451543387026,0.5358946919441223,0.4463827908039093,0.003962747287005186
C:\Projects\TM470\data\processed\test\Lactarius\0823_Ux2nE3c9Um8.jpg,Lactarius/0823_Ux2nE3c9Um8.jpg,Lactarius,Lactarius,True,0.9040144085884094,0.0041281000012531,ResNet18_Corrected,test,3.98242445953656e-05,0.00021452132205013186,0.00015197976608760655,0.0038012959994375706,0.00012874304957222193,3.307938456487136e-08,0.0007078411290422082,0.0009768374729901552,0.9040144085884094,0.03886295109987259,0.05110151320695877
C:\Projects\TM470\data\processed\test\Lactarius\0829_s0YUBr49gwI.jpg,Lactarius/0829_s0YUBr49gwI.jpg,Lactarius,Lactarius,True,0.6141875386238098,0.0040865000046323,ResNet18_Corrected,test,0.005711475387215614,0.026511704549193382,0.08718908578157425,0.01048890221863985,0.0235503688454628,0.007789021357893944,0.0008104051812551916,0.09979692846536636,0.6141875386238098,0.0834759846329689,0.0404885970056057
C:\Projects\TM470\data\processed\test\Lactarius\083_b-MWcypdVgI.jpg,Lactarius/083_b-MWcypdVgI.jpg,Lactarius,Lactarius,True,0.8772035241127014,0.0042579000000841,ResNet18_Corrected,test,0.00015861577412579209,0.00033566440106369555,6.0971076891291887e-05,0.029332423582673073,0.0006730843451805413,9.025393410411198e-06,0.002768640173599124,0.009414242580533028,0.8772035241127014,0.009929888881742954,0.07011382281780243
C:\Projects\TM470\data\processed\test\Lactarius\0852_7k3Zyy3_DGE.jpg,Lactarius/0852_7k3Zyy3_DGE.jpg,Lactarius,Lactarius,True,0.6277337074279785,0.0045334000024013,ResNet18_Corrected,test,0.0005604563048109412,0.0015005484456196427,0.04768841341137886,0.03911586105823517,0.00047489890130236745,9.448571290704422e-06,0.0007268270710483193,0.06975459307432175,0.6277337074279785,0.05426248535513878,0.15817275643348694
C:\Projects\TM470\data\processed\test\Lactarius\0861_R-QITvIdQ0I.jpg,Lactarius/0861_R-QITvIdQ0I.jpg,Lactarius,Lactarius,True,0.5874370336532593,0.004551200006972,ResNet18_Corrected,test,8.932648051995784e-05,0.000685427279677242,0.0005288193933665752,0.005695834755897522,2.843988113454543e-05,4.419936416866221e-09,0.0006958458689041436,0.00018086688942275941,0.5874370336532593,0.3818402886390686,0.02281801961362362
C:\Projects\TM470\data\processed\test\Lactarius\0863_vVoT2CYybJg.jpg,Lactarius/0863_vVoT2CYybJg.jpg,Lactarius,Inocybe,False,0.5562836527824402,0.0043351999993319,ResNet18_Corrected,test,0.0010643824934959412,0.005230527836829424,0.02636433206498623,0.01373269408941269,0.002397177740931511,0.0005130705540068448,0.0005809018039144576,0.5562836527824402,0.33556899428367615,0.015133526176214218,0.04313076287508011
C:\Projects\TM470\data\processed\test\Lactarius\0868_VH-IjF4KU2A.jpg,Lactarius/0868_VH-IjF4KU2A.jpg,Lactarius,Lactarius,True,0.8982951641082764,0.0042227000012644,ResNet18_Corrected,test,7.56919007471879e-06,6.698283687001094e-05,8.720305231690872e-06,0.000520234287250787,0.00021598231978714466,2.3566704498989566e-07,8.407461427850649e-05,0.039617687463760376,0.8982951641082764,0.0010328206699341536,0.06015046685934067
C:\Projects\TM470\data\processed\test\Lactarius\0874_2lGLHI_YG5k.jpg,Lactarius/0874_2lGLHI_YG5k.jpg,Lactarius,Lactarius,True,0.36657458543777466,0.0044089000002713,ResNet18_Corrected,test,0.00050380575703457,0.0005110784550197423,0.0032914092298597097,0.2120523750782013,0.0004789739032275975,4.391263701108983e-06,0.010460712015628815,0.02009010687470436,0.36657458543777466,0.028569597750902176,0.3574628531932831
C:\Projects\TM470\data\processed\test\Lactarius\087_L5ZS-DiYxEI.jpg,Lactarius/087_L5ZS-DiYxEI.jpg,Lactarius,Lactarius,True,0.5918830633163452,0.0043838999990839,ResNet18_Corrected,test,0.00023976588272489607,4.070901559316553e-05,0.0012206713436171412,0.0010926229879260063,3.719987944350578e-05,5.430718541532542e-09,0.0001342495233984664,2.5362620363011956e-05,0.5918830633163452,0.3972684144973755,0.008057988248765469
C:\Projects\TM470\data\processed\test\Lactarius\0881_3RtHEelIwJ0.jpg,Lactarius/0881_3RtHEelIwJ0.jpg,Lactarius,Lactarius,True,0.9576981067657471,0.0040971999987959,ResNet18_Corrected,test,2.164025772799505e-06,0.0001273679081350565,0.00013249332550913095,0.0008227475918829441,1.1347804502293002e-05,1.33511077748949e-08,0.001290844171307981,0.0003007084014825523,0.9576981067657471,0.005182584282010794,0.03443169593811035
C:\Projects\TM470\data\processed\test\Lactarius\0886_DVymd3ri6ok.jpg,Lactarius/0886_DVymd3ri6ok.jpg,Lactarius,Lactarius,True,0.710698664188385,0.0045677000016439,ResNet18_Corrected,test,2.253942147945054e-05,0.0023181287106126547,0.023170670494437218,0.0838436484336853,0.00012412179785314947,1.510966831119731e-05,0.005702493712306023,0.0567978210747242,0.710698664188385,0.010819784365594387,0.10648702830076218
C:\Projects\TM470\data\processed\test\Lactarius\0890_Fm2kZLQ186E.jpg,Lactarius/0890_Fm2kZLQ186E.jpg,Lactarius,Lactarius,True,0.9532731175422668,0.0043022000027121,ResNet18_Corrected,test,6.404478335753083e-05,0.0002748419065028429,0.00012140219769207761,0.00390800554305315,0.0005465532303787768,1.579579247845686e-06,0.001969357253983617,0.004693805705755949,0.9532731175422668,0.004111776128411293,0.031035488471388817
C:\Projects\TM470\data\processed\test\Lactarius\0891_y4giXhWdmzg.jpg,Lactarius/0891_y4giXhWdmzg.jpg,Lactarius,Inocybe,False,0.5671468377113342,0.004319799998484,ResNet18_Corrected,test,0.00242053484544158,0.03265482187271118,0.01847170479595661,0.10490032285451889,0.001970089040696621,0.007618861738592386,0.04375946521759033,0.5671468377113342,0.08775804191827774,0.0631222277879715,0.0701771005988121
C:\Projects\TM470\data\processed\test\Lactarius\0894_faLSlbF53CA.jpg,Lactarius/0894_faLSlbF53CA.jpg,Lactarius,Inocybe,False,0.5823659896850586,0.0041958999936468,ResNet18_Corrected,test,0.0030368308071047068,0.11487966030836105,0.0014310238184407353,0.0062947822734713554,0.016342544928193092,0.000303906126646325,0.018534904345870018,0.5823659896850586,0.13390211760997772,0.008794155903160572,0.11411408334970474
C:\Projects\TM470\data\processed\test\Lactarius\0898_H5ncLRcbiOQ.jpg,Lactarius/0898_H5ncLRcbiOQ.jpg,Lactarius,Lactarius,True,0.5484750866889954,0.0042026000010082,ResNet18_Corrected,test,0.001255613169632852,0.023276999592781067,0.001657813205383718,0.017642304301261902,0.0026279804296791553,6.264216949602996e-07,0.20380617678165436,0.0022332710213959217,0.5484750866889954,0.11178600788116455,0.08723811060190201
C:\Projects\TM470\data\processed\test\Lactarius\089_AJoVxJM23M4.jpg,Lactarius/089_AJoVxJM23M4.jpg,Lactarius,Lactarius,True,0.5255261659622192,0.0048953000004985,ResNet18_Corrected,test,0.007239800412207842,0.01024762261658907,0.007453357335180044,0.07512711733579636,0.009274446405470371,0.00011226661445107311,0.0028473250567913055,0.07667083293199539,0.5255261659622192,0.035358186811208725,0.2501428723335266
C:\Projects\TM470\data\processed\test\Lactarius\0904_Z0MfidvU7JU.jpg,Lactarius/0904_Z0MfidvU7JU.jpg,Lactarius,Inocybe,False,0.5137901306152344,0.0026862999948207,ResNet18_Corrected,test,0.032833728939294815,0.1855875700712204,0.05007060244679451,0.02695498615503311,0.0007642636774107814,0.01622455194592476,6.188077531987801e-05,0.5137901306152344,0.06872451305389404,0.08944229781627655,0.015545468777418137
C:\Projects\TM470\data\processed\test\Lactarius\0924_mvAXbhaPY-k.jpg,Lactarius/0924_mvAXbhaPY-k.jpg,Lactarius,Lactarius,True,0.5926198959350586,0.0025804000033531,ResNet18_Corrected,test,0.0025804282631725073,0.01459768507629633,0.0032776237931102514,0.007591403089463711,0.0026023995596915483,9.933466571965255e-06,0.0019205415155738592,0.006205771584063768,0.5926198959350586,0.34809011220932007,0.020504307001829147
C:\Projects\TM470\data\processed\test\Lactarius\0931_qYe0VtJnAhQ.jpg,Lactarius/0931_qYe0VtJnAhQ.jpg,Lactarius,Lactarius,True,0.5435711145401001,0.0025638000006438,ResNet18_Corrected,test,0.0009948870865628123,0.006706115789711475,0.07305353134870529,0.031024087220430374,0.0013312172377482057,5.620345291390549e-06,0.0016359875444322824,0.013433814980089664,0.5435711145401001,0.22792907059192657,0.10031454265117645
C:\Projects\TM470\data\processed\test\Lactarius\0941_SIWGBlVT-DI.jpg,Lactarius/0941_SIWGBlVT-DI.jpg,Lactarius,Lactarius,True,0.4232034683227539,0.0025197000068146,ResNet18_Corrected,test,2.363082421652507e-05,0.0014603721210733056,0.0031700357794761658,0.09395693987607956,0.00010957711492665112,2.0667032003984787e-05,0.010036122053861618,0.18169233202934265,0.4232034683227539,0.0007721107685938478,0.2855547070503235
C:\Projects\TM470\data\processed\test\Lactarius\0948_omWNNnbQkxU.jpg,Lactarius/0948_omWNNnbQkxU.jpg,Lactarius,Lactarius,True,0.7799702882766724,0.0025298000036855,ResNet18_Corrected,test,2.574827340140473e-05,0.000628715381026268,4.6253680920926854e-05,0.04624010995030403,7.13420522515662e-05,3.530609546942287e-07,0.016158977523446083,0.006249492987990379,0.7799702882766724,0.0069100745022296906,0.14369863271713257
C:\Projects\TM470\data\processed\test\Lactarius\094_-2iyr_W_qvQ.jpg,Lactarius/094_-2iyr_W_qvQ.jpg,Lactarius,Entoloma,False,0.3120979070663452,0.0025482999990344,ResNet18_Corrected,test,0.14736831188201904,0.16879695653915405,0.012119093909859657,0.006775997579097748,0.3120979070663452,3.921848474419676e-05,0.009433968923985958,0.0032085019629448652,0.22014614939689636,0.10231471806764603,0.01769912987947464
C:\Projects\TM470\data\processed\test\Lactarius\0950_ijfkg6qgVms.jpg,Lactarius/0950_ijfkg6qgVms.jpg,Lactarius,Lactarius,True,0.5781468749046326,0.0026547000015852,ResNet18_Corrected,test,0.0002285147929796949,0.00313168135471642,0.005554135888814926,0.033022575080394745,0.00042262644274160266,2.2385982845207764e-07,0.010212491266429424,0.000870914722327143,0.5781468749046326,0.2654869258403778,0.10292300581932068
C:\Projects\TM470\data\processed\test\Lactarius\095_BtaRrYfMJVs.jpg,Lactarius/095_BtaRrYfMJVs.jpg,Lactarius,Russula,False,0.7305387854576111,0.0025301999994553,ResNet18_Corrected,test,0.021926574409008026,0.02773762121796608,0.058999087661504745,0.029795872047543526,0.009461152367293835,0.009204584173858166,0.00887188222259283,0.02906956523656845,0.06602253764867783,0.7305387854576111,0.008372366428375244
C:\Projects\TM470\data\processed\test\Lactarius\0966_RRkmCZs4Hgk.jpg,Lactarius/0966_RRkmCZs4Hgk.jpg,Lactarius,Lactarius,True,0.26174136996269226,0.0026221000007353,ResNet18_Corrected,test,0.029141820967197418,0.20613746345043182,0.0019349715439602733,0.00845478568226099,0.20057453215122223,0.00016142372624017298,0.012734831310808659,0.002601809101179242,0.26174136996269226,0.25684860348701477,0.019668398424983025
C:\Projects\TM470\data\processed\test\Lactarius\0968_D_TOmURQt5M.jpg,Lactarius/0968_D_TOmURQt5M.jpg,Lactarius,Lactarius,True,0.4817541241645813,0.0026452000020071,ResNet18_Corrected,test,0.011637832038104534,0.029670394957065582,0.009715588763356209,0.036917366087436676,0.0931253433227539,0.00014557289250660688,0.023595497012138367,0.012429744936525822,0.4817541241645813,0.21517841517925262,0.08583015203475952
C:\Projects\TM470\data\processed\test\Lactarius\0975_TPuBswVPF4E.jpg,Lactarius/0975_TPuBswVPF4E.jpg,Lactarius,Lactarius,True,0.7776325345039368,0.0026562999992165,ResNet18_Corrected,test,0.00035639654379338026,0.00028135429602116346,0.0003171315183863044,0.006205874960869551,0.0002976539544761181,7.493641618339097e-08,0.0014468231238424778,0.00018874647503253073,0.7776325345039368,0.19351746141910553,0.01975591853260994
C:\Projects\TM470\data\processed\test\Lactarius\0978_f0jCRe74OWg.jpg,Lactarius/0978_f0jCRe74OWg.jpg,Lactarius,Lactarius,True,0.5011486411094666,0.0027263000010862,ResNet18_Corrected,test,0.001703501446172595,0.00024622728233225644,0.0019514821469783783,0.005921186879277229,0.0001589190651429817,4.2949171330519675e-08,0.0005170227377675474,0.0006807795725762844,0.5011486411094666,0.4078928530216217,0.07977936416864395
C:\Projects\TM470\data\processed\test\Lactarius\097_EnaERH1OSng.jpg,Lactarius/097_EnaERH1OSng.jpg,Lactarius,Lactarius,True,0.8918508291244507,0.0045345000035013,ResNet18_Corrected,test,8.892188634490594e-05,0.00022690049081575125,7.195113721536472e-05,0.01106497272849083,0.0009311044705100358,1.9993499336123932e-06,0.0017527132295072079,0.005547916516661644,0.8918508291244507,0.011193700134754181,0.07726901024580002
C:\Projects\TM470\data\processed\test\Lactarius\0980_m_ohZyV7g-Y.jpg,Lactarius/0980_m_ohZyV7g-Y.jpg,Lactarius,Lactarius,True,0.6477797627449036,0.0027700999999069,ResNet18_Corrected,test,0.00021227504475973547,0.0001244158629560843,0.0002997040282934904,0.010384386405348778,0.0001457900507375598,9.19758235795598e-07,0.00011308883404126391,0.037172865122556686,0.6477797627449036,0.21890859305858612,0.08485809713602066
C:\Projects\TM470\data\processed\test\Lactarius\0990_eosoYFrwQLI.jpg,Lactarius/0990_eosoYFrwQLI.jpg,Lactarius,Lactarius,True,0.5429232120513916,0.0029020000001764,ResNet18_Corrected,test,0.004415566101670265,0.004698864184319973,0.09262596070766449,0.008889641612768173,0.000318386621074751,4.533843878107291e-07,0.00108268519397825,0.00957927480340004,0.5429232120513916,0.23816613852977753,0.09729985892772675
C:\Projects\TM470\data\processed\test\Lactarius\0993_vWFD5m5EFdw.jpg,Lactarius/0993_vWFD5m5EFdw.jpg,Lactarius,Russula,False,0.5815199017524719,0.0028535000019473,ResNet18_Corrected,test,0.0031701375264674425,0.019928645342588425,0.0011004403932020068,0.000859377789311111,0.0007898180629126728,3.1330230854109686e-08,0.0016512213042005897,0.0013678396353498101,0.33364951610565186,0.5815199017524719,0.055963218212127686
C:\Projects\TM470\data\processed\test\Lactarius\0997_I_lCHDRsFnk.jpg,Lactarius/0997_I_lCHDRsFnk.jpg,Lactarius,Suillus,False,0.5569380521774292,0.0027661000058287,ResNet18_Corrected,test,0.01204944122582674,0.017291607335209846,0.04060555621981621,0.04643160477280617,0.002911554416641593,2.836468979694473e-07,0.010810978710651398,0.03916362300515175,0.22122901678085327,0.05256836116313934,0.5569380521774292
C:\Projects\TM470\data\processed\test\Lactarius\099_tlQryExCSSc.jpg,Lactarius/099_tlQryExCSSc.jpg,Lactarius,Lactarius,True,0.6451399922370911,0.0028634000045713,ResNet18_Corrected,test,0.006168839056044817,0.001778712379746139,0.00022591071319766343,0.05615444853901863,0.17307040095329285,0.0011753936996683478,0.0038196330424398184,0.028078889474272728,0.6451399922370911,0.0639963299036026,0.020391514524817467
C:\Projects\TM470\data\processed\test\Lactarius\1023_5KzdIbZlWao.jpg,Lactarius/1023_5KzdIbZlWao.jpg,Lactarius,Lactarius,True,0.6717953681945801,0.0029426000037346,ResNet18_Corrected,test,0.02602301351726055,0.007913761772215366,0.0021845202427357435,0.028632018715143204,0.0218757763504982,4.446334423846565e-05,0.021023143082857132,0.005080750677734613,0.6717953681945801,0.12068506330251694,0.09474209696054459
C:\Projects\TM470\data\processed\test\Lactarius\1031_-Xmag74uj8c.jpg,Lactarius/1031_-Xmag74uj8c.jpg,Lactarius,Lactarius,True,0.4681687355041504,0.0029169999979785,ResNet18_Corrected,test,0.00044229571358300745,0.0052287825383245945,0.00032081975950859487,0.037929948419332504,0.0019894475117325783,7.480439762730384e-06,0.03519514203071594,0.030344970524311066,0.4681687355041504,0.0012516715796664357,0.4191206991672516
C:\Projects\TM470\data\processed\test\Lactarius\1035_5IsEFXEEEaY.jpg,Lactarius/1035_5IsEFXEEEaY.jpg,Lactarius,Lactarius,True,0.554221510887146,0.0027247999969404,ResNet18_Corrected,test,0.0025302362628281116,0.03933107480406761,0.002490431535989046,0.061285458505153656,0.014264955185353756,0.009548425674438477,0.1731254607439041,0.03166181594133377,0.554221510887146,0.07046836614608765,0.0410722978413105
C:\Projects\TM470\data\processed\test\Lactarius\1039_IeXUvS5caiU.jpg,Lactarius/1039_IeXUvS5caiU.jpg,Lactarius,Inocybe,False,0.3747769296169281,0.004363200001535,ResNet18_Corrected,test,0.00022377095592673868,0.0006819950649514794,0.005366808734834194,0.13995487987995148,0.000314669799990952,0.000537449901457876,0.0019319166895002127,0.3747769296169281,0.2567747235298157,0.0011680322932079434,0.21826885640621185
C:\Projects\TM470\data\processed\test\Lactarius\1051_OqWmAht3bQo.jpg,Lactarius/1051_OqWmAht3bQo.jpg,Lactarius,Lactarius,True,0.6542247533798218,0.0043797000034828,ResNet18_Corrected,test,0.0011631076922640204,0.003569910768419504,0.10331492125988007,0.034843504428863525,0.0076406789012253284,2.7608291475189617e-06,0.00020865307305939496,0.0046492996625602245,0.6542247533798218,0.04523058235645294,0.14515173435211182
C:\Projects\TM470\data\processed\test\Lactarius\1084__qV9VGarloM.jpg,Lactarius/1084__qV9VGarloM.jpg,Lactarius,Russula,False,0.4933261275291443,0.0046488000007229,ResNet18_Corrected,test,0.0014791471185162663,0.0015551770338788629,2.4328104700543918e-05,0.002584703266620636,0.009397226385772228,3.2323598020411737e-07,0.0036601577885448933,0.00043310760520398617,0.4836290776729584,0.4933261275291443,0.003910644445568323
C:\Projects\TM470\data\processed\test\Lactarius\1087_T-XOvJDzPj4.jpg,Lactarius/1087_T-XOvJDzPj4.jpg,Lactarius,Russula,False,0.949964702129364,0.0026146000018343,ResNet18_Corrected,test,0.00030399792012758553,3.590574488043785e-05,0.000310455565340817,0.0008658142178319395,0.00010725702304625884,2.41183091276298e-08,8.930544572649524e-05,3.111214391537942e-05,0.04679498448967934,0.949964702129364,0.0014965443406254053
C:\Projects\TM470\data\processed\test\Lactarius\108_M1XYdkUcelY.jpg,Lactarius/108_M1XYdkUcelY.jpg,Lactarius,Agaricus,False,0.4434368312358856,0.0026287999935448,ResNet18_Corrected,test,0.4434368312358856,0.18058882653713226,0.02128276415169239,0.03323158621788025,0.033755362033843994,2.4724675313336775e-05,0.014100922271609306,0.006174243986606598,0.08902937173843384,0.14596033096313477,0.032415058463811874
C:\Projects\TM470\data\processed\test\Lactarius\1095_DTLgzikyFDc.jpg,Lactarius/1095_DTLgzikyFDc.jpg,Lactarius,Lactarius,True,0.47454172372817993,0.0026071000029332,ResNet18_Corrected,test,0.003254906740039587,0.0009013724629767239,0.010007813572883606,0.03484564647078514,0.0015898620476946235,1.9333361933604465e-07,0.0016436721198260784,0.0006266498821787536,0.47454172372817993,0.39620906114578247,0.07637909054756165
C:\Projects\TM470\data\processed\test\Lactarius\1102_LESYYltPhNw.jpg,Lactarius/1102_LESYYltPhNw.jpg,Lactarius,Russula,False,0.94635009765625,0.0025425000058021,ResNet18_Corrected,test,7.278475823113695e-05,5.848686851095408e-05,0.0001269461354240775,0.00016818703443277627,7.896228635217994e-05,5.6958424643482886e-09,5.916989266552264e-06,4.068089401698671e-05,0.052188124507665634,0.94635009765625,0.0009099353337660432
C:\Projects\TM470\data\processed\test\Lactarius\1104_Top2jkbHf3c.jpg,Lactarius/1104_Top2jkbHf3c.jpg,Lactarius,Amanita,False,0.4896691143512726,0.0025408000001334,ResNet18_Corrected,test,0.05865495279431343,0.4896691143512726,0.0734124705195427,0.10541506111621857,0.000693251087795943,9.385712473886088e-07,0.0015511992387473583,0.007923532277345657,0.05171072110533714,0.04641515389084816,0.16455358266830444
C:\Projects\TM470\data\processed\test\Lactarius\1108_Drq20AGMUPU.jpg,Lactarius/1108_Drq20AGMUPU.jpg,Lactarius,Lactarius,True,0.8075138926506042,0.0025428000008105,ResNet18_Corrected,test,0.001870673499070108,0.0020350180566310883,0.0013668627943843603,0.01253474596887827,0.003419421147555113,3.786017032325617e-06,0.0006253300816752017,0.0029136084485799074,0.8075138926506042,0.14334607124328613,0.02437051758170128
C:\Projects\TM470\data\processed\test\Lactarius\1112_BjWWPLj9vfs.jpg,Lactarius/1112_BjWWPLj9vfs.jpg,Lactarius,Russula,False,0.949964702129364,0.0025229000020772,ResNet18_Corrected,test,0.00030399792012758553,3.590574488043785e-05,0.000310455565340817,0.0008658142178319395,0.00010725702304625884,2.41183091276298e-08,8.930544572649524e-05,3.111214391537942e-05,0.04679498448967934,0.949964702129364,0.0014965443406254053
C:\Projects\TM470\data\processed\test\Lactarius\1119_97YWRRfAMdE.jpg,Lactarius/1119_97YWRRfAMdE.jpg,Lactarius,Russula,False,0.7659007906913757,0.0026155000014114,ResNet18_Corrected,test,0.0018260263605043292,0.00016396814316976815,0.0007193819037638605,0.010356150567531586,0.0012144920183345675,0.00011701311450451612,0.00023678904108237475,0.006157683674246073,0.2120930254459381,0.7659007906913757,0.0012145625660195947
C:\Projects\TM470\data\processed\test\Lactarius\1126_OzpDgrwjWNc.jpg,Lactarius/1126_OzpDgrwjWNc.jpg,Lactarius,Lactarius,True,0.37921735644340515,0.0025576999978511,ResNet18_Corrected,test,0.01500296127051115,0.013773773796856403,0.0010712557705119252,0.014604669995605946,0.026033520698547363,3.834947619907325e-06,0.19559812545776367,0.0009798777755349874,0.37921735644340515,0.30893829464912415,0.0447763130068779
C:\Projects\TM470\data\processed\test\Lactarius\1133_HDYDTLTS4FA.jpg,Lactarius/1133_HDYDTLTS4FA.jpg,Lactarius,Lactarius,True,0.7125028371810913,0.0025380000006407,ResNet18_Corrected,test,0.005763137713074684,0.0022673974744975567,0.008982020430266857,0.0816853865981102,0.004200769122689962,2.126208164554555e-05,0.0031062178313732147,0.028372062370181084,0.7125028371810913,0.030548524111509323,0.12255040556192398
C:\Projects\TM470\data\processed\test\Lactarius\1140_L4hzKxVbQc0.jpg,Lactarius/1140_L4hzKxVbQc0.jpg,Lactarius,Agaricus,False,0.2956744134426117,0.0025545000025886,ResNet18_Corrected,test,0.2956744134426117,0.007584592327475548,5.780263018095866e-05,0.030273888260126114,0.02121073007583618,5.698527729691705e-07,0.02050035633146763,0.004857967607676983,0.21882876753807068,0.2908277213573456,0.1101832240819931
C:\Projects\TM470\data\processed\test\Lactarius\1144_d52jIf1q8OQ.jpg,Lactarius/1144_d52jIf1q8OQ.jpg,Lactarius,Russula,False,0.5448188781738281,0.0025036000006366,ResNet18_Corrected,test,0.00848356168717146,0.0017526581650599837,0.0005288096726872027,0.012713698670268059,0.017770005390048027,2.5727664251462556e-05,0.002060625934973359,0.0020460295490920544,0.40014827251434326,0.5448188781738281,0.00965176336467266
C:\Projects\TM470\data\processed\test\Lactarius\1157_lIsQAIM1Bms.jpg,Lactarius/1157_lIsQAIM1Bms.jpg,Lactarius,Russula,False,0.7237555384635925,0.0027072000011685,ResNet18_Corrected,test,0.0031848049256950617,0.002106013474985957,0.0010613308986648917,0.0021475753746926785,0.006661062594503164,1.3402992635747069e-06,0.0004812524712178856,0.00011621834710240364,0.25768807530403137,0.7237555384635925,0.0027967598289251328
C:\Projects\TM470\data\processed\test\Lactarius\1163_6urWblLWaP0.jpg,Lactarius/1163_6urWblLWaP0.jpg,Lactarius,Entoloma,False,0.359437495470047,0.0026377999965916,ResNet18_Corrected,test,0.051896821707487106,0.12947408854961395,0.020309224724769592,0.02747984603047371,0.359437495470047,0.00103112927172333,0.015685182064771652,0.04373469203710556,0.20101939141750336,0.07484951615333557,0.07508263736963272
C:\Projects\TM470\data\processed\test\Lactarius\1164_sa2vKVnzdDU.jpg,Lactarius/1164_sa2vKVnzdDU.jpg,Lactarius,Amanita,False,0.7072510123252869,0.0038469999999506,ResNet18_Corrected,test,0.02185480296611786,0.7072510123252869,0.01915235072374344,0.01102359313517809,0.03708676993846893,4.5360852141129726e-07,0.0008949220646172762,0.001182334148325026,0.05829392373561859,0.08367036283016205,0.05958951264619827
C:\Projects\TM470\data\processed\test\Lactarius\1168_liGHHAZOR28.jpg,Lactarius/1168_liGHHAZOR28.jpg,Lactarius,Boletus,False,0.24339164793491364,0.0042906000016955,ResNet18_Corrected,test,0.06426170468330383,0.19825679063796997,0.24339164793491364,0.0804334282875061,0.005950963590294123,0.00041305014747194946,0.002958934986963868,0.023448793217539787,0.17517724633216858,0.15322552621364594,0.052481818944215775
C:\Projects\TM470\data\processed\test\Lactarius\1185_l8CcBJMEx4U.jpg,Lactarius/1185_l8CcBJMEx4U.jpg,Lactarius,Lactarius,True,0.5805588960647583,0.0042975999967893,ResNet18_Corrected,test,0.05039966106414795,0.008774449117481709,0.0005641651805490255,0.0029371026903390884,0.14357337355613708,0.0001125774288084358,0.0012913265964016318,0.006112486589699984,0.5805588960647583,0.1952202022075653,0.010455756448209286
C:\Projects\TM470\data\processed\test\Lactarius\1187_SFmMgNJ91-I.jpg,Lactarius/1187_SFmMgNJ91-I.jpg,Lactarius,Lactarius,True,0.8903318643569946,0.0042241999981342,ResNet18_Corrected,test,0.003624499076977372,0.004015094134956598,0.000200101247173734,0.0008029938326217234,0.047882430255413055,3.1838592917665665e-07,0.000969982473179698,0.000910083414055407,0.8903318643569946,0.038643211126327515,0.012619373388588428
C:\Projects\TM470\data\processed\test\Lactarius\1194_Q_-2-NBIRlk.jpg,Lactarius/1194_Q_-2-NBIRlk.jpg,Lactarius,Hygrocybe,False,0.40388068556785583,0.004290700002457,ResNet18_Corrected,test,0.00262405420653522,0.02347078174352646,0.0002713405410759151,0.02588150091469288,0.09599345922470093,4.316881074828416e-08,0.40388068556785583,0.0007639729883521795,0.2783319652080536,0.008299307897686958,0.16048292815685272
C:\Projects\TM470\data\processed\test\Lactarius\1199_hy7BCb0o9Ss.jpg,Lactarius/1199_hy7BCb0o9Ss.jpg,Lactarius,Agaricus,False,0.41063153743743896,0.0042537999979685,ResNet18_Corrected,test,0.41063153743743896,0.14466790854930878,0.02506520226597786,0.06778817623853683,0.14006407558918,0.0007332836394198239,0.00894190464168787,0.019228043034672737,0.056392885744571686,0.02671332284808159,0.09977369010448456
C:\Projects\TM470\data\processed\test\Lactarius\1205_V_YJfaEofno.jpg,Lactarius/1205_V_YJfaEofno.jpg,Lactarius,Lactarius,True,0.6968148946762085,0.0041624000004958,ResNet18_Corrected,test,2.8112810468883254e-05,0.0012832897482439876,0.00018819849356077611,0.05120015889406204,8.612436795374379e-05,7.924509759504872e-08,0.027089886367321014,0.0016811472596600652,0.6968148946762085,0.030287500470876694,0.1913405954837799
C:\Projects\TM470\data\processed\test\Lactarius\1209_-oHFXkHNN6c.jpg,Lactarius/1209_-oHFXkHNN6c.jpg,Lactarius,Lactarius,True,0.541571319103241,0.0040912999975262,ResNet18_Corrected,test,0.0002579404681455344,0.008527176454663277,0.005725350696593523,0.12574438750743866,0.0002736064197961241,2.3267614324140595e-06,0.015805181115865707,0.011152797378599644,0.541571319103241,0.10623110830783844,0.18470877408981323
C:\Projects\TM470\data\processed\test\Lactarius\1210_5y8ObCFK_r4.jpg,Lactarius/1210_5y8ObCFK_r4.jpg,Lactarius,Lactarius,True,0.3595067858695984,0.0040498000016668,ResNet18_Corrected,test,0.0006871030782349408,0.008439281955361366,0.15274867415428162,0.17703178524971008,0.0008998484117910266,0.0009855272946879268,0.012941541150212288,0.09032616019248962,0.3595067858695984,0.08414097875356674,0.1122923269867897
C:\Projects\TM470\data\processed\test\Lactarius\1213_E6SGc19pJFY.jpg,Lactarius/1213_E6SGc19pJFY.jpg,Lactarius,Lactarius,True,0.8260387182235718,0.0040399999998044,ResNet18_Corrected,test,0.0003709116135723889,0.00020110802142880857,0.001708597643300891,0.010474462993443012,0.000182896270416677,2.2743579393136315e-06,0.0012778700329363346,0.012255711480975151,0.8260387182235718,0.05052653327584267,0.09696095436811447
C:\Projects\TM470\data\processed\test\Lactarius\1223_6yV3bv_fpo8.jpg,Lactarius/1223_6yV3bv_fpo8.jpg,Lactarius,Lactarius,True,0.9141969084739685,0.0040005000046221,ResNet18_Corrected,test,0.00023096414224710315,0.00021975494746584445,0.026127029210329056,0.0028985741082578897,0.0003415652900002897,1.2951513639336554e-08,0.0017083118436858058,4.555080886348151e-05,0.9141969084739685,0.03605914115905762,0.01817222684621811
C:\Projects\TM470\data\processed\test\Lactarius\1224_Yn3W7OW8tkQ.jpg,Lactarius/1224_Yn3W7OW8tkQ.jpg,Lactarius,Lactarius,True,0.8958202600479126,0.0041715999977895,ResNet18_Corrected,test,1.0980252227454912e-05,3.343252683407627e-05,0.00032646729960106313,0.0004549634759314358,4.335910034569679e-06,5.446333054687225e-12,0.00048307215911336243,2.907596353907138e-06,0.8958202600479126,0.06024732440710068,0.042616214603185654
C:\Projects\TM470\data\processed\test\Lactarius\1226_nyvT8mRno3g.jpg,Lactarius/1226_nyvT8mRno3g.jpg,Lactarius,Suillus,False,0.3006736636161804,0.0041246999971917,ResNet18_Corrected,test,0.00048428852460347116,0.03917903080582619,0.030280370265245438,0.15299834311008453,0.001533192815259099,0.00016530523134861141,0.07905491441488266,0.12047211825847626,0.23620502650737762,0.03895369544625282,0.3006736636161804
C:\Projects\TM470\data\processed\test\Lactarius\122_W_5GcNcAuN4.jpg,Lactarius/122_W_5GcNcAuN4.jpg,Lactarius,Russula,False,0.4512966275215149,0.0045045000006211,ResNet18_Corrected,test,0.09242542833089828,0.016479788348078728,0.003647872246801853,0.12354232370853424,0.019773464649915695,0.006159581709653139,0.0075248852372169495,0.007462867069989443,0.2674133777618408,0.4512966275215149,0.004273764323443174
C:\Projects\TM470\data\processed\test\Lactarius\1251_bPDEkspIv50.jpg,Lactarius/1251_bPDEkspIv50.jpg,Lactarius,Russula,False,0.41629043221473694,0.0042239999966113,ResNet18_Corrected,test,0.015246577560901642,0.11844389140605927,0.04009640961885452,0.012834698893129826,0.022989949211478233,0.0028203045949339867,0.0019476012093946338,0.12826476991176605,0.21736572682857513,0.41629043221473694,0.02369958721101284
C:\Projects\TM470\data\processed\test\Lactarius\1252_73K3pd3sWMQ.jpg,Lactarius/1252_73K3pd3sWMQ.jpg,Lactarius,Lactarius,True,0.8633394241333008,0.0041199000042979,ResNet18_Corrected,test,0.00040649808943271637,0.00746763264760375,0.0001113457401515916,0.00019378875731490552,0.011413357220590115,7.202909824144399e-09,0.002118622651323676,6.357237725751474e-05,0.8633394241333008,0.10845030844211578,0.00643532257527113
C:\Projects\TM470\data\processed\test\Lactarius\128_dfE8pjx6FdQ.jpg,Lactarius/128_dfE8pjx6FdQ.jpg,Lactarius,Amanita,False,0.39046528935432434,0.0041086999990511,ResNet18_Corrected,test,0.10949584096670151,0.39046528935432434,0.008737372234463692,0.07654938846826553,0.07191533595323563,0.01709585078060627,0.031329378485679626,0.11989358812570572,0.130502387881279,0.006159218493849039,0.03785638511180878
C:\Projects\TM470\data\processed\test\Lactarius\136_2lSzCzGC8cs.jpg,Lactarius/136_2lSzCzGC8cs.jpg,Lactarius,Russula,False,0.901258647441864,0.0041342000040458,ResNet18_Corrected,test,0.005104830488562584,0.0013828446390107274,0.0027550170198082924,0.002603580243885517,0.0036080866120755672,2.872854565794114e-06,0.00017167346959467977,0.00014273266424424946,0.08230743557214737,0.901258647441864,0.0006622580112889409
C:\Projects\TM470\data\processed\test\Lactarius\140_exY6qQ3hXgY.jpg,Lactarius/140_exY6qQ3hXgY.jpg,Lactarius,Amanita,False,0.3623062074184418,0.0040444999976898,ResNet18_Corrected,test,0.11785029619932175,0.3623062074184418,0.011814168654382229,0.08336146175861359,0.01273124385625124,0.004614923149347305,0.007131712976843119,0.2370888590812683,0.064961738884449,0.012373016215860844,0.08576637506484985
C:\Projects\TM470\data\processed\test\Lactarius\149_CwuowlVAMxY.jpg,Lactarius/149_CwuowlVAMxY.jpg,Lactarius,Lactarius,True,0.5189910531044006,0.0042876000006799,ResNet18_Corrected,test,0.00950586050748825,0.018176831305027008,6.96888382663019e-05,0.0035806193482130766,0.26139014959335327,5.013853296986781e-05,0.018878530710935593,0.0005822334787808359,0.5189910531044006,0.16538678109645844,0.003388047218322754
C:\Projects\TM470\data\processed\test\Lactarius\153_gN8-LTmbt4U.jpg,Lactarius/153_gN8-LTmbt4U.jpg,Lactarius,Lactarius,True,0.5001506209373474,0.0042478000032133,ResNet18_Corrected,test,0.0038175389636307955,0.0005711642443202436,2.574097743490711e-05,0.006149126682430506,0.007192243356257677,7.459269824039438e-08,0.004348136018961668,3.014316644112114e-05,0.5001506209373474,0.4734497666358948,0.004265493247658014
C:\Projects\TM470\data\processed\test\Lactarius\164_YmyEAa79xJY.jpg,Lactarius/164_YmyEAa79xJY.jpg,Lactarius,Russula,False,0.5254883170127869,0.0048521999997319,ResNet18_Corrected,test,0.00021249604469630867,0.0014021905371919274,0.002213809872046113,0.07969929277896881,0.00034768893965519965,2.5061310225282796e-05,0.08051935583353043,0.0004943282692693174,0.29552561044692993,0.5254883170127869,0.014071768149733543
C:\Projects\TM470\data\processed\test\Lactarius\166_m4APlqR5cX8.jpg,Lactarius/166_m4APlqR5cX8.jpg,Lactarius,Russula,False,0.6975820064544678,0.0044889999990118,ResNet18_Corrected,test,1.8411721612210386e-05,1.7191472579725087e-05,6.90333909005858e-05,0.07221659272909164,0.00010864091018447652,1.5256989627232542e-06,0.00019432016415521502,0.0004724617174360901,0.22493314743041992,0.6975820064544678,0.004386625252664089
C:\Projects\TM470\data\processed\test\Lactarius\167_sbpN5cmc4Qw.jpg,Lactarius/167_sbpN5cmc4Qw.jpg,Lactarius,Lactarius,True,0.5901397466659546,0.004349099996034,ResNet18_Corrected,test,0.011780472472310066,0.02014203555881977,0.01903783716261387,0.008944499306380749,0.10930601507425308,3.068795194849372e-05,0.020833251997828484,0.001288294792175293,0.5901397466659546,0.19358162581920624,0.024915510788559914
C:\Projects\TM470\data\processed\test\Lactarius\172_AtgfiwOgTAk.jpg,Lactarius/172_AtgfiwOgTAk.jpg,Lactarius,Lactarius,True,0.9070705771446228,0.0043096999943372,ResNet18_Corrected,test,0.0003134107682853937,0.00021203926007729024,0.0007739512366242707,0.0019154917681589723,0.0003402635338716209,1.1460846494060206e-08,0.00037913466803729534,9.633088484406471e-05,0.9070705771446228,0.07867758721113205,0.010221291333436966
C:\Projects\TM470\data\processed\test\Lactarius\175_I_Sk3JdyB8Q.jpg,Lactarius/175_I_Sk3JdyB8Q.jpg,Lactarius,Lactarius,True,0.5040037631988525,0.0040929999959189,ResNet18_Corrected,test,0.00017937911616172642,0.00021653983276337385,0.000260772678302601,0.031218940392136574,0.0005661072791554034,2.920219799307233e-07,0.0021200524643063545,0.0005903495475649834,0.5040037631988525,0.4490303099155426,0.011813522316515446
C:\Projects\TM470\data\processed\test\Lactarius\176_7c5SOZYoEEQ.jpg,Lactarius/176_7c5SOZYoEEQ.jpg,Lactarius,Russula,False,0.8890444040298462,0.0042895000005955,ResNet18_Corrected,test,2.6363341021351516e-05,4.680426172853913e-06,0.0009715420892462134,0.007422740571200848,6.993935585342115e-06,4.351141225100719e-09,0.0002747057587839663,2.4431856218143366e-06,0.10069390386343002,0.8890444040298462,0.0015522001776844263
C:\Projects\TM470\data\processed\test\Lactarius\182_Z_eMo84pz4w.jpg,Lactarius/182_Z_eMo84pz4w.jpg,Lactarius,Russula,False,0.774190366268158,0.0044912000012118,ResNet18_Corrected,test,2.2663638446829282e-05,1.768483161868062e-05,0.00039600336458534,0.009718476794660091,3.7285376492945943e-06,1.0240226444580003e-08,1.9065540982410312e-05,0.0007294931565411389,0.18142656981945038,0.774190366268158,0.03347593545913696
C:\Projects\TM470\data\processed\test\Lactarius\186_vqv6RGdM7tQ.jpg,Lactarius/186_vqv6RGdM7tQ.jpg,Lactarius,Russula,False,0.6400824189186096,0.0038655000025755,ResNet18_Corrected,test,0.0029503083787858486,0.018283070996403694,0.0025150980800390244,0.0010518013732507825,0.012246663682162762,3.18536353915988e-06,0.0014697443693876266,0.002681650687009096,0.2963102161884308,0.6400824189186096,0.022405801340937614
C:\Projects\TM470\data\processed\test\Lactarius\187_9b5XfCCHe9s.jpg,Lactarius/187_9b5XfCCHe9s.jpg,Lactarius,Lactarius,True,0.5768564343452454,0.0027389999959268,ResNet18_Corrected,test,0.018905047327280045,0.027949068695306778,0.0009872699156403542,0.0022414063569158316,0.016239885240793228,5.261654223431833e-06,0.003337402595207095,0.0030200115870684385,0.5768564343452454,0.3156827986240387,0.034775510430336
C:\Projects\TM470\data\processed\test\Lactarius\188__ssneZ3zq44.jpg,Lactarius/188__ssneZ3zq44.jpg,Lactarius,Lactarius,True,0.6789466142654419,0.0025212000036844,ResNet18_Corrected,test,0.006342304404824972,0.00629756273701787,0.0008704574429430068,0.03148704022169113,0.049339260905981064,7.735200779279694e-05,0.009077233262360096,0.00246713706292212,0.6789466142654419,0.20451511442661285,0.010579988360404968
C:\Projects\TM470\data\processed\test\Lactarius\200_h-AIr5ayQw8.jpg,Lactarius/200_h-AIr5ayQw8.jpg,Lactarius,Russula,False,0.6979153156280518,0.0025338999985251,ResNet18_Corrected,test,0.012574047781527042,0.0019817007705569267,0.011631821282207966,0.00408052746206522,0.007133509963750839,1.5269004506990314e-05,0.0005928321043029428,0.0013793660327792168,0.256519079208374,0.6979153156280518,0.006176494527608156
C:\Projects\TM470\data\processed\test\Lactarius\204_5earXwj40js.jpg,Lactarius/204_5earXwj40js.jpg,Lactarius,Lactarius,True,0.5102749466896057,0.0025171999950543,ResNet18_Corrected,test,0.01364247314631939,0.01610403135418892,0.023977817967534065,0.04664841666817665,0.008659828454256058,0.0002934150688815862,0.00021686310356017202,0.07941479235887527,0.5102749466896057,0.25819528102874756,0.042572129517793655
C:\Projects\TM470\data\processed\test\Lactarius\206_32LgeIY1Yeg.jpg,Lactarius/206_32LgeIY1Yeg.jpg,Lactarius,Lactarius,True,0.7189617156982422,0.0025273999999626,ResNet18_Corrected,test,0.002196474466472864,0.036171745508909225,0.0019917672034353018,0.022343961521983147,0.010798751376569271,6.240748916752636e-05,0.010706971399486065,0.05209648609161377,0.7189617156982422,0.03176296502351761,0.11290685087442398
C:\Projects\TM470\data\processed\test\Lactarius\216_XQewJ4iZ0SE.jpg,Lactarius/216_XQewJ4iZ0SE.jpg,Lactarius,Lactarius,True,0.7686395645141602,0.0024731000012252,ResNet18_Corrected,test,0.013339824974536896,0.0062376526184380054,0.04854141175746918,0.0014497736701741815,0.0039179385639727116,1.7934810969677528e-08,0.0009940338786691427,0.00019841696484945714,0.7686395645141602,0.061777785420417786,0.09490354359149933
C:\Projects\TM470\data\processed\test\Lactarius\217_NouQvvUbzkI.jpg,Lactarius/217_NouQvvUbzkI.jpg,Lactarius,Lactarius,True,0.4657181203365326,0.0025480999975115,ResNet18_Corrected,test,0.006353355012834072,0.00260722148232162,0.02629491314291954,0.008150854147970676,0.0007872161804698408,4.325719782372062e-09,0.0022733465302735567,0.0004916184698231518,0.4657181203365326,0.05025067552924156,0.43707266449928284
C:\Projects\TM470\data\processed\test\Lactarius\220_s7m6OJgigsQ.jpg,Lactarius/220_s7m6OJgigsQ.jpg,Lactarius,Lactarius,True,0.7027173638343811,0.0026589999979478,ResNet18_Corrected,test,0.00012732032337225974,0.00139533425681293,0.003391220234334469,0.02433275803923607,0.0003789756738115102,1.4252835853767465e-06,0.048083122819662094,0.002377440221607685,0.7027173638343811,0.14554204046726227,0.07165297120809555
C:\Projects\TM470\data\processed\test\Lactarius\221_gFGMtF63hew.jpg,Lactarius/221_gFGMtF63hew.jpg,Lactarius,Lactarius,True,0.703794538974762,0.0036529999997583,ResNet18_Corrected,test,0.00030217200401239097,0.002611368428915739,0.01640385575592518,0.07800271362066269,0.0004733244713861495,2.582050728960894e-05,0.026667172089219093,0.025957757607102394,0.703794538974762,0.05455099418759346,0.09121028333902359
C:\Projects\TM470\data\processed\test\Lactarius\233_Zrhk_kzm9RI.jpg,Lactarius/233_Zrhk_kzm9RI.jpg,Lactarius,Lactarius,True,0.3955160081386566,0.0042385999986436,ResNet18_Corrected,test,0.0032381436321884394,0.00027586499345488846,0.12777188420295715,0.11437247693538666,0.00047292819363065064,3.4768908108162577e-07,0.004377791658043861,0.0002337095356779173,0.3955160081386566,0.2672969102859497,0.08644391596317291
C:\Projects\TM470\data\processed\test\Lactarius\243_Kcz6T9Gexhs.jpg,Lactarius/243_Kcz6T9Gexhs.jpg,Lactarius,Boletus,False,0.4756380319595337,0.0044296000050962,ResNet18_Corrected,test,0.015104465186595917,0.11167731881141663,0.4756380319595337,0.02008017525076866,0.001643919269554317,3.316530410302221e-06,0.0015937219141051173,0.030040347948670387,0.09458959847688675,0.08138667792081833,0.1682424545288086
C:\Projects\TM470\data\processed\test\Lactarius\245_8a_KwW3R88w.jpg,Lactarius/245_8a_KwW3R88w.jpg,Lactarius,Lactarius,True,0.4311279356479645,0.004440999997314,ResNet18_Corrected,test,0.0004483476222958416,0.0950251892209053,0.015466447919607162,0.019043779000639915,0.005588294472545385,1.1252109288761858e-06,0.00914598349481821,0.0035290131345391273,0.4311279356479645,0.33957239985466003,0.08105143159627914
C:\Projects\TM470\data\processed\test\Lactarius\246_RXGb-uY_OT0.jpg,Lactarius/246_RXGb-uY_OT0.jpg,Lactarius,Lactarius,True,0.7989837527275085,0.0044071000011172,ResNet18_Corrected,test,4.138848908041837e-06,0.0009527427610009909,0.0006556162261404097,0.00405978225171566,7.941760486573912e-06,6.5728572584689e-10,0.0007242988212965429,8.300955960294232e-05,0.7989837527275085,0.1628737896680832,0.03165501356124878
C:\Projects\TM470\data\processed\test\Lactarius\253_04FkFVirQ7Y.jpg,Lactarius/253_04FkFVirQ7Y.jpg,Lactarius,Russula,False,0.9770400524139404,0.0042358999999123,ResNet18_Corrected,test,0.0004856448795180768,0.0002767985570244491,8.344999514520168e-05,0.006766967475414276,0.0006843226728960872,5.889571070838429e-07,0.0006077178404666483,1.0334219041396864e-05,0.013672949746251106,0.9770400524139404,0.00037108626565895975
C:\Projects\TM470\data\processed\test\Lactarius\263_q4EWqSw73ss.jpg,Lactarius/263_q4EWqSw73ss.jpg,Lactarius,Lactarius,True,0.6858261227607727,0.0043321999983163,ResNet18_Corrected,test,0.0005565009196288884,0.0024785390123724937,0.0008804291719570756,0.02995617687702179,0.011109036393463612,7.618661584274378e-06,0.0034917735029011965,0.009157153777778149,0.6858261227607727,0.22854183614253998,0.027994874864816666
C:\Projects\TM470\data\processed\test\Lactarius\276_hZykQcrhdmk.jpg,Lactarius/276_hZykQcrhdmk.jpg,Lactarius,Russula,False,0.5486937165260315,0.0041574999995646,ResNet18_Corrected,test,0.00012984685599803925,5.3934272727929056e-05,0.002899226499721408,0.016353890299797058,6.791126907046419e-06,2.3347301869591774e-10,0.00027050438802689314,1.6475933080073446e-05,0.3943784832954407,0.5486937165260315,0.037197183817625046
C:\Projects\TM470\data\processed\test\Lactarius\288_q9eXJ9RotUs.jpg,Lactarius/288_q9eXJ9RotUs.jpg,Lactarius,Russula,False,0.6035504937171936,0.0043246999994153,ResNet18_Corrected,test,0.01038457453250885,0.027980810031294823,0.008547321893274784,0.08303401619195938,0.011892515234649181,0.006136112846434116,0.11973997205495834,0.021707898005843163,0.07181703299283981,0.6035504937171936,0.03520933538675308
C:\Projects\TM470\data\processed\test\Lactarius\295_d1IVZwM135g.jpg,Lactarius/295_d1IVZwM135g.jpg,Lactarius,Lactarius,True,0.6149480938911438,0.0043293999988236,ResNet18_Corrected,test,9.762757144926582e-06,7.740751607343554e-05,0.016123149544000626,0.26214611530303955,0.00011197887943126261,2.0423483874765225e-05,0.03987635672092438,0.003382429014891386,0.6149480938911438,0.02627415582537651,0.03703010082244873
C:\Projects\TM470\data\processed\test\Lactarius\310_MVmkt2VWorA.jpg,Lactarius/310_MVmkt2VWorA.jpg,Lactarius,Russula,False,0.49199002981185913,0.0043903999976464,ResNet18_Corrected,test,0.0005499172839336097,0.0004995711497031152,0.006475597154349089,0.014079312793910503,5.5123968195402995e-05,2.5072481548704673e-06,0.0008821542141959071,0.006777092814445496,0.44999203085899353,0.49199002981185913,0.028696667402982712
C:\Projects\TM470\data\processed\test\Lactarius\312_Kxi6Fhuexdw.jpg,Lactarius/312_Kxi6Fhuexdw.jpg,Lactarius,Lactarius,True,0.9420326948165894,0.0044223000004421,ResNet18_Corrected,test,1.2531913853308652e-06,5.1179238653276116e-05,6.0417518398026004e-05,0.01022848580032587,2.093207967845956e-06,1.2390957593311214e-08,0.000970768800470978,0.00048212154069915414,0.9420326948165894,0.012354062870144844,0.03381688520312309
C:\Projects\TM470\data\processed\test\Lactarius\327_Hk8VyUuKT-A.jpg,Lactarius/327_Hk8VyUuKT-A.jpg,Lactarius,Lactarius,True,0.8630732893943787,0.0044635999947786,ResNet18_Corrected,test,0.03076671063899994,0.005011450964957476,0.0007614825735799968,0.012150159105658531,0.01717190258204937,3.320875111967325e-05,0.006343719083815813,0.009470786899328232,0.8630732893943787,0.03303490951657295,0.02218230813741684
C:\Projects\TM470\data\processed\test\Lactarius\333_NGUe2XVS3hk.jpg,Lactarius/333_NGUe2XVS3hk.jpg,Lactarius,Lactarius,True,0.3936800956726074,0.0043388999984017,ResNet18_Corrected,test,0.0001287841732846573,0.0011360053904354572,0.0023924391716718674,0.20920002460479736,0.0005856684874743223,8.450867608189583e-05,0.0010247227037325501,0.19780580699443817,0.3936800956726074,0.005881614983081818,0.18808040022850037
C:\Projects\TM470\data\processed\test\Lactarius\335_fqi3SPxPO_M.jpg,Lactarius/335_fqi3SPxPO_M.jpg,Lactarius,Lactarius,True,0.5176587700843811,0.0044063000023015,ResNet18_Corrected,test,0.001153650227934122,0.0007061847136355937,0.016972018405795097,0.12101604789495468,0.005962749477475882,5.172136297915131e-05,0.018453286960721016,0.0006187625112943351,0.5176587700843811,0.28673258423805237,0.030674178153276443
C:\Projects\TM470\data\processed\test\Lactarius\338_SSuhFw6v6bo.jpg,Lactarius/338_SSuhFw6v6bo.jpg,Lactarius,Lactarius,True,0.5778911709785461,0.0043082999982289,ResNet18_Corrected,test,0.0002141644072253257,0.005349524784833193,0.0009293988114222884,0.20630380511283875,0.07093396037817001,0.0006408899207599461,0.08181796222925186,0.006304209586232901,0.5778911709785461,0.007306161802262068,0.04230872914195061
C:\Projects\TM470\data\processed\test\Lactarius\340_eLuW-nUYdC0.jpg,Lactarius/340_eLuW-nUYdC0.jpg,Lactarius,Cortinarius,False,0.2957060933113098,0.0042264000003342,ResNet18_Corrected,test,0.012042870745062828,0.008919622749090195,0.021985355764627457,0.2957060933113098,0.005525766871869564,9.820894047152251e-05,0.019353384152054787,0.007435765117406845,0.25586968660354614,0.12349874526262283,0.2495645433664322
C:\Projects\TM470\data\processed\test\Lactarius\353_ZQcLrpjLWBc.jpg,Lactarius/353_ZQcLrpjLWBc.jpg,Lactarius,Russula,False,0.562437117099762,0.0042911000055028,ResNet18_Corrected,test,0.0030270207207649946,0.012472623027861118,0.00815140176564455,0.004812745843082666,0.0009164194343611598,5.235095522948541e-05,0.0008625136688351631,0.022992761805653572,0.36529481410980225,0.562437117099762,0.01898026093840599
C:\Projects\TM470\data\processed\test\Lactarius\355_THNiI8IQ5e4.jpg,Lactarius/355_THNiI8IQ5e4.jpg,Lactarius,Lactarius,True,0.5016710758209229,0.0042667000016081,ResNet18_Corrected,test,0.0071754539385437965,0.009000066667795181,0.010393212549388409,0.0004009718541055918,0.0004598982341121882,4.6529493147318135e-08,0.00037761428393423557,3.597652539610863e-05,0.5016710758209229,0.4657423198223114,0.004743343684822321
C:\Projects\TM470\data\processed\test\Lactarius\364_TiFrgt8za6w.jpg,Lactarius/364_TiFrgt8za6w.jpg,Lactarius,Lactarius,True,0.5386093258857727,0.0043233999967924,ResNet18_Corrected,test,0.1033821552991867,0.08853201568126678,0.0018652684520930052,0.0035446397960186005,0.07725582271814346,1.0002211183746113e-06,0.017298199236392975,0.0035999759566038847,0.5386093258857727,0.10111827403306961,0.06479337811470032
C:\Projects\TM470\data\processed\test\Lactarius\365_gihWtePuGlo.jpg,Lactarius/365_gihWtePuGlo.jpg,Lactarius,Russula,False,0.7457678914070129,0.0042404999985592,ResNet18_Corrected,test,0.002688903594389558,0.00388716091401875,0.0006058399449102581,0.001609804923646152,0.00013169804878998548,1.783647718411885e-08,0.00019917983445338905,0.00018881523283198476,0.23449936509132385,0.7457678914070129,0.010421378538012505
C:\Projects\TM470\data\processed\test\Lactarius\373_sb1ABlLL_Io.jpg,Lactarius/373_sb1ABlLL_Io.jpg,Lactarius,Lactarius,True,0.6491320729255676,0.0042955999961122,ResNet18_Corrected,test,0.02482757717370987,0.008800514973700047,0.0013605403946712613,0.04089560732245445,0.006939752027392387,0.00011323275975883007,0.003660268848761916,0.015520356595516205,0.6491320729255676,0.22890272736549377,0.01984740048646927
C:\Projects\TM470\data\processed\test\Lactarius\381_70eN3baoMiU.jpg,Lactarius/381_70eN3baoMiU.jpg,Lactarius,Lactarius,True,0.7005040645599365,0.0049405999961891,ResNet18_Corrected,test,0.0023806029930710793,0.03187493607401848,0.010166474618017673,0.03781646862626076,0.001860160962678492,2.903351742133964e-05,0.003093054983764887,0.02272002026438713,0.7005040645599365,0.13146398961544037,0.0580911859869957
C:\Projects\TM470\data\processed\test\Lactarius\391_x5VHqfidZUA.jpg,Lactarius/391_x5VHqfidZUA.jpg,Lactarius,Lactarius,True,0.6824778914451599,0.0025696000011521,ResNet18_Corrected,test,0.002930218819528818,0.007918105460703373,0.0025824843905866146,0.004598578438162804,0.0050060641951859,4.3757665935117984e-07,0.007308098953217268,0.003941752016544342,0.6824778914451599,0.018096406012773514,0.26513996720314026
C:\Projects\TM470\data\processed\test\Lactarius\394_pA_n_Wu4_60.jpg,Lactarius/394_pA_n_Wu4_60.jpg,Lactarius,Lactarius,True,0.7067726254463196,0.0022489999973913,ResNet18_Corrected,test,0.005398879759013653,0.02336878329515457,0.01358379703015089,0.016236357390880585,0.002646257635205984,1.5502637324971147e-05,0.0019263760186731815,0.021858220919966698,0.7067726254463196,0.11464700847864151,0.09354618936777115
C:\Projects\TM470\data\processed\test\Lactarius\410_gHeG6gEpGT8.jpg,Lactarius/410_gHeG6gEpGT8.jpg,Lactarius,Suillus,False,0.5120593905448914,0.0026275999989593,ResNet18_Corrected,test,0.000989205902442336,0.026128366589546204,0.008513808250427246,0.07588880509138107,0.0003934847773052752,6.499842584162252e-06,0.027013475075364113,0.05775672197341919,0.2803288996219635,0.010921437293291092,0.5120593905448914
C:\Projects\TM470\data\processed\test\Lactarius\412_r_okI2cO5S4.jpg,Lactarius/412_r_okI2cO5S4.jpg,Lactarius,Lactarius,True,0.7729983329772949,0.0027079000064986,ResNet18_Corrected,test,0.00018908853235188872,0.00028994056629016995,0.0009519908926449716,0.019391678273677826,0.0002112823276547715,4.6830567868028083e-08,0.0015365687431767583,0.0034904968924820423,0.7729983329772949,0.06860975921154022,0.13233083486557007
C:\Projects\TM470\data\processed\test\Russula\001_iKuK1p9EOJ0.jpg,Russula/001_iKuK1p9EOJ0.jpg,Russula,Russula,True,0.8996995687484741,0.0028015999996569,ResNet18_Corrected,test,0.0012138289166614413,0.0021137173753231764,0.00021792037296108902,0.003647168865427375,0.0001391668920405209,1.3299617762640992e-07,0.002091636648401618,0.0013569202274084091,0.04708440601825714,0.8996995687484741,0.04243555665016174
C:\Projects\TM470\data\processed\test\Russula\007_gZhfQcNeM9U.jpg,Russula/007_gZhfQcNeM9U.jpg,Russula,Russula,True,0.9793037176132202,0.0027499999996507,ResNet18_Corrected,test,0.0022828534711152315,0.005086797755211592,0.000527518626768142,0.0005948838079348207,0.0007628348539583385,2.319863597222138e-06,1.8811344489222392e-05,0.0005125848110765219,0.010402089916169643,0.9793037176132202,0.0005055625806562603
C:\Projects\TM470\data\processed\test\Russula\008_Dz7lB9JtqxQ.jpg,Russula/008_Dz7lB9JtqxQ.jpg,Russula,Lactarius,False,0.5934674143791199,0.0039558999997098,ResNet18_Corrected,test,0.0343613475561142,0.07693903148174286,0.00460720993578434,0.0035788784734904766,0.053558968007564545,0.00010331408702768385,0.006538914982229471,0.012554368935525417,0.5934674143791199,0.18614314496517181,0.028147434815764427
C:\Projects\TM470\data\processed\test\Russula\013_LGHqXuWMeHE.jpg,Russula/013_LGHqXuWMeHE.jpg,Russula,Inocybe,False,0.5325085520744324,0.0026263000036124,ResNet18_Corrected,test,0.0033538625575602055,0.02104039117693901,0.0006423398735933006,0.0037238975055515766,0.0026748774107545614,0.0011935123475268483,0.0006009194767102599,0.5325085520744324,0.3469689190387726,0.06520658731460571,0.022086109966039658
C:\Projects\TM470\data\processed\test\Russula\014_a6ZorjAMstY.jpg,Russula/014_a6ZorjAMstY.jpg,Russula,Amanita,False,0.2230595350265503,0.0026818000042112,ResNet18_Corrected,test,0.07833756506443024,0.2230595350265503,0.007561332546174526,0.05740808695554733,0.1348532736301422,0.013313463889062405,0.03557915613055229,0.031415555626153946,0.18739311397075653,0.2143152505159378,0.016763627529144287
C:\Projects\TM470\data\processed\test\Russula\019_EKkNgTevh1g.jpg,Russula/019_EKkNgTevh1g.jpg,Russula,Russula,True,0.47910571098327637,0.0024158000014722,ResNet18_Corrected,test,0.017120514065027237,0.3126491606235504,0.006833554245531559,0.0015028996858745813,0.00019685618462972343,7.936311590128753e-07,0.00035476210177876055,0.006757091265171766,0.14571456611156464,0.47910571098327637,0.029764162376523018
C:\Projects\TM470\data\processed\test\Russula\024_rhgAyyNHSJo.jpg,Russula/024_rhgAyyNHSJo.jpg,Russula,Cortinarius,False,0.27542516589164734,0.0023943999985931,ResNet18_Corrected,test,0.09303206205368042,0.043343689292669296,0.014164731837809086,0.27542516589164734,0.01911444216966629,0.011224428191781044,0.0017051564063876867,0.26834940910339355,0.07598088681697845,0.18153342604637146,0.016126643866300583
C:\Projects\TM470\data\processed\test\Russula\025_k35cqXEzH7Y.jpg,Russula/025_k35cqXEzH7Y.jpg,Russula,Russula,True,0.5130361914634705,0.0023881000015535,ResNet18_Corrected,test,0.025287693366408348,0.17966215312480927,0.03050420619547367,0.006839777808636427,0.019070306792855263,0.00013971899170428514,0.002461493480950594,0.01405355241149664,0.19922594726085663,0.5130361914634705,0.00971889216452837
C:\Projects\TM470\data\processed\test\Russula\030_sCKfBfNbOl4.jpg,Russula/030_sCKfBfNbOl4.jpg,Russula,Lactarius,False,0.7014858722686768,0.0024855000010575,ResNet18_Corrected,test,0.011838003061711788,0.01473853550851345,0.002448691288009286,0.0019637581426650286,0.009424708783626556,2.881828038425738e-07,0.0006683478713966906,0.001159041770733893,0.7014858722686768,0.23167040944099426,0.02460234798491001
C:\Projects\TM470\data\processed\test\Russula\039_ikQwz6n6X4o.jpg,Russula/039_ikQwz6n6X4o.jpg,Russula,Russula,True,0.9278237819671631,0.0024511000010534,ResNet18_Corrected,test,0.00028643460245803,0.0004897019825875759,0.0014348251279443502,0.004972645081579685,7.957938214531168e-05,7.954012204436367e-08,0.0004236582899466157,0.000690550310537219,0.05323795974254608,0.9278237819671631,0.01056074071675539
C:\Projects\TM470\data\processed\test\Russula\043_a_5lm55zCVc.jpg,Russula/043_a_5lm55zCVc.jpg,Russula,Russula,True,0.5484085083007812,0.0024436000021523,ResNet18_Corrected,test,0.044139403849840164,0.06014549359679222,0.011206906288862228,0.0314740389585495,0.06358257681131363,0.017243562266230583,0.015968069434165955,0.03385736420750618,0.16383957862854004,0.5484085083007812,0.010134519077837467
C:\Projects\TM470\data\processed\test\Russula\043_fOQ2ffx-cy8.jpg,Russula/043_fOQ2ffx-cy8.jpg,Russula,Russula,True,0.985114336013794,0.002499500005797,ResNet18_Corrected,test,8.352252189069986e-05,6.949000817257911e-05,9.41161488299258e-05,0.0014769452391192317,0.00016544225218240172,1.94234548445138e-08,9.155481529887766e-05,3.6653721053880872e-06,0.01272684894502163,0.985114336013794,0.00017408101120963693
C:\Projects\TM470\data\processed\test\Russula\047_eHKYt6tnSCs.jpg,Russula/047_eHKYt6tnSCs.jpg,Russula,Inocybe,False,0.27071624994277954,0.0024121000024024,ResNet18_Corrected,test,0.04163515195250511,0.0501956045627594,0.06394752860069275,0.06629607081413269,0.042149607092142105,0.031244054436683655,0.03432596102356911,0.27071624994277954,0.1565975844860077,0.16172894835472107,0.0811631977558136
C:\Projects\TM470\data\processed\test\Russula\050_MwOq3EeFUvc.jpg,Russula/050_MwOq3EeFUvc.jpg,Russula,Russula,True,0.9813408851623535,0.0024630999978398,ResNet18_Corrected,test,5.348897320800461e-05,2.6070381863974035e-05,9.76847586571239e-05,0.00014382178778760135,3.3301193980150856e-06,5.181851475688504e-11,5.736993898608489e-06,3.8137868614285253e-06,0.017817189916968346,0.9813408851623535,0.0005078865215182304
C:\Projects\TM470\data\processed\test\Russula\057_jOjOWsmPwSs.jpg,Russula/057_jOjOWsmPwSs.jpg,Russula,Lactarius,False,0.30128273367881775,0.0023965000000316,ResNet18_Corrected,test,0.01721305586397648,0.044676341116428375,0.2442016452550888,0.0358196459710598,0.040311019867658615,0.01652577891945839,0.007139076013118029,0.09357744455337524,0.30128273367881775,0.13604356348514557,0.06320963054895401
C:\Projects\TM470\data\processed\test\Russula\058_rXtA5QC0tm0.jpg,Russula/058_rXtA5QC0tm0.jpg,Russula,Russula,True,0.6917530298233032,0.0024622999990242,ResNet18_Corrected,test,0.022427041083574295,0.016625139862298965,0.04599927365779877,0.0456419438123703,0.007432953920215368,0.020969949662685394,0.007894174195826054,0.04959648847579956,0.07649477571249008,0.6917530298233032,0.015165286138653755
C:\Projects\TM470\data\processed\test\Russula\064_7LLSFgmojbg.jpg,Russula/064_7LLSFgmojbg.jpg,Russula,Russula,True,0.6553610563278198,0.0025124000021605,ResNet18_Corrected,test,8.392248855670914e-05,0.0007912871660664678,1.864699697762262e-05,0.03168337792158127,0.0003279775264672935,2.3017460080154706e-06,0.003628988517448306,0.003947302233427763,0.29615557193756104,0.6553610563278198,0.007999620400369167
C:\Projects\TM470\data\processed\test\Russula\066_QwlTSWbST_A.jpg,Russula/066_QwlTSWbST_A.jpg,Russula,Russula,True,0.9875935912132263,0.0024029999985941,ResNet18_Corrected,test,1.1759550943679642e-05,0.0001925421820487827,6.183692312333733e-05,0.001821240410208702,5.002606030757306e-06,4.717557899880376e-09,0.004210663493722677,1.9164261175319552e-05,0.005545241292566061,0.9875935912132263,0.0005390691803768277
C:\Projects\TM470\data\processed\test\Russula\067_1HwiqbR9nY4.jpg,Russula/067_1HwiqbR9nY4.jpg,Russula,Russula,True,0.6539011001586914,0.0043289000022923,ResNet18_Corrected,test,0.0008773199515417218,0.0002465431171003729,0.004416188225150108,0.018751421943306923,0.0007844006759114563,1.3652380914663809e-07,0.0014268093509599566,9.03059117263183e-05,0.3000820577144623,0.6539011001586914,0.019423769786953926
C:\Projects\TM470\data\processed\test\Russula\087_dkTD8ebKnDo.jpg,Russula/087_dkTD8ebKnDo.jpg,Russula,Russula,True,0.9964578747749329,0.0043364999946788,ResNet18_Corrected,test,1.29206828205497e-05,0.000136299422592856,3.581385681172833e-05,0.0008634214173071086,2.7586791475187056e-05,1.7391735696037358e-07,9.999133908422664e-05,2.16126845771214e-05,0.0022544434759765863,0.9964578747749329,8.987731416709721e-05
C:\Projects\TM470\data\processed\test\Russula\090_wTqyZFVyKa4.jpg,Russula/090_wTqyZFVyKa4.jpg,Russula,Russula,True,0.8225334882736206,0.0043001999947591,ResNet18_Corrected,test,0.00013049521658103913,0.0029700319282710552,0.00788978673517704,0.014302871190011501,8.237219299189746e-05,1.289829015149735e-06,0.004140336532145739,0.00040651619201526046,0.13365645706653595,0.8225334882736206,0.013886284083127975
C:\Projects\TM470\data\processed\test\Russula\091_OhbGtsJOrac.jpg,Russula/091_OhbGtsJOrac.jpg,Russula,Russula,True,0.5172221660614014,0.0043530999973881,ResNet18_Corrected,test,0.02927612140774727,0.16654731333255768,0.05703691393136978,0.0588713176548481,0.0007783459150232375,7.406317763525294e-06,0.0015867454931139946,0.003270377404987812,0.11198045313358307,0.5172221660614014,0.05342283099889755
C:\Projects\TM470\data\processed\test\Russula\096_RZyKfwF8OnQ.jpg,Russula/096_RZyKfwF8OnQ.jpg,Russula,Russula,True,0.9677071571350098,0.004310100004659,ResNet18_Corrected,test,1.847089697548654e-05,3.4657216019695625e-05,0.0011096402304247022,0.001087680459022522,4.649230049835751e-06,2.6324862290039164e-09,0.0001842790370574221,8.436823918600567e-06,0.028732912614941597,0.9677071571350098,0.0011121479328721762
C:\Projects\TM470\data\processed\test\Russula\097_MDNp4nnFbsU.jpg,Russula/097_MDNp4nnFbsU.jpg,Russula,Lactarius,False,0.3512504994869232,0.0043791999996756,ResNet18_Corrected,test,0.003094836138188839,0.03097197227180004,0.003964052069932222,0.10949715971946716,0.0031092411372810602,4.8742072976892814e-05,0.057118915021419525,0.07207774370908737,0.3512504994869232,0.22043481469154358,0.14843203127384186
C:\Projects\TM470\data\processed\test\Russula\097_vcRnfngKDrA.jpg,Russula/097_vcRnfngKDrA.jpg,Russula,Russula,True,0.9998745918273926,0.004182500000752,ResNet18_Corrected,test,1.2029439631078276e-06,1.2844704997405643e-06,1.731982308683655e-07,1.6377247447962873e-05,1.465795804733716e-07,1.3745819803581694e-12,4.2719584598671645e-06,5.3743032246700295e-09,9.97297465801239e-05,0.9998745918273926,2.226784090453293e-06
C:\Projects\TM470\data\processed\test\Russula\102_ZPT8jUM20PQ.jpg,Russula/102_ZPT8jUM20PQ.jpg,Russula,Russula,True,0.6017187237739563,0.0040637999991304,ResNet18_Corrected,test,0.0022709860932081938,0.002448969753459096,0.005199315492063761,0.00047102372627705336,0.0008714159484952688,3.7756784365683416e-09,0.00017465089331381023,8.725615043658763e-05,0.37098968029022217,0.6017187237739563,0.015767984092235565
C:\Projects\TM470\data\processed\test\Russula\104_Rsfyh5xO7v4.jpg,Russula/104_Rsfyh5xO7v4.jpg,Russula,Russula,True,0.7419155836105347,0.0029990999973961,ResNet18_Corrected,test,7.693951192777604e-05,0.003134318860247731,0.0001839451870182529,0.0006229311693459749,0.00010511120490264148,1.271564631366573e-09,0.0007367145735770464,8.42039935378125e-06,0.24995334446430206,0.7419155836105347,0.0032627072650939226
C:\Projects\TM470\data\processed\test\Russula\105_-Z8GVGlP6ZQ.jpg,Russula/105_-Z8GVGlP6ZQ.jpg,Russula,Lactarius,False,0.7932679057121277,0.002578599996923,ResNet18_Corrected,test,0.00041805586079135537,0.01164504699409008,0.0004503465606831014,0.009075365960597992,0.0003902032331097871,1.740463773103329e-07,0.004225912503898144,0.0003050014202017337,0.7932679057121277,0.15216845273971558,0.028053591027855873
C:\Projects\TM470\data\processed\test\Russula\110_Dq7-S4a1PBA.jpg,Russula/110_Dq7-S4a1PBA.jpg,Russula,Inocybe,False,0.5121488571166992,0.0025865000061457,ResNet18_Corrected,test,0.007107296027243137,0.058923590928316116,0.0673116073012352,0.047821272164583206,0.03435977175831795,0.024445666000247,0.10038052499294281,0.5121488571166992,0.04573071748018265,0.023897111415863037,0.0778735801577568
C:\Projects\TM470\data\processed\test\Russula\110_tI1gcfV67iM.jpg,Russula/110_tI1gcfV67iM.jpg,Russula,Russula,True,0.9728279709815979,0.0026136000014957,ResNet18_Corrected,test,0.00025672675110399723,0.0017124180449172854,0.00011507720046211034,0.0019903676584362984,0.000291740259854123,5.878778779333516e-07,0.0001331060630036518,0.0004013638535980135,0.019727274775505066,0.9728279709815979,0.0025433420669287443
C:\Projects\TM470\data\processed\test\Russula\112_LjHLUTH9Ofo.jpg,Russula/112_LjHLUTH9Ofo.jpg,Russula,Russula,True,0.9738081097602844,0.0026071999964187,ResNet18_Corrected,test,4.503626041696407e-05,0.00010705312161007896,0.002604307606816292,0.0014352407306432724,4.629378054232802e-06,3.420391081476737e-08,1.957914537342731e-05,6.174794543767348e-05,0.020396072417497635,0.9738081097602844,0.001518299919553101
C:\Projects\TM470\data\processed\test\Russula\115_421ZUjl0L6I.jpg,Russula/115_421ZUjl0L6I.jpg,Russula,Lactarius,False,0.4234704375267029,0.0025480999975115,ResNet18_Corrected,test,0.005022058729082346,0.001996905542910099,0.031032871454954147,0.013989651575684547,0.007705624680966139,9.43728955462575e-05,0.0006296369829215109,0.02884501777589321,0.4234704375267029,0.3790566027164459,0.10815682262182236
C:\Projects\TM470\data\processed\test\Russula\116_1OsHlMx-dSQ.jpg,Russula/116_1OsHlMx-dSQ.jpg,Russula,Russula,True,0.8598201870918274,0.0025720999983604,ResNet18_Corrected,test,0.003417006693780422,0.003586699953302741,0.03105969913303852,0.0018031930085271597,0.000228543984121643,1.5372722828033147e-07,3.814075171248987e-05,0.0017602549633011222,0.07269401848316193,0.8598201870918274,0.025592075660824776
C:\Projects\TM470\data\processed\test\Russula\121_G6PKJxVEa-M.jpg,Russula/121_G6PKJxVEa-M.jpg,Russula,Russula,True,0.741738498210907,0.0025778000053833,ResNet18_Corrected,test,0.0007910121930763125,0.03295251354575157,0.009149884805083275,0.0026509847957640886,4.126522253500298e-05,6.128683480710606e-07,5.836191849084571e-05,0.00812408234924078,0.16413486003875732,0.741738498210907,0.04035788029432297
C:\Projects\TM470\data\processed\test\Russula\127_VbgJEufLv7I.jpg,Russula/127_VbgJEufLv7I.jpg,Russula,Amanita,False,0.4804661273956299,0.0025400000013178,ResNet18_Corrected,test,0.2238060086965561,0.4804661273956299,0.021855685859918594,0.009998023509979248,0.0022033504210412502,0.00029683823231607676,0.00015293064643628895,0.15011239051818848,0.05448627471923828,0.019574856385588646,0.03704751282930374
C:\Projects\TM470\data\processed\test\Russula\139_H3FH6JjjTzg.jpg,Russula/139_H3FH6JjjTzg.jpg,Russula,Russula,True,0.7240409255027771,0.0025519999981042,ResNet18_Corrected,test,0.005819982383400202,0.0013719239505007863,8.093984797596931e-05,0.045294225215911865,0.03373301029205322,1.1710238140949514e-05,0.010720993392169476,0.003950302489101887,0.16983002424240112,0.7240409255027771,0.0051459637470543385
C:\Projects\TM470\data\processed\test\Russula\145_o2dRwsYbjMY.jpg,Russula/145_o2dRwsYbjMY.jpg,Russula,Lactarius,False,0.29147157073020935,0.0026480000014998,ResNet18_Corrected,test,0.005006724968552589,0.007175377104431391,0.0414135567843914,0.08544189482927322,0.00727162417024374,0.0010678472463041544,0.0016769709764048457,0.2521590292453766,0.29147157073020935,0.1654345542192459,0.1418808400630951
C:\Projects\TM470\data\processed\test\Russula\150_HG0rdEL96d8.jpg,Russula/150_HG0rdEL96d8.jpg,Russula,Russula,True,0.9635453820228577,0.0026701000024331,ResNet18_Corrected,test,0.000169203121913597,0.0006608013063669205,0.0003046330239158124,0.004056543577462435,3.917781214113347e-06,9.11943160986084e-08,2.6319514290662482e-05,0.001105460454709828,0.02596311829984188,0.9635453820228577,0.004164484795182943
C:\Projects\TM470\data\processed\test\Russula\152_T7Jz4WBLsEQ.jpg,Russula/152_T7Jz4WBLsEQ.jpg,Russula,Russula,True,0.4935486912727356,0.0025782000011531,ResNet18_Corrected,test,0.0005518720718100667,0.008777042850852013,0.005348261445760727,0.029572485014796257,0.0006830863421782851,2.1242276488919742e-06,0.015408643521368504,0.012013875879347324,0.378038614988327,0.4935486912727356,0.05605531483888626
C:\Projects\TM470\data\processed\test\Russula\165_iSv1-9PofVg.jpg,Russula/165_iSv1-9PofVg.jpg,Russula,Russula,True,0.9546740055084229,0.0025568999990355,ResNet18_Corrected,test,0.0016725586028769612,0.006814582739025354,0.0025303903967142105,0.00832983199506998,0.0015858793631196022,1.6321224393323064e-05,0.00027389309252612293,0.00011367107799742371,0.02329772338271141,0.9546740055084229,0.0006911830278113484
C:\Projects\TM470\data\processed\test\Russula\167_9loyXWNmBDI.jpg,Russula/167_9loyXWNmBDI.jpg,Russula,Russula,True,0.8601235747337341,0.0025525000019115,ResNet18_Corrected,test,1.562613033456728e-05,0.0004762161406688392,0.00022833568800706416,0.010409892536699772,2.8885855499538593e-05,1.2384429481926418e-08,0.0017773985164240003,0.00028536218451336026,0.11303173750638962,0.8601235747337341,0.013623017817735672
C:\Projects\TM470\data\processed\test\Russula\170_8gD6VgBIRW8.jpg,Russula/170_8gD6VgBIRW8.jpg,Russula,Boletus,False,0.5262866020202637,0.0025668000016594,ResNet18_Corrected,test,0.004644411150366068,0.03337789326906204,0.5262866020202637,0.024551287293434143,0.014073225669562817,6.086459052312421e-06,0.005582786630839109,0.03395115211606026,0.16397294402122498,0.013751238584518433,0.17980240285396576
C:\Projects\TM470\data\processed\test\Russula\174_ZHZm2cjKSd4.jpg,Russula/174_ZHZm2cjKSd4.jpg,Russula,Russula,True,0.9973694086074829,0.0043147999967914,ResNet18_Corrected,test,1.0838288289960474e-05,2.703271775317262e-06,1.3812294810122694e-06,0.0002795897889882326,1.7142531305580633e-06,2.2035668428843636e-11,9.752129699336365e-06,7.122284273464174e-07,0.002094203606247902,0.9973694086074829,0.00022960035130381584
C:\Projects\TM470\data\processed\test\Russula\183_7HPLUZ0JPGw.jpg,Russula/183_7HPLUZ0JPGw.jpg,Russula,Russula,True,0.4544042944908142,0.0040867999996407,ResNet18_Corrected,test,0.07667916268110275,0.04850614443421364,0.0043594613671302795,0.005318592302501202,0.13371823728084564,0.0006238140049390495,0.012189563363790512,0.011159810237586498,0.23501718044281006,0.4544042944908142,0.018023787066340446
C:\Projects\TM470\data\processed\test\Russula\187_eVoSi006rJc.jpg,Russula/187_eVoSi006rJc.jpg,Russula,Russula,True,0.6261267066001892,0.0025452999980188,ResNet18_Corrected,test,0.001066457130946219,0.002395101124420762,0.001615680055692792,0.000442376418504864,0.0009692633175291121,1.0729687005550659e-07,4.2693114664871246e-05,0.0006387082976289093,0.3590966761112213,0.6261267066001892,0.007606159895658493
C:\Projects\TM470\data\processed\test\Russula\190_jB_ANV0GfGc.jpg,Russula/190_jB_ANV0GfGc.jpg,Russula,Russula,True,0.6513465046882629,0.0026608000043779,ResNet18_Corrected,test,0.027832189574837685,0.22045765817165375,0.00157749536447227,0.0018701341468840837,0.06368857622146606,2.9341981644392945e-06,0.0024663039948791265,0.00011197547428309917,0.029934270307421684,0.6513465046882629,0.0007119454676285386
C:\Projects\TM470\data\processed\test\Russula\193_0iPR4s0EgAE.jpg,Russula/193_0iPR4s0EgAE.jpg,Russula,Amanita,False,0.3864305317401886,0.0025087999965762,ResNet18_Corrected,test,0.2803708016872406,0.3864305317401886,0.016800081357359886,0.004698342643678188,0.0017399891512468457,5.6984804359672125e-06,0.0006154350703582168,0.0072104549035429955,0.12862996757030487,0.15430639684200287,0.019192302599549294
C:\Projects\TM470\data\processed\test\Russula\194_NP3riIl0ZRw.jpg,Russula/194_NP3riIl0ZRw.jpg,Russula,Lactarius,False,0.3976556658744812,0.0025212999971699,ResNet18_Corrected,test,0.0021400603000074625,0.010746100917458534,0.019845234230160713,0.0472535565495491,0.0031680811662226915,0.0009392946376465261,0.002948435954749584,0.3489084541797638,0.3976556658744812,0.06572145968675613,0.1006736233830452
C:\Projects\TM470\data\processed\test\Russula\196_8vqiUiCZSf4.jpg,Russula/196_8vqiUiCZSf4.jpg,Russula,Lactarius,False,0.32677915692329407,0.0025988999987021,ResNet18_Corrected,test,0.21942637860774994,0.03894974663853645,0.012709219940006733,0.045328665524721146,0.17085938155651093,0.00019406987121328712,0.00787613820284605,0.0355902723968029,0.32677915692329407,0.015749912708997726,0.1265370398759842
C:\Projects\TM470\data\processed\test\Russula\197_8SaITt5hQBY.jpg,Russula/197_8SaITt5hQBY.jpg,Russula,Russula,True,0.7347115874290466,0.0025214999986928,ResNet18_Corrected,test,0.01548095140606165,0.028837770223617554,0.003041377756744623,0.05272870510816574,0.007587050087749958,0.010608009062707424,0.002799863927066326,0.02000616490840912,0.11930305510759354,0.7347115874290466,0.004895522724837065
C:\Projects\TM470\data\processed\test\Russula\200_JMAjbr8Po8M.jpg,Russula/200_JMAjbr8Po8M.jpg,Russula,Russula,True,0.9192133545875549,0.0025164999970002,ResNet18_Corrected,test,0.006482342723757029,0.001949117286130786,0.0011589383939281106,0.007257407996803522,0.005805776920169592,2.0920238966937177e-05,0.0007157731452025473,0.004042437300086021,0.04804348573088646,0.9192133545875549,0.005310443229973316
C:\Projects\TM470\data\processed\test\Russula\203_7ZDu3mnm2D8.jpg,Russula/203_7ZDu3mnm2D8.jpg,Russula,Russula,True,0.5158262252807617,0.0025252999985241,ResNet18_Corrected,test,0.07587633281946182,0.010766923427581787,0.03509874269366264,0.0036940625868737698,0.004445872735232115,8.508141945640091e-06,0.00014907601871527731,0.0014024142874404788,0.3373643159866333,0.5158262252807617,0.015367540530860424
C:\Projects\TM470\data\processed\test\Russula\212_mAsF0Tdhqu8.jpg,Russula/212_mAsF0Tdhqu8.jpg,Russula,Lactarius,False,0.5086068511009216,0.0025281000052927,ResNet18_Corrected,test,0.00021594204008579254,0.012421858496963978,0.000712477311026305,0.03397899121046066,0.001150854746811092,8.004105438885745e-06,0.02084265649318695,0.02598591521382332,0.5086068511009216,0.26936769485473633,0.1267087757587433
C:\Projects\TM470\data\processed\test\Russula\218_zKx8R11Bjuo.jpg,Russula/218_zKx8R11Bjuo.jpg,Russula,Russula,True,0.8026760816574097,0.0025248999954783,ResNet18_Corrected,test,0.00945393554866314,0.00802244059741497,0.034814704209566116,0.017574815079569817,0.0014992766082286835,2.1447385734063573e-07,0.006469337269663811,0.0019469272810965776,0.05635598674416542,0.8026760816574097,0.06118632107973099
C:\Projects\TM470\data\processed\test\Russula\219_Tj5ZWF3-yCc.jpg,Russula/219_Tj5ZWF3-yCc.jpg,Russula,Russula,True,0.4048709273338318,0.0025175999981001,ResNet18_Corrected,test,0.031941138207912445,0.091875821352005,0.031788185238838196,0.020834118127822876,0.176602303981781,0.005080265458673239,0.018107011914253235,0.03239503875374794,0.16618387401103973,0.4048709273338318,0.020321382209658623
C:\Projects\TM470\data\processed\test\Russula\220_LB02R316CKc.jpg,Russula/220_LB02R316CKc.jpg,Russula,Russula,True,0.9985295534133911,0.0025652000040281,ResNet18_Corrected,test,5.5799268011469394e-05,5.978086846880615e-05,1.4595850188925397e-05,0.0002636606805026531,2.3493935259466525e-06,6.304251565225627e-10,5.5930408962012734e-06,3.016066898453573e-07,0.0010275872191414237,0.9985295534133911,4.070702561875805e-05
C:\Projects\TM470\data\processed\test\Russula\221_GAqgMbeBJ_w.jpg,Russula/221_GAqgMbeBJ_w.jpg,Russula,Russula,True,0.9681156873703003,0.0025711999987834,ResNet18_Corrected,test,2.0915354980388656e-05,0.0015895372489467263,3.8233280065469444e-05,0.004564057104289532,2.958334107461269e-06,6.282682818437024e-08,0.0002874930505640805,5.569475979427807e-05,0.02415306493639946,0.9681156873703003,0.001172214513644576
C:\Projects\TM470\data\processed\test\Russula\222_l5ppfQIYS20.jpg,Russula/222_l5ppfQIYS20.jpg,Russula,Entoloma,False,0.6586738228797913,0.0025863999981083,ResNet18_Corrected,test,0.01087415125221014,0.0752042606472969,0.009937561117112637,0.005518127232789993,0.6586738228797913,0.0007293707458302379,0.007601023651659489,0.0063766008242964745,0.17855404317378998,0.037724584341049194,0.00880655087530613
C:\Projects\TM470\data\processed\test\Russula\229_GvS-zosxGjw.jpg,Russula/229_GvS-zosxGjw.jpg,Russula,Russula,True,0.9018818736076355,0.0025419000012334,ResNet18_Corrected,test,0.01768399588763714,0.012821529060602188,0.02684052288532257,0.0027193089481443167,0.0005089730839245021,3.0004221684976073e-07,0.00020457542268559337,8.054541103774682e-05,0.03594401106238365,0.9018818736076355,0.0013143870746716857
C:\Projects\TM470\data\processed\test\Russula\232_mX205dWbGSs.jpg,Russula/232_mX205dWbGSs.jpg,Russula,Russula,True,0.6725499033927917,0.0026190999997197,ResNet18_Corrected,test,0.0030639502219855785,0.000565697846468538,0.03253965079784393,0.0035527485888451338,0.0006470948574133217,4.083957492184709e-07,9.140241309069097e-05,0.0011664360063150525,0.2677557170391083,0.6725499033927917,0.01806698366999626
C:\Projects\TM470\data\processed\test\Russula\237_ngiHar4V9OQ.jpg,Russula/237_ngiHar4V9OQ.jpg,Russula,Russula,True,0.9751778841018677,0.0026309999957447,ResNet18_Corrected,test,0.0011270662071183324,0.0005855470662936568,0.0022162653040140867,0.002357514575123787,5.059454997535795e-05,8.468778389669751e-08,3.159267362207174e-05,0.002311944728717208,0.011902647092938423,0.9751778841018677,0.004238856490701437
C:\Projects\TM470\data\processed\test\Russula\251_fEoTrBJW8cM.jpg,Russula/251_fEoTrBJW8cM.jpg,Russula,Russula,True,0.6723626852035522,0.002527699994971,ResNet18_Corrected,test,0.009618019685149193,0.00483951298519969,0.0005224573542363942,0.008581028319895267,0.017770996317267418,2.559378060595918e-07,0.0014067946467548609,0.0003042020834982395,0.2569049000740051,0.6723626852035522,0.027689199894666672
C:\Projects\TM470\data\processed\test\Russula\255_Kb8wme58c30.jpg,Russula/255_Kb8wme58c30.jpg,Russula,Russula,True,0.8954355120658875,0.0025815000044531,ResNet18_Corrected,test,0.0007295809336937964,0.0016308544436469674,6.541658876813017e-06,0.009013905189931393,0.024381129071116447,7.378048849204788e-06,0.005265223328024149,0.0010038261534646153,0.0617833249270916,0.8954355120658875,0.0007428009994328022
C:\Projects\TM470\data\processed\test\Russula\274_HgGEtks3OsI.jpg,Russula/274_HgGEtks3OsI.jpg,Russula,Lactarius,False,0.635804295539856,0.0025300999986939,ResNet18_Corrected,test,0.013213940896093845,0.00937875360250473,0.00046502173063345253,0.023297343403100967,0.019411278888583183,0.00012402760330587626,0.020000971853733063,0.0013108617858961225,0.635804295539856,0.2631717622280121,0.013821680098772049
C:\Projects\TM470\data\processed\test\Russula\275_pEbq4xW22Ag.jpg,Russula/275_pEbq4xW22Ag.jpg,Russula,Russula,True,0.9680766463279724,0.0027446000021882,ResNet18_Corrected,test,0.0035374045837670565,0.002078594174236059,9.936883725458756e-05,0.01406343374401331,6.517874135170132e-05,1.7715036619847524e-06,0.0001620699040358886,0.0007671412313356996,0.009553174488246441,0.9680766463279724,0.0015953336842358112
C:\Projects\TM470\data\processed\test\Russula\280_dQwEUooNmxU.jpg,Russula/280_dQwEUooNmxU.jpg,Russula,Russula,True,0.5721355676651001,0.0026123999996343,ResNet18_Corrected,test,0.010105380788445473,0.037488020956516266,0.01419822871685028,0.010701307095587254,0.006736564915627241,0.0006958407466299832,0.000498647044878453,0.11950056999921799,0.20756752789020538,0.5721355676651001,0.020372407510876656
C:\Projects\TM470\data\processed\test\Russula\284_mG2jZJaeiac.jpg,Russula/284_mG2jZJaeiac.jpg,Russula,Russula,True,0.684063732624054,0.0025964000014937,ResNet18_Corrected,test,0.0018073417013511062,0.000638014986179769,4.2481726268306375e-05,0.005343307740986347,0.0013311494840309024,1.9137243612021848e-07,0.0013627466978505254,0.0032481790985912085,0.2875656187534332,0.684063732624054,0.014597199857234955
C:\Projects\TM470\data\processed\test\Russula\285_rVkKIZjTiRM.jpg,Russula/285_rVkKIZjTiRM.jpg,Russula,Lactarius,False,0.30298009514808655,0.0025631000025896,ResNet18_Corrected,test,0.20725423097610474,0.06085968390107155,0.00915576983243227,0.02774646133184433,0.024293089285492897,5.1542527216952294e-05,0.005185911897569895,0.09615541994571686,0.30298009514808655,0.20609982311725616,0.0602179616689682
C:\Projects\TM470\data\processed\test\Russula\287_aSnnhXszXBg.jpg,Russula/287_aSnnhXszXBg.jpg,Russula,Amanita,False,0.7807248830795288,0.0025325000024167,ResNet18_Corrected,test,0.09183010458946228,0.7807248830795288,0.012622268870472908,0.0012214221060276031,0.007105276919901371,7.108603767846944e-06,0.00010131542512681335,0.000570944044739008,0.01966899074614048,0.08407807350158691,0.0020695968996733427
C:\Projects\TM470\data\processed\test\Russula\298_6kweHNZ0RfI.jpg,Russula/298_6kweHNZ0RfI.jpg,Russula,Russula,True,0.540300190448761,0.0025308999975095,ResNet18_Corrected,test,0.0053666760213673115,0.015430618077516556,0.0886554941534996,0.19277548789978027,5.946147211943753e-05,1.215409071164686e-07,0.00012304312258493155,0.0012523686746135354,0.056252773851156235,0.540300190448761,0.09978383779525757
C:\Projects\TM470\data\processed\test\Russula\305_tdJxN8UQo7I.jpg,Russula/305_tdJxN8UQo7I.jpg,Russula,Russula,True,0.8998239636421204,0.0025722999998833,ResNet18_Corrected,test,7.21110263839364e-05,0.00014130628551356494,0.0002920583065133542,0.001590414671227336,9.766833682078868e-05,9.726222494066405e-09,0.0005365228862501681,6.096882316342089e-06,0.09629252552986145,0.8998239636421204,0.0011473771883174777
C:\Projects\TM470\data\processed\test\Russula\317_8tQhlDlTHhY.jpg,Russula/317_8tQhlDlTHhY.jpg,Russula,Russula,True,0.9644178748130798,0.0025993000017479,ResNet18_Corrected,test,3.9637416193727404e-05,2.7751799279940315e-05,1.7534866856294684e-05,0.004219636786729097,0.00011561804421944544,7.092077680681541e-07,7.428260869346559e-05,7.164135604398325e-05,0.030613617971539497,0.9644178748130798,0.00040175547474063933
C:\Projects\TM470\data\processed\test\Russula\322_Ai1EXB8gNws.jpg,Russula/322_Ai1EXB8gNws.jpg,Russula,Suillus,False,0.33743348717689514,0.0025285000010626,ResNet18_Corrected,test,0.06146623194217682,0.05235684663057327,0.013407614082098007,0.19989939033985138,0.0011683362536132336,9.362533091916703e-06,0.005304018966853619,0.017283378168940544,0.1760944426059723,0.13557682931423187,0.33743348717689514
C:\Projects\TM470\data\processed\test\Russula\329_PxteNH5w9Yk.jpg,Russula/329_PxteNH5w9Yk.jpg,Russula,Russula,True,0.9941955208778381,0.0026572999995551,ResNet18_Corrected,test,3.860328888549702e-06,2.4879263946786523e-05,9.849745765677653e-06,0.004062526859343052,1.268567615397842e-07,1.9983403820589274e-09,2.2594402253162116e-05,1.388403688906692e-05,0.0012546915095299482,0.9941955208778381,0.00041209865594282746
C:\Projects\TM470\data\processed\test\Russula\333_7pP8aVQf3Do.jpg,Russula/333_7pP8aVQf3Do.jpg,Russula,Russula,True,0.9881616234779358,0.0025797000052989,ResNet18_Corrected,test,4.4336590576676826e-07,2.5275830921600573e-06,2.5320092390757054e-05,0.004211598541587591,2.26516431212076e-06,1.3765911743846004e-09,0.0005274430732242763,6.844243216619361e-06,0.006629010662436485,0.9881616234779358,0.00043295437353663146
C:\Projects\TM470\data\processed\test\Russula\338_HPnjALipi70.jpg,Russula/338_HPnjALipi70.jpg,Russula,Russula,True,0.9985055923461914,0.0025731999994604,ResNet18_Corrected,test,4.057689579894941e-07,3.5364287214179058e-06,2.1712395437134546e-07,0.0002580384898465127,2.5135698251688154e-06,2.86489776346599e-10,4.0296604311151896e-06,5.253139647720673e-07,0.0012151520932093263,0.9985055923461914,1.0010545338445809e-05
C:\Projects\TM470\data\processed\test\Russula\342_CJXxi8f2DOI.jpg,Russula/342_CJXxi8f2DOI.jpg,Russula,Lactarius,False,0.5870044827461243,0.0026061999960802,ResNet18_Corrected,test,0.001337722991593182,0.007549263536930084,0.0007346051861532032,0.0505075566470623,0.0023010564036667347,1.4108555660641287e-05,0.005304331891238689,0.01706250011920929,0.5870044827461243,0.16964517533779144,0.15853920578956604
C:\Projects\TM470\data\processed\test\Russula\349_YRE4p7LbKdg.jpg,Russula/349_YRE4p7LbKdg.jpg,Russula,Russula,True,0.7515509724617004,0.0025653000047896,ResNet18_Corrected,test,0.015227630734443665,0.012007154524326324,0.05746864899992943,0.0015502808382734656,0.0030291026923805475,8.640427040518261e-07,0.00035022382508032024,0.006990766152739525,0.11846614629030228,0.7515509724617004,0.033358145505189896
C:\Projects\TM470\data\processed\test\Russula\352_ykL56k89IoE.jpg,Russula/352_ykL56k89IoE.jpg,Russula,Russula,True,0.5870094895362854,0.0025354000026709,ResNet18_Corrected,test,9.188534750137478e-05,0.0021253819577395916,0.0013854446588084102,0.001788904657587409,0.0008526958408765495,5.624731258535576e-08,0.000643813400529325,0.00020576709357555956,0.39222705364227295,0.5870094895362854,0.013669461011886597
C:\Projects\TM470\data\processed\test\Russula\354_SXkK0j9UPcc.jpg,Russula/354_SXkK0j9UPcc.jpg,Russula,Lactarius,False,0.5999166965484619,0.0025202000033459,ResNet18_Corrected,test,0.000531191355548799,0.07687091082334518,0.00583658367395401,0.11775095760822296,0.015606286004185677,0.0010755645344033837,0.06406793743371964,0.0514158271253109,0.5999166965484619,0.03167689964175224,0.035251155495643616
C:\Projects\TM470\data\processed\test\Russula\366_Rmr_uH_m3Lc.jpg,Russula/366_Rmr_uH_m3Lc.jpg,Russula,Russula,True,0.9308143854141235,0.0042742000005091,ResNet18_Corrected,test,1.4437818208534736e-05,0.00010693579679355025,3.195088356733322e-05,0.003412123303860426,1.8830313592843595e-06,2.627138506738902e-10,0.03309754282236099,3.8954103729338385e-06,0.02969628944993019,0.9308143854141235,0.0028204999398440123
C:\Projects\TM470\data\processed\test\Russula\375_h9oJuORZEoQ.jpg,Russula/375_h9oJuORZEoQ.jpg,Russula,Russula,True,0.8828567266464233,0.0044808000020566,ResNet18_Corrected,test,0.00166208331938833,0.0031832100357860327,0.0034452190157026052,0.014694567769765854,0.0003386349999345839,2.287919187438092e-06,0.0029229295905679464,0.002323737135156989,0.06253630667924881,0.8828567266464233,0.02603430487215519
C:\Projects\TM470\data\processed\test\Russula\382_etpGgqzjXAw.jpg,Russula/382_etpGgqzjXAw.jpg,Russula,Russula,True,0.7367559671401978,0.0043694999985746,ResNet18_Corrected,test,0.002480619354173541,0.10701063275337219,0.00017674698028713465,0.016453411430120468,0.0024609302636235952,3.420036955503747e-05,0.0052070096135139465,0.023425092920660973,0.09419795125722885,0.7367559671401978,0.011797514744102955
C:\Projects\TM470\data\processed\test\Russula\391_FoHQbZ-kW6k.jpg,Russula/391_FoHQbZ-kW6k.jpg,Russula,Russula,True,0.9564052820205688,0.0043102999989059,ResNet18_Corrected,test,9.436558320885524e-05,0.00029168339096941054,1.2249261089891661e-05,0.000896627374459058,2.587464769021608e-05,4.683972676389203e-08,0.00012558720482047647,2.6665107725420967e-05,0.04181512072682381,0.9564052820205688,0.00030663335928693414
C:\Projects\TM470\data\processed\test\Russula\396_vxteiV8es0s.jpg,Russula/396_vxteiV8es0s.jpg,Russula,Russula,True,0.4226594865322113,0.0042077000034623,ResNet18_Corrected,test,0.1358453333377838,0.010724231600761414,0.0007975812186487019,0.0013892430579289794,0.0514584444463253,1.2429962907845038e-06,0.0057354699820280075,0.00014114940131548792,0.3602246940135956,0.4226594865322113,0.011023149825632572
C:\Projects\TM470\data\processed\test\Russula\398_0WzJw-BGE1E.jpg,Russula/398_0WzJw-BGE1E.jpg,Russula,Russula,True,0.872079610824585,0.0024789000017335,ResNet18_Corrected,test,0.002598648192360997,0.0016330741345882416,0.0022209351882338524,0.016200127080082893,1.6521651559742168e-05,1.7794341147236992e-06,0.00011577429540921003,0.0031942843925207853,0.09490571171045303,0.872079610824585,0.007033511530607939
C:\Projects\TM470\data\processed\test\Russula\401_ZfuzzDXFsRU.jpg,Russula/401_ZfuzzDXFsRU.jpg,Russula,Russula,True,0.36482927203178406,0.0042262999995728,ResNet18_Corrected,test,0.0611533559858799,0.06320321559906006,0.014973836950957775,0.015428519807755947,0.14936146140098572,0.02462739869952202,0.013182492926716805,0.17989659309387207,0.09290605783462524,0.36482927203178406,0.020437752828001976
C:\Projects\TM470\data\processed\test\Russula\406_krT07UQMp10.jpg,Russula/406_krT07UQMp10.jpg,Russula,Lactarius,False,0.5959439277648926,0.0044237000038265,ResNet18_Corrected,test,0.03680102154612541,0.04065927490592003,0.0017651306698098779,0.002927693072706461,0.18058164417743683,2.044407847279217e-05,0.0075406464748084545,0.0021331324242055416,0.5959439277648926,0.10501513630151749,0.02661195583641529
C:\Projects\TM470\data\processed\test\Russula\409_BMzCz6qsXNs.jpg,Russula/409_BMzCz6qsXNs.jpg,Russula,Russula,True,0.8701328635215759,0.0042880000037257,ResNet18_Corrected,test,0.02287088707089424,0.008306603878736496,0.003279936034232378,0.0009375882800668478,0.0028456682339310646,6.59874501707236e-07,7.60175462346524e-05,0.0046898419968783855,0.06815392524003983,0.8701328635215759,0.01870599389076233
C:\Projects\TM470\data\processed\test\Russula\412_hK_N_vllKHo.jpg,Russula/412_hK_N_vllKHo.jpg,Russula,Lactarius,False,0.7173384428024292,0.0042373999967821,ResNet18_Corrected,test,0.00017307113739661872,0.00041681513539515436,0.0013745523756369948,0.018466321751475334,0.00017418335482943803,2.4086611816187542e-08,0.00020159102859906852,0.0005380643415264785,0.7173384428024292,0.20546407997608185,0.055852822959423065
C:\Projects\TM470\data\processed\test\Russula\415_UJ1wPsUTn48.jpg,Russula/415_UJ1wPsUTn48.jpg,Russula,Russula,True,0.6209479570388794,0.0042447999949217,ResNet18_Corrected,test,0.004286015871912241,0.0012894788524135947,0.3090433180332184,0.0014356032479554415,0.00011597558477660641,5.150469828407722e-09,1.8837867173715495e-05,0.000606080808211118,0.023100482299923897,0.6209479570388794,0.03915628418326378
C:\Projects\TM470\data\processed\test\Russula\416_HL5U3TXaTig.jpg,Russula/416_HL5U3TXaTig.jpg,Russula,Russula,True,0.6812702417373657,0.0042677000019466,ResNet18_Corrected,test,0.005510563030838966,0.006859057117253542,0.0014799166237935424,0.06267984956502914,0.0013174983905628324,4.06470317102503e-05,0.0006920002633705735,0.019532103091478348,0.19206590950489044,0.6812702417373657,0.02855226956307888
C:\Projects\TM470\data\processed\test\Russula\421_8j91Sr4g8Kc.jpg,Russula/421_8j91Sr4g8Kc.jpg,Russula,Russula,True,0.9800665378570557,0.0042013999991468,ResNet18_Corrected,test,0.00101981230545789,0.00032442976953461766,1.4632421880378388e-05,0.001984277041628957,0.000369140412658453,2.622245574457338e-06,0.0004985206760466099,2.3890183001640253e-05,0.015580398961901665,0.9800665378570557,0.00011581377475522459
C:\Projects\TM470\data\processed\test\Russula\426_RHi0dlqqt8o.jpg,Russula/426_RHi0dlqqt8o.jpg,Russula,Inocybe,False,0.8095848560333252,0.0025544000018271,ResNet18_Corrected,test,0.00026144535513594747,0.008121649734675884,0.013493266887962818,0.02168700285255909,0.0002744845696724951,0.0015544233610853553,0.10725764185190201,0.8095848560333252,0.010330989956855774,0.003250584239140153,0.02418370358645916
C:\Projects\TM470\data\processed\test\Russula\427_x9THSIBmhjg.jpg,Russula/427_x9THSIBmhjg.jpg,Russula,Lactarius,False,0.4267749488353729,0.0025496000016573,ResNet18_Corrected,test,0.0527246929705143,0.05678913742303848,0.01741836965084076,0.000669016211759299,0.012120246887207031,9.00395264125109e-07,0.0020220766309648752,0.0008487286977469921,0.4267749488353729,0.4187462329864502,0.011885562911629677
C:\Projects\TM470\data\processed\test\Russula\430_DSSYi6MPrgM.jpg,Russula/430_DSSYi6MPrgM.jpg,Russula,Russula,True,0.6975246667861938,0.0025519000046188,ResNet18_Corrected,test,0.003588233608752489,0.0034839713480323553,0.010902171023190022,0.051597706973552704,0.002012604149058461,0.0002367406414123252,0.0009608903201296926,0.01401587575674057,0.2038865089416504,0.6975246667861938,0.01179064903408289
C:\Projects\TM470\data\processed\test\Russula\431_6aLV-mYubzE.jpg,Russula/431_6aLV-mYubzE.jpg,Russula,Russula,True,0.3878897428512573,0.0025179000003845,ResNet18_Corrected,test,0.05764997750520706,0.018081609159708023,0.05242194980382919,0.0547785647213459,0.010838924907147884,2.413327820249833e-06,0.0031860340386629105,0.012278475798666477,0.33345136046409607,0.3878897428512573,0.06942093372344971
C:\Projects\TM470\data\processed\test\Russula\437_CT0j4-xyw0U.jpg,Russula/437_CT0j4-xyw0U.jpg,Russula,Russula,True,0.9887477159500122,0.0025179000003845,ResNet18_Corrected,test,2.5831472157733515e-05,0.0008892739424481988,3.580362772481749e-06,0.002883307635784149,6.9940970206516795e-06,1.334337618175141e-08,0.0025416763965040445,1.2027734555886127e-05,0.00444959569722414,0.9887477159500122,0.0004399614699650556
C:\Projects\TM470\data\processed\test\Russula\439_Qy56g_UefV0.jpg,Russula/439_Qy56g_UefV0.jpg,Russula,Russula,True,0.4866080582141876,0.0026083999982802,ResNet18_Corrected,test,0.003986613359302282,0.0022409323137253523,0.0212746299803257,0.0010636886581778526,0.0019839077722281218,6.57354803479393e-07,0.0004892102442681789,0.001224301173351705,0.4705153703689575,0.4866080582141876,0.010612649843096733
C:\Projects\TM470\data\processed\test\Russula\441_OLHvhkXV5z4.jpg,Russula/441_OLHvhkXV5z4.jpg,Russula,Russula,True,0.9990019202232361,0.002617400001327,ResNet18_Corrected,test,2.1109290173626505e-06,1.8355774955125526e-05,9.775984466386944e-08,5.08212651766371e-05,3.6578401250153547e-06,2.418084309174784e-11,0.0004690591595135629,3.0054999911044433e-07,0.0004262149741407484,0.9990019202232361,2.7571395548875444e-05
C:\Projects\TM470\data\processed\test\Russula\448_EjNRPvABLWs.jpg,Russula/448_EjNRPvABLWs.jpg,Russula,Russula,True,0.9926393032073975,0.0025984000021708,ResNet18_Corrected,test,4.746039485326037e-05,8.855606574798003e-05,0.0007208627066574991,0.00016742089064791799,8.834024811221752e-06,5.624495535982987e-09,1.7421267330064438e-05,3.6724817618960515e-05,0.005857130046933889,0.9926393032073975,0.00041641126153990626
C:\Projects\TM470\data\processed\test\Russula\452_LFlsAAAX9hI.jpg,Russula/452_LFlsAAAX9hI.jpg,Russula,Russula,True,0.5811758637428284,0.0025940999985323,ResNet18_Corrected,test,0.02065400406718254,0.06377283483743668,0.010576839558780193,0.03422512859106064,0.045425619930028915,0.0005764867528341711,0.010258500464260578,0.059443168342113495,0.14599822461605072,0.5811758637428284,0.0278933122754097
C:\Projects\TM470\data\processed\test\Russula\454_uTMl-t0RwNE.jpg,Russula/454_uTMl-t0RwNE.jpg,Russula,Russula,True,0.5541858673095703,0.0026587000029394,ResNet18_Corrected,test,0.092579685151577,0.17380909621715546,0.011948209255933762,0.006541859824210405,0.04643555358052254,2.4213331926148385e-05,0.006197652313858271,0.005418442189693451,0.0855589509010315,0.5541858673095703,0.017300410196185112
C:\Projects\TM470\data\processed\test\Russula\458_qK1_4b1eE6c.jpg,Russula/458_qK1_4b1eE6c.jpg,Russula,Russula,True,0.8699392080307007,0.0025605999981053,ResNet18_Corrected,test,0.0038860586937516928,0.010033763013780117,0.014233133755624294,0.023463880643248558,0.0006342219421640038,1.7853217286756262e-05,6.173417932586744e-05,0.0068944594822824,0.05850229412317276,0.8699392080307007,0.012333432212471962
C:\Projects\TM470\data\processed\test\Russula\462_gCvKxkgbErI.jpg,Russula/462_gCvKxkgbErI.jpg,Russula,Suillus,False,0.32068389654159546,0.0025804000033531,ResNet18_Corrected,test,0.0017940301913768053,0.06735264509916306,0.1302286833524704,0.10512649267911911,0.0028646234422922134,5.541725386137841e-06,0.006940264720469713,0.06666481494903564,0.28142666816711426,0.01691233552992344,0.32068389654159546
C:\Projects\TM470\data\processed\test\Russula\469_EEz8Pm-LqCM.jpg,Russula/469_EEz8Pm-LqCM.jpg,Russula,Russula,True,0.8654987812042236,0.0026693000036175,ResNet18_Corrected,test,0.002870668191462755,0.006307112518697977,0.0018437473336234689,0.002009183634072542,0.00025504393852315843,1.1556346635188675e-07,0.0005257698940113187,0.00547960726544261,0.0785197913646698,0.8654987812042236,0.03669024631381035
C:\Projects\TM470\data\processed\test\Russula\473_-0mqqVq-2vk.jpg,Russula/473_-0mqqVq-2vk.jpg,Russula,Russula,True,0.5897893905639648,0.0025505000012344,ResNet18_Corrected,test,0.06700793653726578,0.02706596627831459,0.0014694093260914087,0.001472055446356535,0.009512805379927158,4.228817942930618e-06,0.0025906937662512064,0.0013638677773997188,0.29519420862197876,0.5897893905639648,0.004529508296400309
C:\Projects\TM470\data\processed\test\Russula\476_fuSt9QgGDIk.jpg,Russula/476_fuSt9QgGDIk.jpg,Russula,Lactarius,False,0.2880806624889374,0.0025285999945481,ResNet18_Corrected,test,0.0006053977413102984,0.0604693666100502,0.2085859775543213,0.09584157168865204,0.006165823899209499,0.0001368787488900125,0.12211472541093826,0.05171232670545578,0.2880806624889374,0.006128207314759493,0.16015905141830444
C:\Projects\TM470\data\processed\test\Russula\480_74nq3Oj1T0M.jpg,Russula/480_74nq3Oj1T0M.jpg,Russula,Russula,True,0.9522892236709595,0.0025787000049604,ResNet18_Corrected,test,5.917568341828883e-05,0.0001638590038055554,3.7506531953113154e-05,0.0002094106312142685,2.3546162992715836e-05,3.9551858316277944e-11,7.939452189020813e-05,3.1402964850713033e-06,0.04583605378866196,0.9522892236709595,0.0012987785739824176
C:\Projects\TM470\data\processed\test\Russula\483_iDdkz4PNlOg.jpg,Russula/483_iDdkz4PNlOg.jpg,Russula,Russula,True,0.9964750409126282,0.0025816999987,ResNet18_Corrected,test,3.0117305982457765e-07,1.5641521713405382e-06,4.493689630180597e-06,0.0027789759915322065,8.142333918215172e-09,4.2814498474319507e-11,4.3883195758098736e-05,6.391485385393025e-07,0.00042487826431170106,0.9964750409126282,0.00027018398395739496
C:\Projects\TM470\data\processed\test\Russula\490_Y5gzpOreJV8.jpg,Russula/490_Y5gzpOreJV8.jpg,Russula,Russula,True,0.8743007779121399,0.0025679999962449,ResNet18_Corrected,test,0.0008774681482464075,0.008903883397579193,0.0010146810673177242,0.0026135784573853016,5.4415781050920486e-05,8.904387271968517e-08,2.987143670907244e-05,0.0001677549007581547,0.1078866645693779,0.8743007779121399,0.004150766413658857
C:\Projects\TM470\data\processed\test\Russula\494_4l6A9UlJ6HY.jpg,Russula/494_4l6A9UlJ6HY.jpg,Russula,Russula,True,0.6303561925888062,0.0025707000022521,ResNet18_Corrected,test,0.0046278564259409904,0.06171154975891113,0.018709031865000725,0.013500790111720562,0.0007157138898037374,0.000683856604155153,0.00034040139871649444,0.10109568387269974,0.15013998746871948,0.6303561925888062,0.018118906766176224
C:\Projects\TM470\data\processed\test\Russula\497_hMPS4Vhoqqk.jpg,Russula/497_hMPS4Vhoqqk.jpg,Russula,Russula,True,0.9580415487289429,0.0026728999946499,ResNet18_Corrected,test,0.00025398129946552217,0.0006169721018522978,5.821542799822055e-05,0.006674425210803747,3.379367626621388e-05,2.3084844258391968e-08,0.0005290782428346574,0.0004827326047234237,0.02139928936958313,0.9580415487289429,0.011909944005310535
C:\Projects\TM470\data\processed\test\Russula\498_iH4yNw872aM.jpg,Russula/498_iH4yNw872aM.jpg,Russula,Russula,True,0.7278544306755066,0.002538499997172,ResNet18_Corrected,test,3.915233719453681e-06,0.0002829800359904766,1.724594949337188e-05,0.002340977545827627,8.720897312741727e-06,1.329831023078043e-09,0.0027674727607518435,1.5755311324028298e-05,0.2639654874801636,0.7278544306755066,0.0027430651243776083
C:\Projects\TM470\data\processed\test\Russula\502_nJw7weRVBlc.jpg,Russula/502_nJw7weRVBlc.jpg,Russula,Russula,True,0.6105389595031738,0.0024961000017356,ResNet18_Corrected,test,0.00014234782429412007,5.5459986469941214e-05,0.001230877824127674,0.005718589294701815,6.493354158010334e-05,1.1187779591637081e-07,4.9314483476337045e-05,0.0005957215907983482,0.36683568358421326,0.6105389595031738,0.01476792898029089
C:\Projects\TM470\data\processed\test\Russula\511_viHZPnkp9nI.jpg,Russula/511_viHZPnkp9nI.jpg,Russula,Russula,True,0.5961542725563049,0.0025046000009751,ResNet18_Corrected,test,0.005085109267383814,0.0839112177491188,0.03774842992424965,0.04215078428387642,3.304206984466873e-05,1.7672192598183756e-06,0.00017087314336095005,0.019045284017920494,0.04720117151737213,0.5961542725563049,0.16849805414676666
C:\Projects\TM470\data\processed\test\Russula\513_e8OAjXau1_g.jpg,Russula/513_e8OAjXau1_g.jpg,Russula,Lactarius,False,0.47791844606399536,0.0025588999997125,ResNet18_Corrected,test,0.004146182909607887,0.00817660242319107,0.004310864955186844,0.010160570964217186,0.0006569407414644957,7.715182448464475e-08,0.0036869687028229237,0.0013352284440770745,0.47791844606399536,0.0995052307844162,0.39010295271873474
C:\Projects\TM470\data\processed\test\Russula\515_-fmv5frqmeQ.jpg,Russula/515_-fmv5frqmeQ.jpg,Russula,Russula,True,0.7859974503517151,0.0026197999977739,ResNet18_Corrected,test,0.001135030877776444,0.13222216069698334,0.007742368150502443,0.02127423696219921,0.00012918544234707952,1.774859629222192e-05,0.0002560163557063788,0.005574909038841724,0.033463526517152786,0.7859974503517151,0.012187380343675613
C:\Projects\TM470\data\processed\test\Russula\517_0X-ur3MZ6-g.jpg,Russula/517_0X-ur3MZ6-g.jpg,Russula,Suillus,False,0.3696556091308594,0.0026364000004832,ResNet18_Corrected,test,0.001419752137735486,0.0025833118706941605,0.0226275771856308,0.30648359656333923,0.0029625229071825743,2.162194505217485e-05,0.0067374552600085735,0.09285001456737518,0.18717314302921295,0.00748545303940773,0.3696556091308594
C:\Projects\TM470\data\processed\test\Russula\518_ddwb9zDz0EA.jpg,Russula/518_ddwb9zDz0EA.jpg,Russula,Cortinarius,False,0.3682551383972168,0.0025361999942106,ResNet18_Corrected,test,0.02545277215540409,0.004855713341385126,0.15354818105697632,0.3682551383972168,0.0015212487196549773,0.25193488597869873,0.0012738601071760058,0.046152204275131226,0.13000735640525818,0.010905630886554718,0.006092980038374662
C:\Projects\TM470\data\processed\test\Russula\519_MgcY6NzuGRg.jpg,Russula/519_MgcY6NzuGRg.jpg,Russula,Russula,True,0.9393610954284668,0.002541799993196,ResNet18_Corrected,test,0.0029445779509842396,0.0001240162382600829,0.010605682618916035,0.0024778160732239485,4.378928497317247e-05,1.1495484386614407e-07,3.157051105517894e-05,0.000932077004108578,0.03701352700591087,0.9393610954284668,0.006465751677751541
C:\Projects\TM470\data\processed\test\Russula\519__Yn0OFxI1q4.jpg,Russula/519__Yn0OFxI1q4.jpg,Russula,Entoloma,False,0.5067539811134338,0.0051422999968053,ResNet18_Corrected,test,0.024012908339500427,0.09233509749174118,0.018905507400631905,0.009210338816046715,0.5067539811134338,0.014675716869533062,0.012942424044013023,0.017375696450471878,0.10087646543979645,0.1961824893951416,0.006729315500706434
C:\Projects\TM470\data\processed\test\Russula\521_PoCOMLLE194.jpg,Russula/521_PoCOMLLE194.jpg,Russula,Lactarius,False,0.29577386379241943,0.0037097000022185,ResNet18_Corrected,test,0.02485617622733116,0.02154199406504631,0.024275321513414383,0.05496358871459961,0.027160288766026497,0.0258405152708292,0.012202255427837372,0.2548760175704956,0.29577386379241943,0.18652735650539398,0.07198262214660645
C:\Projects\TM470\data\processed\test\Russula\522_HB75V6h0zHA.jpg,Russula/522_HB75V6h0zHA.jpg,Russula,Russula,True,0.9189324378967285,0.0025166999985231,ResNet18_Corrected,test,2.3027421775623225e-05,0.00010930099233519286,0.001202424056828022,0.007194903213530779,6.355394725687802e-05,4.5293049311112554e-09,0.000181376890395768,0.00013970120926387608,0.05532117187976837,0.9189324378967285,0.01683207042515278
C:\Projects\TM470\data\processed\test\Russula\529_ailR88iHnVk.jpg,Russula/529_ailR88iHnVk.jpg,Russula,Russula,True,0.5917885303497314,0.0026618000047164,ResNet18_Corrected,test,0.001065109041519463,0.006239139474928379,0.11912667006254196,0.03779780492186546,4.465618621907197e-05,5.185318059375277e-07,0.0003253767790738493,0.007356065325438976,0.09159168601036072,0.5917885303497314,0.14466442167758942
C:\Projects\TM470\data\processed\test\Russula\530_0Er0JIn-St8.jpg,Russula/530_0Er0JIn-St8.jpg,Russula,Lactarius,False,0.6851953864097595,0.0026126999946427,ResNet18_Corrected,test,0.005571403540670872,0.007531429640948772,0.006444461643695831,0.019883017987012863,0.0006657441263087094,1.0504493985763474e-07,0.03530871123075485,0.000718527939170599,0.6851953864097595,0.11798832565546036,0.12069296836853027
C:\Projects\TM470\data\processed\test\Russula\531_nA8Zxo2h3PI.jpg,Russula/531_nA8Zxo2h3PI.jpg,Russula,Boletus,False,0.2937583327293396,0.002592500000901,ResNet18_Corrected,test,0.0009305659332312644,0.0014214589027687907,0.2937583327293396,0.0016352481907233596,0.0003187343536410481,5.502395197254373e-06,7.984207513800357e-06,0.05807396024465561,0.26604682207107544,0.19334116578102112,0.18446020781993866
C:\Projects\TM470\data\processed\test\Russula\533_HFOAEH-GMI8.jpg,Russula/533_HFOAEH-GMI8.jpg,Russula,Russula,True,0.4507463574409485,0.0025389000002178,ResNet18_Corrected,test,0.002995130605995655,0.004443955607712269,0.10966917872428894,0.0050278035923838615,0.00030456381500698626,1.0318158274458256e-06,0.00012927659554407,0.013577086851000786,0.17162513732910156,0.4507463574409485,0.2414805293083191
C:\Projects\TM470\data\processed\test\Russula\534_qpoLwy-f_Xo.jpg,Russula/534_qpoLwy-f_Xo.jpg,Russula,Lactarius,False,0.5884329080581665,0.0025518000038573,ResNet18_Corrected,test,4.4015381718054414e-05,0.00028585363179445267,0.0001277398259844631,0.0029828145634382963,0.0001564600970596075,7.398203383246482e-09,0.0015461738221347332,6.349479372147471e-05,0.5884329080581665,0.39851734042167664,0.007843321189284325
C:\Projects\TM470\data\processed\test\Russula\538_KQ94jYukaKU.jpg,Russula/538_KQ94jYukaKU.jpg,Russula,Russula,True,0.33013609051704407,0.0025250999970012,ResNet18_Corrected,test,0.09773380309343338,0.14694567024707794,0.0287756510078907,0.04528696462512016,0.03580068051815033,0.0011243642074987292,0.007503714878112078,0.02953278087079525,0.2393684685230255,0.33013609051704407,0.03779178112745285
C:\Projects\TM470\data\processed\test\Russula\538_tf4RCsz9upY.jpg,Russula/538_tf4RCsz9upY.jpg,Russula,Russula,True,0.6860147714614868,0.0025758999981917,ResNet18_Corrected,test,0.037130147218704224,0.018790768459439278,0.049440447241067886,0.007183742709457874,0.0033648787066340446,9.121143307311286e-07,0.001085461932234466,0.00045264020445756614,0.178860142827034,0.6860147714614868,0.01767612248659134
C:\Projects\TM470\data\processed\test\Russula\548_28oWJjM1dis.jpg,Russula/548_28oWJjM1dis.jpg,Russula,Russula,True,0.356533408164978,0.0025673999989521,ResNet18_Corrected,test,0.07959278672933578,0.0818338543176651,0.07121730595827103,0.0482509545981884,0.10117166489362717,0.02147899754345417,0.028812455013394356,0.0789887085556984,0.10029150545597076,0.356533408164978,0.031828317791223526
C:\Projects\TM470\data\processed\test\Russula\551_wGsl1ac6chs.jpg,Russula/551_wGsl1ac6chs.jpg,Russula,Russula,True,0.5260547995567322,0.0025081999992835,ResNet18_Corrected,test,0.0010924132075160742,0.0008545354939997196,0.13374063372612,0.022197827696800232,3.7426158087328076e-05,5.489821433002362e-07,0.0007563219987787306,0.0036517404951155186,0.232976034283638,0.5260547995567322,0.07863768190145493
C:\Projects\TM470\data\processed\test\Russula\552_ihVJ4T4Sss8.jpg,Russula/552_ihVJ4T4Sss8.jpg,Russula,Lactarius,False,0.6880151629447937,0.0025788999992073,ResNet18_Corrected,test,0.08599234372377396,0.005062072072178125,0.001402203575707972,0.0009284409461542964,0.011588901281356812,2.218014572008542e-08,0.0007486264803446829,0.00038885552203282714,0.6880151629447937,0.16783472895622253,0.03803860396146774
C:\Projects\TM470\data\processed\test\Russula\555_FEOGSD31AJA.jpg,Russula/555_FEOGSD31AJA.jpg,Russula,Russula,True,0.8449956178665161,0.0024975999986054,ResNet18_Corrected,test,0.00293391733430326,0.0008163775783032179,0.025223542004823685,0.00474141538143158,0.00023233224055729806,1.766450452578283e-08,0.00011241219181101769,8.509896724717692e-05,0.09617879241704941,0.8449956178665161,0.024680424481630325
C:\Projects\TM470\data\processed\test\Russula\556_ppbtXziu5ZQ.jpg,Russula/556_ppbtXziu5ZQ.jpg,Russula,Russula,True,0.46255433559417725,0.0025505000012344,ResNet18_Corrected,test,0.005440765060484409,0.012611358426511288,0.004029904026538134,0.020395277068018913,0.037374552339315414,1.4233991350920405e-05,0.00196364289149642,0.03759561851620674,0.37296149134635925,0.46255433559417725,0.04505879059433937
C:\Projects\TM470\data\processed\test\Russula\557_QAd1lVBkjXU.jpg,Russula/557_QAd1lVBkjXU.jpg,Russula,Lactarius,False,0.28064948320388794,0.002560099994298,ResNet18_Corrected,test,0.022038469091057777,0.19861626625061035,0.07517621666193008,0.057064417749643326,0.12040235102176666,0.00016786137712188065,0.029948461800813675,0.03663741797208786,0.28064948320388794,0.07120960205793381,0.10808946937322617
C:\Projects\TM470\data\processed\test\Russula\560_cMc-iWHiAlE.jpg,Russula/560_cMc-iWHiAlE.jpg,Russula,Entoloma,False,0.31319156289100647,0.0025460999968345,ResNet18_Corrected,test,0.22577205300331116,0.1341657191514969,0.011369163170456886,0.013152210973203182,0.31319156289100647,5.79267943976447e-05,0.009966396726667881,0.0325826033949852,0.17701087892055511,0.012289040721952915,0.07044243067502975
C:\Projects\TM470\data\processed\test\Russula\569_JW9oRUfkNN0.jpg,Russula/569_JW9oRUfkNN0.jpg,Russula,Amanita,False,0.7718698382377625,0.0025291999991168,ResNet18_Corrected,test,0.04673902690410614,0.7718698382377625,0.009260940365493298,0.13235123455524445,0.0014282030751928687,1.105558931158157e-05,0.00033244385849684477,0.0005192701937630773,0.003138509811833501,0.024522794410586357,0.009826765395700932
C:\Projects\TM470\data\processed\test\Russula\572_yBKxg92PsOQ.jpg,Russula/572_yBKxg92PsOQ.jpg,Russula,Russula,True,0.49154725670814514,0.0025170000008074,ResNet18_Corrected,test,0.0018607762176543474,0.0012921072775498033,0.2707425057888031,0.09682215005159378,0.00036588500370271504,0.00013104274694342166,0.0007768859504722059,0.0013624244602397084,0.11861969530582428,0.49154725670814514,0.016479261219501495
C:\Projects\TM470\data\processed\test\Russula\575_gWC0enFjtPM.jpg,Russula/575_gWC0enFjtPM.jpg,Russula,Lactarius,False,0.6459245681762695,0.0025090999988606,ResNet18_Corrected,test,0.0011743050999939442,0.009116005152463913,0.0006180804339237511,0.008174873888492584,0.0017646143678575754,9.209699669554539e-07,0.0040649715811014175,0.008527277037501335,0.6459245681762695,0.27283188700675964,0.04780253395438194
C:\Projects\TM470\data\processed\test\Russula\580_ntj_DGdqmvA.jpg,Russula/580_ntj_DGdqmvA.jpg,Russula,Russula,True,0.946185827255249,0.0025148999993689,ResNet18_Corrected,test,8.358289778698236e-05,6.951696559553966e-05,0.002653352450579405,0.007186321076005697,2.726423554122448e-05,9.276202490582364e-07,1.1090610314568039e-05,0.0007720127468928695,0.040294431149959564,0.946185827255249,0.0027158346492797136
C:\Projects\TM470\data\processed\test\Russula\588__rRMnuidFcw.jpg,Russula/588__rRMnuidFcw.jpg,Russula,Russula,True,0.8167259097099304,0.0025518999973428,ResNet18_Corrected,test,0.05812573805451393,0.0032539931125938892,6.551357364514843e-05,0.01146562397480011,0.01829976961016655,2.3577297270094277e-06,0.0006857941043563187,0.012960215099155903,0.05250450596213341,0.8167259097099304,0.025910578668117523
C:\Projects\TM470\data\processed\test\Russula\590_uV2vuMobSEM.jpg,Russula/590_uV2vuMobSEM.jpg,Russula,Lactarius,False,0.8993988037109375,0.0025261999981012,ResNet18_Corrected,test,0.0010977172059938312,0.0015393495559692383,0.00011107690806966275,0.00382904801517725,0.0164138562977314,2.8391801265570393e-07,0.0018099808366969228,0.001320818904787302,0.8993988037109375,0.0319397933781147,0.0425393208861351
C:\Projects\TM470\data\processed\test\Russula\591_mUNB-xH-tCw.jpg,Russula/591_mUNB-xH-tCw.jpg,Russula,Lactarius,False,0.3781794607639313,0.0025263999996241,ResNet18_Corrected,test,0.016013314947485924,0.013027523644268513,0.14152869582176208,0.011714179068803787,0.0016485974192619324,4.776597393174598e-07,0.0031561856158077717,0.004403910133987665,0.3781794607639313,0.2260083705186844,0.20431935787200928
C:\Projects\TM470\data\processed\test\Russula\605_KtkMUv-JJ5I.jpg,Russula/605_KtkMUv-JJ5I.jpg,Russula,Russula,True,0.9796062111854553,0.0025013999984366,ResNet18_Corrected,test,0.002724104095250368,0.0003508887311909348,3.760921390494332e-05,0.00507709663361311,7.464015652658418e-05,1.1377708375448492e-07,0.00015503707982134074,0.0002950065827462822,0.00980845745652914,0.9796062111854553,0.001870707026682794
C:\Projects\TM470\data\processed\test\Russula\608_0aU_jR-I9JA.jpg,Russula/608_0aU_jR-I9JA.jpg,Russula,Russula,True,0.813036322593689,0.0026485999987926,ResNet18_Corrected,test,0.0409545861184597,0.09891171753406525,0.003694457933306694,0.010161088779568672,0.00018592401465866715,2.1010935597587377e-05,0.00015455755055882037,0.001073505263775587,0.029452381655573845,0.813036322593689,0.002354533178731799
C:\Projects\TM470\data\processed\test\Russula\619_iJOS5fLgNQU.jpg,Russula/619_iJOS5fLgNQU.jpg,Russula,Russula,True,0.5042751431465149,0.0025175000046147,ResNet18_Corrected,test,0.009393567219376564,0.0005710510886274278,0.00548371160402894,0.09318065643310547,0.0004479434574022889,1.8942840540603356e-07,0.0009086470236070454,0.0004887701943516731,0.3201974332332611,0.5042751431465149,0.06505290418863297
C:\Projects\TM470\data\processed\test\Russula\624_AB7Ht1J6_Ts.jpg,Russula/624_AB7Ht1J6_Ts.jpg,Russula,Russula,True,0.3394353985786438,0.0025911000047926,ResNet18_Corrected,test,0.0008804140379652381,0.03217235207557678,0.044258248060941696,0.09456826001405716,0.0015555319841951132,2.4991139071062207e-05,0.0013065149541944265,0.023231159895658493,0.2793068289756775,0.3394353985786438,0.18326033651828766
C:\Projects\TM470\data\processed\test\Russula\635_CzRg4ZH0g3s.jpg,Russula/635_CzRg4ZH0g3s.jpg,Russula,Boletus,False,0.1737036406993866,0.0025133999952231,ResNet18_Corrected,test,0.01974390260875225,0.06392039358615875,0.1737036406993866,0.07252229005098343,0.032201655209064484,0.007359841838479042,0.12081015855073929,0.12590493261814117,0.16499082744121552,0.10631957650184631,0.11252278834581375
C:\Projects\TM470\data\processed\test\Russula\650_p3glAsLgTMs.jpg,Russula/650_p3glAsLgTMs.jpg,Russula,Amanita,False,0.4822211265563965,0.0025932999997166,ResNet18_Corrected,test,0.0010924593079835176,0.4822211265563965,0.4550340473651886,0.006682751700282097,5.123933806316927e-05,6.221738999556692e-07,0.0004039151535835117,0.0059111337177455425,0.009737604297697544,0.01927739568054676,0.019587727263569832
C:\Projects\TM470\data\processed\test\Russula\667_m3O20kXwdDE.jpg,Russula/667_m3O20kXwdDE.jpg,Russula,Russula,True,0.9908832907676697,0.0025722999998833,ResNet18_Corrected,test,4.155370788794244e-06,3.746809306903742e-05,0.00042762639350257814,0.0007162900874391198,1.6033771998991142e-06,3.04424374597545e-09,6.257389031816274e-05,1.0594568266242277e-05,0.007435945328325033,0.9908832907676697,0.0004204337310511619
C:\Projects\TM470\data\processed\test\Russula\668_5paJFA7_Ua8.jpg,Russula/668_5paJFA7_Ua8.jpg,Russula,Russula,True,0.9729099869728088,0.0025356999976793,ResNet18_Corrected,test,0.0004690635541919619,0.00038499225047416985,0.0003648937854450196,0.009352583438158035,7.481173815904185e-05,1.6115802736749174e-07,0.00020008634601254016,0.0009525474160909653,0.012145774438977242,0.9729099869728088,0.0031451263930648565
C:\Projects\TM470\data\processed\test\Russula\674_hp6AgJkRPZQ.jpg,Russula/674_hp6AgJkRPZQ.jpg,Russula,Russula,True,0.8294486999511719,0.0026183000009041,ResNet18_Corrected,test,0.004962693899869919,0.012123939581215382,0.04522605985403061,0.006106989458203316,0.0001411709381500259,8.123811312543694e-08,0.00019699243421200663,0.0002780882641673088,0.07972902804613113,0.8294486999511719,0.021786218509078026
C:\Projects\TM470\data\processed\test\Russula\681_EsZTIQlfMjc.jpg,Russula/681_EsZTIQlfMjc.jpg,Russula,Inocybe,False,0.5089224576950073,0.0026538000020082,ResNet18_Corrected,test,0.021709682419896126,0.030908595770597458,0.08578081429004669,0.0232587531208992,0.01726061850786209,0.061306387186050415,0.009425980970263481,0.5089224576950073,0.028975630179047585,0.17505542933940887,0.03739561885595322
C:\Projects\TM470\data\processed\test\Russula\689_A6I1XAc367A.jpg,Russula/689_A6I1XAc367A.jpg,Russula,Russula,True,0.9350147247314453,0.0030070000066189,ResNet18_Corrected,test,0.0031412814278155565,0.02008436620235443,2.961547033919487e-05,0.00795090664178133,0.007259615231305361,0.00021151007968001068,0.0019154842011630535,0.0037933734711259604,0.019964549690485,0.9350147247314453,0.0006344905705191195
C:\Projects\TM470\data\processed\test\Russula\703_Nptow3WB0qw.jpg,Russula/703_Nptow3WB0qw.jpg,Russula,Russula,True,0.9697834253311157,0.0026858999990508,ResNet18_Corrected,test,3.5255393413535785e-06,3.144248330499977e-05,8.455599527223967e-07,0.00016475564916618168,4.241732767695794e-06,1.0945143402718571e-10,5.8811972849071026e-05,3.0910746318113524e-06,0.029656613245606422,0.9697834253311157,0.0002932111092377454
C:\Projects\TM470\data\processed\test\Russula\705_zyUROKt6OHs.jpg,Russula/705_zyUROKt6OHs.jpg,Russula,Russula,True,0.9477436542510986,0.0028262999985599,ResNet18_Corrected,test,0.00019075890304520726,5.7318724429933354e-05,0.0014261393807828426,0.03250421956181526,9.940908785210922e-05,1.6225804984060233e-06,0.0006829131161794066,0.0003497897123452276,0.014923116192221642,0.9477436542510986,0.0020211166702210903
C:\Projects\TM470\data\processed\test\Russula\719_RWQ7F3kVyZ8.jpg,Russula/719_RWQ7F3kVyZ8.jpg,Russula,Russula,True,0.7883766889572144,0.0026664000033633,ResNet18_Corrected,test,3.76009957108181e-05,0.00010177172953262925,8.903198613552377e-05,0.004060520324856043,1.676151077845134e-05,1.8795370593238658e-08,6.654160824837163e-05,0.00017832456796895713,0.20169693231582642,0.7883766889572144,0.00537581043317914
C:\Projects\TM470\data\processed\test\Russula\727_GqKz3HCWl0c.jpg,Russula/727_GqKz3HCWl0c.jpg,Russula,Russula,True,0.9803104996681213,0.0026310999965062,ResNet18_Corrected,test,7.536936550422979e-07,2.2054638975532725e-05,2.936903365480248e-05,0.0003864056197926402,7.184076480371004e-07,6.847238748219908e-11,0.00028103977092541754,4.1745729504327755e-06,0.018181446939706802,0.9803104996681213,0.0007835919386707246
C:\Projects\TM470\data\processed\test\Russula\728_GKNcKK0yCIc.jpg,Russula/728_GKNcKK0yCIc.jpg,Russula,Russula,True,0.9285290241241455,0.0026083000047947,ResNet18_Corrected,test,6.605570206374978e-07,0.001303193741478026,0.000126330996863544,0.04028773307800293,8.12231007785158e-07,1.0375775616466854e-07,0.0008220945601351559,7.872998685343191e-05,0.02694307640194893,0.9285290241241455,0.0019081825157627463
C:\Projects\TM470\data\processed\test\Russula\737_CKVsLcd_U7c.jpg,Russula/737_CKVsLcd_U7c.jpg,Russula,Russula,True,0.9958848357200623,0.002620500003104,ResNet18_Corrected,test,0.00015694129979237914,3.0746210541110486e-05,5.322276774677448e-05,0.00017151018255390227,6.310105618467787e-06,1.4249662561027776e-09,2.0277313979022438e-06,2.3691077331022825e-06,0.0036124014295637608,0.9958848357200623,7.95671294326894e-05
C:\Projects\TM470\data\processed\test\Russula\738_erZ8MolTf3U.jpg,Russula/738_erZ8MolTf3U.jpg,Russula,Russula,True,0.7806424498558044,0.0025966000030166,ResNet18_Corrected,test,0.008483528159558773,0.004336261190474033,0.0012336446670815349,0.034575510770082474,0.0036248962860554457,4.94295773023623e-06,0.0021694914903491735,0.001283346675336361,0.14397156238555908,0.7806424498558044,0.019674481824040413
C:\Projects\TM470\data\processed\test\Russula\756_vp2vfTitRMQ.jpg,Russula/756_vp2vfTitRMQ.jpg,Russula,Russula,True,0.9634590744972229,0.0026259000005666,ResNet18_Corrected,test,4.683926817961037e-05,1.0266824574500788e-05,1.8148510207538493e-05,0.0002327162364963442,4.22338098360342e-06,1.3464958315001496e-10,0.00010458477481734008,5.368110578274354e-07,0.03577626869082451,0.9634590744972229,0.00034730578772723675
C:\Projects\TM470\data\processed\test\Russula\757_iadA7ihhNeQ.jpg,Russula/757_iadA7ihhNeQ.jpg,Russula,Russula,True,0.9717069268226624,0.0026190999997197,ResNet18_Corrected,test,3.732341428985819e-05,6.768866296624765e-05,3.798295438173227e-06,0.0005281350458972156,0.00018954665574710816,1.296562501806875e-08,4.893341611023061e-05,3.1092688459466444e-06,0.027359260246157646,0.9717069268226624,5.5282507673837245e-05
C:\Projects\TM470\data\processed\test\Russula\761_PoCeQSN4r0Y.jpg,Russula/761_PoCeQSN4r0Y.jpg,Russula,Russula,True,0.9967251420021057,0.0039779999933671,ResNet18_Corrected,test,2.9371727805482806e-07,2.6894678740063682e-05,3.5011985346500296e-06,0.00039182763430289924,5.875337194538588e-08,5.442545025768908e-11,0.0004408538225106895,5.958673909844947e-07,0.002306307666003704,0.9967251420021057,0.00010458287579240277
C:\Projects\TM470\data\processed\test\Russula\764_Km8WK13K9DM.jpg,Russula/764_Km8WK13K9DM.jpg,Russula,Russula,True,0.986084520816803,0.0026257999998051,ResNet18_Corrected,test,1.697069365036441e-06,1.0914308404608164e-05,7.769925105094444e-06,0.002921647857874632,1.8463109654476284e-06,2.501615448124994e-08,0.0002032883930951357,1.2259565664862748e-05,0.010565116070210934,0.986084520816803,0.00019085487292613834
C:\Projects\TM470\data\processed\test\Russula\773_rvHJQsLi9cg.jpg,Russula/773_rvHJQsLi9cg.jpg,Russula,Russula,True,0.9537200927734375,0.0026178999978583,ResNet18_Corrected,test,0.0002787503763101995,0.0008042080444283783,0.0002771781582850963,0.0006879008142277598,0.0004537742934189737,3.639098622443271e-07,0.000176569665200077,0.00017207625205628574,0.04259835183620453,0.9537200927734375,0.0008307842654176056
C:\Projects\TM470\data\processed\test\Russula\777_1makiuR24D8.jpg,Russula/777_1makiuR24D8.jpg,Russula,Lactarius,False,0.6251562833786011,0.0026403000010759,ResNet18_Corrected,test,0.0010606084251776338,0.001904598786495626,0.03814822435379028,0.0009275570046156645,0.0010140499798581004,5.233606437116123e-09,0.0004891155404038727,5.507857713382691e-05,0.6251562833786011,0.30177968740463257,0.029464801773428917
C:\Projects\TM470\data\processed\test\Russula\781_6bHC50w-YyU.jpg,Russula/781_6bHC50w-YyU.jpg,Russula,Russula,True,0.9197062849998474,0.002544900002249,ResNet18_Corrected,test,0.0009346778388135135,0.0004664359148591757,4.223921860102564e-05,0.000398233940359205,0.0004945101100020111,1.4694114369717681e-08,0.00017058644152712077,1.825255367293721e-06,0.07749121636152267,0.9197062849998474,0.00029397918842732906
C:\Projects\TM470\data\processed\test\Russula\789_ZOAABwfjsvE.jpg,Russula/789_ZOAABwfjsvE.jpg,Russula,Russula,True,0.7707023024559021,0.0026600999990478,ResNet18_Corrected,test,0.043599922209978104,0.006410888396203518,0.01142048928886652,0.0017482073744758964,0.010097797960042953,9.88187878192548e-08,0.0022974491585046053,0.00016330539074260741,0.13326168060302734,0.7707023024559021,0.020297912880778313
C:\Projects\TM470\data\processed\test\Russula\790_XgJL7jUO0n0.jpg,Russula/790_XgJL7jUO0n0.jpg,Russula,Lactarius,False,0.6925298571586609,0.002649999994901,ResNet18_Corrected,test,0.017564089968800545,0.013508545234799385,0.001228082343004644,0.00026229937793686986,0.0933808758854866,1.9344115571584553e-06,0.0004211193008814007,0.0019195383647456765,0.6925298571586609,0.1682414710521698,0.010942135006189346
C:\Projects\TM470\data\processed\test\Russula\791_bmziJQYOR-0.jpg,Russula/791_bmziJQYOR-0.jpg,Russula,Russula,True,0.5859431624412537,0.0026580999983707,ResNet18_Corrected,test,0.03160228207707405,0.006071249954402447,0.0008776767062954605,0.002023325301706791,0.022940414026379585,7.816605318566872e-08,0.0082481000572443,0.00026695747510530055,0.31888729333877563,0.5859431624412537,0.023139428347349167
C:\Projects\TM470\data\processed\test\Suillus\004_LMWP6X0bx7g.jpg,Suillus/004_LMWP6X0bx7g.jpg,Suillus,Lactarius,False,0.5672584772109985,0.0025594999970053,ResNet18_Corrected,test,0.0004088781715836376,0.0005340094794519246,0.006006707437336445,0.05302445590496063,0.00023209645587485284,3.078991994698299e-06,0.0007070477004162967,0.005536979995667934,0.5672584772109985,0.3247057795524597,0.04158247262239456
C:\Projects\TM470\data\processed\test\Suillus\005_4zrEN39EHeU.jpg,Suillus/005_4zrEN39EHeU.jpg,Suillus,Inocybe,False,0.5653494000434875,0.002510300000722,ResNet18_Corrected,test,0.0011577685363590717,0.01266634464263916,0.011824066750705242,0.08766918629407883,0.01244239043444395,0.0018540670862421393,0.007889827713370323,0.5653494000434875,0.19819031655788422,0.002974290633574128,0.09798238426446915
C:\Projects\TM470\data\processed\test\Suillus\006_8Su_kJ43Mho.jpg,Suillus/006_8Su_kJ43Mho.jpg,Suillus,Boletus,False,0.3665800094604492,0.0025733000002219,ResNet18_Corrected,test,0.0019722951110452414,0.03406890854239464,0.3665800094604492,0.10037440061569214,0.001259227399714291,0.0006101104663684964,0.01445330772548914,0.08209966868162155,0.2166851907968521,0.08799510449171066,0.09390173107385635
C:\Projects\TM470\data\processed\test\Suillus\013_SzBeuYLeWzY.jpg,Suillus/013_SzBeuYLeWzY.jpg,Suillus,Lactarius,False,0.7471849322319031,0.0026581000056467,ResNet18_Corrected,test,0.00011046741565223783,7.161641406128183e-05,4.6455301344394684e-05,0.01132475771009922,0.00010266975732520223,1.3149856203931165e-10,0.0005444606649689376,4.3730498873628676e-05,0.7471849322319031,0.09340439736843109,0.14716649055480957
C:\Projects\TM470\data\processed\test\Suillus\020_qW3wRprNQuU.jpg,Suillus/020_qW3wRprNQuU.jpg,Suillus,Suillus,True,0.4540832042694092,0.0025898999956552,ResNet18_Corrected,test,0.011665934696793556,0.027756258845329285,0.0018164435168728232,0.024939341470599174,0.008631748147308826,4.42644814029336e-05,0.016186103224754333,0.17633987963199615,0.2593795657157898,0.019157202914357185,0.4540832042694092
C:\Projects\TM470\data\processed\test\Suillus\024_b9YCAgUxfLc.jpg,Suillus/024_b9YCAgUxfLc.jpg,Suillus,Inocybe,False,0.4621579647064209,0.0025526999961584,ResNet18_Corrected,test,0.0003852846275549382,0.0007277587428689003,0.005180602893233299,0.050878215581178665,0.0001040083370753564,4.721754066849826e-06,2.682274680410046e-05,0.4621579647064209,0.10516981780529022,0.009177991189062595,0.3661867678165436
C:\Projects\TM470\data\processed\test\Suillus\035_GGH3qG0fqcg.jpg,Suillus/035_GGH3qG0fqcg.jpg,Suillus,Entoloma,False,0.21261543035507202,0.0026969000027747,ResNet18_Corrected,test,0.09768186509609222,0.06017483398318291,0.03559024631977081,0.05562472343444824,0.21261543035507202,0.03083670698106289,0.036975111812353134,0.0997195839881897,0.10847027599811554,0.19414755702018738,0.06816371530294418
C:\Projects\TM470\data\processed\test\Suillus\042_S8g3kuvZPb4.jpg,Suillus/042_S8g3kuvZPb4.jpg,Suillus,Suillus,True,0.5092321038246155,0.0026052000030176,ResNet18_Corrected,test,0.0024166905786842108,0.0015405454905703664,0.03420957177877426,0.003882497316226363,0.0012858088593930006,7.719224868196761e-07,0.00029581954004243016,0.08385993540287018,0.316150963306427,0.04712531715631485,0.5092321038246155
C:\Projects\TM470\data\processed\test\Suillus\053_pR_9bsx0WUU.jpg,Suillus/053_pR_9bsx0WUU.jpg,Suillus,Suillus,True,0.3289237320423126,0.0026102999981958,ResNet18_Corrected,test,0.002144122961908579,0.010005396790802479,0.0017815837636590004,0.2695881128311157,0.006893869489431381,2.5705683583510108e-05,0.02132359705865383,0.2129405289888382,0.1381174772977829,0.008255846798419952,0.3289237320423126
C:\Projects\TM470\data\processed\test\Suillus\057_QjMKHaEMZBI.jpg,Suillus/057_QjMKHaEMZBI.jpg,Suillus,Lactarius,False,0.8636285662651062,0.0026637000046321,ResNet18_Corrected,test,3.7919740861980245e-05,0.0008582571754232049,0.0004085511318407953,0.014555243775248528,0.00017985800513997674,6.177965587994549e-06,0.003227830398827791,0.014983851462602615,0.8636285662651062,0.014854292385280132,0.08725947886705399
C:\Projects\TM470\data\processed\test\Suillus\059_JRPx07CUp9I.jpg,Suillus/059_JRPx07CUp9I.jpg,Suillus,Lactarius,False,0.3968028128147125,0.0025663999986136,ResNet18_Corrected,test,0.00012774646165780723,0.04168893024325371,0.0027362487744539976,0.0505501814186573,0.0009584864601492882,4.662646233555279e-07,0.0402272567152977,0.022099891677498817,0.3968028128147125,0.05412928760051727,0.3906787037849426
C:\Projects\TM470\data\processed\test\Suillus\060_HFmPuFBK7f4.jpg,Suillus/060_HFmPuFBK7f4.jpg,Suillus,Russula,False,0.77126544713974,0.0026008999993791,ResNet18_Corrected,test,0.0052232141606509686,0.0036776193883270025,0.01983771286904812,0.007172890938818455,0.003843216458335519,2.5125336833298206e-07,0.011857599951326847,0.0002419106021989137,0.13583600521087646,0.77126544713974,0.04104408621788025
C:\Projects\TM470\data\processed\test\Suillus\063_DU3VJmB-I14.jpg,Suillus/063_DU3VJmB-I14.jpg,Suillus,Lactarius,False,0.9036952257156372,0.002640099999553,ResNet18_Corrected,test,9.669341670814902e-05,0.0010831959079951048,0.0004185092693660408,0.00464942492544651,0.0005336649483069777,2.8994623590961055e-08,0.0031083549838513136,0.0002480827097315341,0.9036952257156372,0.06606150418519974,0.020105235278606415
C:\Projects\TM470\data\processed\test\Suillus\066_uFngOMLuPrE.jpg,Suillus/066_uFngOMLuPrE.jpg,Suillus,Suillus,True,0.2973063886165619,0.0026635000031092,ResNet18_Corrected,test,0.0008000580128282309,0.0023657598067075014,0.0009180818451568484,0.2678385376930237,0.0010546102421358228,4.3349085899535567e-05,0.022519612684845924,0.19205787777900696,0.18249347805976868,0.03260223940014839,0.2973063886165619
C:\Projects\TM470\data\processed\test\Suillus\071_pDklNEHcmB8.jpg,Suillus/071_pDklNEHcmB8.jpg,Suillus,Hygrocybe,False,0.2109769731760025,0.0026128999961656,ResNet18_Corrected,test,0.0008493218338117003,0.12473295629024506,0.03071122244000435,0.17958928644657135,0.0012671317672356963,0.0005853569600731134,0.2109769731760025,0.15269312262535095,0.0613870806992054,0.04629334807395935,0.19091421365737915
C:\Projects\TM470\data\processed\test\Suillus\072_qfIXcNPk1eM.jpg,Suillus/072_qfIXcNPk1eM.jpg,Suillus,Inocybe,False,0.4024917781352997,0.0027048999982071,ResNet18_Corrected,test,0.009062804281711578,0.04113691672682762,0.05041744187474251,0.09972073137760162,0.012507861480116844,0.0057187448255717754,0.06432417780160904,0.4024917781352997,0.09430211782455444,0.033345405012369156,0.186971977353096
C:\Projects\TM470\data\processed\test\Suillus\076_eqA9_q6_9JU.jpg,Suillus/076_eqA9_q6_9JU.jpg,Suillus,Russula,False,0.4670153260231018,0.002561199995398,ResNet18_Corrected,test,0.0031174374744296074,0.04914892837405205,0.012634276412427425,0.07829024642705917,0.00026793492725118995,3.5893169751943788e-06,0.009572927840054035,0.007227854337543249,0.20961815118789673,0.4670153260231018,0.16310331225395203
C:\Projects\TM470\data\processed\test\Suillus\103_jpMZm4FpWNQ.jpg,Suillus/103_jpMZm4FpWNQ.jpg,Suillus,Suillus,True,0.7210766077041626,0.0025565999967511,ResNet18_Corrected,test,1.5415236703120172e-05,0.008780649863183498,0.013255445286631584,0.13765157759189606,1.1716919289028738e-05,2.1974724404572044e-06,0.006264765281230211,0.02282794937491417,0.08636972308158875,0.0037439512088894844,0.7210766077041626
C:\Projects\TM470\data\processed\test\Suillus\105_ywBhq3G8x-g.jpg,Suillus/105_ywBhq3G8x-g.jpg,Suillus,Lactarius,False,0.7609028220176697,0.0025261000046157,ResNet18_Corrected,test,1.8818116586771794e-05,0.007646501995623112,0.00017776926688384265,0.0063467551954090595,5.58303581783548e-05,1.5015376675364678e-07,0.0063844602555036545,0.009209545329213142,0.7609028220176697,0.022299528121948242,0.18695786595344543
C:\Projects\TM470\data\processed\test\Suillus\109_BXGWNC8c4aw.jpg,Suillus/109_BXGWNC8c4aw.jpg,Suillus,Lactarius,False,0.45331668853759766,0.0026069000014103,ResNet18_Corrected,test,0.004294745158404112,0.00845279823988676,0.16954679787158966,0.012440585531294346,0.0030159654561430216,0.0027035828679800034,0.001056326786056161,0.1888667643070221,0.45331668853759766,0.06989029794931412,0.08641544729471207
C:\Projects\TM470\data\processed\test\Suillus\110_GXWZjkiIn3U.jpg,Suillus/110_GXWZjkiIn3U.jpg,Suillus,Lactarius,False,0.5450494289398193,0.0025366000045323,ResNet18_Corrected,test,0.00045984843745827675,0.00011597695993259549,0.0027367158327251673,0.008052066899836063,8.728707325644791e-05,4.086981789441779e-06,0.00011050399916712195,0.24724087119102478,0.5450494289398193,0.009511256590485573,0.1866319328546524
C:\Projects\TM470\data\processed\test\Suillus\123_CK6TqHiLN8s.jpg,Suillus/123_CK6TqHiLN8s.jpg,Suillus,Suillus,True,0.34584346413612366,0.0027486000035423,ResNet18_Corrected,test,0.000439274386735633,0.0007298454875126481,0.013996518217027187,0.12535236775875092,0.00012559187598526478,2.2728274018390948e-07,0.0003671939775813371,0.0017177913105115294,0.3074038028717041,0.20402389764785767,0.34584346413612366
C:\Projects\TM470\data\processed\test\Suillus\124_A3Rr6EGcEuc.jpg,Suillus/124_A3Rr6EGcEuc.jpg,Suillus,Suillus,True,0.6505407691001892,0.0044350999960443,ResNet18_Corrected,test,0.1317414790391922,0.005541787948459387,0.04801007732748985,0.044936299324035645,0.006073779426515102,3.216580580556183e-06,0.0001457312173442915,0.0342588871717453,0.07273221760988235,0.006015863735228777,0.6505407691001892
C:\Projects\TM470\data\processed\test\Suillus\135_jpc6hxtvXcY.jpg,Suillus/135_jpc6hxtvXcY.jpg,Suillus,Inocybe,False,0.3393983244895935,0.0047418000031029,ResNet18_Corrected,test,0.01615360751748085,0.3128564953804016,0.01429971307516098,0.02751144766807556,0.06636304408311844,0.018482884392142296,0.04023854061961174,0.3393983244895935,0.08501877635717392,0.006505903787910938,0.07317125052213669
C:\Projects\TM470\data\processed\test\Suillus\140_AElK4TLjpHw.jpg,Suillus/140_AElK4TLjpHw.jpg,Suillus,Lactarius,False,0.39706161618232727,0.0044080000006943,ResNet18_Corrected,test,0.024809837341308594,0.045573677867650986,0.15544375777244568,0.005720844957977533,0.026769816875457764,0.0003478236903902143,0.0018803905695676804,0.011892050504684448,0.39706161618232727,0.275913268327713,0.05458691343665123
C:\Projects\TM470\data\processed\test\Suillus\143_4I78Lp4NctA.jpg,Suillus/143_4I78Lp4NctA.jpg,Suillus,Inocybe,False,0.5364205837249756,0.004139100004977,ResNet18_Corrected,test,0.0003033852844964713,0.017682813107967377,0.0038565059658139944,0.10957279056310654,0.004596654325723648,0.0018756237113848329,0.2112988829612732,0.5364205837249756,0.04855435714125633,0.0017288713715970516,0.06410960108041763
C:\Projects\TM470\data\processed\test\Suillus\150_jLg9QQo1nOg.jpg,Suillus/150_jLg9QQo1nOg.jpg,Suillus,Lactarius,False,0.4611191749572754,0.0040899000014178,ResNet18_Corrected,test,0.013440025970339775,0.031151574105024338,0.000208052690140903,0.001178396982140839,0.10798098891973495,8.226037948588782e-07,0.004448712337762117,0.00032836600439623,0.4611191749572754,0.36887818574905396,0.011265715584158897
C:\Projects\TM470\data\processed\test\Suillus\152_uGhPmWPTFe8.jpg,Suillus/152_uGhPmWPTFe8.jpg,Suillus,Inocybe,False,0.30727043747901917,0.0040619999999762,ResNet18_Corrected,test,0.02941565401852131,0.20001617074012756,0.04132815822958946,0.02073005959391594,0.002800100715830922,0.000209787831408903,0.0006557621527463198,0.30727043747901917,0.1359120011329651,0.18509338796138763,0.07656850665807724
C:\Projects\TM470\data\processed\test\Suillus\153_iWtEXcs9CUw.jpg,Suillus/153_iWtEXcs9CUw.jpg,Suillus,Lactarius,False,0.5251114964485168,0.0040703000049688,ResNet18_Corrected,test,0.004243882838636637,0.009039985947310925,0.0010165892308577895,0.0018842698773369193,0.008551454171538353,3.167017439409392e-06,0.0027917411644011736,0.00099105981644243,0.5251114964485168,0.43719425797462463,0.009172042831778526
C:\Projects\TM470\data\processed\test\Suillus\159_8OhWm5aBdYo.jpg,Suillus/159_8OhWm5aBdYo.jpg,Suillus,Russula,False,0.655316174030304,0.0042739999989862,ResNet18_Corrected,test,0.003617225680500269,0.008412692695856094,0.2714719772338867,0.0034559089690446854,0.0001245351741090417,1.9360880898489086e-08,4.138698204769753e-05,0.0005635728011839092,0.0288443211466074,0.655316174030304,0.028152158483862877
C:\Projects\TM470\data\processed\test\Suillus\174_G_tZXZc2BS8.jpg,Suillus/174_G_tZXZc2BS8.jpg,Suillus,Russula,False,0.41308629512786865,0.0042360000006738,ResNet18_Corrected,test,0.04140149801969528,0.003795936470851302,0.0006839701090939343,0.16637666523456573,0.0016611020546406507,0.0006120242760516703,0.0009350915206596255,0.20661205053329468,0.1415831595659256,0.41308629512786865,0.02325216494500637
C:\Projects\TM470\data\processed\test\Suillus\186_Zx-rs9g1O2M.jpg,Suillus/186_Zx-rs9g1O2M.jpg,Suillus,Boletus,False,0.31773683428764343,0.0043095000000903,ResNet18_Corrected,test,0.0008246387005783617,0.029315607622265816,0.31773683428764343,0.09726309776306152,0.00597503874450922,0.0005998418782837689,0.041305094957351685,0.10968782752752304,0.21230988204479218,0.010553780943155289,0.1744283139705658
C:\Projects\TM470\data\processed\test\Suillus\187_rbfGR0jzf1M.jpg,Suillus/187_rbfGR0jzf1M.jpg,Suillus,Suillus,True,0.4378657341003418,0.0041292999958386,ResNet18_Corrected,test,0.00036563194589689374,0.0003772872732952237,0.004173561930656433,0.14425241947174072,2.6775329388328828e-05,0.00011483963317004964,0.00011957385868299752,0.3152925670146942,0.09580554068088531,0.0016060390044003725,0.4378657341003418
C:\Projects\TM470\data\processed\test\Suillus\195_4bcpABEJmZ0.jpg,Suillus/195_4bcpABEJmZ0.jpg,Suillus,Cortinarius,False,0.3706740438938141,0.0044868999975733,ResNet18_Corrected,test,9.649955609347671e-05,0.007777530234307051,0.004780633840709925,0.3706740438938141,0.0007570777088403702,5.961092483630637e-06,0.2682671844959259,0.003130692755803466,0.12322119623422623,0.04904910549521446,0.17224003374576569
C:\Projects\TM470\data\processed\test\Suillus\197_0xmjWv0BbOU.jpg,Suillus/197_0xmjWv0BbOU.jpg,Suillus,Lactarius,False,0.5314428210258484,0.0045264000000315,ResNet18_Corrected,test,0.0043097445741295815,0.02380531094968319,0.025157049298286438,0.004297057166695595,0.0004517858033068478,1.6073383335424296e-07,0.0010835235007107258,0.003982205875217915,0.5314428210258484,0.267276406288147,0.13819396495819092
C:\Projects\TM470\data\processed\test\Suillus\209_7dBOxsmYgEg.jpg,Suillus/209_7dBOxsmYgEg.jpg,Suillus,Boletus,False,0.8535977602005005,0.0042510000057518,ResNet18_Corrected,test,0.0005484492867253721,0.005826651118695736,0.8535977602005005,0.010152546688914299,3.411051011426025e-06,4.9938178037223224e-09,0.00011932660709135234,0.00020390143617987633,0.0129348523914814,0.0012488886713981628,0.1153641790151596
C:\Projects\TM470\data\processed\test\Suillus\217_ZAXchPHjhcE.jpg,Suillus/217_ZAXchPHjhcE.jpg,Suillus,Suillus,True,0.45431679487228394,0.0041012000001501,ResNet18_Corrected,test,7.194970385171473e-05,0.004012980964034796,0.0006189219420775771,0.087100550532341,0.00010877205932047218,1.730927010612504e-06,0.006476947572082281,0.036431171000003815,0.4020015597343445,0.00885866954922676,0.45431679487228394
C:\Projects\TM470\data\processed\test\Suillus\228_LjjB-u2A1pU.jpg,Suillus/228_LjjB-u2A1pU.jpg,Suillus,Boletus,False,0.47028258442878723,0.0042886000010184,ResNet18_Corrected,test,0.0016078455373644829,0.005352097097784281,0.47028258442878723,0.07125136256217957,0.00045479199616238475,8.48140814468934e-07,0.007187915500253439,0.00667785108089447,0.03915748745203018,0.002570191165432334,0.395456999540329
C:\Projects\TM470\data\processed\test\Suillus\239_pLvnF05ewak.jpg,Suillus/239_pLvnF05ewak.jpg,Suillus,Boletus,False,0.4738646149635315,0.0043672999963746,ResNet18_Corrected,test,0.0033536655828356743,0.12374182045459747,0.4738646149635315,0.032778844237327576,0.029506096616387367,0.01420649141073227,0.025913836434483528,0.17715536057949066,0.03812745213508606,0.014782249927520752,0.06656958162784576
C:\Projects\TM470\data\processed\test\Suillus\246_dDYtt6MpmiI.jpg,Suillus/246_dDYtt6MpmiI.jpg,Suillus,Boletus,False,0.9189375638961792,0.0042667000016081,ResNet18_Corrected,test,0.0023959872778505087,0.01519033033400774,0.9189375638961792,0.005004906095564365,0.002120797522366047,4.057862668105372e-07,0.0024309579748660326,0.0004373461124487221,0.016665639355778694,0.00934328231960535,0.027472764253616333
C:\Projects\TM470\data\processed\test\Suillus\255_9-ELp1gnP9Q.jpg,Suillus/255_9-ELp1gnP9Q.jpg,Suillus,Lactarius,False,0.6205636262893677,0.0042892000055871,ResNet18_Corrected,test,0.014329072088003159,0.007959961891174316,0.031392067670822144,0.027953820303082466,0.004405350890010595,5.238474841462448e-06,0.0022477060556411743,0.018084881827235222,0.6205636262893677,0.03960799798369408,0.23345030844211578
C:\Projects\TM470\data\processed\test\Suillus\286_3SyGqemn_aQ.jpg,Suillus/286_3SyGqemn_aQ.jpg,Suillus,Lactarius,False,0.5664642453193665,0.0042151000016019,ResNet18_Corrected,test,0.0036613671109080315,0.019158080220222473,0.039589427411556244,0.039123330265283585,0.015645181760191917,2.946742097265087e-05,0.005203519016504288,0.015950335189700127,0.5664642453193665,0.1979047656059265,0.09727032482624054
C:\Projects\TM470\data\processed\test\Suillus\287_uBlS4Qgx1HQ.jpg,Suillus/287_uBlS4Qgx1HQ.jpg,Suillus,Lactarius,False,0.30317047238349915,0.0043187999981455,ResNet18_Corrected,test,0.002926364541053772,0.0004833968123421073,0.19349345564842224,0.25332218408584595,0.0008584169554524124,2.111437652274617e-06,0.00030541117303073406,0.0023807529360055923,0.30317047238349915,0.20537684857845306,0.03768061101436615
C:\Projects\TM470\data\processed\test\Suillus\289_BYUT_xNeNAg.jpg,Suillus/289_BYUT_xNeNAg.jpg,Suillus,Russula,False,0.5488213300704956,0.0042165999984717,ResNet18_Corrected,test,0.0006886620540171862,0.008624291978776455,0.010272438637912273,0.03564273193478584,9.151807171292603e-05,3.9104666029743385e-06,0.00013476308959070593,0.0770900771021843,0.1504804641008377,0.5488213300704956,0.16814985871315002
C:\Projects\TM470\data\processed\test\Suillus\293_zL8A0olEfaA.jpg,Suillus/293_zL8A0olEfaA.jpg,Suillus,Lactarius,False,0.7578371167182922,0.004084000000148,ResNet18_Corrected,test,0.0038962147664278746,0.002032214542850852,0.001313236658461392,0.05987565591931343,0.026403723284602165,0.004228748381137848,0.02707558125257492,0.02966490387916565,0.7578371167182922,0.07427563518285751,0.013396859169006348
C:\Projects\TM470\data\processed\test\Suillus\294_BX6ekzpPLto.jpg,Suillus/294_BX6ekzpPLto.jpg,Suillus,Inocybe,False,0.6069551110267639,0.0040700000026845,ResNet18_Corrected,test,0.002899670507758856,0.01484421081840992,0.0026341816410422325,0.08334694057703018,0.0017523836577311158,0.0005905832513235509,0.013426337391138077,0.6069551110267639,0.08093200623989105,0.002898050704970956,0.18972048163414001
C:\Projects\TM470\data\processed\test\Suillus\302_C8yj39nTbnM.jpg,Suillus/302_C8yj39nTbnM.jpg,Suillus,Lactarius,False,0.31959494948387146,0.0042878999956883,ResNet18_Corrected,test,0.0010096592595800757,0.02509637363255024,0.008402541279792786,0.07084500044584274,0.0031267721205949783,1.1589851055759937e-05,0.09856906533241272,0.16988375782966614,0.31959494948387146,0.013786251656711102,0.2896740734577179
C:\Projects\TM470\data\processed\test\Suillus\324_nslhbQyQ1Gk.jpg,Suillus/324_nslhbQyQ1Gk.jpg,Suillus,Lactarius,False,0.27166345715522766,0.0041638000038801,ResNet18_Corrected,test,0.00029042307869531214,0.001770746079273522,0.25928837060928345,0.08294803649187088,0.0003296993672847748,1.3946517356089316e-05,0.01761987805366516,0.03579622507095337,0.27166345715522766,0.17543776333332062,0.15484145283699036
