image_path,relative_image_path,true_label,predicted_label,correct,confidence,inference_time_sec,model_name,split,prob_Agaricus,prob_Amanita,prob_Boletus,prob_Cortinarius,prob_Entoloma,prob_Exidia,prob_Hygrocybe,prob_Inocybe,prob_Lactarius,prob_Russula,prob_Suillus
C:\Projects\TM470\data\processed\test\Agaricus\003_4AurAO4Jil8.jpg,Agaricus/003_4AurAO4Jil8.jpg,Agaricus,Russula,False,0.35409677028656006,0.0357449000002816,ResNet18,test,0.35372695326805115,0.13131096959114075,0.014387533068656921,0.0017846397822722793,0.0160889383405447,6.832624876551563e-06,0.004079597536474466,0.00856613740324974,0.11404290795326233,0.35409677028656006,0.0019087301334366202
C:\Projects\TM470\data\processed\test\Agaricus\014_DU4RE5bim5A.jpg,Agaricus/014_DU4RE5bim5A.jpg,Agaricus,Agaricus,True,0.24102790653705597,0.0081948000006377,ResNet18,test,0.24102790653705597,0.05964016541838646,0.01900569535791874,0.038502104580402374,0.17316076159477234,0.003731598611921072,0.016693376004695892,0.021966248750686646,0.22477681934833527,0.18706145882606506,0.014433841221034527
C:\Projects\TM470\data\processed\test\Agaricus\016_qNYODERZEms.jpg,Agaricus/016_qNYODERZEms.jpg,Agaricus,Russula,False,0.5223744511604309,0.0083397999987937,ResNet18,test,0.2390049695968628,0.04514715448021889,0.0206392090767622,0.0033067071344703436,0.02933252416551113,3.8948855944909155e-06,0.005877494812011719,0.00013315682008396834,0.12424536794424057,0.5223744511604309,0.009935024194419384
C:\Projects\TM470\data\processed\test\Agaricus\019_aaTsKm7exKE.jpg,Agaricus/019_aaTsKm7exKE.jpg,Agaricus,Agaricus,True,0.5779199004173279,0.0071023999917088,ResNet18,test,0.5779199004173279,0.049814727157354355,0.042340658605098724,0.029259666800498962,0.05089086294174194,6.518376903841272e-05,0.013454106636345387,0.004201255738735199,0.11463228613138199,0.09592583775520325,0.021495427936315536
C:\Projects\TM470\data\processed\test\Agaricus\020_vZJfrjIwmqU.jpg,Agaricus/020_vZJfrjIwmqU.jpg,Agaricus,Russula,False,0.392067015171051,0.006714599992847,ResNet18,test,0.1977245807647705,0.09706199169158936,0.05170513316988945,0.040657028555870056,0.022646157070994377,0.002546540694311261,0.005576430819928646,0.0094021987169981,0.14316526055335999,0.392067015171051,0.037447623908519745
C:\Projects\TM470\data\processed\test\Agaricus\029_ZksYQQBGVIg.jpg,Agaricus/029_ZksYQQBGVIg.jpg,Agaricus,Agaricus,True,0.4008476734161377,0.0082947999908356,ResNet18,test,0.4008476734161377,0.14209911227226257,0.015482580289244652,0.022017810493707657,0.010617546737194061,4.8115266508830246e-06,0.00834529660642147,0.00013775669503957033,0.06649990379810333,0.3266678750514984,0.007279670797288418
C:\Projects\TM470\data\processed\test\Agaricus\048_iC9glWRw_EM.jpg,Agaricus/048_iC9glWRw_EM.jpg,Agaricus,Agaricus,True,0.7816476225852966,0.0065820000017993,ResNet18,test,0.7816476225852966,0.09478555619716644,0.008628848940134048,0.0033892514184117317,0.014764777384698391,9.013101589516737e-07,0.0030346927233040333,7.224529690574855e-05,0.03755988925695419,0.05056256055831909,0.005553661845624447
C:\Projects\TM470\data\processed\test\Agaricus\052_z7PpmpKIPU4.jpg,Agaricus/052_z7PpmpKIPU4.jpg,Agaricus,Agaricus,True,0.583445131778717,0.0084633999940706,ResNet18,test,0.583445131778717,0.04280967265367508,0.014150205068290234,0.0016200673999264836,0.000859817024320364,6.868950919169947e-08,0.002144507598131895,0.0005493919597938657,0.03651830554008484,0.31370893120765686,0.004193863365799189
C:\Projects\TM470\data\processed\test\Agaricus\055_Cggc3hvlPfg.jpg,Agaricus/055_Cggc3hvlPfg.jpg,Agaricus,Agaricus,True,0.5883346796035767,0.0080065999936778,ResNet18,test,0.5883346796035767,0.05833638459444046,0.03311106562614441,0.001166611909866333,0.0007447804673574865,2.7861613460800072e-08,0.0016364877810701728,0.00035324390046298504,0.13569071888923645,0.16793256998062134,0.012693360447883606
C:\Projects\TM470\data\processed\test\Agaricus\057_n1EFvW3JrYo.jpg,Agaricus/057_n1EFvW3JrYo.jpg,Agaricus,Cortinarius,False,0.30431705713272095,0.0071815999981481,ResNet18,test,0.07840696722269058,0.01705867052078247,0.01582937128841877,0.30431705713272095,0.011374901048839092,0.21226264536380768,0.003907823469489813,0.18618346750736237,0.05040835589170456,0.11592064797878265,0.00433003157377243
C:\Projects\TM470\data\processed\test\Agaricus\063_Fa4IMCTXq04.jpg,Agaricus/063_Fa4IMCTXq04.jpg,Agaricus,Agaricus,True,0.5618478655815125,0.0077972999861231,ResNet18,test,0.5618478655815125,0.09301866590976715,0.005921141244471073,0.013358508236706257,0.006897562183439732,8.279189387394581e-06,0.006579977460205555,0.13128912448883057,0.04228594899177551,0.12587398290634155,0.0129189882427454
C:\Projects\TM470\data\processed\test\Agaricus\069_W-jISbXJon8.jpg,Agaricus/069_W-jISbXJon8.jpg,Agaricus,Suillus,False,0.23137669265270233,0.0067052000085823,ResNet18,test,0.16847869753837585,0.12525203824043274,0.011100145988166332,0.024678148329257965,0.054597754031419754,0.000127061503008008,0.013967753387987614,0.1566597819328308,0.16254714131355286,0.05121476203203201,0.23137669265270233
C:\Projects\TM470\data\processed\test\Agaricus\075_osC0agHm9UY.jpg,Agaricus/075_osC0agHm9UY.jpg,Agaricus,Russula,False,0.5908844470977783,0.006686400010949,ResNet18,test,0.14332157373428345,0.17111359536647797,0.04119556024670601,0.008423889055848122,0.000523807480931282,2.9036871183052426e-06,0.0002084022999042645,0.009549126960337162,0.024670442566275597,0.5908844470977783,0.010106305591762066
C:\Projects\TM470\data\processed\test\Agaricus\083_mx9HfmWGwWo.jpg,Agaricus/083_mx9HfmWGwWo.jpg,Agaricus,Russula,False,0.6543099284172058,0.0087444000091636,ResNet18,test,0.14337827265262604,0.06588761508464813,0.0042445543222129345,0.004719802178442478,0.009139316156506538,1.0903520887950435e-05,0.003431369084864855,0.018461361527442932,0.08999446034431458,0.6543099284172058,0.006422344595193863
C:\Projects\TM470\data\processed\test\Agaricus\091_3BEGnmvAiRw.jpg,Agaricus/091_3BEGnmvAiRw.jpg,Agaricus,Inocybe,False,0.30584368109703064,0.007103800002369,ResNet18,test,0.014312188141047955,0.055238187313079834,0.04775366932153702,0.06285172700881958,0.050710856914520264,0.22814437747001648,0.014750600792467594,0.30584368109703064,0.0907810777425766,0.11398980766534805,0.015623810701072216
C:\Projects\TM470\data\processed\test\Agaricus\093_Bz-kiIMN6EA.jpg,Agaricus/093_Bz-kiIMN6EA.jpg,Agaricus,Entoloma,False,0.45474252104759216,0.0080592000012984,ResNet18,test,0.0659516453742981,0.036147765815258026,0.007873042486608028,0.021106814965605736,0.45474252104759216,0.004660918843001127,0.0063665579073131084,0.0023946089204400778,0.3372884690761566,0.061379365622997284,0.0020882454700767994
C:\Projects\TM470\data\processed\test\Agaricus\115_Jd1nw0g-Z5c.jpg,Agaricus/115_Jd1nw0g-Z5c.jpg,Agaricus,Lactarius,False,0.5201786756515503,0.0066556999954627,ResNet18,test,0.003123035654425621,0.0013694018125534058,0.03520708531141281,0.023327980190515518,0.000937514821998775,1.139952985340642e-07,0.0029869498685002327,0.0038933432660996914,0.5201786756515503,0.3779166340827942,0.031059227883815765
C:\Projects\TM470\data\processed\test\Agaricus\127_5z4-vDJFDS8.jpg,Agaricus/127_5z4-vDJFDS8.jpg,Agaricus,Russula,False,0.7269762754440308,0.0078645000030519,ResNet18,test,0.19612543284893036,0.02084469236433506,0.0010516804177314043,0.006811376661062241,0.004282103385776281,2.5396573164471192e-06,0.00668580224737525,0.0023090941831469536,0.03221099451184273,0.7269762754440308,0.0027001092676073313
C:\Projects\TM470\data\processed\test\Agaricus\128_iITC2t8k-ao.jpg,Agaricus/128_iITC2t8k-ao.jpg,Agaricus,Russula,False,0.6914541125297546,0.006701599995722,ResNet18,test,0.04071684181690216,0.013594998978078365,0.23230482637882233,0.006322662346065044,0.00013094377936795354,5.1787928612156975e-08,0.0003639374626800418,0.00022796787379775196,0.01273118145763874,0.6914541125297546,0.0021525095216929913
C:\Projects\TM470\data\processed\test\Agaricus\129_E1FD01dZMiw.jpg,Agaricus/129_E1FD01dZMiw.jpg,Agaricus,Russula,False,0.9923521876335144,0.0080445999919902,ResNet18,test,0.0017603386659175158,0.00045713389408774674,0.0001000398478936404,9.114771819440648e-05,2.9757247830275446e-05,8.124219519345388e-09,2.054015021712985e-05,1.52886459545698e-05,0.005080655682832003,0.9923521876335144,9.288889850722626e-05
C:\Projects\TM470\data\processed\test\Agaricus\131_YrsaHYXAieo.jpg,Agaricus/131_YrsaHYXAieo.jpg,Agaricus,Russula,False,0.5840768218040466,0.0070907999906921,ResNet18,test,0.26704713702201843,0.0040313792414963245,0.0022520474158227444,0.053625233471393585,0.002098249504342675,5.310206233843928e-06,0.004483739845454693,0.006043405272066593,0.0711478739976883,0.5840768218040466,0.005188788753002882
C:\Projects\TM470\data\processed\test\Agaricus\141_099PmS-9Xww.jpg,Agaricus/141_099PmS-9Xww.jpg,Agaricus,Agaricus,True,0.46532902121543884,0.0061991999973542,ResNet18,test,0.46532902121543884,0.03128455579280853,0.17007653415203094,0.013632946647703648,0.0013277319958433509,4.015037484350614e-05,0.0015592939453199506,0.07516767084598541,0.11983224004507065,0.09969428926706314,0.022055622190237045
C:\Projects\TM470\data\processed\test\Agaricus\147_eDN4yYIkeAs.jpg,Agaricus/147_eDN4yYIkeAs.jpg,Agaricus,Russula,False,0.49377259612083435,0.0050674999947659,ResNet18,test,0.279326468706131,0.08085894584655762,0.0021191323176026344,0.006306988187134266,0.04882229119539261,8.422563041676767e-06,0.010996147058904171,0.0004462937649805099,0.07497697323560715,0.49377259612083435,0.002365782391279936
C:\Projects\TM470\data\processed\test\Agaricus\162_19HDdc3YjRs.jpg,Agaricus/162_19HDdc3YjRs.jpg,Agaricus,Russula,False,0.9870396256446838,0.0053141999960644,ResNet18,test,3.052120518987067e-05,9.181843779515475e-06,0.0006993597489781678,0.0005327733815647662,1.1610873116296716e-06,1.4047500940250757e-09,9.067963446796057e-07,1.0334199942008127e-05,0.011384719982743263,0.9870396256446838,0.00029133082716725767
C:\Projects\TM470\data\processed\test\Agaricus\169_qqgFJZ8Zt4g.jpg,Agaricus/169_qqgFJZ8Zt4g.jpg,Agaricus,Amanita,False,0.3848057985305786,0.0049853999953484,ResNet18,test,0.32451948523521423,0.3848057985305786,0.013370980508625507,0.024360312148928642,0.00785225722938776,0.00013099699572194368,0.002793814055621624,0.02942279540002346,0.035385265946388245,0.17255899310112,0.00479928171262145
C:\Projects\TM470\data\processed\test\Agaricus\171_wN-s2yo8YTs.jpg,Agaricus/171_wN-s2yo8YTs.jpg,Agaricus,Amanita,False,0.6696357727050781,0.0076762999960919,ResNet18,test,0.2078457921743393,0.6696357727050781,0.0001228177861776203,0.009165488183498383,0.043428633362054825,3.205001348760561e-06,0.015629615634679794,0.009917881339788437,0.010904879309237003,0.02661571465432644,0.006730149034410715
C:\Projects\TM470\data\processed\test\Agaricus\179_jfF8TJ9ZlvU.jpg,Agaricus/179_jfF8TJ9ZlvU.jpg,Agaricus,Russula,False,0.7375322580337524,0.0046020000008866,ResNet18,test,0.045162104070186615,0.015551440417766571,0.039555758237838745,0.0076452502980828285,0.007453583646565676,0.0008212067768909037,0.002535882405936718,0.03933834284543991,0.0987471416592598,0.7375322580337524,0.005657113157212734
C:\Projects\TM470\data\processed\test\Agaricus\206_W3JvSvV8oF8.jpg,Agaricus/206_W3JvSvV8oF8.jpg,Agaricus,Russula,False,0.5796172022819519,0.0056671999918762,ResNet18,test,0.13115949928760529,0.11899103224277496,0.07043755799531937,0.003147871233522892,0.006156579591333866,6.764774980183574e-07,0.0017231055535376072,0.002205026103183627,0.056421250104904175,0.5796172022819519,0.03014015406370163
C:\Projects\TM470\data\processed\test\Agaricus\211_2k-2vImOD5g.jpg,Agaricus/211_2k-2vImOD5g.jpg,Agaricus,Russula,False,0.6979800462722778,0.0048874000058276,ResNet18,test,0.12949898838996887,0.016229573637247086,0.008365214802324772,0.00662890262901783,0.0007783481269143522,2.4410544483544072e-06,0.002726262202486396,0.015440930612385273,0.09099230915307999,0.6979800462722778,0.031356990337371826
C:\Projects\TM470\data\processed\test\Agaricus\213_o8ynZBRKBSE.jpg,Agaricus/213_o8ynZBRKBSE.jpg,Agaricus,Inocybe,False,0.2124483436346054,0.0051256000006105,ResNet18,test,0.18517658114433289,0.10775761306285858,0.002321758307516575,0.08191591501235962,0.019307725131511688,0.004180258139967918,0.17034803330898285,0.2124483436346054,0.06886344403028488,0.11156386882066727,0.03611648082733154
C:\Projects\TM470\data\processed\test\Agaricus\226_0du5e8k_cCA.jpg,Agaricus/226_0du5e8k_cCA.jpg,Agaricus,Russula,False,0.4865896999835968,0.0045262999919941,ResNet18,test,0.11944348365068436,0.3439776301383972,0.00016611824685242027,0.023866958916187286,0.010637612082064152,9.347354534838814e-07,0.00465270085260272,0.0029955117497593164,0.005600214935839176,0.4865896999835968,0.0020691424142569304
C:\Projects\TM470\data\processed\test\Agaricus\228_2SjHadDRW6o.jpg,Agaricus/228_2SjHadDRW6o.jpg,Agaricus,Agaricus,True,0.5532734990119934,0.0045240000035846,ResNet18,test,0.5532734990119934,0.15206854045391083,0.0034295753575861454,0.014259659685194492,0.022799592465162277,1.3969464816909749e-05,0.0033247717656195164,0.0013627773150801659,0.05251102149486542,0.18103092908859253,0.015925748273730278
C:\Projects\TM470\data\processed\test\Agaricus\237_y2JGdND-zxI.jpg,Agaricus/237_y2JGdND-zxI.jpg,Agaricus,Boletus,False,0.5925986766815186,0.0045164999901317,ResNet18,test,0.08104187995195389,0.0024061514995992184,0.5925986766815186,0.008968506939709187,7.626246951986104e-05,8.179178223599592e-09,0.0001087344644474797,0.00034245059941895306,0.04175713285803795,0.2270146906375885,0.04568547382950783
C:\Projects\TM470\data\processed\test\Agaricus\238_I1p90MwfEEw.jpg,Agaricus/238_I1p90MwfEEw.jpg,Agaricus,Boletus,False,0.36135604977607727,0.0040929000097094,ResNet18,test,0.2951250374317169,0.03233308345079422,0.36135604977607727,0.02639707922935486,0.0004216361849103123,2.6381619591120398e-06,0.0003695404448080808,0.003673687344416976,0.04018794372677803,0.22295299172401428,0.017180373892188072
C:\Projects\TM470\data\processed\test\Agaricus\270_Js1q2S-fR_Y.jpg,Agaricus/270_Js1q2S-fR_Y.jpg,Agaricus,Amanita,False,0.556392252445221,0.0049740999966161,ResNet18,test,0.2135738879442215,0.556392252445221,0.04148028418421745,0.005403886549174786,0.00021685779211111367,0.00015205789532046765,0.0004555700288619846,0.012767701409757137,0.03602687641978264,0.1332128345966339,0.00031779357232153416
C:\Projects\TM470\data\processed\test\Agaricus\272_r-A9DMTwWoM.jpg,Agaricus/272_r-A9DMTwWoM.jpg,Agaricus,Russula,False,0.622349202632904,0.0048584999894956,ResNet18,test,0.13604554533958435,0.02646082639694214,0.10988854616880417,0.0018422396387904882,0.0007259308476932347,6.303589543676935e-06,0.00046933963312767446,0.01718943752348423,0.07005441188812256,0.622349202632904,0.01496823225170374
C:\Projects\TM470\data\processed\test\Agaricus\294_kPCOGW3Y_Ak.jpg,Agaricus/294_kPCOGW3Y_Ak.jpg,Agaricus,Russula,False,0.22432319819927216,0.0045629999949596,ResNet18,test,0.027463531121611595,0.11916134506464005,0.17570143938064575,0.02558346465229988,0.09923327714204788,0.015299857594072819,0.058895230293273926,0.037072207778692245,0.20747096836566925,0.22432319819927216,0.009795501828193665
C:\Projects\TM470\data\processed\test\Agaricus\300_VSw-oPLasfg.jpg,Agaricus/300_VSw-oPLasfg.jpg,Agaricus,Entoloma,False,0.34157896041870117,0.0046388000046135,ResNet18,test,0.07335066050291061,0.029339594766497612,0.014507682994008064,0.019998760893940926,0.34157896041870117,0.0017432781169191003,0.004035033285617828,0.004005206283181906,0.21465909481048584,0.2791454493999481,0.0176362507045269
C:\Projects\TM470\data\processed\test\Agaricus\323_5Es9oQ3LeGk.jpg,Agaricus/323_5Es9oQ3LeGk.jpg,Agaricus,Russula,False,0.2972598969936371,0.0041068999998969,ResNet18,test,0.0215024184435606,0.1076294481754303,4.8786354454932734e-05,0.08028093725442886,0.2773815393447876,1.3778085303783882e-06,0.13504286110401154,0.0022276458330452442,0.07079199701547623,0.2972598969936371,0.007833095267415047
C:\Projects\TM470\data\processed\test\Agaricus\349_Euf9XZEVTMc.jpg,Agaricus/349_Euf9XZEVTMc.jpg,Agaricus,Agaricus,True,0.321813702583313,0.0045889000030001,ResNet18,test,0.321813702583313,0.23875398933887482,0.0055620670318603516,0.02568839304149151,0.01986786536872387,8.890993922250345e-05,0.03981061652302742,0.037385400384664536,0.13379007577896118,0.16666342318058014,0.010575534775853157
C:\Projects\TM470\data\processed\test\Agaricus\354_VP-DWvLyI3w.jpg,Agaricus/354_VP-DWvLyI3w.jpg,Agaricus,Agaricus,True,0.30557939410209656,0.0044949000002816,ResNet18,test,0.30557939410209656,0.1232624351978302,0.01962200552225113,0.02492283470928669,0.16796109080314636,0.0004979154327884316,0.012703056447207928,0.014738431200385094,0.14280976355075836,0.1628127247095108,0.02509041130542755
C:\Projects\TM470\data\processed\test\Agaricus\357__w_XUQZMZEw.jpg,Agaricus/357__w_XUQZMZEw.jpg,Agaricus,Russula,False,0.8031514883041382,0.0043977000023005,ResNet18,test,0.11540605127811432,0.009345917962491512,0.0277982447296381,0.0061111291870474815,0.00436586095020175,5.133422860126302e-07,0.006267175078392029,0.00039413711056113243,0.022620949894189835,0.8031514883041382,0.004538556560873985
C:\Projects\TM470\data\processed\test\Agaricus\366_XEI1sAQds7w.jpg,Agaricus/366_XEI1sAQds7w.jpg,Agaricus,Agaricus,True,0.2944948971271515,0.0044303000031504,ResNet18,test,0.2944948971271515,0.02742305025458336,0.0019818684086203575,0.013410216197371483,0.27245205640792847,0.0001928191923070699,0.014538245275616646,0.00936975795775652,0.21462096273899078,0.1334049254655838,0.018111247569322586
C:\Projects\TM470\data\processed\test\Agaricus\374_Xap1L15Z8BM.jpg,Agaricus/374_Xap1L15Z8BM.jpg,Agaricus,Russula,False,0.5741468667984009,0.0043183999950997,ResNet18,test,0.16984158754348755,0.08182229101657867,0.023795487359166145,0.025136839598417282,0.0010799536248669028,8.48675867359816e-08,0.0015654725721105933,0.0039222100749611855,0.045027635991573334,0.5741468667984009,0.07366164028644562
C:\Projects\TM470\data\processed\test\Agaricus\384_T_p5cKpLpsc.jpg,Agaricus/384_T_p5cKpLpsc.jpg,Agaricus,Amanita,False,0.6030231714248657,0.005153899997822,ResNet18,test,0.08022786676883698,0.6030231714248657,2.53086764132604e-05,0.0012847481993958354,0.023971306160092354,3.1965300877345726e-06,0.02272995561361313,0.17095892131328583,0.011199229396879673,0.08008570224046707,0.0064906226471066475
C:\Projects\TM470\data\processed\test\Agaricus\385_iwfhPs4irjk.jpg,Agaricus/385_iwfhPs4irjk.jpg,Agaricus,Amanita,False,0.3503604829311371,0.0047038000047905,ResNet18,test,0.30025097727775574,0.3503604829311371,0.0007718279957771301,0.09018406271934509,0.00713562685996294,0.00012457507546059787,0.007749766577035189,0.11618462949991226,0.01969798281788826,0.06599189341068268,0.0415482260286808
C:\Projects\TM470\data\processed\test\Agaricus\391_N7A0y7CgOA0.jpg,Agaricus/391_N7A0y7CgOA0.jpg,Agaricus,Russula,False,0.3694725036621094,0.0048880999966058,ResNet18,test,0.062334898859262466,0.1156671792268753,0.032893672585487366,0.01859433762729168,0.1376907080411911,0.0020263809710741043,0.03245064243674278,0.005738021805882454,0.21247327327728271,0.3694725036621094,0.010658380575478077
C:\Projects\TM470\data\processed\test\Agaricus\392_QXsLZMnBIt0.jpg,Agaricus/392_QXsLZMnBIt0.jpg,Agaricus,Russula,False,0.2894524931907654,0.0048642000037943,ResNet18,test,0.170981764793396,0.15899288654327393,0.0034613620955497026,0.02426581084728241,0.1029515266418457,0.007072371896356344,0.007912459783256054,0.11240226030349731,0.12107723206281662,0.2894524931907654,0.001429830677807331
C:\Projects\TM470\data\processed\test\Agaricus\411_egeAEeL40Lc.jpg,Agaricus/411_egeAEeL40Lc.jpg,Agaricus,Russula,False,0.42364567518234253,0.0048568000056548,ResNet18,test,0.29221591353416443,0.09098841995000839,0.005041153635829687,0.0014622836606577039,0.013834427110850811,9.665343441156438e-07,0.02280811034142971,0.0019902498461306095,0.14195944368839264,0.42364567518234253,0.0060533746145665646
C:\Projects\TM470\data\processed\test\Agaricus\413_4LTr0R0Dk8o.jpg,Agaricus/413_4LTr0R0Dk8o.jpg,Agaricus,Russula,False,0.4769057333469391,0.004626099995221,ResNet18,test,0.0409674309194088,0.016115976497530937,0.03781285136938095,0.01848571002483368,0.02705361507833004,0.006092467345297337,0.009284673258662224,0.028455529361963272,0.33338630199432373,0.4769057333469391,0.005439795088022947
C:\Projects\TM470\data\processed\test\Agaricus\430_IpjdsyrmIzc.jpg,Agaricus/430_IpjdsyrmIzc.jpg,Agaricus,Entoloma,False,0.35002750158309937,0.0046328000025823,ResNet18,test,0.2202359288930893,0.06554190814495087,0.0008786013349890709,0.0024380048271268606,0.35002750158309937,2.019679641307448e-06,0.09745725989341736,0.0020266943611204624,0.13916978240013123,0.11889558285474777,0.0033267277758568525
C:\Projects\TM470\data\processed\test\Agaricus\433_XWxLl-zeNQ8.jpg,Agaricus/433_XWxLl-zeNQ8.jpg,Agaricus,Agaricus,True,0.43992823362350464,0.0044015000021317,ResNet18,test,0.43992823362350464,0.2567709684371948,0.039229318499565125,0.01547043863683939,0.045733943581581116,0.00028485467191785574,0.012277286499738693,0.011663160286843777,0.09673955291509628,0.0763104036450386,0.0055918521247804165
C:\Projects\TM470\data\processed\test\Agaricus\438_uTWjQsEXep4.jpg,Agaricus/438_uTWjQsEXep4.jpg,Agaricus,Amanita,False,0.3699173331260681,0.0036713000008603,ResNet18,test,0.17112386226654053,0.3699173331260681,0.004693049471825361,0.009054439142346382,0.04244707152247429,4.279108907212503e-05,0.010450398549437523,0.0492706298828125,0.16982999444007874,0.12310527265071869,0.05006514862179756
C:\Projects\TM470\data\processed\test\Agaricus\439_w5uD0w5wrXs.jpg,Agaricus/439_w5uD0w5wrXs.jpg,Agaricus,Amanita,False,0.3350470960140228,0.0039525000029243,ResNet18,test,0.295524537563324,0.3350470960140228,0.0054150414653122425,0.005537600722163916,0.04830973967909813,3.1228314583131578e-06,0.008864463306963444,0.003767103888094425,0.04766152426600456,0.23768427968025208,0.01218542642891407
C:\Projects\TM470\data\processed\test\Amanita\004_wIVV5id0aOg.jpg,Amanita/004_wIVV5id0aOg.jpg,Amanita,Amanita,True,0.9917009472846985,0.0043168999982299,ResNet18,test,0.0017910776659846306,0.9917009472846985,0.0028050560504198074,0.0005785645917057991,0.00022423513291869313,0.0009637793409638107,0.0001298134884564206,0.00042771175503730774,0.0006931247771717608,0.0006649962742812932,2.0777941244887188e-05
C:\Projects\TM470\data\processed\test\Amanita\010_Ji4N7IDyRKY.jpg,Amanita/010_Ji4N7IDyRKY.jpg,Amanita,Amanita,True,0.8467177748680115,0.003767299989704,ResNet18,test,0.0011276338482275605,0.8467177748680115,0.11177138239145279,0.0021871712524443865,0.0001556805509608239,8.775854354325929e-08,0.0007776371785439551,0.0002878684608731419,0.002338047605007887,0.02928098477423191,0.005355665925890207
C:\Projects\TM470\data\processed\test\Amanita\011_DoZoYI2vj20.jpg,Amanita/011_DoZoYI2vj20.jpg,Amanita,Amanita,True,0.8510453104972839,0.0049843000015243,ResNet18,test,0.00017935624055098742,0.8510453104972839,0.001407825038768351,0.0014089472824707627,0.0001708552590571344,1.3583330016331274e-08,0.025516625493764877,0.000187015175470151,0.0007794075645506382,0.11756723374128342,0.0017374902963638306
C:\Projects\TM470\data\processed\test\Amanita\026_8kxG9731_4w.jpg,Amanita/026_8kxG9731_4w.jpg,Amanita,Amanita,True,0.7164450287818909,0.0048563000018475,ResNet18,test,0.015179621987044811,0.7164450287818909,0.030523518100380898,0.011113828979432583,0.0002931796188931912,0.0001128820440499112,0.0005536730750463903,0.004980059806257486,0.008921707980334759,0.21003954112529755,0.001836901530623436
C:\Projects\TM470\data\processed\test\Amanita\027_i47VTXypFTE.jpg,Amanita/027_i47VTXypFTE.jpg,Amanita,Russula,False,0.5219449400901794,0.005157000006875,ResNet18,test,0.010552321560680866,0.05804722383618355,0.3413952589035034,0.046946413815021515,0.00015833217184990644,7.026429784673383e-07,5.565466562984511e-05,3.401669528102502e-05,0.010418527759611607,0.5219449400901794,0.010446594096720219
C:\Projects\TM470\data\processed\test\Amanita\038_VKaJLTO8zZU.jpg,Amanita/038_VKaJLTO8zZU.jpg,Amanita,Russula,False,0.8480509519577026,0.0046744999999646,ResNet18,test,0.002529927296563983,0.015512180514633656,0.0003480505256447941,0.001442000619135797,0.0022230749018490314,6.340779350466619e-07,0.007225663401186466,0.0006314997444860637,0.11336122453212738,0.8480509519577026,0.008674840442836285
C:\Projects\TM470\data\processed\test\Amanita\041_6n9nhA4C6K8.jpg,Amanita/041_6n9nhA4C6K8.jpg,Amanita,Amanita,True,0.6623037457466125,0.0044809999963035,ResNet18,test,0.03213481605052948,0.6623037457466125,0.02887232042849064,0.008811160922050476,0.06004498526453972,0.00021954761177767068,0.02665797248482704,0.03245137631893158,0.06918337941169739,0.05750194936990738,0.021818745881319046
C:\Projects\TM470\data\processed\test\Amanita\042_aqfiTPuiGHo.jpg,Amanita/042_aqfiTPuiGHo.jpg,Amanita,Amanita,True,0.5337172150611877,0.0043465000053402,ResNet18,test,0.0037249517627060413,0.5337172150611877,0.00037188499118201435,0.005837469361722469,0.030863674357533455,2.602364020276582e-06,0.3524381220340729,0.001706716837361455,0.011612695641815662,0.055932413786649704,0.0037922682240605354
C:\Projects\TM470\data\processed\test\Amanita\044_BvKKMmJ6Nfo.jpg,Amanita/044_BvKKMmJ6Nfo.jpg,Amanita,Amanita,True,0.7752686738967896,0.0049004999891621,ResNet18,test,0.000758117123041302,0.7752686738967896,0.0001798183802748099,0.0012848393525928259,5.9861165937036276e-05,2.964716028230896e-09,0.022656060755252838,1.9670173060148954e-05,0.001234995317645371,0.19429324567317963,0.0042447722516953945
C:\Projects\TM470\data\processed\test\Amanita\048_3CAOSWVxhe0.jpg,Amanita/048_3CAOSWVxhe0.jpg,Amanita,Amanita,True,0.7256792187690735,0.0037890000094193,ResNet18,test,0.002205802593380213,0.7256792187690735,0.00444644084200263,0.0049682012759149075,0.0002529334160499275,3.792651526168811e-09,0.0025898045860230923,9.023767051985487e-05,0.001991915749385953,0.2493518590927124,0.008423518389463425
C:\Projects\TM470\data\processed\test\Amanita\055_riJalDjBcnI.jpg,Amanita/055_riJalDjBcnI.jpg,Amanita,Amanita,True,0.9500815272331238,0.0037140999920666,ResNet18,test,0.0027838891837745905,0.9500815272331238,0.035774484276771545,0.0010807752842083573,0.0002449664752930403,5.2158238759147935e-06,0.0002360285579925403,0.00146952283103019,0.0014211246743798256,0.002517609391361475,0.004384854808449745
C:\Projects\TM470\data\processed\test\Amanita\075_3gL0KWhOrbs.jpg,Amanita/075_3gL0KWhOrbs.jpg,Amanita,Amanita,True,0.9616703391075134,0.0044429999979911,ResNet18,test,0.0013534242752939463,0.9616703391075134,0.01793891191482544,0.0010598542867228389,0.004120124503970146,0.00013031254638917744,0.0004395725263748318,0.005134866572916508,0.004099496640264988,0.003441703272983432,0.0006113514536991715
C:\Projects\TM470\data\processed\test\Amanita\081_C-pQjIw3h7M.jpg,Amanita/081_C-pQjIw3h7M.jpg,Amanita,Amanita,True,0.9107426404953003,0.0042333000019425,ResNet18,test,0.025836365297436714,0.9107426404953003,0.026115961372852325,0.006270997226238251,3.842717342195101e-05,1.4297911832272803e-07,8.013223123271018e-06,0.00013357907300814986,0.0005137658445164561,0.02226576954126358,0.008074420504271984
C:\Projects\TM470\data\processed\test\Amanita\083_GAJUFRatKvg.jpg,Amanita/083_GAJUFRatKvg.jpg,Amanita,Amanita,True,0.850497305393219,0.0042606999923009,ResNet18,test,0.021987522020936012,0.850497305393219,0.00419260049238801,0.017415370792150497,0.011013481765985489,0.0002537062973715365,0.008001882582902908,0.04914340749382973,0.013665789738297462,0.021307816728949547,0.0025212103500962257
C:\Projects\TM470\data\processed\test\Amanita\101_m1QUT_IvswY.jpg,Amanita/101_m1QUT_IvswY.jpg,Amanita,Amanita,True,0.5065033435821533,0.0035873999877367,ResNet18,test,0.04021758958697319,0.5065033435821533,0.0126237403601408,0.0329306423664093,0.016068268567323685,6.338637467706576e-05,0.003459746018052101,0.0028931060805916786,0.04577551409602165,0.29254335165023804,0.046921271830797195
C:\Projects\TM470\data\processed\test\Amanita\109_mApfQHzHo0k.jpg,Amanita/109_mApfQHzHo0k.jpg,Amanita,Inocybe,False,0.4271541237831116,0.0035255999973742,ResNet18,test,0.012136622332036495,0.1035742312669754,0.00034643575781956315,0.010746710933744907,0.33390316367149353,0.010305131785571575,0.023135818541049957,0.4271541237831116,0.05737336352467537,0.020724158734083176,0.0006002331501804292
C:\Projects\TM470\data\processed\test\Amanita\112_v5maqRj9Z_w.jpg,Amanita/112_v5maqRj9Z_w.jpg,Amanita,Amanita,True,0.28986185789108276,0.0036135999980615,ResNet18,test,0.048301223665475845,0.28986185789108276,0.021058013662695885,0.04313924163579941,0.11700104176998138,0.0031793771777302027,0.08632519096136093,0.1158001720905304,0.15995602309703827,0.10292850434780121,0.01244931947439909
C:\Projects\TM470\data\processed\test\Amanita\113_Ssk7arItOnk.jpg,Amanita/113_Ssk7arItOnk.jpg,Amanita,Inocybe,False,0.41345828771591187,0.0035692999954335,ResNet18,test,0.03480878472328186,0.3044866621494293,0.02561330236494541,0.06325851380825043,0.02376454323530197,0.03340659290552139,0.007340701296925545,0.41345828771591187,0.03947197645902634,0.017345944419503212,0.037044722586870193
C:\Projects\TM470\data\processed\test\Amanita\116_V-662GMGI6U.jpg,Amanita/116_V-662GMGI6U.jpg,Amanita,Amanita,True,0.6658880114555359,0.0038430999993579,ResNet18,test,0.009250848554074764,0.6658880114555359,0.002222898183390498,0.005516450386494398,0.002517696935683489,0.0008852502796798944,0.0043991440907120705,0.28362467885017395,0.005731047131121159,0.0059382617473602295,0.014025729149580002
C:\Projects\TM470\data\processed\test\Amanita\117_2i4Ly-hB5rY.jpg,Amanita/117_2i4Ly-hB5rY.jpg,Amanita,Inocybe,False,0.8367637991905212,0.0037634999898727,ResNet18,test,0.0024358925875276327,0.10441423207521439,1.3312552255229093e-05,0.008289861492812634,0.029528262093663216,0.0007212160853669047,0.00942777469754219,0.8367637991905212,0.0018217425094917417,0.001979475375264883,0.004604457411915064
C:\Projects\TM470\data\processed\test\Amanita\121_0mE3kiyOk4k.jpg,Amanita/121_0mE3kiyOk4k.jpg,Amanita,Amanita,True,0.9376035928726196,0.0041230999922845,ResNet18,test,0.01017989031970501,0.9376035928726196,0.007239177823066711,0.0032756004948168993,0.0029447712004184723,1.6749709175201133e-06,0.014002865180373192,0.002900878433138132,0.002184103475883603,0.0022973171435296535,0.017370162531733513
C:\Projects\TM470\data\processed\test\Amanita\125_jnNJwiuIHj0.jpg,Amanita/125_jnNJwiuIHj0.jpg,Amanita,Amanita,True,0.5918533205986023,0.0037058000016259,ResNet18,test,0.10290613025426865,0.5918533205986023,0.08431587368249893,0.008870839141309261,0.01921469159424305,0.00018616449960973114,0.003624844364821911,0.04028454050421715,0.05480249971151352,0.0823894739151001,0.011551525443792343
C:\Projects\TM470\data\processed\test\Amanita\138_kCA0Zae2KX0.jpg,Amanita/138_kCA0Zae2KX0.jpg,Amanita,Amanita,True,0.9290513396263123,0.0036283000081311,ResNet18,test,0.05153340846300125,0.9290513396263123,0.007918342016637325,0.0025557330809533596,0.0008807760896161199,2.956973730761092e-06,0.000169346560142003,0.0005916934460401535,0.0033276507165282965,0.0037585869431495667,0.00021016311075072736
C:\Projects\TM470\data\processed\test\Amanita\141_zaaLqAyIHuQ.jpg,Amanita/141_zaaLqAyIHuQ.jpg,Amanita,Amanita,True,0.9685232043266296,0.003770399998757,ResNet18,test,0.015857132151722908,0.9685232043266296,0.007054523099213839,8.181123121175915e-05,0.0009535244316793978,1.0216386669981148e-07,0.00012301119568292052,1.0050930541183334e-05,0.0015561510808765888,0.005587853956967592,0.00025256123626604676
C:\Projects\TM470\data\processed\test\Amanita\143_ZpRWUcr7GhA.jpg,Amanita/143_ZpRWUcr7GhA.jpg,Amanita,Boletus,False,0.7899751663208008,0.0040536000014981,ResNet18,test,0.014428512193262577,0.046962376683950424,0.7899751663208008,0.018301090225577354,0.00030541064916178584,8.686833439242037e-07,6.834643136244267e-05,0.004149691201746464,0.01150272786617279,0.018802328035235405,0.09550348669290543
C:\Projects\TM470\data\processed\test\Amanita\145_2JCprUI2Ugw.jpg,Amanita/145_2JCprUI2Ugw.jpg,Amanita,Amanita,True,0.6174237132072449,0.0036854000063613,ResNet18,test,0.03391769155859947,0.6174237132072449,0.0023835492320358753,0.006638977210968733,0.002057767705991864,3.901411218976136e-06,0.002593638841062784,0.016698157414793968,0.005335305817425251,0.31110844016075134,0.0018388926982879639
C:\Projects\TM470\data\processed\test\Amanita\159_majDHo2IG8U.jpg,Amanita/159_majDHo2IG8U.jpg,Amanita,Amanita,True,0.762051522731781,0.0035190999915357,ResNet18,test,0.0592653714120388,0.762051522731781,0.041552234441041946,0.003155989572405815,0.027354994788765907,5.556162795983255e-05,0.004991541616618633,0.0037205766420811415,0.050686776638031006,0.0429408960044384,0.00422454671934247
C:\Projects\TM470\data\processed\test\Amanita\160_2Xs6Ueh19D4.jpg,Amanita/160_2Xs6Ueh19D4.jpg,Amanita,Russula,False,0.364434152841568,0.0036083000013604,ResNet18,test,0.041181646287441254,0.16153010725975037,0.0028204210102558136,0.00844181701540947,0.16819682717323303,0.00048563096788711846,0.020151987671852112,0.019388554617762566,0.2099410593509674,0.364434152841568,0.003427764168009162
C:\Projects\TM470\data\processed\test\Amanita\166_wCNIOK2FS_U.jpg,Amanita/166_wCNIOK2FS_U.jpg,Amanita,Inocybe,False,0.36480259895324707,0.0035543999983929,ResNet18,test,0.01329297199845314,0.0893583744764328,0.007653345819562674,0.006265280768275261,0.22154246270656586,0.14333857595920563,0.012284970842301846,0.36480259895324707,0.06542237848043442,0.07390864193439484,0.002130452310666442
C:\Projects\TM470\data\processed\test\Amanita\167_oTHBDUWfBxA.jpg,Amanita/167_oTHBDUWfBxA.jpg,Amanita,Entoloma,False,0.7114044427871704,0.0035871000000042,ResNet18,test,0.016048969700932503,0.040220826864242554,0.01633824221789837,0.004870446398854256,0.7114044427871704,0.0017852139426395297,0.013246975839138031,0.008020465262234211,0.10215182602405548,0.08386270701885223,0.0020499099045991898
C:\Projects\TM470\data\processed\test\Amanita\169_ODaDqR_tlG0.jpg,Amanita/169_ODaDqR_tlG0.jpg,Amanita,Amanita,True,0.7656497359275818,0.0038234000094234,ResNet18,test,0.12066856026649475,0.7656497359275818,0.060761138796806335,0.0008648583316244185,1.176858404505765e-06,9.17674703587723e-12,3.270925617471221e-06,3.3306389468634734e-06,0.00025308437761850655,0.04744669795036316,0.004348191898316145
C:\Projects\TM470\data\processed\test\Amanita\171_6GMgYtjBa8k.jpg,Amanita/171_6GMgYtjBa8k.jpg,Amanita,Russula,False,0.3033183217048645,0.0036258000036468,ResNet18,test,0.10522615164518356,0.2547518014907837,0.06776303797960281,0.0012354148784652352,0.0247904472053051,2.685774234123528e-06,0.0029632076621055603,0.007779198233038187,0.2156837284564972,0.3033183217048645,0.016485992819070816
C:\Projects\TM470\data\processed\test\Amanita\173_jqvVZF8AWxg.jpg,Amanita/173_jqvVZF8AWxg.jpg,Amanita,Amanita,True,0.8821558356285095,0.003648099998827,ResNet18,test,0.06406304240226746,0.8821558356285095,0.011512242257595062,0.0030138769652694464,0.00313595705665648,2.2514212105306797e-05,0.0018463007872924209,0.00030803095432929695,0.013276111334562302,0.019862709566950798,0.0008033356280066073
C:\Projects\TM470\data\processed\test\Amanita\175_wCfYH50cXu8.jpg,Amanita/175_wCfYH50cXu8.jpg,Amanita,Amanita,True,0.9006993174552917,0.003614799992647,ResNet18,test,0.0012671919539570808,0.9006993174552917,0.00013924064114689827,0.0010658296523615718,0.000828067772090435,5.021485662837222e-07,0.0008625599439255893,0.00012452546798158437,0.0003404239541850984,0.09463867545127869,3.364251824677922e-05
C:\Projects\TM470\data\processed\test\Amanita\192_uQQGhgvOkTI.jpg,Amanita/192_uQQGhgvOkTI.jpg,Amanita,Amanita,True,0.6430534720420837,0.0035248000058345,ResNet18,test,0.14041906595230103,0.6430534720420837,0.00022094097221270204,0.002781887771561742,0.05516170710325241,8.303233585138514e-07,0.03791966289281845,0.03131334111094475,0.014417467638850212,0.0684271901845932,0.0062844711355865
C:\Projects\TM470\data\processed\test\Amanita\194__2kBAgeqxZc.jpg,Amanita/194__2kBAgeqxZc.jpg,Amanita,Amanita,True,0.924260139465332,0.003666400007205,ResNet18,test,0.01754438877105713,0.924260139465332,0.00901972595602274,0.0009848830522969365,0.000894172873813659,3.9382663089782e-05,0.0009870212525129318,0.02311244048178196,0.008753576315939426,0.011360220611095428,0.003044034354388714
C:\Projects\TM470\data\processed\test\Amanita\208_EvpNOUGmeVI.jpg,Amanita/208_EvpNOUGmeVI.jpg,Amanita,Amanita,True,0.9811495542526245,0.0038404000079026,ResNet18,test,0.013122201897203922,0.9811495542526245,0.0033276816830039024,7.822464976925403e-05,0.00015588522364851087,7.575098770473687e-09,9.638153278501704e-05,0.0001609440369065851,0.0008859041263349354,0.0005139135173521936,0.000509209290612489
C:\Projects\TM470\data\processed\test\Amanita\215_XXWsMnFz1MI.jpg,Amanita/215_XXWsMnFz1MI.jpg,Amanita,Amanita,True,0.9606919288635254,0.0037430999946082,ResNet18,test,0.018982380628585815,0.9606919288635254,0.0020922112744301558,0.0004626689769793302,0.003883904544636607,1.8843920770450495e-06,0.0020864796824753284,0.0004063242522533983,0.006905259098857641,0.0035517511423677206,0.0009353156201541424
C:\Projects\TM470\data\processed\test\Amanita\219_d2on0Kw19Ds.jpg,Amanita/219_d2on0Kw19Ds.jpg,Amanita,Amanita,True,0.7649361491203308,0.0040584999951533,ResNet18,test,0.05652712285518646,0.7649361491203308,0.05950457602739334,0.012293119914829731,0.0017443085089325905,8.537856501789065e-07,0.0029979704413563013,0.002109525026753545,0.020871059969067574,0.06538669764995575,0.013628704473376274
C:\Projects\TM470\data\processed\test\Amanita\226_zzTeEGVX8nY.jpg,Amanita/226_zzTeEGVX8nY.jpg,Amanita,Entoloma,False,0.31171703338623047,0.0036182000039843,ResNet18,test,0.015659384429454803,0.046018581837415695,0.0010007841046899557,0.013838609680533409,0.31171703338623047,0.011015813797712326,0.012706032954156399,0.21576182544231415,0.13942983746528625,0.2318633645772934,0.0009887213818728924
C:\Projects\TM470\data\processed\test\Amanita\229_AAkARuMGR0c.jpg,Amanita/229_AAkARuMGR0c.jpg,Amanita,Inocybe,False,0.5808919072151184,0.003683999995701,ResNet18,test,0.008722574450075626,0.06170180067420006,2.4308814317919314e-05,0.2504076361656189,0.006540883332490921,7.114697655197233e-05,0.017249956727027893,0.5808919072151184,0.002755364403128624,0.03649390861392021,0.035140510648489
C:\Projects\TM470\data\processed\test\Amanita\238_7M5xzSG_g_A.jpg,Amanita/238_7M5xzSG_g_A.jpg,Amanita,Amanita,True,0.9230950474739075,0.0045133999956306,ResNet18,test,0.023034177720546722,0.9230950474739075,0.007911124266684055,0.0004758921277243644,0.0023421773221343756,2.1243860715003393e-07,0.0016312174266204238,0.00047841540072113276,0.012529267929494381,0.025602689012885094,0.0028997347690165043
C:\Projects\TM470\data\processed\test\Amanita\239_m__Mvvi_6yk.jpg,Amanita/239_m__Mvvi_6yk.jpg,Amanita,Amanita,True,0.9777542352676392,0.0037580000062007,ResNet18,test,0.003903523087501526,0.9777542352676392,0.0003039724542759359,0.0003696792700793594,0.00922880694270134,9.089118975680321e-06,0.002651707036420703,0.0014454652555286884,0.0014000666560605168,0.0027663351502269506,0.00016713807417545468
C:\Projects\TM470\data\processed\test\Amanita\245_hJy0oklu5jA.jpg,Amanita/245_hJy0oklu5jA.jpg,Amanita,Boletus,False,0.8979253172874451,0.0043503000051714,ResNet18,test,0.010901696048676968,0.0573744922876358,0.8979253172874451,0.0016893428983166814,0.0004500227514654398,2.136148395948112e-07,0.0004085559630766511,0.0016005623620003462,0.007520050276070833,0.0031521704513579607,0.018977496773004532
C:\Projects\TM470\data\processed\test\Amanita\254_Lyi3XcTltRs.jpg,Amanita/254_Lyi3XcTltRs.jpg,Amanita,Amanita,True,0.8789854049682617,0.0043000000005122,ResNet18,test,0.042256876826286316,0.8789854049682617,0.0008222962496802211,0.0031728248577564955,0.0021792515181005,5.726835297537036e-06,0.0005988077027723193,0.0076261283829808235,0.00175398588180542,0.06033249944448471,0.0022660738322883844
C:\Projects\TM470\data\processed\test\Amanita\262_lkxMPar_qU4.jpg,Amanita/262_lkxMPar_qU4.jpg,Amanita,Russula,False,0.628476619720459,0.0040551999991294,ResNet18,test,0.04191218689084053,0.030571606010198593,0.014447313733398914,0.03206441178917885,0.0331655777990818,0.027943363413214684,0.007733181584626436,0.09094972163438797,0.07798193395137787,0.628476619720459,0.01475408487021923
C:\Projects\TM470\data\processed\test\Amanita\266_1lFPzGUJdrw.jpg,Amanita/266_1lFPzGUJdrw.jpg,Amanita,Amanita,True,0.8130649924278259,0.0042269999976269,ResNet18,test,0.00650913966819644,0.8130649924278259,0.006198093295097351,0.013234351761639118,2.3911474272608757e-05,5.519039518731006e-07,2.232074439234566e-05,0.00012113499542465433,0.0002694847935345024,0.15916739404201508,0.0013886064989492297
C:\Projects\TM470\data\processed\test\Amanita\267_Jv9rb_uZxxM.jpg,Amanita/267_Jv9rb_uZxxM.jpg,Amanita,Amanita,True,0.9846429824829102,0.0041042000084416,ResNet18,test,0.010633636265993118,0.9846429824829102,0.0005272982525639236,0.00037586395046673715,0.0006607472314499319,2.9632846576532756e-07,9.516102727502584e-05,9.780775872059166e-05,0.0005425331764854491,0.0021626753732562065,0.00026098862872458994
C:\Projects\TM470\data\processed\test\Amanita\269_y7diE9hqyqg.jpg,Amanita/269_y7diE9hqyqg.jpg,Amanita,Amanita,True,0.5291850566864014,0.0049861000006785,ResNet18,test,0.0451359860599041,0.5291850566864014,0.28818610310554504,0.010541092604398727,0.005191165022552013,0.00012877820699941367,0.00044839258771389723,0.012191553600132465,0.040587328374385834,0.05555611476302147,0.012848440557718277
C:\Projects\TM470\data\processed\test\Amanita\280_kmvGIrteUEU.jpg,Amanita/280_kmvGIrteUEU.jpg,Amanita,Amanita,True,0.9757851362228394,0.004187800004729,ResNet18,test,0.007090583443641663,0.9757851362228394,0.012152773328125477,0.0010077212937176228,0.0007322556339204311,1.3163471521693282e-06,0.00028821342857554555,5.080955816083588e-05,0.000937600911129266,0.0013161590322852135,0.0006374749355018139
C:\Projects\TM470\data\processed\test\Amanita\283_A61Fv-WuOIQ.jpg,Amanita/283_A61Fv-WuOIQ.jpg,Amanita,Cortinarius,False,0.39016371965408325,0.0040869999938877,ResNet18,test,0.004553521983325481,0.0035589050967246294,0.2129763960838318,0.39016371965408325,0.0019418782321736217,0.0007277291151694953,0.0005281489575281739,0.056420668959617615,0.25035738945007324,0.03787362948060036,0.04089806601405144
C:\Projects\TM470\data\processed\test\Amanita\284_hjYnEPCzZWs.jpg,Amanita/284_hjYnEPCzZWs.jpg,Amanita,Amanita,True,0.5380527973175049,0.004107999993721,ResNet18,test,0.02536648139357567,0.5380527973175049,0.32195088267326355,0.002873319899663329,0.0008223245968110859,2.847781161108287e-06,0.0015135628636926413,0.011716362088918686,0.01913478411734104,0.054264578968286514,0.024302087724208832
C:\Projects\TM470\data\processed\test\Amanita\286_akbOrg8qrWc.jpg,Amanita/286_akbOrg8qrWc.jpg,Amanita,Amanita,True,0.9534981846809387,0.0040751000051386,ResNet18,test,0.0032999562099575996,0.9534981846809387,0.0020148828625679016,0.002335197292268276,0.008947654627263546,6.836487591499463e-05,0.005062927957624197,0.01559440977871418,0.00389464502222836,0.0040004197508096695,0.0012833301443606615
C:\Projects\TM470\data\processed\test\Amanita\291_8IJ4_ANpJLg.jpg,Amanita/291_8IJ4_ANpJLg.jpg,Amanita,Boletus,False,0.23114053905010223,0.0039037999958964,ResNet18,test,0.0021904699970036745,0.21673186123371124,0.23114053905010223,0.2055003046989441,0.013202041387557983,0.00012806615268345922,0.08020487427711487,0.02777942456305027,0.05833783745765686,0.01956123672425747,0.14522327482700348
C:\Projects\TM470\data\processed\test\Amanita\296_sKFU2MHCmQI.jpg,Amanita/296_sKFU2MHCmQI.jpg,Amanita,Amanita,True,0.4195503890514374,0.0036190999962855,ResNet18,test,0.14862336218357086,0.4195503890514374,0.0018393000354990363,0.026469241827726364,0.013537938706576824,5.1881568651879206e-05,0.0193230751901865,0.07524129748344421,0.03639642521739006,0.21234998106956482,0.04661707580089569
C:\Projects\TM470\data\processed\test\Amanita\301_arWVKBAl1xg.jpg,Amanita/301_arWVKBAl1xg.jpg,Amanita,Hygrocybe,False,0.5914652347564697,0.0036830000026384,ResNet18,test,0.001415166654624045,0.2577768862247467,5.9724043239839375e-05,0.04580901563167572,0.02799149602651596,2.3070817405823618e-05,0.5914652347564697,0.02722838521003723,0.0046056960709393024,0.03515828028321266,0.008467141538858414
C:\Projects\TM470\data\processed\test\Amanita\304_fF9sgw_cuPo.jpg,Amanita/304_fF9sgw_cuPo.jpg,Amanita,Russula,False,0.8518390655517578,0.0036545000039041,ResNet18,test,0.005964706186205149,0.06682193279266357,0.0001110630328184925,0.023142162710428238,0.012651897966861725,2.8251786716282368e-05,0.0041808681562542915,0.0004024802183266729,0.03395688533782959,0.8518390655517578,0.0009006368927657604
C:\Projects\TM470\data\processed\test\Amanita\319_VSiBPtwZDwM.jpg,Amanita/319_VSiBPtwZDwM.jpg,Amanita,Amanita,True,0.46744364500045776,0.0037194000033196,ResNet18,test,0.004751902539283037,0.46744364500045776,3.745158755918965e-05,0.0031697226222604513,0.055889442563056946,4.3516134610399604e-05,0.1195795014500618,0.32142284512519836,0.0097777945920825,0.010903568007051945,0.006980609614402056
C:\Projects\TM470\data\processed\test\Amanita\323_sgZnWNFTFFc.jpg,Amanita/323_sgZnWNFTFFc.jpg,Amanita,Russula,False,0.5828565359115601,0.0035610000049928,ResNet18,test,0.03409634530544281,0.17209231853485107,0.0061112381517887115,0.04596896097064018,0.03495674580335617,2.8225904316059314e-05,0.0074903094209730625,0.009748431853950024,0.07977142930030823,0.5828565359115601,0.026879405602812767
C:\Projects\TM470\data\processed\test\Amanita\326_q3-8lXVmcVM.jpg,Amanita/326_q3-8lXVmcVM.jpg,Amanita,Amanita,True,0.6531364321708679,0.0036227999953553,ResNet18,test,0.023157181218266487,0.6531364321708679,0.0006225911201909184,0.022062404081225395,0.010623671114444733,7.229264156194404e-05,0.021958928555250168,0.02287384867668152,0.009900461882352829,0.23347121477127075,0.0021209956612437963
C:\Projects\TM470\data\processed\test\Amanita\329_jpdnrnOYvm8.jpg,Amanita/329_jpdnrnOYvm8.jpg,Amanita,Amanita,True,0.5303370356559753,0.0040122999926097,ResNet18,test,0.043559249490499496,0.5303370356559753,0.0175787303596735,0.0068770949728786945,0.039499811828136444,4.816208456759341e-05,0.04704590514302254,0.10690449923276901,0.1012728214263916,0.08869834989309311,0.01817832700908184
C:\Projects\TM470\data\processed\test\Amanita\354_HFiOZg6IOL8.jpg,Amanita/354_HFiOZg6IOL8.jpg,Amanita,Russula,False,0.5375540256500244,0.0039541000005556,ResNet18,test,0.08495164662599564,0.20855429768562317,0.008417605422437191,0.01413232833147049,0.022537756711244583,9.742537804413587e-05,0.010244096629321575,0.031000027433037758,0.07613202184438705,0.5375540256500244,0.0063787950202822685
C:\Projects\TM470\data\processed\test\Amanita\355_e0Y8jDjEmzs.jpg,Amanita/355_e0Y8jDjEmzs.jpg,Amanita,Amanita,True,0.5801350474357605,0.0037357000110205,ResNet18,test,0.03638036549091339,0.5801350474357605,0.0009750076569616795,0.013326561078429222,0.06279764324426651,0.00017200325964950025,0.006485995836555958,0.03260485455393791,0.025141727179288864,0.23784713447093964,0.00413369620218873
C:\Projects\TM470\data\processed\test\Amanita\366_zzsJUWaNdxg.jpg,Amanita/366_zzsJUWaNdxg.jpg,Amanita,Amanita,True,0.9596354365348816,0.0040724999998928,ResNet18,test,0.0022005310747772455,0.9596354365348816,0.00012387918832246214,0.002058929530903697,0.008686126209795475,1.6485696505696978e-06,0.020020470023155212,8.08832555776462e-05,0.0009547715890221298,0.005578449461609125,0.000658908043988049
C:\Projects\TM470\data\processed\test\Amanita\372_5SYWecQTaKc.jpg,Amanita/372_5SYWecQTaKc.jpg,Amanita,Russula,False,0.7492812275886536,0.0041252000082749,ResNet18,test,0.04369775950908661,0.012010687962174416,0.017671367153525352,0.058699481189250946,0.0065638162195682526,0.013602158986032009,0.004195601213723421,0.014273383654654026,0.07611694931983948,0.7492812275886536,0.003887479193508625
C:\Projects\TM470\data\processed\test\Amanita\373_YmenYH0HVC0.jpg,Amanita/373_YmenYH0HVC0.jpg,Amanita,Amanita,True,0.5759159326553345,0.0038440000062109,ResNet18,test,0.005791378673166037,0.5759159326553345,0.08683202415704727,0.030616194009780884,0.10547205805778503,0.012723810039460659,0.03457031399011612,0.038099367171525955,0.07791174203157425,0.027888648211956024,0.004178546369075775
C:\Projects\TM470\data\processed\test\Amanita\377_qiZKoEIbfFk.jpg,Amanita/377_qiZKoEIbfFk.jpg,Amanita,Lactarius,False,0.2757459878921509,0.0042883999994955,ResNet18,test,0.0052924142219126225,0.11031971871852875,0.008883590810000896,0.0634695291519165,0.0015706242993474007,0.0006561863701790571,0.21687112748622894,0.03101937659084797,0.2757459878921509,0.2470904439687729,0.03908092901110649
C:\Projects\TM470\data\processed\test\Amanita\381_t_eyYyXYB1k.jpg,Amanita/381_t_eyYyXYB1k.jpg,Amanita,Amanita,True,0.8170410394668579,0.0046042999892961,ResNet18,test,0.035777922719717026,0.8170410394668579,0.027957305312156677,0.00226048706099391,0.004900399595499039,3.249663859605789e-05,0.004330478608608246,0.0011298421304672956,0.01984241046011448,0.08559499680995941,0.0011324980296194553
C:\Projects\TM470\data\processed\test\Amanita\389_1fQDmvX1jb8.jpg,Amanita/389_1fQDmvX1jb8.jpg,Amanita,Amanita,True,0.5708479285240173,0.003836499992758,ResNet18,test,0.0796305239200592,0.5708479285240173,0.00464447820559144,0.015313961543142796,0.006786192301660776,0.004463043063879013,0.004746412392705679,0.25045597553253174,0.035012137144804,0.02695474587380886,0.0011446282733231783
C:\Projects\TM470\data\processed\test\Amanita\395_tL3vBGNvjeI.jpg,Amanita/395_tL3vBGNvjeI.jpg,Amanita,Amanita,True,0.8008427023887634,0.0036726999969687,ResNet18,test,0.06278607249259949,0.8008427023887634,0.032953377813100815,0.04590208828449249,0.0003569643304217607,0.010750633664429188,0.00012941934983246028,0.018430806696414948,0.0037629001308232546,0.020982353016734123,0.003102748654782772
C:\Projects\TM470\data\processed\test\Amanita\408_Jn439YAL3hs.jpg,Amanita/408_Jn439YAL3hs.jpg,Amanita,Boletus,False,0.5185916423797607,0.0035475000040605,ResNet18,test,0.07097292691469193,0.32891222834587097,0.5185916423797607,0.00546131981536746,0.0011821642983704805,4.619714218279114e-06,0.0016085131792351604,0.0015552400145679712,0.04461543634533882,0.02414502017199993,0.00295088067650795
C:\Projects\TM470\data\processed\test\Amanita\433_mzRZXazhvVU.jpg,Amanita/433_mzRZXazhvVU.jpg,Amanita,Russula,False,0.3241194486618042,0.0046290000027511,ResNet18,test,0.06023627519607544,0.0631771981716156,0.02300163544714451,0.03354846313595772,0.1106112077832222,0.07917813956737518,0.01829228177666664,0.16776134073734283,0.10826321691274643,0.3241194486618042,0.011810779571533203
C:\Projects\TM470\data\processed\test\Amanita\438_gh-zSGziyQ4.jpg,Amanita/438_gh-zSGziyQ4.jpg,Amanita,Inocybe,False,0.6285476088523865,0.0045143000024836,ResNet18,test,0.015445707365870476,0.023077404126524925,0.03308631479740143,0.014737323857843876,0.008294359780848026,0.16378818452358246,0.004496544133871794,0.6285476088523865,0.017270904034376144,0.08551713824272156,0.005738517269492149
C:\Projects\TM470\data\processed\test\Amanita\439_fP_ozmLLhb8.jpg,Amanita/439_fP_ozmLLhb8.jpg,Amanita,Amanita,True,0.42615053057670593,0.0043949999962933,ResNet18,test,0.16936179995536804,0.42615053057670593,0.001771467155776918,0.008078929968178272,0.021643614396452904,2.012251570704393e-05,0.013125089928507805,0.0020862456876784563,0.07147543132305145,0.28526079654693604,0.0010260207345709205
C:\Projects\TM470\data\processed\test\Amanita\451_V0quFnk9NFA.jpg,Amanita/451_V0quFnk9NFA.jpg,Amanita,Amanita,True,0.9523882269859314,0.0041191999916918,ResNet18,test,0.0016274719964712858,0.9523882269859314,0.001272970694117248,0.0020258957520127296,2.5305133021902293e-05,2.5415426208041936e-08,0.00026644085301086307,3.260641824454069e-05,0.0001873460569186136,0.041889600455760956,0.00028424785705283284
C:\Projects\TM470\data\processed\test\Amanita\455_noEYaXjdZno.jpg,Amanita/455_noEYaXjdZno.jpg,Amanita,Amanita,True,0.4781266748905182,0.0036691999994218,ResNet18,test,0.09027237445116043,0.4781266748905182,0.01010656077414751,0.005524650681763887,0.019487697631120682,4.799851376446895e-05,0.004166134167462587,9.23208863241598e-05,0.02453988790512085,0.3656277358531952,0.0020080124959349632
C:\Projects\TM470\data\processed\test\Amanita\458_5BlPufQsqww.jpg,Amanita/458_5BlPufQsqww.jpg,Amanita,Amanita,True,0.36867669224739075,0.0036143999896012,ResNet18,test,0.17474938929080963,0.36867669224739075,0.08392482995986938,0.02553045004606247,4.6204855607356876e-05,4.779131472787412e-07,0.00015142542542889714,7.384557102341205e-05,0.0026346477679908276,0.34218722581863403,0.0020248221699148417
C:\Projects\TM470\data\processed\test\Amanita\466_wUxyOxsT5Xc.jpg,Amanita/466_wUxyOxsT5Xc.jpg,Amanita,Amanita,True,0.4776202142238617,0.0036226999945938,ResNet18,test,0.064799465239048,0.4776202142238617,0.006591548211872578,0.0687561109662056,0.003736558835953474,0.2587110102176666,0.004163221921771765,0.06991006433963776,0.03266367316246033,0.012837260961532593,0.0002108074550051242
C:\Projects\TM470\data\processed\test\Amanita\470_Qn8LOp2zdbk.jpg,Amanita/470_Qn8LOp2zdbk.jpg,Amanita,Amanita,True,0.6565424799919128,0.0040421000012429,ResNet18,test,0.008216891437768936,0.6565424799919128,0.0035625044256448746,0.0023125717416405678,0.0012082000030204654,3.8277559610833123e-07,0.0009228095877915621,0.0006334271165542305,0.00523289805278182,0.3202812373638153,0.001086588017642498
C:\Projects\TM470\data\processed\test\Amanita\488_c9nCQvJtUrI.jpg,Amanita/488_c9nCQvJtUrI.jpg,Amanita,Amanita,True,0.5275253653526306,0.004524299991317,ResNet18,test,0.034735213965177536,0.5275253653526306,0.22649319469928741,0.010030892677605152,0.027995387092232704,0.00043422088492661715,0.0006216149195097387,0.0006621011416427791,0.03143727779388428,0.1392316222190857,0.0008331274730153382
C:\Projects\TM470\data\processed\test\Amanita\490_GiCnvGBmknM.jpg,Amanita/490_GiCnvGBmknM.jpg,Amanita,Russula,False,0.5575600266456604,0.0043026000057579,ResNet18,test,0.08550787717103958,0.08408220112323761,0.00482952268794179,0.01331454049795866,0.03945201262831688,2.0871284505119547e-05,0.003289870684966445,0.019375765696167946,0.17471423745155334,0.5575600266456604,0.01785297878086567
C:\Projects\TM470\data\processed\test\Amanita\500_goYWhHd_SfA.jpg,Amanita/500_goYWhHd_SfA.jpg,Amanita,Amanita,True,0.2918911874294281,0.004001600012998,ResNet18,test,0.09226776659488678,0.2918911874294281,0.013987372629344463,0.013948777690529823,0.025438927114009857,0.0001651078200666234,0.0067327795550227165,0.06308898329734802,0.22705890238285065,0.2339297980070114,0.03149041160941124
C:\Projects\TM470\data\processed\test\Amanita\520_7tXL64TQTpg.jpg,Amanita/520_7tXL64TQTpg.jpg,Amanita,Boletus,False,0.7887712121009827,0.0039395000057993,ResNet18,test,0.0037079688627272844,0.11544274538755417,0.7887712121009827,0.007019166834652424,0.00546802394092083,0.0001972728205146268,0.005012429319322109,0.003934974782168865,0.050864558666944504,0.011645316146314144,0.007936445064842701
C:\Projects\TM470\data\processed\test\Amanita\537_5FMMhBffQ9Y.jpg,Amanita/537_5FMMhBffQ9Y.jpg,Amanita,Boletus,False,0.39039409160614014,0.0041363999916939,ResNet18,test,0.019575048238039017,0.052623409777879715,0.39039409160614014,0.020229939371347427,0.01815597154200077,0.0001377806911477819,0.012758786790072918,0.009583985432982445,0.28088536858558655,0.191898375749588,0.003757187630981207
C:\Projects\TM470\data\processed\test\Amanita\538_EwaPkcP6eTM.jpg,Amanita/538_EwaPkcP6eTM.jpg,Amanita,Amanita,True,0.700376570224762,0.003734700003406,ResNet18,test,0.262594074010849,0.700376570224762,0.002375713549554348,0.00148983602412045,0.011940987780690193,9.086475074582268e-06,0.0007579388911835849,0.002705284161493182,0.0070988573133945465,0.007026977837085724,0.003624649252742529
C:\Projects\TM470\data\processed\test\Amanita\561_E5bsDlNUJ-Y.jpg,Amanita/561_E5bsDlNUJ-Y.jpg,Amanita,Amanita,True,0.7924965620040894,0.003981499990914,ResNet18,test,0.014741955325007439,0.7924965620040894,0.07228532433509827,0.011216123588383198,0.010286655277013779,1.5318009900511242e-05,0.0015208997065201402,0.0012045887997373939,0.010596657171845436,0.07816001027822495,0.007475817576050758
C:\Projects\TM470\data\processed\test\Amanita\571_l1hoa0Kgm0U.jpg,Amanita/571_l1hoa0Kgm0U.jpg,Amanita,Amanita,True,0.3431366980075836,0.0040096000011544,ResNet18,test,0.1353696882724762,0.3431366980075836,0.08176600933074951,0.026285836473107338,0.01358849834650755,0.0010113186435773969,0.008506592363119125,0.04835209622979164,0.19266435503959656,0.1439443975687027,0.005374457221478224
C:\Projects\TM470\data\processed\test\Amanita\577_XqZEGat0kl8.jpg,Amanita/577_XqZEGat0kl8.jpg,Amanita,Russula,False,0.24024569988250732,0.00403969999752,ResNet18,test,0.01434400212019682,0.03653733432292938,0.009004305116832256,0.02486092410981655,0.22792592644691467,0.06669624149799347,0.011263697408139706,0.23004232347011566,0.13490422070026398,0.24024569988250732,0.004175325855612755
C:\Projects\TM470\data\processed\test\Amanita\579_PS9igVuOoHE.jpg,Amanita/579_PS9igVuOoHE.jpg,Amanita,Amanita,True,0.23508374392986298,0.0037588999985018,ResNet18,test,0.19809859991073608,0.23508374392986298,0.05359736457467079,0.017893217504024506,0.01954682171344757,0.0008560626301914454,0.02433716505765915,0.08430448174476624,0.17154699563980103,0.18600055575370789,0.008735052309930325
C:\Projects\TM470\data\processed\test\Amanita\586_kLoafsSiyT8.jpg,Amanita/586_kLoafsSiyT8.jpg,Amanita,Amanita,True,0.9859049916267395,0.0041720000008353,ResNet18,test,0.0029138096142560244,0.9859049916267395,0.006929873954504728,0.00029289195663295686,0.0018724368419498205,7.59994122745411e-07,0.00023760997282806784,8.996752148959786e-05,0.0005524149746634066,0.0008314662845805287,0.0003737837541848421
C:\Projects\TM470\data\processed\test\Amanita\587_4e3oJGC88kg.jpg,Amanita/587_4e3oJGC88kg.jpg,Amanita,Amanita,True,0.612496018409729,0.0039058999973349,ResNet18,test,0.06296811252832413,0.612496018409729,0.00016466884699184448,0.0032882927916944027,0.03617345169186592,1.825509201580644e-07,0.12285863608121872,0.0029752161353826523,0.015387115068733692,0.13719633221626282,0.006491983775049448
C:\Projects\TM470\data\processed\test\Amanita\588_bh0TgHuuQ-g.jpg,Amanita/588_bh0TgHuuQ-g.jpg,Amanita,Amanita,True,0.5701830983161926,0.0035635000094771,ResNet18,test,0.02442331612110138,0.5701830983161926,0.0005157635896466672,0.002501667710021138,0.18647104501724243,2.7806898287963122e-05,0.07548995316028595,0.006467900704592466,0.08961231261491776,0.041743192821741104,0.0025640283711254597
C:\Projects\TM470\data\processed\test\Amanita\589_AnaL5Wx-reY.jpg,Amanita/589_AnaL5Wx-reY.jpg,Amanita,Russula,False,0.35767972469329834,0.0037339999980758,ResNet18,test,0.13696624338626862,0.17339999973773956,0.006001363508403301,0.0021983941551297903,0.052186619490385056,3.476283382042311e-06,0.021649254485964775,0.0019374900730326772,0.23669029772281647,0.35767972469329834,0.011287090368568897
C:\Projects\TM470\data\processed\test\Amanita\596_TzXaLH4_GW0.jpg,Amanita/596_TzXaLH4_GW0.jpg,Amanita,Amanita,True,0.6578311324119568,0.003677599990624,ResNet18,test,0.09314647316932678,0.6578311324119568,0.002972646849229932,0.008449933491647243,0.01990407146513462,0.00013912729627918452,0.012380090542137623,0.12481141090393066,0.03176877647638321,0.0424439013004303,0.006152413319796324
C:\Projects\TM470\data\processed\test\Amanita\597_t_LN8-XruiI.jpg,Amanita/597_t_LN8-XruiI.jpg,Amanita,Amanita,True,0.9580864310264587,0.0040206999983638,ResNet18,test,0.013888542540371418,0.9580864310264587,2.7830841645481996e-05,0.001516893389634788,0.014665970578789711,2.9410311981337145e-05,0.0019794057589024305,0.004235523287206888,0.0007386362412944436,0.004702218342572451,0.00012904391041956842
C:\Projects\TM470\data\processed\test\Amanita\600_jgKLD8sC_v4.jpg,Amanita/600_jgKLD8sC_v4.jpg,Amanita,Amanita,True,0.8409497141838074,0.0044025000097462,ResNet18,test,0.009581916965544224,0.8409497141838074,8.026800060179085e-05,0.003502956358715892,0.07588274031877518,8.19687993498519e-05,0.04366246238350868,0.015502486377954483,0.0074597611092031,0.0028979412745684385,0.00039776379708200693
C:\Projects\TM470\data\processed\test\Amanita\620_JDQSDCTyXyg.jpg,Amanita/620_JDQSDCTyXyg.jpg,Amanita,Amanita,True,0.9930375218391418,0.0041986999858636,ResNet18,test,0.0041503324173390865,0.9930375218391418,0.00015205742965918034,0.00033394285128451884,0.00021395711519289762,8.665262640761284e-08,0.0004819915338885039,0.0003045613702852279,0.0004950478323735297,0.00012051007070112973,0.0007098898640833795
C:\Projects\TM470\data\processed\test\Amanita\646_zBDcRvL_RyM.jpg,Amanita/646_zBDcRvL_RyM.jpg,Amanita,Russula,False,0.6214986443519592,0.0044797000009566,ResNet18,test,0.1510084718465805,0.13923703134059906,0.007860446348786354,0.003250446869060397,0.009455380961298943,5.692014042324445e-07,0.007451449986547232,0.00013735366519540548,0.048601627349853516,0.6214986443519592,0.011498651467263699
C:\Projects\TM470\data\processed\test\Amanita\654_vhjqe9X5eec.jpg,Amanita/654_vhjqe9X5eec.jpg,Amanita,Russula,False,0.4540961980819702,0.0039534999959869,ResNet18,test,0.15153679251670837,0.15063275396823883,0.07236620038747787,0.06188797205686569,0.009972049854695797,0.0005422474932856858,0.0020696772262454033,0.006027477327734232,0.07458105683326721,0.4540961980819702,0.01628764346241951
C:\Projects\TM470\data\processed\test\Amanita\664_AXOuF6j3tyo.jpg,Amanita/664_AXOuF6j3tyo.jpg,Amanita,Entoloma,False,0.5214133262634277,0.0035823000071104,ResNet18,test,0.04243149608373642,0.06861228495836258,0.005734222941100597,0.008997172117233276,0.5214133262634277,0.001004776800982654,0.007605882827192545,0.0064669642597436905,0.23687106370925903,0.09484781324863434,0.006015015300363302
C:\Projects\TM470\data\processed\test\Amanita\665_PrGfCOsVu8Y.jpg,Amanita/665_PrGfCOsVu8Y.jpg,Amanita,Russula,False,0.45731213688850403,0.0040054999990388,ResNet18,test,0.10343217104673386,0.053785793483257294,0.06831801682710648,0.0579371303319931,0.04594000056385994,0.005985600408166647,0.0015732627362012863,0.033875368535518646,0.14536796510219574,0.45731213688850403,0.02647264674305916
C:\Projects\TM470\data\processed\test\Amanita\679_cIMzCCYdG38.jpg,Amanita/679_cIMzCCYdG38.jpg,Amanita,Amanita,True,0.685547411441803,0.0036267999967094,ResNet18,test,0.011174984276294708,0.685547411441803,0.00010641756671248004,0.022710956633090973,0.044706735759973526,0.0008913939818739891,0.09709624946117401,0.1281162053346634,0.00474655581638217,0.0033779579680413008,0.00152521429117769
C:\Projects\TM470\data\processed\test\Amanita\682_B3EZBbmcFBE.jpg,Amanita/682_B3EZBbmcFBE.jpg,Amanita,Russula,False,0.5688431859016418,0.0034875999990617,ResNet18,test,0.06370343267917633,0.23055656254291534,0.030644720420241356,0.013503288850188255,0.004401631653308868,4.420211917022243e-05,0.004475785885006189,0.009627844206988811,0.07091571390628815,0.5688431859016418,0.0032836012542247772
C:\Projects\TM470\data\processed\test\Amanita\702_sR0HQkA_gkA.jpg,Amanita/702_sR0HQkA_gkA.jpg,Amanita,Russula,False,0.4067010283470154,0.0035797000018646,ResNet18,test,0.19507239758968353,0.21405017375946045,0.038096725940704346,0.005346063058823347,0.002460501156747341,1.2940130545757711e-05,0.0011654089903458953,0.0409119687974453,0.08331122994422913,0.4067010283470154,0.012871529906988144
C:\Projects\TM470\data\processed\test\Amanita\713_znBkCzCEi-g.jpg,Amanita/713_znBkCzCEi-g.jpg,Amanita,Russula,False,0.7325056195259094,0.0036891999916406,ResNet18,test,0.03855336084961891,0.14236187934875488,0.0035589400213211775,0.0198823194950819,0.0023748588282614946,1.0925499793756899e-07,0.01719212345778942,0.002629651688039303,0.013827663846313953,0.7325056195259094,0.027113495394587517
C:\Projects\TM470\data\processed\test\Amanita\717_vlDmzuYG5og.jpg,Amanita/717_vlDmzuYG5og.jpg,Amanita,Inocybe,False,0.45878225564956665,0.003677400003653,ResNet18,test,0.06926782429218292,0.004855429753661156,0.005475256592035294,0.09767045825719833,0.03825264424085617,0.055517952889204025,0.007492808159440756,0.45878225564956665,0.2068990021944046,0.04750783368945122,0.008278613910079002
C:\Projects\TM470\data\processed\test\Amanita\739_t_b-1IKUbgE.jpg,Amanita/739_t_b-1IKUbgE.jpg,Amanita,Amanita,True,0.7783229947090149,0.0036090000066906,ResNet18,test,0.011019928380846977,0.7783229947090149,0.0025994968600571156,0.01995869167149067,0.06993243098258972,0.0009186746901832521,0.04341855272650719,0.0516599602997303,0.010054080747067928,0.00333413272164762,0.00878106988966465
C:\Projects\TM470\data\processed\test\Amanita\742_j3CNLlK7ISo.jpg,Amanita/742_j3CNLlK7ISo.jpg,Amanita,Amanita,True,0.9123527407646179,0.0035788000095635,ResNet18,test,0.00746977049857378,0.9123527407646179,0.00443927850574255,0.0012099567102268338,0.006843301001936197,1.0181441211898346e-05,0.004227886907756329,0.003564345184713602,0.012654242105782032,0.043739043176174164,0.0034892612602561712
C:\Projects\TM470\data\processed\test\Amanita\746_Dh_6IpygI6I.jpg,Amanita/746_Dh_6IpygI6I.jpg,Amanita,Amanita,True,0.9711659550666809,0.0036112000088905,ResNet18,test,0.007090691942721605,0.9711659550666809,0.0022380526643246412,0.0004392644914332777,0.0017560009146109223,1.714758013804385e-06,0.00011921337863896042,0.0021561775356531143,0.003261525183916092,0.006933765485882759,0.004837505053728819
C:\Projects\TM470\data\processed\test\Amanita\754_rDpMYIR-sFE.jpg,Amanita/754_rDpMYIR-sFE.jpg,Amanita,Amanita,True,0.8093674778938293,0.0035017999907722,ResNet18,test,0.015917859971523285,0.8093674778938293,3.37854289682582e-05,0.030029620975255966,0.02952055260539055,0.0009220388019457459,0.01216957252472639,0.027143292129039764,0.005403769668191671,0.06794468313455582,0.0015473689418286085
C:\Projects\TM470\data\processed\test\Amanita\756_w-xhasvBIT0.jpg,Amanita/756_w-xhasvBIT0.jpg,Amanita,Amanita,True,0.9653852581977844,0.0034597000048961,ResNet18,test,0.005333423148840666,0.9653852581977844,0.0010821931064128876,0.004005996510386467,0.002288021380081773,5.431042518466711e-05,0.004329463932663202,0.012380463071167469,0.0008551529026590288,0.0023070189636200666,0.0019786618649959564
C:\Projects\TM470\data\processed\test\Amanita\773_3H-0yRwiu6Y.jpg,Amanita/773_3H-0yRwiu6Y.jpg,Amanita,Inocybe,False,0.5870240330696106,0.0036576999991666,ResNet18,test,0.02683354541659355,0.02440815046429634,0.010366417467594147,0.013134146109223366,0.05531995743513107,0.03175119310617447,0.016495147719979286,0.5870240330696106,0.12270687520503998,0.10363884270191193,0.008321619592607021
C:\Projects\TM470\data\processed\test\Amanita\787_V5x9WHxsoqE.jpg,Amanita/787_V5x9WHxsoqE.jpg,Amanita,Russula,False,0.4909597635269165,0.0035066999989794,ResNet18,test,0.12473344057798386,0.028506077826023102,0.04035862162709236,0.02325904555618763,0.0019597650971263647,0.0003058369329664856,0.0010280275018885732,0.02086801640689373,0.25393280386924744,0.4909597635269165,0.014088587835431099
C:\Projects\TM470\data\processed\test\Boletus\0009_2hEUS66s6Gw.jpg,Boletus/0009_2hEUS66s6Gw.jpg,Boletus,Cortinarius,False,0.40971875190734863,0.0035927000135416,ResNet18,test,0.01934320293366909,0.00816426333039999,0.09842033684253693,0.40971875190734863,0.03882710635662079,0.011948737315833569,0.01847909949719906,0.23800347745418549,0.13328909873962402,0.014347102493047714,0.009458919987082481
C:\Projects\TM470\data\processed\test\Boletus\0010_7M6YHrGZ3aM.jpg,Boletus/0010_7M6YHrGZ3aM.jpg,Boletus,Boletus,True,0.7103936672210693,0.0044168000022182,ResNet18,test,0.0029157495591789484,0.007690539117902517,0.7103936672210693,0.049166835844516754,0.0028242822736501694,3.2513020414626226e-05,0.004137473646551371,0.02420254983007908,0.11483293026685715,0.06242414936423302,0.021379301324486732
C:\Projects\TM470\data\processed\test\Boletus\0023_JAAEdifq1MY.jpg,Boletus/0023_JAAEdifq1MY.jpg,Boletus,Boletus,True,0.714155375957489,0.0045540999999502,ResNet18,test,0.0010020126355811954,0.00042417121585458517,0.714155375957489,0.030792033299803734,8.008891018107533e-05,4.827280619679186e-08,9.188957483274862e-05,5.778366175945848e-05,0.034007564187049866,0.2169833481311798,0.002405742183327675
C:\Projects\TM470\data\processed\test\Boletus\0032_Sl_iMoAAJyU.jpg,Boletus/0032_Sl_iMoAAJyU.jpg,Boletus,Boletus,True,0.9946261048316956,0.004271099998732,ResNet18,test,1.967590105778072e-05,6.789140752516687e-05,0.9946261048316956,0.000857310020364821,4.400771103973966e-06,3.5162459610660335e-09,8.847850040183403e-06,4.8470039473613724e-05,0.00142007227987051,0.00022395075939130038,0.002723130863159895
C:\Projects\TM470\data\processed\test\Boletus\0048_wGU2ETPlfqY.jpg,Boletus/0048_wGU2ETPlfqY.jpg,Boletus,Boletus,True,0.8080955743789673,0.00394779999624,ResNet18,test,0.0008510760380886495,0.001078770961612463,0.8080955743789673,0.014111565425992012,0.0002764516684692353,2.014879100897815e-06,0.0001692575606284663,0.0011458750814199448,0.04144499823451042,0.08485181629657745,0.04797263815999031
C:\Projects\TM470\data\processed\test\Boletus\0051_rBIC-Uy9KzI.jpg,Boletus/0051_rBIC-Uy9KzI.jpg,Boletus,Lactarius,False,0.3276008665561676,0.0034486999938962,ResNet18,test,0.17052699625492096,0.07202394306659698,0.0965486690402031,0.016103072091937065,0.0033316754270344973,0.040351081639528275,0.016827842220664024,0.004626958630979061,0.3276008665561676,0.25179484486579895,0.00026405093376524746
C:\Projects\TM470\data\processed\test\Boletus\0058_djB8UbX-XaU.jpg,Boletus/0058_djB8UbX-XaU.jpg,Boletus,Boletus,True,0.996572732925415,0.0042748999985633,ResNet18,test,2.4446624593110755e-05,0.002677707467228174,0.996572732925415,2.0688226868514903e-05,8.194255229909686e-08,1.7132396890051638e-10,2.933328460130724e-07,1.874648660304956e-05,8.413538307650015e-05,0.00026417840854264796,0.0003370610938873142
C:\Projects\TM470\data\processed\test\Boletus\0060_ph1tt9Qik4Q.jpg,Boletus/0060_ph1tt9Qik4Q.jpg,Boletus,Russula,False,0.47691768407821655,0.0036216000007698,ResNet18,test,0.004850190132856369,0.012987886555492878,0.32798200845718384,0.019706467166543007,9.314921771874651e-05,5.543856929079993e-08,4.165815334999934e-05,0.0002530233468860388,0.10201754420995712,0.47691768407821655,0.055150315165519714
C:\Projects\TM470\data\processed\test\Boletus\0074_-d_w6u6G7wA.jpg,Boletus/0074_-d_w6u6G7wA.jpg,Boletus,Suillus,False,0.31086626648902893,0.0035750999959418,ResNet18,test,0.014720755629241467,0.08300131559371948,0.1272674798965454,0.14222298562526703,0.01697125844657421,0.001227365923114121,0.021849989891052246,0.22235919535160065,0.03844688832759857,0.021066490560770035,0.31086626648902893
C:\Projects\TM470\data\processed\test\Boletus\0076_yMZR41Idcn0.jpg,Boletus/0076_yMZR41Idcn0.jpg,Boletus,Amanita,False,0.9428280591964722,0.0037780999991809,ResNet18,test,0.015648895874619484,0.9428280591964722,0.028029266744852066,0.00013299378042574972,0.00015586137305945158,1.8919033450970346e-08,2.564645910752006e-05,0.00034939523902721703,0.0007802923792041838,0.01054906751960516,0.0015004768501967192
C:\Projects\TM470\data\processed\test\Boletus\0081_Jy-UUrFwLMA.jpg,Boletus/0081_Jy-UUrFwLMA.jpg,Boletus,Amanita,False,0.6116449236869812,0.003513199990266,ResNet18,test,0.023255035281181335,0.6116449236869812,0.2678423523902893,0.008835862390697002,0.009662406519055367,0.00027418622630648315,0.008966040797531605,0.013800018467009068,0.030707571655511856,0.021575530990958214,0.0034361351281404495
C:\Projects\TM470\data\processed\test\Boletus\0090_PCyZBE7zH28.jpg,Boletus/0090_PCyZBE7zH28.jpg,Boletus,Amanita,False,0.6283625364303589,0.0036604000051738,ResNet18,test,0.24869121611118317,0.6283625364303589,0.05059569329023361,0.004891776479780674,0.008587105199694633,8.416032528657524e-07,0.0014323637587949634,0.002408573403954506,0.030467841774225235,0.015342280268669128,0.009219794534146786
C:\Projects\TM470\data\processed\test\Boletus\0100_Um24DDdxtxY.jpg,Boletus/0100_Um24DDdxtxY.jpg,Boletus,Boletus,True,0.5328025817871094,0.0039336000045295,ResNet18,test,0.003921446856111288,0.10211432725191116,0.5328025817871094,0.0763532742857933,0.003323884215205908,0.00010802373435581103,0.0024388732854276896,0.022228321060538292,0.0929119810461998,0.024129875004291534,0.13966740667819977
C:\Projects\TM470\data\processed\test\Boletus\0110_A_F3PAXmwBw.jpg,Boletus/0110_A_F3PAXmwBw.jpg,Boletus,Boletus,True,0.812188446521759,0.0036650999973062,ResNet18,test,0.003807272994890809,0.010923182591795921,0.812188446521759,0.014388264156877995,0.00016556195623707026,1.947249984368682e-06,0.00014347855176310986,0.005044122692197561,0.08651554584503174,0.023865602910518646,0.04295659065246582
C:\Projects\TM470\data\processed\test\Boletus\0142_osp5FSuBFx4.jpg,Boletus/0142_osp5FSuBFx4.jpg,Boletus,Boletus,True,0.9558224081993103,0.0036767999990843,ResNet18,test,0.0036486757453531027,0.019203661009669304,0.9558224081993103,0.001275962102226913,0.00023333393619395792,2.6857119905798754e-07,8.090233313851058e-05,0.0004196339286863804,0.007279915269464254,0.005666974000632763,0.006368293426930904
C:\Projects\TM470\data\processed\test\Boletus\0148_GWuEw2WeFCY.jpg,Boletus/0148_GWuEw2WeFCY.jpg,Boletus,Boletus,True,0.9329811334609985,0.0035095000057481,ResNet18,test,0.003171946620568633,0.00888132955878973,0.9329811334609985,0.0017239603912457824,1.4536839444190264e-05,1.7025922005586835e-08,3.21261104545556e-05,0.0012048246571794152,0.0033842031843960285,0.002205438446253538,0.04640043154358864
C:\Projects\TM470\data\processed\test\Boletus\0151_8qA6XqDaO10.jpg,Boletus/0151_8qA6XqDaO10.jpg,Boletus,Boletus,True,0.53263258934021,0.0039398999942932,ResNet18,test,0.03661784902215004,0.20090050995349884,0.53263258934021,0.027011150494217873,0.020589662715792656,0.0010915577877312899,0.009580911137163639,0.05668654292821884,0.04520177096128464,0.028615372255444527,0.041072066873311996
C:\Projects\TM470\data\processed\test\Boletus\0155_cfBPq0uvW7U.jpg,Boletus/0155_cfBPq0uvW7U.jpg,Boletus,Boletus,True,0.42266470193862915,0.003982399997767,ResNet18,test,0.005902307573705912,0.033361710608005524,0.42266470193862915,0.02591616101562977,0.009543963707983494,2.837701322278008e-05,0.003581011202186346,0.0009282878017984331,0.07481607794761658,0.4185010492801666,0.0047563184052705765
C:\Projects\TM470\data\processed\test\Boletus\0163_288vPbTy0u0.jpg,Boletus/0163_288vPbTy0u0.jpg,Boletus,Boletus,True,0.7837892770767212,0.00368380000873,ResNet18,test,0.013530735857784748,0.10467899590730667,0.7837892770767212,0.013582305982708931,0.0051364172250032425,0.0007781207095831633,0.007012028247117996,0.0013845247449353337,0.048390988260507584,0.017971759662032127,0.003744910703971982
C:\Projects\TM470\data\processed\test\Boletus\0166_JjEOuNKkeSM.jpg,Boletus/0166_JjEOuNKkeSM.jpg,Boletus,Boletus,True,0.26227012276649475,0.0034316000092076,ResNet18,test,0.1522170901298523,0.22221648693084717,0.26227012276649475,0.03093147650361061,0.010357651859521866,0.00020010911975987256,0.006067799869924784,0.05883948132395744,0.08366002887487411,0.08708693832159042,0.08615285903215408
C:\Projects\TM470\data\processed\test\Boletus\0176_J7Pq7LRCag0.jpg,Boletus/0176_J7Pq7LRCag0.jpg,Boletus,Amanita,False,0.39574214816093445,0.0035998000093968,ResNet18,test,0.008517599664628506,0.39574214816093445,0.06205848976969719,0.022723164409399033,0.13086777925491333,0.0001667529868427664,0.14704425632953644,0.10613971948623657,0.059326887130737305,0.017000731080770493,0.05041247606277466
C:\Projects\TM470\data\processed\test\Boletus\0181_WPxAHfkr5nY.jpg,Boletus/0181_WPxAHfkr5nY.jpg,Boletus,Boletus,True,0.5112332701683044,0.0035566000005928,ResNet18,test,0.012811376713216305,0.04120791703462601,0.5112332701683044,0.043604690581560135,0.0008662081672810018,2.581790113254101e-06,0.0011007384164258838,0.03883758932352066,0.04718474671244621,0.007330191787332296,0.2958206534385681
C:\Projects\TM470\data\processed\test\Boletus\0186_8hd4Jt8Z_XU.jpg,Boletus/0186_8hd4Jt8Z_XU.jpg,Boletus,Boletus,True,0.6944729089736938,0.0040296999941347,ResNet18,test,0.003785583423450589,0.020519429817795753,0.6944729089736938,0.061137694865465164,0.026191886514425278,0.0006869870703667402,0.004899894818663597,0.006643110420554876,0.13171535730361938,0.02623792365193367,0.02370920591056347
C:\Projects\TM470\data\processed\test\Boletus\0187__pRX2ASfyHE.jpg,Boletus/0187__pRX2ASfyHE.jpg,Boletus,Boletus,True,0.9496379494667053,0.0037524999934248,ResNet18,test,0.0009527411311864853,0.007931907661259174,0.9496379494667053,0.003998075146228075,0.00036810452002100646,6.314210168056889e-07,0.0009254609467461705,0.009055457077920437,0.008274897933006287,0.0026530029717832804,0.016201728954911232
C:\Projects\TM470\data\processed\test\Boletus\0196_uqGMdVItBRg.jpg,Boletus/0196_uqGMdVItBRg.jpg,Boletus,Boletus,True,0.9434434771537781,0.0036628999951062,ResNet18,test,0.0005949896876700222,0.04334656149148941,0.9434434771537781,0.003017798298969865,0.00034911418333649635,4.634689958038507e-06,0.0004200275579933077,0.0004217732639517635,0.002302374690771103,0.0021210843697190285,0.003978114575147629
C:\Projects\TM470\data\processed\test\Boletus\0203_9fok2txolHA.jpg,Boletus/0203_9fok2txolHA.jpg,Boletus,Boletus,True,0.8570310473442078,0.0036057999968761,ResNet18,test,0.0006171667482703924,0.013127450831234455,0.8570310473442078,0.03290703892707825,0.003698576707392931,0.00014549808111041784,0.006629569921642542,0.0072465077973902225,0.05672210827469826,0.00638267956674099,0.015492349863052368
C:\Projects\TM470\data\processed\test\Boletus\0205_qoM5hQot18c.jpg,Boletus/0205_qoM5hQot18c.jpg,Boletus,Boletus,True,0.5888333320617676,0.0039864999998826,ResNet18,test,0.012541474774479866,0.1991644650697708,0.5888333320617676,0.04002327471971512,0.001951521961018443,4.964340405422263e-05,0.0038842412177473307,0.0749044269323349,0.008644049987196922,0.0027408793102949858,0.06726275384426117
C:\Projects\TM470\data\processed\test\Boletus\0206_TyUG66hONcc.jpg,Boletus/0206_TyUG66hONcc.jpg,Boletus,Boletus,True,0.7786993980407715,0.0039883999997982,ResNet18,test,0.002084563486278057,0.0007752067758701742,0.7786993980407715,0.00781142758205533,0.004143908154219389,2.6815223463927396e-06,0.0004852390557061881,0.0024893758818507195,0.1532946527004242,0.04502897337079048,0.005184560548514128
C:\Projects\TM470\data\processed\test\Boletus\0207_oXbD8i2vkVg.jpg,Boletus/0207_oXbD8i2vkVg.jpg,Boletus,Russula,False,0.3787154257297516,0.0041076000052271,ResNet18,test,0.1314919888973236,0.1442643702030182,0.12327952682971954,0.06364119052886963,0.01568710245192051,0.0004198354436084628,0.0049345847219228745,0.02881176769733429,0.07121829688549042,0.3787154257297516,0.03753593564033508
C:\Projects\TM470\data\processed\test\Boletus\0227_j49x_C5p-CU.jpg,Boletus/0227_j49x_C5p-CU.jpg,Boletus,Boletus,True,0.7266767621040344,0.0039333000022452,ResNet18,test,0.03071199730038643,0.11674652248620987,0.7266767621040344,0.006555370520800352,0.0007182808476500213,1.9414381313254125e-05,0.0004506445548031479,0.017983805388212204,0.015256953425705433,0.026337958872318268,0.05854233354330063
C:\Projects\TM470\data\processed\test\Boletus\0238_qz-FM7SB6M0.jpg,Boletus/0238_qz-FM7SB6M0.jpg,Boletus,Boletus,True,0.9049714803695679,0.0039142000023275,ResNet18,test,0.0022856572177261114,0.015358098782598972,0.9049714803695679,0.013396152295172215,0.00038485077675431967,0.00023036003403831273,0.0003886923659592867,0.012526173144578934,0.01701650395989418,0.006806949619203806,0.0266350619494915
C:\Projects\TM470\data\processed\test\Boletus\0240_VJBB4bFGy00.jpg,Boletus/0240_VJBB4bFGy00.jpg,Boletus,Boletus,True,0.9970940351486206,0.003787800000282,ResNet18,test,1.2187644642835949e-05,9.838734695222229e-05,0.9970940351486206,0.000187642450327985,3.4495055842853617e-06,9.252172916696111e-10,1.787033738764876e-06,2.4042994937190088e-06,0.0007938620401546359,0.0014833926688879728,0.00032293060212396085
C:\Projects\TM470\data\processed\test\Boletus\0245_M167aLbLgs8.jpg,Boletus/0245_M167aLbLgs8.jpg,Boletus,Boletus,True,0.9042436480522156,0.0041402999922866,ResNet18,test,0.00036009392351843417,0.004933750256896019,0.9042436480522156,0.004498865455389023,1.0229799045191612e-05,1.0407356088038e-09,0.00017736255540512502,0.00016650200996082276,0.001526647713035345,0.0003257738135289401,0.08375709503889084
C:\Projects\TM470\data\processed\test\Boletus\0249_50wVqwSNvhw.jpg,Boletus/0249_50wVqwSNvhw.jpg,Boletus,Boletus,True,0.8699764609336853,0.0041093000036198,ResNet18,test,0.030128497630357742,0.03859534487128258,0.8699764609336853,0.011474672704935074,0.00016251685156021267,2.6576221898721997e-06,0.0001563548867125064,0.0009389434708282351,0.0076782540418207645,0.014686579816043377,0.026199618354439735
C:\Projects\TM470\data\processed\test\Boletus\0253_g1jTDCR3Zu4.jpg,Boletus/0253_g1jTDCR3Zu4.jpg,Boletus,Boletus,True,0.8757220506668091,0.0043071999971289,ResNet18,test,0.009033859707415104,0.029518885537981987,0.8757220506668091,0.006000306457281113,0.0002784849493764341,1.2217035873618443e-05,0.00010210661275777966,0.00859223585575819,0.017738867551088333,0.02386726252734661,0.029133664444088936
C:\Projects\TM470\data\processed\test\Boletus\0259_RjpNYKf3Zag.jpg,Boletus/0259_RjpNYKf3Zag.jpg,Boletus,Entoloma,False,0.3549116551876068,0.0040144999948097,ResNet18,test,0.05632389336824417,0.07622150331735611,0.003065218450501561,0.07567528635263443,0.3549116551876068,0.03977295011281967,0.014805116690695286,0.011391427367925644,0.26925548911094666,0.09617945551872253,0.002397994277998805
C:\Projects\TM470\data\processed\test\Boletus\0261_Dag-SrdgNL4.jpg,Boletus/0261_Dag-SrdgNL4.jpg,Boletus,Boletus,True,0.9913226366043091,0.0040006000053836,ResNet18,test,0.00029549849568866193,0.0029215794056653976,0.9913226366043091,0.001012786291539669,0.00012405023153405637,1.7390098605574167e-07,7.01418102835305e-05,0.00012488517677411437,0.0014966289745643735,0.0007372769759967923,0.0018942272290587425
C:\Projects\TM470\data\processed\test\Boletus\0263_nUgkvTMYYa4.jpg,Boletus/0263_nUgkvTMYYa4.jpg,Boletus,Boletus,True,0.9335159659385681,0.0038884999958099,ResNet18,test,0.0009415282402187586,0.0069253030233085155,0.9335159659385681,0.01411407720297575,1.893433181976434e-05,6.359471171890618e-07,1.543254438729491e-05,8.275162690551952e-05,0.005087218247354031,0.03533749654889107,0.003960569389164448
C:\Projects\TM470\data\processed\test\Boletus\0264_47xi69ImS58.jpg,Boletus/0264_47xi69ImS58.jpg,Boletus,Boletus,True,0.34182652831077576,0.0035938000073656,ResNet18,test,0.07245326042175293,0.27196115255355835,0.34182652831077576,0.016956055536866188,0.005029845517128706,1.07973266949557e-06,0.006878105457872152,0.018458953127264977,0.03778139501810074,0.09332993626594543,0.13532379269599915
C:\Projects\TM470\data\processed\test\Boletus\0285_5r1D03ayo_A.jpg,Boletus/0285_5r1D03ayo_A.jpg,Boletus,Boletus,True,0.6215621829032898,0.0041591000044718,ResNet18,test,0.011357370764017105,0.028051158413290977,0.6215621829032898,0.01795036904513836,0.0017294115386903286,0.0002540744608268142,0.0006299708620645106,0.045297302305698395,0.03367237001657486,0.14214253425598145,0.0973532423377037
C:\Projects\TM470\data\processed\test\Boletus\0297_Q4fwdJ_9PxA.jpg,Boletus/0297_Q4fwdJ_9PxA.jpg,Boletus,Boletus,True,0.9559214115142822,0.0034854999976232,ResNet18,test,0.0008043982088565826,0.0015220858622342348,0.9559214115142822,0.0014019510708749294,6.728711014147848e-05,4.248907146120473e-07,4.674667798099108e-05,0.0017727123340591788,0.0050686500035226345,0.003578600939363241,0.029815800487995148
C:\Projects\TM470\data\processed\test\Boletus\0298_01Q7PUhybdQ.jpg,Boletus/0298_01Q7PUhybdQ.jpg,Boletus,Boletus,True,0.448243647813797,0.0039882999990368,ResNet18,test,0.015476643107831478,0.050426412373781204,0.448243647813797,0.01728873699903488,0.022112330421805382,1.3704217053600587e-05,0.0007567430147901177,0.011240461841225624,0.11960272490978241,0.148612380027771,0.16622623801231384
C:\Projects\TM470\data\processed\test\Boletus\0299_Ue9AxhqQqyc.jpg,Boletus/0299_Ue9AxhqQqyc.jpg,Boletus,Boletus,True,0.9973512887954712,0.0039028000028338,ResNet18,test,7.001846825005487e-05,0.0005880402750335634,0.9973512887954712,0.0001548422296764329,6.523958745674463e-06,1.4456858821176866e-07,4.32630731665995e-05,9.81267003226094e-05,0.0007546020206063986,0.0003157100873067975,0.0006173595320433378
C:\Projects\TM470\data\processed\test\Boletus\0304_7bLIdSVgaIM.jpg,Boletus/0304_7bLIdSVgaIM.jpg,Boletus,Boletus,True,0.982352077960968,0.0040080000035231,ResNet18,test,0.000558014027774334,0.00365208787843585,0.982352077960968,0.002474266104400158,6.12064977758564e-05,1.316513771598693e-05,0.0002415059570921585,0.0009245979017578065,0.003393192309886217,0.00491448724642396,0.001415424863807857
C:\Projects\TM470\data\processed\test\Boletus\0306_64D0ZnNktPM.jpg,Boletus/0306_64D0ZnNktPM.jpg,Boletus,Boletus,True,0.8688927888870239,0.0040259000088553,ResNet18,test,0.00939283799380064,0.06699629127979279,0.8688927888870239,0.001088293269276619,0.0002520288107916713,9.358177521789912e-06,0.000215135034522973,0.011027916334569454,0.01604290120303631,0.010340847074985504,0.015741562470793724
C:\Projects\TM470\data\processed\test\Boletus\0310__tra6Lo5W9Q.jpg,Boletus/0310__tra6Lo5W9Q.jpg,Boletus,Boletus,True,0.6796109080314636,0.0042207999940728,ResNet18,test,0.003687109099701047,0.006697710137814283,0.6796109080314636,0.01934725232422352,0.0013098862254992127,5.386319799072226e-07,0.007177323568612337,0.0016890043625608087,0.09656848013401031,0.046830471605062485,0.13708128035068512
C:\Projects\TM470\data\processed\test\Boletus\0313_UMgAL-_294g.jpg,Boletus/0313_UMgAL-_294g.jpg,Boletus,Boletus,True,0.8977312445640564,0.0036809000011999,ResNet18,test,0.004103897139430046,0.03332085907459259,0.8977312445640564,0.002893066732212901,0.0036453816574066877,2.177406713599339e-05,0.003030983032658696,0.002810582285746932,0.027332192286849022,0.011181426234543324,0.013928739354014397
C:\Projects\TM470\data\processed\test\Boletus\0315_TZK9JOYNO7Q.jpg,Boletus/0315_TZK9JOYNO7Q.jpg,Boletus,Boletus,True,0.9978275895118713,0.0036593999975593,ResNet18,test,4.6167791879270226e-05,0.00010081232903758064,0.9978275895118713,5.0603863201104105e-05,9.85823362498195e-07,1.2645390290444425e-09,5.119652541907271e-06,2.396401032456197e-05,0.0003338151436764747,0.0001775017153704539,0.0014333693543449044
C:\Projects\TM470\data\processed\test\Boletus\0320_Fj4PirBfkK0.jpg,Boletus/0320_Fj4PirBfkK0.jpg,Boletus,Cortinarius,False,0.3005916178226471,0.0038203000003704,ResNet18,test,0.02080126479268074,0.06846875697374344,0.1535608172416687,0.3005916178226471,0.024229994043707848,0.0030846723821014166,0.04341965913772583,0.017071081325411797,0.23608669638633728,0.08905389159917831,0.04363151639699936
C:\Projects\TM470\data\processed\test\Boletus\0336__FEoILXRJaU.jpg,Boletus/0336__FEoILXRJaU.jpg,Boletus,Russula,False,0.6886275410652161,0.0040204000106314,ResNet18,test,0.006730447057634592,0.06932839751243591,0.16428899765014648,0.051091600209474564,0.000745659286621958,0.0007201785920187831,0.0007032921421341598,0.00037257783696986735,0.016857443377375603,0.6886275410652161,0.0005338621558621526
C:\Projects\TM470\data\processed\test\Boletus\0344_3nzDfs3jlQQ.jpg,Boletus/0344_3nzDfs3jlQQ.jpg,Boletus,Boletus,True,0.9986435770988464,0.0043269000016152,ResNet18,test,4.5279066398506984e-05,0.0008573700324632227,0.9986435770988464,3.135345468763262e-05,1.0264471939080977e-06,7.604991303367115e-09,6.74085958962678e-06,1.2013717423542403e-05,0.00018486889894120395,0.00016159327060449868,5.608323044725694e-05
C:\Projects\TM470\data\processed\test\Boletus\0358_MmNt3oIzcU8.jpg,Boletus/0358_MmNt3oIzcU8.jpg,Boletus,Boletus,True,0.9908269047737122,0.004238699999405,ResNet18,test,9.109421625907999e-06,3.223582461941987e-05,0.9908269047737122,0.003547410946339369,9.272640113522357e-07,6.032708910197471e-08,1.011991571431281e-05,0.00019969511777162552,0.0012472991365939379,0.00012925984628964216,0.003996877931058407
C:\Projects\TM470\data\processed\test\Boletus\0365_w3QgqqeP-C8.jpg,Boletus/0365_w3QgqqeP-C8.jpg,Boletus,Boletus,True,0.6836006045341492,0.0035958999942522,ResNet18,test,0.009865633212029934,0.03542129695415497,0.6836006045341492,0.054242152720689774,0.0008213645778596401,0.006854780949652195,0.003008617088198662,0.03216424956917763,0.07205276191234589,0.08151823282241821,0.020450305193662643
C:\Projects\TM470\data\processed\test\Boletus\0372_EVEx-OOzR1U.jpg,Boletus/0372_EVEx-OOzR1U.jpg,Boletus,Boletus,True,0.9898244738578796,0.0070035999960964,ResNet18,test,4.4617689127335325e-05,0.0007913834997452796,0.9898244738578796,0.0013721148716285825,5.941322524449788e-05,1.175785200757673e-06,0.0003929398662876338,0.0005569264758378267,0.004625209607183933,0.00029283983167260885,0.002038820181041956
C:\Projects\TM470\data\processed\test\Boletus\0388_M54uL5T9TkM.jpg,Boletus/0388_M54uL5T9TkM.jpg,Boletus,Boletus,True,0.9811906218528748,0.0048646999930497,ResNet18,test,5.2274841436883435e-05,0.0016511989524587989,0.9811906218528748,0.0034674787893891335,2.800884612952359e-05,1.2739649264403852e-06,0.000332617579260841,0.0014294718857854605,0.001991816097870469,0.0001658879773458466,0.00968932919204235
C:\Projects\TM470\data\processed\test\Boletus\0391_s9Ag92abtK8.jpg,Boletus/0391_s9Ag92abtK8.jpg,Boletus,Boletus,True,0.9091399312019348,0.0039099999994505,ResNet18,test,0.006528428755700588,0.005109821911901236,0.9091399312019348,0.01065706368535757,0.000916574033908546,0.0006904373876750469,0.00201309472322464,0.02710653655230999,0.020084794610738754,0.005022691562771797,0.012730548158288002
C:\Projects\TM470\data\processed\test\Boletus\0395_jZFg843mP4g.jpg,Boletus/0395_jZFg843mP4g.jpg,Boletus,Boletus,True,0.8748670220375061,0.0039752000011503,ResNet18,test,0.00402216799557209,0.04140293225646019,0.8748670220375061,0.007628319784998894,0.00026655697729438543,3.774587457883172e-05,0.00028292645583860576,0.008206643164157867,0.038121867924928665,0.006336541846394539,0.018827402964234352
C:\Projects\TM470\data\processed\test\Boletus\0396_SY7PYfYNq88.jpg,Boletus/0396_SY7PYfYNq88.jpg,Boletus,Boletus,True,0.9976311922073364,0.0038901999942027,ResNet18,test,3.478796861600131e-05,0.0008631324162706733,0.9976311922073364,0.00016049340774770826,1.191402134281816e-06,6.896723903082602e-08,1.687330268396181e-06,8.015587081899866e-05,0.0004540113150142133,8.681856706971303e-05,0.0006864440510980785
C:\Projects\TM470\data\processed\test\Boletus\0398_5b-zJ94MXQk.jpg,Boletus/0398_5b-zJ94MXQk.jpg,Boletus,Boletus,True,0.9823293089866638,0.0037848000065423,ResNet18,test,0.0004183082783129066,0.0016378766158595681,0.9823293089866638,0.003429714124649763,0.00011198690481251106,2.2685837848257506e-06,0.00020943788695149124,0.0003928848309442401,0.0031076117884367704,0.007198703940957785,0.0011619365541264415
C:\Projects\TM470\data\processed\test\Boletus\0410_jhaHnXdb-IM.jpg,Boletus/0410_jhaHnXdb-IM.jpg,Boletus,Boletus,True,0.9674324989318848,0.0040876999992178,ResNet18,test,0.0003548981330823153,0.002857072511687875,0.9674324989318848,0.0012798454845324159,3.8447320548584685e-05,6.814439643676451e-07,0.00010734839452197775,0.0019398126751184464,0.009589564055204391,0.0012362796114757657,0.015163504518568516
C:\Projects\TM470\data\processed\test\Boletus\0426_LWjQTfRMiXo.jpg,Boletus/0426_LWjQTfRMiXo.jpg,Boletus,Boletus,True,0.9396069645881653,0.0038423999940278,ResNet18,test,0.0010846880031749606,0.003945591859519482,0.9396069645881653,0.0055075050331652164,5.375553882913664e-05,4.78547963211895e-06,0.0005326845566742122,0.00011750094563467428,0.016566259786486626,0.031114110723137856,0.0014660616870969534
C:\Projects\TM470\data\processed\test\Boletus\0439_O6QzBvZavTM.jpg,Boletus/0439_O6QzBvZavTM.jpg,Boletus,Boletus,True,0.9730033278465271,0.0038159999967319,ResNet18,test,7.730575453024358e-05,0.0005260788020677865,0.9730033278465271,0.00047433440340682864,1.5201943597276113e-06,9.457039595872629e-07,1.2866357792518102e-06,0.0059262774884700775,0.0048872847110033035,0.0006444696336984634,0.014457114040851593
C:\Projects\TM470\data\processed\test\Boletus\0446_xHS1WNA5GOs.jpg,Boletus/0446_xHS1WNA5GOs.jpg,Boletus,Inocybe,False,0.6302914023399353,0.0038901000079931,ResNet18,test,0.006037925370037556,0.020204273983836174,0.07839791476726532,0.03640871122479439,0.006796472705900669,0.013531290926039219,0.1228383406996727,0.6302914023399353,0.0181453675031662,0.01253498438745737,0.05481335148215294
C:\Projects\TM470\data\processed\test\Boletus\0457_lZNPtp0I8xY.jpg,Boletus/0457_lZNPtp0I8xY.jpg,Boletus,Boletus,True,0.8849034905433655,0.0038838000036776,ResNet18,test,0.0019553585443645716,0.0865909606218338,0.8849034905433655,0.001030214480124414,0.00015117278962861747,3.8849325392220635e-06,0.0003438572457525879,0.0007247531320899725,0.015772724524140358,0.006831677630543709,0.0016918241744861007
C:\Projects\TM470\data\processed\test\Boletus\0471_lxzgCXnZUlM.jpg,Boletus/0471_lxzgCXnZUlM.jpg,Boletus,Boletus,True,0.5002183318138123,0.0041269000066677,ResNet18,test,0.0022977476473897696,0.048313070088624954,0.5002183318138123,0.1443037986755371,0.0005910501349717379,4.575876300805248e-05,0.0298299640417099,0.0065530226565897465,0.03653495013713837,0.01882648654282093,0.21248586475849152
C:\Projects\TM470\data\processed\test\Boletus\0473_x9mm3RQN3OQ.jpg,Boletus/0473_x9mm3RQN3OQ.jpg,Boletus,Russula,False,0.5721578598022461,0.0041115000058198,ResNet18,test,0.014784406870603561,0.047890275716781616,0.123464435338974,0.0031516659073531628,0.012249540537595749,7.8050425145193e-06,0.0034377810079604387,0.0009066713973879814,0.20590707659721375,0.5721578598022461,0.016042537987232208
C:\Projects\TM470\data\processed\test\Boletus\0476_qTLS2LtmH20.jpg,Boletus/0476_qTLS2LtmH20.jpg,Boletus,Boletus,True,0.6198320984840393,0.0042423000122653,ResNet18,test,0.006068182643502951,0.042435433715581894,0.6198320984840393,0.06115592271089554,0.003330300562083721,4.4195108785061166e-05,0.0012303501134738326,0.014870168641209602,0.05890845134854317,0.07585333287715912,0.11627154052257538
C:\Projects\TM470\data\processed\test\Boletus\0478_IqIYZ5z8ZaA.jpg,Boletus/0478_IqIYZ5z8ZaA.jpg,Boletus,Boletus,True,0.9511793851852417,0.0041649999911896,ResNet18,test,9.078163566300645e-05,3.3083342714235187e-05,0.9511793851852417,0.007892453111708164,2.7483505618874915e-05,4.569210076965646e-08,2.4507640773663297e-05,0.0001327954523731023,0.03016781434416771,0.008223540149629116,0.002228150377050042
C:\Projects\TM470\data\processed\test\Boletus\0482_bwKqTN52ZY0.jpg,Boletus/0482_bwKqTN52ZY0.jpg,Boletus,Russula,False,0.5732048153877258,0.0041493999888189,ResNet18,test,0.011315789073705673,0.006367478519678116,0.12295102328062057,0.037005044519901276,0.0017066195141524076,0.0012830240884795785,0.00012936699204146862,0.10822531580924988,0.12724028527736664,0.5732048153877258,0.010571260936558247
C:\Projects\TM470\data\processed\test\Boletus\0485_2M-1Jj2XXfU.jpg,Boletus/0485_2M-1Jj2XXfU.jpg,Boletus,Boletus,True,0.8366054892539978,0.0041299000004073,ResNet18,test,0.0012352175544947386,0.004071097820997238,0.8366054892539978,0.008713023737072945,0.001892969012260437,1.5100112022992107e-06,0.004317165352404118,0.00047969844308681786,0.05834541842341423,0.07862725108861923,0.0057111987844109535
C:\Projects\TM470\data\processed\test\Boletus\0487_V0mcOZZWsYc.jpg,Boletus/0487_V0mcOZZWsYc.jpg,Boletus,Boletus,True,0.5817416906356812,0.0049440000002505,ResNet18,test,0.004449843429028988,0.007633042521774769,0.5817416906356812,0.009940332733094692,0.0007865073857828975,3.360193261414679e-07,0.002634977223351598,0.0012807296589016914,0.05694049224257469,0.31529051065444946,0.01930156908929348
C:\Projects\TM470\data\processed\test\Boletus\0496_oW-MXvWIdeg.jpg,Boletus/0496_oW-MXvWIdeg.jpg,Boletus,Boletus,True,0.2544235289096832,0.0047617000091122,ResNet18,test,0.04770932346582413,0.10020718723535538,0.2544235289096832,0.05114023759961128,0.01058184914290905,1.3253618817543611e-05,0.00953294150531292,0.0060352664440870285,0.24762587249279022,0.09833985567092896,0.17439070343971252
C:\Projects\TM470\data\processed\test\Boletus\0501_RcynfiUwksM.jpg,Boletus/0501_RcynfiUwksM.jpg,Boletus,Boletus,True,0.9619266390800476,0.0037911000108579,ResNet18,test,0.0006887217168696225,0.0036118461284786463,0.9619266390800476,0.0006669367430731654,2.479608701833058e-05,3.1368291075750676e-08,1.399882330588298e-05,0.0005743482033722103,0.006670375354588032,0.014567793346941471,0.01125461794435978
C:\Projects\TM470\data\processed\test\Boletus\0515_fH8FRrp-Rc4.jpg,Boletus/0515_fH8FRrp-Rc4.jpg,Boletus,Lactarius,False,0.38110676407814026,0.0044932000018889,ResNet18,test,0.014066176488995552,0.01567796804010868,0.3270944356918335,0.0076280920766294,0.007884460501372814,2.122307341778651e-05,0.0008750749984756112,0.05149906501173973,0.38110676407814026,0.08816419541835785,0.10598253458738327
C:\Projects\TM470\data\processed\test\Boletus\0516_jSgZvx-y_IA.jpg,Boletus/0516_jSgZvx-y_IA.jpg,Boletus,Boletus,True,0.9788234233856201,0.0039649000100325,ResNet18,test,0.0005480138934217393,0.0022135653998702765,0.9788234233856201,0.0016265728045254946,7.231321797007695e-05,2.5659810276579265e-08,0.00011522143904585391,0.0004444167425390333,0.0022171051241457462,0.0011808107374235988,0.01275852881371975
C:\Projects\TM470\data\processed\test\Boletus\0551_xiALBJABq4k.jpg,Boletus/0551_xiALBJABq4k.jpg,Boletus,Boletus,True,0.9072955846786499,0.0039210000104503,ResNet18,test,0.017135391011834145,0.01789705641567707,0.9072955846786499,0.0007705880561843514,1.1734015970432665e-05,6.948995405764435e-07,3.411429133848287e-05,0.004355562385171652,0.014492970891296864,0.03091265819966793,0.007093640044331551
C:\Projects\TM470\data\processed\test\Boletus\0552_Sm0FWjXpCUA.jpg,Boletus/0552_Sm0FWjXpCUA.jpg,Boletus,Russula,False,0.28690004348754883,0.003901299991412,ResNet18,test,0.015744755044579506,0.028134508058428764,0.2708474397659302,0.06038931757211685,0.003949134610593319,0.006918277125805616,0.020511828362941742,0.13796979188919067,0.09360070526599884,0.28690004348754883,0.07503419369459152
C:\Projects\TM470\data\processed\test\Boletus\0569_DpPGoGLCmxw.jpg,Boletus/0569_DpPGoGLCmxw.jpg,Boletus,Boletus,True,0.7948527932167053,0.0039021999982651,ResNet18,test,0.015541501343250275,0.016622865572571754,0.7948527932167053,0.037163201719522476,2.6269319278071634e-05,5.928800419496838e-06,0.0004844768554903567,0.000728356302715838,0.011918580159544945,0.11298240721225739,0.009673510678112507
C:\Projects\TM470\data\processed\test\Boletus\0590_U1iXqaOG__4.jpg,Boletus/0590_U1iXqaOG__4.jpg,Boletus,Boletus,True,0.9967721104621887,0.0038899999926798,ResNet18,test,4.331514901423361e-06,0.0001587606529938057,0.9967721104621887,0.00020530758774839342,1.2989902131721465e-07,2.4715636204319935e-09,4.370940132503165e-06,3.549777829903178e-05,0.00027995050186291337,0.0004998210933990777,0.0020396558102220297
C:\Projects\TM470\data\processed\test\Boletus\0596_1eBgViXIxTo.jpg,Boletus/0596_1eBgViXIxTo.jpg,Boletus,Boletus,True,0.6014394760131836,0.0038702000019839,ResNet18,test,0.0026718226727098227,0.012516068294644356,0.6014394760131836,0.0193194430321455,0.0001520048244856298,0.0001252157089766115,0.0013434742577373981,0.09420952200889587,0.02253751829266548,0.00847708247601986,0.23720839619636536
C:\Projects\TM470\data\processed\test\Boletus\0599_KA0H3vejy08.jpg,Boletus/0599_KA0H3vejy08.jpg,Boletus,Boletus,True,0.9919004440307617,0.0039420000102836,ResNet18,test,2.6604451704770327e-05,0.0009809602051973343,0.9919004440307617,0.0006480038864538074,1.1747891221602913e-05,1.1622440787562027e-08,6.474589463323355e-05,5.934820001129992e-05,0.0012909655924886465,0.0008970174822025001,0.004120071418583393
C:\Projects\TM470\data\processed\test\Boletus\0608_iR5VKlchysc.jpg,Boletus/0608_iR5VKlchysc.jpg,Boletus,Boletus,True,0.9976008534431458,0.0039292000001296,ResNet18,test,2.7781929020420648e-05,0.0003116311854682863,0.9976008534431458,0.0003541027253959328,3.667006467367173e-06,9.71922098358391e-09,5.095479355077259e-05,5.715113366022706e-05,0.0004374574637040496,0.00011198199354112148,0.0010444705840200186
C:\Projects\TM470\data\processed\test\Boletus\0612_8lQr8TbwImc.jpg,Boletus/0612_8lQr8TbwImc.jpg,Boletus,Boletus,True,0.9983400106430054,0.0038959000085014,ResNet18,test,1.696207618806511e-05,8.409258043684531e-06,0.9983400106430054,0.00011613174137892202,6.922414286236744e-08,1.6369043707303854e-12,6.286987854764448e-07,1.314212170200335e-07,0.0005728270043618977,0.00014436821220442653,0.0008005142444744706
C:\Projects\TM470\data\processed\test\Boletus\0624_RmlDHXvJUeU.jpg,Boletus/0624_RmlDHXvJUeU.jpg,Boletus,Boletus,True,0.9240021705627441,0.0044246000034036,ResNet18,test,0.0019618431106209755,0.005873855669051409,0.9240021705627441,0.002916535595431924,0.00036475472734309733,4.72047446464785e-07,0.0004336901765782386,0.0025402414612472057,0.01851673051714897,0.004165274556726217,0.0392245277762413
C:\Projects\TM470\data\processed\test\Boletus\0631_PJXNFQZc7n8.jpg,Boletus/0631_PJXNFQZc7n8.jpg,Boletus,Boletus,True,0.6468104720115662,0.0042523000010987,ResNet18,test,0.0018447303446009755,0.01078042108565569,0.6468104720115662,0.004933090414851904,0.000227043274207972,1.189726503980637e-06,0.00037919150781817734,0.0070347837172448635,0.08826476335525513,0.06659300625324249,0.1731312870979309
C:\Projects\TM470\data\processed\test\Boletus\0632_Rc_3hYDbYqU.jpg,Boletus/0632_Rc_3hYDbYqU.jpg,Boletus,Boletus,True,0.6259835958480835,0.0040722999983699,ResNet18,test,0.0018324634293094277,0.001850356231443584,0.6259835958480835,0.004365758504718542,4.327534406911582e-05,1.7745927038959053e-07,6.817458779551089e-05,0.003457291517406702,0.13088738918304443,0.16933855414390564,0.06217290833592415
C:\Projects\TM470\data\processed\test\Boletus\0635_-J_6XTsYZMA.jpg,Boletus/0635_-J_6XTsYZMA.jpg,Boletus,Cortinarius,False,0.43199631571769714,0.0038788999954704,ResNet18,test,0.24820305407047272,0.03359492868185043,0.049792997539043427,0.43199631571769714,0.014884497970342636,2.86464205601078e-06,0.008778941817581654,0.0001390880352118984,0.03644561395049095,0.14329883456230164,0.03286287561058998
C:\Projects\TM470\data\processed\test\Boletus\0645_l3ki0s-WOCU.jpg,Boletus/0645_l3ki0s-WOCU.jpg,Boletus,Amanita,False,0.43514689803123474,0.0039184000052046,ResNet18,test,0.0297910925000906,0.43514689803123474,0.0813843309879303,0.058371033519506454,0.05825188755989075,0.00611982261762023,0.06919931620359421,0.017186684533953667,0.08857978880405426,0.1224004328250885,0.03356871381402016
C:\Projects\TM470\data\processed\test\Boletus\0646_X-9LZJb_Mm8.jpg,Boletus/0646_X-9LZJb_Mm8.jpg,Boletus,Boletus,True,0.898758053779602,0.0039122000016504,ResNet18,test,0.0003352952189743519,0.002674260875210166,0.898758053779602,0.024349482730031013,0.00015759530651848763,1.0474187774889288e-06,0.000288524228380993,0.00025321796420030296,0.0358252115547657,0.03281731531023979,0.004539941903203726
C:\Projects\TM470\data\processed\test\Boletus\0654_S0ZETeWMBPU.jpg,Boletus/0654_S0ZETeWMBPU.jpg,Boletus,Inocybe,False,0.42821523547172546,0.0042219000024488,ResNet18,test,0.010856172069907188,0.08943893015384674,0.06916550546884537,0.0358789823949337,0.01632545329630375,0.0068337260745465755,0.03035605698823929,0.42821523547172546,0.07217396050691605,0.009569501504302025,0.23118650913238525
C:\Projects\TM470\data\processed\test\Boletus\0659_r1c48yLOmjA.jpg,Boletus/0659_r1c48yLOmjA.jpg,Boletus,Boletus,True,0.938731849193573,0.0047305000043706,ResNet18,test,0.0014857667265459895,0.003239206736907363,0.938731849193573,0.010809643194079399,6.115747237345204e-05,8.383304361814226e-07,0.0004929788992740214,0.016736123710870743,0.01206964161247015,0.0024877628311514854,0.013885123655200005
C:\Projects\TM470\data\processed\test\Boletus\0662_zLAxc0c9R_M.jpg,Boletus/0662_zLAxc0c9R_M.jpg,Boletus,Boletus,True,0.9548484086990356,0.0041356000001542,ResNet18,test,4.5149197831051424e-05,0.0021976009011268616,0.9548484086990356,0.009754780679941177,5.269563553156331e-05,3.27746329276124e-06,0.0015748824225738645,0.0023423300590366125,0.0038024031091481447,0.0007893095607869327,0.024589089676737785
C:\Projects\TM470\data\processed\test\Boletus\0664_aAvZIRDPNUI.jpg,Boletus/0664_aAvZIRDPNUI.jpg,Boletus,Boletus,True,0.2946409583091736,0.0038783000054536,ResNet18,test,0.00843446608632803,0.07676662504673004,0.2946409583091736,0.18139369785785675,0.08127130568027496,0.0008311204728670418,0.04348663613200188,0.011870921589434147,0.08903578668832779,0.19659948348999023,0.015669064596295357
C:\Projects\TM470\data\processed\test\Boletus\0665_oAzt25TNZeQ.jpg,Boletus/0665_oAzt25TNZeQ.jpg,Boletus,Boletus,True,0.8114632964134216,0.0039404999988619,ResNet18,test,0.004688912536948919,0.01706615276634693,0.8114632964134216,0.00952863972634077,0.001050370279699564,0.0013088798150420189,0.00039220252074301243,0.12217778712511063,0.02730450965464115,0.002205559518188238,0.0028137341141700745
C:\Projects\TM470\data\processed\test\Boletus\0670_K_TCbzxFUGM.jpg,Boletus/0670_K_TCbzxFUGM.jpg,Boletus,Boletus,True,0.6707025170326233,0.0039009000029182,ResNet18,test,0.004106811247766018,0.004784301854670048,0.6707025170326233,0.004101800732314587,0.00047641046694479883,2.1154773932607895e-08,0.0004564858099911362,0.0005030498723499477,0.07333049923181534,0.05664139240980148,0.18489673733711243
C:\Projects\TM470\data\processed\test\Boletus\0684_vMnFJrCY0pg.jpg,Boletus/0684_vMnFJrCY0pg.jpg,Boletus,Lactarius,False,0.5649404525756836,0.0041370000108145,ResNet18,test,0.010251146741211414,0.019104696810245514,0.11674530804157257,0.0922950878739357,0.004546689335256815,0.002401855308562517,0.002665332518517971,0.09883134812116623,0.5649404525756836,0.029048321768641472,0.05916979908943176
C:\Projects\TM470\data\processed\test\Boletus\0686_HDMT9DDObck.jpg,Boletus/0686_HDMT9DDObck.jpg,Boletus,Russula,False,0.716256320476532,0.0040301999979419,ResNet18,test,0.004949587397277355,0.002729213796555996,0.01547830831259489,0.0071916659362614155,7.14898924343288e-05,2.0126606159465155e-07,0.00024027311883401126,0.0015242937952280045,0.2150896042585373,0.716256320476532,0.03646900877356529
C:\Projects\TM470\data\processed\test\Boletus\0687_OAh8DHQ9Ejw.jpg,Boletus/0687_OAh8DHQ9Ejw.jpg,Boletus,Boletus,True,0.9587981104850769,0.0042653999989852,ResNet18,test,0.0026945245917886496,0.01919255033135414,0.9587981104850769,0.006434579845517874,6.851840589661151e-05,5.322445576894097e-05,0.0004867320822086185,0.001006168546155095,0.006696966011077166,0.0036432829219847918,0.0009254234610125422
C:\Projects\TM470\data\processed\test\Boletus\0691_aeOqhuNhZUo.jpg,Boletus/0691_aeOqhuNhZUo.jpg,Boletus,Amanita,False,0.4887426197528839,0.0039599000010639,ResNet18,test,0.01888883300125599,0.4887426197528839,0.2616277039051056,0.0274380911141634,0.0015528496587648988,3.883997578668641e-06,0.0631430596113205,0.0033650933764874935,0.015618784353137016,0.05800839141011238,0.06161068007349968
C:\Projects\TM470\data\processed\test\Boletus\0694_ZGhTNFYpRF0.jpg,Boletus/0694_ZGhTNFYpRF0.jpg,Boletus,Russula,False,0.504036545753479,0.0042588999931467,ResNet18,test,0.006472679786384106,0.020364264026284218,0.02031531184911728,0.052601829171180725,0.01783340983092785,0.0009665574179962277,0.11489415913820267,0.005751564633101225,0.2556893527507782,0.504036545753479,0.0010742953745648265
C:\Projects\TM470\data\processed\test\Boletus\0705_zAx-31wgOX8.jpg,Boletus/0705_zAx-31wgOX8.jpg,Boletus,Boletus,True,0.5546776056289673,0.0039851000037742,ResNet18,test,0.0003886313643306494,0.0008881216053850949,0.5546776056289673,0.04054522514343262,0.00010283685696776956,3.4152199646086956e-07,0.0013997855130583048,0.0004996975767426193,0.24997578561306,0.12572328746318817,0.025798650458455086
C:\Projects\TM470\data\processed\test\Boletus\0706_O2coJ1bHNyI.jpg,Boletus/0706_O2coJ1bHNyI.jpg,Boletus,Lactarius,False,0.3505309522151947,0.0042035999940708,ResNet18,test,0.001599682029336691,0.003590489039197564,0.09855445474386215,0.3241688907146454,0.0016713798977434635,0.000543164846021682,0.0020239558070898056,0.006467227358371019,0.3505309522151947,0.20144954323768616,0.00940022338181734
C:\Projects\TM470\data\processed\test\Boletus\0710_3W2LVW3vahA.jpg,Boletus/0710_3W2LVW3vahA.jpg,Boletus,Boletus,True,0.9978723526000977,0.0041959999944083,ResNet18,test,4.3834523239638656e-05,0.0005902969278395176,0.9978723526000977,0.0001496567128924653,1.6675251117703738e-06,1.7998607049207749e-09,3.412316073081456e-05,8.439455086772796e-06,0.0006972029805183411,0.0004127304127905518,0.0001896654284792021
C:\Projects\TM470\data\processed\test\Boletus\0711_BeW-0Vt9hao.jpg,Boletus/0711_BeW-0Vt9hao.jpg,Boletus,Cortinarius,False,0.46839019656181335,0.0041951000021072,ResNet18,test,0.015887273475527763,0.07842695713043213,0.010407841764390469,0.46839019656181335,0.0040938700549304485,5.5586275266250595e-05,0.004422364290803671,0.01780617982149124,0.05264390632510185,0.014444628730416298,0.33342114090919495
C:\Projects\TM470\data\processed\test\Boletus\0712_KcW299HdxJQ.jpg,Boletus/0712_KcW299HdxJQ.jpg,Boletus,Hygrocybe,False,0.4544648230075836,0.0038716999988537,ResNet18,test,0.002904389053583145,0.22807030379772186,0.024443982169032097,0.04390893876552582,0.007199288811534643,8.293017344840337e-06,0.4544648230075836,0.003983478061854839,0.06267622858285904,0.11363589763641357,0.058704305440187454
C:\Projects\TM470\data\processed\test\Boletus\0715_bpAousgaNak.jpg,Boletus/0715_bpAousgaNak.jpg,Boletus,Russula,False,0.6212347149848938,0.0039350000006379,ResNet18,test,0.013256393373012543,0.06406629830598831,0.014532518573105335,0.052637979388237,0.019935153424739838,9.415442036697641e-05,0.00946119986474514,0.040247492492198944,0.12489496171474457,0.6212347149848938,0.039639152586460114
C:\Projects\TM470\data\processed\test\Boletus\0720_5nsuj2jRfF0.jpg,Boletus/0720_5nsuj2jRfF0.jpg,Boletus,Russula,False,0.2625582814216614,0.0038696999981766,ResNet18,test,0.03179693594574928,0.20200186967849731,0.031176093965768814,0.054654818028211594,0.12509006261825562,0.01767689734697342,0.025127286091446877,0.030534960329532623,0.21193215250968933,0.2625582814216614,0.007450670935213566
C:\Projects\TM470\data\processed\test\Boletus\0731_6DJ6_aa-bZg.jpg,Boletus/0731_6DJ6_aa-bZg.jpg,Boletus,Boletus,True,0.6789919137954712,0.0041823999927146,ResNet18,test,0.009816888719797134,0.001863876823335886,0.6789919137954712,0.015104147605597973,8.339632586285006e-06,1.953935147014363e-08,4.6620079956483096e-05,7.757333514746279e-05,0.005480291787534952,0.21666337549686432,0.07194699347019196
C:\Projects\TM470\data\processed\test\Boletus\0754_zPtZnfibMT4.jpg,Boletus/0754_zPtZnfibMT4.jpg,Boletus,Hygrocybe,False,0.29304397106170654,0.0044401999912224,ResNet18,test,0.01625700108706951,0.20943240821361542,0.00263825966976583,0.041239991784095764,0.041172318160533905,0.0001691213547019288,0.29304397106170654,0.25317269563674927,0.0808054506778717,0.03173796460032463,0.0303308367729187
C:\Projects\TM470\data\processed\test\Boletus\0778_UbEygYYDhi4.jpg,Boletus/0778_UbEygYYDhi4.jpg,Boletus,Inocybe,False,0.46777865290641785,0.0039214999997057,ResNet18,test,0.02725411020219326,0.030643779784440994,0.057166166603565216,0.05497116222977638,0.05591680482029915,0.12094639241695404,0.01521056517958641,0.46777865290641785,0.05141622573137283,0.08182956278324127,0.036866605281829834
C:\Projects\TM470\data\processed\test\Boletus\0779_x10CHNm1XGs.jpg,Boletus/0779_x10CHNm1XGs.jpg,Boletus,Boletus,True,0.8288489580154419,0.0041817000019364,ResNet18,test,0.043350040912628174,0.011785408481955528,0.8288489580154419,0.0018934282707050443,4.205769073450938e-05,1.8500819765066012e-09,0.00011652092507574707,0.00012054148828610778,0.02694305218756199,0.0765468180179596,0.01035323366522789
C:\Projects\TM470\data\processed\test\Boletus\0789_HeUlbr2dIsk.jpg,Boletus/0789_HeUlbr2dIsk.jpg,Boletus,Lactarius,False,0.22370411455631256,0.0038880999927641,ResNet18,test,0.03691668063402176,0.05167664960026741,0.018157487735152245,0.10219384729862213,0.11937909573316574,0.02094791829586029,0.039071232080459595,0.1693173348903656,0.22370411455631256,0.20866264402866364,0.009972985833883286
C:\Projects\TM470\data\processed\test\Boletus\0790_pju1fCrxSyw.jpg,Boletus/0790_pju1fCrxSyw.jpg,Boletus,Amanita,False,0.7462883591651917,0.0038691000081598,ResNet18,test,0.011053740978240967,0.7462883591651917,0.0018623785581439734,0.04570253565907478,0.017427479848265648,1.646663986321073e-05,0.03579287230968475,0.05019659921526909,0.019169772043824196,0.013713441789150238,0.0587763637304306
C:\Projects\TM470\data\processed\test\Boletus\0795_O2Z0CQUcDhg.jpg,Boletus/0795_O2Z0CQUcDhg.jpg,Boletus,Boletus,True,0.9266440272331238,0.0039246999949682,ResNet18,test,0.0002725831582210958,0.00023504032287746668,0.9266440272331238,0.02448563277721405,7.914848538348451e-05,5.376176304139335e-08,0.00011144654854433611,0.0003459152940195054,0.03248380124568939,0.0021783309057354927,0.013164013624191284
C:\Projects\TM470\data\processed\test\Boletus\0797_6dpBNM8twyA.jpg,Boletus/0797_6dpBNM8twyA.jpg,Boletus,Lactarius,False,0.41066989302635193,0.0038976000068942,ResNet18,test,0.00010716391261667013,0.0011132280342280865,0.042451173067092896,0.15196199715137482,0.007681731134653091,2.4284627215820365e-05,0.3417981266975403,0.011311768554151058,0.41066989302635193,0.008044583722949028,0.024836087599396706
C:\Projects\TM470\data\processed\test\Boletus\0801_ulyFq_UWWzM.jpg,Boletus/0801_ulyFq_UWWzM.jpg,Boletus,Lactarius,False,0.3392047882080078,0.0041735999984666,ResNet18,test,0.003996814601123333,0.12564627826213837,0.1352238953113556,0.20923806726932526,0.01811591163277626,0.002599328989163041,0.009909785352647305,0.02798418328166008,0.3392047882080078,0.008069396950304508,0.12001156061887741
C:\Projects\TM470\data\processed\test\Boletus\0802_MWtsI0EKttw.jpg,Boletus/0802_MWtsI0EKttw.jpg,Boletus,Amanita,False,0.4571174383163452,0.0040549999976065,ResNet18,test,0.17104928195476532,0.4571174383163452,0.28393492102622986,0.013464098796248436,0.0004242109425831586,9.318694651483383e-07,0.0006153308786451817,0.0016358899883925915,0.014419020153582096,0.012327754870057106,0.04501112550497055
C:\Projects\TM470\data\processed\test\Boletus\0807_Iqw2hN_b0s8.jpg,Boletus/0807_Iqw2hN_b0s8.jpg,Boletus,Boletus,True,0.6771644353866577,0.0039405999996233,ResNet18,test,0.0025071825366467237,0.028455425053834915,0.6771644353866577,0.022990845143795013,0.0032817497849464417,3.4908914585685125e-06,0.0013404127676039934,0.001951471553184092,0.09895085543394089,0.13085775077342987,0.032496389001607895
C:\Projects\TM470\data\processed\test\Boletus\0811_7t2BE3xOyek.jpg,Boletus/0811_7t2BE3xOyek.jpg,Boletus,Russula,False,0.4611625671386719,0.0039106000040192,ResNet18,test,0.0620037205517292,0.04001319780945778,0.3022536337375641,0.017842521890997887,0.00012526637874543667,2.219899926103608e-07,0.0006603971123695374,0.0018922886811196804,0.07730457931756973,0.4611625671386719,0.03674168884754181
C:\Projects\TM470\data\processed\test\Boletus\0813_mXb_8YjMI_8.jpg,Boletus/0813_mXb_8YjMI_8.jpg,Boletus,Suillus,False,0.3456082046031952,0.0039692999998806,ResNet18,test,0.055305808782577515,0.06411003321409225,0.14022117853164673,0.07286855578422546,0.0026853459421545267,3.89479055229458e-06,0.008959753438830376,0.0567464604973793,0.14059866964817047,0.1128920316696167,0.3456082046031952
C:\Projects\TM470\data\processed\test\Boletus\0829_dHV6v4tZvMk.jpg,Boletus/0829_dHV6v4tZvMk.jpg,Boletus,Boletus,True,0.9488465189933777,0.0038848999975016,ResNet18,test,0.0002654568525031209,0.03346849977970123,0.9488465189933777,0.005214171018451452,3.127722447970882e-05,6.120713891277774e-08,0.0017588004702702165,0.00012877130939159542,0.0016955038299784064,0.006389452610164881,0.0022014451678842306
C:\Projects\TM470\data\processed\test\Boletus\0832_XCzDV_JY6_M.jpg,Boletus/0832_XCzDV_JY6_M.jpg,Boletus,Boletus,True,0.5976899862289429,0.0039035000081639,ResNet18,test,0.05231417343020439,0.13670548796653748,0.5976899862289429,0.0145612433552742,0.006336465943604708,2.9148743578844005e-06,0.0014651053352281451,0.0023856228217482567,0.047791242599487305,0.04042532667517662,0.10032240301370621
C:\Projects\TM470\data\processed\test\Boletus\0833_lwqKJywKCCc.jpg,Boletus/0833_lwqKJywKCCc.jpg,Boletus,Boletus,True,0.9695290923118591,0.0041822999919531,ResNet18,test,0.0005514227086678147,0.0151016591116786,0.9695290923118591,0.0026251208037137985,0.00011858691141242161,8.343152444467705e-07,0.0012539244489744306,0.0003130776167381555,0.0039214882999658585,0.002434301422908902,0.0041505033150315285
C:\Projects\TM470\data\processed\test\Boletus\0836_FkYdaUI06h0.jpg,Boletus/0836_FkYdaUI06h0.jpg,Boletus,Amanita,False,0.7185623049736023,0.0042019999964395,ResNet18,test,0.0027673151344060898,0.7185623049736023,0.04757080227136612,0.013976878486573696,0.011908127926290035,0.1561848670244217,0.003677530214190483,0.03255605697631836,0.010295851156115532,0.002274175640195608,0.0002260445326101035
C:\Projects\TM470\data\processed\test\Boletus\0839__L3OdEzm-GA.jpg,Boletus/0839__L3OdEzm-GA.jpg,Boletus,Boletus,True,0.8276678919792175,0.0039169999945443,ResNet18,test,0.005506351590156555,0.0035923412069678307,0.8276678919792175,0.00937781110405922,0.0006366056040860713,1.8446711180786224e-07,0.0004274552338756621,3.366061355336569e-05,0.020090898498892784,0.1245780661702156,0.00808869767934084
C:\Projects\TM470\data\processed\test\Boletus\0841_7XAXHIAG0d8.jpg,Boletus/0841_7XAXHIAG0d8.jpg,Boletus,Boletus,True,0.4914171099662781,0.0039096999971661,ResNet18,test,0.007339889649301767,0.004861796274781227,0.4914171099662781,0.06216549128293991,0.00020328781101852655,1.7877679056255147e-05,0.0003248110297136009,0.0008865995914675295,0.1331688016653061,0.27116814255714417,0.028446193784475327
C:\Projects\TM470\data\processed\test\Boletus\0857_lvu1iJAnbvg.jpg,Boletus/0857_lvu1iJAnbvg.jpg,Boletus,Boletus,True,0.984921395778656,0.003890499996487,ResNet18,test,0.0005612702225334942,0.0016448498936370015,0.984921395778656,0.0008215054403990507,0.00021721990196965635,1.859976528351126e-08,1.1833124517579563e-05,5.449763648357475e-06,0.0033989183139055967,0.006015497725456953,0.0024020022246986628
C:\Projects\TM470\data\processed\test\Boletus\0859_z4K-tiR_PP0.jpg,Boletus/0859_z4K-tiR_PP0.jpg,Boletus,Russula,False,0.730780303478241,0.0039431000041076,ResNet18,test,0.03217730298638344,0.02153638005256653,0.1184021532535553,0.027362685650587082,0.0009751456673257053,1.506251123828406e-08,0.007644901517778635,2.0613624656107277e-05,0.03363263979554176,0.730780303478241,0.027467815205454826
C:\Projects\TM470\data\processed\test\Boletus\0867_ExxTC0iGbxI.jpg,Boletus/0867_ExxTC0iGbxI.jpg,Boletus,Boletus,True,0.13287976384162903,0.0045056999952066,ResNet18,test,0.03489581495523453,0.10769417881965637,0.13287976384162903,0.08855413645505905,0.09647713601589203,0.012900671921670437,0.11034166812896729,0.11068516224622726,0.11285463720560074,0.10803738236427307,0.08467941731214523
C:\Projects\TM470\data\processed\test\Boletus\0870_BxgSujm7-C8.jpg,Boletus/0870_BxgSujm7-C8.jpg,Boletus,Russula,False,0.5809394121170044,0.0043259999947622,ResNet18,test,0.00938583817332983,0.016827914863824844,0.2526070475578308,0.003105588024482131,0.0007763000321574509,9.063037542667018e-10,0.00019456738664302975,7.570892194053158e-06,0.10870799422264099,0.5809394121170044,0.027447765693068504
C:\Projects\TM470\data\processed\test\Boletus\0876_Sizxg8ymXLI.jpg,Boletus/0876_Sizxg8ymXLI.jpg,Boletus,Boletus,True,0.6508417725563049,0.0045089999912306,ResNet18,test,0.004115009680390358,0.011018331162631512,0.6508417725563049,0.05235591530799866,0.00317139714024961,7.713244849583134e-05,0.002358097583055496,0.010554546490311623,0.06458893418312073,0.07445936650037766,0.1264594942331314
C:\Projects\TM470\data\processed\test\Boletus\0883_LcmFTebwKmA.jpg,Boletus/0883_LcmFTebwKmA.jpg,Boletus,Boletus,True,0.9986560344696045,0.003899299990735,ResNet18,test,0.0001302968739764765,7.862400525482371e-05,0.9986560344696045,7.218606333481148e-05,1.0720738146119402e-06,4.323192026589595e-09,2.054832748399349e-06,1.940687434398569e-05,0.0005889786407351494,0.00032228033524006605,0.00012908305507153273
C:\Projects\TM470\data\processed\test\Boletus\0891_9qHx98xefUQ.jpg,Boletus/0891_9qHx98xefUQ.jpg,Boletus,Boletus,True,0.8157432079315186,0.0039080999995348,ResNet18,test,0.024311834946274757,0.11314107477664948,0.8157432079315186,0.002755569526925683,0.00042612271499820054,2.46488161792513e-06,0.0004963962128385901,0.00545914052054286,0.015884622931480408,0.01095119770616293,0.010828299447894096
C:\Projects\TM470\data\processed\test\Boletus\0904_qppYGFqfqYg.jpg,Boletus/0904_qppYGFqfqYg.jpg,Boletus,Boletus,True,0.9813759326934814,0.0038788999954704,ResNet18,test,0.0006312704063020647,0.015977950766682625,0.9813759326934814,8.84400142240338e-05,9.476353852733155e-07,1.8241567978360962e-10,3.049407268918003e-06,1.6002890106392442e-06,0.00012607449025381356,0.0014172536320984364,0.0003774773795157671
C:\Projects\TM470\data\processed\test\Boletus\0907_JUjr6H_B0Xo.jpg,Boletus/0907_JUjr6H_B0Xo.jpg,Boletus,Russula,False,0.427280992269516,0.004179199997452,ResNet18,test,0.006224687676876783,0.0035031293518841267,0.3376368582248688,0.0035653195809572935,0.0007732094381935894,1.3490914625435835e-06,2.2509426344186068e-05,0.003234569914638996,0.1607433408498764,0.427280992269516,0.05701403692364693
C:\Projects\TM470\data\processed\test\Boletus\0910_gk8EFVec-aU.jpg,Boletus/0910_gk8EFVec-aU.jpg,Boletus,Boletus,True,0.8450053334236145,0.0057770999992499,ResNet18,test,0.002499803900718689,0.018557259812951088,0.8450053334236145,0.0013164288830012083,0.0006721634417772293,7.549859049049701e-08,0.0006852582446299493,0.0001822221529437229,0.009285330772399902,0.11542750149965286,0.006368639413267374
C:\Projects\TM470\data\processed\test\Boletus\0920_Mj9Gr-R_eJg.jpg,Boletus/0920_Mj9Gr-R_eJg.jpg,Boletus,Boletus,True,0.9965276122093201,0.0054413000034401,ResNet18,test,2.479824615875259e-05,0.001431154552847147,0.9965276122093201,0.0003067469224333763,3.3690521377138793e-06,6.052801038158862e-10,6.287930773396511e-06,1.678352418821305e-05,0.0003309527528472245,0.0005500700208358467,0.0008022079127840698
C:\Projects\TM470\data\processed\test\Boletus\0927_GeTz3gpfOCA.jpg,Boletus/0927_GeTz3gpfOCA.jpg,Boletus,Russula,False,0.6029908657073975,0.0041115999920293,ResNet18,test,0.10986058413982391,0.019856993108987808,0.197263702750206,0.004529434256255627,0.001891045132651925,4.9646500883682165e-06,0.00017089961329475045,0.0013303483137860894,0.054445039480924606,0.6029908657073975,0.0076561844907701015
C:\Projects\TM470\data\processed\test\Boletus\0939_Uu9bT1-H4ZE.jpg,Boletus/0939_Uu9bT1-H4ZE.jpg,Boletus,Boletus,True,0.9609504342079163,0.0041195999947376,ResNet18,test,0.009241977706551552,0.017228595912456512,0.9609504342079163,0.0010002341587096453,2.126909930666443e-05,1.5151355725606663e-08,1.8017035472439602e-05,3.999980617663823e-05,0.0028467047959566116,0.007066189311444759,0.0015865565510466695
C:\Projects\TM470\data\processed\test\Boletus\0941_CD55o3j2ACk.jpg,Boletus/0941_CD55o3j2ACk.jpg,Boletus,Russula,False,0.9178482294082642,0.0041743000037968,ResNet18,test,0.023141492158174515,0.004493912681937218,0.041676558554172516,0.00017648290668148547,0.0002211519458796829,2.0079777840464885e-09,3.7033489206805825e-05,4.189991614111932e-06,0.011993428692221642,0.9178482294082642,0.0004074589814990759
C:\Projects\TM470\data\processed\test\Boletus\0943_7_qx73pcT5M.jpg,Boletus/0943_7_qx73pcT5M.jpg,Boletus,Boletus,True,0.998278021812439,0.0039761000080034,ResNet18,test,2.4280789148178883e-05,0.001087470562197268,0.998278021812439,6.29091591690667e-05,8.577707433232717e-08,1.9499286907365132e-10,9.687943247627118e-08,8.282290764327627e-07,3.072143590543419e-05,0.00022354703105520457,0.00029202221776358783
C:\Projects\TM470\data\processed\test\Boletus\0944_uchnyCbCU8o.jpg,Boletus/0944_uchnyCbCU8o.jpg,Boletus,Agaricus,False,0.3147309720516205,0.0041598999960115,ResNet18,test,0.3147309720516205,0.2852390706539154,0.03642524778842926,0.011526177637279034,0.0700443759560585,6.902021141286241e-06,0.056366849690675735,0.004124975297600031,0.0942884087562561,0.11288625746965408,0.014360804110765457
C:\Projects\TM470\data\processed\test\Boletus\0951_12IsIr7KDL0.jpg,Boletus/0951_12IsIr7KDL0.jpg,Boletus,Boletus,True,0.9884487986564636,0.0039343000098597,ResNet18,test,0.000957398908212781,0.005370740778744221,0.9884487986564636,0.0004074707394465804,4.143155456404202e-05,1.913434743983089e-08,1.934125248226337e-05,0.00017571833450347185,0.0012912601232528687,0.0007656310335732996,0.0025221877731382847
C:\Projects\TM470\data\processed\test\Boletus\0953_JtmTQxMa4yM.jpg,Boletus/0953_JtmTQxMa4yM.jpg,Boletus,Amanita,False,0.36815011501312256,0.0042335000034654,ResNet18,test,0.07056649029254913,0.36815011501312256,0.13832737505435944,0.01222643069922924,0.004793004132807255,0.00022207945585250854,0.0013842396438121796,0.08334533125162125,0.07206559181213379,0.24117735028266907,0.0077420552261173725
C:\Projects\TM470\data\processed\test\Boletus\0954_UdQ21bvT_YM.jpg,Boletus/0954_UdQ21bvT_YM.jpg,Boletus,Boletus,True,0.5950659513473511,0.0039171999960672,ResNet18,test,0.0073458063416182995,0.2584550976753235,0.5950659513473511,0.005616358947008848,0.003688585013151169,0.0002791171718854457,0.000883865577634424,0.0025761404540389776,0.0075096189975738525,0.11221902072429657,0.006360373459756374
C:\Projects\TM470\data\processed\test\Boletus\0974_ZIsylb_w8NE.jpg,Boletus/0974_ZIsylb_w8NE.jpg,Boletus,Boletus,True,0.9414093494415283,0.0041927999991457,ResNet18,test,0.004617201630026102,0.0019168062135577202,0.9414093494415283,0.001095741637982428,5.636726564262062e-05,4.825595922852699e-08,3.476395067991689e-05,7.650259794900194e-05,0.007747810333967209,0.04175287112593651,0.001292473403736949
C:\Projects\TM470\data\processed\test\Boletus\0981_Q5GmJS_vei8.jpg,Boletus/0981_Q5GmJS_vei8.jpg,Boletus,Boletus,True,0.9872849583625793,0.0041537000070093,ResNet18,test,0.00032731681130826473,0.0013185415882617235,0.9872849583625793,0.003423319198191166,8.167070336639881e-05,1.437800528947264e-05,0.0001337304274784401,0.0008842169772833586,0.003411252750083804,0.0019916000310331583,0.001129085198044777
C:\Projects\TM470\data\processed\test\Boletus\0987_JvKLOKW8WFA.jpg,Boletus/0987_JvKLOKW8WFA.jpg,Boletus,Boletus,True,0.49351245164871216,0.0043048999941674,ResNet18,test,0.0004433452559169382,0.008121293969452381,0.49351245164871216,0.23453551530838013,0.0005433202022686601,2.839845592461643e-06,0.0414116270840168,0.0016794165130704641,0.10722161829471588,0.06812574714422226,0.0444028340280056
C:\Projects\TM470\data\processed\test\Boletus\0988_R0RNuJ8IqBI.jpg,Boletus/0988_R0RNuJ8IqBI.jpg,Boletus,Boletus,True,0.6927729845046997,0.0039109000063035,ResNet18,test,0.004525411408394575,0.000405626225983724,0.6927729845046997,0.05168526992201805,4.863401045440696e-05,9.999403260962936e-08,0.0016885496443137527,0.0008707448723725975,0.13434211909770966,0.0406816340982914,0.07297893613576889
C:\Projects\TM470\data\processed\test\Boletus\1021_SyO8BpGSVjw.jpg,Boletus/1021_SyO8BpGSVjw.jpg,Boletus,Russula,False,0.5173435807228088,0.003958799992688,ResNet18,test,0.0008128340705297887,0.0010454329894855618,0.04468107223510742,0.07421154528856277,0.00016615696949884295,2.04446326534935e-08,0.029358919709920883,0.00011915927461814135,0.2808402180671692,0.5173435807228088,0.05142117291688919
C:\Projects\TM470\data\processed\test\Boletus\1032_tYL581WPzXU.jpg,Boletus/1032_tYL581WPzXU.jpg,Boletus,Boletus,True,0.9998573064804077,0.003887200000463,ResNet18,test,8.511434543834184e-07,2.0111713183723623e-06,0.9998573064804077,8.252322913904209e-06,3.516066771069859e-09,1.160675288519597e-12,3.534990611342437e-08,2.438208923649654e-07,2.378581848461181e-05,2.7843041607411578e-05,7.96587992226705e-05
C:\Projects\TM470\data\processed\test\Boletus\1036_4kWl9z7sQIY.jpg,Boletus/1036_4kWl9z7sQIY.jpg,Boletus,Inocybe,False,0.7180147767066956,0.0039181000029202,ResNet18,test,0.012214924208819866,0.00942513719201088,0.08517812937498093,0.021886682137846947,0.005204469431191683,0.040738821029663086,0.037166230380535126,0.7180147767066956,0.02444559335708618,0.013269963674247265,0.032455381006002426
C:\Projects\TM470\data\processed\test\Boletus\1040_i_rg9l4rqjw.jpg,Boletus/1040_i_rg9l4rqjw.jpg,Boletus,Boletus,True,0.9951661825180054,0.0039265000086743,ResNet18,test,5.993300146656111e-05,0.0005738041363656521,0.9951661825180054,0.00023565049923490733,1.4361021385411732e-06,1.8429727743907165e-09,1.9988843632745557e-05,3.842349542537704e-05,0.0014106114394962788,0.0012651948491111398,0.001228789333254099
C:\Projects\TM470\data\processed\test\Boletus\1051_Q0ltVKrZhcQ.jpg,Boletus/1051_Q0ltVKrZhcQ.jpg,Boletus,Boletus,True,0.9490798115730286,0.0039123000024119,ResNet18,test,0.0026357255410403013,0.036674901843070984,0.9490798115730286,0.00034623281680978835,3.21115912811365e-05,1.225110736413626e-06,6.515319546451792e-05,0.004473749548196793,0.003083571093156934,0.0021275922190397978,0.0014798163902014494
C:\Projects\TM470\data\processed\test\Boletus\1055_1FFlybCSCAU.jpg,Boletus/1055_1FFlybCSCAU.jpg,Boletus,Boletus,True,0.6713753342628479,0.0038883000088389,ResNet18,test,0.017432723194360733,0.09488672763109207,0.6713753342628479,0.015692897140979767,0.004721776116639376,1.484790482209064e-05,0.007369256112724543,0.006153264548629522,0.08765876293182373,0.07319213449954987,0.02150224708020687
C:\Projects\TM470\data\processed\test\Boletus\1057_Y7n8VqlTW3g.jpg,Boletus/1057_Y7n8VqlTW3g.jpg,Boletus,Boletus,True,0.8889749050140381,0.0039409000019077,ResNet18,test,0.0009499608422629535,0.006979417055845261,0.8889749050140381,0.015073766000568867,0.008214924484491348,3.295983333373442e-05,0.006786549463868141,0.005561391357332468,0.056143563240766525,0.008317425847053528,0.0029651434160768986
C:\Projects\TM470\data\processed\test\Boletus\1065_eMY4Zsr_msU.jpg,Boletus/1065_eMY4Zsr_msU.jpg,Boletus,Russula,False,0.26665204763412476,0.0042647999944165,ResNet18,test,0.19727011024951935,0.05865912884473801,0.10801298916339874,0.02869364246726036,0.0057966094464063644,0.00039247621316462755,0.029018409550189972,0.05101768299937248,0.22929292917251587,0.26665204763412476,0.02519397623836994
C:\Projects\TM470\data\processed\test\Boletus\1077_JAOBSnuV9zc.jpg,Boletus/1077_JAOBSnuV9zc.jpg,Boletus,Boletus,True,0.43174952268600464,0.0042367999994894,ResNet18,test,0.00015468415222130716,0.00044510074076242745,0.43174952268600464,0.02578476443886757,2.061100531136617e-05,1.7104378358112626e-08,0.0003702913236338645,4.596282451529987e-05,0.2958005964756012,0.21985021233558655,0.02577815018594265
C:\Projects\TM470\data\processed\test\Boletus\1081_S9BZwG4wmiU.jpg,Boletus/1081_S9BZwG4wmiU.jpg,Boletus,Boletus,True,0.809217095375061,0.0039333999884547,ResNet18,test,0.0010118484497070312,0.0008591402438469231,0.809217095375061,0.044469621032476425,0.0002005069109145552,3.086533979512751e-05,0.005181656219065189,0.030938273295760155,0.09006426483392715,0.004533447325229645,0.01349328551441431
C:\Projects\TM470\data\processed\test\Boletus\1086_9A85NgFJxzc.jpg,Boletus/1086_9A85NgFJxzc.jpg,Boletus,Boletus,True,0.8541545867919922,0.0038898000057088,ResNet18,test,0.014721116982400417,0.006334953010082245,0.8541545867919922,0.018559282645583153,0.000809335382655263,1.7967697203857824e-05,0.0002709991531446576,0.002931619295850396,0.06621149927377701,0.028414828702807426,0.007573924493044615
C:\Projects\TM470\data\processed\test\Boletus\1087_POSIDmOc7AE.jpg,Boletus/1087_POSIDmOc7AE.jpg,Boletus,Boletus,True,0.9733142256736755,0.0039130999939516,ResNet18,test,0.0009708092547953129,0.018779076635837555,0.9733142256736755,0.0005788608686998487,1.9548211639630608e-05,7.04258241057687e-07,8.68188581080176e-05,0.0006917774444445968,0.001277871779166162,0.0013619353994727135,0.0029183137230575085
C:\Projects\TM470\data\processed\test\Boletus\1095_fb3O6d7sRfw.jpg,Boletus/1095_fb3O6d7sRfw.jpg,Boletus,Boletus,True,0.5436751246452332,0.003930400009267,ResNet18,test,0.023648114874958992,0.14512863755226135,0.5436751246452332,0.03761452063918114,0.060659509152173996,0.0002532837970647961,0.01905052736401558,0.002296160440891981,0.09757830947637558,0.061122313141822815,0.008973522111773491
C:\Projects\TM470\data\processed\test\Cortinarius\032_RaRNWCMOeJY.jpg,Cortinarius/032_RaRNWCMOeJY.jpg,Cortinarius,Lactarius,False,0.4435592293739319,0.0040351000061491,ResNet18,test,0.0014293945860117674,0.009212896227836609,0.10962061583995819,0.1595040261745453,0.01102202758193016,0.00010190731700276956,0.0210790503770113,0.01273625623434782,0.4435592293739319,0.2193503975868225,0.01238422654569149
C:\Projects\TM470\data\processed\test\Cortinarius\034_uFEs0KR55hA.jpg,Cortinarius/034_uFEs0KR55hA.jpg,Cortinarius,Boletus,False,0.6634510159492493,0.004637799996999,ResNet18,test,0.0023497981019318104,0.008981706574559212,0.6634510159492493,0.1771148294210434,0.004687667358666658,0.0016517939511686563,0.0017978046089410782,0.004912267904728651,0.042703550308942795,0.0871877372264862,0.005161846522241831
C:\Projects\TM470\data\processed\test\Cortinarius\047_a4t7zntIs3E.jpg,Cortinarius/047_a4t7zntIs3E.jpg,Cortinarius,Russula,False,0.9026807546615601,0.0040712999907555,ResNet18,test,0.04569977521896362,0.0025207281578332186,0.0007169393938966095,0.03782879561185837,0.0007000146433711052,0.00011596950935199857,9.8498108854983e-05,0.000318970502121374,0.00901655200868845,0.9026807546615601,0.0003029775689356029
C:\Projects\TM470\data\processed\test\Cortinarius\051_BcBgKIXkPFY.jpg,Cortinarius/051_BcBgKIXkPFY.jpg,Cortinarius,Cortinarius,True,0.6703441739082336,0.0039398000080836,ResNet18,test,0.0024958269204944372,0.0023610303178429604,0.00177287426777184,0.6703441739082336,0.03765495866537094,0.00945750717073679,0.010905000381171703,0.16500848531723022,0.031540244817733765,0.06753958016633987,0.0009202827350236475
C:\Projects\TM470\data\processed\test\Cortinarius\062_lU35GQ80D6k.jpg,Cortinarius/062_lU35GQ80D6k.jpg,Cortinarius,Exidia,False,0.2634795904159546,0.004075400007423,ResNet18,test,0.00794015359133482,0.16634030640125275,0.005880592856556177,0.2289988398551941,0.17620015144348145,0.2634795904159546,0.016556717455387115,0.06307630985975266,0.04873782768845558,0.021507831290364265,0.0012816713424399495
C:\Projects\TM470\data\processed\test\Cortinarius\068_eKtLmKWRhYQ.jpg,Cortinarius/068_eKtLmKWRhYQ.jpg,Cortinarius,Cortinarius,True,0.4542318880558014,0.0040171000000555,ResNet18,test,0.003911900799721479,0.01448961440473795,1.3736065511693596e-06,0.4542318880558014,0.04902317002415657,5.923177468503127e-06,0.10099326074123383,0.3034195601940155,0.005248183850198984,0.014900834299623966,0.05377429723739624
C:\Projects\TM470\data\processed\test\Cortinarius\074_QZm5I2faj7M.jpg,Cortinarius/074_QZm5I2faj7M.jpg,Cortinarius,Russula,False,0.8179031610488892,0.0046776999952271,ResNet18,test,0.004399869125336409,0.026818083599209785,0.0010433796560391784,0.03971089795231819,0.00017426862905267626,4.544720297872118e-07,0.0020677701104432344,0.007082510273903608,0.03133542090654373,0.8179031610488892,0.06946413218975067
C:\Projects\TM470\data\processed\test\Cortinarius\082_igjSlbVXbAs.jpg,Cortinarius/082_igjSlbVXbAs.jpg,Cortinarius,Cortinarius,True,0.31374990940093994,0.0042232999985571,ResNet18,test,0.08071208000183105,0.013043509796261787,0.05591244995594025,0.31374990940093994,0.013235775753855705,0.10485002398490906,0.0067961146123707294,0.08634559065103531,0.17201435565948486,0.1383243203163147,0.015015891753137112
C:\Projects\TM470\data\processed\test\Cortinarius\083_Fx67B3DmN3Y.jpg,Cortinarius/083_Fx67B3DmN3Y.jpg,Cortinarius,Entoloma,False,0.527356743812561,0.0043947999947704,ResNet18,test,0.007674930617213249,0.036230869591236115,6.055825451767305e-06,0.28858745098114014,0.527356743812561,0.006684085354208946,0.03175649791955948,0.09511224180459976,0.004179645329713821,0.0016404315829277039,0.0007710334612056613
C:\Projects\TM470\data\processed\test\Cortinarius\089_pSC0tp3Vin8.jpg,Cortinarius/089_pSC0tp3Vin8.jpg,Cortinarius,Russula,False,0.3540584444999695,0.004046100002597,ResNet18,test,0.22687965631484985,0.2152448296546936,0.011539939790964127,0.0821012333035469,0.04671617969870567,0.002985399914905429,0.004008701536804438,0.007513624150305986,0.039903536438941956,0.3540584444999695,0.00904847215861082
C:\Projects\TM470\data\processed\test\Cortinarius\092_TIq_EZUYHvE.jpg,Cortinarius/092_TIq_EZUYHvE.jpg,Cortinarius,Amanita,False,0.354735404253006,0.0040311999910045,ResNet18,test,0.2849012017250061,0.354735404253006,0.0014754958683624864,0.04607301950454712,0.11895549297332764,4.4239153794478625e-05,0.05331619456410408,0.010798662900924683,0.05080995708703995,0.03347126394510269,0.04541900008916855
C:\Projects\TM470\data\processed\test\Cortinarius\098_9sdVyNK9pSI.jpg,Cortinarius/098_9sdVyNK9pSI.jpg,Cortinarius,Hygrocybe,False,0.7502586245536804,0.0040586999966762,ResNet18,test,0.0007334378897212446,0.0336785763502121,0.0006193477311171591,0.022851092740893364,0.022029366344213486,0.0006950642564333975,0.7502586245536804,0.10148399323225021,0.04545290768146515,0.006994546391069889,0.015202983282506466
C:\Projects\TM470\data\processed\test\Cortinarius\106_zDyFzio3OcI.jpg,Cortinarius/106_zDyFzio3OcI.jpg,Cortinarius,Suillus,False,0.4499136805534363,0.0045275000011315,ResNet18,test,0.00034444546326994896,0.04764387011528015,0.1080562025308609,0.34296661615371704,5.7024961279239506e-05,3.9135906604315096e-07,0.03962009772658348,0.000727902224753052,0.009557200595736504,0.001112608122639358,0.4499136805534363
C:\Projects\TM470\data\processed\test\Cortinarius\120_6i3qL8_7_cU.jpg,Cortinarius/120_6i3qL8_7_cU.jpg,Cortinarius,Russula,False,0.7501809597015381,0.0040462000033585,ResNet18,test,0.01167793944478035,0.022666262462735176,0.0007413398707285523,0.1360921859741211,0.016673263162374496,5.549086563405581e-05,0.00783884059637785,0.01410561054944992,0.028233356773853302,0.7501809597015381,0.011734656989574432
C:\Projects\TM470\data\processed\test\Cortinarius\139_Sa-XUtLlV4s.jpg,Cortinarius/139_Sa-XUtLlV4s.jpg,Cortinarius,Hygrocybe,False,0.3483249545097351,0.0040341999992961,ResNet18,test,0.0006876097177155316,0.021202946081757545,0.0023118469398468733,0.21283157169818878,0.035731516778469086,0.00020137142564635724,0.3483249545097351,0.25279954075813293,0.07988618314266205,0.0030258377082645893,0.04299667105078697
C:\Projects\TM470\data\processed\test\Cortinarius\142_UT29eeWW32A.jpg,Cortinarius/142_UT29eeWW32A.jpg,Cortinarius,Russula,False,0.4737706780433655,0.0039897999959066,ResNet18,test,0.06209332495927811,0.02037050947546959,0.03040003590285778,0.046111077070236206,0.019605547189712524,0.007090647704899311,0.010702576488256454,0.10923615097999573,0.11155939847230911,0.4737706780433655,0.10906011611223221
C:\Projects\TM470\data\processed\test\Cortinarius\143_SrOlFvP1n9w.jpg,Cortinarius/143_SrOlFvP1n9w.jpg,Cortinarius,Boletus,False,0.6867019534111023,0.0039944000018294,ResNet18,test,0.008813844993710518,0.02448206953704357,0.6867019534111023,0.05718477442860603,0.003207465400919318,0.0013191882753744721,0.006146909669041634,0.05734875425696373,0.06180756539106369,0.021225962787866592,0.07176164537668228
C:\Projects\TM470\data\processed\test\Cortinarius\146_N9FJKoJghDQ.jpg,Cortinarius/146_N9FJKoJghDQ.jpg,Cortinarius,Lactarius,False,0.3661225140094757,0.0043621000077109,ResNet18,test,0.0009216383332386613,0.004307009745389223,0.011604057624936104,0.22703292965888977,0.01372442301362753,0.014567562378942966,0.11626588553190231,0.20482969284057617,0.3661225140094757,0.005670259241014719,0.03495395928621292
C:\Projects\TM470\data\processed\test\Cortinarius\147_gh5SUGxwpmg.jpg,Cortinarius/147_gh5SUGxwpmg.jpg,Cortinarius,Cortinarius,True,0.3622903525829315,0.0040427999920211,ResNet18,test,0.0033804166596382856,0.01727776974439621,0.006159910932183266,0.3622903525829315,0.0011339981574565172,0.000958532968070358,0.10272996872663498,0.08573899418115616,0.09807386994361877,0.010621615685522556,0.3116346001625061
C:\Projects\TM470\data\processed\test\Cortinarius\148_NRYh_CNOe0Q.jpg,Cortinarius/148_NRYh_CNOe0Q.jpg,Cortinarius,Russula,False,0.3913748562335968,0.0039967999910004,ResNet18,test,0.0119206877425313,0.004239809699356556,4.690901914727874e-05,0.3482537269592285,0.0064208549447357655,1.578764909027086e-06,0.11531432718038559,0.0025884434580802917,0.09384845942258835,0.3913748562335968,0.025990338996052742
C:\Projects\TM470\data\processed\test\Cortinarius\162_vx8DyMaDNbY.jpg,Cortinarius/162_vx8DyMaDNbY.jpg,Cortinarius,Cortinarius,True,0.3387565314769745,0.0040513999992981,ResNet18,test,0.02282053418457508,0.004357547964900732,0.0014698823215439916,0.3387565314769745,0.1240290105342865,0.0011263677151873708,0.03406500816345215,0.03787717968225479,0.2971280515193939,0.07304330170154572,0.06532657891511917
C:\Projects\TM470\data\processed\test\Cortinarius\172_RQpuklei93E.jpg,Cortinarius/172_RQpuklei93E.jpg,Cortinarius,Russula,False,0.9224240183830261,0.0040265999996336,ResNet18,test,0.003746368922293186,0.0009041923331096768,0.020732278004288673,0.015323277562856674,0.00024211578420363367,2.8412680421752157e-06,2.6625259124557488e-05,0.00013575496268458664,0.03372391313314438,0.9224240183830261,0.00273850723169744
C:\Projects\TM470\data\processed\test\Cortinarius\173_OBw2ytszKxo.jpg,Cortinarius/173_OBw2ytszKxo.jpg,Cortinarius,Agaricus,False,0.2678498327732086,0.0040230999875348,ResNet18,test,0.2678498327732086,0.0459708608686924,3.995584847871214e-05,0.050382185727357864,0.20390866696834564,0.00019090977730229497,0.08099105954170227,0.047650545835494995,0.044615454971790314,0.25710517168045044,0.0012954125413671136
C:\Projects\TM470\data\processed\test\Cortinarius\178_xHtAXzZPN-s.jpg,Cortinarius/178_xHtAXzZPN-s.jpg,Cortinarius,Russula,False,0.42356255650520325,0.0047277999983634,ResNet18,test,7.358571019722149e-05,0.0005373001913540065,0.013185977935791016,0.2197788655757904,6.909447984071448e-05,3.75838062893763e-08,0.00991321261972189,0.00036549026845023036,0.30463090538978577,0.42356255650520325,0.027882974594831467
C:\Projects\TM470\data\processed\test\Cortinarius\182_kJh0aAaK590.jpg,Cortinarius/182_kJh0aAaK590.jpg,Cortinarius,Lactarius,False,0.41651666164398193,0.0040480000025127,ResNet18,test,0.0009149787365458906,0.0005331707070581615,0.12902182340621948,0.18060486018657684,0.0003412076039239764,3.9157080777840747e-07,0.0006268339930102229,0.000880339415743947,0.41651666164398193,0.21180054545402527,0.058759164065122604
C:\Projects\TM470\data\processed\test\Cortinarius\185_OXwIsNfGrwY.jpg,Cortinarius/185_OXwIsNfGrwY.jpg,Cortinarius,Russula,False,0.6984001994132996,0.0040352000069106,ResNet18,test,0.00010659705003490672,0.00015565627836622298,0.004032956436276436,0.062188249081373215,7.281946636794601e-06,1.0961999663550159e-07,0.0009536966681480408,0.0003209573624189943,0.22791270911693573,0.6984001994132996,0.005921547766774893
C:\Projects\TM470\data\processed\test\Cortinarius\192_TskFa7fOkRc.jpg,Cortinarius/192_TskFa7fOkRc.jpg,Cortinarius,Russula,False,0.48378387093544006,0.00407009999617,ResNet18,test,0.05191728100180626,0.005782243795692921,0.04090040549635887,0.25344642996788025,0.005500165745615959,3.160699634463526e-05,0.001964967232197523,0.0030714271124452353,0.10031625628471375,0.48378387093544006,0.053285349160432816
C:\Projects\TM470\data\processed\test\Cortinarius\195_lD8h4PCMaUY.jpg,Cortinarius/195_lD8h4PCMaUY.jpg,Cortinarius,Entoloma,False,0.18835456669330597,0.0039793000032659,ResNet18,test,0.02888089418411255,0.12583303451538086,0.00045563289313577116,0.1509552150964737,0.18835456669330597,0.00019005835929419845,0.09152354300022125,0.1324770748615265,0.08499601483345032,0.13237735629081726,0.06395662575960159
C:\Projects\TM470\data\processed\test\Cortinarius\207_zmoZZTV0lLI.jpg,Cortinarius/207_zmoZZTV0lLI.jpg,Cortinarius,Russula,False,0.5429149866104126,0.0040263999981107,ResNet18,test,0.27000725269317627,0.006508732680231333,0.0004553507314994931,0.05035402998328209,0.00589971337467432,1.2769913837473723e-06,0.021418439224362373,0.00958448089659214,0.0674036294221878,0.5429149866104126,0.025452090427279472
C:\Projects\TM470\data\processed\test\Cortinarius\224_mLlKvEsrEcA.jpg,Cortinarius/224_mLlKvEsrEcA.jpg,Cortinarius,Cortinarius,True,0.34836432337760925,0.0040717999945627,ResNet18,test,0.2215319573879242,0.03594697266817093,0.0007396594155579805,0.34836432337760925,0.04518846422433853,0.00017954221402760595,0.04871067404747009,0.1404670923948288,0.034547921270132065,0.08785589784383774,0.036467526108026505
C:\Projects\TM470\data\processed\test\Cortinarius\232_jKdR7Qgq_BY.jpg,Cortinarius/232_jKdR7Qgq_BY.jpg,Cortinarius,Lactarius,False,0.4949865937232971,0.0040661999955773,ResNet18,test,8.471326873404905e-05,0.002298677572980523,0.0007445620140060782,0.1893940269947052,0.0007615822833031416,1.5288810573110823e-06,0.19997712969779968,0.011487876065075397,0.4949865937232971,0.011610484682023525,0.0886528417468071
C:\Projects\TM470\data\processed\test\Cortinarius\240_aJldHbs2JsE.jpg,Cortinarius/240_aJldHbs2JsE.jpg,Cortinarius,Hygrocybe,False,0.5764135122299194,0.0042444999999133,ResNet18,test,3.0749528377782553e-05,0.00012830265040975064,8.502224204676168e-07,0.38900938630104065,0.0006120854523032904,5.600937811323092e-07,0.5764135122299194,0.002752650063484907,0.0013301054714247584,2.5097295292653143e-05,0.029696736484766006
C:\Projects\TM470\data\processed\test\Cortinarius\256_TpoM3eWkf6g.jpg,Cortinarius/256_TpoM3eWkf6g.jpg,Cortinarius,Russula,False,0.28156226873397827,0.0040226999990409,ResNet18,test,0.08719068765640259,0.02208556793630123,0.008699421770870686,0.053919706493616104,0.08354133367538452,0.006242458708584309,0.016726471483707428,0.1035628542304039,0.2608921527862549,0.28156226873397827,0.07557708024978638
C:\Projects\TM470\data\processed\test\Cortinarius\274_RW-zkr4BQmM.jpg,Cortinarius/274_RW-zkr4BQmM.jpg,Cortinarius,Entoloma,False,0.5656141638755798,0.0039907000027596,ResNet18,test,0.011730534955859184,0.02442777529358864,3.0123921987978974e-06,0.04498198628425598,0.5656141638755798,0.00018542024190537632,0.10032415390014648,0.23585104942321777,0.004455315414816141,0.006928416900336742,0.005498149432241917
C:\Projects\TM470\data\processed\test\Cortinarius\277_2vcjLHvzssg.jpg,Cortinarius/277_2vcjLHvzssg.jpg,Cortinarius,Inocybe,False,0.36146488785743713,0.0039644999924348,ResNet18,test,0.022401032969355583,0.06344743072986603,0.0005946442252025008,0.23552682995796204,0.0413847453892231,0.0007791403331793845,0.013244640082120895,0.36146488785743713,0.08619128167629242,0.07125513255596161,0.10371021181344986
C:\Projects\TM470\data\processed\test\Cortinarius\285_ALSLuAGLn64.jpg,Cortinarius/285_ALSLuAGLn64.jpg,Cortinarius,Inocybe,False,0.3120385706424713,0.0040157999901566,ResNet18,test,0.037536829710006714,0.11345887929201126,3.0088578569120727e-05,0.08075112849473953,0.1737971156835556,0.00014451169408857822,0.14336420595645905,0.3120385706424713,0.027733638882637024,0.08845791965723038,0.022687090560793877
C:\Projects\TM470\data\processed\test\Cortinarius\301_BY2YjnDmmdc.jpg,Cortinarius/301_BY2YjnDmmdc.jpg,Cortinarius,Entoloma,False,0.6023651957511902,0.0043377000110922,ResNet18,test,0.005886625964194536,0.011468010023236275,4.826919757761061e-05,0.07539283484220505,0.6023651957511902,0.000645296648144722,0.08310855180025101,0.07714521884918213,0.10247372835874557,0.024455832317471504,0.017010368406772614
C:\Projects\TM470\data\processed\test\Cortinarius\312_Kv_3xHcyVUE.jpg,Cortinarius/312_Kv_3xHcyVUE.jpg,Cortinarius,Amanita,False,0.5716248750686646,0.0041973000043071,ResNet18,test,0.007818485610187054,0.5716248750686646,0.29499879479408264,0.002009524032473564,0.020399287343025208,0.010009736754000187,0.0018907017074525356,0.008534110151231289,0.06714165210723877,0.015011773444712162,0.0005610563675872982
C:\Projects\TM470\data\processed\test\Cortinarius\321_EgWJ7bpjCxM.jpg,Cortinarius/321_EgWJ7bpjCxM.jpg,Cortinarius,Russula,False,0.27225571870803833,0.0039902999997138,ResNet18,test,0.05167188122868538,0.24264945089817047,0.002076338278129697,0.05535099282860756,0.18439388275146484,0.0034130008425563574,0.009709659032523632,0.09341442584991455,0.07622137665748596,0.27225571870803833,0.00884332600980997
C:\Projects\TM470\data\processed\test\Cortinarius\328_qxWZEmWaodk.jpg,Cortinarius/328_qxWZEmWaodk.jpg,Cortinarius,Russula,False,0.3622789978981018,0.0040098999888869,ResNet18,test,0.0009016143158078194,0.0013431803090497851,0.2582153081893921,0.046976134181022644,0.00117770885117352,1.9871620224876096e-06,0.0037107146345078945,0.000428186496719718,0.32393813133239746,0.3622789978981018,0.0010280078276991844
C:\Projects\TM470\data\processed\test\Cortinarius\337_ohrbRKjnZkA.jpg,Cortinarius/337_ohrbRKjnZkA.jpg,Cortinarius,Russula,False,0.430074006319046,0.0039781000086804,ResNet18,test,0.010227310471236706,0.00973017793148756,0.009840971790254116,0.1548902541399002,0.011099521070718765,8.108808106044307e-05,0.027074219658970833,0.014830450527369976,0.3079169988632202,0.430074006319046,0.02423502691090107
C:\Projects\TM470\data\processed\test\Cortinarius\342_3kBE30sLBPk.jpg,Cortinarius/342_3kBE30sLBPk.jpg,Cortinarius,Russula,False,0.37424346804618835,0.0040518000023439,ResNet18,test,0.11271361261606216,0.15292799472808838,0.022987227886915207,0.048972468823194504,0.1351582556962967,0.00045243033673614264,0.005851254798471928,0.02184312790632248,0.10733817517757416,0.37424346804618835,0.01751203089952469
C:\Projects\TM470\data\processed\test\Cortinarius\343_YY4qxL--3lE.jpg,Cortinarius/343_YY4qxL--3lE.jpg,Cortinarius,Russula,False,0.9469707608222961,0.0040934999997261,ResNet18,test,0.0011982086580246687,0.0002628405054565519,0.0038661169819533825,0.04207548871636391,5.3745738114230335e-05,1.033362195812515e-06,0.00026953304768539965,5.293595677358098e-05,0.004548284225165844,0.9469707608222961,0.0007011223351582885
C:\Projects\TM470\data\processed\test\Cortinarius\344_AKEJiWrKVfA.jpg,Cortinarius/344_AKEJiWrKVfA.jpg,Cortinarius,Entoloma,False,0.30967968702316284,0.0047350999957416,ResNet18,test,0.0034139989875257015,0.026973063126206398,0.000149272644193843,0.06034645438194275,0.30967968702316284,0.0010634595528244972,0.277626633644104,0.08403447270393372,0.13366387784481049,0.10110624134540558,0.0019428427331149578
C:\Projects\TM470\data\processed\test\Cortinarius\349_BG4jbNRDzCI.jpg,Cortinarius/349_BG4jbNRDzCI.jpg,Cortinarius,Entoloma,False,0.4617832601070404,0.0044787999941036,ResNet18,test,0.056044191122055054,0.13231444358825684,0.0013852909905835986,0.014988662675023079,0.4617832601070404,0.0012310579186305404,0.04879125580191612,0.055432409048080444,0.09707628190517426,0.12933239340782166,0.001620751922018826
C:\Projects\TM470\data\processed\test\Cortinarius\353_qyVEsJs6eu8.jpg,Cortinarius/353_qyVEsJs6eu8.jpg,Cortinarius,Cortinarius,True,0.5498769283294678,0.0039869000029284,ResNet18,test,0.01029619574546814,0.013045481406152248,0.014607321470975876,0.5498769283294678,0.0011702391784638166,0.0010849745012819767,0.0014425617409870028,0.36713021993637085,0.028218969702720642,0.003913507331162691,0.009213664568960667
C:\Projects\TM470\data\processed\test\Cortinarius\358_L8mvKvlrYDA.jpg,Cortinarius/358_L8mvKvlrYDA.jpg,Cortinarius,Russula,False,0.5139144062995911,0.004140200006077,ResNet18,test,0.05410229042172432,0.09702213108539581,8.288009121315554e-05,0.11697928607463837,0.05603370442986488,1.547493775433395e-05,0.028256364166736603,0.03333730250597,0.0751885175704956,0.5139144062995911,0.025067655369639397
C:\Projects\TM470\data\processed\test\Cortinarius\360_QL0VQlt8Ke0.jpg,Cortinarius/360_QL0VQlt8Ke0.jpg,Cortinarius,Lactarius,False,0.5305337905883789,0.0068668000021716,ResNet18,test,0.014040849171578884,0.012761949561536312,0.0005959603586234152,0.052928224205970764,0.07627401500940323,3.4133012377424166e-05,0.02365732006728649,0.004736579954624176,0.5305337905883789,0.27222785353660583,0.012209277600049973
C:\Projects\TM470\data\processed\test\Cortinarius\364_Xsj2f0KiCAk.jpg,Cortinarius/364_Xsj2f0KiCAk.jpg,Cortinarius,Lactarius,False,0.43002885580062866,0.0068115000030957,ResNet18,test,0.34529611468315125,0.009645359590649605,0.009728931821882725,0.014803114347159863,0.008653886616230011,6.607203886233037e-07,0.0025333038065582514,0.0009392491192556918,0.43002885580062866,0.17033247649669647,0.008038032799959183
C:\Projects\TM470\data\processed\test\Cortinarius\381_IHHdqt43Ivk.jpg,Cortinarius/381_IHHdqt43Ivk.jpg,Cortinarius,Inocybe,False,0.6368801593780518,0.006781599993701,ResNet18,test,0.013330440036952496,0.004435854963958263,5.265856452751905e-05,0.24989834427833557,0.04327891394495964,0.0002705399820115417,0.005665550008416176,0.6368801593780518,0.02487269788980484,0.012323637492954731,0.008991202339529991
C:\Projects\TM470\data\processed\test\Cortinarius\384_NCKsip2esZ4.jpg,Cortinarius/384_NCKsip2esZ4.jpg,Cortinarius,Russula,False,0.59761643409729,0.0069363000075099,ResNet18,test,0.0030047663021832705,0.057299815118312836,0.001329250866547227,0.10819939523935318,0.00929378904402256,6.173204383230768e-07,0.02454284206032753,0.0009341167751699686,0.13228991627693176,0.59761643409729,0.0654890164732933
C:\Projects\TM470\data\processed\test\Cortinarius\388_JTEy9_rTlno.jpg,Cortinarius/388_JTEy9_rTlno.jpg,Cortinarius,Russula,False,0.8083510398864746,0.0067050999932689,ResNet18,test,0.002850657794624567,0.007670488674193621,0.03004586137831211,0.009613770991563797,0.003257540985941887,3.29410468111746e-05,0.0006186577375046909,0.006335369776934385,0.12704969942569733,0.8083510398864746,0.00417396891862154
C:\Projects\TM470\data\processed\test\Cortinarius\389_D8kTQu4sbro.jpg,Cortinarius/389_D8kTQu4sbro.jpg,Cortinarius,Russula,False,0.3604435920715332,0.0069532999914372,ResNet18,test,0.004481504205614328,0.0026152923237532377,0.052522867918014526,0.34815025329589844,0.0013999645598232746,1.3390555295700324e-06,0.000752946303691715,0.0018904749304056168,0.17456042766571045,0.3604435920715332,0.05318134278059006
C:\Projects\TM470\data\processed\test\Cortinarius\390_iQUMBiY-0qs.jpg,Cortinarius/390_iQUMBiY-0qs.jpg,Cortinarius,Lactarius,False,0.7257212400436401,0.0067793000052915,ResNet18,test,0.0014807302504777908,0.006515095010399818,0.003526826621964574,0.036627043038606644,0.03375091031193733,0.0001397656014887616,0.002212422201409936,0.0372898243367672,0.7257212400436401,0.1428419053554535,0.009894202463328838
C:\Projects\TM470\data\processed\test\Cortinarius\418_YUu8Eth7vC0.jpg,Cortinarius/418_YUu8Eth7vC0.jpg,Cortinarius,Inocybe,False,0.3332909941673279,0.0076463000004878,ResNet18,test,0.010720018297433853,0.1372837871313095,0.048198770731687546,0.22558575868606567,0.03877004608511925,0.01541663333773613,0.003614797256886959,0.3332909941673279,0.088334821164608,0.043465252965688705,0.05531908944249153
C:\Projects\TM470\data\processed\test\Cortinarius\448_uo51r2lHNAw.jpg,Cortinarius/448_uo51r2lHNAw.jpg,Cortinarius,Cortinarius,True,0.40933865308761597,0.0068945999955758,ResNet18,test,0.0061225611716508865,0.0010985357221215963,0.041964657604694366,0.40933865308761597,0.013058062642812729,0.00013039047189522535,0.0021852387581020594,0.0051049403846263885,0.32775694131851196,0.16357171535491943,0.029668277129530907
C:\Projects\TM470\data\processed\test\Cortinarius\449_VlvWf0y620o.jpg,Cortinarius/449_VlvWf0y620o.jpg,Cortinarius,Exidia,False,0.9118361473083496,0.0069161999999778,ResNet18,test,0.0037820711731910706,0.023461993783712387,0.0012670491123571992,0.005490245297551155,0.009998380206525326,0.9118361473083496,0.0010000868933275342,0.024863243103027344,0.015926342457532883,0.0023424243554472923,3.188673508702777e-05
C:\Projects\TM470\data\processed\test\Cortinarius\456_KDbq8QQJpF8.jpg,Cortinarius/456_KDbq8QQJpF8.jpg,Cortinarius,Inocybe,False,0.3329758644104004,0.0071430999960284,ResNet18,test,0.03397715091705322,0.02251114323735237,0.06948766112327576,0.02243732661008835,0.11334110051393509,0.10452064871788025,0.005998929031193256,0.3329758644104004,0.19370675086975098,0.01085214875638485,0.09019128233194351
C:\Projects\TM470\data\processed\test\Cortinarius\460_-PS3Pqhfj28.jpg,Cortinarius/460_-PS3Pqhfj28.jpg,Cortinarius,Cortinarius,True,0.5346218347549438,0.0068967000115662,ResNet18,test,0.0020116770174354315,0.0019341835286468267,0.003654349595308304,0.5346218347549438,0.0015681319637224078,5.92628248341498e-06,0.0019139799987897277,0.0017869416624307632,0.10622882097959518,0.3357998728752136,0.010474272072315216
C:\Projects\TM470\data\processed\test\Cortinarius\461_FcGRZ9NIyZM.jpg,Cortinarius/461_FcGRZ9NIyZM.jpg,Cortinarius,Exidia,False,0.48597219586372375,0.0067004000011365,ResNet18,test,0.01796744205057621,0.00733574666082859,0.04341855272650719,0.12940765917301178,0.0005905121797695756,0.48597219586372375,0.0009726054267957807,0.18829481303691864,0.05015360936522484,0.0748743787407875,0.0010124733671545982
C:\Projects\TM470\data\processed\test\Cortinarius\466_M2i1qdSiRz4.jpg,Cortinarius/466_M2i1qdSiRz4.jpg,Cortinarius,Entoloma,False,0.6159304976463318,0.0069626999902538,ResNet18,test,0.001027024700306356,0.01564950868487358,0.0062462566420435905,0.08823034912347794,0.6159304976463318,0.0028174526523798704,0.1760583072900772,0.02478717267513275,0.05805819854140282,0.006355306599289179,0.004839946050196886
C:\Projects\TM470\data\processed\test\Cortinarius\467_LUja4xjFPG8.jpg,Cortinarius/467_LUja4xjFPG8.jpg,Cortinarius,Cortinarius,True,0.40152162313461304,0.006836700005806,ResNet18,test,0.001347558805719018,0.0035260887816548347,0.06266867369413376,0.40152162313461304,0.02440614253282547,0.005491201765835285,0.0016158998478204012,0.005088970065116882,0.2201903611421585,0.27187588810920715,0.0022676149383187294
C:\Projects\TM470\data\processed\test\Cortinarius\488_UhQdy3jXkc0.jpg,Cortinarius/488_UhQdy3jXkc0.jpg,Cortinarius,Russula,False,0.6135194301605225,0.0063416000048164,ResNet18,test,0.03403224050998688,0.09132538735866547,0.011719255708158016,0.09232164919376373,0.0937059074640274,0.0013986480189487338,0.0029106910806149244,0.0011481125839054585,0.05590509995818138,0.6135194301605225,0.0020134462974965572
C:\Projects\TM470\data\processed\test\Cortinarius\496_KX8TxkeLLa4.jpg,Cortinarius/496_KX8TxkeLLa4.jpg,Cortinarius,Cortinarius,True,0.3984506130218506,0.0067169999965699,ResNet18,test,0.003314398229122162,0.04110684245824814,0.00185950577724725,0.3984506130218506,0.06751950830221176,0.0022185896523296833,0.023889189586043358,0.2513478398323059,0.12246368080377579,0.0391911044716835,0.04863873869180679
C:\Projects\TM470\data\processed\test\Cortinarius\509_M0Gd8axTrw4.jpg,Cortinarius/509_M0Gd8axTrw4.jpg,Cortinarius,Russula,False,0.7890947461128235,0.0076176000002305,ResNet18,test,0.023344337940216064,0.006274281535297632,0.0053696902468800545,0.11558187752962112,0.0006823638104833663,2.8097113045078004e-06,0.0011322383070364594,0.010620055720210075,0.010951974429190159,0.7890947461128235,0.03694559261202812
C:\Projects\TM470\data\processed\test\Cortinarius\514_tv4keuWfvWE.jpg,Cortinarius/514_tv4keuWfvWE.jpg,Cortinarius,Russula,False,0.5874113440513611,0.0065126999979838,ResNet18,test,0.09096942096948624,0.1571979820728302,0.004705449566245079,0.05076802894473076,0.002610820112749934,1.954665276571177e-05,0.002774144522845745,0.013211503624916077,0.07856963574886322,0.5874113440513611,0.011762215755879879
C:\Projects\TM470\data\processed\test\Cortinarius\530_sEUUp5boweI.jpg,Cortinarius/530_sEUUp5boweI.jpg,Cortinarius,Russula,False,0.39362749457359314,0.0063898999942466,ResNet18,test,0.0014809026615694165,0.022949930280447006,0.056250449270009995,0.1261497139930725,0.0014135987730696797,2.144415702787228e-07,0.13495920598506927,0.0010332255624234676,0.07430771738290787,0.39362749457359314,0.1878274530172348
C:\Projects\TM470\data\processed\test\Cortinarius\532_oIJibw1tz4Y.jpg,Cortinarius/532_oIJibw1tz4Y.jpg,Cortinarius,Lactarius,False,0.25484317541122437,0.0065188000007765,ResNet18,test,0.0005558613338507712,0.03683425858616829,0.007683164440095425,0.19714060425758362,0.008976353332400322,6.462142482632771e-05,0.1555948406457901,0.09500520676374435,0.25484317541122437,0.03324935585260391,0.21005253493785858
C:\Projects\TM470\data\processed\test\Cortinarius\533_pNuBhaHhEmU.jpg,Cortinarius/533_pNuBhaHhEmU.jpg,Cortinarius,Lactarius,False,0.5517502427101135,0.0066270000097574,ResNet18,test,0.0003642796364147216,0.0011207637144252658,0.00980453472584486,0.13302496075630188,0.0015072283567860723,7.783211185596883e-05,0.03088635392487049,0.07912897318601608,0.5517502427101135,0.009328863583505154,0.18300604820251465
C:\Projects\TM470\data\processed\test\Cortinarius\547_fKznDHbWCkk.jpg,Cortinarius/547_fKznDHbWCkk.jpg,Cortinarius,Inocybe,False,0.29928281903266907,0.0065364999900339,ResNet18,test,0.0039576017297804356,0.010485397651791573,0.062037572264671326,0.29525819420814514,0.008768745698034763,0.028386177495121956,0.015766773372888565,0.29928281903266907,0.14676959812641144,0.01575474999845028,0.11353233456611633
C:\Projects\TM470\data\processed\test\Cortinarius\551_APFbJ2vPcGw.jpg,Cortinarius/551_APFbJ2vPcGw.jpg,Cortinarius,Russula,False,0.7122911214828491,0.0068702999997185,ResNet18,test,0.020353712141513824,0.04796717315912247,0.0008151272195391357,0.03073786199092865,0.00702513474971056,1.952368074853439e-05,0.012626877054572105,0.06494686752557755,0.049262337386608124,0.7122911214828491,0.05395425483584404
C:\Projects\TM470\data\processed\test\Cortinarius\552_z4MK9UiOMoc.jpg,Cortinarius/552_z4MK9UiOMoc.jpg,Cortinarius,Russula,False,0.6861258149147034,0.0065822000033222,ResNet18,test,0.069541335105896,0.13347327709197998,0.002716006012633443,0.024090049788355827,0.028808889910578728,0.0012652931036427617,0.006930388975888491,0.0015312251634895802,0.044545114040374756,0.6861258149147034,0.0009725655545480549
C:\Projects\TM470\data\processed\test\Cortinarius\567_6O0QVMS6LE4.jpg,Cortinarius/567_6O0QVMS6LE4.jpg,Cortinarius,Hygrocybe,False,0.4209963083267212,0.0062980000075185,ResNet18,test,0.0013756827684119344,0.03579385578632355,0.0010001140180975199,0.0706653818488121,0.09160171449184418,0.0004912957083433867,0.4209963083267212,0.22865721583366394,0.04667401313781738,0.0015808400930836797,0.10116357356309891
C:\Projects\TM470\data\processed\test\Cortinarius\574_xXwqpgn5Fls.jpg,Cortinarius/574_xXwqpgn5Fls.jpg,Cortinarius,Russula,False,0.672111988067627,0.0065498999902047,ResNet18,test,0.025647630915045738,0.06836291402578354,0.005948482546955347,0.061928629875183105,0.026592431589961052,5.3248953918227926e-05,0.0044843945652246475,0.016001829877495766,0.08026677370071411,0.672111988067627,0.03860163316130638
C:\Projects\TM470\data\processed\test\Cortinarius\589_rgxUeggTwRk.jpg,Cortinarius/589_rgxUeggTwRk.jpg,Cortinarius,Entoloma,False,0.31893807649612427,0.0072861999942688,ResNet18,test,0.03448427841067314,0.11251786351203918,8.747637184569612e-05,0.03598193824291229,0.31893807649612427,1.5797810192452744e-05,0.12956084311008453,0.22432732582092285,0.09665071219205856,0.03906067833304405,0.008374971337616444
C:\Projects\TM470\data\processed\test\Cortinarius\592_ZR3yzj9H31I.jpg,Cortinarius/592_ZR3yzj9H31I.jpg,Cortinarius,Inocybe,False,0.4010331630706787,0.0063595000101486,ResNet18,test,0.06095245108008385,0.013682275079190731,0.008923780173063278,0.06826751679182053,0.013076071627438068,0.32196053862571716,0.0023220255970954895,0.4010331630706787,0.0653204694390297,0.04027457907795906,0.004187136888504028
C:\Projects\TM470\data\processed\test\Cortinarius\593_VEBcqScsSLw.jpg,Cortinarius/593_VEBcqScsSLw.jpg,Cortinarius,Cortinarius,True,0.3812543451786041,0.006258000008529,ResNet18,test,0.052560389041900635,0.02341851033270359,0.00015976883878465742,0.3812543451786041,0.06519684195518494,0.12366098165512085,0.005419879220426083,0.20696644484996796,0.10140369087457657,0.03869602084159851,0.0012631212593987584
C:\Projects\TM470\data\processed\test\Cortinarius\595_DUgPrK3WFJ0.jpg,Cortinarius/595_DUgPrK3WFJ0.jpg,Cortinarius,Agaricus,False,0.3376307785511017,0.0063808000122662,ResNet18,test,0.3376307785511017,0.04515867680311203,0.002573425183072686,0.052509456872940063,0.0795421227812767,0.00010149348963750526,0.018371719866991043,0.011039406061172485,0.20581848919391632,0.1967601478099823,0.050494324415922165
C:\Projects\TM470\data\processed\test\Cortinarius\604_55_Sj5HXI6U.jpg,Cortinarius/604_55_Sj5HXI6U.jpg,Cortinarius,Agaricus,False,0.3512358069419861,0.0064769000018714,ResNet18,test,0.3512358069419861,0.0036418153904378414,0.02128722332417965,0.05375625938177109,0.0016460597980767488,3.37020424012735e-07,0.02122812531888485,0.00906465109437704,0.24152949452400208,0.26509028673171997,0.03151996433734894
C:\Projects\TM470\data\processed\test\Cortinarius\613_RZSh0QPwcnw.jpg,Cortinarius/613_RZSh0QPwcnw.jpg,Cortinarius,Cortinarius,True,0.8720889687538147,0.0062156000058166,ResNet18,test,0.0009293507318943739,0.03340892866253853,0.002911890624091029,0.8720889687538147,0.0004977190983481705,0.00032572075724601746,0.0018329658778384328,0.006355267018079758,0.004812553059309721,0.06572970747947693,0.011106987483799458
C:\Projects\TM470\data\processed\test\Cortinarius\627_JqtzXHRtbPY.jpg,Cortinarius/627_JqtzXHRtbPY.jpg,Cortinarius,Entoloma,False,0.31829211115837097,0.0062939000054029,ResNet18,test,0.07773193717002869,0.07360147684812546,0.00020053584012202919,0.027874037623405457,0.31829211115837097,0.0010612716432660818,0.08767968416213989,0.28438109159469604,0.06123766303062439,0.06183404475450516,0.0061061265878379345
C:\Projects\TM470\data\processed\test\Cortinarius\634_3P_z4FJuvrc.jpg,Cortinarius/634_3P_z4FJuvrc.jpg,Cortinarius,Boletus,False,0.38864946365356445,0.0063336000021081,ResNet18,test,0.0007793204276822507,0.02147732861340046,0.38864946365356445,0.10907526314258575,0.0017418849747627974,2.050816647169995e-06,0.08520156145095825,0.005037826951593161,0.255165696144104,0.06674572080373764,0.06612387299537659
C:\Projects\TM470\data\processed\test\Cortinarius\648_rFy8BK5tQS4.jpg,Cortinarius/648_rFy8BK5tQS4.jpg,Cortinarius,Amanita,False,0.62453693151474,0.0062506999965989,ResNet18,test,0.017758294939994812,0.62453693151474,0.012540110386908054,0.06501598656177521,0.022949380800127983,5.596251867245883e-05,0.10815393924713135,0.0023991868365556,0.01877570152282715,0.12284711003303528,0.0049673751927912235
C:\Projects\TM470\data\processed\test\Cortinarius\651_YsGS-o5hPUk.jpg,Cortinarius/651_YsGS-o5hPUk.jpg,Cortinarius,Inocybe,False,0.23347777128219604,0.0062777999992249,ResNet18,test,0.07244326174259186,0.046958547085523605,0.0008258498273789883,0.11663459986448288,0.16078568994998932,0.00023522021365351975,0.03096945397555828,0.23347777128219604,0.1790262907743454,0.02885802648961544,0.12978531420230865
C:\Projects\TM470\data\processed\test\Cortinarius\660_qqPWIG-_atg.jpg,Cortinarius/660_qqPWIG-_atg.jpg,Cortinarius,Inocybe,False,0.2777259051799774,0.0062752999947406,ResNet18,test,0.05926055833697319,0.07111669331789017,0.0713164284825325,0.06598105281591415,0.03745833411812782,0.032102324068546295,0.017411570996046066,0.2777259051799774,0.12459947913885117,0.13176783919334412,0.11125980317592621
C:\Projects\TM470\data\processed\test\Cortinarius\663_vqeZWWsm7AU.jpg,Cortinarius/663_vqeZWWsm7AU.jpg,Cortinarius,Cortinarius,True,0.45689934492111206,0.0062707000033697,ResNet18,test,0.04820786416530609,0.0573669895529747,0.02413947321474552,0.45689934492111206,0.006149430759251118,0.0009074399713426828,0.0004091299488209188,0.07186572998762131,0.12356910854578018,0.06500237435102463,0.14548315107822418
C:\Projects\TM470\data\processed\test\Cortinarius\665_CnMbFwJ4A3g.jpg,Cortinarius/665_CnMbFwJ4A3g.jpg,Cortinarius,Inocybe,False,0.2992320656776428,0.0063736999873071,ResNet18,test,0.02245382033288479,0.21373510360717773,0.12775824964046478,0.07364287227392197,0.002481125295162201,0.0005558437551371753,0.0008161363657563925,0.2992320656776428,0.054735831916332245,0.12511011958122253,0.07947885990142822
C:\Projects\TM470\data\processed\test\Cortinarius\670_VEDFNxOmJjk.jpg,Cortinarius/670_VEDFNxOmJjk.jpg,Cortinarius,Cortinarius,True,0.9461853504180908,0.006337099999655,ResNet18,test,0.001014753826893866,0.013048450462520123,0.00498612318187952,0.9461853504180908,0.005859585478901863,0.0006122078048065305,0.011193596757948399,0.0006268391734920442,0.006333849858492613,0.00994180142879486,0.0001973695761989802
C:\Projects\TM470\data\processed\test\Cortinarius\677_jZl6bME7gYc.jpg,Cortinarius/677_jZl6bME7gYc.jpg,Cortinarius,Suillus,False,0.22840194404125214,0.0064321999961975,ResNet18,test,0.015514040365815163,0.09730326384305954,0.17734938859939575,0.22386795282363892,0.010553455911576748,0.00036549780634231865,0.05385961756110191,0.018217971548438072,0.10295853763818741,0.07160835713148117,0.22840194404125214
C:\Projects\TM470\data\processed\test\Cortinarius\684_4Yz2wW3J4Vs.jpg,Cortinarius/684_4Yz2wW3J4Vs.jpg,Cortinarius,Cortinarius,True,0.4007216691970825,0.006437600008212,ResNet18,test,0.20469577610492706,0.0845218077301979,0.0074575901962816715,0.4007216691970825,0.0992342010140419,0.00472064595669508,0.008479819633066654,0.060250915586948395,0.04464174434542656,0.07386886328458786,0.011406982317566872
C:\Projects\TM470\data\processed\test\Cortinarius\698_hDYmajbNTyc.jpg,Cortinarius/698_hDYmajbNTyc.jpg,Cortinarius,Lactarius,False,0.5672956109046936,0.0062925000092945,ResNet18,test,0.005297578405588865,0.0035953328479081392,0.00707494281232357,0.17923489212989807,0.015198664739727974,4.106313554075314e-06,0.01995186321437359,0.003912255167961121,0.5672956109046936,0.09969816356897354,0.09873660653829575
C:\Projects\TM470\data\processed\test\Cortinarius\700_T0ARJ9bwVM0.jpg,Cortinarius/700_T0ARJ9bwVM0.jpg,Cortinarius,Suillus,False,0.21776250004768372,0.0060279999888734,ResNet18,test,0.059046048671007156,0.03879080340266228,0.08049385994672775,0.1848306506872177,0.017267227172851562,0.000299708015518263,0.01489741075783968,0.03527999669313431,0.2109728306531906,0.14035895466804504,0.21776250004768372
C:\Projects\TM470\data\processed\test\Cortinarius\706_neOW0Q7auww.jpg,Cortinarius/706_neOW0Q7auww.jpg,Cortinarius,Agaricus,False,0.3653995096683502,0.0062075000023469,ResNet18,test,0.3653995096683502,0.024667950347065926,0.0002728250401560217,0.17098678648471832,0.01679287850856781,4.578384960041149e-06,0.014832921326160431,0.14211662113666534,0.019939683377742767,0.19285167753696442,0.052134569734334946
C:\Projects\TM470\data\processed\test\Cortinarius\710_9SgH3X4RwDc.jpg,Cortinarius/710_9SgH3X4RwDc.jpg,Cortinarius,Inocybe,False,0.32258468866348267,0.0061571000114781,ResNet18,test,0.0006650800351053476,0.0036550145596265793,0.0006752703338861465,0.28550970554351807,0.183137446641922,0.0020125301089137793,0.014215853996574879,0.32258468866348267,0.155421644449234,0.004668103065341711,0.027454664930701256
C:\Projects\TM470\data\processed\test\Cortinarius\713_0K-WK89enpQ.jpg,Cortinarius/713_0K-WK89enpQ.jpg,Cortinarius,Cortinarius,True,0.3412448465824127,0.0060045999998692,ResNet18,test,0.00987765658646822,0.026541676372289658,0.05210002884268761,0.3412448465824127,0.21528811752796173,0.0013180975802242756,0.024765070527791977,0.018534211441874504,0.20514222979545593,0.06531629711389542,0.03987177088856697
C:\Projects\TM470\data\processed\test\Cortinarius\722_hYmaZTUMKvM.jpg,Cortinarius/722_hYmaZTUMKvM.jpg,Cortinarius,Russula,False,0.7731337547302246,0.0062207000009948,ResNet18,test,0.0011266899527981877,0.00940608512610197,0.005546772386878729,0.11388402432203293,0.0002035002107731998,1.1384482831999776e-06,0.00633736839517951,0.004230052698403597,0.0650005042552948,0.7731337547302246,0.021130148321390152
C:\Projects\TM470\data\processed\test\Cortinarius\723_z2zuRWlePHw.jpg,Cortinarius/723_z2zuRWlePHw.jpg,Cortinarius,Inocybe,False,0.40030789375305176,0.006239700000151,ResNet18,test,0.021392205730080605,0.012841017916798592,0.005611702799797058,0.28712645173072815,0.0003852582594845444,0.23408272862434387,7.466213719453663e-05,0.40030789375305176,0.03329608589410782,0.0037953758146613836,0.0010865862714126706
C:\Projects\TM470\data\processed\test\Cortinarius\726_SPq8J7DiHAU.jpg,Cortinarius/726_SPq8J7DiHAU.jpg,Cortinarius,Russula,False,0.42475858330726624,0.0062835999997332,ResNet18,test,0.03200468048453331,0.0765191987156868,0.017120517790317535,0.06610526889562607,0.07011137902736664,1.5611320122843608e-05,0.011051761917769909,0.0018655461026355624,0.23607195913791656,0.42475858330726624,0.06437550485134125
C:\Projects\TM470\data\processed\test\Cortinarius\734_gSi3maWDcms.jpg,Cortinarius/734_gSi3maWDcms.jpg,Cortinarius,Russula,False,0.6150720715522766,0.0060908000014023,ResNet18,test,0.028590165078639984,0.03846261277794838,0.03662285581231117,0.03201177716255188,0.007166692055761814,0.005797810852527618,0.011713419109582901,0.1319582462310791,0.053474295884370804,0.6150720715522766,0.039130065590143204
C:\Projects\TM470\data\processed\test\Cortinarius\739_1fnqQJpMA1w.jpg,Cortinarius/739_1fnqQJpMA1w.jpg,Cortinarius,Cortinarius,True,0.544906497001648,0.0061016999970888,ResNet18,test,0.012635503895580769,0.03348909318447113,0.00019201535906177014,0.544906497001648,0.034918732941150665,0.0003793718642555177,0.0530402809381485,0.21244345605373383,0.02445281483232975,0.041660357266664505,0.041881825774908066
C:\Projects\TM470\data\processed\test\Cortinarius\740_6uQUZGPJDtc.jpg,Cortinarius/740_6uQUZGPJDtc.jpg,Cortinarius,Russula,False,0.23638801276683807,0.0061278000066522,ResNet18,test,0.2009328156709671,0.08715743571519852,0.02175883762538433,0.05623771622776985,0.17357434332370758,0.0013036937452852726,0.009230121038854122,0.016929954290390015,0.1719386875629425,0.23638801276683807,0.024548351764678955
C:\Projects\TM470\data\processed\test\Cortinarius\741_I2jWMQKljH8.jpg,Cortinarius/741_I2jWMQKljH8.jpg,Cortinarius,Agaricus,False,0.39095741510391235,0.006128200009698,ResNet18,test,0.39095741510391235,0.14541985094547272,0.014586244709789753,0.058541323989629745,0.04665442928671837,0.0008557004621252418,0.008769315667450428,0.058863066136837006,0.10144416987895966,0.13018162548542023,0.043726846575737
C:\Projects\TM470\data\processed\test\Cortinarius\743_x_gCsSdhOPU.jpg,Cortinarius/743_x_gCsSdhOPU.jpg,Cortinarius,Inocybe,False,0.3089389204978943,0.0061600000044563,ResNet18,test,0.01234784908592701,0.051782552152872086,0.12271801382303238,0.10314717888832092,0.00360707170329988,0.004832745995372534,0.003980020061135292,0.3089389204978943,0.181894913315773,0.031611088663339615,0.1751396656036377
C:\Projects\TM470\data\processed\test\Cortinarius\754_pGoceyCfMP8.jpg,Cortinarius/754_pGoceyCfMP8.jpg,Cortinarius,Russula,False,0.7419024109840393,0.0061926999915158,ResNet18,test,0.008368942886590958,0.010680175386369228,0.0015172779094427824,0.03640925884246826,0.009082984179258347,1.4937381820345763e-06,0.0023422688245773315,0.005299672484397888,0.16867920756340027,0.7419024109840393,0.015716323629021645
C:\Projects\TM470\data\processed\test\Cortinarius\766_vIHHxNTloEA.jpg,Cortinarius/766_vIHHxNTloEA.jpg,Cortinarius,Russula,False,0.6268447637557983,0.0061610999982804,ResNet18,test,0.03347872942686081,0.04822986200451851,0.002638826612383127,0.04782586544752121,0.06802801042795181,0.0007296654512174428,0.04027494043111801,0.01468885038048029,0.1148863434791565,0.6268447637557983,0.0023741975892335176
C:\Projects\TM470\data\processed\test\Cortinarius\791_2-YR9WlEhSA.jpg,Cortinarius/791_2-YR9WlEhSA.jpg,Cortinarius,Russula,False,0.4063492715358734,0.0076987999927951,ResNet18,test,1.920930117194075e-05,0.00021384967840276659,0.0057225655764341354,0.2331603467464447,0.00014723620552103966,8.354335534477286e-08,0.0072098118253052235,0.0002456784131936729,0.33764925599098206,0.4063492715358734,0.009282618761062622
C:\Projects\TM470\data\processed\test\Cortinarius\796_738i150K_pQ.jpg,Cortinarius/796_738i150K_pQ.jpg,Cortinarius,Hygrocybe,False,0.42401498556137085,0.0059769000072265,ResNet18,test,0.0022249543108046055,0.020017659291625023,0.007915646769106388,0.09652942419052124,0.04561575502157211,0.0001531514135422185,0.42401498556137085,0.00025990366702899337,0.1410934329032898,0.25705641508102417,0.005118683446198702
C:\Projects\TM470\data\processed\test\Cortinarius\800_DyXP5vXb0mQ.jpg,Cortinarius/800_DyXP5vXb0mQ.jpg,Cortinarius,Lactarius,False,0.6722854971885681,0.0059481000062078,ResNet18,test,7.195401121862233e-05,0.00027908378979191184,0.016395166516304016,0.23987840116024017,9.258455247618258e-05,1.05413698747725e-06,0.006990199442952871,0.00217774068005383,0.6722854971885681,0.030582446604967117,0.031245866790413857
C:\Projects\TM470\data\processed\test\Cortinarius\819_ELx6VT8tmKM.jpg,Cortinarius/819_ELx6VT8tmKM.jpg,Cortinarius,Boletus,False,0.382595419883728,0.006034100006218,ResNet18,test,0.004755210131406784,0.24776539206504822,0.382595419883728,0.0278896763920784,0.03438784182071686,0.0013969348510727286,0.1813470423221588,0.03971385955810547,0.044372934848070145,0.01978880725800991,0.01598687842488289
C:\Projects\TM470\data\processed\test\Cortinarius\825_nn-gRPOKNNQ.jpg,Cortinarius/825_nn-gRPOKNNQ.jpg,Cortinarius,Entoloma,False,0.659115195274353,0.0060546000022441,ResNet18,test,0.005447982810437679,0.021429551765322685,2.478989017618005e-06,0.011561021208763123,0.659115195274353,2.9719583835685626e-05,0.17012207210063934,0.10153608024120331,0.009911098517477512,0.019659757614135742,0.0011850203154608607
C:\Projects\TM470\data\processed\test\Cortinarius\835_znWNJNTUlcg.jpg,Cortinarius/835_znWNJNTUlcg.jpg,Cortinarius,Russula,False,0.3622894287109375,0.0060642999887932,ResNet18,test,0.009624983184039593,0.005065969657152891,0.0013458289904519916,0.17479048669338226,0.018880680203437805,1.8148490198655054e-05,0.020185833796858788,0.0075660631991922855,0.3398505449295044,0.3622894287109375,0.060381993651390076
C:\Projects\TM470\data\processed\test\Cortinarius\838_phOn4HpRGFU.jpg,Cortinarius/838_phOn4HpRGFU.jpg,Cortinarius,Inocybe,False,0.7725826501846313,0.0060090999904787,ResNet18,test,0.003689015284180641,0.007753086742013693,0.0013961513759568334,0.14305473864078522,0.00946364551782608,0.00045939814299345016,0.008550017140805721,0.7725826501846313,0.02221466787159443,0.0038558258675038815,0.02698085643351078
C:\Projects\TM470\data\processed\test\Cortinarius\839_QCI2KoxuEus.jpg,Cortinarius/839_QCI2KoxuEus.jpg,Cortinarius,Cortinarius,True,0.5177836418151855,0.0058462000015424,ResNet18,test,0.035068925470113754,0.003188860835507512,3.863855454255827e-05,0.5177836418151855,0.07148195058107376,6.165405466163065e-06,0.039774637669324875,0.030487004667520523,0.12262129038572311,0.09231840074062347,0.08723045885562897
C:\Projects\TM470\data\processed\test\Cortinarius\880_2blQSwj_qqg.jpg,Cortinarius/880_2blQSwj_qqg.jpg,Cortinarius,Entoloma,False,0.3821522295475006,0.0058916000125464,ResNet18,test,0.031592585146427155,0.025769928470253944,0.02191789634525776,0.023171575739979744,0.3821522295475006,0.0020645796321332455,0.01732812263071537,0.0072412448935210705,0.18881288170814514,0.2966042160987854,0.00334474490955472
C:\Projects\TM470\data\processed\test\Cortinarius\896_zisCBTibqYs.jpg,Cortinarius/896_zisCBTibqYs.jpg,Cortinarius,Boletus,False,0.5341553688049316,0.0058508000074652,ResNet18,test,0.032747477293014526,0.06987372785806656,0.5341553688049316,0.13718342781066895,0.0012682231608778238,1.6549378415220417e-05,0.0034599683713167906,0.02460741065442562,0.022043460980057716,0.12198963016271591,0.05265475809574127
C:\Projects\TM470\data\processed\test\Cortinarius\897_K54fKEI54-0.jpg,Cortinarius/897_K54fKEI54-0.jpg,Cortinarius,Cortinarius,True,0.5296763777732849,0.0059127999993506,ResNet18,test,0.08826953172683716,0.15040333569049835,0.01116129383444786,0.5296763777732849,0.002008210401982069,0.006839275360107422,0.0007413735147565603,0.10706140846014023,0.0266487468034029,0.06043224036693573,0.01675821840763092
C:\Projects\TM470\data\processed\test\Cortinarius\909_6AiLKcfk2jI.jpg,Cortinarius/909_6AiLKcfk2jI.jpg,Cortinarius,Russula,False,0.9752631783485413,0.0058213000011164,ResNet18,test,0.00031343771843239665,0.0023891201708465815,4.12865738326218e-05,0.016994783654808998,0.0005273265414871275,8.120663551380858e-06,0.0003937597502954304,0.0004912058939225972,0.003373194020241499,0.9752631783485413,0.00020450903684832156
C:\Projects\TM470\data\processed\test\Cortinarius\910_q20nsdIX9Zo.jpg,Cortinarius/910_q20nsdIX9Zo.jpg,Cortinarius,Exidia,False,0.3931523263454437,0.0060213999968254,ResNet18,test,0.02191236801445484,0.030125873163342476,0.03568282350897789,0.1467895209789276,0.027467872947454453,0.3931523263454437,0.01468406617641449,0.15902821719646454,0.12922360002994537,0.016496850177645683,0.025436539202928543
C:\Projects\TM470\data\processed\test\Cortinarius\918_LWJyWIIRFwE.jpg,Cortinarius/918_LWJyWIIRFwE.jpg,Cortinarius,Suillus,False,0.6900635957717896,0.0060472000041045,ResNet18,test,0.017569204792380333,0.012342231348156929,0.036477234214544296,0.03771005570888519,0.0006052753888070583,2.7192045948254417e-08,0.007089785300195217,0.0021031303331255913,0.08345431834459305,0.11258509010076523,0.6900635957717896
C:\Projects\TM470\data\processed\test\Cortinarius\927_MThMyEFu3p4.jpg,Cortinarius/927_MThMyEFu3p4.jpg,Cortinarius,Inocybe,False,0.3338340222835541,0.0060176999977556,ResNet18,test,0.010939650237560272,0.2249939739704132,1.792576767911669e-05,0.025050757452845573,0.15987204015254974,1.2717516256088857e-05,0.13813357055187225,0.3338340222835541,0.008773108944296837,0.08527088165283203,0.01310140173882246
C:\Projects\TM470\data\processed\test\Cortinarius\930_rg7s0lc2xZ4.jpg,Cortinarius/930_rg7s0lc2xZ4.jpg,Cortinarius,Inocybe,False,0.6306972503662109,0.0060264000057941,ResNet18,test,0.00030161626636981964,0.019005047157406807,3.685056526592234e-07,0.02634672448039055,0.20259042084217072,0.0002878140949178487,0.11668075621128082,0.6306972503662109,0.0013009682297706604,0.0018360752146691084,0.0009530116803944111
C:\Projects\TM470\data\processed\test\Cortinarius\932_wke3BS09elk.jpg,Cortinarius/932_wke3BS09elk.jpg,Cortinarius,Russula,False,0.8429534435272217,0.0060054000059608,ResNet18,test,0.025775019079446793,0.03613216429948807,0.0019053771393373609,0.0069566406309604645,0.00959478784352541,1.5590838302159682e-05,0.0081839794293046,0.002385708736255765,0.06348038464784622,0.8429534435272217,0.002616924699395895
C:\Projects\TM470\data\processed\test\Cortinarius\933_9KMU6_nR5hY.jpg,Cortinarius/933_9KMU6_nR5hY.jpg,Cortinarius,Cortinarius,True,0.30371344089508057,0.0055177999893203,ResNet18,test,0.02340349368751049,0.02063482254743576,0.003941694740206003,0.30371344089508057,0.03915572166442871,0.0004037719336338341,0.025661105290055275,0.0901709645986557,0.24092842638492584,0.1760675609111786,0.07591899484395981
C:\Projects\TM470\data\processed\test\Cortinarius\938_c0WgxVOt3ug.jpg,Cortinarius/938_c0WgxVOt3ug.jpg,Cortinarius,Cortinarius,True,0.4798569083213806,0.0058021000004373,ResNet18,test,0.027663635089993477,0.04382097348570824,0.00026100603281520307,0.4798569083213806,0.03147318959236145,0.10334477573633194,0.002835232997313142,0.2557533383369446,0.010510992258787155,0.04412003234028816,0.00035992354969494045
C:\Projects\TM470\data\processed\test\Cortinarius\949_8OyiXJnNar8.jpg,Cortinarius/949_8OyiXJnNar8.jpg,Cortinarius,Cortinarius,True,0.6703621745109558,0.0057276000006822,ResNet18,test,0.001130523276515305,0.0011613407405093312,0.008904418908059597,0.6703621745109558,0.00036879765684716403,1.7490243408246897e-05,0.00031666812719777226,0.0029436107724905014,0.17386971414089203,0.05583488941192627,0.08509033918380737
C:\Projects\TM470\data\processed\test\Cortinarius\950_HDskNFXm9xc.jpg,Cortinarius/950_HDskNFXm9xc.jpg,Cortinarius,Lactarius,False,0.30823439359664917,0.0057627000060165,ResNet18,test,0.018644176423549652,0.001890924177132547,0.16766507923603058,0.21897083520889282,0.0002732345019467175,3.424435999477282e-05,0.000533049984369427,0.0072874934412539005,0.30823439359664917,0.07610359787940979,0.2003629356622696
C:\Projects\TM470\data\processed\test\Entoloma\008_AZvp1cwweLk.jpg,Entoloma/008_AZvp1cwweLk.jpg,Entoloma,Entoloma,True,0.3648325502872467,0.0058638000045903,ResNet18,test,0.028642453253269196,0.05416562780737877,0.002730075502768159,0.0062681324779987335,0.3648325502872467,0.001989810261875391,0.09530109167098999,0.019374895840883255,0.17939917743206024,0.24143896996974945,0.005857185926288366
C:\Projects\TM470\data\processed\test\Entoloma\015_HkVmyyuf6D4.jpg,Entoloma/015_HkVmyyuf6D4.jpg,Entoloma,Russula,False,0.549899697303772,0.0058500000013737,ResNet18,test,0.014476574026048183,0.010342229157686234,0.0006936976569704711,0.005792153999209404,0.05336755886673927,5.502718522620853e-06,0.051968079060316086,0.0026752499397844076,0.29698169231414795,0.549899697303772,0.013797509483993053
C:\Projects\TM470\data\processed\test\Entoloma\016_ARE6YaRXCgc.jpg,Entoloma/016_ARE6YaRXCgc.jpg,Entoloma,Russula,False,0.340747207403183,0.0058062000025529,ResNet18,test,0.0374973863363266,0.045009545981884,0.001008891616947949,0.011634474620223045,0.2818134129047394,0.008698674850165844,0.045088235288858414,0.0734669640660286,0.14932626485824585,0.340747207403183,0.0057089864276349545
C:\Projects\TM470\data\processed\test\Entoloma\024_bN9lzk7miXk.jpg,Entoloma/024_bN9lzk7miXk.jpg,Entoloma,Agaricus,False,0.29211729764938354,0.0057754000008571,ResNet18,test,0.29211729764938354,0.09134016931056976,0.01831360161304474,0.04816824942827225,0.25747284293174744,0.009576206095516682,0.003999663982540369,0.025829609483480453,0.14012371003627777,0.07938051968812943,0.03367806598544121
C:\Projects\TM470\data\processed\test\Entoloma\028_ep6xNTtGRbM.jpg,Entoloma/028_ep6xNTtGRbM.jpg,Entoloma,Hygrocybe,False,0.40512245893478394,0.005961799994111,ResNet18,test,0.000294623663648963,0.026811033487319946,2.970091372844763e-06,0.015099418349564075,0.32050850987434387,0.00012582086492329836,0.40512245893478394,0.22620882093906403,0.002855090657249093,0.0017520008841529489,0.0012192493304610252
C:\Projects\TM470\data\processed\test\Entoloma\040_AaS7qJWOhTY.jpg,Entoloma/040_AaS7qJWOhTY.jpg,Entoloma,Russula,False,0.7343705296516418,0.0058481999876676,ResNet18,test,0.06007597967982292,0.008187917992472649,0.001141469576396048,0.004303070716559887,0.009015251882374287,4.473572698771022e-05,0.0010466211242601275,0.027599774301052094,0.14057080447673798,0.7343705296516418,0.013643838465213776
C:\Projects\TM470\data\processed\test\Entoloma\041_8TLv6hZ7PQg.jpg,Entoloma/041_8TLv6hZ7PQg.jpg,Entoloma,Russula,False,0.3142961263656616,0.0086657000065315,ResNet18,test,0.25934308767318726,0.14118242263793945,0.008507363498210907,0.006272574421018362,0.0887514278292656,6.840507558081299e-05,0.01389210857450962,0.043509144335985184,0.1096973791718483,0.3142961263656616,0.014479969628155231
C:\Projects\TM470\data\processed\test\Entoloma\043_HA9oR2t5gx4.jpg,Entoloma/043_HA9oR2t5gx4.jpg,Entoloma,Lactarius,False,0.35455164313316345,0.0058575000002747,ResNet18,test,0.08960817754268646,0.03291940316557884,0.06146327778697014,0.04861656203866005,0.2690695524215698,0.016483072191476822,0.007898216135799885,0.045327723026275635,0.35455164313316345,0.029761673882603645,0.04430076479911804
C:\Projects\TM470\data\processed\test\Entoloma\053_pGhgq2L9_f8.jpg,Entoloma/053_pGhgq2L9_f8.jpg,Entoloma,Entoloma,True,0.4710724353790283,0.0063296999869635,ResNet18,test,0.018442543223500252,0.09878362715244293,0.1653118133544922,0.018968826159834862,0.4710724353790283,0.009678996168076992,0.023931341245770454,0.04216118901968002,0.10245718061923981,0.039746228605508804,0.0094458581879735
C:\Projects\TM470\data\processed\test\Entoloma\075_6zFJxFd4PFI.jpg,Entoloma/075_6zFJxFd4PFI.jpg,Entoloma,Hygrocybe,False,0.543123722076416,0.0065156000055139,ResNet18,test,0.020637502893805504,0.04909798502922058,1.5703692042734474e-05,0.0024712421000003815,0.21984852850437164,1.0647167982824612e-06,0.543123722076416,0.004028880503028631,0.0411822646856308,0.11618658900260925,0.0034064834471791983
C:\Projects\TM470\data\processed\test\Entoloma\077_MiiSt18mhFg.jpg,Entoloma/077_MiiSt18mhFg.jpg,Entoloma,Russula,False,0.8133411407470703,0.0058947000070475,ResNet18,test,0.06552191823720932,0.032519686967134476,0.0028266662266105413,0.0020137547980993986,0.012388749048113823,1.505327560380465e-07,0.010647430084645748,0.0006044180481694639,0.05419453978538513,0.8133411407470703,0.005941494833678007
C:\Projects\TM470\data\processed\test\Entoloma\087_B8cy4l0fVCM.jpg,Entoloma/087_B8cy4l0fVCM.jpg,Entoloma,Entoloma,True,0.9786996841430664,0.0057451000029686,ResNet18,test,0.00021857126557733864,0.002646616194397211,6.216903329914203e-06,0.0005886626895517111,0.9786996841430664,2.606560883577913e-05,0.0065020970068871975,0.002145349280908704,0.008436853997409344,0.0006152886780910194,0.00011465467105153948
C:\Projects\TM470\data\processed\test\Entoloma\095_sc5K2sdc95k.jpg,Entoloma/095_sc5K2sdc95k.jpg,Entoloma,Entoloma,True,0.8593583703041077,0.0057049999886658,ResNet18,test,0.001700582797639072,0.008533231914043427,6.246833072509617e-05,0.0013140490045771003,0.8593583703041077,1.2581272130773868e-05,0.025537114590406418,0.013647252693772316,0.08012731373310089,0.008483653888106346,0.0012233685702085495
C:\Projects\TM470\data\processed\test\Entoloma\100_DOEuA90u0n4.jpg,Entoloma/100_DOEuA90u0n4.jpg,Entoloma,Lactarius,False,0.41340959072113037,0.0056289000058313,ResNet18,test,0.007489628624171019,0.007271169684827328,0.0015026443870738149,0.029085414484143257,0.2226039171218872,1.0852143532247283e-05,0.025739340111613274,0.02833596058189869,0.41340959072113037,0.2161184698343277,0.048433031886816025
C:\Projects\TM470\data\processed\test\Entoloma\112_tZybBnWnquU.jpg,Entoloma/112_tZybBnWnquU.jpg,Entoloma,Lactarius,False,0.49903520941734314,0.0056533000024501,ResNet18,test,0.019884571433067322,0.009365004487335682,0.17530332505702972,0.03595605492591858,0.048164624720811844,3.138914280498284e-06,0.02364833652973175,0.006436425726860762,0.49903520941734314,0.023648425936698914,0.1585548371076584
C:\Projects\TM470\data\processed\test\Entoloma\114_hVYv8T9rAdI.jpg,Entoloma/114_hVYv8T9rAdI.jpg,Entoloma,Entoloma,True,0.4212839603424072,0.0078282000031322,ResNet18,test,0.01947271078824997,0.02873755246400833,0.04325127601623535,0.020263230428099632,0.4212839603424072,0.00029708677902817726,0.026414817199110985,0.01333367358893156,0.3237682580947876,0.06671391427516937,0.036463476717472076
C:\Projects\TM470\data\processed\test\Entoloma\123_N1nBNk8zowc.jpg,Entoloma/123_N1nBNk8zowc.jpg,Entoloma,Russula,False,0.5579871535301208,0.0057334000011906,ResNet18,test,0.025064079090952873,0.008314653299748898,0.0026113002095371485,0.018352948129177094,0.29417648911476135,0.00038650838541798294,0.007458849810063839,0.0006713431794196367,0.08421840518712997,0.5579871535301208,0.0007582471007481217
C:\Projects\TM470\data\processed\test\Entoloma\124_NgFCwyrvUBU.jpg,Entoloma/124_NgFCwyrvUBU.jpg,Entoloma,Amanita,False,0.4771648645401001,0.005951900006039,ResNet18,test,0.03007335402071476,0.4771648645401001,0.234237402677536,0.0079063531011343,0.01674637198448181,0.000220985384657979,0.0039092376828193665,0.017807135358452797,0.04914870858192444,0.14569327235221863,0.017092205584049225
C:\Projects\TM470\data\processed\test\Entoloma\125_H6KQJubz60Q.jpg,Entoloma/125_H6KQJubz60Q.jpg,Entoloma,Inocybe,False,0.6951040029525757,0.0056913000007625,ResNet18,test,0.013044481165707111,0.1631283015012741,0.0024160000029951334,0.005595668219029903,0.05734572187066078,0.02360120229423046,0.010962370783090591,0.6951040029525757,0.023608190938830376,0.002961045829579234,0.002233043545857072
C:\Projects\TM470\data\processed\test\Entoloma\137_2wOQqIdze_Y.jpg,Entoloma/137_2wOQqIdze_Y.jpg,Entoloma,Hygrocybe,False,0.4278210401535034,0.0055539999884786,ResNet18,test,0.0017960641998797655,0.08132237195968628,0.00035547013976611197,0.028644133359193802,0.1940249800682068,8.128648914862424e-05,0.4278210401535034,0.23285718262195587,0.009961172007024288,0.005932887550443411,0.017203396186232567
C:\Projects\TM470\data\processed\test\Entoloma\154_HDT_he4bSpA.jpg,Entoloma/154_HDT_he4bSpA.jpg,Entoloma,Lactarius,False,0.3757387399673462,0.0054818000062368,ResNet18,test,0.019148243591189384,0.02881648577749729,0.005018411669880152,0.0013499478809535503,0.30099114775657654,3.137944804620929e-05,0.008051441982388496,0.0028246394358575344,0.3757387399673462,0.2546248733997345,0.003404719289392233
C:\Projects\TM470\data\processed\test\Entoloma\155_ab4GU9GVNl0.jpg,Entoloma/155_ab4GU9GVNl0.jpg,Entoloma,Entoloma,True,0.375332236289978,0.0056894000008469,ResNet18,test,0.018814539536833763,0.20632228255271912,0.013634109869599342,0.048467349261045456,0.375332236289978,0.0010711181676015258,0.02164674922823906,0.07763871550559998,0.06523024290800095,0.07687634229660034,0.09496627748012543
C:\Projects\TM470\data\processed\test\Entoloma\159_gzyo4cu2SF0.jpg,Entoloma/159_gzyo4cu2SF0.jpg,Entoloma,Entoloma,True,0.8086584806442261,0.0057274999999208,ResNet18,test,0.017862563952803612,0.025245411321520805,0.01922677457332611,0.008715235628187656,0.8086584806442261,0.001208486151881516,0.010894320905208588,0.008823814801871777,0.05737895891070366,0.03170428052544594,0.01028167363256216
C:\Projects\TM470\data\processed\test\Entoloma\170_rgOUjNM_DM4.jpg,Entoloma/170_rgOUjNM_DM4.jpg,Entoloma,Inocybe,False,0.598578155040741,0.0057379000063519,ResNet18,test,0.004920295439660549,0.008617018349468708,0.00031557801412418485,0.12558723986148834,0.18820138275623322,0.003421118715777993,0.02711457945406437,0.598578155040741,0.014729547314345837,0.006121200043708086,0.02239389531314373
C:\Projects\TM470\data\processed\test\Entoloma\178_j9A_u3GorWg.jpg,Entoloma/178_j9A_u3GorWg.jpg,Entoloma,Hygrocybe,False,0.3646687865257263,0.005824300009408,ResNet18,test,0.000139577328809537,0.005489623639732599,0.00010563085379544646,0.1529584378004074,0.1711193472146988,8.398670615861192e-05,0.3646687865257263,0.16158515214920044,0.11952058225870132,0.0010955713223665953,0.023233288899064064
C:\Projects\TM470\data\processed\test\Entoloma\185_UK9hgsbXBR8.jpg,Entoloma/185_UK9hgsbXBR8.jpg,Entoloma,Hygrocybe,False,0.3865942358970642,0.0058604000078048,ResNet18,test,0.002186577068641782,0.04464762285351753,9.908077481668442e-05,0.023043902590870857,0.38069504499435425,0.00130062410607934,0.3865942358970642,0.13860604166984558,0.0076166801154613495,0.0012830389896407723,0.01392719428986311
C:\Projects\TM470\data\processed\test\Entoloma\187_m0UFCsyH-Bs.jpg,Entoloma/187_m0UFCsyH-Bs.jpg,Entoloma,Hygrocybe,False,0.6435887813568115,0.006034100006218,ResNet18,test,0.0002800064394250512,0.021757520735263824,2.488352583895903e-05,0.014361416921019554,0.29226189851760864,0.000173718566657044,0.6435887813568115,0.0169054064899683,0.005465318448841572,0.0017702641198411584,0.0034108255058526993
C:\Projects\TM470\data\processed\test\Entoloma\192_Tf_A1Q4bdco.jpg,Entoloma/192_Tf_A1Q4bdco.jpg,Entoloma,Boletus,False,0.5645963549613953,0.0045089000050211,ResNet18,test,0.0020665323827415705,0.02377042919397354,0.5645963549613953,0.05008259043097496,0.003320075338706374,0.00022126140538603067,0.0022848746739327908,0.17030119895935059,0.08880901336669922,0.019503086805343628,0.07504457980394363
C:\Projects\TM470\data\processed\test\Entoloma\195_tEj9VvcKoc8.jpg,Entoloma/195_tEj9VvcKoc8.jpg,Entoloma,Entoloma,True,0.5856976509094238,0.003569199994672,ResNet18,test,0.002387696411460638,0.006469151470810175,2.0947360098944046e-05,0.22513225674629211,0.5856976509094238,0.002624697983264923,0.03815505653619766,0.1156468391418457,0.008670922368764877,0.009206213988363743,0.005988578777760267
C:\Projects\TM470\data\processed\test\Entoloma\202_FQWDsaZPytk.jpg,Entoloma/202_FQWDsaZPytk.jpg,Entoloma,Amanita,False,0.5484113097190857,0.003536600008374,ResNet18,test,0.03552481159567833,0.5484113097190857,0.10083376616239548,0.011918198317289352,0.1060025617480278,0.0005161237204447389,0.02308940887451172,0.00906543992459774,0.06627386063337326,0.09383797645568848,0.0045265620574355125
C:\Projects\TM470\data\processed\test\Entoloma\213_xX7APSYep7c.jpg,Entoloma/213_xX7APSYep7c.jpg,Entoloma,Russula,False,0.916059136390686,0.0038711999950464,ResNet18,test,0.008050214499235153,0.02263682521879673,0.0005264421924948692,0.013842688873410225,0.007422675844281912,8.879087545210496e-05,0.011764788068830967,0.0019844144117087126,0.01719278283417225,0.916059136390686,0.0004311994998715818
C:\Projects\TM470\data\processed\test\Entoloma\217_MQnUltdhEsM.jpg,Entoloma/217_MQnUltdhEsM.jpg,Entoloma,Russula,False,0.39112022519111633,0.0037428000068757,ResNet18,test,0.03688468784093857,0.21932339668273926,0.0019438191084191203,0.09470720589160919,0.13421951234340668,3.319330426165834e-05,0.032776832580566406,0.007601440884172916,0.07846075296401978,0.39112022519111633,0.002928980626165867
C:\Projects\TM470\data\processed\test\Entoloma\221_aU7_BswojlM.jpg,Entoloma/221_aU7_BswojlM.jpg,Entoloma,Entoloma,True,0.5566165447235107,0.0041070000006584,ResNet18,test,0.028190575540065765,0.08746901154518127,9.396182576892897e-06,0.01785730943083763,0.5566165447235107,2.8130474674981087e-05,0.08335937559604645,0.004953790921717882,0.013839633204042912,0.206126406788826,0.0015498189022764564
C:\Projects\TM470\data\processed\test\Entoloma\225_3YNITN-NtWM.jpg,Entoloma/225_3YNITN-NtWM.jpg,Entoloma,Russula,False,0.7930468320846558,0.0039858000091044,ResNet18,test,0.04163471236824989,0.03645801171660423,0.0026634030509740114,0.0018033143132925034,0.026356833055615425,1.0131850558536826e-06,0.017287811264395714,0.0020439098589122295,0.07447583973407745,0.7930468320846558,0.004228285979479551
C:\Projects\TM470\data\processed\test\Entoloma\244_5qYibVwYigY.jpg,Entoloma/244_5qYibVwYigY.jpg,Entoloma,Lactarius,False,0.28815704584121704,0.0039194999990286,ResNet18,test,0.04817819595336914,0.16578109562397003,0.04669494926929474,0.019167739897966385,0.10200218856334686,2.413094262010418e-05,0.021511124446988106,0.0328260101377964,0.28815704584121704,0.23456168174743652,0.04109586402773857
C:\Projects\TM470\data\processed\test\Entoloma\247_ABBDuWCbqT0.jpg,Entoloma/247_ABBDuWCbqT0.jpg,Entoloma,Entoloma,True,0.43730661273002625,0.0039741000073263,ResNet18,test,0.007272935006767511,0.12774260342121124,0.0005264310166239738,0.016467994078993797,0.43730661273002625,0.0011056647635996342,0.13217663764953613,0.23758286237716675,0.019059719517827034,0.01928837224841118,0.0014701382024213672
C:\Projects\TM470\data\processed\test\Entoloma\254_iO4rO5rmxLg.jpg,Entoloma/254_iO4rO5rmxLg.jpg,Entoloma,Russula,False,0.28941044211387634,0.003797500001383,ResNet18,test,0.03468852862715721,0.014732638373970985,0.0012132060946896672,0.2088557779788971,0.14614708721637726,0.006105028558522463,0.07512686401605606,0.05489257350564003,0.15776453912258148,0.28941044211387634,0.01106334663927555
C:\Projects\TM470\data\processed\test\Entoloma\269_YSsglwYAx0A.jpg,Entoloma/269_YSsglwYAx0A.jpg,Entoloma,Russula,False,0.46640831232070923,0.003355199994985,ResNet18,test,0.05181099846959114,0.24219931662082672,0.007535987999290228,0.059375353157520294,0.06810121238231659,0.0006469227373600006,0.003996049519628286,0.015365291386842728,0.07425291836261749,0.46640831232070923,0.01030768733471632
C:\Projects\TM470\data\processed\test\Entoloma\278_1UQ2eou4aVA.jpg,Entoloma/278_1UQ2eou4aVA.jpg,Entoloma,Entoloma,True,0.8827329874038696,0.0033905999880516,ResNet18,test,0.00266589829698205,0.023405414074659348,1.3171415048418567e-05,0.0016871305415406823,0.8827329874038696,5.023236735723913e-05,0.05336318910121918,0.025629207491874695,0.004449073225259781,0.003963958006352186,0.0020397468470036983
C:\Projects\TM470\data\processed\test\Entoloma\283_eWPMK-in8bA.jpg,Entoloma/283_eWPMK-in8bA.jpg,Entoloma,Lactarius,False,0.23277541995048523,0.0032553000055486,ResNet18,test,0.03460017591714859,0.13181143999099731,0.028121568262577057,0.05584971234202385,0.11459455639123917,0.002310434589162469,0.07585285604000092,0.13803428411483765,0.23277541995048523,0.09318467229604721,0.09286484867334366
C:\Projects\TM470\data\processed\test\Entoloma\307_bs3Q880w3uI.jpg,Entoloma/307_bs3Q880w3uI.jpg,Entoloma,Entoloma,True,0.3186852037906647,0.0032460999937029,ResNet18,test,0.06000673025846481,0.06531423330307007,0.0076025715097785,0.04793352261185646,0.3186852037906647,0.0030239352490752935,0.10238755494356155,0.03418917953968048,0.05630532279610634,0.28142595291137695,0.02312585897743702
C:\Projects\TM470\data\processed\test\Entoloma\309_QMD8y_m-X9w.jpg,Entoloma/309_QMD8y_m-X9w.jpg,Entoloma,Entoloma,True,0.7247483134269714,0.0034234999911859,ResNet18,test,0.0033249580301344395,0.00336100859567523,3.660941365524195e-05,0.01916057989001274,0.7247483134269714,0.0003058036381844431,0.1054445207118988,0.09790509939193726,0.03522338718175888,0.006029382813721895,0.0044603799469769
C:\Projects\TM470\data\processed\test\Entoloma\315_x2hPqvpEIm4.jpg,Entoloma/315_x2hPqvpEIm4.jpg,Entoloma,Lactarius,False,0.35746267437934875,0.0035705000045709,ResNet18,test,0.02510026842355728,0.014885843731462955,0.06034880131483078,0.046072397381067276,0.3091939389705658,0.00021438454859890044,0.003169419476762414,0.001736252335831523,0.35746267437934875,0.1615259051322937,0.020290138199925423
C:\Projects\TM470\data\processed\test\Entoloma\321_GSSvivRkKSs.jpg,Entoloma/321_GSSvivRkKSs.jpg,Entoloma,Entoloma,True,0.44802314043045044,0.0036996999988332,ResNet18,test,0.04631301760673523,0.13214117288589478,0.00461135758087039,0.010346711613237858,0.44802314043045044,0.0018735502380877733,0.021526239812374115,0.019623003900051117,0.24705155193805695,0.06680828332901001,0.001681939116679132
C:\Projects\TM470\data\processed\test\Entoloma\323_T1uKKhFKYQo.jpg,Entoloma/323_T1uKKhFKYQo.jpg,Entoloma,Russula,False,0.6224952936172485,0.0047029999986989,ResNet18,test,0.03345293924212456,0.023435359820723534,0.0003458494902588427,0.03375184163451195,0.018439272418618202,0.0005696880980394781,0.015430520288646221,0.15709637105464935,0.08915916830301285,0.6224952936172485,0.005823714192956686
C:\Projects\TM470\data\processed\test\Entoloma\333_1jBot7MZWes.jpg,Entoloma/333_1jBot7MZWes.jpg,Entoloma,Russula,False,0.5878879427909851,0.0039675000007264,ResNet18,test,0.05025169998407364,0.0197738129645586,0.0002460380783304572,0.004042706917971373,0.09071388840675354,8.630193804037845e-08,0.05929119512438774,0.0010900801280513406,0.17581191658973694,0.5878879427909851,0.010890675708651543
C:\Projects\TM470\data\processed\test\Entoloma\337_CtXrNI3Aodw.jpg,Entoloma/337_CtXrNI3Aodw.jpg,Entoloma,Lactarius,False,0.5200772285461426,0.0036842999979853,ResNet18,test,0.0044074528850615025,0.005320178810507059,6.816221866756678e-05,0.0004293760284781456,0.07009221613407135,3.1437673442269443e-06,0.022700835019350052,0.00021353889314923435,0.5200772285461426,0.3761935830116272,0.0004943370004184544
C:\Projects\TM470\data\processed\test\Entoloma\344_uf0xKp6qwNQ.jpg,Entoloma/344_uf0xKp6qwNQ.jpg,Entoloma,Entoloma,True,0.4915929436683655,0.0035166000016033,ResNet18,test,0.02450072579085827,0.033536314964294434,0.0008902777917683125,0.008269844576716423,0.4915929436683655,0.007341735064983368,0.015264243818819523,0.057595573365688324,0.22168315947055817,0.1247723177075386,0.014552845619618893
C:\Projects\TM470\data\processed\test\Entoloma\349_PNzUfA1WO3M.jpg,Entoloma/349_PNzUfA1WO3M.jpg,Entoloma,Entoloma,True,0.806672215461731,0.0034021000028587,ResNet18,test,0.015673136338591576,0.02220594882965088,2.6995661755790934e-05,0.0015004873275756836,0.806672215461731,1.7124126827638975e-07,0.07737895846366882,0.0006501570460386574,0.047120966017246246,0.02328045852482319,0.00549045717343688
C:\Projects\TM470\data\processed\test\Entoloma\372_hriIdsNQgxI.jpg,Entoloma/372_hriIdsNQgxI.jpg,Entoloma,Cortinarius,False,0.39388763904571533,0.003450200005318,ResNet18,test,0.0005304744699969888,0.001400537439621985,3.773593562073074e-05,0.39388763904571533,0.05331172049045563,4.064878521603532e-05,0.2794908285140991,0.0165548138320446,0.22359836101531982,0.01610143668949604,0.015045833773911
C:\Projects\TM470\data\processed\test\Entoloma\380_OI9EjWusj9s.jpg,Entoloma/380_OI9EjWusj9s.jpg,Entoloma,Russula,False,0.3023516833782196,0.0033797000069171,ResNet18,test,0.10840369760990143,0.04999062418937683,1.4756143173144665e-05,0.006676618475466967,0.25516393780708313,8.999244300866849e-07,0.2395935356616974,0.02344835177063942,0.011170764453709126,0.3023516833782196,0.0031851802486926317
C:\Projects\TM470\data\processed\test\Entoloma\389_-8kqVUZsNtU.jpg,Entoloma/389_-8kqVUZsNtU.jpg,Entoloma,Amanita,False,0.2566046714782715,0.0034933999995701,ResNet18,test,0.06644746661186218,0.2566046714782715,0.10115950554609299,0.035624898970127106,0.13817723095417023,0.014327304437756538,0.016189973801374435,0.04262994974851608,0.20958057045936584,0.10403411835432053,0.01522428821772337
C:\Projects\TM470\data\processed\test\Entoloma\391_u6_VQ5BQ3RQ.jpg,Entoloma/391_u6_VQ5BQ3RQ.jpg,Entoloma,Inocybe,False,0.6082974672317505,0.0039995000115595,ResNet18,test,0.01496958639472723,0.026773570105433464,0.02617284283041954,0.017376529052853584,0.05825677886605263,0.10535015165805817,0.00426013208925724,0.6082974672317505,0.049235712736845016,0.0802881047129631,0.009019091725349426
C:\Projects\TM470\data\processed\test\Entoloma\394_I1aghwHRxKQ.jpg,Entoloma/394_I1aghwHRxKQ.jpg,Entoloma,Lactarius,False,0.27245742082595825,0.0039946000033523,ResNet18,test,0.10468689352273941,0.0216219499707222,0.03238814324140549,0.042423065751791,0.13357730209827423,1.83416032086825e-05,0.05126900598406792,0.014969968236982822,0.27245742082595825,0.21666374802589417,0.10992420464754105
C:\Projects\TM470\data\processed\test\Entoloma\396_P8a-mnDratQ.jpg,Entoloma/396_P8a-mnDratQ.jpg,Entoloma,Russula,False,0.2843059003353119,0.0032496999920113,ResNet18,test,0.1307607889175415,0.1477983593940735,0.02785554714500904,0.01567816361784935,0.157876655459404,2.5770277716219425e-05,0.028469422832131386,0.06345844268798828,0.10610190778970718,0.2843059003353119,0.037669070065021515
C:\Projects\TM470\data\processed\test\Entoloma\401_7lcXxESXcOc.jpg,Entoloma/401_7lcXxESXcOc.jpg,Entoloma,Inocybe,False,0.25213804841041565,0.0033664000075077,ResNet18,test,0.06830637902021408,0.07725688070058823,0.008270523510873318,0.18780817091464996,0.15917445719242096,0.04122169315814972,0.06968801468610764,0.25213804841041565,0.08340427279472351,0.039593201130628586,0.013138380832970142
C:\Projects\TM470\data\processed\test\Exidia\APE2016-9184941_SkxjRjQbBe.jpg,Exidia/APE2016-9184941_SkxjRjQbBe.jpg,Exidia,Exidia,True,0.9297149777412415,0.0034753999934764,ResNet18,test,0.0009157375898212194,0.0006562949856743217,0.00011592567898333073,0.009246332570910454,0.0009400073322467506,0.9297149777412415,6.731438770657405e-05,0.05296485126018524,0.004823180381208658,0.000537384650669992,1.812431582948193e-05
C:\Projects\TM470\data\processed\test\Exidia\APE2017-9186106_r1lnuhbbvl.jpg,Exidia/APE2017-9186106_r1lnuhbbvl.jpg,Exidia,Exidia,True,0.7584020495414734,0.0038844999944558,ResNet18,test,0.02042526938021183,0.10722802579402924,0.01111821923404932,0.014686903916299343,0.010774862952530384,0.7584020495414734,0.005938890390098095,0.009511695243418217,0.034627996385097504,0.02706056833267212,0.0002255594590678811
C:\Projects\TM470\data\processed\test\Exidia\APE2017-9186594_S1gbav70Pg.jpg,Exidia/APE2017-9186594_S1gbav70Pg.jpg,Exidia,Exidia,True,0.9151908159255981,0.0036878000100841,ResNet18,test,0.005942945368587971,0.0069650569930672646,0.005773046053946018,0.00803969707340002,0.00215846742503345,0.9151908159255981,0.0007498489576391876,0.039419304579496384,0.008931233547627926,0.006063651293516159,0.0007658713730052114
C:\Projects\TM470\data\processed\test\Exidia\BEC2017-9186082_Bk5dpkxvg.jpg,Exidia/BEC2017-9186082_Bk5dpkxvg.jpg,Exidia,Exidia,True,0.5372265577316284,0.003546499996446,ResNet18,test,0.020537083968520164,0.10486694425344467,0.10299880057573318,0.07828794419765472,0.02840062789618969,0.5372265577316284,0.006670759059488773,0.016801772639155388,0.07061487436294556,0.029843218624591827,0.003751479322090745
C:\Projects\TM470\data\processed\test\Exidia\BEC2017-9186082_HkySBeewx.jpg,Exidia/BEC2017-9186082_HkySBeewx.jpg,Exidia,Exidia,True,0.5652779936790466,0.0034973999863723,ResNet18,test,0.00464874180033803,0.04546130448579788,0.008151659741997719,0.03673934191465378,0.024861939251422882,0.5652779936790466,0.012098007835447788,0.2654973566532135,0.028102479875087738,0.006951625924557447,0.002209492726251483
C:\Projects\TM470\data\processed\test\Exidia\BT2015PIC69830748.jpg,Exidia/BT2015PIC69830748.jpg,Exidia,Inocybe,False,0.37342363595962524,0.0032772999984445,ResNet18,test,0.06366594135761261,0.009831705130636692,0.06162681058049202,0.06960605829954147,0.011711977422237396,0.18074622750282288,0.00450521195307374,0.37342363595962524,0.0921689122915268,0.11840730160474777,0.014306219294667244
C:\Projects\TM470\data\processed\test\Exidia\BWP2010PIC21033449.jpg,Exidia/BWP2010PIC21033449.jpg,Exidia,Exidia,True,0.24691982567310333,0.0039020999975036,ResNet18,test,0.1767759770154953,0.18957267701625824,0.00827838759869337,0.01448100432753563,0.04546848312020302,0.24691982567310333,0.020629389211535454,0.012117032893002033,0.1893889158964157,0.09553785622119904,0.0008303904323838651
C:\Projects\TM470\data\processed\test\Exidia\BWP2010PIC26179585.jpg,Exidia/BWP2010PIC26179585.jpg,Exidia,Exidia,True,0.5128334760665894,0.0057117999967886,ResNet18,test,0.09407131373882294,0.0942184329032898,0.004102532286196947,0.0314624048769474,0.02684955671429634,0.5128334760665894,0.014511927030980587,0.0837995707988739,0.09471198916435242,0.041691698133945465,0.001747095724567771
C:\Projects\TM470\data\processed\test\Exidia\BWP2010PIC63422920.jpg,Exidia/BWP2010PIC63422920.jpg,Exidia,Exidia,True,0.5128334760665894,0.0070906000037211,ResNet18,test,0.09407131373882294,0.0942184329032898,0.004102532286196947,0.0314624048769474,0.02684955671429634,0.5128334760665894,0.014511927030980587,0.0837995707988739,0.09471198916435242,0.041691698133945465,0.001747095724567771
C:\Projects\TM470\data\processed\test\Exidia\BWP2012PIC72778365.jpg,Exidia/BWP2012PIC72778365.jpg,Exidia,Exidia,True,0.5235346555709839,0.0061815000080969,ResNet18,test,0.03249793499708176,0.09316841512918472,0.021162593737244606,0.035946961492300034,0.048363931477069855,0.5235346555709839,0.0035580189432948828,0.14959771931171417,0.04099690169095993,0.04616611450910568,0.005006815306842327
C:\Projects\TM470\data\processed\test\Exidia\BWP2012PIC73866455.jpg,Exidia/BWP2012PIC73866455.jpg,Exidia,Russula,False,0.22147326171398163,0.0034756999957608,ResNet18,test,0.055343467742204666,0.07601027935743332,0.13493824005126953,0.07647506147623062,0.11913012713193893,0.07627537101507187,0.004859969485551119,0.09153155982494354,0.1141069233417511,0.22147326171398163,0.029855715110898018
C:\Projects\TM470\data\processed\test\Exidia\DI2017-9188574_Hk1cP3Tix.jpg,Exidia/DI2017-9188574_Hk1cP3Tix.jpg,Exidia,Exidia,True,0.9025934934616089,0.0040222999959951,ResNet18,test,0.0042623053304851055,0.031835269182920456,0.0017919151578098536,0.00443240674212575,0.007960584945976734,0.9025934934616089,0.001999804750084877,0.02038697712123394,0.02266438491642475,0.001853839959949255,0.00021897372789680958
C:\Projects\TM470\data\processed\test\Exidia\EAT2017-9188143_SkIXsq-ig.jpg,Exidia/EAT2017-9188143_SkIXsq-ig.jpg,Exidia,Exidia,True,0.9072591662406921,0.0034498000022722,ResNet18,test,0.0037854216061532497,0.013313276693224907,0.0006195450550876558,0.00602272804826498,0.023707710206508636,0.9072591662406921,0.0026057332288473845,0.02439468540251255,0.01624242775142193,0.001909715007059276,0.00013969754218123853
C:\Projects\TM470\data\processed\test\Exidia\FA2009PIC34033903.jpg,Exidia/FA2009PIC34033903.jpg,Exidia,Entoloma,False,0.21070191264152527,0.0032659999997122,ResNet18,test,0.012127777561545372,0.1551923304796219,0.07031842321157455,0.02656874991953373,0.21070191264152527,0.01793777197599411,0.19486992061138153,0.12106657028198242,0.15689553320407867,0.01445342879742384,0.019867556169629097
C:\Projects\TM470\data\processed\test\Exidia\FA2009PIC41674148.jpg,Exidia/FA2009PIC41674148.jpg,Exidia,Russula,False,0.2748120129108429,0.0033758999925339,ResNet18,test,0.015276266261935234,0.021950989961624146,0.040888961404561996,0.1434507817029953,0.00862075760960579,0.029849272221326828,0.011884157545864582,0.18897539377212524,0.1986469179391861,0.2748120129108429,0.06564443558454514
C:\Projects\TM470\data\processed\test\Exidia\FDE2014PIC40274346.jpg,Exidia/FDE2014PIC40274346.jpg,Exidia,Exidia,True,0.5742675065994263,0.0033760000078473,ResNet18,test,0.004731945227831602,0.058878201991319656,0.01318099070340395,0.04800751060247421,0.010933535173535347,0.5742675065994263,0.019840041175484657,0.23019786179065704,0.03405652567744255,0.003376482054591179,0.002529385732486844
C:\Projects\TM470\data\processed\test\Exidia\FS2013PIC31639353.jpg,Exidia/FS2013PIC31639353.jpg,Exidia,Inocybe,False,0.5003498196601868,0.0034107999963453,ResNet18,test,0.013701382093131542,0.03265725076198578,0.18207457661628723,0.03580690547823906,0.006828292738646269,0.046413764357566833,0.021349234506487846,0.5003498196601868,0.03631860762834549,0.10084206610918045,0.023658161982893944
C:\Projects\TM470\data\processed\test\Exidia\GLJ2012PIC77958863.jpg,Exidia/GLJ2012PIC77958863.jpg,Exidia,Amanita,False,0.5900770425796509,0.0034382999874651,ResNet18,test,0.010692885145545006,0.5900770425796509,0.06645530462265015,0.041809339076280594,0.08722569048404694,0.005120733752846718,0.011053715832531452,0.011687062680721283,0.09818673133850098,0.04980255663394928,0.0278889499604702
C:\Projects\TM470\data\processed\test\Exidia\HM2012PIC53684895.jpg,Exidia/HM2012PIC53684895.jpg,Exidia,Amanita,False,0.5051248073577881,0.0033900999987963,ResNet18,test,0.004098135977983475,0.5051248073577881,0.12400592118501663,0.005672599654644728,0.013437219895422459,0.22212448716163635,0.021683640778064728,0.06911364942789078,0.030936338007450104,0.0029436200857162476,0.0008595958352088928
C:\Projects\TM470\data\processed\test\Exidia\JAH2010PIC83850018.jpg,Exidia/JAH2010PIC83850018.jpg,Exidia,Entoloma,False,0.3647705316543579,0.0034299999970244,ResNet18,test,0.07064302265644073,0.056751564145088196,0.0019301724387332797,0.02397514320909977,0.3647705316543579,0.10021744668483734,0.01962975226342678,0.039014991372823715,0.11581459641456604,0.20390133559703827,0.003351417137309909
C:\Projects\TM470\data\processed\test\Exidia\JAH2011PIC50778683.jpg,Exidia/JAH2011PIC50778683.jpg,Exidia,Russula,False,0.4059956669807434,0.0034882000036304,ResNet18,test,0.027371477335691452,0.022240638732910156,0.02078041061758995,0.07972956448793411,0.09444286674261093,0.16095633804798126,0.0034134883899241686,0.046337272971868515,0.1380191147327423,0.4059956669807434,0.0007131305756047368
C:\Projects\TM470\data\processed\test\Exidia\JAH2012PIC31946080.jpg,Exidia/JAH2012PIC31946080.jpg,Exidia,Exidia,True,0.8360912203788757,0.0034902000043075,ResNet18,test,0.024207813665270805,0.027952581644058228,0.005415086634457111,0.022313585504889488,0.002732967957854271,0.8360912203788757,8.982318104244769e-05,0.04012221843004227,0.029799271374940872,0.01096175517886877,0.0003137222083751112
C:\Projects\TM470\data\processed\test\Exidia\JAH2012PIC42360712.jpg,Exidia/JAH2012PIC42360712.jpg,Exidia,Exidia,True,0.2533954679965973,0.003426399998716,ResNet18,test,0.010234985500574112,0.11382284760475159,0.12132742255926132,0.10727465152740479,0.028901752084493637,0.2533954679965973,0.004532527644187212,0.2232891023159027,0.09506744146347046,0.024370655417442322,0.017783131450414658
C:\Projects\TM470\data\processed\test\Exidia\JAH2012PIC89993887.jpg,Exidia/JAH2012PIC89993887.jpg,Exidia,Russula,False,0.5585559010505676,0.0034809000062523,ResNet18,test,0.05756625160574913,0.045435015112161636,0.008855258114635944,0.010393097996711731,0.08731168508529663,0.007882251404225826,0.008469895459711552,0.10884316265583038,0.09612711519002914,0.5585559010505676,0.010560299269855022
C:\Projects\TM470\data\processed\test\Exidia\JAJ2017-9185700_rkbkFjfUx.jpg,Exidia/JAJ2017-9185700_rkbkFjfUx.jpg,Exidia,Exidia,True,0.8700742721557617,0.0035027999983867,ResNet18,test,0.002272016601637006,0.02732657641172409,0.03430933877825737,0.02846362441778183,0.0024899011477828026,0.8700742721557617,0.0011610474903136492,0.003126736730337143,0.02659493498504162,0.004161038435995579,2.0509824025793932e-05
C:\Projects\TM470\data\processed\test\Exidia\JC2016-9184056_Byw5hr_Qx.jpg,Exidia/JC2016-9184056_Byw5hr_Qx.jpg,Exidia,Inocybe,False,0.3608574867248535,0.0034243000118294,ResNet18,test,0.011724435724318027,0.19876162707805634,0.045922111719846725,0.08159033954143524,0.029746541753411293,0.1250988245010376,0.022676797583699226,0.3608574867248535,0.0546528697013855,0.025569433346390724,0.043399564921855927
C:\Projects\TM470\data\processed\test\Exidia\JCS2009PIC12309413.jpg,Exidia/JCS2009PIC12309413.jpg,Exidia,Exidia,True,0.9439116716384888,0.0034075000003213,ResNet18,test,0.0002885580179281533,0.004004800692200661,0.00016272229549940675,0.005741968285292387,0.011047865264117718,0.9439116716384888,0.0003479253500699997,0.026161540299654007,0.006950104609131813,0.0013533997116610408,2.9417817131616175e-05
C:\Projects\TM470\data\processed\test\Exidia\JM2011PIC15975626.jpg,Exidia/JM2011PIC15975626.jpg,Exidia,Inocybe,False,0.41721415519714355,0.003459900006419,ResNet18,test,0.027674194425344467,0.07933186739683151,0.09625277668237686,0.02860872820019722,0.03505031764507294,0.09733850508928299,0.003915420733392239,0.41721415519714355,0.07973595708608627,0.13024896383285522,0.004629163537174463
C:\Projects\TM470\data\processed\test\Exidia\JM2012PIC10429941.jpg,Exidia/JM2012PIC10429941.jpg,Exidia,Exidia,True,0.35795408487319946,0.0036364000116009,ResNet18,test,0.10922245681285858,0.026966098695993423,0.04434296116232872,0.03920644521713257,0.0013937595067545772,0.35795408487319946,0.0005766868707723916,0.2940802574157715,0.05314742773771286,0.0706012025475502,0.0025086463429033756
C:\Projects\TM470\data\processed\test\Exidia\JM2016-9182928_HydQkTeMe.jpg,Exidia/JM2016-9182928_HydQkTeMe.jpg,Exidia,Entoloma,False,0.5224646925926208,0.0035506000131135,ResNet18,test,0.0056534092873334885,0.012349851429462433,0.0008051579934544861,0.05940203368663788,0.5224646925926208,0.17052331566810608,0.004137957468628883,0.09899650514125824,0.08454283326864243,0.040641799569129944,0.0004824815259780735
C:\Projects\TM470\data\processed\test\Exidia\JMI2017-9225941_BkUTwno3Z.jpg,Exidia/JMI2017-9225941_BkUTwno3Z.jpg,Exidia,Inocybe,False,0.5870688557624817,0.0034657000069273,ResNet18,test,0.018316427245736122,0.014085192233324051,0.047618310898542404,0.027284422889351845,0.007049389649182558,0.2288983017206192,0.0041305371560156345,0.5870688557624817,0.027519002556800842,0.02847488969564438,0.00955469161272049
C:\Projects\TM470\data\processed\test\Exidia\JO2011PIC61426163.jpg,Exidia/JO2011PIC61426163.jpg,Exidia,Inocybe,False,0.2694368362426758,0.0036096000112593,ResNet18,test,0.015506659634411335,0.015425697900354862,0.2304217666387558,0.07884444296360016,0.0040663303807377815,0.02520735003054142,0.004082194529473782,0.2694368362426758,0.16363708674907684,0.09803015738725662,0.09534153342247009
C:\Projects\TM470\data\processed\test\Exidia\KMA2016-9182761_BJZkKzAWe.jpg,Exidia/KMA2016-9182761_BJZkKzAWe.jpg,Exidia,Russula,False,0.25721967220306396,0.0039342999953078,ResNet18,test,0.049295373260974884,0.041351549327373505,0.1592470407485962,0.12700796127319336,0.016181671991944313,0.15401755273342133,0.0021028060000389814,0.11214744299650192,0.06985911726951599,0.25721967220306396,0.011569791473448277
C:\Projects\TM470\data\processed\test\Exidia\KNI2009PIC40725553.jpg,Exidia/KNI2009PIC40725553.jpg,Exidia,Cortinarius,False,0.30318355560302734,0.0042313000012654,ResNet18,test,0.0761089101433754,0.013352600857615471,0.005893658846616745,0.30318355560302734,0.12862755358219147,0.004465004894882441,0.05001649633049965,0.19182918965816498,0.1239827573299408,0.01876881532371044,0.08377144485712051
C:\Projects\TM470\data\processed\test\Exidia\KNK2014PIC59831810.jpg,Exidia/KNK2014PIC59831810.jpg,Exidia,Inocybe,False,0.4721004366874695,0.0039797000063117,ResNet18,test,0.004099891986697912,0.02289367839694023,0.03328929468989372,0.05252646282315254,0.0299527607858181,0.22689859569072723,0.03313416987657547,0.4721004366874695,0.10327783226966858,0.004662101622670889,0.017164716497063637
C:\Projects\TM470\data\processed\test\Exidia\MC2017-9190790_r1lwUvc0e.jpg,Exidia/MC2017-9190790_r1lwUvc0e.jpg,Exidia,Exidia,True,0.7474230527877808,0.0034207999997306,ResNet18,test,0.004126461688429117,0.01635011099278927,0.007322731893509626,0.03537832200527191,0.010686480440199375,0.7474230527877808,0.000605862878728658,0.10994157195091248,0.04982646927237511,0.014718994498252869,0.0036199763417243958
C:\Projects\TM470\data\processed\test\Exidia\MFC2016-9180603_HJlPfl0lxe.jpg,Exidia/MFC2016-9180603_HJlPfl0lxe.jpg,Exidia,Exidia,True,0.2508000135421753,0.0034168999991379,ResNet18,test,0.01708003506064415,0.15736709535121918,0.10135531425476074,0.08060424774885178,0.09017278999090195,0.2508000135421753,0.08315712213516235,0.01812760904431343,0.10797227919101715,0.0866885706782341,0.006674947217106819
C:\Projects\TM470\data\processed\test\Exidia\ML2009PIC13001963.jpg,Exidia/ML2009PIC13001963.jpg,Exidia,Entoloma,False,0.25432154536247253,0.0033320000075036,ResNet18,test,0.028363583609461784,0.047536950558423996,0.2083079218864441,0.06961685419082642,0.25432154536247253,0.15296335518360138,0.004206542856991291,0.05428832396864891,0.137881800532341,0.028608528897166252,0.013904592953622341
C:\Projects\TM470\data\processed\test\Exidia\ML2011PIC18007945.jpg,Exidia/ML2011PIC18007945.jpg,Exidia,Exidia,True,0.5461509227752686,0.0034159999922849,ResNet18,test,0.020423276349902153,0.012792244553565979,0.015677666291594505,0.04829537495970726,0.009925967082381248,0.5461509227752686,0.0032585265580564737,0.2680722177028656,0.03584136813879013,0.03607916459441185,0.003483252599835396
C:\Projects\TM470\data\processed\test\Exidia\ML2011PIC65179349.jpg,Exidia/ML2011PIC65179349.jpg,Exidia,Russula,False,0.5092214941978455,0.0035877000045729,ResNet18,test,0.02150345966219902,0.049621280282735825,0.033731814473867416,0.021764125674962997,0.064886674284935,0.02056008018553257,0.011674084700644016,0.08002877980470657,0.17599517107009888,0.5092214941978455,0.011013081297278404
C:\Projects\TM470\data\processed\test\Exidia\MMN2010PIC69549468.jpg,Exidia/MMN2010PIC69549468.jpg,Exidia,Lactarius,False,0.2922590970993042,0.0032351999980164,ResNet18,test,0.025694115087389946,0.01745031401515007,0.03324776142835617,0.024641873314976692,0.2619993984699249,0.0900011882185936,0.005040421150624752,0.059055160731077194,0.2922590970993042,0.18607914447784424,0.004531471524387598
C:\Projects\TM470\data\processed\test\Exidia\MMN2012PIC61631279.jpg,Exidia/MMN2012PIC61631279.jpg,Exidia,Exidia,True,0.6444025635719299,0.0039164000045275,ResNet18,test,0.007495136931538582,0.01949833333492279,0.0007595433271490037,0.163193479180336,0.01658422313630581,0.6444025635719299,0.0019901981577277184,0.10174953937530518,0.026083236560225487,0.018194062635302544,4.973927207174711e-05
C:\Projects\TM470\data\processed\test\Exidia\MSO2011PIC32526200.jpg,Exidia/MSO2011PIC32526200.jpg,Exidia,Exidia,True,0.8114858269691467,0.003518299999996,ResNet18,test,0.0051329899579286575,0.03565993160009384,0.02270842157304287,0.01466386392712593,0.016364090144634247,0.8114858269691467,0.0032050288282334805,0.04995344206690788,0.03536809980869293,0.001273366273380816,0.004184980411082506
C:\Projects\TM470\data\processed\test\Exidia\MSO2012PIC15916968.jpg,Exidia/MSO2012PIC15916968.jpg,Exidia,Exidia,True,0.6269804835319519,0.0032944999984465,ResNet18,test,0.006496185902506113,0.01356342900544405,0.007971702143549919,0.02503286302089691,0.020402133464813232,0.6269804835319519,0.000735598208848387,0.24432744085788727,0.034637775272130966,0.016925694420933723,0.002926682587713003
C:\Projects\TM470\data\processed\test\Exidia\MSO2014PIC66151749.jpg,Exidia/MSO2014PIC66151749.jpg,Exidia,Lactarius,False,0.2138483077287674,0.0038884000096004,ResNet18,test,0.031985603272914886,0.014132218435406685,0.0247180312871933,0.21112197637557983,0.15977852046489716,0.17200332880020142,0.0015425096498802304,0.09659630805253983,0.2138483077287674,0.040178339928388596,0.03409484028816223
C:\Projects\TM470\data\processed\test\Exidia\MSO2015PIC74895293.jpg,Exidia/MSO2015PIC74895293.jpg,Exidia,Inocybe,False,0.5099337100982666,0.00395220000064,ResNet18,test,0.014337003231048584,0.016346368938684464,0.024936707690358162,0.07226783782243729,0.02088317647576332,0.032830845564603806,0.018625864759087563,0.5099337100982666,0.0900363102555275,0.0869678258895874,0.11283435672521591
C:\Projects\TM470\data\processed\test\Exidia\MSO2016PIC23090222.jpg,Exidia/MSO2016PIC23090222.jpg,Exidia,Inocybe,False,0.4062008559703827,0.0034935000003315,ResNet18,test,0.030665405094623566,0.03731386363506317,0.03931810334324837,0.046537723392248154,0.03514941781759262,0.17781588435173035,0.0120456013828516,0.4062008559703827,0.05055606737732887,0.14195440709590912,0.022442655637860298
C:\Projects\TM470\data\processed\test\Exidia\NHE2016-9180599_Byki66lel.jpg,Exidia/NHE2016-9180599_Byki66lel.jpg,Exidia,Amanita,False,0.7004106044769287,0.0032617999968351,ResNet18,test,0.009681044146418571,0.7004106044769287,0.042260244488716125,0.019886789843440056,0.06129150092601776,0.039378002285957336,0.06669751554727554,0.008019711822271347,0.043411899358034134,0.007830346934497356,0.0011321806814521551
C:\Projects\TM470\data\processed\test\Exidia\NVM2013PIC42485487.jpg,Exidia/NVM2013PIC42485487.jpg,Exidia,Cortinarius,False,0.4912179112434387,0.0033961000008275,ResNet18,test,0.08572657406330109,0.05630291625857353,0.07724624872207642,0.4912179112434387,0.0028593717142939568,0.0255954060703516,0.0013538000639528036,0.07330372184515,0.0611666738986969,0.11296618729829788,0.012261091731488705
C:\Projects\TM470\data\processed\test\Exidia\RSS2017-9188091_H1ey3FQyoe.jpg,Exidia/RSS2017-9188091_H1ey3FQyoe.jpg,Exidia,Russula,False,0.3766414523124695,0.0035266999911982,ResNet18,test,0.03501521050930023,0.03185510262846947,0.008346238173544407,0.028397483751177788,0.019492708146572113,0.17040394246578217,0.005322427488863468,0.2904752790927887,0.029795629903674126,0.3766414523124695,0.004254524130374193
C:\Projects\TM470\data\processed\test\Exidia\TAK2013PIC32572675.jpg,Exidia/TAK2013PIC32572675.jpg,Exidia,Exidia,True,0.9612406492233276,0.004630299998098,ResNet18,test,0.0005905560101382434,0.0004964072140865028,6.643083179369569e-05,0.0012599844485521317,0.0003744142013601959,0.9612406492233276,2.417251016595401e-05,0.03272993117570877,0.0026129637844860554,0.000595427118241787,9.0511466623866e-06
C:\Projects\TM470\data\processed\test\Exidia\TIL2017-9190084_BJQTBLw6px.jpg,Exidia/TIL2017-9190084_BJQTBLw6px.jpg,Exidia,Amanita,False,0.48396456241607666,0.003957499997341,ResNet18,test,0.019294127821922302,0.48396456241607666,0.06132707744836807,0.014671019278466702,0.009419064968824387,0.2815863788127899,0.001596394693478942,0.06642027199268341,0.035049550235271454,0.025489740073680878,0.0011818025959655643
C:\Projects\TM470\data\processed\test\Exidia\TKH2012PIC10624779.jpg,Exidia/TKH2012PIC10624779.jpg,Exidia,Exidia,True,0.26965951919555664,0.003897999995388,ResNet18,test,0.00515337847173214,0.07021499425172806,0.18019461631774902,0.10101807117462158,0.07725979387760162,0.26965951919555664,0.00426658196374774,0.15907031297683716,0.10199128836393356,0.02305774576961994,0.008113645017147064
C:\Projects\TM470\data\processed\test\Exidia\TKH2013PIC59849237.jpg,Exidia/TKH2013PIC59849237.jpg,Exidia,Russula,False,0.2937941551208496,0.0039051999920047,ResNet18,test,0.19039814174175262,0.12546280026435852,0.06358125060796738,0.02787332609295845,0.08380179107189178,0.008261344395577908,0.007658521644771099,0.02959328331053257,0.15991228818893433,0.2937941551208496,0.009663138538599014
C:\Projects\TM470\data\processed\test\Exidia\TKH2015PIC23528165.jpg,Exidia/TKH2015PIC23528165.jpg,Exidia,Inocybe,False,0.469980925321579,0.0038465999969048,ResNet18,test,0.030599894002079964,0.05029523745179176,0.12453527748584747,0.02881205640733242,0.014884942211210728,0.10425467789173126,0.022991249337792397,0.469980925321579,0.03030570037662983,0.09679469466209412,0.026545332744717598
C:\Projects\TM470\data\processed\test\Exidia\TL2015PIC58388718.jpg,Exidia/TL2015PIC58388718.jpg,Exidia,Entoloma,False,0.3270152509212494,0.0035215000098105,ResNet18,test,0.012878747656941414,0.24333809316158295,0.0061154295690357685,0.04186731204390526,0.3270152509212494,0.092683345079422,0.09590605646371841,0.03562376648187637,0.13057729601860046,0.012802062556147575,0.0011926323641091585
C:\Projects\TM470\data\processed\test\Exidia\TL2015PIC80481245.jpg,Exidia/TL2015PIC80481245.jpg,Exidia,Inocybe,False,0.3941231966018677,0.003744400004507,ResNet18,test,0.11439520120620728,0.16999518871307373,0.0007940737414173782,0.03449998423457146,0.13166898488998413,0.01125457976013422,0.025158027186989784,0.3941231966018677,0.06783661246299744,0.04484688490629196,0.005427257157862186
C:\Projects\TM470\data\processed\test\Exidia\TL2016-9182730_HykuO06Zg.jpg,Exidia/TL2016-9182730_HykuO06Zg.jpg,Exidia,Inocybe,False,0.23441849648952484,0.0033987999922828,ResNet18,test,0.00720623042434454,0.19539663195610046,0.1318436563014984,0.0328025259077549,0.03568249195814133,0.1695437878370285,0.021150028333067894,0.23441849648952484,0.1525479257106781,0.005543573293834925,0.013864656910300255
C:\Projects\TM470\data\processed\test\Exidia\TOB2015PIC38267487.jpg,Exidia/TOB2015PIC38267487.jpg,Exidia,Exidia,True,0.9266871213912964,0.0034861000021919,ResNet18,test,0.0045379772782325745,0.005754385609179735,0.0024445427116006613,0.0251616220921278,0.001542215351946652,0.9266871213912964,0.0001416196464560926,0.01661447435617447,0.014552231878042221,0.002530937548726797,3.2860032661119476e-05
C:\Projects\TM470\data\processed\test\Exidia\TOB2016-9184524_S10gErNNl.jpg,Exidia/TOB2016-9184524_S10gErNNl.jpg,Exidia,Inocybe,False,0.30518966913223267,0.0035093000042252,ResNet18,test,0.09511129558086395,0.16653136909008026,0.012070882134139538,0.05260152742266655,0.01890176348388195,0.018202906474471092,0.004648066591471434,0.30518966913223267,0.09922700375318527,0.2219579964876175,0.005557569675147533
C:\Projects\TM470\data\processed\test\Exidia\TS2010PIC71382964.jpg,Exidia/TS2010PIC71382964.jpg,Exidia,Exidia,True,0.9348481893539429,0.0033918000117409,ResNet18,test,0.002917857374995947,0.006129030603915453,0.0018980299355462193,0.025455376133322716,0.0023007462732493877,0.9348481893539429,0.0007932546432130039,0.013747093267738819,0.009522268548607826,0.002233576960861683,0.00015447237819898874
C:\Projects\TM470\data\processed\test\Exidia\TS2013PIC55827351.jpg,Exidia/TS2013PIC55827351.jpg,Exidia,Exidia,True,0.7715024352073669,0.0034711999905994,ResNet18,test,0.016730329021811485,0.0072477636858820915,0.005062696058303118,0.03641236200928688,0.001282403478398919,0.7715024352073669,0.0001026901081786491,0.12076231092214584,0.020847704261541367,0.019811931997537613,0.00023736359435133636
C:\Projects\TM470\data\processed\test\Exidia\TS2016PIC29053644.jpg,Exidia/TS2016PIC29053644.jpg,Exidia,Amanita,False,0.8570541739463806,0.0036783999967155,ResNet18,test,0.015052380040287971,0.8570541739463806,0.008092539384961128,0.00925320666283369,0.0062986453995108604,0.01688113622367382,0.004955161362886429,0.03111591935157776,0.04623355716466904,0.004692069720476866,0.00037115573650225997
C:\Projects\TM470\data\processed\test\Exidia\TS2016PIC39839225.jpg,Exidia/TS2016PIC39839225.jpg,Exidia,Inocybe,False,0.3865443766117096,0.0034826999908545,ResNet18,test,0.034510232508182526,0.044056788086891174,0.07319241017103195,0.022047458216547966,0.1072220653295517,0.052287545055150986,0.018969302996993065,0.3865443766117096,0.06792855262756348,0.18231073021888733,0.010930502787232399
C:\Projects\TM470\data\processed\test\Exidia\UFN2017-9192300_S1ZikyZeW.jpg,Exidia/UFN2017-9192300_S1ZikyZeW.jpg,Exidia,Exidia,True,0.9296935200691223,0.0035008999984711,ResNet18,test,0.0017165500903502107,0.05471494048833847,0.00016226284787990153,0.002641925122588873,0.0012711402960121632,0.9296935200691223,0.0003627086116466671,0.0056244125589728355,0.003366593737155199,0.000440797972260043,5.209954906604253e-06
C:\Projects\TM470\data\processed\test\Exidia\UFN2017-9192376_BkicKxmgb.jpg,Exidia/UFN2017-9192376_BkicKxmgb.jpg,Exidia,Exidia,True,0.6936067938804626,0.0038144999998621,ResNet18,test,0.008889548480510712,0.04844461753964424,0.0026050296146422625,0.01657130755484104,0.01350719016045332,0.6936067938804626,0.0029581482522189617,0.15975996851921082,0.03152554854750633,0.019625885412096977,0.0025059992913156748
C:\Projects\TM470\data\processed\test\Hygrocybe\000_ZNTZP3tXkz8.jpg,Hygrocybe/000_ZNTZP3tXkz8.jpg,Hygrocybe,Hygrocybe,True,0.9679479002952576,0.0037903999909758,ResNet18,test,1.675786916166544e-05,0.0023633388336747885,4.528265890257899e-06,0.0022034267894923687,0.025162555277347565,4.239971531205811e-06,0.9679479002952576,0.0009985946817323565,0.0006199761992320418,0.0003155447484459728,0.0003631088766269386
C:\Projects\TM470\data\processed\test\Hygrocybe\003_r_0kZgNW3Tc.jpg,Hygrocybe/003_r_0kZgNW3Tc.jpg,Hygrocybe,Hygrocybe,True,0.9532745480537415,0.0034375999966869,ResNet18,test,0.00015962866018526256,0.0010646219598129392,1.4393066294360324e-06,0.032922014594078064,0.0034010037779808044,1.0483647656656103e-06,0.9532745480537415,0.002807128941640258,0.0013031039852648973,0.00032857400947250426,0.004736874718219042
C:\Projects\TM470\data\processed\test\Hygrocybe\004_uURYojZQbjQ.jpg,Hygrocybe/004_uURYojZQbjQ.jpg,Hygrocybe,Hygrocybe,True,0.8261843323707581,0.0033639000030234,ResNet18,test,0.0002503256837371737,0.011749979108572006,0.00013939898053649813,0.007439463399350643,0.11372397840023041,7.837126076992718e-07,0.8261843323707581,0.004371429793536663,0.017985567450523376,0.013440973125398159,0.004713720642030239
C:\Projects\TM470\data\processed\test\Hygrocybe\012_LItejlRJ918.jpg,Hygrocybe/012_LItejlRJ918.jpg,Hygrocybe,Hygrocybe,True,0.8108074069023132,0.0035025999968638,ResNet18,test,0.000747629557736218,0.017222033813595772,2.4564940758864395e-05,0.018139872699975967,0.06438016146421432,3.1533854780718684e-05,0.8108074069023132,0.06998339295387268,0.006121319718658924,0.009844365529716015,0.002697628689929843
C:\Projects\TM470\data\processed\test\Hygrocybe\022_NycgOWqKPEA.jpg,Hygrocybe/022_NycgOWqKPEA.jpg,Hygrocybe,Lactarius,False,0.7027810215950012,0.0035795000003417,ResNet18,test,0.002325706649571657,0.0027522544842213392,0.00515457708388567,0.009269028902053833,0.0013072341680526733,2.951911142190511e-07,0.01035452913492918,0.0037806399632245302,0.7027810215950012,0.15762898325920105,0.1046457290649414
C:\Projects\TM470\data\processed\test\Hygrocybe\030_AQ4o1Xm4AL0.jpg,Hygrocybe/030_AQ4o1Xm4AL0.jpg,Hygrocybe,Amanita,False,0.47717779874801636,0.0036198000016156,ResNet18,test,0.009394780732691288,0.47717779874801636,0.0030124338809400797,0.11113141477108002,0.03042789362370968,2.9330187317100354e-05,0.25681814551353455,0.0010806224308907986,0.011526402086019516,0.04044048860669136,0.0589606910943985
C:\Projects\TM470\data\processed\test\Hygrocybe\032_DZ1xy6htm0M.jpg,Hygrocybe/032_DZ1xy6htm0M.jpg,Hygrocybe,Russula,False,0.8679937124252319,0.0033661000052234,ResNet18,test,0.02700509876012802,0.04532984644174576,0.0004638188111130148,0.0013601200189441442,0.002829501871019602,5.220928187554819e-07,0.02297234907746315,0.0007345888880081475,0.02699573151767254,0.8679937124252319,0.004314732272177935
C:\Projects\TM470\data\processed\test\Hygrocybe\040_3txjJQ9iLYI.jpg,Hygrocybe/040_3txjJQ9iLYI.jpg,Hygrocybe,Hygrocybe,True,0.8197869658470154,0.0035460000071907,ResNet18,test,0.0008007129654288292,0.058170001953840256,0.017845410853624344,0.02285325899720192,0.004329216200858355,5.82540815230459e-05,0.8197869658470154,0.01882694847881794,0.01503632590174675,0.01066221296787262,0.03163060545921326
C:\Projects\TM470\data\processed\test\Hygrocybe\045_TJd-2TQFv10.jpg,Hygrocybe/045_TJd-2TQFv10.jpg,Hygrocybe,Hygrocybe,True,0.7350906133651733,0.0033865999866975,ResNet18,test,0.0009456052794121206,0.06464368104934692,0.0013222453417256474,0.02425473928451538,0.018946899101138115,8.330850687343627e-05,0.7350906133651733,0.025361018255352974,0.0671529546380043,0.04172024130821228,0.02047864906489849
C:\Projects\TM470\data\processed\test\Hygrocybe\049_XD-_-BeBBR4.jpg,Hygrocybe/049_XD-_-BeBBR4.jpg,Hygrocybe,Hygrocybe,True,0.8629184365272522,0.0034404000034555,ResNet18,test,0.00010893983562709764,0.003914236556738615,0.0002583542373031378,0.045179080218076706,0.0041684359312057495,3.4594257158460096e-05,0.8629184365272522,0.011678659357130527,0.03786356747150421,0.0031402481254190207,0.030735479667782784
C:\Projects\TM470\data\processed\test\Hygrocybe\050_ubNntQr-eWE.jpg,Hygrocybe/050_ubNntQr-eWE.jpg,Hygrocybe,Hygrocybe,True,0.9329622387886047,0.0035694999969564,ResNet18,test,5.764954494225094e-06,0.00038810636033304036,6.695741376461228e-06,0.019599156454205513,0.00020047169527970254,5.053212603911561e-08,0.9329622387886047,0.00041700125439092517,0.03318202495574951,0.0002765216922853142,0.01296195574104786
C:\Projects\TM470\data\processed\test\Hygrocybe\056_cGxyxb6UHGk.jpg,Hygrocybe/056_cGxyxb6UHGk.jpg,Hygrocybe,Russula,False,0.46008801460266113,0.0033357000065734,ResNet18,test,0.10857747495174408,0.11306776106357574,0.0019393318798393011,0.02305237390100956,0.038170527666807175,0.0008871312020346522,0.14963875710964203,0.010728685185313225,0.0852145403623581,0.46008801460266113,0.008635440841317177
C:\Projects\TM470\data\processed\test\Hygrocybe\070_WNKPUMir-JY.jpg,Hygrocybe/070_WNKPUMir-JY.jpg,Hygrocybe,Russula,False,0.4041588008403778,0.0038985999999567,ResNet18,test,0.0003121568006463349,0.009613052010536194,0.001611865940503776,0.06803037971258163,0.013153097592294216,5.200475357014511e-07,0.2139168232679367,0.00027275164029560983,0.28570297360420227,0.4041588008403778,0.0032275752164423466
C:\Projects\TM470\data\processed\test\Hygrocybe\072_G-fOGmTh3jY.jpg,Hygrocybe/072_G-fOGmTh3jY.jpg,Hygrocybe,Hygrocybe,True,0.9026668071746826,0.0039613999979337,ResNet18,test,0.00038742172182537615,0.04721951484680176,0.001104653812944889,0.007217932492494583,0.004073997959494591,7.816515790182166e-06,0.9026668071746826,0.0032178929541260004,0.00651957793161273,0.017469709739089012,0.010114658623933792
C:\Projects\TM470\data\processed\test\Hygrocybe\076_HGEpcAdN9KE.jpg,Hygrocybe/076_HGEpcAdN9KE.jpg,Hygrocybe,Hygrocybe,True,0.8572477102279663,0.0033771000016713,ResNet18,test,0.00016973746824078262,0.01933632604777813,0.0024316157214343548,0.026763539761304855,0.0006191286956891418,0.00012337398948147893,0.8572477102279663,0.04131868854165077,0.017387639731168747,0.0022572644520550966,0.03234501928091049
C:\Projects\TM470\data\processed\test\Hygrocybe\081_puYZ4KzYSqs.jpg,Hygrocybe/081_puYZ4KzYSqs.jpg,Hygrocybe,Cortinarius,False,0.3895285129547119,0.0035916000051656,ResNet18,test,0.00789983943104744,0.015963632613420486,0.030781857669353485,0.3895285129547119,0.01581275649368763,0.001402632798999548,0.17509588599205017,0.1111774668097496,0.07785051316022873,0.14049595594406128,0.03399099409580231
C:\Projects\TM470\data\processed\test\Hygrocybe\107_8A2HnEVmiKo.jpg,Hygrocybe/107_8A2HnEVmiKo.jpg,Hygrocybe,Amanita,False,0.37762904167175293,0.0034746999881463,ResNet18,test,0.015101139433681965,0.37762904167175293,0.04191289097070694,0.040552061051130295,0.006729862652719021,5.138865049048036e-07,0.16263557970523834,0.0020182118751108646,0.04612591490149498,0.1956295222043991,0.11166521906852722
C:\Projects\TM470\data\processed\test\Hygrocybe\112_qr7hsvuhJZ0.jpg,Hygrocybe/112_qr7hsvuhJZ0.jpg,Hygrocybe,Hygrocybe,True,0.8956748247146606,0.0036512999940896,ResNet18,test,0.0003508046211209148,0.026479946449398994,0.00027655367739498615,0.03516554459929466,0.0029900118242949247,2.7788269107986707e-06,0.8956748247146606,0.004128473345190287,0.0033675942104309797,0.0033268958795815706,0.028236575424671173
C:\Projects\TM470\data\processed\test\Hygrocybe\126_0gAqgiheOxI.jpg,Hygrocybe/126_0gAqgiheOxI.jpg,Hygrocybe,Hygrocybe,True,0.45092475414276123,0.0035189000045647,ResNet18,test,0.0001399401662638411,0.007333456538617611,7.67790770623833e-05,0.02059214934706688,0.00022298697149381042,3.6742182629723175e-08,0.45092475414276123,0.0008205087506212294,0.1555744856595993,0.34650492668151855,0.017810024321079254
C:\Projects\TM470\data\processed\test\Hygrocybe\127_XCKEujZlVek.jpg,Hygrocybe/127_XCKEujZlVek.jpg,Hygrocybe,Hygrocybe,True,0.5098686218261719,0.0032962000113911,ResNet18,test,0.0008368724957108498,0.045848991721868515,0.05518927797675133,0.07834192365407944,0.008279276080429554,1.0919491614913568e-05,0.5098686218261719,0.004043093416839838,0.12567675113677979,0.020365696400403976,0.15153852105140686
C:\Projects\TM470\data\processed\test\Hygrocybe\129_j8zgmU7QMxU.jpg,Hygrocybe/129_j8zgmU7QMxU.jpg,Hygrocybe,Hygrocybe,True,0.9802215695381165,0.0034050000103889,ResNet18,test,9.044145372172352e-06,0.005019571632146835,6.77888747304678e-05,0.0069558811374008656,0.00021669486886821687,2.3652606984114755e-08,0.9802215695381165,6.25450411462225e-05,0.003188954433426261,0.0012291577877476811,0.003028819104656577
C:\Projects\TM470\data\processed\test\Hygrocybe\132_tuQX6vBvZRk.jpg,Hygrocybe/132_tuQX6vBvZRk.jpg,Hygrocybe,Hygrocybe,True,0.9288866519927979,0.0033854999928735,ResNet18,test,1.2055095794494264e-05,0.0009586230735294521,0.00012183508806629106,0.014982114546000957,0.00015598497702740133,4.258222663366951e-09,0.9288866519927979,5.135114042786881e-05,0.01991252973675728,0.032497990876436234,0.002420936245471239
C:\Projects\TM470\data\processed\test\Hygrocybe\133_3_ieL2NtOF0.jpg,Hygrocybe/133_3_ieL2NtOF0.jpg,Hygrocybe,Hygrocybe,True,0.8560113310813904,0.0034440000017639,ResNet18,test,7.273288065334782e-05,0.003886185586452484,0.008551133796572685,0.03931405395269394,0.00026044758851639926,4.1233954561903374e-07,0.8560113310813904,0.0025290159974247217,0.052737679332494736,0.017693618312478065,0.01894332468509674
C:\Projects\TM470\data\processed\test\Hygrocybe\142_bhwsyvZtIY0.jpg,Hygrocybe/142_bhwsyvZtIY0.jpg,Hygrocybe,Entoloma,False,0.41238629817962646,0.0035752999974647,ResNet18,test,0.023749666288495064,0.009607279673218727,0.0030328899156302214,0.013847519643604755,0.41238629817962646,0.00316040706820786,0.010630495846271515,0.016820233315229416,0.21264298260211945,0.2894858419895172,0.0046363892033696175
C:\Projects\TM470\data\processed\test\Hygrocybe\153_vIb6t4IHEzM.jpg,Hygrocybe/153_vIb6t4IHEzM.jpg,Hygrocybe,Hygrocybe,True,0.9690779447555542,0.003595200003474,ResNet18,test,7.404015377687756e-06,0.0031767808832228184,0.00026832710136659443,0.0060648550279438496,0.000322028441587463,1.547199275364619e-07,0.9690779447555542,0.0004619445535354316,0.01735633611679077,0.0011986101744696498,0.0020656269043684006
C:\Projects\TM470\data\processed\test\Hygrocybe\159_Ymge5g1qpP4.jpg,Hygrocybe/159_Ymge5g1qpP4.jpg,Hygrocybe,Boletus,False,0.3642881512641907,0.00333779999346,ResNet18,test,0.0020649381913244724,0.11778056621551514,0.3642881512641907,0.17098672688007355,0.0033151006791740656,0.00020490639144554734,0.18226347863674164,0.0005540546262636781,0.10143160820007324,0.05121035501360893,0.0059001450426876545
C:\Projects\TM470\data\processed\test\Hygrocybe\167_0dmBJfGHH8c.jpg,Hygrocybe/167_0dmBJfGHH8c.jpg,Hygrocybe,Hygrocybe,True,0.8910058736801147,0.0033349000004818,ResNet18,test,0.00023357634199783206,0.00911475345492363,0.0009795728838071227,0.02751648984849453,0.000866684305947274,9.876139301923104e-06,0.8910058736801147,0.013367400504648685,0.017914362251758575,0.0057408506982028484,0.03325064852833748
C:\Projects\TM470\data\processed\test\Hygrocybe\181_GCIMCymbYLk.jpg,Hygrocybe/181_GCIMCymbYLk.jpg,Hygrocybe,Russula,False,0.7110773324966431,0.0035399999906076,ResNet18,test,0.011696132831275463,0.08293821662664413,0.009489973075687885,0.042877960950136185,0.02428359165787697,0.0008747705724090338,0.01639709435403347,0.023571619763970375,0.06605489552021027,0.7110773324966431,0.010738380253314972
C:\Projects\TM470\data\processed\test\Hygrocybe\188_5IJ0j3yYEyk.jpg,Hygrocybe/188_5IJ0j3yYEyk.jpg,Hygrocybe,Russula,False,0.9465703964233398,0.0033974000107264,ResNet18,test,0.009852372109889984,0.0012216683244332671,5.825380503665656e-05,0.0012773710768669844,0.008361412212252617,1.0871415767610415e-08,0.006788395810872316,0.0002437532093608752,0.0254969522356987,0.9465703964233398,0.00012944771151524037
C:\Projects\TM470\data\processed\test\Hygrocybe\201_9i5OZWNQwG0.jpg,Hygrocybe/201_9i5OZWNQwG0.jpg,Hygrocybe,Hygrocybe,True,0.9965161085128784,0.0034105000086128,ResNet18,test,1.5143539258133387e-06,0.001113609760068357,8.611198722974223e-07,0.001010689651593566,0.0006244792602956295,6.116371764619544e-07,0.9965161085128784,0.00034213988692499697,9.71903937170282e-05,2.526064054109156e-05,0.0002675042487680912
C:\Projects\TM470\data\processed\test\Hygrocybe\203_Z33ahTENL0Q.jpg,Hygrocybe/203_Z33ahTENL0Q.jpg,Hygrocybe,Hygrocybe,True,0.8963322043418884,0.003457700004219,ResNet18,test,0.0005905510624870658,0.0341389924287796,2.043350468738936e-05,0.003656421322375536,0.03469087556004524,1.8830859289664659e-06,0.8963322043418884,0.005156828090548515,0.011094242334365845,0.009320005774497986,0.004997656214982271
C:\Projects\TM470\data\processed\test\Hygrocybe\205_pVtK0sC_qAE.jpg,Hygrocybe/205_pVtK0sC_qAE.jpg,Hygrocybe,Inocybe,False,0.4045320451259613,0.0032680000003892,ResNet18,test,0.011748800985515118,0.05426016077399254,0.13560420274734497,0.054163724184036255,0.02319199964404106,0.03652460128068924,0.16402991116046906,0.4045320451259613,0.02401522733271122,0.04461808130145073,0.04731117561459541
C:\Projects\TM470\data\processed\test\Hygrocybe\216_jDgNLEnykyU.jpg,Hygrocybe/216_jDgNLEnykyU.jpg,Hygrocybe,Hygrocybe,True,0.7508702874183655,0.0034959000040544,ResNet18,test,0.00019884745415765792,0.003948619123548269,1.0301353086106246e-06,0.00405011186376214,0.21246817708015442,2.87061334347527e-06,0.7508702874183655,0.018257340416312218,0.007766250055283308,0.0015416629612445831,0.000894800410605967
C:\Projects\TM470\data\processed\test\Hygrocybe\225_KKCj-5wLqCA.jpg,Hygrocybe/225_KKCj-5wLqCA.jpg,Hygrocybe,Russula,False,0.5401714444160461,0.0033283000084338,ResNet18,test,0.02902901917695999,0.1476181447505951,0.001529836212284863,0.00527035491541028,0.19564037024974823,5.183823304832913e-06,0.030453616753220558,0.0007048540282994509,0.04748644679784775,0.5401714444160461,0.0020907330326735973
C:\Projects\TM470\data\processed\test\Hygrocybe\227_L3z3XTxXk78.jpg,Hygrocybe/227_L3z3XTxXk78.jpg,Hygrocybe,Russula,False,0.5610939264297485,0.0034371999936411,ResNet18,test,0.026934942230582237,0.11486726254224777,5.719215187127702e-05,0.0035304976627230644,0.18980635702610016,4.851409016737307e-07,0.08791787922382355,0.0013645743019878864,0.01186639629304409,0.5610939264297485,0.002560447668656707
C:\Projects\TM470\data\processed\test\Hygrocybe\230_yk2KrQJOQS8.jpg,Hygrocybe/230_yk2KrQJOQS8.jpg,Hygrocybe,Russula,False,0.31811851263046265,0.0034569000126793,ResNet18,test,0.04073723405599594,0.1676662564277649,0.0037934803403913975,0.0017313112039119005,0.21799401938915253,4.24297722929623e-05,0.05802636593580246,0.0004926499677821994,0.19093391299247742,0.31811851263046265,0.0004638026002794504
C:\Projects\TM470\data\processed\test\Hygrocybe\240_7wFT2NzNJsA.jpg,Hygrocybe/240_7wFT2NzNJsA.jpg,Hygrocybe,Hygrocybe,True,0.3400881290435791,0.0040759999974397,ResNet18,test,0.011103939265012741,0.30835577845573425,0.006612248253077269,0.023952553048729897,0.053812336176633835,1.9633294868981466e-05,0.3400881290435791,0.005927655845880508,0.09990987926721573,0.11664532870054245,0.03357255086302757
C:\Projects\TM470\data\processed\test\Hygrocybe\253_IgK1gMXB7S0.jpg,Hygrocybe/253_IgK1gMXB7S0.jpg,Hygrocybe,Russula,False,0.32973191142082214,0.0040306000009877,ResNet18,test,0.014601703733205795,0.055807072669267654,0.0036978935822844505,0.013633993454277515,0.3136378526687622,4.586867362377234e-05,0.043197259306907654,0.0021793926134705544,0.19418534636497498,0.32973191142082214,0.02928170934319496
C:\Projects\TM470\data\processed\test\Hygrocybe\257_LPbsa5Oitj0.jpg,Hygrocybe/257_LPbsa5Oitj0.jpg,Hygrocybe,Russula,False,0.6288262605667114,0.0039696000021649,ResNet18,test,0.000986111001111567,0.006744780112057924,8.851006714394316e-05,0.02810034342110157,0.0027915092650800943,3.5642131024360424e-07,0.0729057639837265,0.0014027610886842012,0.2206038534641266,0.6288262605667114,0.037549808621406555
C:\Projects\TM470\data\processed\test\Hygrocybe\271_wkoF4DRryAY.jpg,Hygrocybe/271_wkoF4DRryAY.jpg,Hygrocybe,Amanita,False,0.5538846850395203,0.0038760000024922,ResNet18,test,0.006781672593206167,0.5538846850395203,0.0005056358058936894,0.006474934983998537,0.011478655971586704,3.6274749959375185e-07,0.12549857795238495,0.032553307712078094,0.08354593813419342,0.15752799808979034,0.02174835093319416
C:\Projects\TM470\data\processed\test\Hygrocybe\272_-uL1iUddkKE.jpg,Hygrocybe/272_-uL1iUddkKE.jpg,Hygrocybe,Russula,False,0.9593524932861328,0.0039128000062191,ResNet18,test,0.0030681947246193886,0.0012729016598314047,0.0001317717833444476,0.0038434581365436316,0.0009474094840697944,9.131717320087773e-07,0.006749553140252829,0.00019805447664111853,0.022874385118484497,0.9593524932861328,0.0015609153779223561
C:\Projects\TM470\data\processed\test\Hygrocybe\279_qMPhGAtE9-E.jpg,Hygrocybe/279_qMPhGAtE9-E.jpg,Hygrocybe,Hygrocybe,True,0.32862919569015503,0.0039337999915005,ResNet18,test,0.0035134085919708014,0.13300079107284546,0.04116217792034149,0.055463872849941254,0.009044214151799679,9.46006621234119e-05,0.32862919569015503,0.056327685713768005,0.1692558079957962,0.01878258027136326,0.18472568690776825
C:\Projects\TM470\data\processed\test\Hygrocybe\287_V13XWthHpss.jpg,Hygrocybe/287_V13XWthHpss.jpg,Hygrocybe,Suillus,False,0.2541280686855316,0.0040142000070773,ResNet18,test,0.002567386021837592,0.012669515796005726,0.21401487290859222,0.21049851179122925,0.01315427664667368,0.00022716943931300193,0.06506006419658661,0.031374718993902206,0.1910468488931656,0.005258525721728802,0.2541280686855316
C:\Projects\TM470\data\processed\test\Hygrocybe\292_RJnjsciXCNM.jpg,Hygrocybe/292_RJnjsciXCNM.jpg,Hygrocybe,Hygrocybe,True,0.6927720904350281,0.0041957000066759,ResNet18,test,6.457529525505379e-05,0.003440028987824917,1.2001488357782364e-05,0.015765080228447914,0.00015969313972163945,3.851813534794246e-09,0.6927720904350281,0.00013434245192911476,0.18898630142211914,0.07687922567129135,0.021786674857139587
C:\Projects\TM470\data\processed\test\Hygrocybe\299_VBHrsAmQC-E.jpg,Hygrocybe/299_VBHrsAmQC-E.jpg,Hygrocybe,Hygrocybe,True,0.7467595338821411,0.0033436000085202,ResNet18,test,0.0009259692160412669,0.037783704698085785,0.0006022415473125875,0.00414036912843585,0.0023095491342246532,3.102873051830102e-07,0.7467595338821411,0.0007247299654409289,0.013091197237372398,0.18953284621238708,0.004129601642489433
C:\Projects\TM470\data\processed\test\Hygrocybe\301_vp5CIThqt4k.jpg,Hygrocybe/301_vp5CIThqt4k.jpg,Hygrocybe,Hygrocybe,True,0.3705393075942993,0.0034825999900931,ResNet18,test,7.125444244593382e-05,0.0008909686584956944,0.00011230411473661661,0.1266714632511139,2.9304745112312958e-05,1.0865652910752033e-07,0.3705393075942993,0.0017207404598593712,0.31429827213287354,0.01383823063224554,0.1718280017375946
C:\Projects\TM470\data\processed\test\Hygrocybe\314_tDtKkHcGxRM.jpg,Hygrocybe/314_tDtKkHcGxRM.jpg,Hygrocybe,Russula,False,0.9020651578903198,0.0038730000087525,ResNet18,test,0.0004050261341035366,0.0009829383343458176,4.5157503336668015e-05,0.004194540437310934,3.5400174965616316e-05,4.983935486535529e-10,0.05988093465566635,5.465692083816975e-06,0.02524476684629917,0.9020651578903198,0.0071406192146241665
C:\Projects\TM470\data\processed\test\Hygrocybe\325_rro3hIu1Nqw.jpg,Hygrocybe/325_rro3hIu1Nqw.jpg,Hygrocybe,Lactarius,False,0.26503491401672363,0.0040260999958263,ResNet18,test,0.012466192245483398,0.07513775676488876,0.04688449949026108,0.07719682902097702,0.04436171427369118,6.878101703478023e-05,0.16812331974506378,0.03643762692809105,0.26503491401672363,0.08686462789773941,0.1874237358570099
C:\Projects\TM470\data\processed\test\Inocybe\AE2013PIC74694917.jpg,Inocybe/AE2013PIC74694917.jpg,Inocybe,Inocybe,True,0.7939049601554871,0.0033706999965943,ResNet18,test,0.009358006529510021,0.008669986389577389,0.0008907387964427471,0.015613976866006851,0.02639811858534813,0.11626430600881577,0.003384616691619158,0.7939049601554871,0.014897597953677177,0.008107991889119148,0.0025096589233726263
C:\Projects\TM470\data\processed\test\Inocybe\AE2015PIC76548267.jpg,Inocybe/AE2015PIC76548267.jpg,Inocybe,Russula,False,0.4533706307411194,0.0040140000055544,ResNet18,test,0.04683654382824898,0.10480715334415436,0.034864019602537155,0.12519396841526031,0.008020149543881416,0.000318913662340492,0.012072047218680382,0.05285108461976051,0.14788468182086945,0.4533706307411194,0.013780809007585049
C:\Projects\TM470\data\processed\test\Inocybe\AS2010PIC58249290.jpg,Inocybe/AS2010PIC58249290.jpg,Inocybe,Inocybe,True,0.8808005452156067,0.0039139999862527,ResNet18,test,0.008469606749713421,0.002402201294898987,8.820020411803853e-06,0.0798301100730896,0.008641094900667667,0.004706184845417738,0.0031362748704850674,0.8808005452156067,0.0029079876840114594,0.00876135379076004,0.0003357348032295704
C:\Projects\TM470\data\processed\test\Inocybe\AS2017-9214269_rygo0WejZ.jpg,Inocybe/AS2017-9214269_rygo0WejZ.jpg,Inocybe,Russula,False,0.7634070515632629,0.003872000001138,ResNet18,test,0.014253661036491394,0.006541842129081488,0.003282603807747364,0.013048812747001648,0.021127523854374886,0.00015660776989534497,0.010901032947003841,0.032081786543130875,0.1335219442844391,0.7634070515632629,0.001677209627814591
C:\Projects\TM470\data\processed\test\Inocybe\BWP2010PIC63790785.jpg,Inocybe/BWP2010PIC63790785.jpg,Inocybe,Inocybe,True,0.4029194712638855,0.0039018999959807,ResNet18,test,0.001373868202790618,0.036539044231176376,9.766159928403795e-05,0.01830291375517845,0.13822489976882935,0.0001572760083945468,0.38329264521598816,0.4029194712638855,0.006398576777428389,0.0014286498771980405,0.011264987289905548
C:\Projects\TM470\data\processed\test\Inocybe\BWP2011PIC57986404.jpg,Inocybe/BWP2011PIC57986404.jpg,Inocybe,Inocybe,True,0.8645889759063721,0.0038746000063838,ResNet18,test,0.029503265395760536,0.0012946053175255656,0.003701574169099331,0.0031796470284461975,0.0048968493938446045,0.06677571684122086,0.00038446206599473953,0.8645889759063721,0.015864195302128792,0.006527669727802277,0.0032831369899213314
C:\Projects\TM470\data\processed\test\Inocybe\BWP2013PIC14438171.jpg,Inocybe/BWP2013PIC14438171.jpg,Inocybe,Russula,False,0.6580873131752014,0.0035399999906076,ResNet18,test,0.012084748595952988,0.03484392911195755,0.00012164633517386392,0.14084476232528687,0.03285355493426323,0.00024224180378951132,0.009140418842434883,0.09570501744747162,0.015349235385656357,0.6580873131752014,0.0007271198555827141
C:\Projects\TM470\data\processed\test\Inocybe\BWP2015PIC54111483.jpg,Inocybe/BWP2015PIC54111483.jpg,Inocybe,Exidia,False,0.44014060497283936,0.0034149999992223,ResNet18,test,0.04797264188528061,0.013151553459465504,0.022427331656217575,0.11180396378040314,0.005293183494359255,0.44014060497283936,0.001997986575588584,0.18157511949539185,0.07201091945171356,0.09620372205972672,0.007423032075166702
C:\Projects\TM470\data\processed\test\Inocybe\BWP2015PIC66105035.jpg,Inocybe/BWP2015PIC66105035.jpg,Inocybe,Entoloma,False,0.20986777544021606,0.0031871999963186,ResNet18,test,0.0709918662905693,0.1355038583278656,0.04980951175093651,0.05173846334218979,0.20986777544021606,0.133125901222229,0.009212766773998737,0.10540284961462021,0.08291099220514297,0.13859675824642181,0.012839235365390778
C:\Projects\TM470\data\processed\test\Inocybe\BWP2016-9169400_r1cjMF0O.jpg,Inocybe/BWP2016-9169400_r1cjMF0O.jpg,Inocybe,Amanita,False,0.5571328401565552,0.0067288999998709,ResNet18,test,0.052357304841279984,0.5571328401565552,0.0005415769410319626,0.0566236637532711,0.0030130192171782255,0.00020605717145372182,0.005040773656219244,0.048659004271030426,0.00492396205663681,0.26719799637794495,0.004303776193410158
C:\Projects\TM470\data\processed\test\Inocybe\BWP2016-9169400_ryGAfY0u.jpg,Inocybe/BWP2016-9169400_ryGAfY0u.jpg,Inocybe,Russula,False,0.3899593651294708,0.0038350999966496,ResNet18,test,0.02665775455534458,0.29257792234420776,0.22698025405406952,0.012801972217857838,0.002595747821033001,0.00016302055155392736,0.0008283775532618165,0.004485721699893475,0.03167058154940605,0.3899593651294708,0.01127923745661974
C:\Projects\TM470\data\processed\test\Inocybe\CL2011PIC55659604.jpg,Inocybe/CL2011PIC55659604.jpg,Inocybe,Boletus,False,0.33513331413269043,0.0034281999978702,ResNet18,test,0.02364118956029415,0.13225214183330536,0.33513331413269043,0.031236229464411736,0.031224247068166733,0.0895523950457573,0.03533180430531502,0.21087682247161865,0.0399114228785038,0.04239308834075928,0.028447424992918968
C:\Projects\TM470\data\processed\test\Inocybe\DB2013PIC33800138.jpg,Inocybe/DB2013PIC33800138.jpg,Inocybe,Inocybe,True,0.9745587706565857,0.0039710999990347,ResNet18,test,0.0032279030419886112,0.0014703087508678436,1.5887793779256754e-05,0.004238096531480551,0.007056673988699913,0.005267171189188957,0.0007541651139035821,0.9745587706565857,0.0015145288780331612,0.000981431221589446,0.000915108947083354
C:\Projects\TM470\data\processed\test\Inocybe\DB2013PIC42730442.jpg,Inocybe/DB2013PIC42730442.jpg,Inocybe,Inocybe,True,0.6844643354415894,0.0037589999992633,ResNet18,test,0.0023421496152877808,0.004688224755227566,5.8514658007879916e-08,0.0860007107257843,0.1796337366104126,0.00018991167598869652,0.039009980857372284,0.6844643354415894,0.0008279558969661593,0.0018162565538659692,0.0010266921017318964
C:\Projects\TM470\data\processed\test\Inocybe\DB2013PIC57804056.jpg,Inocybe/DB2013PIC57804056.jpg,Inocybe,Inocybe,True,0.7759065628051758,0.0039194999990286,ResNet18,test,0.0033232516143471003,0.024943117052316666,6.715944437019061e-06,0.1033034548163414,0.07347336411476135,0.0052794781513512135,0.010529744438827038,0.7759065628051758,0.0008515560766682029,0.00039836333598941565,0.001984468661248684
C:\Projects\TM470\data\processed\test\Inocybe\DB2013PIC89729265.jpg,Inocybe/DB2013PIC89729265.jpg,Inocybe,Inocybe,True,0.7982115745544434,0.0039018000097712,ResNet18,test,0.0006581227062270045,0.09042084217071533,2.5815759727265686e-05,0.0075253574177622795,0.03534513711929321,0.00043403488234616816,0.009786543436348438,0.7982115745544434,0.011296942830085754,0.03974052891135216,0.006555119529366493
C:\Projects\TM470\data\processed\test\Inocybe\EAT2012PIC64084765.jpg,Inocybe/EAT2012PIC64084765.jpg,Inocybe,Inocybe,True,0.4279644787311554,0.0040114000003086,ResNet18,test,0.006668941117823124,0.08366100490093231,0.00824949610978365,0.08286551386117935,0.1494481861591339,0.03639677166938782,0.11403518915176392,0.4279644787311554,0.055878542363643646,0.0026978151872754097,0.03213406726717949
C:\Projects\TM470\data\processed\test\Inocybe\EAT2012PIC84850246.jpg,Inocybe/EAT2012PIC84850246.jpg,Inocybe,Inocybe,True,0.5925471186637878,0.0038392999995267,ResNet18,test,0.0019333044765517116,0.016074828803539276,1.1835942132165655e-05,0.04186132550239563,0.05378437414765358,0.00024818783276714385,0.2516671121120453,0.5925471186637878,0.012401288375258446,0.007883964106440544,0.021586673334240913
C:\Projects\TM470\data\processed\test\Inocybe\EAT2013PIC54191345.jpg,Inocybe/EAT2013PIC54191345.jpg,Inocybe,Hygrocybe,False,0.6494759917259216,0.0038169999897945,ResNet18,test,0.0021042628213763237,0.05377709120512009,0.002118014032021165,0.02305620349943638,0.05947330594062805,0.0006621161592192948,0.6494759917259216,0.13684487342834473,0.04207657277584076,0.006966095883399248,0.023445498198270798
C:\Projects\TM470\data\processed\test\Inocybe\EAT2014PIC42270599.jpg,Inocybe/EAT2014PIC42270599.jpg,Inocybe,Amanita,False,0.40155237913131714,0.0042725999956019,ResNet18,test,0.12023609131574631,0.40155237913131714,0.009884736500680447,0.03011375665664673,0.16908037662506104,0.003257811302319169,0.0065042488276958466,0.08975919336080551,0.06373309344053268,0.07772279530763626,0.02815554104745388
C:\Projects\TM470\data\processed\test\Inocybe\EAT2015PIC87367583.jpg,Inocybe/EAT2015PIC87367583.jpg,Inocybe,Inocybe,True,0.30059105157852173,0.0034214000042993,ResNet18,test,0.002526619005948305,0.03587466850876808,0.024447990581393242,0.13386285305023193,0.02823137864470482,0.003604602999985218,0.06350374221801758,0.30059105157852173,0.28090935945510864,0.015734178945422173,0.11071360111236572
C:\Projects\TM470\data\processed\test\Inocybe\EAT2015PIC89289492.jpg,Inocybe/EAT2015PIC89289492.jpg,Inocybe,Entoloma,False,0.2722846567630768,0.0041010999993886,ResNet18,test,0.005980330053716898,0.10574312508106232,0.0090849744156003,0.04597115144133568,0.2722846567630768,0.0070507824420928955,0.15624423325061798,0.21643184125423431,0.1338910609483719,0.009735509753227234,0.03758235648274422
C:\Projects\TM470\data\processed\test\Inocybe\EAT2017-9208647_BJQtzKntb.jpg,Inocybe/EAT2017-9208647_BJQtzKntb.jpg,Inocybe,Russula,False,0.2593441903591156,0.0039056000096024,ResNet18,test,0.1297556459903717,0.039469823241233826,0.1644608974456787,0.015861740335822105,0.014170791022479534,0.0002010111784329638,0.0014604161260649562,0.08262309432029724,0.229916512966156,0.2593441903591156,0.06273585557937622
C:\Projects\TM470\data\processed\test\Inocybe\FDE2011PIC86172261.jpg,Inocybe/FDE2011PIC86172261.jpg,Inocybe,Inocybe,True,0.44120028614997864,0.0037824000028194,ResNet18,test,0.004662021528929472,0.05375064164400101,0.0012976459693163633,0.013212021440267563,0.09388695657253265,4.1198101826012135e-05,0.15092499554157257,0.44120028614997864,0.13443969190120697,0.08047904819250107,0.026105478405952454
C:\Projects\TM470\data\processed\test\Inocybe\FDE2012PIC64061850.jpg,Inocybe/FDE2012PIC64061850.jpg,Inocybe,Russula,False,0.34113505482673645,0.0035352999984752,ResNet18,test,0.0036848646122962236,0.0543302521109581,0.001525164465419948,0.009458629414439201,0.16427730023860931,1.1732401617337018e-05,0.12405821681022644,0.1258050501346588,0.17300711572170258,0.34113505482673645,0.002706627594307065
C:\Projects\TM470\data\processed\test\Inocybe\FS2012PIC59633008.jpg,Inocybe/FS2012PIC59633008.jpg,Inocybe,Inocybe,True,0.3113648593425751,0.0039077999972505,ResNet18,test,0.03408857062458992,0.18902508914470673,0.012737300246953964,0.050727490335702896,0.12034042179584503,0.0026820767670869827,0.16754725575447083,0.3113648593425751,0.04518858715891838,0.021636556833982468,0.044661808758974075
C:\Projects\TM470\data\processed\test\Inocybe\JAH2014PIC52290371.jpg,Inocybe/JAH2014PIC52290371.jpg,Inocybe,Inocybe,True,0.5345797538757324,0.0040086999943014,ResNet18,test,0.04061773046851158,0.012561378069221973,0.0019567953422665596,0.04719541594386101,0.019262677058577538,0.13827413320541382,0.008059759624302387,0.5345797538757324,0.06029025465250015,0.13371020555496216,0.003491958137601614
C:\Projects\TM470\data\processed\test\Inocybe\JCS2009PIC20338594.jpg,Inocybe/JCS2009PIC20338594.jpg,Inocybe,Entoloma,False,0.6354504227638245,0.003583100013202,ResNet18,test,0.00020167758339084685,0.005169711075723171,2.2472232075188003e-08,0.0078438650816679,0.6354504227638245,5.377922320803918e-07,0.2245749831199646,0.12521928548812866,0.0006011533550918102,0.00022877258015796542,0.0007096019107848406
C:\Projects\TM470\data\processed\test\Inocybe\JCS2013PIC22587806.jpg,Inocybe/JCS2013PIC22587806.jpg,Inocybe,Inocybe,True,0.545212984085083,0.0035846999962814,ResNet18,test,0.0360451377928257,0.012571479193866253,0.00010773207031888887,0.23786039650440216,0.13207291066646576,0.012914537452161312,0.0057608294300735,0.545212984085083,0.008367559872567654,0.003869078354910016,0.0052174162119627
C:\Projects\TM470\data\processed\test\Inocybe\JCS2013PIC43012548.jpg,Inocybe/JCS2013PIC43012548.jpg,Inocybe,Entoloma,False,0.4003979563713074,0.0033747999987099,ResNet18,test,0.01361218560487032,0.07480712980031967,0.0003352773783262819,0.04574871063232422,0.4003979563713074,0.0007340933661907911,0.03473810479044914,0.3845963478088379,0.02241348847746849,0.010339219123125076,0.012277540750801563
C:\Projects\TM470\data\processed\test\Inocybe\JCS2013PIC83427178.jpg,Inocybe/JCS2013PIC83427178.jpg,Inocybe,Entoloma,False,0.6952593922615051,0.0034832000092137,ResNet18,test,0.008982771076261997,0.03801470622420311,3.164921872667037e-05,0.006307542324066162,0.6952593922615051,4.743615136248991e-06,0.17848831415176392,0.027564862743020058,0.02901109680533409,0.011405548080801964,0.004929342307150364
C:\Projects\TM470\data\processed\test\Inocybe\JHC2017-9196021_r1DJCAiXW.jpg,Inocybe/JHC2017-9196021_r1DJCAiXW.jpg,Inocybe,Russula,False,0.548032820224762,0.0036836000072071,ResNet18,test,0.07100771367549896,0.1305064558982849,0.00097988813649863,0.005881574936211109,0.007407455239444971,3.801002094405703e-05,0.0029732726980000734,0.19771865010261536,0.023786697536706924,0.548032820224762,0.011667457409203053
C:\Projects\TM470\data\processed\test\Inocybe\JHC2017-9201118_B1VmZiXPZ.jpg,Inocybe/JHC2017-9201118_B1VmZiXPZ.jpg,Inocybe,Lactarius,False,0.3281453549861908,0.0038781000039307,ResNet18,test,0.026174474507570267,0.04935505986213684,0.0017912829061970115,0.06786755472421646,0.14548979699611664,0.001850147731602192,0.06793680042028427,0.11861950904130936,0.3281453549861908,0.1782783418893814,0.014491679146885872
C:\Projects\TM470\data\processed\test\Inocybe\JHC2017-9207705_H16Z0hStW.jpg,Inocybe/JHC2017-9207705_H16Z0hStW.jpg,Inocybe,Inocybe,True,0.5002015233039856,0.0042317000043112,ResNet18,test,0.008183008059859276,0.032308660447597504,9.226744441548362e-05,0.014974172227084637,0.3457690477371216,0.0011888510780408978,0.022592749446630478,0.5002015233039856,0.04691261053085327,0.022186435759067535,0.005590674001723528
C:\Projects\TM470\data\processed\test\Inocybe\JM2012PIC76798409.jpg,Inocybe/JM2012PIC76798409.jpg,Inocybe,Inocybe,True,0.569516122341156,0.0035578000097302,ResNet18,test,0.0015888679772615433,0.0319233238697052,8.50692085805349e-05,0.014530632644891739,0.24836638569831848,0.002463278127834201,0.12260251492261887,0.569516122341156,0.0029741483740508556,0.0005741456989198923,0.005375506356358528
C:\Projects\TM470\data\processed\test\Inocybe\JM2014PIC65927854.jpg,Inocybe/JM2014PIC65927854.jpg,Inocybe,Inocybe,True,0.456205278635025,0.0035527000000001,ResNet18,test,0.0027356031350791454,0.025183789432048798,0.00024600711185485125,0.05040387064218521,0.35720697045326233,0.006770550273358822,0.06875447183847427,0.456205278635025,0.021660223603248596,0.0056581879034638405,0.005174997728317976
C:\Projects\TM470\data\processed\test\Inocybe\JM2017-9200086_HkgcxFo28W.jpg,Inocybe/JM2017-9200086_HkgcxFo28W.jpg,Inocybe,Russula,False,0.4999271631240845,0.0035674000100698,ResNet18,test,0.02492801658809185,0.040205057710409164,0.06632417440414429,0.057578228414058685,0.018519926816225052,0.011033733375370502,0.050566304475069046,0.028848303481936455,0.17890974879264832,0.4999271631240845,0.02315930463373661
C:\Projects\TM470\data\processed\test\Inocybe\JM2017-9200086_rkceKj2LZ.jpg,Inocybe/JM2017-9200086_rkceKj2LZ.jpg,Inocybe,Exidia,False,0.3758429288864136,0.0033848999883048,ResNet18,test,0.1456623524427414,0.02654709480702877,0.015349723398685455,0.04007784649729729,0.00565205467864871,0.3758429288864136,0.013008263893425465,0.08730877935886383,0.2168377786874771,0.07300076633691788,0.000712443666998297
C:\Projects\TM470\data\processed\test\Inocybe\JM2017-9202674_ByodB43P-.jpg,Inocybe/JM2017-9202674_ByodB43P-.jpg,Inocybe,Inocybe,True,0.47703859210014343,0.0035212000075262,ResNet18,test,0.09344395995140076,0.04752621427178383,0.0006746207363903522,0.029724374413490295,0.056275874376297,0.001444974448531866,0.014350692741572857,0.47703859210014343,0.046199459582567215,0.23078984022140503,0.002531386911869049
C:\Projects\TM470\data\processed\test\Inocybe\KNI2015PIC36175674.jpg,Inocybe/KNI2015PIC36175674.jpg,Inocybe,Russula,False,0.3423782289028168,0.0039323999953921,ResNet18,test,0.030708450824022293,0.28527867794036865,0.0004610373289324343,0.08090357482433319,0.007322208024561405,0.0022065306548029184,0.061319366097450256,0.1074291467666626,0.07705418765544891,0.3423782289028168,0.00493862247094512
C:\Projects\TM470\data\processed\test\Inocybe\LDJ2009PIC30690154.jpg,Inocybe/LDJ2009PIC30690154.jpg,Inocybe,Inocybe,True,0.8527626395225525,0.0038003999943612,ResNet18,test,0.013476390391588211,0.0385594479739666,0.00015693499881308526,0.001201900653541088,0.01159259956330061,4.705419632955454e-05,0.006712043657898903,0.8527626395225525,0.021138740703463554,0.0509115532040596,0.0034407833591103554
C:\Projects\TM470\data\processed\test\Inocybe\MACH2016-9178188_S1cpNX6A.jpg,Inocybe/MACH2016-9178188_S1cpNX6A.jpg,Inocybe,Inocybe,True,0.8236457705497742,0.0038968000008026,ResNet18,test,0.0007850910187698901,0.07319401204586029,0.00012841218267567456,0.002268024953082204,0.057762619107961655,0.021493349224328995,0.013640906661748886,0.8236457705497742,0.0064085423946380615,0.00035989092430099845,0.00031346981995739043
C:\Projects\TM470\data\processed\test\Inocybe\MAV2010PIC78400496.jpg,Inocybe/MAV2010PIC78400496.jpg,Inocybe,Inocybe,True,0.39622095227241516,0.0035662000009324,ResNet18,test,0.0011761742644011974,0.013191630132496357,0.00251015555113554,0.1811155080795288,0.04249437898397446,0.0001641272392589599,0.1668022871017456,0.39622095227241516,0.11135172843933105,0.009522899985313416,0.07545015960931778
C:\Projects\TM470\data\processed\test\Inocybe\MAV2011PIC87756495.jpg,Inocybe/MAV2011PIC87756495.jpg,Inocybe,Cortinarius,False,0.39902612566947937,0.0037568000116152,ResNet18,test,0.05235225707292557,0.13307799398899078,0.05786621943116188,0.39902612566947937,0.00828654132783413,0.01841859519481659,0.005700983107089996,0.14067630469799042,0.10296753793954849,0.06499389559030533,0.01663348637521267
C:\Projects\TM470\data\processed\test\Inocybe\MAV2013PIC41670341.jpg,Inocybe/MAV2013PIC41670341.jpg,Inocybe,Inocybe,True,0.49557217955589294,0.0037174000026425,ResNet18,test,0.04874372109770775,0.007907183840870857,0.0029573359061032534,0.115332692861557,0.03383268043398857,0.06292442232370377,0.01856527291238308,0.49557217955589294,0.1086413636803627,0.06841866672039032,0.03710450232028961
C:\Projects\TM470\data\processed\test\Inocybe\ML2012PIC15959384.jpg,Inocybe/ML2012PIC15959384.jpg,Inocybe,Russula,False,0.5467168092727661,0.0038885999965714,ResNet18,test,0.030476007610559464,0.015200096182525158,0.02892085537314415,0.040362656116485596,0.006120707839727402,0.05651303008198738,0.0051959543488919735,0.21071229875087738,0.04712982475757599,0.5467168092727661,0.01265172753483057
C:\Projects\TM470\data\processed\test\Inocybe\MMN2010PIC77085274.jpg,Inocybe/MMN2010PIC77085274.jpg,Inocybe,Russula,False,0.8502078652381897,0.0038467999984277,ResNet18,test,0.010882498696446419,0.11566343903541565,0.0004599073436111212,0.0015650985296815634,0.004490949213504791,2.0524934996046795e-07,0.002763523254543543,0.0010839992901310325,0.012026899494230747,0.8502078652381897,0.0008556630345992744
C:\Projects\TM470\data\processed\test\Inocybe\MS2009PIC48014779.jpg,Inocybe/MS2009PIC48014779.jpg,Inocybe,Inocybe,True,0.4202892482280731,0.0042856999934883,ResNet18,test,0.04766911268234253,0.012509183958172798,0.003836218500509858,0.059001531451940536,0.08511742949485779,0.13232554495334625,0.008597364649176598,0.4202892482280731,0.18372128903865814,0.03313625603914261,0.013796785846352577
C:\Projects\TM470\data\processed\test\Inocybe\MS2009PIC76598275.jpg,Inocybe/MS2009PIC76598275.jpg,Inocybe,Inocybe,True,0.4641585648059845,0.0035320000024512,ResNet18,test,0.103044793009758,0.04881949722766876,0.012382106855511665,0.038404740393161774,0.006339496001601219,0.08293315023183823,0.002523273229598999,0.4641585648059845,0.11276619881391525,0.1204657182097435,0.008162458427250385
C:\Projects\TM470\data\processed\test\Inocybe\MSO2012PIC41953814.jpg,Inocybe/MSO2012PIC41953814.jpg,Inocybe,Inocybe,True,0.5497024655342102,0.0034516000014264,ResNet18,test,0.00339960097335279,0.05186288058757782,0.0016208793967962265,0.0070197866298258305,0.17272263765335083,0.000636172597296536,0.015591348521411419,0.5497024655342102,0.11647552996873856,0.05251029133796692,0.028458405286073685
C:\Projects\TM470\data\processed\test\Inocybe\OBL2011PIC48076248.jpg,Inocybe/OBL2011PIC48076248.jpg,Inocybe,Inocybe,True,0.6081796884536743,0.0040565999952377,ResNet18,test,0.007731056772172451,0.011061830446124077,0.0013944723177701235,0.021850362420082092,0.0004887424875050783,0.3268566131591797,0.00015274215547833592,0.6081796884536743,0.009513248689472675,0.012261238880455494,0.000509990262798965
C:\Projects\TM470\data\processed\test\Inocybe\OBL2012PIC16913624.jpg,Inocybe/OBL2012PIC16913624.jpg,Inocybe,Lactarius,False,0.22361330687999725,0.0037081000045873,ResNet18,test,0.08352498710155487,0.1410779356956482,0.00861318688839674,0.018116703256964684,0.17945384979248047,0.12992028892040253,0.04600043222308159,0.04647798463702202,0.22361330687999725,0.12050580233335495,0.0026954885106533766
C:\Projects\TM470\data\processed\test\Inocybe\PEL2017-9195655_B1Yl9j8mb.jpg,Inocybe/PEL2017-9195655_B1Yl9j8mb.jpg,Inocybe,Russula,False,0.2998245358467102,0.0035122999979648,ResNet18,test,0.026482682675123215,0.0206792913377285,0.034005727618932724,0.05584022030234337,0.008646580390632153,0.21168142557144165,0.00648937514051795,0.29730552434921265,0.03281812742352486,0.2998245358467102,0.006226541008800268
C:\Projects\TM470\data\processed\test\Inocybe\PETRA2017-9197483_rkgT7fMH-.jpg,Inocybe/PETRA2017-9197483_rkgT7fMH-.jpg,Inocybe,Inocybe,True,0.4085955023765564,0.0036528000055113,ResNet18,test,2.2911168343853205e-05,0.0023471128661185503,1.4836451178723564e-08,0.003206053748726845,0.3829266428947449,1.716715269139968e-05,0.2027253955602646,0.4085955023765564,7.573433686047792e-05,1.3951911569165532e-05,6.947354268049821e-05
C:\Projects\TM470\data\processed\test\Inocybe\PL2011PIC79270766.jpg,Inocybe/PL2011PIC79270766.jpg,Inocybe,Inocybe,True,0.6376045942306519,0.0036772000021301,ResNet18,test,0.014071358367800713,0.0065768626518547535,0.13642796874046326,0.024987809360027313,0.004877111874520779,0.050199057906866074,0.001333367545157671,0.6376045942306519,0.05472267046570778,0.05969570204615593,0.009503442794084549
C:\Projects\TM470\data\processed\test\Inocybe\PTP2016-9171214_SyeyOS_pq.jpg,Inocybe/PTP2016-9171214_SyeyOS_pq.jpg,Inocybe,Exidia,False,0.45001012086868286,0.0035375000006752,ResNet18,test,0.02554153837263584,0.023970862850546837,0.006257881876081228,0.04006514325737953,0.011800704523921013,0.45001012086868286,0.006928922142833471,0.35112106800079346,0.028996948152780533,0.05338890478014946,0.0019178952788934112
C:\Projects\TM470\data\processed\test\Inocybe\RE2010PIC60585326.jpg,Inocybe/RE2010PIC60585326.jpg,Inocybe,Suillus,False,0.4123973846435547,0.0035025999968638,ResNet18,test,0.013578022830188274,0.014071079902350903,0.05032337084412575,0.19056648015975952,0.0036855824291706085,0.0018292588647454977,0.006263533141463995,0.11905448138713837,0.09658972918987274,0.09164103865623474,0.4123973846435547
C:\Projects\TM470\data\processed\test\Inocybe\RE2012PIC39126061.jpg,Inocybe/RE2012PIC39126061.jpg,Inocybe,Boletus,False,0.6106492877006531,0.0037572000001091,ResNet18,test,0.00314213614910841,0.013706373050808907,0.6106492877006531,0.021957246586680412,0.01767280139029026,0.0005922471173107624,0.013491482473909855,0.014833033084869385,0.2553628385066986,0.02696468122303486,0.021627943962812424
C:\Projects\TM470\data\processed\test\Inocybe\RE2012PIC69020667.jpg,Inocybe/RE2012PIC69020667.jpg,Inocybe,Russula,False,0.4420766532421112,0.0035182000137865,ResNet18,test,0.032883286476135254,0.022040005773305893,0.10401180386543274,0.033242832869291306,0.0020454830955713987,4.524218184087658e-06,0.0036492354702204466,0.005699025001376867,0.3024628460407257,0.4420766532421112,0.051884278655052185
C:\Projects\TM470\data\processed\test\Inocybe\SL2013PIC12810247.jpg,Inocybe/SL2013PIC12810247.jpg,Inocybe,Inocybe,True,0.2153928428888321,0.0038573000056203,ResNet18,test,0.13856756687164307,0.2057977169752121,0.0022598218638449907,0.04829595237970352,0.037424180656671524,0.1640286147594452,0.04804612323641777,0.2153928428888321,0.09594439715147018,0.04090913385152817,0.0033336190972477198
C:\Projects\TM470\data\processed\test\Inocybe\TAK2012PIC72845888.jpg,Inocybe/TAK2012PIC72845888.jpg,Inocybe,Russula,False,0.38753923773765564,0.0035779000027105,ResNet18,test,0.05811832472681999,0.05023403838276863,0.0011255234712734818,0.020008254796266556,0.15208786725997925,0.003651097882539034,0.11427764594554901,0.0622573085129261,0.14704331755638123,0.38753923773765564,0.0036574299447238445
C:\Projects\TM470\data\processed\test\Inocybe\TAK2013PIC38129211.jpg,Inocybe/TAK2013PIC38129211.jpg,Inocybe,Russula,False,0.2751994729042053,0.0035358000022824,ResNet18,test,0.06890840083360672,0.1374116837978363,0.0020753887947648764,0.0451432466506958,0.06603624671697617,0.00041178453830070794,0.1655481904745102,0.06212054565548897,0.16719546914100647,0.2751994729042053,0.009949589148163795
C:\Projects\TM470\data\processed\test\Inocybe\TAK2014PIC74058257.jpg,Inocybe/TAK2014PIC74058257.jpg,Inocybe,Russula,False,0.39706650376319885,0.0036914000083925,ResNet18,test,0.048641785979270935,0.0701315775513649,0.004691416397690773,0.14135530591011047,0.005301270168274641,0.0007756240665912628,0.002860104199498892,0.19040536880493164,0.123955138027668,0.39706650376319885,0.014815883710980415
C:\Projects\TM470\data\processed\test\Inocybe\TAK2015PIC12430189.jpg,Inocybe/TAK2015PIC12430189.jpg,Inocybe,Inocybe,True,0.2610543668270111,0.0035271999950055,ResNet18,test,0.04848167672753334,0.04950257018208504,0.04049030691385269,0.05201602727174759,0.021057331934571266,0.2167184203863144,0.012566049583256245,0.2610543668270111,0.07035869359970093,0.22105787694454193,0.006696735508739948
C:\Projects\TM470\data\processed\test\Inocybe\TAK2017-9195726_SJBnA3Dm-.jpg,Inocybe/TAK2017-9195726_SJBnA3Dm-.jpg,Inocybe,Russula,False,0.36312875151634216,0.0035624000011011,ResNet18,test,0.03743419796228409,0.14882296323776245,0.0017528345342725515,0.07213735580444336,0.05715331807732582,0.00048133241944015026,0.019588887691497803,0.10844609141349792,0.15204524993896484,0.36312875151634216,0.039009079337120056
C:\Projects\TM470\data\processed\test\Inocybe\TB2010PIC30549452.jpg,Inocybe/TB2010PIC30549452.jpg,Inocybe,Inocybe,True,0.39668676257133484,0.0035602000134531,ResNet18,test,0.024597419425845146,0.020152557641267776,0.013084329664707184,0.04031964763998985,0.015313209034502506,0.18701453506946564,0.006175308488309383,0.39668676257133484,0.10592269152402878,0.1845748871564865,0.0061586820520460606
C:\Projects\TM470\data\processed\test\Inocybe\TKH2011PIC29550858.jpg,Inocybe/TKH2011PIC29550858.jpg,Inocybe,Inocybe,True,0.48928219079971313,0.0034358999982941,ResNet18,test,0.01234022993594408,0.018502244725823402,0.017668429762125015,0.039238497614860535,0.07277188450098038,0.03940427303314209,0.0030208260286599398,0.48928219079971313,0.15837816894054413,0.10043594986200333,0.04895733296871185
C:\Projects\TM470\data\processed\test\Inocybe\TKH2012PIC24863747.jpg,Inocybe/TKH2012PIC24863747.jpg,Inocybe,Russula,False,0.5899175405502319,0.0036148000071989,ResNet18,test,0.10552096366882324,0.07649784535169601,0.0011679948074743152,0.003956371918320656,0.1437540054321289,6.2232256823335774e-06,0.015094119124114513,0.0018984463531523943,0.05628911778330803,0.5899175405502319,0.0058974227868020535
C:\Projects\TM470\data\processed\test\Inocybe\TKH2012PIC58539255.jpg,Inocybe/TKH2012PIC58539255.jpg,Inocybe,Entoloma,False,0.3555137813091278,0.0045638000010512,ResNet18,test,0.09087033569812775,0.11664092540740967,0.004450627602636814,0.014132832176983356,0.3555137813091278,4.030592754133977e-05,0.06473371386528015,0.00870378129184246,0.22563542425632477,0.0920679122209549,0.02721036598086357
C:\Projects\TM470\data\processed\test\Inocybe\TKH2013PIC15346099.jpg,Inocybe/TKH2013PIC15346099.jpg,Inocybe,Entoloma,False,0.3068487048149109,0.0038227000040933,ResNet18,test,0.15248613059520721,0.18405291438102722,0.0010643770219758153,0.009592288173735142,0.3068487048149109,0.00020362480427138507,0.03029485233128071,0.12373748421669006,0.07148697972297668,0.0743042379617691,0.04592840373516083
C:\Projects\TM470\data\processed\test\Inocybe\TKH2013PIC24960254.jpg,Inocybe/TKH2013PIC24960254.jpg,Inocybe,Inocybe,True,0.6805891394615173,0.0035141999978804,ResNet18,test,0.003865598700940609,0.03531203418970108,0.025831816717982292,0.011622167192399502,0.05533267557621002,0.0029313089326024055,0.013666842132806778,0.6805891394615173,0.12372597306966782,0.031208248808979988,0.01591428555548191
C:\Projects\TM470\data\processed\test\Inocybe\TKH2013PIC33707521.jpg,Inocybe/TKH2013PIC33707521.jpg,Inocybe,Hygrocybe,False,0.4017851948738098,0.0039280999917536,ResNet18,test,0.0004008813120890409,0.03943910449743271,1.1511666343722027e-05,0.007448343560099602,0.3357818126678467,0.00013203825801610947,0.4017851948738098,0.20982329547405243,0.00225397408939898,0.0014561307616531849,0.0014677285216748714
C:\Projects\TM470\data\processed\test\Inocybe\TKH2013PIC43429224.jpg,Inocybe/TKH2013PIC43429224.jpg,Inocybe,Entoloma,False,0.7446362972259521,0.0039047000027494,ResNet18,test,0.0031401270534843206,0.08944783359766006,4.197714133624686e-06,0.0010874925646930933,0.7446362972259521,1.023005211209238e-06,0.06955569982528687,0.0068002259358763695,0.01528348308056593,0.06961511075496674,0.0004284995375201106
C:\Projects\TM470\data\processed\test\Inocybe\TKH2013PIC89377657.jpg,Inocybe/TKH2013PIC89377657.jpg,Inocybe,Inocybe,True,0.523679792881012,0.003514099997119,ResNet18,test,0.004963153041899204,0.08314207196235657,0.0002770952705759555,0.025048261508345604,0.16298270225524902,0.004287393298000097,0.16677214205265045,0.523679792881012,0.014047226868569851,0.0034091314300894737,0.011390956118702888
C:\Projects\TM470\data\processed\test\Inocybe\TKH2014PIC28133692.jpg,Inocybe/TKH2014PIC28133692.jpg,Inocybe,Inocybe,True,0.6918134093284607,0.0035818000033032,ResNet18,test,0.0009935280540958047,0.031978193670511246,7.59922040742822e-05,0.008757517673075199,0.13893920183181763,0.0008984231390058994,0.11022743582725525,0.6918134093284607,0.0069886138662695885,0.001010425272397697,0.008317241445183754
C:\Projects\TM470\data\processed\test\Inocybe\TOB2016-9177959_r1E_IZN1e.jpg,Inocybe/TOB2016-9177959_r1E_IZN1e.jpg,Inocybe,Inocybe,True,0.817207396030426,0.0035743000044021,ResNet18,test,0.008819416165351868,0.009471096098423004,0.02443462610244751,0.006767771206796169,0.0043443175964057446,0.05040188506245613,0.0017210479127243161,0.817207396030426,0.007514702621847391,0.06414023041725159,0.005177472718060017
C:\Projects\TM470\data\processed\test\Inocybe\TOB2017-9194552_ryHFsS3MZ.jpg,Inocybe/TOB2017-9194552_ryHFsS3MZ.jpg,Inocybe,Amanita,False,0.27929404377937317,0.0036944000021321,ResNet18,test,0.016514044255018234,0.27929404377937317,0.0005161293665878475,0.013282942585647106,0.1262422502040863,0.0001281492004636675,0.07999672740697861,0.23828467726707458,0.03650914877653122,0.20358985662460327,0.005641999654471874
C:\Projects\TM470\data\processed\test\Inocybe\TOB2017-9202157_SJH4BiA_P-.jpg,Inocybe/TOB2017-9202157_SJH4BiA_P-.jpg,Inocybe,Inocybe,True,0.607812762260437,0.0034738999966066,ResNet18,test,0.04297621548175812,0.01758192665874958,0.03558782860636711,0.02233234792947769,0.040725503116846085,0.03065882995724678,0.04895941540598869,0.607812762260437,0.05279875546693802,0.07796145230531693,0.0226049292832613
C:\Projects\TM470\data\processed\test\Inocybe\TOB2017-9202157_rkQEriRdDb.jpg,Inocybe/TOB2017-9202157_rkQEriRdDb.jpg,Inocybe,Inocybe,True,0.4495118260383606,0.0039316000038525,ResNet18,test,0.024050939828157425,0.02796906977891922,0.017844459041953087,0.018732892349362373,0.04492311179637909,0.09786424785852432,0.00563834561035037,0.4495118260383606,0.05549675226211548,0.24953219294548035,0.008436118252575397
C:\Projects\TM470\data\processed\test\Inocybe\TOB2017-9208818_BJI8SxBgcb.jpg,Inocybe/TOB2017-9208818_BJI8SxBgcb.jpg,Inocybe,Inocybe,True,0.8934840559959412,0.0039141000015661,ResNet18,test,0.007870258763432503,0.0042809611186385155,0.015224700793623924,0.007854823023080826,0.008870200254023075,0.020790187641978264,0.018059302121400833,0.8934840559959412,0.007884258404374123,0.007141732610762119,0.008539590984582901
C:\Projects\TM470\data\processed\test\Inocybe\TOB2017-9208818_Hy9LSxSe5Z.jpg,Inocybe/TOB2017-9208818_Hy9LSxSe5Z.jpg,Inocybe,Inocybe,True,0.8703551888465881,0.0040492999978596,ResNet18,test,0.008144424296915531,0.006671239621937275,0.02012174017727375,0.008762977086007595,0.0048148841597139835,0.03336421027779579,0.00586281344294548,0.8703551888465881,0.007929954677820206,0.025737686082720757,0.008234865963459015
C:\Projects\TM470\data\processed\test\Inocybe\TOB2017-9208818_rJG8reBe5Z.jpg,Inocybe/TOB2017-9208818_rJG8reBe5Z.jpg,Inocybe,Inocybe,True,0.7388796210289001,0.0035905999975511,ResNet18,test,0.016973827034235,0.012165388092398643,0.011095086112618446,0.011595104821026325,0.01602979376912117,0.07545681297779083,0.0028896855656057596,0.7388796210289001,0.015359709970653057,0.09414809197187424,0.005406833253800869
C:\Projects\TM470\data\processed\test\Inocybe\TOB2017-9208818_rk8Serx5W.jpg,Inocybe/TOB2017-9208818_rk8Serx5W.jpg,Inocybe,Inocybe,True,0.43890124559402466,0.0036149999941699,ResNet18,test,0.03827255591750145,0.020090248435735703,0.05264837294816971,0.034198444336652756,0.024858903139829636,0.09316635131835938,0.018796298652887344,0.43890124559402466,0.05210309103131294,0.20524440705776215,0.021720120683312416
C:\Projects\TM470\data\processed\test\Inocybe\TS2010PIC72695117.jpg,Inocybe/TS2010PIC72695117.jpg,Inocybe,Cortinarius,False,0.4670443534851074,0.0038637999969068,ResNet18,test,0.08918529003858566,0.08826348930597305,0.000524160626810044,0.4670443534851074,0.024097034707665443,0.0021026297472417355,0.015859952196478844,0.12708179652690887,0.0130424490198493,0.16391928493976593,0.00887957215309143
C:\Projects\TM470\data\processed\test\Inocybe\TS2011PIC26376558.jpg,Inocybe/TS2011PIC26376558.jpg,Inocybe,Amanita,False,0.3220560848712921,0.0035908999998355,ResNet18,test,0.133311465382576,0.3220560848712921,0.041856035590171814,0.01917499490082264,0.23060956597328186,0.01971353590488434,0.015466743148863316,0.06187857687473297,0.12787975370883942,0.02407660521566868,0.003976666368544102
C:\Projects\TM470\data\processed\test\Inocybe\TS2011PIC53483517.jpg,Inocybe/TS2011PIC53483517.jpg,Inocybe,Inocybe,True,0.47471633553504944,0.0037501000042539,ResNet18,test,0.0892387330532074,0.033398568630218506,0.08319205045700073,0.008743230253458023,0.02003493718802929,0.003533757058903575,0.0015555057907477021,0.47471633553504944,0.23471127450466156,0.03211509808897972,0.018760520964860916
C:\Projects\TM470\data\processed\test\Inocybe\TS2011PIC53751796.jpg,Inocybe/TS2011PIC53751796.jpg,Inocybe,Russula,False,0.4352259337902069,0.0036358000070322,ResNet18,test,0.022538261488080025,0.042719706892967224,0.0007615822833031416,0.05226897448301315,0.01221113745123148,0.0010464629158377647,0.006169555708765984,0.3981045186519623,0.02671022154390812,0.4352259337902069,0.0022436759900301695
C:\Projects\TM470\data\processed\test\Inocybe\TS2012PIC31340902.jpg,Inocybe/TS2012PIC31340902.jpg,Inocybe,Entoloma,False,0.5414425134658813,0.0035137999948346,ResNet18,test,0.004212031606584787,0.006746343802660704,3.1828516512177885e-05,0.03169257193803787,0.5414425134658813,4.7182147682178766e-05,0.19062693417072296,0.21682454645633698,0.00554630858823657,0.0014427294954657555,0.0013869673712179065
C:\Projects\TM470\data\processed\test\Inocybe\TS2012PIC71517695.jpg,Inocybe/TS2012PIC71517695.jpg,Inocybe,Inocybe,True,0.934395968914032,0.0035766999935731,ResNet18,test,0.00020355044398456812,0.0028068579267710447,2.9358554343161813e-07,0.0021151925902813673,0.05712171643972397,0.0011915955692529678,0.0012623135698959231,0.934395968914032,0.0007743610767647624,6.405878229998052e-05,6.418463453883305e-05
C:\Projects\TM470\data\processed\test\Inocybe\TS2012PIC76182348.jpg,Inocybe/TS2012PIC76182348.jpg,Inocybe,Inocybe,True,0.8031041026115417,0.0036682999925687,ResNet18,test,0.00017767143435776234,0.0013649201719090343,5.559755766881835e-09,0.005376463755965233,0.15692150592803955,0.00019118766067549586,0.031907450407743454,0.8031041026115417,0.00010220419062534347,0.0007870802655816078,6.746735016349703e-05
C:\Projects\TM470\data\processed\test\Inocybe\TS2013PIC21993338.jpg,Inocybe/TS2013PIC21993338.jpg,Inocybe,Inocybe,True,0.6610971093177795,0.0035511999885784,ResNet18,test,0.00163197738584131,0.17734892666339874,0.0007092080195434391,0.014992517419159412,0.06620264798402786,0.0031379135325551033,0.061149682849645615,0.6610971093177795,0.005848229397088289,0.0012007395271211863,0.0066810352727770805
C:\Projects\TM470\data\processed\test\Inocybe\TS2013PIC26765211.jpg,Inocybe/TS2013PIC26765211.jpg,Inocybe,Inocybe,True,0.5978980660438538,0.0035689999931491,ResNet18,test,0.019768165424466133,0.015562976710498333,0.004708248656243086,0.001920999144203961,0.007673269137740135,3.277860741945915e-05,0.0003431012446526438,0.5978980660438538,0.19069908559322357,0.04734500125050545,0.11404833942651749
C:\Projects\TM470\data\processed\test\Inocybe\TS2015PIC48470465.jpg,Inocybe/TS2015PIC48470465.jpg,Inocybe,Inocybe,True,0.6281260848045349,0.0038295999984256,ResNet18,test,0.0013211510377004743,0.16487827897071838,0.0007165598217397928,0.008957174606621265,0.09949419647455215,0.004677473101764917,0.07371660321950912,0.6281260848045349,0.01081580575555563,0.006797717418521643,0.0004989725421182811
C:\Projects\TM470\data\processed\test\Inocybe\TS2016-9180197_S1b2-Dmpye.jpg,Inocybe/TS2016-9180197_S1b2-Dmpye.jpg,Inocybe,Hygrocybe,False,0.5501723289489746,0.0036065000022063,ResNet18,test,0.004164316225796938,0.03550877049565315,0.021130448207259178,0.026350324973464012,0.04351971670985222,0.0026460704393684864,0.5501723289489746,0.22656436264514923,0.009074021130800247,0.01000410970300436,0.07086548209190369
C:\Projects\TM470\data\processed\test\Lactarius\0000_av7f-8yVUNY.jpg,Lactarius/0000_av7f-8yVUNY.jpg,Lactarius,Lactarius,True,0.24772867560386658,0.0034857999999076,ResNet18,test,0.0017857064958661795,0.00898070726543665,0.010282721370458603,0.2465328723192215,0.001700549852102995,0.0005297515308484435,0.012761896476149559,0.12790584564208984,0.24772867560386658,0.1935914158821106,0.1481999009847641
C:\Projects\TM470\data\processed\test\Lactarius\0004_gigZhorw0Eo.jpg,Lactarius/0004_gigZhorw0Eo.jpg,Lactarius,Inocybe,False,0.24265161156654358,0.003981300003943,ResNet18,test,0.013719422742724419,0.03253481164574623,8.826526027405635e-05,0.07063307613134384,0.04183458536863327,4.1552695620339364e-05,0.17006394267082214,0.24265161156654358,0.19452688097953796,0.17867588996887207,0.05522998794913292
C:\Projects\TM470\data\processed\test\Lactarius\0008_SSJpwPhX7Rs.jpg,Lactarius/0008_SSJpwPhX7Rs.jpg,Lactarius,Russula,False,0.7294453978538513,0.0039352000021608,ResNet18,test,0.013360599055886269,0.0016593170585110784,0.004414988216012716,0.00555140245705843,0.0007295135292224586,2.177150236093439e-06,0.001697818050161004,0.008145501837134361,0.2179132103919983,0.7294453978538513,0.017080072313547134
C:\Projects\TM470\data\processed\test\Lactarius\001_0eat5sScleY.jpg,Lactarius/001_0eat5sScleY.jpg,Lactarius,Lactarius,True,0.44158604741096497,0.0037615999899571,ResNet18,test,0.04238700494170189,0.06577515602111816,0.014435810036957264,0.004260477144271135,0.03742237389087677,3.377769098733552e-05,0.0039789010770618916,0.006235815118998289,0.44158604741096497,0.3720649480819702,0.011819686740636826
C:\Projects\TM470\data\processed\test\Lactarius\0024_UzDaRx13wVs.jpg,Lactarius/0024_UzDaRx13wVs.jpg,Lactarius,Lactarius,True,0.4059313237667084,0.0037964999937685,ResNet18,test,0.014271645806729794,0.017408359795808792,0.0037354796659201384,0.027061816304922104,0.019645540043711662,4.379680103738792e-05,0.013450143858790398,0.09894661605358124,0.4059313237667084,0.38846567273139954,0.011039525270462036
C:\Projects\TM470\data\processed\test\Lactarius\0026_autPTj6WXpU.jpg,Lactarius/0026_autPTj6WXpU.jpg,Lactarius,Lactarius,True,0.5763979554176331,0.0037483000050997,ResNet18,test,0.010829690843820572,0.008841680362820625,0.05071893334388733,0.15471568703651428,0.013496926985681057,0.0006134299328550696,0.0018856520764529705,0.08613475412130356,0.5763979554176331,0.029492411762475967,0.06687279790639877
C:\Projects\TM470\data\processed\test\Lactarius\0036_UjqjlkUecEk.jpg,Lactarius/0036_UjqjlkUecEk.jpg,Lactarius,Lactarius,True,0.8102269768714905,0.003605999998399,ResNet18,test,0.001650855760090053,0.0008553059888072312,0.002577600535005331,0.006754799280315638,0.0006634808960370719,6.666500951268972e-08,0.0006418567500077188,0.0004697760450653732,0.8102269768714905,0.08148138225078583,0.09467791765928268
C:\Projects\TM470\data\processed\test\Lactarius\0058_Ksaju-DFTOM.jpg,Lactarius/0058_Ksaju-DFTOM.jpg,Lactarius,Lactarius,True,0.5058013200759888,0.0039471000054618,ResNet18,test,0.0010591812897473574,0.0013813826953992248,0.00014949211617931724,0.005761055275797844,0.0015968348598107696,2.997037640284361e-08,0.006849822122603655,0.0004520345537457615,0.5058013200759888,0.45336130261421204,0.02358749508857727
C:\Projects\TM470\data\processed\test\Lactarius\0071_2YKUxBBp95A.jpg,Lactarius/0071_2YKUxBBp95A.jpg,Lactarius,Russula,False,0.7819549441337585,0.0036150000087218,ResNet18,test,0.042609844356775284,0.04326999559998512,0.012869777157902718,0.008543003350496292,0.001129419426433742,1.0535989076743135e-06,0.001978011103346944,0.0041868784464895725,0.08510878682136536,0.7819549441337585,0.018348291516304016
C:\Projects\TM470\data\processed\test\Lactarius\0078_67hlnzvWweg.jpg,Lactarius/0078_67hlnzvWweg.jpg,Lactarius,Russula,False,0.8113521337509155,0.0035133000055793,ResNet18,test,0.001300834002904594,0.000329907750710845,0.007288821507245302,0.0023196875117719173,1.797067488951143e-05,6.825082010664119e-08,7.999205263331532e-05,0.004555237479507923,0.15300162136554718,0.8113521337509155,0.0197537150233984
C:\Projects\TM470\data\processed\test\Lactarius\0090_8gZ-MF4DF5c.jpg,Lactarius/0090_8gZ-MF4DF5c.jpg,Lactarius,Lactarius,True,0.49684903025627136,0.0036473999934969,ResNet18,test,0.004914067219942808,0.11603126674890518,0.02445121668279171,0.03774913400411606,0.011383067816495895,0.0003908768994733691,0.016177387908101082,0.12712135910987854,0.49684903025627136,0.1553267389535904,0.009605860337615013
C:\Projects\TM470\data\processed\test\Lactarius\0091_GJfhcGAsQEs.jpg,Lactarius/0091_GJfhcGAsQEs.jpg,Lactarius,Russula,False,0.6320797801017761,0.0035770999966189,ResNet18,test,0.022904735058546066,0.03413731977343559,0.004772007465362549,0.006896543316543102,0.06651704758405685,0.002713958965614438,0.015342469327151775,0.009491818025708199,0.2007843405008316,0.6320797801017761,0.004359998274594545
C:\Projects\TM470\data\processed\test\Lactarius\0092_lAL2nLK6Yqc.jpg,Lactarius/0092_lAL2nLK6Yqc.jpg,Lactarius,Russula,False,0.6245340704917908,0.0036209999962011,ResNet18,test,0.08133073151111603,0.07796230167150497,0.001413471414707601,0.00237538805231452,0.017221668735146523,6.5820941017591394e-06,0.011564904823899269,0.026345144957304,0.15199944376945496,0.6245340704917908,0.005246315151453018
C:\Projects\TM470\data\processed\test\Lactarius\0096_YCFCQKyiPFI.jpg,Lactarius/0096_YCFCQKyiPFI.jpg,Lactarius,Entoloma,False,0.4097176790237427,0.0035370999976294,ResNet18,test,0.02184009738266468,0.057239267975091934,0.0042656236328184605,0.005075992085039616,0.4097176790237427,8.478529707645066e-06,0.03508920222520828,0.0025618162471801043,0.33458012342453003,0.11616896092891693,0.013452744111418724
C:\Projects\TM470\data\processed\test\Lactarius\0100_VP4M5qp5Xuw.jpg,Lactarius/0100_VP4M5qp5Xuw.jpg,Lactarius,Russula,False,0.7000603675842285,0.0035757000005105,ResNet18,test,0.002859279280528426,0.0014507226878777146,0.0005511005292646587,0.00026818542391993105,0.009536714293062687,6.329589297138227e-08,0.000975350383669138,9.313646296504885e-05,0.28373220562934875,0.7000603675842285,0.0004727920168079436
C:\Projects\TM470\data\processed\test\Lactarius\0108_bkdZqadlJYM.jpg,Lactarius/0108_bkdZqadlJYM.jpg,Lactarius,Lactarius,True,0.3518601655960083,0.0036346999986562,ResNet18,test,0.0034572880249470472,0.08223868161439896,0.03768365830183029,0.01679449900984764,0.16419583559036255,0.00014958740212023258,0.11482115089893341,0.025146957486867905,0.3518601655960083,0.1512596756219864,0.05239247530698776
C:\Projects\TM470\data\processed\test\Lactarius\0117_LS-tLCqWBuQ.jpg,Lactarius/0117_LS-tLCqWBuQ.jpg,Lactarius,Inocybe,False,0.37706056237220764,0.0035508000000845,ResNet18,test,0.023868724703788757,0.11702913790941238,0.0005161262815818191,0.00416859146207571,0.2360706776380539,0.0007281973375938833,0.007755532395094633,0.37706056237220764,0.18308380246162415,0.03803422674536705,0.011684338562190533
C:\Projects\TM470\data\processed\test\Lactarius\0125_WOyBnDf1Lbs.jpg,Lactarius/0125_WOyBnDf1Lbs.jpg,Lactarius,Lactarius,True,0.3409081697463989,0.0035311999963596,ResNet18,test,0.0017344050575047731,0.013537272810935974,6.682249659206718e-05,0.023976044729351997,0.22782689332962036,0.00011422135139582679,0.2045072317123413,0.11923424154520035,0.3409081697463989,0.05453960970044136,0.01355510763823986
C:\Projects\TM470\data\processed\test\Lactarius\0147_ZAySZ3Wkn8k.jpg,Lactarius/0147_ZAySZ3Wkn8k.jpg,Lactarius,Lactarius,True,0.4901130199432373,0.003833199996734,ResNet18,test,0.0002925410808529705,0.019667206332087517,0.0003717198851518333,0.014176541939377785,0.0015921294689178467,5.3506468589148426e-08,0.29707735776901245,0.00044090361916460097,0.4901130199432373,0.15099522471427917,0.025273296982049942
C:\Projects\TM470\data\processed\test\Lactarius\0156_xCwDrPY72us.jpg,Lactarius/0156_xCwDrPY72us.jpg,Lactarius,Russula,False,0.6181967258453369,0.0043976000015391,ResNet18,test,0.060795173048973083,0.08858779072761536,0.011118380352854729,0.04954618215560913,0.032507285475730896,0.005301349330693483,0.0016469883266836405,0.0413411483168602,0.08104044198989868,0.6181967258453369,0.009918535128235817
C:\Projects\TM470\data\processed\test\Lactarius\0174_S-0siMhJtoc.jpg,Lactarius/0174_S-0siMhJtoc.jpg,Lactarius,Russula,False,0.7804456353187561,0.003616800007876,ResNet18,test,0.01358718704432249,0.022474393248558044,0.0014078296953812242,0.0012545426143333316,0.011706947349011898,4.970391273673158e-06,0.020465007051825523,0.0012570491526275873,0.14575062692165375,0.7804456353187561,0.001645817537792027
C:\Projects\TM470\data\processed\test\Lactarius\0180_j-oei6bAdy0.jpg,Lactarius/0180_j-oei6bAdy0.jpg,Lactarius,Russula,False,0.7817062735557556,0.0039850000030128,ResNet18,test,0.08518080413341522,0.009210891090333462,0.004710855428129435,0.002194921486079693,0.023569481447339058,3.2513409564671747e-07,0.005124665331095457,5.9191483160248026e-05,0.08658555895090103,0.7817062735557556,0.0016571596497669816
C:\Projects\TM470\data\processed\test\Lactarius\0184_wNzoTeCzC5o.jpg,Lactarius/0184_wNzoTeCzC5o.jpg,Lactarius,Lactarius,True,0.4002537727355957,0.0043692000035662,ResNet18,test,0.007580615114420652,0.04453641176223755,0.01914939656853676,0.007830467075109482,0.2038421332836151,0.0004732516244985163,0.019095906987786293,0.005731421522796154,0.4002537727355957,0.2898161709308624,0.0016904096119105816
C:\Projects\TM470\data\processed\test\Lactarius\0188_QDGj1_inixA.jpg,Lactarius/0188_QDGj1_inixA.jpg,Lactarius,Russula,False,0.39025938510894775,0.0041433000005781,ResNet18,test,0.05680232122540474,0.10576829314231873,0.03855898603796959,0.023855313658714294,0.1274542212486267,0.017206061631441116,0.020087914541363716,0.04402218386530876,0.16504354774951935,0.39025938510894775,0.010941806249320507
C:\Projects\TM470\data\processed\test\Lactarius\0189_u2k3sXqag1M.jpg,Lactarius/0189_u2k3sXqag1M.jpg,Lactarius,Russula,False,0.4447682201862335,0.0035360000038053,ResNet18,test,0.027416318655014038,0.0408719927072525,0.0022434138227254152,0.000713775516487658,0.019088193774223328,2.2175656795297982e-06,0.01898091658949852,0.00036798964720219374,0.4439929723739624,0.4447682201862335,0.001554006477817893
C:\Projects\TM470\data\processed\test\Lactarius\0192_st28pxbylcw.jpg,Lactarius/0192_st28pxbylcw.jpg,Lactarius,Lactarius,True,0.2948058545589447,0.0035277999995741,ResNet18,test,0.21271929144859314,0.09646975249052048,0.08449990302324295,0.022198040038347244,0.09607905149459839,0.003970469813793898,0.005060822702944279,0.006424540653824806,0.2948058545589447,0.17469754815101624,0.003074712585657835
C:\Projects\TM470\data\processed\test\Lactarius\0202_gGw05EbUi_w.jpg,Lactarius/0202_gGw05EbUi_w.jpg,Lactarius,Entoloma,False,0.3551359176635742,0.0037083999923197,ResNet18,test,0.0321575365960598,0.007424244657158852,0.0004185970174148679,0.0018814101349562407,0.3551359176635742,2.1191481209825724e-06,0.005596946459263563,0.00023731152759864926,0.27793100476264954,0.3170480728149414,0.0021667974069714546
C:\Projects\TM470\data\processed\test\Lactarius\0204_PNAIMfY3CWk.jpg,Lactarius/0204_PNAIMfY3CWk.jpg,Lactarius,Entoloma,False,0.27176475524902344,0.0037747000023955,ResNet18,test,0.11997435986995697,0.0797591432929039,0.0013434105785563588,0.00671739224344492,0.27176475524902344,0.00019264958973508328,0.03578401729464531,0.00865684449672699,0.233697772026062,0.2381669580936432,0.003942710347473621
C:\Projects\TM470\data\processed\test\Lactarius\020_AhURHwS9I_c.jpg,Lactarius/020_AhURHwS9I_c.jpg,Lactarius,Lactarius,True,0.772826611995697,0.0039752000011503,ResNet18,test,0.00021810438192915171,0.0011836019111797214,0.0004088441492058337,0.14685960114002228,0.002025806112214923,0.00016714702360332012,0.0007554375915788114,0.009357612580060959,0.772826611995697,0.052996281534433365,0.013200998306274414
C:\Projects\TM470\data\processed\test\Lactarius\0211_a-wtZr6fOMw.jpg,Lactarius/0211_a-wtZr6fOMw.jpg,Lactarius,Lactarius,True,0.6626938581466675,0.0039173000113805,ResNet18,test,0.0030556460842490196,0.000899628852494061,0.02159132994711399,0.009179146960377693,0.0013365230988711119,1.917425379360793e-06,0.00021345431741792709,0.0034610049333423376,0.6626938581466675,0.1970067024230957,0.10056085884571075
C:\Projects\TM470\data\processed\test\Lactarius\0212_6r0AFhCvTk4.jpg,Lactarius/0212_6r0AFhCvTk4.jpg,Lactarius,Lactarius,True,0.5804786682128906,0.0043766000017058,ResNet18,test,0.038465190678834915,0.07167099416255951,0.02244238741695881,0.014971454627811909,0.03319176286458969,0.0018857597606256604,0.014955835416913033,0.025710055604577065,0.5804786682128906,0.1948501169681549,0.0013777310959994793
C:\Projects\TM470\data\processed\test\Lactarius\0222_JO5jLmkfAw0.jpg,Lactarius/0222_JO5jLmkfAw0.jpg,Lactarius,Russula,False,0.603232741355896,0.0038538999942829,ResNet18,test,0.056852176785469055,0.026100682094693184,0.018568849191069603,0.010270831175148487,0.012000110931694508,2.0525681975414045e-05,0.0036297922488301992,0.002411649329587817,0.2237379252910614,0.603232741355896,0.04317477345466614
C:\Projects\TM470\data\processed\test\Lactarius\0224_XrApvIigcOQ.jpg,Lactarius/0224_XrApvIigcOQ.jpg,Lactarius,Russula,False,0.8017146587371826,0.0061193000001367,ResNet18,test,0.0099253598600626,0.0013154068728908896,0.005263772793114185,0.00881108921021223,0.0012372711207717657,2.246345320600085e-05,0.0005766359390690923,0.004770084749907255,0.16371537744998932,0.8017146587371826,0.002647918649017811
C:\Projects\TM470\data\processed\test\Lactarius\0228_HknGOROG6Cs.jpg,Lactarius/0228_HknGOROG6Cs.jpg,Lactarius,Lactarius,True,0.31551593542099,0.0052303999982541,ResNet18,test,0.25397148728370667,0.01569993421435356,0.1458931714296341,0.06805531680583954,0.06539749354124069,0.007205954287201166,0.008982677012681961,0.046940118074417114,0.31551593542099,0.03366830572485924,0.038669563829898834
C:\Projects\TM470\data\processed\test\Lactarius\0233_YNlSVzp0Kjo.jpg,Lactarius/0233_YNlSVzp0Kjo.jpg,Lactarius,Inocybe,False,0.33145442605018616,0.0036168999940855,ResNet18,test,0.03805224224925041,0.027821265161037445,0.018721554428339005,0.10914237052202225,0.019266599789261818,0.0018034048844128847,0.025505173951387405,0.33145442605018616,0.13297531008720398,0.2649557888507843,0.030301857739686966
C:\Projects\TM470\data\processed\test\Lactarius\0237_zZdLcl0mkD0.jpg,Lactarius/0237_zZdLcl0mkD0.jpg,Lactarius,Lactarius,True,0.34559112787246704,0.0040145999955711,ResNet18,test,0.06919299811124802,0.037543974816799164,0.12068989127874374,0.024227678775787354,0.09747856110334396,0.0002209933882113546,0.0023089314345270395,0.005798799451440573,0.34559112787246704,0.27155783772468567,0.025389203801751137
C:\Projects\TM470\data\processed\test\Lactarius\0242_zOYn0DVnISo.jpg,Lactarius/0242_zOYn0DVnISo.jpg,Lactarius,Lactarius,True,0.6355183124542236,0.0037927999946987,ResNet18,test,0.008559740148484707,0.017257830128073692,0.01806657575070858,0.02079547382891178,0.11887972801923752,0.0002458655508235097,0.01055519562214613,0.02179342694580555,0.6355183124542236,0.1264168620109558,0.021911000832915306
C:\Projects\TM470\data\processed\test\Lactarius\0251_wz4ikkhjBU8.jpg,Lactarius/0251_wz4ikkhjBU8.jpg,Lactarius,Lactarius,True,0.5320185422897339,0.0036953000089852,ResNet18,test,0.007134473416954279,0.025639496743679047,0.14178207516670227,0.05912594124674797,0.02045849710702896,0.0005355668836273253,0.012133104726672173,0.0862811878323555,0.5320185422897339,0.09063517302274704,0.024255890399217606
C:\Projects\TM470\data\processed\test\Lactarius\0256_AfKj-CzsmLI.jpg,Lactarius/0256_AfKj-CzsmLI.jpg,Lactarius,Lactarius,True,0.7278500199317932,0.0033867000020109,ResNet18,test,0.0008350695134140551,0.004658634774386883,0.0015289466828107834,0.02626524120569229,0.001984291709959507,5.119535489939153e-05,0.05247919261455536,0.07773452997207642,0.7278500199317932,0.05478530004620552,0.051827672868967056
C:\Projects\TM470\data\processed\test\Lactarius\025_8bHMwyrm1xE.jpg,Lactarius/025_8bHMwyrm1xE.jpg,Lactarius,Lactarius,True,0.691218912601471,0.0036252999998396,ResNet18,test,0.00047885565436445177,0.007413927931338549,0.00043365921010263264,0.07172439247369766,0.007186791859567165,3.767550879274495e-05,0.1019643247127533,0.016872385516762733,0.691218912601471,0.015049091540277004,0.08761995285749435
C:\Projects\TM470\data\processed\test\Lactarius\0261_pUdRYRMfy7c.jpg,Lactarius/0261_pUdRYRMfy7c.jpg,Lactarius,Lactarius,True,0.8863985538482666,0.0040586000104667,ResNet18,test,7.276990072568879e-05,0.0002787928096950054,0.008390831761062145,0.01782652921974659,0.00022195778728928417,9.127080602411297e-08,0.00041301967576146126,0.0005183021421544254,0.8863985538482666,0.06494691967964172,0.020932186394929886
C:\Projects\TM470\data\processed\test\Lactarius\0264_9xkZs2wAZRQ.jpg,Lactarius/0264_9xkZs2wAZRQ.jpg,Lactarius,Amanita,False,0.40680551528930664,0.0040025000052992,ResNet18,test,0.2279263138771057,0.40680551528930664,0.010407617315649986,0.014675519429147243,0.033752791583538055,0.0019229514291509986,0.0065375762060284615,0.08145011216402054,0.09736081212759018,0.10919501632452011,0.009965761564671993
C:\Projects\TM470\data\processed\test\Lactarius\0270_1nWaT7nSeDE.jpg,Lactarius/0270_1nWaT7nSeDE.jpg,Lactarius,Russula,False,0.6700105667114258,0.003514099997119,ResNet18,test,0.006815674714744091,0.0028136558830738068,0.0003927569487132132,0.019052542746067047,0.009304530918598175,3.5626346743811155e-06,0.0037671278696507215,0.0006547229131683707,0.2660454213619232,0.6700105667114258,0.021139442920684814
C:\Projects\TM470\data\processed\test\Lactarius\0271_kYpV1APLO9s.jpg,Lactarius/0271_kYpV1APLO9s.jpg,Lactarius,Inocybe,False,0.6491055488586426,0.0034769999911077,ResNet18,test,0.015027797780930996,0.055232685059309006,0.05042511969804764,0.026300186291337013,0.019871756434440613,0.012668524868786335,0.008718648925423622,0.6491055488586426,0.020916666835546494,0.0590459443628788,0.082687146961689
C:\Projects\TM470\data\processed\test\Lactarius\0275_akjCXeShyUw.jpg,Lactarius/0275_akjCXeShyUw.jpg,Lactarius,Russula,False,0.5353882908821106,0.0034655000054044,ResNet18,test,0.0030349274165928364,0.01477152667939663,0.0020103203132748604,0.0007878942415118217,0.01132647693157196,1.7290390132984612e-06,0.0024070104118436575,0.003755835583433509,0.4201192855834961,0.5353882908821106,0.006396726239472628
C:\Projects\TM470\data\processed\test\Lactarius\0290_KNGFGvBuZbU.jpg,Lactarius/0290_KNGFGvBuZbU.jpg,Lactarius,Russula,False,0.8052159547805786,0.0038547000003745,ResNet18,test,0.012926381081342697,0.01450340822339058,8.914942009141669e-05,0.0008934377110563219,0.04161364212632179,2.1476396341313375e-06,0.01216344814747572,0.00037039825110696256,0.11140868067741394,0.8052159547805786,0.0008134300587698817
C:\Projects\TM470\data\processed\test\Lactarius\0307_MA7GubKH4ZM.jpg,Lactarius/0307_MA7GubKH4ZM.jpg,Lactarius,Russula,False,0.5483423471450806,0.0037720999971497,ResNet18,test,0.06036023795604706,0.025618096813559532,0.010428701527416706,0.05896081402897835,0.019539542496204376,0.0015691545559093356,0.004587762523442507,0.018613578751683235,0.21313469111919403,0.5483423471450806,0.03884510695934296
C:\Projects\TM470\data\processed\test\Lactarius\0313_CWX_V7CeQM4.jpg,Lactarius/0313_CWX_V7CeQM4.jpg,Lactarius,Russula,False,0.28528910875320435,0.0037963000067975,ResNet18,test,0.10543248057365417,0.14304329454898834,0.0344761461019516,0.007791494019329548,0.17592930793762207,1.6808893633424304e-05,0.015643447637557983,0.004735192283987999,0.21563132107257843,0.28528910875320435,0.012011378072202206
C:\Projects\TM470\data\processed\test\Lactarius\0322_2UpHsEF5Mzs.jpg,Lactarius/0322_2UpHsEF5Mzs.jpg,Lactarius,Russula,False,0.7304795980453491,0.0035771999973803,ResNet18,test,0.022289233282208443,0.032372113317251205,0.006939617916941643,0.002342936582863331,0.019869431853294373,3.6116000501351664e-07,0.0014273134293034673,0.00017715654394123703,0.17820188403129578,0.7304795980453491,0.005900354590266943
C:\Projects\TM470\data\processed\test\Lactarius\0325_lAq1Din489Y.jpg,Lactarius/0325_lAq1Din489Y.jpg,Lactarius,Lactarius,True,0.3757140636444092,0.0035708999930648,ResNet18,test,0.09357883781194687,0.20754139125347137,0.004582512658089399,0.007052402477711439,0.16852504014968872,0.0007395060383714736,0.034040991216897964,0.03061710298061371,0.3757140636444092,0.07522200047969818,0.0023861052468419075
C:\Projects\TM470\data\processed\test\Lactarius\0328_8IPggG6t9VY.jpg,Lactarius/0328_8IPggG6t9VY.jpg,Lactarius,Agaricus,False,0.34645745158195496,0.0039523000014014,ResNet18,test,0.34645745158195496,0.20631811022758484,0.0010411664843559265,0.002920336788520217,0.02095542848110199,9.562265859131003e-07,0.014271077699959278,0.007766487076878548,0.09974606335163116,0.2931980788707733,0.007324800360947847
C:\Projects\TM470\data\processed\test\Lactarius\0335_dVTfQmjMltw.jpg,Lactarius/0335_dVTfQmjMltw.jpg,Lactarius,Lactarius,True,0.3703596591949463,0.0036152999964542,ResNet18,test,0.1213889792561531,0.08188887685537338,0.0004843008646275848,0.004997710231691599,0.16499283909797668,0.0003527919761836529,0.04944530501961708,0.06309222429990768,0.3703596591949463,0.14243507385253906,0.0005622330354526639
C:\Projects\TM470\data\processed\test\Lactarius\0340_0gzvFhGVf5M.jpg,Lactarius/0340_0gzvFhGVf5M.jpg,Lactarius,Amanita,False,0.4142839312553406,0.0036577999999281,ResNet18,test,0.14927397668361664,0.4142839312553406,0.013460390269756317,0.0028427867218852043,0.0220789834856987,2.857295112335123e-05,0.012837392278015614,0.000664127932395786,0.128780797123909,0.2530013620853424,0.002747677033767104
C:\Projects\TM470\data\processed\test\Lactarius\0348_OWdZuiQh9xc.jpg,Lactarius/0348_OWdZuiQh9xc.jpg,Lactarius,Lactarius,True,0.5100205540657043,0.0038610999908996,ResNet18,test,0.006412642076611519,0.04614255204796791,0.019476961344480515,0.08353601396083832,0.03404069319367409,8.421528764301911e-05,0.0436120443046093,0.02442469634115696,0.5100205540657043,0.12352360039949417,0.10872606188058853
C:\Projects\TM470\data\processed\test\Lactarius\0356_gTCmsPnWyO4.jpg,Lactarius/0356_gTCmsPnWyO4.jpg,Lactarius,Russula,False,0.21613328158855438,0.0035950000019511,ResNet18,test,0.12167085707187653,0.08336678147315979,0.1971738338470459,0.014323762618005276,0.031292080879211426,6.197877519298345e-05,0.0038068832363933325,0.03794921189546585,0.16087128221988678,0.21613328158855438,0.13335001468658447
C:\Projects\TM470\data\processed\test\Lactarius\0360_Bfw8PtjOZoI.jpg,Lactarius/0360_Bfw8PtjOZoI.jpg,Lactarius,Russula,False,0.507745087146759,0.0038119000091683,ResNet18,test,0.016711199656128883,0.01608731783926487,0.014399318024516106,0.017236528918147087,0.006299112923443317,4.3045343772973865e-05,0.012119515798985958,0.003336967434734106,0.34431684017181396,0.507745087146759,0.06170514598488808
C:\Projects\TM470\data\processed\test\Lactarius\036_Tku_ku-u_WQ.jpg,Lactarius/036_Tku_ku-u_WQ.jpg,Lactarius,Lactarius,True,0.8585231900215149,0.003486999994493,ResNet18,test,0.0004920390783809125,0.0001343006588285789,5.334347588359378e-05,0.003290492109954357,0.0004160315729677677,2.169994850476087e-09,0.00854441151022911,1.6147794667631388e-05,0.8585231900215149,0.10987529158592224,0.018654685467481613
C:\Projects\TM470\data\processed\test\Lactarius\0375_E_5sHNAa0DU.jpg,Lactarius/0375_E_5sHNAa0DU.jpg,Lactarius,Entoloma,False,0.4056946635246277,0.0040176000038627,ResNet18,test,0.07388076186180115,0.060587234795093536,0.021189985796809196,0.051175687462091446,0.4056946635246277,0.035468269139528275,0.017015205696225166,0.06702779233455658,0.1977008581161499,0.023630142211914062,0.046629399061203
C:\Projects\TM470\data\processed\test\Lactarius\0385_zeoDavzC8Ec.jpg,Lactarius/0385_zeoDavzC8Ec.jpg,Lactarius,Boletus,False,0.8678192496299744,0.0035758999874815,ResNet18,test,0.0017916200449690223,0.019826088100671768,0.8678192496299744,0.011991728097200394,0.000412810652051121,7.377035217359662e-05,0.003478491213172674,0.01746605895459652,0.03393371030688286,0.011432474479079247,0.0317741259932518
C:\Projects\TM470\data\processed\test\Lactarius\0405_XQ5FsiWx3Sc.jpg,Lactarius/0405_XQ5FsiWx3Sc.jpg,Lactarius,Russula,False,0.7927172183990479,0.0035548000014387,ResNet18,test,0.0028621519450098276,0.0037677285727113485,2.2144145077618305e-06,0.0081365080550313,0.0047917491756379604,1.7523309452371905e-06,0.03648960217833519,0.025579914450645447,0.11614680290222168,0.7927172183990479,0.009504417888820171
C:\Projects\TM470\data\processed\test\Lactarius\0422_5SNHMw4kUg4.jpg,Lactarius/0422_5SNHMw4kUg4.jpg,Lactarius,Russula,False,0.492092490196228,0.0039164000045275,ResNet18,test,0.004333712626248598,0.04340890422463417,0.0010569108417257667,0.01234239712357521,0.0748259648680687,0.00037695563514716923,0.009831666015088558,0.060780491679906845,0.2973094582557678,0.492092490196228,0.0036411439068615437
C:\Projects\TM470\data\processed\test\Lactarius\0436_3AJoqSsMCPY.jpg,Lactarius/0436_3AJoqSsMCPY.jpg,Lactarius,Russula,False,0.798028826713562,0.0037518999888561,ResNet18,test,0.0035297945141792297,0.00209046876989305,0.000471652252599597,0.009095363318920135,0.0008174502872861922,3.214699245290831e-05,0.0007225975277833641,0.010999005287885666,0.16822901368141174,0.798028826713562,0.005983677692711353
C:\Projects\TM470\data\processed\test\Lactarius\0438_7Qg0kxIGbd4.jpg,Lactarius/0438_7Qg0kxIGbd4.jpg,Lactarius,Lactarius,True,0.563866138458252,0.0036570000083884,ResNet18,test,0.003363750409334898,0.003522891318425536,2.7621683329925872e-05,0.02014676108956337,0.030549611896276474,1.7637754581301124e-06,0.17595632374286652,0.021054476499557495,0.563866138458252,0.1367163360118866,0.044794339686632156
C:\Projects\TM470\data\processed\test\Lactarius\043_JIiImC3i_NQ.jpg,Lactarius/043_JIiImC3i_NQ.jpg,Lactarius,Lactarius,True,0.738557755947113,0.0036524000024655,ResNet18,test,0.001041367999278009,0.000956071016844362,0.027729924768209457,0.12568044662475586,0.00047385378275066614,9.194145968649536e-05,0.0014514265349134803,0.016200270503759384,0.738557755947113,0.010489506646990776,0.07732734829187393
C:\Projects\TM470\data\processed\test\Lactarius\0462_t7WHbpJLnZA.jpg,Lactarius/0462_t7WHbpJLnZA.jpg,Lactarius,Lactarius,True,0.3325393497943878,0.0035282000026199,ResNet18,test,0.23793090879917145,0.06400294601917267,0.011413877829909325,0.005127063952386379,0.09196099638938904,0.0005078804679214954,0.02503226324915886,0.0008715613512322307,0.3325393497943878,0.22851388156414032,0.0020993424113839865
C:\Projects\TM470\data\processed\test\Lactarius\0473_FeKBXttVCwg.jpg,Lactarius/0473_FeKBXttVCwg.jpg,Lactarius,Russula,False,0.860668420791626,0.004025600006571,ResNet18,test,0.05230877548456192,0.011793996207416058,0.007872140035033226,0.0006658011698164046,0.0012193376896902919,1.2342939044174273e-06,0.0007295385585166514,0.0002713074500206858,0.0631924718618393,0.860668420791626,0.0012768657179549336
C:\Projects\TM470\data\processed\test\Lactarius\0488_l_gNg2GDLEk.jpg,Lactarius/0488_l_gNg2GDLEk.jpg,Lactarius,Amanita,False,0.28165096044540405,0.0061485999904107,ResNet18,test,0.08290936797857285,0.28165096044540405,0.007274337578564882,0.019409161061048508,0.05338529124855995,0.00047407616511918604,0.02404232695698738,0.2704770267009735,0.08760858327150345,0.162567138671875,0.010201714001595974
C:\Projects\TM470\data\processed\test\Lactarius\0489_6GuHfi0wmko.jpg,Lactarius/0489_6GuHfi0wmko.jpg,Lactarius,Exidia,False,0.23853401839733124,0.0039298000046983,ResNet18,test,0.02927248552441597,0.08872213214635849,0.12423369288444519,0.06395673751831055,0.009898035787045956,0.23853401839733124,0.005280719604343176,0.2333138883113861,0.1382245421409607,0.05147285386919975,0.017090843990445137
C:\Projects\TM470\data\processed\test\Lactarius\0499_MWZEqXbgfwc.jpg,Lactarius/0499_MWZEqXbgfwc.jpg,Lactarius,Lactarius,True,0.7654778361320496,0.0036258999898564,ResNet18,test,0.008276350796222687,0.0019136524060741067,4.391934635350481e-05,0.0013728364137932658,0.023279355838894844,8.498852821503533e-08,0.09602618217468262,0.0002608686045277864,0.7654778361320496,0.0925532877445221,0.010795656591653824
C:\Projects\TM470\data\processed\test\Lactarius\0512_Sot3apiP2eQ.jpg,Lactarius/0512_Sot3apiP2eQ.jpg,Lactarius,Russula,False,0.6807761192321777,0.0036007000016979,ResNet18,test,0.02923237718641758,0.011520671658217907,0.015797268599271774,0.0018290959997102618,0.0028612229507416487,4.1588580756979354e-07,0.0013644417049363256,0.0011509754694998264,0.2486289143562317,0.6807761192321777,0.006838454399257898
C:\Projects\TM470\data\processed\test\Lactarius\0526_O8CTOvfgWXg.jpg,Lactarius/0526_O8CTOvfgWXg.jpg,Lactarius,Entoloma,False,0.16465671360492706,0.0036973999958718,ResNet18,test,0.06473276764154434,0.08790192753076553,0.14070847630500793,0.1047138124704361,0.16465671360492706,0.016726220026612282,0.02449146658182144,0.09758123010396957,0.1600058376789093,0.05278056859970093,0.08570098876953125
C:\Projects\TM470\data\processed\test\Lactarius\0532_7BfGW7kGfzM.jpg,Lactarius/0532_7BfGW7kGfzM.jpg,Lactarius,Lactarius,True,0.6081007122993469,0.0035967000003438,ResNet18,test,0.024843668565154076,0.012136317789554596,0.007952888496220112,0.010157929733395576,0.04414089396595955,3.4619874895724934e-06,0.015141937881708145,0.003133289283141494,0.6081007122993469,0.22735607624053955,0.04703282192349434
C:\Projects\TM470\data\processed\test\Lactarius\0537_q78Py0hHqVc.jpg,Lactarius/0537_q78Py0hHqVc.jpg,Lactarius,Lactarius,True,0.498117059469223,0.0039881999982753,ResNet18,test,0.0010960210347548127,0.000977816991508007,0.00548939174041152,0.04683474823832512,0.00019790780788753182,3.2124708582159656e-07,0.009002281352877617,0.004494888242334127,0.498117059469223,0.3400120437145233,0.09377758949995041
C:\Projects\TM470\data\processed\test\Lactarius\0545_ewwuwHvRvLc.jpg,Lactarius/0545_ewwuwHvRvLc.jpg,Lactarius,Suillus,False,0.36424508690834045,0.003861200006213,ResNet18,test,0.002054212149232626,0.0018287744605913758,0.07660701125860214,0.02257155440747738,0.00019259053806308657,2.499497713870369e-05,0.0001446982496418059,0.13765457272529602,0.35776227712631226,0.036914173513650894,0.36424508690834045
C:\Projects\TM470\data\processed\test\Lactarius\056_9JgBES16B_4.jpg,Lactarius/056_9JgBES16B_4.jpg,Lactarius,Lactarius,True,0.891238272190094,0.0036802999966312,ResNet18,test,1.6436764781246893e-05,1.6446439985884354e-05,0.0001893290609586984,0.013003203086555004,7.51309471525019e-06,2.869513515690869e-09,0.0001426483504474163,2.925853186752647e-05,0.891238272190094,0.09061727672815323,0.004739523399621248
C:\Projects\TM470\data\processed\test\Lactarius\0571_3sjlFMXpK_0.jpg,Lactarius/0571_3sjlFMXpK_0.jpg,Lactarius,Hygrocybe,False,0.26608142256736755,0.00371200000518,ResNet18,test,0.02889447659254074,0.03905000165104866,0.005420714151114225,0.13135571777820587,0.0728936567902565,4.6199955249903724e-05,0.26608142256736755,0.09346377849578857,0.16864298284053802,0.16634923219680786,0.02780180051922798
C:\Projects\TM470\data\processed\test\Lactarius\0576_5wNWaAeW6vo.jpg,Lactarius/0576_5wNWaAeW6vo.jpg,Lactarius,Russula,False,0.988330602645874,0.0039494000084232,ResNet18,test,0.0019978221971541643,0.0003269367734901607,0.00024529555230401456,0.0011446344433352351,0.0008521826821379364,2.420996167984413e-07,0.00022096812608651817,6.938133446965367e-05,0.006602182984352112,0.988330602645874,0.00020974180370103568
C:\Projects\TM470\data\processed\test\Lactarius\0596_ROVmIKr9KjA.jpg,Lactarius/0596_ROVmIKr9KjA.jpg,Lactarius,Inocybe,False,0.3668988049030304,0.0038502999959746,ResNet18,test,0.025154149159789085,0.015927517786622047,0.035050053149461746,0.03623029962182045,0.04777761176228523,0.11167159676551819,0.0032957089133560658,0.3668988049030304,0.26667267084121704,0.02328302711248398,0.06803856790065765
C:\Projects\TM470\data\processed\test\Lactarius\0612_qfZxbbQUJ2o.jpg,Lactarius/0612_qfZxbbQUJ2o.jpg,Lactarius,Russula,False,0.930861234664917,0.0036969000066164,ResNet18,test,0.012488700449466705,0.0027732292655855417,0.0031770605128258467,0.025815369561314583,0.0001472971634939313,1.8151473568650545e-07,0.000115678965812549,0.00016894470900297165,0.01915266364812851,0.930861234664917,0.005299614742398262
C:\Projects\TM470\data\processed\test\Lactarius\0615_R0G-yDrCQ6U.jpg,Lactarius/0615_R0G-yDrCQ6U.jpg,Lactarius,Russula,False,0.8558786511421204,0.0035839999909512,ResNet18,test,0.011844716034829617,0.030795972794294357,0.0005394968902692199,0.007598013151437044,0.024748845025897026,7.753304089419544e-06,0.019399596378207207,0.0011905331630259752,0.043552692979574203,0.8558786511421204,0.004443745594471693
C:\Projects\TM470\data\processed\test\Lactarius\061_KShq81HACXk.jpg,Lactarius/061_KShq81HACXk.jpg,Lactarius,Russula,False,0.7069538831710815,0.0034764000010909,ResNet18,test,0.0007246874156408012,0.0019903937354683876,0.002173573011532426,0.015845458954572678,0.0013536877231672406,5.416973181127105e-08,0.014940964989364147,0.0010112208547070622,0.2371443659067154,0.7069538831710815,0.017861617729067802
C:\Projects\TM470\data\processed\test\Lactarius\0628_7XDugUX8ezg.jpg,Lactarius/0628_7XDugUX8ezg.jpg,Lactarius,Amanita,False,0.2660619020462036,0.00392180000199,ResNet18,test,0.029415782541036606,0.2660619020462036,0.015652434900403023,0.023798540234565735,0.2217283397912979,0.0046143438667058945,0.03114774450659752,0.016761353239417076,0.14406807720661163,0.2309475839138031,0.015803910791873932
C:\Projects\TM470\data\processed\test\Lactarius\0630_3idJVXnrBF4.jpg,Lactarius/0630_3idJVXnrBF4.jpg,Lactarius,Russula,False,0.20035076141357422,0.003522700004396,ResNet18,test,0.09549282491207123,0.16248613595962524,0.06357989460229874,0.043767768889665604,0.17965936660766602,0.004577362909913063,0.022796979174017906,0.059529438614845276,0.1435672789812088,0.20035076141357422,0.024192174896597862
C:\Projects\TM470\data\processed\test\Lactarius\0645_Z6spVFbiuEY.jpg,Lactarius/0645_Z6spVFbiuEY.jpg,Lactarius,Russula,False,0.7682543992996216,0.0038345999928424,ResNet18,test,0.04308731481432915,0.06761565059423447,0.0004284230526536703,0.0021091201342642307,0.005512567702680826,2.078395482385531e-06,0.004985642619431019,0.009905281476676464,0.09265312552452087,0.7682543992996216,0.005446370225399733
C:\Projects\TM470\data\processed\test\Lactarius\0649_uwl8etw5T-s.jpg,Lactarius/0649_uwl8etw5T-s.jpg,Lactarius,Agaricus,False,0.3172895908355713,0.0036323999956948,ResNet18,test,0.3172895908355713,0.03733813017606735,0.02501167170703411,0.010145324282348156,0.006667513865977526,5.9253303334116936e-05,0.008069537580013275,0.011472058482468128,0.27490898966789246,0.2948310375213623,0.01420682854950428
C:\Projects\TM470\data\processed\test\Lactarius\0651_vzBdVntLr8c.jpg,Lactarius/0651_vzBdVntLr8c.jpg,Lactarius,Russula,False,0.32300907373428345,0.0035152999917045,ResNet18,test,0.11370796710252762,0.026693973690271378,0.06392807513475418,0.0948583334684372,0.009342365898191929,0.0002218608424300328,0.0044790529645979404,0.06772643327713013,0.25369811058044434,0.32300907373428345,0.042334701865911484
C:\Projects\TM470\data\processed\test\Lactarius\0664_vTIkNBMlgC0.jpg,Lactarius/0664_vTIkNBMlgC0.jpg,Lactarius,Inocybe,False,0.24783945083618164,0.004045199995744,ResNet18,test,0.014413293451070786,0.1522839367389679,0.1546422243118286,0.042580217123031616,0.02770846150815487,0.05183903127908707,0.0034157931804656982,0.24783945083618164,0.24664345383644104,0.042525798082351685,0.016108399257063866
C:\Projects\TM470\data\processed\test\Lactarius\0670_V1ZK2sFc-Ro.jpg,Lactarius/0670_V1ZK2sFc-Ro.jpg,Lactarius,Lactarius,True,0.8025373220443726,0.0037420000007841,ResNet18,test,0.0016808288637548685,0.001234659575857222,0.00019940595666412264,0.0068555776961147785,0.00040308875031769276,5.321714411365974e-07,0.003333449363708496,0.0010139797814190388,0.8025373220443726,0.13806182146072388,0.04467930272221565
C:\Projects\TM470\data\processed\test\Lactarius\0672_VwMevK3GQmI.jpg,Lactarius/0672_VwMevK3GQmI.jpg,Lactarius,Russula,False,0.486948698759079,0.0041659999988041,ResNet18,test,0.08255565911531448,0.09163732826709747,0.005499569699168205,0.020677542313933372,0.12805388867855072,1.7751446648617275e-05,0.03172077238559723,0.008129673078656197,0.12420615553855896,0.486948698759079,0.020552927628159523
C:\Projects\TM470\data\processed\test\Lactarius\0674_jfw03-JCIg4.jpg,Lactarius/0674_jfw03-JCIg4.jpg,Lactarius,Lactarius,True,0.6506356596946716,0.0039055999950505,ResNet18,test,0.0007759996806271374,0.0008191196830011904,0.000245301314862445,0.005605001002550125,0.0021021931897848845,1.6185585991479456e-06,0.0008256955770775676,0.0010834659915417433,0.6506356596946716,0.3246178925037384,0.013288037851452827
C:\Projects\TM470\data\processed\test\Lactarius\0675_t0wBJuQaX1I.jpg,Lactarius/0675_t0wBJuQaX1I.jpg,Lactarius,Russula,False,0.8057302832603455,0.0036232999991625,ResNet18,test,0.001922972034662962,0.0016607209108769894,0.00033221777994185686,0.0031085629016160965,0.00038602054701186717,1.0202838893746957e-05,0.00029827008256688714,0.001364545663818717,0.1803320199251175,0.8057302832603455,0.004854279570281506
C:\Projects\TM470\data\processed\test\Lactarius\0680_9iK0lHxdnbE.jpg,Lactarius/0680_9iK0lHxdnbE.jpg,Lactarius,Russula,False,0.870143711566925,0.003734899990377,ResNet18,test,0.017673492431640625,0.007467139977961779,0.0025085865054279566,0.008596670813858509,0.005643280688673258,2.5935296434909105e-05,0.0039007137529551983,0.0034930077381432056,0.07862304896116257,0.870143711566925,0.001924474025145173
C:\Projects\TM470\data\processed\test\Lactarius\069_WjmaRv5colU.jpg,Lactarius/069_WjmaRv5colU.jpg,Lactarius,Russula,False,0.6867197155952454,0.003703200010932,ResNet18,test,0.00029529345920309424,6.664101965725422e-05,0.0006588642136193812,0.0011426301207393408,0.0002070713962893933,1.45657674810451e-09,0.000179787864908576,7.960189577715937e-06,0.3090011775493622,0.6867197155952454,0.0017208380158990622
C:\Projects\TM470\data\processed\test\Lactarius\0704_ylcLIXgu01w.jpg,Lactarius/0704_ylcLIXgu01w.jpg,Lactarius,Russula,False,0.4577350914478302,0.0036764999967999,ResNet18,test,0.009134531952440739,0.01738225668668747,0.010473623871803284,0.017224939540028572,0.018803928047418594,1.8451446521794423e-05,0.002551449229940772,0.058524634689092636,0.3807313144207001,0.4577350914478302,0.027419811114668846
C:\Projects\TM470\data\processed\test\Lactarius\0706_5KiNR80hz8c.jpg,Lactarius/0706_5KiNR80hz8c.jpg,Lactarius,Lactarius,True,0.26595649123191833,0.0042281000060029,ResNet18,test,0.006480040028691292,0.1853477507829666,0.000265579205006361,0.005666035693138838,0.18248865008354187,4.837027154280804e-05,0.2159116566181183,0.0323684886097908,0.26595649123191833,0.10356219112873077,0.0019047078676521778
C:\Projects\TM470\data\processed\test\Lactarius\0709_rGbRBgcO1Bo.jpg,Lactarius/0709_rGbRBgcO1Bo.jpg,Lactarius,Cortinarius,False,0.3304796814918518,0.0036962000012863,ResNet18,test,0.006244978867471218,0.015132171101868153,0.00526159955188632,0.3304796814918518,0.14905144274234772,0.00010479109187144786,0.06618158519268036,0.015711314976215363,0.11118755489587784,0.2914658188819885,0.009179014712572098
C:\Projects\TM470\data\processed\test\Lactarius\0716_XAFN8ZsH8Oc.jpg,Lactarius/0716_XAFN8ZsH8Oc.jpg,Lactarius,Lactarius,True,0.9163333177566528,0.0035867999977199,ResNet18,test,3.6324152461020276e-05,9.935411799233407e-05,0.0005417971988208592,0.0019049758557230234,1.0481007848284207e-05,2.0599452810188268e-08,0.0021888038609176874,0.0011755554005503654,0.9163333177566528,0.013288934715092182,0.06442033499479294
C:\Projects\TM470\data\processed\test\Lactarius\0734_NI0Ax90MD5c.jpg,Lactarius/0734_NI0Ax90MD5c.jpg,Lactarius,Russula,False,0.5140640735626221,0.0034448000078555,ResNet18,test,0.0019381038146093488,0.0003885732439812273,0.00031117640901356936,0.002950902795419097,0.0008006161660887301,1.0427784857824918e-08,0.0009689308353699744,1.7962449419428594e-05,0.46576812863349915,0.5140640735626221,0.012791472487151623
C:\Projects\TM470\data\processed\test\Lactarius\0736_aLqBxhhsMow.jpg,Lactarius/0736_aLqBxhhsMow.jpg,Lactarius,Russula,False,0.7590404748916626,0.0035980999964522,ResNet18,test,0.00249268370680511,0.0009303191909566522,0.0033060379792004824,0.0010574111947789788,0.005453053861856461,1.8256221778756299e-07,0.0007481496431864798,0.00023049884475767612,0.2244710773229599,0.7590404748916626,0.002270052907988429
C:\Projects\TM470\data\processed\test\Lactarius\0745_ey3D5LyzKTY.jpg,Lactarius/0745_ey3D5LyzKTY.jpg,Lactarius,Russula,False,0.5664225220680237,0.003541199999745,ResNet18,test,0.14670637249946594,0.005543552804738283,0.0006065107882022858,0.002792920218780637,0.015368624590337276,1.0992113885777144e-07,0.044692907482385635,0.0001225708838319406,0.19814066588878632,0.5664225220680237,0.01960320584475994
C:\Projects\TM470\data\processed\test\Lactarius\0747_adx1MMw58MI.jpg,Lactarius/0747_adx1MMw58MI.jpg,Lactarius,Lactarius,True,0.35164427757263184,0.0036877999955322,ResNet18,test,0.1273413896560669,0.121315136551857,0.013948125764727592,0.0036068186163902283,0.05344846844673157,0.00042197309085167944,0.004062401130795479,0.016987387090921402,0.35164427757263184,0.30487731099128723,0.0023466660641133785
C:\Projects\TM470\data\processed\test\Lactarius\0756_C1Ll5LZF_Cg.jpg,Lactarius/0756_C1Ll5LZF_Cg.jpg,Lactarius,Russula,False,0.33779099583625793,0.0035764999920502,ResNet18,test,0.07358060032129288,0.09545423835515976,0.09007596224546432,0.010042275302112103,0.14594358205795288,0.0001137248837039806,0.030133729800581932,0.002859352622181177,0.21034874022006989,0.33779099583625793,0.0036568487994372845
C:\Projects\TM470\data\processed\test\Lactarius\0757_3LeqE6pda1M.jpg,Lactarius/0757_3LeqE6pda1M.jpg,Lactarius,Russula,False,0.3630445599555969,0.0034855999983847,ResNet18,test,0.29642584919929504,0.05602223426103592,0.016051100566983223,0.0059113046154379845,0.004026539158076048,1.8108412547235275e-08,0.04411109536886215,0.00012177789903944358,0.15969379246234894,0.3630445599555969,0.0545918308198452
C:\Projects\TM470\data\processed\test\Lactarius\0759_oLEvM6Hhevs.jpg,Lactarius/0759_oLEvM6Hhevs.jpg,Lactarius,Lactarius,True,0.5858616232872009,0.0036966999905416,ResNet18,test,0.015193691477179527,0.002228706143796444,0.004464846570044756,0.0010930184507742524,0.016902238130569458,1.3741045634674265e-08,0.0013182595139369369,3.2345276849810034e-05,0.5858616232872009,0.34792566299438477,0.024979589506983757
C:\Projects\TM470\data\processed\test\Lactarius\0762_KnQg1QaWm0A.jpg,Lactarius/0762_KnQg1QaWm0A.jpg,Lactarius,Amanita,False,0.39045771956443787,0.0036012999917147,ResNet18,test,0.011617341078817844,0.39045771956443787,0.001091196434572339,0.011731736361980438,0.10794529318809509,0.001087928656488657,0.013505644164979458,0.08703358471393585,0.06857019662857056,0.30524030327796936,0.00171909318305552
C:\Projects\TM470\data\processed\test\Lactarius\0773_7sw6xICACRk.jpg,Lactarius/0773_7sw6xICACRk.jpg,Lactarius,Russula,False,0.637509822845459,0.0037407999916467,ResNet18,test,0.04080572351813316,0.015014929696917534,0.0032699587754905224,0.01054766122251749,0.09465307742357254,6.857310654595494e-05,0.0033717576880007982,0.0032035622280091047,0.1817873865365982,0.637509822845459,0.009767611511051655
C:\Projects\TM470\data\processed\test\Lactarius\0782_4hQQMaTQWEI.jpg,Lactarius/0782_4hQQMaTQWEI.jpg,Lactarius,Russula,False,0.9331451058387756,0.0040519000031054,ResNet18,test,0.02225290797650814,0.008947767317295074,0.001173607655800879,0.0025137329939752817,0.0068489923141896725,1.380624689772958e-05,0.00042237609159201384,0.00306194880977273,0.020244507119059563,0.9331451058387756,0.0013752900995314121
C:\Projects\TM470\data\processed\test\Lactarius\0788_pRAv0S0JJWw.jpg,Lactarius/0788_pRAv0S0JJWw.jpg,Lactarius,Russula,False,0.48102396726608276,0.0035413000005064,ResNet18,test,0.03160865977406502,0.39373594522476196,0.004119653254747391,0.0016997292404994369,0.004465557634830475,3.914426088158507e-06,0.010827907361090183,0.0011871642200276256,0.07037588953971863,0.48102396726608276,0.0009516216232441366
C:\Projects\TM470\data\processed\test\Lactarius\0789_YdasocklYzQ.jpg,Lactarius/0789_YdasocklYzQ.jpg,Lactarius,Amanita,False,0.49963298439979553,0.00401370000327,ResNet18,test,0.0757497251033783,0.49963298439979553,0.00021799284149892628,0.009692378342151642,0.0686059445142746,0.0007458856562152505,0.02099466882646084,0.2981835603713989,0.014269929379224777,0.009418702684342861,0.0024882557336241007
C:\Projects\TM470\data\processed\test\Lactarius\0793_0GzeXD2rqQY.jpg,Lactarius/0793_0GzeXD2rqQY.jpg,Lactarius,Russula,False,0.8262765407562256,0.0036399999953573,ResNet18,test,0.034031372517347336,0.08858196437358856,0.024821270257234573,0.0021701371297240257,0.0004680704150814563,4.615954367181985e-06,0.0005694772698916495,0.0003928960068151355,0.02253659814596176,0.8262765407562256,0.0001469796261517331
C:\Projects\TM470\data\processed\test\Lactarius\0794_rAh-SYlXfxI.jpg,Lactarius/0794_rAh-SYlXfxI.jpg,Lactarius,Inocybe,False,0.4885331690311432,0.0035852000000886,ResNet18,test,0.028891976922750473,0.020233364775776863,0.014940177090466022,0.07837308943271637,0.03882952034473419,0.014477119781076908,0.007446982432156801,0.4885331690311432,0.0847122073173523,0.219323068857193,0.004239273723214865
C:\Projects\TM470\data\processed\test\Lactarius\0805_zrH6_rVsSM8.jpg,Lactarius/0805_zrH6_rVsSM8.jpg,Lactarius,Russula,False,0.4400164783000946,0.0041767999937292,ResNet18,test,0.06708133965730667,0.06879857927560806,0.0035591775085777044,0.012597494758665562,0.1695863902568817,0.000368965178495273,0.05592411011457443,0.03394034504890442,0.14491452276706696,0.4400164783000946,0.003212572308257222
C:\Projects\TM470\data\processed\test\Lactarius\0809_nKVSQbfh_8Q.jpg,Lactarius/0809_nKVSQbfh_8Q.jpg,Lactarius,Russula,False,0.607914924621582,0.0040377999976044,ResNet18,test,0.1615315079689026,0.08177405595779419,0.07606643438339233,0.007871592417359352,0.005917190574109554,2.3647302782592305e-07,0.001826025196351111,0.0012963167391717434,0.03461606800556183,0.607914924621582,0.02118564210832119
C:\Projects\TM470\data\processed\test\Lactarius\0810_HmCW6dmg8ww.jpg,Lactarius/0810_HmCW6dmg8ww.jpg,Lactarius,Russula,False,0.8820318579673767,0.004108900000574,ResNet18,test,0.007213231176137924,0.03141104057431221,0.023513074964284897,0.005417233798652887,0.0067833419889211655,1.4058406350159203e-06,0.0019606531132012606,0.0008948087343014777,0.03864406421780586,0.8820318579673767,0.0021293244790285826
C:\Projects\TM470\data\processed\test\Lactarius\0811_fny9MwqLlJQ.jpg,Lactarius/0811_fny9MwqLlJQ.jpg,Lactarius,Russula,False,0.388907253742218,0.0036350000009406,ResNet18,test,0.06554897874593735,0.04274251312017441,0.034441012889146805,0.014515994116663933,0.06330283731222153,0.00018116463616024703,0.03806426003575325,0.013495516031980515,0.2871233820915222,0.388907253742218,0.051677070558071136
C:\Projects\TM470\data\processed\test\Lactarius\0814_QfgRmQ7qhf4.jpg,Lactarius/0814_QfgRmQ7qhf4.jpg,Lactarius,Amanita,False,0.7311151623725891,0.0037287999875843,ResNet18,test,0.14898960292339325,0.7311151623725891,0.009699419140815735,0.02911313809454441,0.006060625892132521,0.00016328551282640547,0.001952996477484703,0.023768266662955284,0.01576339639723301,0.023701446130871773,0.009672682732343674
C:\Projects\TM470\data\processed\test\Lactarius\0819_UXB8BitCLeg.jpg,Lactarius/0819_UXB8BitCLeg.jpg,Lactarius,Lactarius,True,0.4684140384197235,0.0046587999968323,ResNet18,test,0.009527849964797497,0.006290285848081112,0.00015261855151038617,0.002435807604342699,0.04312371090054512,5.570912435359787e-06,0.02558075450360775,0.0006490774685516953,0.4684140384197235,0.44200852513313293,0.0018117621075361967
C:\Projects\TM470\data\processed\test\Lactarius\0823_Ux2nE3c9Um8.jpg,Lactarius/0823_Ux2nE3c9Um8.jpg,Lactarius,Russula,False,0.6402249932289124,0.0037902000040048,ResNet18,test,0.004795902408659458,0.003913950175046921,0.00023178599076345563,0.0007157099898904562,0.005234628450125456,1.8921925004633522e-07,0.0026757814921438694,0.0011072199558839202,0.33717960119247437,0.6402249932289124,0.003920293413102627
C:\Projects\TM470\data\processed\test\Lactarius\0829_s0YUBr49gwI.jpg,Lactarius/0829_s0YUBr49gwI.jpg,Lactarius,Lactarius,True,0.434755802154541,0.003850399996736,ResNet18,test,0.00896501261740923,0.013007985427975655,0.2297033816576004,0.01864619180560112,0.0017592872027307749,0.00208887062035501,0.0006982978666201234,0.024898480623960495,0.434755802154541,0.2418595403432846,0.02361714094877243
C:\Projects\TM470\data\processed\test\Lactarius\083_b-MWcypdVgI.jpg,Lactarius/083_b-MWcypdVgI.jpg,Lactarius,Lactarius,True,0.769184410572052,0.0035380999906919,ResNet18,test,0.001472514821216464,0.0026543086860328913,0.0001393026759615168,0.01660710573196411,0.02613750472664833,6.63083337713033e-05,0.009210743941366673,0.009867498651146889,0.769184410572052,0.14125756919384003,0.023402756080031395
C:\Projects\TM470\data\processed\test\Lactarius\0852_7k3Zyy3_DGE.jpg,Lactarius/0852_7k3Zyy3_DGE.jpg,Lactarius,Lactarius,True,0.4444541931152344,0.0035935999912908,ResNet18,test,0.0047708419151604176,0.006461345124989748,0.0922040268778801,0.07341586798429489,0.002733889501541853,0.00019977665215265006,0.0018269994761794806,0.08282580226659775,0.4444541931152344,0.23390716314315796,0.05720008909702301
C:\Projects\TM470\data\processed\test\Lactarius\0861_R-QITvIdQ0I.jpg,Lactarius/0861_R-QITvIdQ0I.jpg,Lactarius,Russula,False,0.8214327692985535,0.0039866999868536,ResNet18,test,0.00019912360585294664,0.0005587047198787332,0.001138141960836947,0.0018226861720904708,3.1684336136095226e-05,6.61027366177791e-09,0.00012662680819630623,6.547958037117496e-05,0.17223544418811798,0.8214327692985535,0.0023893273901194334
C:\Projects\TM470\data\processed\test\Lactarius\0863_vVoT2CYybJg.jpg,Lactarius/0863_vVoT2CYybJg.jpg,Lactarius,Lactarius,True,0.4654400944709778,0.0036132999957771,ResNet18,test,0.00980693381279707,0.01957865245640278,0.0195484422147274,0.027814360335469246,0.005219591315835714,0.002100924029946327,0.0025908458046615124,0.2586759030818939,0.4654400944709778,0.13673247396945953,0.05249187722802162
C:\Projects\TM470\data\processed\test\Lactarius\0868_VH-IjF4KU2A.jpg,Lactarius/0868_VH-IjF4KU2A.jpg,Lactarius,Lactarius,True,0.845430314540863,0.003796399993007,ResNet18,test,0.0003498310688883066,0.0004622248816303909,0.00030838287784717977,0.0006160447956062853,0.000391427893191576,4.938141273669316e-07,8.112399518722668e-05,0.00940243061631918,0.845430314540863,0.10641565173864365,0.03654211759567261
C:\Projects\TM470\data\processed\test\Lactarius\0874_2lGLHI_YG5k.jpg,Lactarius/0874_2lGLHI_YG5k.jpg,Lactarius,Lactarius,True,0.33030474185943604,0.0037513999996008,ResNet18,test,0.005992765072733164,0.0011272572446614504,0.004114905372262001,0.30848079919815063,0.0028544438537210226,3.3278977298323298e-06,0.022486064583063126,0.022224999964237213,0.33030474185943604,0.03815605491399765,0.264254629611969
C:\Projects\TM470\data\processed\test\Lactarius\087_L5ZS-DiYxEI.jpg,Lactarius/087_L5ZS-DiYxEI.jpg,Lactarius,Russula,False,0.6079628467559814,0.003685099989525,ResNet18,test,0.004753763321787119,0.00030963210156187415,0.004050248768180609,0.0005869786255061626,0.00028350239153951406,1.2882138022973777e-08,0.0005089847254566848,4.9895890697371215e-05,0.3795722424983978,0.6079628467559814,0.0019219124224036932
C:\Projects\TM470\data\processed\test\Lactarius\0881_3RtHEelIwJ0.jpg,Lactarius/0881_3RtHEelIwJ0.jpg,Lactarius,Lactarius,True,0.8195748329162598,0.0037420000007841,ResNet18,test,0.0004886694368906319,0.0002399513905402273,0.0003083172196056694,0.00011583843297557905,0.00012076288112439215,2.056891101887004e-09,0.0007707229815423489,4.010399425169453e-05,0.8195748329162598,0.17002969980239868,0.008311119861900806
C:\Projects\TM470\data\processed\test\Lactarius\0886_DVymd3ri6ok.jpg,Lactarius/0886_DVymd3ri6ok.jpg,Lactarius,Lactarius,True,0.4852656126022339,0.0038271000084932,ResNet18,test,0.0004165584687143564,0.0015104197664186358,0.013344800099730492,0.1372307538986206,0.0021739767398685217,4.20163050875999e-05,0.008447648026049137,0.21325969696044922,0.4852656126022339,0.006758146453648806,0.1315503567457199
C:\Projects\TM470\data\processed\test\Lactarius\0890_Fm2kZLQ186E.jpg,Lactarius/0890_Fm2kZLQ186E.jpg,Lactarius,Lactarius,True,0.8639652132987976,0.0036724999954458,ResNet18,test,0.0009317818330600858,0.0006934254197403789,0.0001815796858863905,0.001894002198241651,0.0013952922308817506,5.194625032345357e-07,0.0010354029946029186,0.0017562179127708077,0.8639652132987976,0.10196670889854431,0.026179874315857887
C:\Projects\TM470\data\processed\test\Lactarius\0891_y4giXhWdmzg.jpg,Lactarius/0891_y4giXhWdmzg.jpg,Lactarius,Inocybe,False,0.24613520503044128,0.0043077000009361,ResNet18,test,0.012441062368452549,0.03594185411930084,0.09098900854587555,0.08851440995931625,0.021637599915266037,0.014160344377160072,0.040939923375844955,0.24613520503044128,0.177789106965065,0.1549389362335205,0.11651251465082169
C:\Projects\TM470\data\processed\test\Lactarius\0894_faLSlbF53CA.jpg,Lactarius/0894_faLSlbF53CA.jpg,Lactarius,Inocybe,False,0.4244481027126312,0.0035946999996667,ResNet18,test,0.014370089396834373,0.10545501112937927,0.0016585933044552803,0.014072910882532597,0.03524496778845787,6.674983887933195e-05,0.09443212300539017,0.4244481027126312,0.1527155637741089,0.08779958635568619,0.06973633915185928
C:\Projects\TM470\data\processed\test\Lactarius\0898_H5ncLRcbiOQ.jpg,Lactarius/0898_H5ncLRcbiOQ.jpg,Lactarius,Lactarius,True,0.40245485305786133,0.0036718000046676,ResNet18,test,0.015976551920175552,0.08328281342983246,0.028578247874975204,0.015267780050635338,0.026056112721562386,7.3558971962484065e-06,0.03965522721409798,0.004049565643072128,0.40245485305786133,0.3450133502483368,0.039658091962337494
C:\Projects\TM470\data\processed\test\Lactarius\089_AJoVxJM23M4.jpg,Lactarius/089_AJoVxJM23M4.jpg,Lactarius,Lactarius,True,0.30011963844299316,0.0035879999923054,ResNet18,test,0.025754453614354134,0.02454284019768238,0.06191954389214516,0.0651916041970253,0.02264048531651497,0.0007381868199445307,0.005708139855414629,0.1238962858915329,0.30011963844299316,0.19714950025081635,0.1723392903804779
C:\Projects\TM470\data\processed\test\Lactarius\0904_Z0MfidvU7JU.jpg,Lactarius/0904_Z0MfidvU7JU.jpg,Lactarius,Amanita,False,0.40045997500419617,0.0036345999978948,ResNet18,test,0.06511542946100235,0.40045997500419617,0.023949790745973587,0.008863808587193489,0.00110714347101748,0.003333252388983965,0.00033993905526585877,0.35795682668685913,0.052123282104730606,0.08231882005929947,0.004431709181517363
C:\Projects\TM470\data\processed\test\Lactarius\0924_mvAXbhaPY-k.jpg,Lactarius/0924_mvAXbhaPY-k.jpg,Lactarius,Russula,False,0.7836803197860718,0.0041020000062417,ResNet18,test,0.012464760802686214,0.01318070013076067,0.0014986053574830294,0.0047502159141004086,0.012592690996825695,6.326998118311167e-06,0.012594384141266346,0.005324072670191526,0.14641724526882172,0.7836803197860718,0.007490691263228655
C:\Projects\TM470\data\processed\test\Lactarius\0931_qYe0VtJnAhQ.jpg,Lactarius/0931_qYe0VtJnAhQ.jpg,Lactarius,Lactarius,True,0.44988974928855896,0.0045559999998658,ResNet18,test,0.0021472731605172157,0.012415315955877304,0.2233259081840515,0.010580357164144516,0.0011034978087991476,2.076159944408573e-06,0.0007140716188587248,0.016281360760331154,0.44988974928855896,0.23392702639102936,0.04961339011788368
C:\Projects\TM470\data\processed\test\Lactarius\0941_SIWGBlVT-DI.jpg,Lactarius/0941_SIWGBlVT-DI.jpg,Lactarius,Suillus,False,0.4468840956687927,0.0036486000026343,ResNet18,test,0.0003100804169662297,0.0007410912658087909,0.024010440334677696,0.0889863446354866,0.00019199340022169054,2.1864632799406536e-05,0.00023088377201929688,0.0487876757979393,0.38545259833335876,0.004382852464914322,0.4468840956687927
C:\Projects\TM470\data\processed\test\Lactarius\0948_omWNNnbQkxU.jpg,Lactarius/0948_omWNNnbQkxU.jpg,Lactarius,Lactarius,True,0.8841876983642578,0.0036531000077957,ResNet18,test,0.00017821895016822964,0.00037700575194321573,5.136020263307728e-05,0.014794877730309963,0.00017381827638018876,1.3637109930186853e-07,0.001459769089706242,0.0012641926296055317,0.8841876983642578,0.05909886211156845,0.03841402754187584
C:\Projects\TM470\data\processed\test\Lactarius\094_-2iyr_W_qvQ.jpg,Lactarius/094_-2iyr_W_qvQ.jpg,Lactarius,Entoloma,False,0.6036690473556519,0.0036803999973926,ResNet18,test,0.041698310524225235,0.05313250049948692,0.006946253124624491,0.006757846102118492,0.6036690473556519,0.00017808489792514592,0.013945749029517174,0.0008516260422766209,0.19286920130252838,0.0755622610449791,0.004389170557260513
C:\Projects\TM470\data\processed\test\Lactarius\0950_ijfkg6qgVms.jpg,Lactarius/0950_ijfkg6qgVms.jpg,Lactarius,Russula,False,0.9201391935348511,0.0041350999963469,ResNet18,test,0.0007577600190415978,0.0015851176576688886,0.0010107224807143211,0.016889484599232674,0.0002787677804008126,7.600759488468611e-08,0.00014806276885792613,0.00019095440802630037,0.05078001692891121,0.9201391935348511,0.008219772949814796
C:\Projects\TM470\data\processed\test\Lactarius\095_BtaRrYfMJVs.jpg,Lactarius/095_BtaRrYfMJVs.jpg,Lactarius,Russula,False,0.5061191320419312,0.0041261000005761,ResNet18,test,0.04812736064195633,0.01798904873430729,0.07125278562307358,0.04608392342925072,0.005084039177745581,0.07233747839927673,0.005966908298432827,0.140926793217659,0.07948359102010727,0.5061191320419312,0.006628978066146374
C:\Projects\TM470\data\processed\test\Lactarius\0966_RRkmCZs4Hgk.jpg,Lactarius/0966_RRkmCZs4Hgk.jpg,Lactarius,Entoloma,False,0.4949054718017578,0.0040242000104626,ResNet18,test,0.023060424253344536,0.05959751456975937,0.0015863509615883231,0.010761762037873268,0.4949054718017578,0.0008163265301845968,0.014246108010411263,0.010386936366558075,0.09656593948602676,0.2787240147590637,0.009349274449050426
C:\Projects\TM470\data\processed\test\Lactarius\0968_D_TOmURQt5M.jpg,Lactarius/0968_D_TOmURQt5M.jpg,Lactarius,Entoloma,False,0.3231067657470703,0.0037532999995164,ResNet18,test,0.013950034976005554,0.018576888367533684,0.006983090657740831,0.03619189187884331,0.3231067657470703,0.0007149176672101021,0.008924338966608047,0.004513782914727926,0.31136906147003174,0.24755041301250458,0.028118770569562912
C:\Projects\TM470\data\processed\test\Lactarius\0975_TPuBswVPF4E.jpg,Lactarius/0975_TPuBswVPF4E.jpg,Lactarius,Russula,False,0.8589416742324829,0.0036432000051718,ResNet18,test,0.0016201876569539309,0.000928185589145869,0.00038460339419543743,0.0017957041272893548,0.0001836293813539669,4.5431306716636755e-07,5.903970668441616e-05,4.571123645291664e-05,0.13435031473636627,0.8589416742324829,0.001690512872301042
C:\Projects\TM470\data\processed\test\Lactarius\0978_f0jCRe74OWg.jpg,Lactarius/0978_f0jCRe74OWg.jpg,Lactarius,Russula,False,0.8024824857711792,0.0039448000025004,ResNet18,test,0.002573646605014801,0.000264373462414369,0.001780887832865119,0.003572593443095684,0.0001406572264386341,1.6533475388769148e-07,0.0003872749221045524,0.00031745119486004114,0.17379385232925415,0.8024824857711792,0.014686532318592072
C:\Projects\TM470\data\processed\test\Lactarius\097_EnaERH1OSng.jpg,Lactarius/097_EnaERH1OSng.jpg,Lactarius,Lactarius,True,0.8905272483825684,0.0037275000067893,ResNet18,test,0.00031867227517068386,0.0010356430429965258,0.00010580840171314776,0.012273802421987057,0.010033884085714817,1.0378468687122222e-05,0.0031098760664463043,0.005592774134129286,0.8905272483825684,0.0659094974398613,0.011082420125603676
C:\Projects\TM470\data\processed\test\Lactarius\0980_m_ohZyV7g-Y.jpg,Lactarius/0980_m_ohZyV7g-Y.jpg,Lactarius,Lactarius,True,0.5000609755516052,0.0037063999916426,ResNet18,test,0.00408158078789711,0.000627686909865588,6.681759259663522e-05,0.019709670916199684,0.0019291581120342016,1.5348527995229233e-06,0.00434673298150301,0.020028861239552498,0.5000609755516052,0.41149282455444336,0.03765422850847244
C:\Projects\TM470\data\processed\test\Lactarius\0990_eosoYFrwQLI.jpg,Lactarius/0990_eosoYFrwQLI.jpg,Lactarius,Russula,False,0.814939022064209,0.0040657999925315,ResNet18,test,0.08154413849115372,0.01855909824371338,0.015803078189492226,0.0016808084910735488,0.0006720192031934857,1.928684945085024e-08,0.004896213300526142,0.0006697035278193653,0.0518169067800045,0.814939022064209,0.009419050067663193
C:\Projects\TM470\data\processed\test\Lactarius\0993_vWFD5m5EFdw.jpg,Lactarius/0993_vWFD5m5EFdw.jpg,Lactarius,Russula,False,0.8480225205421448,0.0039218999881995,ResNet18,test,0.012734822928905487,0.0030294409953057766,0.0012499757576733828,0.0016368164215236902,0.00012454962416086346,1.2848467179082945e-07,0.00025653597549535334,0.0026564644649624825,0.0937311127781868,0.8480225205421448,0.03655768185853958
C:\Projects\TM470\data\processed\test\Lactarius\0997_I_lCHDRsFnk.jpg,Lactarius/0997_I_lCHDRsFnk.jpg,Lactarius,Lactarius,True,0.2374526411294937,0.0037633000029018,ResNet18,test,0.03808850795030594,0.10969792306423187,0.025012066587805748,0.10734429210424423,0.059504345059394836,4.011122655356303e-06,0.07778772711753845,0.05585649237036705,0.2374526411294937,0.11291436851024628,0.1763375997543335
C:\Projects\TM470\data\processed\test\Lactarius\099_tlQryExCSSc.jpg,Lactarius/099_tlQryExCSSc.jpg,Lactarius,Lactarius,True,0.4351668953895569,0.0037245999992592,ResNet18,test,0.02139112539589405,0.0082042645663023,0.0008476158254779875,0.023800240829586983,0.34140774607658386,0.0023336962331086397,0.010000685229897499,0.057650208473205566,0.4351668953895569,0.08085085451602936,0.018346641212701797
C:\Projects\TM470\data\processed\test\Lactarius\1023_5KzdIbZlWao.jpg,Lactarius/1023_5KzdIbZlWao.jpg,Lactarius,Russula,False,0.8045110702514648,0.0035996999940834,ResNet18,test,0.03802868723869324,0.007381439674645662,0.00207364559173584,0.008807998150587082,0.00939237605780363,6.742662208125694e-06,0.0030074696987867355,0.0005671405815519392,0.11685587465763092,0.8045110702514648,0.009367655031383038
C:\Projects\TM470\data\processed\test\Lactarius\1031_-Xmag74uj8c.jpg,Lactarius/1031_-Xmag74uj8c.jpg,Lactarius,Lactarius,True,0.5160412788391113,0.0036538999993354,ResNet18,test,0.0024189483374357224,0.02047050930559635,0.0007192602497525513,0.047415073961019516,0.021169638261198997,0.00032860078499652445,0.06457742303609848,0.16558228433132172,0.5160412788391113,0.011963310651481152,0.14931359887123108
C:\Projects\TM470\data\processed\test\Lactarius\1035_5IsEFXEEEaY.jpg,Lactarius/1035_5IsEFXEEEaY.jpg,Lactarius,Hygrocybe,False,0.3195507526397705,0.0037164000095799,ResNet18,test,0.00835572648793459,0.1978093385696411,0.00270011811517179,0.040160439908504486,0.11193268746137619,0.0009517285507172346,0.3195507526397705,0.02251032181084156,0.17985202372074127,0.09874420613050461,0.01743265613913536
C:\Projects\TM470\data\processed\test\Lactarius\1039_IeXUvS5caiU.jpg,Lactarius/1039_IeXUvS5caiU.jpg,Lactarius,Lactarius,True,0.4557308554649353,0.0037154000019654,ResNet18,test,0.003558087395504117,0.0016354508697986603,0.03638112172484398,0.16470298171043396,0.0011083282297477126,0.0005485549918375909,0.0001810787507565692,0.0838533267378807,0.4557308554649353,0.07147920876741409,0.18082106113433838
C:\Projects\TM470\data\processed\test\Lactarius\1051_OqWmAht3bQo.jpg,Lactarius/1051_OqWmAht3bQo.jpg,Lactarius,Russula,False,0.5655251741409302,0.0040836999978637,ResNet18,test,0.011952214874327183,0.02591581456363201,0.1271553635597229,0.06298913806676865,0.005187541712075472,1.0585404197627213e-05,0.00023847912962082773,0.0015013475203886628,0.15695850551128387,0.5655251741409302,0.042565856128931046
C:\Projects\TM470\data\processed\test\Lactarius\1084__qV9VGarloM.jpg,Lactarius/1084__qV9VGarloM.jpg,Lactarius,Entoloma,False,0.28158295154571533,0.0036120000004302,ResNet18,test,0.009112213738262653,0.042537618428468704,4.0531547710997984e-05,0.008562961593270302,0.28158295154571533,8.695074029674288e-06,0.21979963779449463,0.007522291969507933,0.2092379629611969,0.2201538383960724,0.0014412355376407504
C:\Projects\TM470\data\processed\test\Lactarius\1087_T-XOvJDzPj4.jpg,Lactarius/1087_T-XOvJDzPj4.jpg,Lactarius,Russula,False,0.9358536005020142,0.0035484999971231,ResNet18,test,0.0038038387428969145,0.0003614025190472603,0.003132541198283434,0.001678023487329483,0.00034936037263832986,1.0122569165105233e-06,0.00019080270431004465,0.00026162739959545434,0.05291138216853142,0.9358536005020142,0.0014564321609213948
C:\Projects\TM470\data\processed\test\Lactarius\108_M1XYdkUcelY.jpg,Lactarius/108_M1XYdkUcelY.jpg,Lactarius,Amanita,False,0.5679492950439453,0.0037316999951144,ResNet18,test,0.3380931317806244,0.5679492950439453,0.022080888971686363,0.004612764809280634,0.009680354036390781,3.417848120079725e-07,0.005990236531943083,0.000918224744964391,0.016674617305397987,0.029821427538990974,0.0041786376386880875
C:\Projects\TM470\data\processed\test\Lactarius\1095_DTLgzikyFDc.jpg,Lactarius/1095_DTLgzikyFDc.jpg,Lactarius,Russula,False,0.7060863971710205,0.0036094999959459,ResNet18,test,0.019184177741408348,0.009632973931729794,0.016624795272946358,0.00540963327512145,0.0013248005416244268,2.044111511168012e-07,0.0009930008091032505,0.0012571568368002772,0.21918658912181854,0.7060863971710205,0.020300311967730522
C:\Projects\TM470\data\processed\test\Lactarius\1102_LESYYltPhNw.jpg,Lactarius/1102_LESYYltPhNw.jpg,Lactarius,Russula,False,0.9095319509506226,0.003636399997049,ResNet18,test,0.0022229556925594807,0.0006627314141951501,0.00037932852865196764,0.0005469482275657356,0.0007881058263592422,8.738403494135127e-07,9.963954653358087e-05,0.0012155123986303806,0.08305450528860092,0.9095319509506226,0.0014974538935348392
C:\Projects\TM470\data\processed\test\Lactarius\1104_Top2jkbHf3c.jpg,Lactarius/1104_Top2jkbHf3c.jpg,Lactarius,Amanita,False,0.3995629847049713,0.004117500007851,ResNet18,test,0.08279578387737274,0.3995629847049713,0.023760922253131866,0.03338240832090378,0.0023683144245296717,1.519452894171991e-06,0.0036885400768369436,0.010947159491479397,0.048263419419527054,0.3774126172065735,0.01781625673174858
C:\Projects\TM470\data\processed\test\Lactarius\1108_Drq20AGMUPU.jpg,Lactarius/1108_Drq20AGMUPU.jpg,Lactarius,Russula,False,0.5847156047821045,0.0038445999962277,ResNet18,test,0.01777847483754158,0.00822149682790041,0.037601690739393234,0.022169776260852814,0.0014337333850562572,6.452251909649931e-06,0.0014350294368341565,0.0040321811102330685,0.29593604803085327,0.5847156047821045,0.02666940912604332
C:\Projects\TM470\data\processed\test\Lactarius\1112_BjWWPLj9vfs.jpg,Lactarius/1112_BjWWPLj9vfs.jpg,Lactarius,Russula,False,0.9358536005020142,0.0036135999980615,ResNet18,test,0.0038038387428969145,0.0003614025190472603,0.003132541198283434,0.001678023487329483,0.00034936037263832986,1.0122569165105233e-06,0.00019080270431004465,0.00026162739959545434,0.05291138216853142,0.9358536005020142,0.0014564321609213948
C:\Projects\TM470\data\processed\test\Lactarius\1119_97YWRRfAMdE.jpg,Lactarius/1119_97YWRRfAMdE.jpg,Lactarius,Russula,False,0.7064481377601624,0.0037163000088185,ResNet18,test,0.01956087164580822,0.002836566651239991,0.001029468490742147,0.036477621644735336,0.013920926488935947,0.00030323004466481507,0.005797698628157377,0.03883880749344826,0.17338645458221436,0.7064481377601624,0.0014002384850755334
C:\Projects\TM470\data\processed\test\Lactarius\1126_OzpDgrwjWNc.jpg,Lactarius/1126_OzpDgrwjWNc.jpg,Lactarius,Russula,False,0.6595513224601746,0.0037034999986644,ResNet18,test,0.02839967980980873,0.019237834960222244,0.0007106848061084747,0.04987814277410507,0.06138546019792557,0.00018014035595115274,0.028683509677648544,0.004855570383369923,0.13648979365825653,0.6595513224601746,0.01062790583819151
C:\Projects\TM470\data\processed\test\Lactarius\1133_HDYDTLTS4FA.jpg,Lactarius/1133_HDYDTLTS4FA.jpg,Lactarius,Lactarius,True,0.5763979554176331,0.0036464000004343,ResNet18,test,0.010829690843820572,0.008841680362820625,0.05071893334388733,0.15471568703651428,0.013496926985681057,0.0006134299328550696,0.0018856520764529705,0.08613475412130356,0.5763979554176331,0.029492411762475967,0.06687279790639877
C:\Projects\TM470\data\processed\test\Lactarius\1140_L4hzKxVbQc0.jpg,Lactarius/1140_L4hzKxVbQc0.jpg,Lactarius,Russula,False,0.4846274256706238,0.0037117999891052,ResNet18,test,0.1829124540090561,0.021504517644643784,6.480134470621124e-05,0.036397334188222885,0.15449394285678864,3.3792330214055255e-05,0.04565276950597763,0.010872861370444298,0.054936036467552185,0.4846274256706238,0.008504007942974567
C:\Projects\TM470\data\processed\test\Lactarius\1144_d52jIf1q8OQ.jpg,Lactarius/1144_d52jIf1q8OQ.jpg,Lactarius,Lactarius,True,0.3920525908470154,0.00383210000291,ResNet18,test,0.07396671175956726,0.007181855384260416,0.0007524509564973414,0.033247120678424835,0.2101890742778778,0.0006021300796419382,0.011982586234807968,0.025976484641432762,0.3920525908470154,0.22502239048480988,0.019026653841137886
C:\Projects\TM470\data\processed\test\Lactarius\1157_lIsQAIM1Bms.jpg,Lactarius/1157_lIsQAIM1Bms.jpg,Lactarius,Russula,False,0.9581447243690491,0.0036881000123685,ResNet18,test,0.0035770589020103216,0.0007957006455399096,0.0011641152668744326,0.0006047923816367984,0.0025709031615406275,3.0472270395875967e-07,0.00026351152337156236,7.370798994088545e-05,0.03245096281170845,0.9581447243690491,0.00035428779665380716
C:\Projects\TM470\data\processed\test\Lactarius\1163_6urWblLWaP0.jpg,Lactarius/1163_6urWblLWaP0.jpg,Lactarius,Entoloma,False,0.388171911239624,0.0036256000021239,ResNet18,test,0.03927645459771156,0.07179529219865799,0.054745715111494064,0.06265970319509506,0.388171911239624,0.007338539697229862,0.030269257724285126,0.04648175835609436,0.1549389362335205,0.07564939558506012,0.06867300719022751
C:\Projects\TM470\data\processed\test\Lactarius\1164_sa2vKVnzdDU.jpg,Lactarius/1164_sa2vKVnzdDU.jpg,Lactarius,Russula,False,0.3761865496635437,0.0036275000020395,ResNet18,test,0.05537740886211395,0.33548060059547424,0.020957952365279198,0.005669975187629461,0.092659592628479,3.6029982766194735e-06,0.0046447343192994595,0.006881261244416237,0.08470132946968079,0.3761865496635437,0.017436925321817398
C:\Projects\TM470\data\processed\test\Lactarius\1168_liGHHAZOR28.jpg,Lactarius/1168_liGHHAZOR28.jpg,Lactarius,Amanita,False,0.5091641545295715,0.0036268999974709,ResNet18,test,0.1274113804101944,0.5091641545295715,0.17880836129188538,0.015167852863669395,0.005755555350333452,5.410351150203496e-05,0.0014463855186477304,0.0012268327409401536,0.05738302320241928,0.10124288499355316,0.0023394571617245674
C:\Projects\TM470\data\processed\test\Lactarius\1185_l8CcBJMEx4U.jpg,Lactarius/1185_l8CcBJMEx4U.jpg,Lactarius,Agaricus,False,0.35914793610572815,0.0038273000100161,ResNet18,test,0.35914793610572815,0.032312631607055664,0.004624004475772381,0.002749066799879074,0.12445607036352158,0.0001840491604525596,0.005987828131765127,0.006759445182979107,0.22676785290241241,0.22969907522201538,0.007312101311981678
C:\Projects\TM470\data\processed\test\Lactarius\1187_SFmMgNJ91-I.jpg,Lactarius/1187_SFmMgNJ91-I.jpg,Lactarius,Lactarius,True,0.4980432391166687,0.0037410000077215,ResNet18,test,0.03219184651970863,0.006112925708293915,0.001370616490021348,0.0030576959252357483,0.022960253059864044,1.8412271174383932e-06,0.003955390304327011,0.0042782858945429325,0.4980432391166687,0.4157995581626892,0.012228247709572315
C:\Projects\TM470\data\processed\test\Lactarius\1194_Q_-2-NBIRlk.jpg,Lactarius/1194_Q_-2-NBIRlk.jpg,Lactarius,Hygrocybe,False,0.5115399360656738,0.0037223999970592,ResNet18,test,0.008910980075597763,0.042848359793424606,0.0005788454436697066,0.023365657776594162,0.32459115982055664,7.457575179614651e-07,0.5115399360656738,0.0029837016481906176,0.05376787111163139,0.02050040103495121,0.010912393219769001
C:\Projects\TM470\data\processed\test\Lactarius\1199_hy7BCb0o9Ss.jpg,Lactarius/1199_hy7BCb0o9Ss.jpg,Lactarius,Agaricus,False,0.33425062894821167,0.0043986999953631,ResNet18,test,0.33425062894821167,0.2858908474445343,0.020771151408553123,0.04369094967842102,0.11224690824747086,0.0018254155293107033,0.005858761724084616,0.012171659618616104,0.05495664104819298,0.08673615008592606,0.04160084202885628
C:\Projects\TM470\data\processed\test\Lactarius\1205_V_YJfaEofno.jpg,Lactarius/1205_V_YJfaEofno.jpg,Lactarius,Lactarius,True,0.6169920563697815,0.0038209000049391,ResNet18,test,0.0006920128362253308,0.001682025147601962,0.0005447319126687944,0.007223221473395824,0.00042771303560584784,2.8739796320564892e-08,0.003741646185517311,0.0003460600564721972,0.6169920563697815,0.3359321653842926,0.03241827338933945
C:\Projects\TM470\data\processed\test\Lactarius\1209_-oHFXkHNN6c.jpg,Lactarius/1209_-oHFXkHNN6c.jpg,Lactarius,Russula,False,0.8787508010864258,0.0041695999971125,ResNet18,test,0.005157464649528265,0.0025981981307268143,0.0013786094496026635,0.013909691944718361,0.0002684459905140102,1.0444510962770437e-06,0.0006250467267818749,0.002406580839306116,0.07712559401988983,0.8787508010864258,0.017778484150767326
C:\Projects\TM470\data\processed\test\Lactarius\1210_5y8ObCFK_r4.jpg,Lactarius/1210_5y8ObCFK_r4.jpg,Lactarius,Boletus,False,0.6643550395965576,0.0037835000111954,ResNet18,test,0.0017929315799847245,0.022153476253151894,0.6643550395965576,0.032669465988874435,0.0004626589943654835,5.1041828555753455e-05,0.0012567059602588415,0.005960353650152683,0.10344327986240387,0.14636288583278656,0.02149219624698162
C:\Projects\TM470\data\processed\test\Lactarius\1213_E6SGc19pJFY.jpg,Lactarius/1213_E6SGc19pJFY.jpg,Lactarius,Russula,False,0.7656292915344238,0.0037286000006133,ResNet18,test,0.006620041094720364,0.001267320360057056,0.0009239801438525319,0.004946187604218721,0.0009005969041027129,1.2459172182843758e-07,0.005040881689637899,0.0006572881829924881,0.18345768749713898,0.7656292915344238,0.030556712299585342
C:\Projects\TM470\data\processed\test\Lactarius\1223_6yV3bv_fpo8.jpg,Lactarius/1223_6yV3bv_fpo8.jpg,Lactarius,Lactarius,True,0.6128739714622498,0.0038076000055298,ResNet18,test,0.006378523074090481,0.0033159530721604824,0.09367533028125763,0.009721517562866211,0.005521952174603939,9.460703154218209e-08,0.002367534441873431,0.00015798170352354646,0.6128739714622498,0.24898654222488403,0.01700061373412609
C:\Projects\TM470\data\processed\test\Lactarius\1224_Yn3W7OW8tkQ.jpg,Lactarius/1224_Yn3W7OW8tkQ.jpg,Lactarius,Russula,False,0.7212817072868347,0.003714199992828,ResNet18,test,0.00042970123467966914,0.0004518999485298991,0.001522252568975091,0.0008871391182765365,5.1030670874752104e-05,4.601402592285808e-11,0.00036016444209963083,4.398058990773279e-06,0.26765063405036926,0.7212817072868347,0.0073610027320683
C:\Projects\TM470\data\processed\test\Lactarius\1226_nyvT8mRno3g.jpg,Lactarius/1226_nyvT8mRno3g.jpg,Lactarius,Lactarius,True,0.4177382290363312,0.0039840000099502,ResNet18,test,0.003532522125169635,0.06953310966491699,0.05619305372238159,0.10844086855649948,0.02170289307832718,0.00011296143202343956,0.008319011889398098,0.016405828297138214,0.4177382290363312,0.20359022915363312,0.09443135559558868
C:\Projects\TM470\data\processed\test\Lactarius\122_W_5GcNcAuN4.jpg,Lactarius/122_W_5GcNcAuN4.jpg,Lactarius,Russula,False,0.3642251491546631,0.0040217999921878,ResNet18,test,0.14293985068798065,0.10772262513637543,0.007355827372521162,0.10580553859472275,0.03459231182932854,0.014559971168637276,0.006094686221331358,0.009181208908557892,0.20701195299625397,0.3642251491546631,0.0005108783952891827
C:\Projects\TM470\data\processed\test\Lactarius\1251_bPDEkspIv50.jpg,Lactarius/1251_bPDEkspIv50.jpg,Lactarius,Russula,False,0.26607745885849,0.003671900005429,ResNet18,test,0.047825925052165985,0.21328674256801605,0.019078249111771584,0.009576208889484406,0.07716678828001022,0.0006497980211861432,0.020121514797210693,0.16813227534294128,0.15951895713806152,0.26607745885849,0.0185660719871521
C:\Projects\TM470\data\processed\test\Lactarius\1252_73K3pd3sWMQ.jpg,Lactarius/1252_73K3pd3sWMQ.jpg,Lactarius,Lactarius,True,0.7313369512557983,0.0036735000030603,ResNet18,test,0.0007249642512761056,0.003601512173190713,0.00018140990869142115,0.0002893676864914596,0.028774121776223183,3.235832224390833e-08,0.01072029210627079,0.00014274922432377934,0.7313369512557983,0.2211993783712387,0.003029253799468279
C:\Projects\TM470\data\processed\test\Lactarius\128_dfE8pjx6FdQ.jpg,Lactarius/128_dfE8pjx6FdQ.jpg,Lactarius,Entoloma,False,0.25540509819984436,0.0043760999978985,ResNet18,test,0.06682561337947845,0.1583368182182312,0.006088339723646641,0.0604015477001667,0.25540509819984436,0.015519499778747559,0.03111490048468113,0.14542435109615326,0.18233373761177063,0.03749383985996246,0.0410563088953495
C:\Projects\TM470\data\processed\test\Lactarius\136_2lSzCzGC8cs.jpg,Lactarius/136_2lSzCzGC8cs.jpg,Lactarius,Russula,False,0.9595244526863098,0.0040120999910868,ResNet18,test,0.008655289188027382,0.0014166617766022682,0.0022653585765510798,0.0013334191171452403,0.0007105676340870559,9.073566616280004e-06,0.0002761755895335227,4.600775719154626e-05,0.025663141161203384,0.9595244526863098,9.989680256694555e-05
C:\Projects\TM470\data\processed\test\Lactarius\140_exY6qQ3hXgY.jpg,Lactarius/140_exY6qQ3hXgY.jpg,Lactarius,Amanita,False,0.7956652641296387,0.0036606000066967,ResNet18,test,0.03566506505012512,0.7956652641296387,0.0013837418518960476,0.03272785246372223,0.010555810295045376,0.0004090898728463799,0.010533993132412434,0.08737627416849136,0.007761125918477774,0.011054426431655884,0.006867312826216221
C:\Projects\TM470\data\processed\test\Lactarius\149_CwuowlVAMxY.jpg,Lactarius/149_CwuowlVAMxY.jpg,Lactarius,Entoloma,False,0.5553938746452332,0.0040655000047991,ResNet18,test,0.03748563677072525,0.03812481835484505,0.0007599975215271115,0.01788925565779209,0.5553938746452332,0.005146453157067299,0.034002818167209625,0.009005255997180939,0.16258355975151062,0.1331697404384613,0.006438551004976034
C:\Projects\TM470\data\processed\test\Lactarius\153_gN8-LTmbt4U.jpg,Lactarius/153_gN8-LTmbt4U.jpg,Lactarius,Russula,False,0.8626226782798767,0.0037692999903811,ResNet18,test,0.019665971398353577,0.005305065307766199,0.00010934385500149801,0.0006719838711433113,0.016309605911374092,4.040850853925804e-08,0.011363398283720016,3.6875775549560785e-05,0.083603136241436,0.8626226782798767,0.00031201698584482074
C:\Projects\TM470\data\processed\test\Lactarius\164_YmyEAa79xJY.jpg,Lactarius/164_YmyEAa79xJY.jpg,Lactarius,Russula,False,0.41369059681892395,0.0036653999995905,ResNet18,test,0.006451927591115236,0.01648806221783161,0.0021043841261416674,0.055597882717847824,0.0071234372444450855,4.1488336137263104e-05,0.16276110708713531,0.0009382406715303659,0.3239961862564087,0.41369059681892395,0.010806692764163017
C:\Projects\TM470\data\processed\test\Lactarius\166_m4APlqR5cX8.jpg,Lactarius/166_m4APlqR5cX8.jpg,Lactarius,Russula,False,0.5689390301704407,0.0037988000112818,ResNet18,test,0.00016214379866141826,0.000185851808055304,0.00026349202380515635,0.011908277869224548,0.0013258267426863313,1.2094865269318689e-06,0.0008046659058891237,0.00032409143750555813,0.4145570695400238,0.5689390301704407,0.0015282564563676715
C:\Projects\TM470\data\processed\test\Lactarius\167_sbpN5cmc4Qw.jpg,Lactarius/167_sbpN5cmc4Qw.jpg,Lactarius,Lactarius,True,0.5170692205429077,0.0036725000099977,ResNet18,test,0.008379976265132427,0.01780947856605053,0.004374568350613117,0.006795799825340509,0.233024463057518,8.869357770890929e-06,0.05890846624970436,0.0003584743244573474,0.5170692205429077,0.14573843777179718,0.007532170508056879
C:\Projects\TM470\data\processed\test\Lactarius\172_AtgfiwOgTAk.jpg,Lactarius/172_AtgfiwOgTAk.jpg,Lactarius,Lactarius,True,0.6559664607048035,0.0041992000042228,ResNet18,test,0.0021129436790943146,0.0007215867517516017,0.0021721473895013332,0.005925551988184452,0.0008814975735731423,6.852082492514455e-07,0.0009863482555374503,0.0007371013052761555,0.6559664607048035,0.3235391676425934,0.006956508383154869
C:\Projects\TM470\data\processed\test\Lactarius\175_I_Sk3JdyB8Q.jpg,Lactarius/175_I_Sk3JdyB8Q.jpg,Lactarius,Russula,False,0.4912732243537903,0.0038118999946163,ResNet18,test,0.0012703797547146678,0.0007806768990121782,0.000521067064255476,0.05134054645895958,0.003715174039825797,4.800381702807499e-06,0.006730953231453896,0.00291827111504972,0.42944225668907166,0.4912732243537903,0.012002645060420036
C:\Projects\TM470\data\processed\test\Lactarius\176_7c5SOZYoEEQ.jpg,Lactarius/176_7c5SOZYoEEQ.jpg,Lactarius,Russula,False,0.9843714833259583,0.0041496999911032,ResNet18,test,2.7767164283432066e-05,3.3976407394220587e-06,3.643198942882009e-05,0.0007557207718491554,1.5771983044032822e-06,1.1512888559161993e-10,1.6615244021522813e-05,1.9718008843483403e-06,0.014631759375333786,0.9843714833259583,0.0001533027971163392
C:\Projects\TM470\data\processed\test\Lactarius\182_Z_eMo84pz4w.jpg,Lactarius/182_Z_eMo84pz4w.jpg,Lactarius,Russula,False,0.9608404636383057,0.0040291000041179,ResNet18,test,6.778581155231223e-05,6.982227205298841e-05,0.0003120342444162816,0.002021610038354993,2.8886950076412177e-06,5.305696770818713e-09,5.620908268610947e-06,2.2883157726028003e-05,0.03542235866189003,0.9608404636383057,0.0012345020659267902
C:\Projects\TM470\data\processed\test\Lactarius\186_vqv6RGdM7tQ.jpg,Lactarius/186_vqv6RGdM7tQ.jpg,Lactarius,Russula,False,0.7133554220199585,0.0038692999951308,ResNet18,test,0.03262048959732056,0.03451981768012047,0.0003430848882999271,0.000424152152845636,0.04233065992593765,2.431729626550805e-06,0.012835628353059292,0.003947166260331869,0.15416282415390015,0.7133554220199585,0.005458292551338673
C:\Projects\TM470\data\processed\test\Lactarius\187_9b5XfCCHe9s.jpg,Lactarius/187_9b5XfCCHe9s.jpg,Lactarius,Russula,False,0.47121167182922363,0.0038717999996151,ResNet18,test,0.14716006815433502,0.04031696915626526,0.0009351444896310568,0.0023099116515368223,0.06820718199014664,1.400151177222142e-06,0.03321492671966553,0.003957110457122326,0.2164493203163147,0.47121167182922363,0.016236238181591034
C:\Projects\TM470\data\processed\test\Lactarius\188__ssneZ3zq44.jpg,Lactarius/188__ssneZ3zq44.jpg,Lactarius,Lactarius,True,0.612988293170929,0.0037604999961331,ResNet18,test,0.04395419359207153,0.00978659838438034,0.004113058093935251,0.013545329682528973,0.08052894473075867,0.00012276312918402255,0.013384373858571053,0.008554447442293167,0.612988293170929,0.20058447122573853,0.01243751123547554
C:\Projects\TM470\data\processed\test\Lactarius\200_h-AIr5ayQw8.jpg,Lactarius/200_h-AIr5ayQw8.jpg,Lactarius,Russula,False,0.6106237769126892,0.0037666999996872,ResNet18,test,0.024541905149817467,0.008142448961734772,0.027792077511548996,0.008737577125430107,0.018933134153485298,8.859849913278595e-05,0.0036216597072780132,0.001078026252798736,0.29410362243652344,0.6106237769126892,0.0023371875286102295
C:\Projects\TM470\data\processed\test\Lactarius\204_5earXwj40js.jpg,Lactarius/204_5earXwj40js.jpg,Lactarius,Russula,False,0.8951740264892578,0.0038144999998621,ResNet18,test,0.003808720503002405,0.013410123996436596,0.005203902721405029,0.0073425197042524815,0.002179582603275776,0.00017781076894607395,3.874567846651189e-05,0.0027619816828519106,0.0693163275718689,0.8951740264892578,0.0005861919489689171
C:\Projects\TM470\data\processed\test\Lactarius\206_32LgeIY1Yeg.jpg,Lactarius/206_32LgeIY1Yeg.jpg,Lactarius,Lactarius,True,0.6115036010742188,0.0035971000033896,ResNet18,test,0.009965214878320694,0.0206126905977726,0.009576874785125256,0.022002696990966797,0.02221900038421154,8.598961721872911e-05,0.00706595741212368,0.020324114710092545,0.6115036010742188,0.16670015454292297,0.1099436953663826
C:\Projects\TM470\data\processed\test\Lactarius\216_XQewJ4iZ0SE.jpg,Lactarius/216_XQewJ4iZ0SE.jpg,Lactarius,Lactarius,True,0.44440290331840515,0.0040943000058177,ResNet18,test,0.12908311188220978,0.020349260419607162,0.17806895077228546,0.0034593779128044844,0.002699021715670824,2.1003327077551148e-08,0.0021340972743928432,0.000426269049057737,0.44440290331840515,0.11753416806459427,0.10184285789728165
C:\Projects\TM470\data\processed\test\Lactarius\217_NouQvvUbzkI.jpg,Lactarius/217_NouQvvUbzkI.jpg,Lactarius,Lactarius,True,0.3220720589160919,0.0040058000013232,ResNet18,test,0.03137284517288208,0.006719077937304974,0.25137829780578613,0.011558512225747108,0.000650961184874177,2.379440466881988e-08,0.0017821365036070347,0.000467838894110173,0.3220720589160919,0.17431311309337616,0.19968514144420624
C:\Projects\TM470\data\processed\test\Lactarius\220_s7m6OJgigsQ.jpg,Lactarius/220_s7m6OJgigsQ.jpg,Lactarius,Lactarius,True,0.8276808261871338,0.0040087999950628,ResNet18,test,0.0007459199987351894,0.0026204041205346584,0.00452425517141819,0.016947036609053612,0.0004521610972005874,5.186668204260059e-06,0.007339817471802235,0.004316187463700771,0.8276808261871338,0.07294045388698578,0.06242772191762924
C:\Projects\TM470\data\processed\test\Lactarius\221_gFGMtF63hew.jpg,Lactarius/221_gFGMtF63hew.jpg,Lactarius,Lactarius,True,0.739406406879425,0.0039015999936964,ResNet18,test,0.001237661694176495,0.0014317393070086837,0.01272808201611042,0.07510176301002502,0.0031202288810163736,2.742242213571444e-05,0.0025707778986543417,0.010987031273543835,0.739406406879425,0.0871771052479744,0.06621178984642029
C:\Projects\TM470\data\processed\test\Lactarius\233_Zrhk_kzm9RI.jpg,Lactarius/233_Zrhk_kzm9RI.jpg,Lactarius,Lactarius,True,0.44164347648620605,0.0039106999902287,ResNet18,test,0.009866653941571712,0.0008494502981193364,0.22533120214939117,0.05048617348074913,0.00029390925192274153,8.989904358713829e-07,0.0001759849110385403,0.0006598607869818807,0.44164347648620605,0.22776168584823608,0.042930591851472855
C:\Projects\TM470\data\processed\test\Lactarius\243_Kcz6T9Gexhs.jpg,Lactarius/243_Kcz6T9Gexhs.jpg,Lactarius,Boletus,False,0.3925352692604065,0.0037978000036673,ResNet18,test,0.036848731338977814,0.09103665500879288,0.3925352692604065,0.0120436055585742,0.0005166674382053316,2.240498417904746e-07,0.002056338358670473,0.002973213093355298,0.10875202715396881,0.21822519600391388,0.13501204550266266
C:\Projects\TM470\data\processed\test\Lactarius\245_8a_KwW3R88w.jpg,Lactarius/245_8a_KwW3R88w.jpg,Lactarius,Russula,False,0.7791838049888611,0.0036392000038176,ResNet18,test,0.003022861899808049,0.02356574870646,0.008560732938349247,0.005324104800820351,0.013437568210065365,2.0990071902815544e-07,0.004672432783991098,0.0010508373379707336,0.12949229776859283,0.7791838049888611,0.031689442694187164
C:\Projects\TM470\data\processed\test\Lactarius\246_RXGb-uY_OT0.jpg,Lactarius/246_RXGb-uY_OT0.jpg,Lactarius,Russula,False,0.7883097529411316,0.0038392999995267,ResNet18,test,0.00012087246432201937,0.006000029854476452,0.00029731489485129714,0.0012217301409691572,0.0004597287916112691,2.2438255697920795e-09,0.009105769917368889,0.00019020841864403337,0.18718990683555603,0.7883097529411316,0.00710465619340539
C:\Projects\TM470\data\processed\test\Lactarius\253_04FkFVirQ7Y.jpg,Lactarius/253_04FkFVirQ7Y.jpg,Lactarius,Russula,False,0.960259735584259,0.0038364000065485,ResNet18,test,0.0065155946649611,0.0028812256641685963,0.0008690219256095588,0.0052716610953211784,0.0021762200631201267,1.2102788105039508e-06,0.0015466591576114297,6.082530671847053e-05,0.019759202376008034,0.960259735584259,0.0006586234085261822
C:\Projects\TM470\data\processed\test\Lactarius\263_q4EWqSw73ss.jpg,Lactarius/263_q4EWqSw73ss.jpg,Lactarius,Lactarius,True,0.6965246796607971,0.0037506999942706,ResNet18,test,0.00140586425550282,0.002206476405262947,0.0009874835377559066,0.02485613338649273,0.03825017437338829,2.6849213099922054e-05,0.006795123219490051,0.04679953679442406,0.6965246796607971,0.16534852981567383,0.016799066215753555
C:\Projects\TM470\data\processed\test\Lactarius\276_hZykQcrhdmk.jpg,Lactarius/276_hZykQcrhdmk.jpg,Lactarius,Russula,False,0.7084794640541077,0.003698999993503,ResNet18,test,0.008471273817121983,0.0005237246514298022,0.014720093458890915,0.008307971060276031,0.00033510461798869073,1.3660933717574153e-08,0.002887565176934004,3.340063994983211e-05,0.24818022549152374,0.7084794640541077,0.008061151951551437
C:\Projects\TM470\data\processed\test\Lactarius\288_q9eXJ9RotUs.jpg,Lactarius/288_q9eXJ9RotUs.jpg,Lactarius,Suillus,False,0.23733577132225037,0.0037561000062851,ResNet18,test,0.05928150191903114,0.048301149159669876,0.041013844311237335,0.05338597670197487,0.023031895980238914,0.0019112539011985064,0.03451915830373764,0.1382935792207718,0.1452845185995102,0.21764139831066132,0.23733577132225037
C:\Projects\TM470\data\processed\test\Lactarius\295_d1IVZwM135g.jpg,Lactarius/295_d1IVZwM135g.jpg,Lactarius,Lactarius,True,0.7599907517433167,0.0035740000021178,ResNet18,test,0.00010409261449240148,0.0005482312408275902,0.01756562665104866,0.09472262859344482,0.0011630224762484431,9.569038411427755e-06,0.09159522503614426,0.0004933320451527834,0.7599907517433167,0.03056393936276436,0.003243584418669343
C:\Projects\TM470\data\processed\test\Lactarius\310_MVmkt2VWorA.jpg,Lactarius/310_MVmkt2VWorA.jpg,Lactarius,Russula,False,0.9757254123687744,0.003979100001743,ResNet18,test,0.0007025949307717383,0.00014522300625685602,0.0006103921914473176,0.00015020629507489502,2.000740460061934e-05,1.1890614715071024e-08,3.421712608542293e-05,3.983320857514627e-05,0.021863801404833794,0.9757254123687744,0.0007082236697897315
C:\Projects\TM470\data\processed\test\Lactarius\312_Kxi6Fhuexdw.jpg,Lactarius/312_Kxi6Fhuexdw.jpg,Lactarius,Lactarius,True,0.7939341068267822,0.0036920999991707,ResNet18,test,3.9209644455695525e-06,5.114340638101567e-06,9.35402640607208e-05,0.0016066941898316145,4.274934042314271e-07,4.416442558885514e-11,7.337225724768359e-06,7.0273049459501635e-06,0.7939341068267822,0.19661672413349152,0.007725028786808252
C:\Projects\TM470\data\processed\test\Lactarius\327_Hk8VyUuKT-A.jpg,Lactarius/327_Hk8VyUuKT-A.jpg,Lactarius,Lactarius,True,0.5672175884246826,0.0036771000013686,ResNet18,test,0.16477030515670776,0.013895910233259201,0.003911912906914949,0.02828769013285637,0.04204016551375389,8.228312799474224e-05,0.03631085157394409,0.06497634202241898,0.5672175884246826,0.0625065341591835,0.01600049063563347
C:\Projects\TM470\data\processed\test\Lactarius\333_NGUe2XVS3hk.jpg,Lactarius/333_NGUe2XVS3hk.jpg,Lactarius,Lactarius,True,0.630285918712616,0.0038163999997777,ResNet18,test,0.001746186870150268,0.001427450100891292,0.001496750395745039,0.13456350564956665,0.005212444346398115,0.00012042179878335446,0.006005449220538139,0.07400757074356079,0.630285918712616,0.03569762408733368,0.10943664610385895
C:\Projects\TM470\data\processed\test\Lactarius\335_fqi3SPxPO_M.jpg,Lactarius/335_fqi3SPxPO_M.jpg,Lactarius,Lactarius,True,0.5172690749168396,0.0037462000036612,ResNet18,test,0.039172008633613586,0.006891492288559675,0.049686916172504425,0.041764721274375916,0.05110454559326172,0.0012486433843150735,0.05243512615561485,0.0070738582871854305,0.5172690749168396,0.21909266710281372,0.014260927215218544
C:\Projects\TM470\data\processed\test\Lactarius\338_SSuhFw6v6bo.jpg,Lactarius/338_SSuhFw6v6bo.jpg,Lactarius,Hygrocybe,False,0.4444340765476227,0.0038324999914038,ResNet18,test,0.000264933449216187,0.00320254429243505,0.0037530469708144665,0.28578904271125793,0.11287578195333481,0.00040058617014437914,0.4444340765476227,0.00479202950373292,0.13101942837238312,0.004025066737085581,0.009443448856472969
C:\Projects\TM470\data\processed\test\Lactarius\340_eLuW-nUYdC0.jpg,Lactarius/340_eLuW-nUYdC0.jpg,Lactarius,Lactarius,True,0.40980762243270874,0.0037428999930853,ResNet18,test,0.003532933769747615,0.001047433470375836,0.006348925642669201,0.2964169383049011,0.004229772370308638,0.00017454642511438578,0.0013991780579090118,0.003614956745877862,0.40980762243270874,0.24942143261432648,0.024006247520446777
C:\Projects\TM470\data\processed\test\Lactarius\353_ZQcLrpjLWBc.jpg,Lactarius/353_ZQcLrpjLWBc.jpg,Lactarius,Russula,False,0.8857179284095764,0.0037897000001976,ResNet18,test,0.020428486168384552,0.022415775805711746,0.0013049228582531214,0.004659160040318966,0.0009521746542304754,3.90948753192788e-06,0.002266033785417676,0.023509785532951355,0.03315998613834381,0.8857179284095764,0.005581913515925407
C:\Projects\TM470\data\processed\test\Lactarius\355_THNiI8IQ5e4.jpg,Lactarius/355_THNiI8IQ5e4.jpg,Lactarius,Russula,False,0.5467097759246826,0.003918500005966,ResNet18,test,0.1527620255947113,0.02416827902197838,0.06011147052049637,0.0006046734051778913,0.0016746277688071132,3.9529655282422027e-07,0.0009316077339462936,0.00025489195832051337,0.20818310976028442,0.5467097759246826,0.004599224776029587
C:\Projects\TM470\data\processed\test\Lactarius\364_TiFrgt8za6w.jpg,Lactarius/364_TiFrgt8za6w.jpg,Lactarius,Lactarius,True,0.5053681135177612,0.0036885000008624,ResNet18,test,0.09839179366827011,0.047332316637039185,0.016112759709358215,0.02786860056221485,0.04938269779086113,3.49327820003964e-05,0.0135391466319561,0.007240706589072943,0.5053681135177612,0.17147405445575714,0.06325490772724152
C:\Projects\TM470\data\processed\test\Lactarius\365_gihWtePuGlo.jpg,Lactarius/365_gihWtePuGlo.jpg,Lactarius,Russula,False,0.8423502445220947,0.0037829999928362,ResNet18,test,0.03089590184390545,0.003706943476572633,0.0037854895927011967,0.0046544065698981285,0.0007620792021043599,1.4546510556101566e-06,0.00023701359168626368,0.0010138017823919654,0.1058138832449913,0.8423502445220947,0.006778880953788757
C:\Projects\TM470\data\processed\test\Lactarius\373_sb1ABlLL_Io.jpg,Lactarius/373_sb1ABlLL_Io.jpg,Lactarius,Russula,False,0.45973944664001465,0.0036034999939147,ResNet18,test,0.11636075377464294,0.09263767302036285,0.002901700558140874,0.04127340018749237,0.018252549692988396,0.0003352417843416333,0.012327761389315128,0.030639737844467163,0.21782410144805908,0.45973944664001465,0.007707546465098858
C:\Projects\TM470\data\processed\test\Lactarius\381_70eN3baoMiU.jpg,Lactarius/381_70eN3baoMiU.jpg,Lactarius,Russula,False,0.47223883867263794,0.0037102000060258,ResNet18,test,0.01451795268803835,0.11212679743766785,0.04984066262841225,0.10616744309663773,0.009027523919939995,0.00020800792844966054,0.0032341834157705307,0.016903895884752274,0.19199346005916595,0.47223883867263794,0.023741215467453003
C:\Projects\TM470\data\processed\test\Lactarius\391_x5VHqfidZUA.jpg,Lactarius/391_x5VHqfidZUA.jpg,Lactarius,Lactarius,True,0.6034644842147827,0.0036294000019552,ResNet18,test,0.016534902155399323,0.014470881782472134,0.003287707222625613,0.008278741501271725,0.05025181546807289,3.5751952509599505e-06,0.00627867691218853,0.005152974743396044,0.6034644842147827,0.18970748782157898,0.10256864130496979
C:\Projects\TM470\data\processed\test\Lactarius\394_pA_n_Wu4_60.jpg,Lactarius/394_pA_n_Wu4_60.jpg,Lactarius,Lactarius,True,0.543684720993042,0.0043714000057661,ResNet18,test,0.01172881480306387,0.0080861896276474,0.008466515690088272,0.02379058487713337,0.007713567465543747,5.445870920084417e-05,0.0007304517203010619,0.06892145425081253,0.543684720993042,0.23370668292045593,0.09311661124229431
C:\Projects\TM470\data\processed\test\Lactarius\410_gHeG6gEpGT8.jpg,Lactarius/410_gHeG6gEpGT8.jpg,Lactarius,Lactarius,True,0.5694525837898254,0.0038629999908152,ResNet18,test,0.0056020175106823444,0.014277873560786247,0.019365109503269196,0.07788514345884323,0.0024796389043331146,4.275019819033332e-05,0.004683567676693201,0.05016840621829033,0.5694525837898254,0.032432928681373596,0.22360999882221222
C:\Projects\TM470\data\processed\test\Lactarius\412_r_okI2cO5S4.jpg,Lactarius/412_r_okI2cO5S4.jpg,Lactarius,Lactarius,True,0.42523571848869324,0.0038416000024881,ResNet18,test,0.014567479491233826,0.006049336399883032,0.008520320989191532,0.021494125947356224,0.002635944401845336,3.588339723137324e-07,0.014828738756477833,0.0020736213773489,0.42523571848869324,0.3989821672439575,0.10561215877532959
C:\Projects\TM470\data\processed\test\Russula\001_iKuK1p9EOJ0.jpg,Russula/001_iKuK1p9EOJ0.jpg,Russula,Russula,True,0.9910023808479309,0.0036487000033957,ResNet18,test,0.00020603365555871278,0.0033631809055805206,3.7072159102535807e-06,0.00019829072698485106,0.00017651655070949346,1.9371743320562018e-08,0.00129852129612118,0.00018742625252343714,0.0029836525209248066,0.9910023808479309,0.0005802898085676134
C:\Projects\TM470\data\processed\test\Russula\007_gZhfQcNeM9U.jpg,Russula/007_gZhfQcNeM9U.jpg,Russula,Russula,True,0.9839181900024414,0.0038339000020641,ResNet18,test,0.005906293634325266,0.007416768930852413,0.00023591038188897073,6.536155706271529e-05,0.00011877205542987213,1.552097650403539e-08,4.391495167510584e-05,3.092382394243032e-05,0.0021246885880827904,0.9839181900024414,0.00013915674935560673
C:\Projects\TM470\data\processed\test\Russula\008_Dz7lB9JtqxQ.jpg,Russula/008_Dz7lB9JtqxQ.jpg,Russula,Russula,True,0.5303278565406799,0.0039583999896422,ResNet18,test,0.035045601427555084,0.07902676612138748,0.008394998498260975,0.011079039424657822,0.023735763505101204,0.00018128684314433485,0.015988346189260483,0.01297078374773264,0.2704581916332245,0.5303278565406799,0.012791356071829796
C:\Projects\TM470\data\processed\test\Russula\013_LGHqXuWMeHE.jpg,Russula/013_LGHqXuWMeHE.jpg,Russula,Inocybe,False,0.7638240456581116,0.0039031000051181,ResNet18,test,0.011569101363420486,0.024369852617383003,0.0002501205017324537,0.0036112330853939056,0.035076357424259186,0.0005794235039502382,0.011438320390880108,0.7638240456581116,0.08773071318864822,0.057381052523851395,0.004169780761003494
C:\Projects\TM470\data\processed\test\Russula\014_a6ZorjAMstY.jpg,Russula/014_a6ZorjAMstY.jpg,Russula,Russula,True,0.24016086757183075,0.0040325000009033,ResNet18,test,0.12831807136535645,0.11242726445198059,0.013051474466919899,0.03154958039522171,0.15520818531513214,0.029237644746899605,0.04113228619098663,0.035437580198049545,0.20368723571300507,0.24016086757183075,0.009789729490876198
C:\Projects\TM470\data\processed\test\Russula\019_EKkNgTevh1g.jpg,Russula/019_EKkNgTevh1g.jpg,Russula,Russula,True,0.7778674960136414,0.0041379999893251,ResNet18,test,0.10913112014532089,0.03481809422373772,0.00379860308021307,0.0009323363774456084,0.0011987910838797688,1.2432413143415033e-07,0.0017843147506937385,0.014259830117225647,0.05051136389374733,0.7778674960136414,0.005697959568351507
C:\Projects\TM470\data\processed\test\Russula\024_rhgAyyNHSJo.jpg,Russula/024_rhgAyyNHSJo.jpg,Russula,Cortinarius,False,0.2861628234386444,0.0036153999972157,ResNet18,test,0.07758964598178864,0.1048165112733841,0.003145198104903102,0.2861628234386444,0.04114081710577011,0.024763550609350204,0.00977996177971363,0.16402199864387512,0.04212375730276108,0.24564924836158752,0.0008065467700362206
C:\Projects\TM470\data\processed\test\Russula\025_k35cqXEzH7Y.jpg,Russula/025_k35cqXEzH7Y.jpg,Russula,Russula,True,0.8218028545379639,0.0037230000016279,ResNet18,test,0.03224742412567139,0.10416440665721893,0.00398538913577795,0.002167667029425502,0.009204348549246788,5.341823271010071e-05,0.0024398339446634054,0.002878387924283743,0.020822469145059586,0.8218028545379639,0.00023383201914839447
C:\Projects\TM470\data\processed\test\Russula\030_sCKfBfNbOl4.jpg,Russula/030_sCKfBfNbOl4.jpg,Russula,Russula,True,0.6799948811531067,0.0036626000073738,ResNet18,test,0.030184540897607803,0.018300531432032585,0.003900635289028287,0.006026014685630798,0.03638835623860359,1.3672266504727304e-05,0.002462402218952775,0.0011689490638673306,0.210763618350029,0.6799948811531067,0.010796407237648964
C:\Projects\TM470\data\processed\test\Russula\039_ikQwz6n6X4o.jpg,Russula/039_ikQwz6n6X4o.jpg,Russula,Russula,True,0.993267297744751,0.0037281999975675,ResNet18,test,0.0006675880285911262,0.0004890589625574648,0.0006912430399097502,0.0006939292070455849,4.1556733776815236e-05,4.339678483233911e-08,5.0352606194792315e-05,0.0001716123369988054,0.0034438110888004303,0.993267297744751,0.0004835627623833716
C:\Projects\TM470\data\processed\test\Russula\043_a_5lm55zCVc.jpg,Russula/043_a_5lm55zCVc.jpg,Russula,Russula,True,0.5069440603256226,0.0037234000046737,ResNet18,test,0.03957457095384598,0.0269901342689991,0.0074261510744690895,0.03524841368198395,0.04041288048028946,0.07874563336372375,0.014467510394752026,0.10417307913303375,0.1402217596769333,0.5069440603256226,0.005795763805508614
C:\Projects\TM470\data\processed\test\Russula\043_fOQ2ffx-cy8.jpg,Russula/043_fOQ2ffx-cy8.jpg,Russula,Russula,True,0.9794841408729553,0.0037249000015435,ResNet18,test,0.0009500345913693309,0.0011677538277581334,0.00010627282608766109,0.0015127788065001369,0.004409915301948786,4.209724124848435e-07,0.00032857374753803015,0.00015354157949332148,0.011795749887824059,0.9794841408729553,9.072951797861606e-05
C:\Projects\TM470\data\processed\test\Russula\047_eHKYt6tnSCs.jpg,Russula/047_eHKYt6tnSCs.jpg,Russula,Inocybe,False,0.2767200767993927,0.0036426000006031,ResNet18,test,0.035536713898181915,0.041082050651311874,0.06633874028921127,0.08391182869672775,0.058587636798620224,0.05327356979250908,0.01969793252646923,0.2767200767993927,0.17441655695438385,0.1212388128042221,0.06919609010219574
C:\Projects\TM470\data\processed\test\Russula\050_MwOq3EeFUvc.jpg,Russula/050_MwOq3EeFUvc.jpg,Russula,Russula,True,0.9957935810089111,0.0038631000061286,ResNet18,test,0.0005838337237946689,6.967841181904078e-05,9.664695244282484e-05,4.55817898910027e-05,6.118460532889003e-06,7.613598640432429e-11,3.512556941132061e-05,3.742155740837916e-06,0.003306361846625805,0.9957935810089111,5.922531636315398e-05
C:\Projects\TM470\data\processed\test\Russula\057_jOjOWsmPwSs.jpg,Russula/057_jOjOWsmPwSs.jpg,Russula,Lactarius,False,0.3170822262763977,0.0037787000037496,ResNet18,test,0.020578788593411446,0.045218124985694885,0.1150994673371315,0.05321669206023216,0.024982057511806488,0.02760307490825653,0.019271481782197952,0.2112860381603241,0.3170822262763977,0.1017116904258728,0.0639503225684166
C:\Projects\TM470\data\processed\test\Russula\058_rXtA5QC0tm0.jpg,Russula/058_rXtA5QC0tm0.jpg,Russula,Russula,True,0.7187285423278809,0.0041471000004094,ResNet18,test,0.03197966143488884,0.006263295188546181,0.06918352097272873,0.0657886266708374,0.0009056266862899065,0.03733210265636444,0.000991152599453926,0.01807747781276703,0.04579542949795723,0.7187285423278809,0.0049545010551810265
C:\Projects\TM470\data\processed\test\Russula\064_7LLSFgmojbg.jpg,Russula/064_7LLSFgmojbg.jpg,Russula,Russula,True,0.9640432596206665,0.0040543999930378,ResNet18,test,9.067529754247516e-05,0.0002862309920601547,1.9565011371014407e-06,0.006339780520647764,0.0003304016718175262,5.161514309293125e-07,0.00015649858687538654,0.0004378854064270854,0.02781149558722973,0.9640432596206665,0.0005013211630284786
C:\Projects\TM470\data\processed\test\Russula\066_QwlTSWbST_A.jpg,Russula/066_QwlTSWbST_A.jpg,Russula,Russula,True,0.9972067475318909,0.0040440000011585,ResNet18,test,1.8836877643479966e-05,0.00032090485910885036,1.7982865756493993e-05,0.00011220206943107769,5.635557954519754e-06,2.4355686911725627e-10,0.0013201389228925109,2.037942067545373e-06,0.0009489087387919426,0.9972067475318909,4.6610122808488086e-05
C:\Projects\TM470\data\processed\test\Russula\067_1HwiqbR9nY4.jpg,Russula/067_1HwiqbR9nY4.jpg,Russula,Russula,True,0.5923658013343811,0.0040260999958263,ResNet18,test,0.006305658724159002,0.000814328552223742,0.017829060554504395,0.017019880935549736,0.0007739378488622606,8.659446280034899e-07,0.0007114342879503965,0.000264384871115908,0.3459446132183075,0.5923658013343811,0.017970029264688492
C:\Projects\TM470\data\processed\test\Russula\087_dkTD8ebKnDo.jpg,Russula/087_dkTD8ebKnDo.jpg,Russula,Russula,True,0.999265730381012,0.0038836000021547,ResNet18,test,9.516013960819691e-06,0.00020721126929856837,3.277879659435712e-05,7.530367292929441e-05,1.629968755878508e-05,1.7422994602611652e-08,2.366060289205052e-05,1.2409966984705534e-05,0.0003541966143529862,0.999265730381012,3.0456862987193745e-06
C:\Projects\TM470\data\processed\test\Russula\090_wTqyZFVyKa4.jpg,Russula/090_wTqyZFVyKa4.jpg,Russula,Russula,True,0.9695790410041809,0.0038371999980881,ResNet18,test,0.0005882453988306224,0.0010077700717374682,0.0013903924264013767,0.004857016261667013,3.4792075894074515e-05,5.016716642103347e-08,0.00017387117259204388,5.1048169552814215e-05,0.01987186260521412,0.9695790410041809,0.0024458772968500853
C:\Projects\TM470\data\processed\test\Russula\091_OhbGtsJOrac.jpg,Russula/091_OhbGtsJOrac.jpg,Russula,Russula,True,0.6541723608970642,0.0038735999987693,ResNet18,test,0.09246661514043808,0.09899849444627762,0.025536835193634033,0.022713694721460342,0.004968652036041021,1.965205228771083e-06,0.0046935416758060455,0.005206134170293808,0.07780136913061142,0.6541723608970642,0.013440300710499287
C:\Projects\TM470\data\processed\test\Russula\096_RZyKfwF8OnQ.jpg,Russula/096_RZyKfwF8OnQ.jpg,Russula,Russula,True,0.9684154391288757,0.0037278000090736,ResNet18,test,3.060096423723735e-05,3.556279989425093e-05,0.006995058618485928,0.0003996988234575838,1.0174401268159272e-06,1.1370818175926445e-10,5.027192673878744e-05,2.7395328743295977e-06,0.023529566824436188,0.9684154391288757,0.0005400217487476766
C:\Projects\TM470\data\processed\test\Russula\097_MDNp4nnFbsU.jpg,Russula/097_MDNp4nnFbsU.jpg,Russula,Russula,True,0.3849983513355255,0.0038022000080673,ResNet18,test,0.0066995033994317055,0.027808666229248047,0.018153812736272812,0.0952826589345932,0.005627133417874575,0.00014053417544346303,0.01715504378080368,0.015481702983379364,0.3594749867916107,0.3849983513355255,0.06917762011289597
C:\Projects\TM470\data\processed\test\Russula\097_vcRnfngKDrA.jpg,Russula/097_vcRnfngKDrA.jpg,Russula,Russula,True,0.9999840259552002,0.0037359999987529,ResNet18,test,1.743766574691108e-06,2.896321348089259e-06,1.5045968382310093e-07,1.921198872878449e-06,7.481170172241036e-08,1.4753585993957513e-13,1.8070942076064966e-07,1.1298038060658655e-09,8.933096069085877e-06,0.9999840259552002,1.0453115351083397e-07
C:\Projects\TM470\data\processed\test\Russula\102_ZPT8jUM20PQ.jpg,Russula/102_ZPT8jUM20PQ.jpg,Russula,Russula,True,0.8289638161659241,0.0037660999951185,ResNet18,test,0.03011409193277359,0.02054249309003353,0.01319247204810381,0.0003483344044070691,0.002752628643065691,4.52105686221671e-09,0.0004697259282693267,8.240868919529021e-05,0.09899670630693436,0.8289638161659241,0.004537253174930811
C:\Projects\TM470\data\processed\test\Russula\104_Rsfyh5xO7v4.jpg,Russula/104_Rsfyh5xO7v4.jpg,Russula,Russula,True,0.9790586829185486,0.0036900999984936,ResNet18,test,0.00030713147134520113,0.0020014713518321514,3.519565871101804e-05,4.2759176722029224e-05,0.00016715846140868962,2.1324135512923448e-10,0.0004422414640430361,8.573572813475039e-06,0.017602579668164253,0.9790586829185486,0.00033420775434933603
C:\Projects\TM470\data\processed\test\Russula\105_-Z8GVGlP6ZQ.jpg,Russula/105_-Z8GVGlP6ZQ.jpg,Russula,Russula,True,0.9004385471343994,0.0037899000017205,ResNet18,test,0.004545852541923523,0.0029469274450093508,0.00011941973934881389,0.0020845879334956408,0.001666227588430047,8.58764451550087e-07,0.002378813223913312,0.00033702809014357626,0.0831834003329277,0.9004385471343994,0.0022983078379184008
C:\Projects\TM470\data\processed\test\Russula\110_Dq7-S4a1PBA.jpg,Russula/110_Dq7-S4a1PBA.jpg,Russula,Inocybe,False,0.3270779252052307,0.0038174999936018,ResNet18,test,0.0205475352704525,0.052868232131004333,0.05008426681160927,0.07159104943275452,0.17258596420288086,0.013929029926657677,0.062739297747612,0.3270779252052307,0.04392973706126213,0.056481774896383286,0.12816523015499115
C:\Projects\TM470\data\processed\test\Russula\110_tI1gcfV67iM.jpg,Russula/110_tI1gcfV67iM.jpg,Russula,Russula,True,0.9922419786453247,0.0039549999928567,ResNet18,test,0.0002509047044441104,0.003497903235256672,4.875643571722321e-05,0.0007867017993703485,0.00016756070544943213,1.4845174689526175e-07,0.00010318764543626457,0.00048115552635863423,0.001997999846935272,0.9922419786453247,0.0004236610548105091
C:\Projects\TM470\data\processed\test\Russula\112_LjHLUTH9Ofo.jpg,Russula/112_LjHLUTH9Ofo.jpg,Russula,Russula,True,0.9940096139907837,0.0036952999944332,ResNet18,test,2.3242984752869233e-05,0.00011585406173253432,0.00031101261265575886,0.00027952066739089787,5.232676812738646e-06,1.0493380608878056e-09,7.406810709653655e-06,4.364474989415612e-06,0.005149472039192915,0.9940096139907837,9.417565888725221e-05
C:\Projects\TM470\data\processed\test\Russula\115_421ZUjl0L6I.jpg,Russula/115_421ZUjl0L6I.jpg,Russula,Lactarius,False,0.44230055809020996,0.0037796999968122,ResNet18,test,0.010506860911846161,0.0017940296093001962,0.04451294615864754,0.014291687868535519,0.001811393303796649,7.02654870110564e-05,0.000689509033691138,0.02951049618422985,0.44230055809020996,0.38906076550483704,0.06545140594244003
C:\Projects\TM470\data\processed\test\Russula\116_1OsHlMx-dSQ.jpg,Russula/116_1OsHlMx-dSQ.jpg,Russula,Russula,True,0.9367054104804993,0.0037605999968945,ResNet18,test,0.0031588280107825994,0.0036792445462197065,0.0021886052563786507,0.0020954108331352472,0.00019947496184613556,1.2548770200737636e-06,0.00011595548130571842,0.005364153999835253,0.04229811951518059,0.9367054104804993,0.0041936105117201805
C:\Projects\TM470\data\processed\test\Russula\121_G6PKJxVEa-M.jpg,Russula/121_G6PKJxVEa-M.jpg,Russula,Russula,True,0.9311906099319458,0.0037957000022288,ResNet18,test,0.001792524359188974,0.006952641997486353,0.004196526017040014,0.0012635918101295829,4.025878297397867e-05,5.5911502983008177e-08,5.6434324505971745e-05,0.001149740070104599,0.03760003298521042,0.9311906099319458,0.015757517889142036
C:\Projects\TM470\data\processed\test\Russula\127_VbgJEufLv7I.jpg,Russula/127_VbgJEufLv7I.jpg,Russula,Inocybe,False,0.31602734327316284,0.0042075999954249,ResNet18,test,0.18713067471981049,0.1994507759809494,0.007239004597067833,0.009736108593642712,0.009621543809771538,0.001943160081282258,0.0016642229165881872,0.31602734327316284,0.09772669523954391,0.1584835648536682,0.010976829566061497
C:\Projects\TM470\data\processed\test\Russula\139_H3FH6JjjTzg.jpg,Russula/139_H3FH6JjjTzg.jpg,Russula,Russula,True,0.49510860443115234,0.0037631000013789,ResNet18,test,0.054632607847452164,0.033266130834817886,8.28946394904051e-06,0.02810734137892723,0.20076429843902588,8.429464060100145e-07,0.15792328119277954,0.007674873806536198,0.021177727729082108,0.49510860443115234,0.0013360162265598774
C:\Projects\TM470\data\processed\test\Russula\145_o2dRwsYbjMY.jpg,Russula/145_o2dRwsYbjMY.jpg,Russula,Inocybe,False,0.3973219096660614,0.0039075000095181,ResNet18,test,0.014277815818786621,0.03215598315000534,0.032682113349437714,0.08049274981021881,0.021847160533070564,0.0020168269984424114,0.005342169664800167,0.3973219096660614,0.13747800886631012,0.20659872889518738,0.06978651136159897
C:\Projects\TM470\data\processed\test\Russula\150_HG0rdEL96d8.jpg,Russula/150_HG0rdEL96d8.jpg,Russula,Russula,True,0.9966757297515869,0.0040124000079231,ResNet18,test,0.0001481806830270216,6.92486428306438e-05,1.5541982065769844e-05,0.0002712533751036972,1.5885190123299253e-06,8.470137480287576e-09,1.188862825074466e-05,4.861218621954322e-05,0.00262054824270308,0.9966757297515869,0.00013741929433308542
C:\Projects\TM470\data\processed\test\Russula\152_T7Jz4WBLsEQ.jpg,Russula/152_T7Jz4WBLsEQ.jpg,Russula,Lactarius,False,0.6299512386322021,0.0037271000037435,ResNet18,test,0.0050002760253846645,0.027396561577916145,0.009275777265429497,0.039086394011974335,0.01751231774687767,0.00011796229955507442,0.018109969794750214,0.027237439528107643,0.6299512386322021,0.2058079093694687,0.0205041766166687
C:\Projects\TM470\data\processed\test\Russula\165_iSv1-9PofVg.jpg,Russula/165_iSv1-9PofVg.jpg,Russula,Russula,True,0.9978906512260437,0.0036876000085612,ResNet18,test,0.00019795389380306005,0.0006701370002701879,0.0001436255406588316,0.0006622497458010912,1.5155296750890557e-05,1.5782392281948887e-08,3.7794375202793162e-06,2.5331969482067507e-06,0.0003560890327207744,0.9978906512260437,5.7917066442314535e-05
C:\Projects\TM470\data\processed\test\Russula\167_9loyXWNmBDI.jpg,Russula/167_9loyXWNmBDI.jpg,Russula,Russula,True,0.9883352518081665,0.0037375999963842,ResNet18,test,1.1916452422155999e-05,0.00022613941109739244,0.00017789880803320557,0.0009180104825645685,1.4479513083642814e-05,3.118230118559495e-10,0.0005544882733374834,3.05513312923722e-05,0.00949226226657629,0.9883352518081665,0.00023908530420158058
C:\Projects\TM470\data\processed\test\Russula\170_8gD6VgBIRW8.jpg,Russula/170_8gD6VgBIRW8.jpg,Russula,Boletus,False,0.8871302008628845,0.0037984999944455,ResNet18,test,0.0022433351259678602,0.013161268085241318,0.8871302008628845,0.00663662189617753,0.00020926128490827978,4.935333777211781e-07,0.0005996846593916416,0.003177274251356721,0.014448121190071106,0.0062650698237121105,0.0661286860704422
C:\Projects\TM470\data\processed\test\Russula\174_ZHZm2cjKSd4.jpg,Russula/174_ZHZm2cjKSd4.jpg,Russula,Russula,True,0.9988526105880737,0.0040975000010803,ResNet18,test,6.831762584624812e-05,1.299984705838142e-05,2.982690830322099e-06,0.00011646460916381329,1.5309713035094319e-06,9.851452986708864e-11,5.770875759480987e-06,9.144585533249483e-07,0.0008407688583247364,0.9988526105880737,9.764150308910757e-05
C:\Projects\TM470\data\processed\test\Russula\183_7HPLUZ0JPGw.jpg,Russula/183_7HPLUZ0JPGw.jpg,Russula,Russula,True,0.5747571587562561,0.0037684999988414,ResNet18,test,0.043793510645627975,0.03130843862891197,0.0074504041112959385,0.007938163354992867,0.09936011582612991,0.004144271835684776,0.009013824164867401,0.06889042258262634,0.1329500526189804,0.5747571587562561,0.020393691956996918
C:\Projects\TM470\data\processed\test\Russula\187_eVoSi006rJc.jpg,Russula/187_eVoSi006rJc.jpg,Russula,Russula,True,0.9070699214935303,0.0037289000028977,ResNet18,test,0.0034728473983705044,0.0021773327607661486,0.0022500092163681984,0.00027573233819566667,0.0007876934832893312,1.4076765353365772e-07,0.00015197167522273958,0.00012570942635647953,0.08211192488670349,0.9070699214935303,0.0015767548466101289
C:\Projects\TM470\data\processed\test\Russula\190_jB_ANV0GfGc.jpg,Russula/190_jB_ANV0GfGc.jpg,Russula,Russula,True,0.6571040749549866,0.0038585000002058,ResNet18,test,0.06141854077577591,0.24883434176445007,0.003134624334052205,0.0014828239800408483,0.004244593903422356,4.955102212989004e-07,0.0021710877772420645,0.00022200770035851747,0.020564623177051544,0.6571040749549866,0.0008228386868722737
C:\Projects\TM470\data\processed\test\Russula\193_0iPR4s0EgAE.jpg,Russula/193_0iPR4s0EgAE.jpg,Russula,Russula,True,0.49837327003479004,0.0041270999936386,ResNet18,test,0.20454788208007812,0.21456989645957947,0.00878241378813982,0.005270825233310461,0.005005490966141224,2.6826053726836108e-05,0.00108577951323241,0.005586246959865093,0.05064472183585167,0.49837327003479004,0.006106546148657799
C:\Projects\TM470\data\processed\test\Russula\194_NP3riIl0ZRw.jpg,Russula/194_NP3riIl0ZRw.jpg,Russula,Russula,True,0.48088881373405457,0.0037424000038299,ResNet18,test,0.0038874056190252304,0.019074462354183197,0.003066569333896041,0.05235804244875908,0.03493083640933037,0.003986947704106569,0.005450951401144266,0.19352887570858002,0.18362171947956085,0.48088881373405457,0.019205380231142044
C:\Projects\TM470\data\processed\test\Russula\196_8vqiUiCZSf4.jpg,Russula/196_8vqiUiCZSf4.jpg,Russula,Lactarius,False,0.3387663960456848,0.0038112000038381,ResNet18,test,0.15268874168395996,0.062164075672626495,0.06800653040409088,0.06906398385763168,0.14600630104541779,0.0007398618035949767,0.0025335990358144045,0.008207561448216438,0.3387663960456848,0.05749116092920303,0.09433172643184662
C:\Projects\TM470\data\processed\test\Russula\197_8SaITt5hQBY.jpg,Russula/197_8SaITt5hQBY.jpg,Russula,Russula,True,0.8871949315071106,0.0037386000039987,ResNet18,test,0.0032321990001946688,0.057393718510866165,0.0014345183735713363,0.015149842016398907,0.009015997871756554,0.00295064365491271,0.002518419409170747,0.007501150481402874,0.013441480696201324,0.8871949315071106,0.00016710589989088476
C:\Projects\TM470\data\processed\test\Russula\200_JMAjbr8Po8M.jpg,Russula/200_JMAjbr8Po8M.jpg,Russula,Russula,True,0.9339745044708252,0.0037838999996893,ResNet18,test,0.0035211022477597,0.0017419203650206327,0.00382960750721395,0.0035905411932617426,0.0009600862395018339,8.474314199702349e-06,0.00020124750153627247,0.004847371485084295,0.044427696615457535,0.9339745044708252,0.002897492842748761
C:\Projects\TM470\data\processed\test\Russula\203_7ZDu3mnm2D8.jpg,Russula/203_7ZDu3mnm2D8.jpg,Russula,Russula,True,0.5979684591293335,0.0040886000060709,ResNet18,test,0.20150740444660187,0.030990680679678917,0.022479861974716187,0.0010693962685763836,0.004608792718499899,1.7397663896190352e-06,0.001806797692552209,0.0005766446702182293,0.13530652225017548,0.5979684591293335,0.0036837130319327116
C:\Projects\TM470\data\processed\test\Russula\212_mAsF0Tdhqu8.jpg,Russula/212_mAsF0Tdhqu8.jpg,Russula,Russula,True,0.6648085713386536,0.0037890000094193,ResNet18,test,0.002814824925735593,0.023164791986346245,0.00030222893110476434,0.025878118351101875,0.007744756061583757,1.6491698033860303e-06,0.06683391332626343,0.032907478511333466,0.12150951474905014,0.6648085713386536,0.054034147411584854
C:\Projects\TM470\data\processed\test\Russula\218_zKx8R11Bjuo.jpg,Russula/218_zKx8R11Bjuo.jpg,Russula,Russula,True,0.8089591860771179,0.0037982999929226,ResNet18,test,0.0617695078253746,0.06509493291378021,0.0016651060432195663,0.004419178701937199,0.006147643085569143,2.644867436174536e-07,0.01829521358013153,0.001998929539695382,0.015553404577076435,0.8089591860771179,0.0160966943949461
C:\Projects\TM470\data\processed\test\Russula\219_Tj5ZWF3-yCc.jpg,Russula/219_Tj5ZWF3-yCc.jpg,Russula,Russula,True,0.4751952290534973,0.0038595000078203,ResNet18,test,0.016044622287154198,0.05545268952846527,0.011338883079588413,0.01473981887102127,0.17665912210941315,0.0023772227577865124,0.018071718513965607,0.026826275512576103,0.18633747100830078,0.4751952290534973,0.016956876963377
C:\Projects\TM470\data\processed\test\Russula\220_LB02R316CKc.jpg,Russula/220_LB02R316CKc.jpg,Russula,Russula,True,0.9995094537734985,0.0037209000001894,ResNet18,test,0.00013471435522660613,2.3677841454627924e-05,5.751334356318694e-06,5.628801227430813e-05,2.9371524306043284e-06,5.826744642334347e-11,4.16308921558084e-06,5.557891213925359e-08,0.00025796584668569267,0.9995094537734985,4.988304226571927e-06
C:\Projects\TM470\data\processed\test\Russula\221_GAqgMbeBJ_w.jpg,Russula/221_GAqgMbeBJ_w.jpg,Russula,Russula,True,0.9951598048210144,0.0037244999984977,ResNet18,test,2.2165322661749087e-05,0.00011011380411218852,2.410576144029619e-06,0.00015082137542776763,6.07644153660658e-07,1.3409418020415842e-10,2.91773922072025e-05,1.6729786693758797e-06,0.004471377935260534,0.9951598048210144,5.1979164709337056e-05
C:\Projects\TM470\data\processed\test\Russula\222_l5ppfQIYS20.jpg,Russula/222_l5ppfQIYS20.jpg,Russula,Entoloma,False,0.5381401181221008,0.0038942999963182,ResNet18,test,0.028746262192726135,0.06117039918899536,0.052172981202602386,0.016666844487190247,0.5381401181221008,0.0026515580248087645,0.011979514732956886,0.01136101596057415,0.130292147397995,0.1391163170337677,0.007702806498855352
C:\Projects\TM470\data\processed\test\Russula\229_GvS-zosxGjw.jpg,Russula/229_GvS-zosxGjw.jpg,Russula,Russula,True,0.5948034524917603,0.0036980000004405,ResNet18,test,0.21379582583904266,0.12206078320741653,0.017473610118031502,0.0028053494170308113,0.003710992867127061,3.619062226789538e-06,0.001841100980527699,0.0007423483766615391,0.042414937168359756,0.5948034524917603,0.00034797179978340864
C:\Projects\TM470\data\processed\test\Russula\232_mX205dWbGSs.jpg,Russula/232_mX205dWbGSs.jpg,Russula,Russula,True,0.7874118685722351,0.0036672999995062,ResNet18,test,0.010376385413110256,0.0009348659077659249,0.10326125472784042,0.0017564414301887155,0.00039132829988375306,5.043610684651867e-08,0.00037198461359366775,5.785294342786074e-05,0.08927087485790253,0.7874118685722351,0.006167116109281778
C:\Projects\TM470\data\processed\test\Russula\237_ngiHar4V9OQ.jpg,Russula/237_ngiHar4V9OQ.jpg,Russula,Russula,True,0.9917808175086975,0.0038638999976683,ResNet18,test,0.0011098681716248393,0.0009792348137125373,0.00015029008500277996,0.0008368741255253553,4.683652150561102e-05,1.162740659310657e-07,8.058814273681492e-05,0.0023015739861875772,0.002473186468705535,0.9917808175086975,0.00024074141401797533
C:\Projects\TM470\data\processed\test\Russula\251_fEoTrBJW8cM.jpg,Russula/251_fEoTrBJW8cM.jpg,Russula,Russula,True,0.9249595403671265,0.0037489999958779,ResNet18,test,0.004147441126406193,0.0025155656039714813,0.003050018334761262,0.009099886752665043,0.003835238516330719,8.109073860396165e-06,0.0004653102078009397,0.0010716101387515664,0.04844285920262337,0.9249595403671265,0.002404347760602832
C:\Projects\TM470\data\processed\test\Russula\255_Kb8wme58c30.jpg,Russula/255_Kb8wme58c30.jpg,Russula,Russula,True,0.997142493724823,0.003827500011539,ResNet18,test,4.1631465137470514e-05,0.0001375237770844251,5.529205182597252e-08,0.00013390788808465004,0.0008586085750721395,8.245875982026973e-09,0.0011703119380399585,1.2945389244123362e-05,0.0004993316251784563,0.997142493724823,3.2090038075693883e-06
C:\Projects\TM470\data\processed\test\Russula\274_HgGEtks3OsI.jpg,Russula/274_HgGEtks3OsI.jpg,Russula,Russula,True,0.591465950012207,0.0040743999998085,ResNet18,test,0.011553813703358173,0.03342743590474129,0.0016337354900315404,0.01592407003045082,0.04295576736330986,0.0007259903941303492,0.025091098621487617,0.002736305119469762,0.27004265785217285,0.591465950012207,0.004443141166120768
C:\Projects\TM470\data\processed\test\Russula\275_pEbq4xW22Ag.jpg,Russula/275_pEbq4xW22Ag.jpg,Russula,Russula,True,0.9451799392700195,0.0037019000010332,ResNet18,test,0.013722429051995277,0.006002717185765505,0.00011215909034945071,0.015541194938123226,0.0010335842380300164,1.422332843503682e-05,0.001194624463096261,0.0030998289585113525,0.013666505925357342,0.9451799392700195,0.00043279118835926056
C:\Projects\TM470\data\processed\test\Russula\280_dQwEUooNmxU.jpg,Russula/280_dQwEUooNmxU.jpg,Russula,Russula,True,0.7571924924850464,0.0037294999929144,ResNet18,test,0.02185298502445221,0.06548848748207092,0.008938021026551723,0.006833618972450495,0.0039052648935467005,0.000235102663282305,0.0006635221070609987,0.08946721255779266,0.039336733520030975,0.7571924924850464,0.006086455192416906
C:\Projects\TM470\data\processed\test\Russula\284_mG2jZJaeiac.jpg,Russula/284_mG2jZJaeiac.jpg,Russula,Russula,True,0.869005560874939,0.00394999999844,ResNet18,test,0.003763635642826557,0.001824107370339334,0.00016631485777907073,0.001987731084227562,0.003019339172169566,1.532788132863061e-06,0.006662337109446526,0.0031150360591709614,0.10736510902643204,0.869005560874939,0.0030892430804669857
C:\Projects\TM470\data\processed\test\Russula\285_rVkKIZjTiRM.jpg,Russula/285_rVkKIZjTiRM.jpg,Russula,Inocybe,False,0.3045593798160553,0.0041821999911917,ResNet18,test,0.10207317769527435,0.16448429226875305,0.009755189530551434,0.02759004570543766,0.10390276461839676,0.0015557506121695042,0.017704013735055923,0.3045593798160553,0.14208561182022095,0.10980687290430069,0.016482893377542496
C:\Projects\TM470\data\processed\test\Russula\287_aSnnhXszXBg.jpg,Russula/287_aSnnhXszXBg.jpg,Russula,Amanita,False,0.5903866291046143,0.0038625000015599,ResNet18,test,0.049972373992204666,0.5903866291046143,0.009999331086874008,0.002259587636217475,0.004505426622927189,8.217763934226241e-06,0.00035765033680945635,0.0011777663603425026,0.010340368375182152,0.3298368752002716,0.0011557962279766798
C:\Projects\TM470\data\processed\test\Russula\298_6kweHNZ0RfI.jpg,Russula/298_6kweHNZ0RfI.jpg,Russula,Russula,True,0.9322561621665955,0.0036786999989999,ResNet18,test,0.0028217912185937166,0.013001413084566593,0.006192578934133053,0.04086273908615112,4.297330633562524e-06,6.779761196895606e-10,1.4028272744326387e-05,1.627749043109361e-05,0.0019663155544549227,0.9322561621665955,0.0028643959667533636
C:\Projects\TM470\data\processed\test\Russula\305_tdJxN8UQo7I.jpg,Russula/305_tdJxN8UQo7I.jpg,Russula,Russula,True,0.9883460402488708,0.0040713000053074,ResNet18,test,6.413295341189951e-05,3.435894541325979e-05,9.938416042132303e-06,0.00014646154886577278,8.150981739163399e-05,6.2059437588857236e-09,6.619134364882484e-05,9.46122599998489e-06,0.011199475266039371,0.9883460402488708,4.235288724885322e-05
C:\Projects\TM470\data\processed\test\Russula\317_8tQhlDlTHhY.jpg,Russula/317_8tQhlDlTHhY.jpg,Russula,Russula,True,0.9929514527320862,0.0041701999871293,ResNet18,test,0.00018903471936937422,9.007610060507432e-05,5.2600789786083624e-05,0.0015025991015136242,3.865419057547115e-05,3.839293754026585e-07,9.945810234057717e-06,4.1917370253941044e-05,0.005011287517845631,0.9929514527320862,0.00011213359539397061
C:\Projects\TM470\data\processed\test\Russula\322_Ai1EXB8gNws.jpg,Russula/322_Ai1EXB8gNws.jpg,Russula,Russula,True,0.8730484843254089,0.0039140000008046,ResNet18,test,0.019469721242785454,0.03545161709189415,0.001756698009558022,0.0313321091234684,0.004904921166598797,4.538955636235187e-06,0.0013976875925436616,0.0015200373018160462,0.023979539051651955,0.8730484843254089,0.007134579122066498
C:\Projects\TM470\data\processed\test\Russula\329_PxteNH5w9Yk.jpg,Russula/329_PxteNH5w9Yk.jpg,Russula,Russula,True,0.9972559809684753,0.0037524000072153,ResNet18,test,3.679438668768853e-05,5.25008981639985e-05,9.880278958007693e-05,0.0012516529532149434,1.405574494128814e-06,6.6126131237354e-09,2.635182136145886e-05,3.248045231885044e-06,0.0012341777328401804,0.9972559809684753,3.901274976669811e-05
C:\Projects\TM470\data\processed\test\Russula\333_7pP8aVQf3Do.jpg,Russula/333_7pP8aVQf3Do.jpg,Russula,Russula,True,0.9949488639831543,0.0039352000021608,ResNet18,test,9.112065527006052e-06,4.077455378137529e-05,0.0002466703299432993,0.00024138078151736408,1.4302878525995766e-06,8.499953518814607e-11,4.161478136666119e-05,5.21311108059308e-07,0.004389340057969093,0.9949488639831543,8.013904880499467e-05
C:\Projects\TM470\data\processed\test\Russula\338_HPnjALipi70.jpg,Russula/338_HPnjALipi70.jpg,Russula,Russula,True,0.9922991394996643,0.0037941999908071,ResNet18,test,1.1305978659947868e-05,2.535697421990335e-05,3.1712256713944953e-06,0.00017510050383862108,4.104350591660477e-05,1.3307779322957458e-09,4.343438195064664e-05,1.8975988496094942e-06,0.007381911855190992,0.9922991394996643,1.7790669517125934e-05
C:\Projects\TM470\data\processed\test\Russula\342_CJXxi8f2DOI.jpg,Russula/342_CJXxi8f2DOI.jpg,Russula,Russula,True,0.7649710178375244,0.0037622999952873,ResNet18,test,0.004026737529784441,0.0176100954413414,0.00025514428853057325,0.0061490596272051334,0.028418313711881638,8.404426807828713e-06,0.007706568576395512,0.005050281994044781,0.14650098979473114,0.7649710178375244,0.01930338516831398
C:\Projects\TM470\data\processed\test\Russula\349_YRE4p7LbKdg.jpg,Russula/349_YRE4p7LbKdg.jpg,Russula,Russula,True,0.8519653081893921,0.0036760999937541,ResNet18,test,0.04109586030244827,0.03992941975593567,0.037603169679641724,0.001317480462603271,0.0007201762055046856,1.934072457743241e-08,0.000506743264850229,0.0012109520612284541,0.017286062240600586,0.8519653081893921,0.008364892564713955
C:\Projects\TM470\data\processed\test\Russula\352_ykL56k89IoE.jpg,Russula/352_ykL56k89IoE.jpg,Russula,Russula,True,0.916596531867981,0.0038140999968163,ResNet18,test,0.0003080615133512765,0.001387251541018486,0.00048519103438593447,0.0001612546038813889,0.0005607738276012242,7.847394734028512e-09,0.00025991775328293443,3.418494816287421e-05,0.07916795462369919,0.916596531867981,0.0010388443479314446
C:\Projects\TM470\data\processed\test\Russula\354_SXkK0j9UPcc.jpg,Russula/354_SXkK0j9UPcc.jpg,Russula,Lactarius,False,0.5023835897445679,0.0039579000003868,ResNet18,test,0.0019798865541815758,0.05164550989866257,0.00865946989506483,0.16659778356552124,0.09060346335172653,0.003200154984369874,0.03665139153599739,0.058281004428863525,0.5023835897445679,0.04737379401922226,0.03262389451265335
C:\Projects\TM470\data\processed\test\Russula\366_Rmr_uH_m3Lc.jpg,Russula/366_Rmr_uH_m3Lc.jpg,Russula,Russula,True,0.9869188666343689,0.0037460000021383,ResNet18,test,2.9259694201755337e-05,3.125076909782365e-05,7.73646570451092e-06,0.00048760155914351344,5.588063345385308e-07,1.0793138084663756e-11,0.0006901549058966339,3.7836662158952095e-07,0.0115608349442482,0.9869188666343689,0.00027323391987010837
C:\Projects\TM470\data\processed\test\Russula\375_h9oJuORZEoQ.jpg,Russula/375_h9oJuORZEoQ.jpg,Russula,Russula,True,0.9660629630088806,0.0036562999885063,ResNet18,test,0.0019876558799296618,0.0012895299587398767,0.0074538979679346085,0.003916282206773758,5.5605512898182496e-05,3.7860834822822653e-07,0.0001309271319769323,0.000227461161557585,0.01626221090555191,0.9660629630088806,0.0026131614577025175
C:\Projects\TM470\data\processed\test\Russula\382_etpGgqzjXAw.jpg,Russula/382_etpGgqzjXAw.jpg,Russula,Russula,True,0.4567614793777466,0.003714000005857,ResNet18,test,0.005496379919350147,0.3491389751434326,0.0001040852366713807,0.015082248486578465,0.030491821467876434,2.9973431082908064e-05,0.021136464551091194,0.06953270733356476,0.04865463450551033,0.4567614793777466,0.003571191104128957
C:\Projects\TM470\data\processed\test\Russula\391_FoHQbZ-kW6k.jpg,Russula/391_FoHQbZ-kW6k.jpg,Russula,Russula,True,0.9353469014167786,0.0036689999978989,ResNet18,test,0.00047538807848468423,0.003854194190353155,3.958915840485133e-06,0.0021791572216898203,0.002527126343920827,4.123323833482573e-06,0.002241757931187749,0.0003932361432816833,0.05283573642373085,0.9353469014167786,0.00013843727356288582
C:\Projects\TM470\data\processed\test\Russula\396_vxteiV8es0s.jpg,Russula/396_vxteiV8es0s.jpg,Russula,Russula,True,0.5695590376853943,0.0037685999996028,ResNet18,test,0.19706861674785614,0.011554432101547718,0.007158305030316114,0.008663147687911987,0.015501044690608978,1.3678491086466238e-05,0.006073450669646263,0.0006532588740810752,0.16933892667293549,0.5695590376853943,0.014416097663342953
C:\Projects\TM470\data\processed\test\Russula\398_0WzJw-BGE1E.jpg,Russula/398_0WzJw-BGE1E.jpg,Russula,Russula,True,0.9855136275291443,0.0039270999986911,ResNet18,test,0.0025534778833389282,0.002033734694123268,0.00016951715224422514,0.00188443495426327,1.4602056580770295e-05,7.19452586395164e-08,0.00012460599828045815,0.0013542239321395755,0.006087418179959059,0.9855136275291443,0.00026426100521348417
C:\Projects\TM470\data\processed\test\Russula\401_ZfuzzDXFsRU.jpg,Russula/401_ZfuzzDXFsRU.jpg,Russula,Inocybe,False,0.6317062973976135,0.0041717000131029,ResNet18,test,0.02238614670932293,0.021302558481693268,0.026708729565143585,0.013787705451250076,0.01585029624402523,0.058968909084796906,0.0035784689243882895,0.6317062973976135,0.01851952075958252,0.1755973994731903,0.01159390714019537
C:\Projects\TM470\data\processed\test\Russula\406_krT07UQMp10.jpg,Russula/406_krT07UQMp10.jpg,Russula,Russula,True,0.3477981686592102,0.0037814999959664,ResNet18,test,0.10260432213544846,0.0454823337495327,0.007110757753252983,0.01314313244074583,0.11961076408624649,0.0001619652030058205,0.01688186265528202,0.00323123880662024,0.3292984068393707,0.3477981686592102,0.014677025377750397
C:\Projects\TM470\data\processed\test\Russula\409_BMzCz6qsXNs.jpg,Russula/409_BMzCz6qsXNs.jpg,Russula,Russula,True,0.9528866410255432,0.0038120999961392,ResNet18,test,0.016957873478531837,0.011952679604291916,0.002691817469894886,0.00030776220955885947,0.0003665895201265812,1.7863172274701355e-07,6.465328624472022e-05,0.00047879680641926825,0.012048465199768543,0.9528866410255432,0.0022444555070251226
C:\Projects\TM470\data\processed\test\Russula\412_hK_N_vllKHo.jpg,Russula/412_hK_N_vllKHo.jpg,Russula,Russula,True,0.8160601854324341,0.0038133000052766,ResNet18,test,0.0012177717871963978,0.000775810971390456,0.007141328416764736,0.010400733910501003,0.0007194144418463111,1.1161969126760596e-07,0.00015103649639058858,0.00013296156248543411,0.15141041576862335,0.8160601854324341,0.011990275233983994
C:\Projects\TM470\data\processed\test\Russula\415_UJ1wPsUTn48.jpg,Russula/415_UJ1wPsUTn48.jpg,Russula,Russula,True,0.8318846821784973,0.0039378999936161,ResNet18,test,0.027628084644675255,0.03716173768043518,0.08576124161481857,0.0002550404751673341,4.2799580114660785e-05,4.407876286194323e-10,3.5258086427347735e-05,7.267079490702599e-05,0.004595584701746702,0.8318846821784973,0.012562844902276993
C:\Projects\TM470\data\processed\test\Russula\416_HL5U3TXaTig.jpg,Russula/416_HL5U3TXaTig.jpg,Russula,Russula,True,0.9654297232627869,0.0041568000015104,ResNet18,test,0.006467429455369711,0.003931917250156403,0.0015515148406848311,0.00733537832275033,0.0002422349207336083,1.7698907868179958e-06,9.162269998341799e-05,0.000394092669012025,0.011763465590775013,0.9654297232627869,0.0027910545468330383
C:\Projects\TM470\data\processed\test\Russula\421_8j91Sr4g8Kc.jpg,Russula/421_8j91Sr4g8Kc.jpg,Russula,Russula,True,0.9961655139923096,0.0038228999910643,ResNet18,test,0.00020727189257740974,0.0006679464131593704,2.3540146685263608e-06,0.0003692745231091976,0.0002818612556438893,7.812912627969126e-08,0.00021822276175953448,3.756700152734993e-06,0.0020769534166902304,0.9961655139923096,6.729206688760314e-06
C:\Projects\TM470\data\processed\test\Russula\426_RHi0dlqqt8o.jpg,Russula/426_RHi0dlqqt8o.jpg,Russula,Inocybe,False,0.6877543926239014,0.0038036000041756,ResNet18,test,0.0052459691651165485,0.012904861010611057,0.06552285701036453,0.033041272312402725,0.012489565648138523,0.01805231347680092,0.07236278057098389,0.6877543926239014,0.02717510424554348,0.011540818959474564,0.05391000956296921
C:\Projects\TM470\data\processed\test\Russula\427_x9THSIBmhjg.jpg,Russula/427_x9THSIBmhjg.jpg,Russula,Russula,True,0.5674580931663513,0.0041423999937251,ResNet18,test,0.09784799814224243,0.022390179336071014,0.01137834507972002,0.001123499940149486,0.011468188837170601,6.3304119066742714e-06,0.004776354879140854,0.0005997593980282545,0.2807762026786804,0.5674580931663513,0.002175037981942296
C:\Projects\TM470\data\processed\test\Russula\430_DSSYi6MPrgM.jpg,Russula/430_DSSYi6MPrgM.jpg,Russula,Russula,True,0.9717848300933838,0.00389360000554,ResNet18,test,0.001353148720227182,0.00046922554611228406,0.0010677212849259377,0.0020540552213788033,0.00010784903133753687,7.623799547218368e-07,0.00010884697258006781,0.00022340170107781887,0.022457877174019814,0.9717848300933838,0.0003723730915226042
C:\Projects\TM470\data\processed\test\Russula\431_6aLV-mYubzE.jpg,Russula/431_6aLV-mYubzE.jpg,Russula,Russula,True,0.49491995573043823,0.0037843000027351,ResNet18,test,0.1490788459777832,0.022905487567186356,0.015593275427818298,0.06025323644280434,0.029332244768738747,5.7715733419172466e-05,0.011697087436914444,0.03441037982702255,0.17215335369110107,0.49491995573043823,0.009598434902727604
C:\Projects\TM470\data\processed\test\Russula\437_CT0j4-xyw0U.jpg,Russula/437_CT0j4-xyw0U.jpg,Russula,Russula,True,0.998114824295044,0.0037645999982487,ResNet18,test,2.3825456082704477e-05,0.00040056699072010815,5.298512860463234e-06,0.0004054924938827753,7.073235792631749e-06,1.4175304485775087e-08,0.0003723484114743769,8.537266694474965e-06,0.0006366558955051005,0.998114824295044,2.5284425646532327e-05
C:\Projects\TM470\data\processed\test\Russula\439_Qy56g_UefV0.jpg,Russula/439_Qy56g_UefV0.jpg,Russula,Russula,True,0.7001787424087524,0.0038859000051161,ResNet18,test,0.007439845707267523,0.0027401549741625786,0.028316406533122063,0.0009873778326436877,0.0009903294267132878,6.889290489198174e-07,0.000348169996868819,0.0021190750412642956,0.2529805898666382,0.7001787424087524,0.0038986559957265854
C:\Projects\TM470\data\processed\test\Russula\441_OLHvhkXV5z4.jpg,Russula/441_OLHvhkXV5z4.jpg,Russula,Russula,True,0.9978534579277039,0.0037037000001873,ResNet18,test,6.850158388260752e-05,0.0002543618902564049,1.5384124196771154e-07,0.00010780592856463045,0.00011769466800615191,9.490644936605008e-10,0.0005085915327072144,1.7866611869976623e-06,0.001078777713701129,0.9978534579277039,8.85903682501521e-06
C:\Projects\TM470\data\processed\test\Russula\448_EjNRPvABLWs.jpg,Russula/448_EjNRPvABLWs.jpg,Russula,Russula,True,0.9970155954360962,0.0037359000125434,ResNet18,test,0.0003379500412847847,0.00041809279355220497,0.00029091318720020354,0.00010096833284478635,1.7653874238021672e-05,7.3396351218946165e-09,7.176200597314164e-05,3.565438964869827e-05,0.0016393772093579173,0.9970155954360962,7.192775228759274e-05
C:\Projects\TM470\data\processed\test\Russula\452_LFlsAAAX9hI.jpg,Russula/452_LFlsAAAX9hI.jpg,Russula,Russula,True,0.818794846534729,0.0037097999884281,ResNet18,test,0.022458836436271667,0.0348234623670578,0.01281309686601162,0.019762804731726646,0.01048671267926693,0.0001723955210763961,0.0028649410232901573,0.005922983400523663,0.06363444030284882,0.818794846534729,0.008265422657132149
C:\Projects\TM470\data\processed\test\Russula\454_uTMl-t0RwNE.jpg,Russula/454_uTMl-t0RwNE.jpg,Russula,Russula,True,0.5390561819076538,0.0037818999990122,ResNet18,test,0.13026155531406403,0.18363094329833984,0.010798534378409386,0.008725155144929886,0.03848517686128616,0.00016182368563022465,0.007587877567857504,0.0032338020391762257,0.07083214074373245,0.5390561819076538,0.0072267921641469
C:\Projects\TM470\data\processed\test\Russula\458_qK1_4b1eE6c.jpg,Russula/458_qK1_4b1eE6c.jpg,Russula,Russula,True,0.981738269329071,0.003717499988852,ResNet18,test,0.0010006383527070284,0.005955355241894722,0.004053907468914986,0.0023338417522609234,9.665305697126314e-05,1.8634164433706246e-08,5.762118234997615e-05,2.7194837457500398e-05,0.004381620325148106,0.981738269329071,0.00035493794712238014
C:\Projects\TM470\data\processed\test\Russula\462_gCvKxkgbErI.jpg,Russula/462_gCvKxkgbErI.jpg,Russula,Inocybe,False,0.23353777825832367,0.0041098999936366,ResNet18,test,0.006071497220546007,0.20033040642738342,0.02765013463795185,0.13285011053085327,0.014406119473278522,4.607834489434026e-05,0.04920128732919693,0.23353777825832367,0.1585523635149002,0.054153166711330414,0.12320110946893692
C:\Projects\TM470\data\processed\test\Russula\469_EEz8Pm-LqCM.jpg,Russula/469_EEz8Pm-LqCM.jpg,Russula,Russula,True,0.9790889620780945,0.0043310000037308,ResNet18,test,0.001963407965376973,0.007741907611489296,5.701570989913307e-05,0.0002588076749816537,0.00048176152631640434,2.190981973626549e-08,0.0010506579419597983,0.001562444376759231,0.007153394632041454,0.9790889620780945,0.0006416289834305644
C:\Projects\TM470\data\processed\test\Russula\473_-0mqqVq-2vk.jpg,Russula/473_-0mqqVq-2vk.jpg,Russula,Russula,True,0.5899463891983032,0.0037959000037517,ResNet18,test,0.047347456216812134,0.04476874694228172,0.0020682213362306356,0.003690276527777314,0.027763165533542633,2.3917824364616536e-05,0.021463215351104736,0.00259414198808372,0.25901398062705994,0.5899463891983032,0.0013204470742493868
C:\Projects\TM470\data\processed\test\Russula\476_fuSt9QgGDIk.jpg,Russula/476_fuSt9QgGDIk.jpg,Russula,Boletus,False,0.7879180312156677,0.0037595999892801,ResNet18,test,0.0014228374930098653,0.03647918999195099,0.7879180312156677,0.03264942392706871,0.009691755287349224,1.598817834747024e-05,0.029994122684001923,0.002310757525265217,0.07884585112333298,0.005145709030330181,0.015526356175541878
C:\Projects\TM470\data\processed\test\Russula\480_74nq3Oj1T0M.jpg,Russula/480_74nq3Oj1T0M.jpg,Russula,Russula,True,0.9956734776496887,0.0038670999929308,ResNet18,test,9.218138438882306e-05,0.00018523471953812987,5.7731836022867355e-06,0.00012565213546622545,6.246918928809464e-05,4.876066217462949e-11,0.00011761362111428753,1.1422388297432917e-06,0.0036773786414414644,0.9956734776496887,5.902439443161711e-05
C:\Projects\TM470\data\processed\test\Russula\483_iDdkz4PNlOg.jpg,Russula/483_iDdkz4PNlOg.jpg,Russula,Russula,True,0.9997443556785583,0.003808299996308,ResNet18,test,1.3314745501702419e-06,1.6940987279667752e-06,1.1541427511474467e-06,0.000107448038761504,5.45353184833175e-09,3.486700132174919e-13,3.922777978004888e-06,1.0724829913044687e-08,0.00012858743139076978,0.9997443556785583,1.1481942237878684e-05
C:\Projects\TM470\data\processed\test\Russula\490_Y5gzpOreJV8.jpg,Russula/490_Y5gzpOreJV8.jpg,Russula,Russula,True,0.9946553707122803,0.0038556000072276,ResNet18,test,0.0003191221330780536,0.0005138107808306813,0.0003483845212031156,0.00026994169456884265,1.5887777408352122e-05,2.5500908051867555e-08,1.4723445929121226e-05,9.971383406082168e-06,0.003709540469571948,0.9946553707122803,0.00014326846576295793
C:\Projects\TM470\data\processed\test\Russula\494_4l6A9UlJ6HY.jpg,Russula/494_4l6A9UlJ6HY.jpg,Russula,Russula,True,0.8851815462112427,0.0039889000036055,ResNet18,test,0.011839018203318119,0.04918826371431351,0.0009774998761713505,0.0020717219449579716,0.002665040548890829,1.1533843462530058e-05,0.0014380038483068347,0.0320628359913826,0.01247198786586523,0.8851815462112427,0.0020926303695887327
C:\Projects\TM470\data\processed\test\Russula\497_hMPS4Vhoqqk.jpg,Russula/497_hMPS4Vhoqqk.jpg,Russula,Russula,True,0.9741131067276001,0.0036829999880865,ResNet18,test,0.002782233292236924,0.002369023161008954,8.457664807792753e-05,0.0023134774528443813,0.00017759695765562356,1.0807261929812739e-07,0.0003550002002157271,0.0004111648304387927,0.01265430822968483,0.9741131067276001,0.004739440977573395
C:\Projects\TM470\data\processed\test\Russula\498_iH4yNw872aM.jpg,Russula/498_iH4yNw872aM.jpg,Russula,Russula,True,0.9975702166557312,0.003810499998508,ResNet18,test,2.806792736009811e-06,1.1772820471378509e-05,2.112006995957927e-06,7.393457781290635e-05,6.474278961832169e-07,2.025965506469163e-11,1.913176674861461e-05,2.634245390709111e-07,0.002304745139554143,0.9975702166557312,1.4329755686048884e-05
C:\Projects\TM470\data\processed\test\Russula\502_nJw7weRVBlc.jpg,Russula/502_nJw7weRVBlc.jpg,Russula,Russula,True,0.9831891059875488,0.0039191999967442,ResNet18,test,0.00021339529484976083,3.0008170142536983e-05,0.0011305444641038775,0.0014814286259934306,1.1185219591425266e-05,4.520556018405841e-08,3.454760872045881e-06,1.892678119475022e-05,0.01349186897277832,0.9831891059875488,0.00043011989328078926
C:\Projects\TM470\data\processed\test\Russula\511_viHZPnkp9nI.jpg,Russula/511_viHZPnkp9nI.jpg,Russula,Russula,True,0.7154932618141174,0.003758499995456,ResNet18,test,0.009865875355899334,0.2208298146724701,0.0005488171009346843,0.005351204890757799,0.0002340018836548552,1.3883078509024926e-07,0.0021793742198497057,0.01923740841448307,0.005037151277065277,0.7154932618141174,0.021222908049821854
C:\Projects\TM470\data\processed\test\Russula\513_e8OAjXau1_g.jpg,Russula/513_e8OAjXau1_g.jpg,Russula,Russula,True,0.8435729742050171,0.0041327999933855,ResNet18,test,0.005126176867634058,0.00260093342512846,0.007366216275840998,0.006735267583280802,9.614043665351346e-05,2.098866502819874e-08,0.0016179339727386832,0.0001065957112587057,0.07561842352151871,0.8435729742050171,0.05715932324528694
C:\Projects\TM470\data\processed\test\Russula\515_-fmv5frqmeQ.jpg,Russula/515_-fmv5frqmeQ.jpg,Russula,Russula,True,0.7113894820213318,0.0037848999927518,ResNet18,test,0.0017035563942044973,0.27157947421073914,0.0005518306861631572,0.006461224518716335,0.0003147734678350389,4.2710905745479977e-07,0.0012982338666915894,0.0011814750032499433,0.0030537869315594435,0.7113894820213318,0.002465711673721671
C:\Projects\TM470\data\processed\test\Russula\517_0X-ur3MZ6-g.jpg,Russula/517_0X-ur3MZ6-g.jpg,Russula,Cortinarius,False,0.6030964851379395,0.0043291000038152,ResNet18,test,0.004954836331307888,0.0013271038187667727,0.018749745562672615,0.6030964851379395,0.0019126603147014976,8.605030598118901e-05,0.005611051339656115,0.11170901358127594,0.12945012748241425,0.005405559670180082,0.11769743263721466
C:\Projects\TM470\data\processed\test\Russula\518_ddwb9zDz0EA.jpg,Russula/518_ddwb9zDz0EA.jpg,Russula,Exidia,False,0.36536431312561035,0.0056530000001657,ResNet18,test,0.014511993154883385,0.02091384306550026,0.2473934143781662,0.17664946615695953,0.0007421530317515135,0.36536431312561035,0.0006647561676800251,0.0881839245557785,0.08074231445789337,0.0041716680862009525,0.0006621608044952154
C:\Projects\TM470\data\processed\test\Russula\519_MgcY6NzuGRg.jpg,Russula/519_MgcY6NzuGRg.jpg,Russula,Russula,True,0.9161633849143982,0.0045733000006293,ResNet18,test,0.04280745983123779,0.002626692410558462,0.0041659255512058735,0.005913525354117155,6.92900430294685e-05,3.034777762422891e-07,0.00015903133316896856,0.005982952658087015,0.012823134660720825,0.9161633849143982,0.009288210421800613
C:\Projects\TM470\data\processed\test\Russula\519__Yn0OFxI1q4.jpg,Russula/519__Yn0OFxI1q4.jpg,Russula,Inocybe,False,0.31623199582099915,0.0038515999913215,ResNet18,test,0.03511539846658707,0.053454943001270294,0.1320176124572754,0.035266127437353134,0.10797610133886337,0.0777796059846878,0.011939038522541523,0.31623199582099915,0.0828113704919815,0.12702080607414246,0.02038697898387909
C:\Projects\TM470\data\processed\test\Russula\521_PoCOMLLE194.jpg,Russula/521_PoCOMLLE194.jpg,Russula,Russula,True,0.4880468547344208,0.004175900001428,ResNet18,test,0.04051743075251579,0.03515942022204399,0.012017384171485901,0.027499565854668617,0.037478502839803696,0.016354266554117203,0.004084209445863962,0.12260875850915909,0.17274008691310883,0.4880468547344208,0.043493516743183136
C:\Projects\TM470\data\processed\test\Russula\522_HB75V6h0zHA.jpg,Russula/522_HB75V6h0zHA.jpg,Russula,Russula,True,0.9927743673324585,0.0039058999973349,ResNet18,test,3.602362266974524e-05,4.788469959748909e-05,0.00042515675886534154,0.0016610650345683098,7.754562830086797e-06,6.553427800426448e-10,1.0237760761810932e-05,1.1553051990631502e-05,0.003752739867195487,0.9927743673324585,0.0012731837341561913
C:\Projects\TM470\data\processed\test\Russula\529_ailR88iHnVk.jpg,Russula/529_ailR88iHnVk.jpg,Russula,Russula,True,0.970942497253418,0.0038731999957235,ResNet18,test,0.0030223357025533915,0.001087507582269609,0.0034973248839378357,0.011647465638816357,1.5553770936094224e-05,4.948743637100961e-08,5.44088616152294e-05,0.0002368853602092713,0.004584598820656538,0.970942497253418,0.004911383148282766
C:\Projects\TM470\data\processed\test\Russula\530_0Er0JIn-St8.jpg,Russula/530_0Er0JIn-St8.jpg,Russula,Russula,True,0.8373503088951111,0.0038063000101828,ResNet18,test,0.018927907571196556,0.0049263061955571175,0.0004056848993059248,0.006795135792344809,0.0011204936308786273,1.0988787124688315e-07,0.007088197860866785,0.00029698648722842336,0.11157937347888947,0.8373503088951111,0.011509532108902931
C:\Projects\TM470\data\processed\test\Russula\531_nA8Zxo2h3PI.jpg,Russula/531_nA8Zxo2h3PI.jpg,Russula,Russula,True,0.8367035984992981,0.0039479999977629,ResNet18,test,0.0023948880843818188,0.0007084023673087358,0.026614828035235405,0.0028274303767830133,4.221042399876751e-05,1.7732693891048257e-07,1.4963231478759553e-05,0.0053753177635371685,0.0591408796608448,0.8367035984992981,0.06617726385593414
C:\Projects\TM470\data\processed\test\Russula\533_HFOAEH-GMI8.jpg,Russula/533_HFOAEH-GMI8.jpg,Russula,Russula,True,0.8804055452346802,0.0039853000052971,ResNet18,test,0.008966127410531044,0.006472952663898468,0.02598288282752037,0.0014341692440211773,4.124779661651701e-05,6.90192436536563e-09,4.4667100155493245e-05,0.0005852966569364071,0.02252129837870598,0.8804055452346802,0.053545739501714706
C:\Projects\TM470\data\processed\test\Russula\534_qpoLwy-f_Xo.jpg,Russula/534_qpoLwy-f_Xo.jpg,Russula,Russula,True,0.9202361702919006,0.0039257999887922,ResNet18,test,7.452113641193137e-05,0.00029795183218084276,0.0002817469649016857,0.0010681570274755359,0.0002629556111060083,1.6874091457452778e-08,0.00020888772269245237,4.718343916465528e-05,0.07713674008846283,0.9202361702919006,0.00038565887371078134
C:\Projects\TM470\data\processed\test\Russula\538_KQ94jYukaKU.jpg,Russula/538_KQ94jYukaKU.jpg,Russula,Russula,True,0.32023757696151733,0.00385809999716,ResNet18,test,0.1642211675643921,0.17776475846767426,0.09475705772638321,0.04742831736803055,0.02467016503214836,0.0007938554626889527,0.006060151383280754,0.013615376316010952,0.12525707483291626,0.32023757696151733,0.025194456800818443
C:\Projects\TM470\data\processed\test\Russula\538_tf4RCsz9upY.jpg,Russula/538_tf4RCsz9upY.jpg,Russula,Russula,True,0.7725502848625183,0.0041587999876355,ResNet18,test,0.0580085813999176,0.049811046570539474,0.04901532083749771,0.004128014203161001,0.004085354041308165,3.7977847000547627e-07,0.002125718165189028,0.00024198910978157073,0.05407995358109474,0.7725502848625183,0.005953354761004448
C:\Projects\TM470\data\processed\test\Russula\548_28oWJjM1dis.jpg,Russula/548_28oWJjM1dis.jpg,Russula,Russula,True,0.4683176577091217,0.0040407000051345,ResNet18,test,0.07864644378423691,0.06436600536108017,0.04945329576730728,0.024000108242034912,0.07286424189805984,0.019222265109419823,0.030116600915789604,0.046739380806684494,0.1330394297838211,0.4683176577091217,0.013234610669314861
C:\Projects\TM470\data\processed\test\Russula\551_wGsl1ac6chs.jpg,Russula/551_wGsl1ac6chs.jpg,Russula,Russula,True,0.6334550976753235,0.0037778000114485,ResNet18,test,0.003345874138176441,0.00020128126197960228,0.03304757550358772,0.04274803400039673,9.336371476820204e-06,4.449422519314794e-08,0.00013307342305779457,0.00080555968452245,0.23571792244911194,0.6334550976753235,0.05053621530532837
C:\Projects\TM470\data\processed\test\Russula\552_ihVJ4T4Sss8.jpg,Russula/552_ihVJ4T4Sss8.jpg,Russula,Russula,True,0.4618378281593323,0.0038023000088287,ResNet18,test,0.1450822502374649,0.016338814049959183,0.008979346603155136,0.004889786243438721,0.024941151961684227,9.314710496255429e-07,0.0028686143923550844,0.0006450078799389303,0.31393367052078247,0.4618378281593323,0.02048254758119583
C:\Projects\TM470\data\processed\test\Russula\555_FEOGSD31AJA.jpg,Russula/555_FEOGSD31AJA.jpg,Russula,Russula,True,0.7619025707244873,0.0038491999875986,ResNet18,test,0.009175590239465237,0.012317949905991554,0.07927445322275162,0.04381725937128067,0.001253248192369938,1.9502840586937964e-06,0.0002190911618527025,0.0008422760874964297,0.05534876883029938,0.7619025707244873,0.03584692254662514
C:\Projects\TM470\data\processed\test\Russula\556_ppbtXziu5ZQ.jpg,Russula/556_ppbtXziu5ZQ.jpg,Russula,Russula,True,0.5056566596031189,0.0039484000008087,ResNet18,test,0.01812773197889328,0.02216867357492447,0.0015032753581181169,0.009523842483758926,0.1462802290916443,2.6679081202019006e-05,0.019085243344306946,0.0863921269774437,0.18056228756904602,0.5056566596031189,0.01067320629954338
C:\Projects\TM470\data\processed\test\Russula\557_QAd1lVBkjXU.jpg,Russula/557_QAd1lVBkjXU.jpg,Russula,Lactarius,False,0.21302293241024017,0.0041550000023562,ResNet18,test,0.017619745805859566,0.149150550365448,0.03513229638338089,0.035753726959228516,0.18803934752941132,0.0005655947024933994,0.07440558820962906,0.07612459361553192,0.21302293241024017,0.18132725358009338,0.02885841764509678
C:\Projects\TM470\data\processed\test\Russula\560_cMc-iWHiAlE.jpg,Russula/560_cMc-iWHiAlE.jpg,Russula,Entoloma,False,0.49765315651893616,0.0038640999991912,ResNet18,test,0.10004214942455292,0.11457640677690506,0.036426179111003876,0.018524786457419395,0.49765315651893616,0.0011365279788151383,0.011646694503724575,0.01736360602080822,0.13422080874443054,0.04469454288482666,0.023715198040008545
C:\Projects\TM470\data\processed\test\Russula\569_JW9oRUfkNN0.jpg,Russula/569_JW9oRUfkNN0.jpg,Russula,Amanita,False,0.7479400038719177,0.0044743000034941,ResNet18,test,0.07299783080816269,0.7479400038719177,0.0002756684843916446,0.04864472150802612,0.01693020947277546,9.106517609325238e-06,0.009112564846873283,0.003374730935320258,0.004301025997847319,0.09203249961137772,0.004381641745567322
C:\Projects\TM470\data\processed\test\Russula\572_yBKxg92PsOQ.jpg,Russula/572_yBKxg92PsOQ.jpg,Russula,Russula,True,0.9675172567367554,0.0042357000056654,ResNet18,test,0.0009319871896877885,0.0008681320468895137,0.0017716159345582128,0.019437642768025398,0.0004446364182513207,3.822582948487252e-05,0.00033066875766962767,0.00016920773487072438,0.008375667035579681,0.9675172567367554,0.00011498495587147772
C:\Projects\TM470\data\processed\test\Russula\575_gWC0enFjtPM.jpg,Russula/575_gWC0enFjtPM.jpg,Russula,Russula,True,0.5918803215026855,0.0039698000036878,ResNet18,test,0.005966089200228453,0.036072663962841034,0.000288499693851918,0.003969525918364525,0.026040833443403244,1.006042384688044e-05,0.01890556514263153,0.039380963891744614,0.2614569067955017,0.5918803215026855,0.01602853462100029
C:\Projects\TM470\data\processed\test\Russula\580_ntj_DGdqmvA.jpg,Russula/580_ntj_DGdqmvA.jpg,Russula,Russula,True,0.9806561470031738,0.0044775999995181,ResNet18,test,0.0005864351987838745,0.0003967521188315004,0.002144032157957554,0.0018378263339400291,7.644519791938365e-05,2.1271400783007266e-06,1.900254574138671e-05,0.000532601960003376,0.012799379415810108,0.9806561470031738,0.0009492574026808143
C:\Projects\TM470\data\processed\test\Russula\588__rRMnuidFcw.jpg,Russula/588__rRMnuidFcw.jpg,Russula,Russula,True,0.8749213218688965,0.0046447000058833,ResNet18,test,0.040521040558815,0.012719440273940563,0.00011827627895399928,0.004404972307384014,0.023055212572216988,5.037810751673533e-06,0.0037281212862581015,0.011353311128914356,0.026577457785606384,0.8749213218688965,0.00259586819447577
C:\Projects\TM470\data\processed\test\Russula\590_uV2vuMobSEM.jpg,Russula/590_uV2vuMobSEM.jpg,Russula,Russula,True,0.5131707787513733,0.0044087999995099,ResNet18,test,0.008541446179151535,0.002697812393307686,0.0009203031659126282,0.0037052424158900976,0.0089578153565526,5.727950451728248e-07,0.001149923773482442,0.0003775494114961475,0.442949116230011,0.5131707787513733,0.017529385164380074
C:\Projects\TM470\data\processed\test\Russula\591_mUNB-xH-tCw.jpg,Russula/591_mUNB-xH-tCw.jpg,Russula,Russula,True,0.725300133228302,0.003845299987006,ResNet18,test,0.03695175051689148,0.01771600730717182,0.11188473552465439,0.0069902860559523106,0.0022403262555599213,1.2930154298373964e-06,0.0011458165245130658,0.0007155908388085663,0.07336394488811493,0.725300133228302,0.023690098896622658
C:\Projects\TM470\data\processed\test\Russula\605_KtkMUv-JJ5I.jpg,Russula/605_KtkMUv-JJ5I.jpg,Russula,Russula,True,0.9981714487075806,0.0037604999961331,ResNet18,test,0.0002122411096934229,0.00015936821000650525,4.150302629568614e-06,0.00045378177310340106,3.8077309000073e-05,8.131312512205113e-09,2.2517457182402723e-05,1.719534157018643e-05,0.0008816593326628208,0.9981714487075806,3.957171429647133e-05
C:\Projects\TM470\data\processed\test\Russula\608_0aU_jR-I9JA.jpg,Russula/608_0aU_jR-I9JA.jpg,Russula,Russula,True,0.9768097996711731,0.0038226000033318,ResNet18,test,0.0045206500217318535,0.005288074724376202,0.00031551835127174854,0.001596959074959159,0.0006779336254112422,6.42029726805049e-06,0.0003190948336850852,0.0008488924358971417,0.009516128338873386,0.9768097996711731,0.00010051542631117627
C:\Projects\TM470\data\processed\test\Russula\619_iJOS5fLgNQU.jpg,Russula/619_iJOS5fLgNQU.jpg,Russula,Russula,True,0.8476322889328003,0.0040685999993002,ResNet18,test,0.02578873559832573,0.005987122189253569,0.002164964098483324,0.018813274800777435,0.0011880220845341682,1.2260670700925402e-07,0.0012718297075480223,0.00018746468413155526,0.08307182788848877,0.8476322889328003,0.013894413597881794
C:\Projects\TM470\data\processed\test\Russula\624_AB7Ht1J6_Ts.jpg,Russula/624_AB7Ht1J6_Ts.jpg,Russula,Russula,True,0.931653618812561,0.0038210999919101,ResNet18,test,0.0021495388355106115,0.007180154789239168,0.0033406110014766455,0.014549086801707745,0.00047644160804338753,5.183956545806723e-06,0.00012000580318272114,0.0011270696995779872,0.029967112466692924,0.931653618812561,0.00943121686577797
C:\Projects\TM470\data\processed\test\Russula\635_CzRg4ZH0g3s.jpg,Russula/635_CzRg4ZH0g3s.jpg,Russula,Boletus,False,0.28209733963012695,0.0040086999943014,ResNet18,test,0.028376497328281403,0.07465200871229172,0.28209733963012695,0.056017037481069565,0.03289259970188141,0.006850880570709705,0.07695556432008743,0.05462433025240898,0.2643326222896576,0.08609980344772339,0.03710130229592323
C:\Projects\TM470\data\processed\test\Russula\650_p3glAsLgTMs.jpg,Russula/650_p3glAsLgTMs.jpg,Russula,Boletus,False,0.8245458602905273,0.0038868999981787,ResNet18,test,0.001138934399932623,0.0915239006280899,0.8245458602905273,0.006501826457679272,9.65917297435226e-06,1.9565307596280945e-08,9.496982966084033e-05,0.0020485594868659973,0.004149722401052713,0.04971245303750038,0.020274125039577484
C:\Projects\TM470\data\processed\test\Russula\667_m3O20kXwdDE.jpg,Russula/667_m3O20kXwdDE.jpg,Russula,Russula,True,0.9936782717704773,0.003806099994108,ResNet18,test,1.2484101716836449e-05,4.616878868546337e-05,0.00029676672420464456,0.00011818893108284101,4.677365723182447e-06,7.685694858317049e-10,1.6028665413614362e-05,5.674832664226415e-06,0.005764662753790617,0.9936782717704773,5.697306914953515e-05
C:\Projects\TM470\data\processed\test\Russula\668_5paJFA7_Ua8.jpg,Russula/668_5paJFA7_Ua8.jpg,Russula,Russula,True,0.969897449016571,0.0044008999975631,ResNet18,test,0.0034806374460458755,0.002084500389173627,0.00011780477507272735,0.0071904463693499565,0.0007527679554186761,1.4809871800025576e-06,0.0015857475809752941,0.008324944414198399,0.006199241150170565,0.969897449016571,0.0003649296413641423
C:\Projects\TM470\data\processed\test\Russula\674_hp6AgJkRPZQ.jpg,Russula/674_hp6AgJkRPZQ.jpg,Russula,Russula,True,0.8868566751480103,0.0042420000099809,ResNet18,test,0.00395007012411952,0.03576255217194557,0.0012139882892370224,0.009311984293162823,0.0014960456173866987,1.2399800652929116e-07,0.004869570955634117,0.000981573248282075,0.04974539950489998,0.8868566751480103,0.005812063813209534
C:\Projects\TM470\data\processed\test\Russula\681_EsZTIQlfMjc.jpg,Russula/681_EsZTIQlfMjc.jpg,Russula,Inocybe,False,0.6208399534225464,0.003788899994106,ResNet18,test,0.025410879403352737,0.02679421938955784,0.03382706269621849,0.01894255355000496,0.013801949098706245,0.07221036404371262,0.005999371409416199,0.6208399534225464,0.025723259896039963,0.1377217322587967,0.01872870698571205
C:\Projects\TM470\data\processed\test\Russula\689_A6I1XAc367A.jpg,Russula/689_A6I1XAc367A.jpg,Russula,Russula,True,0.9961620569229126,0.0042535000102361,ResNet18,test,0.00016074886661954224,0.0028812026139348745,1.7869612065624096e-06,8.912335033528507e-05,0.00026699816226027906,1.5627536242845963e-07,8.648509538033977e-05,2.3956226868904196e-05,0.0003193207085132599,0.9961620569229126,8.319351763930172e-06
C:\Projects\TM470\data\processed\test\Russula\703_Nptow3WB0qw.jpg,Russula/703_Nptow3WB0qw.jpg,Russula,Russula,True,0.9986679553985596,0.0041901000076904,ResNet18,test,4.75555725643062e-06,1.8271495719091035e-05,2.078328975585464e-07,1.0089352144859731e-05,8.107817848213017e-06,3.117769584171093e-11,5.712481652153656e-05,6.258491112021147e-07,0.0012247656704857945,0.9986679553985596,8.138379598676693e-06
C:\Projects\TM470\data\processed\test\Russula\705_zyUROKt6OHs.jpg,Russula/705_zyUROKt6OHs.jpg,Russula,Russula,True,0.7322677969932556,0.0039139000000432,ResNet18,test,0.005887843668460846,0.004050763789564371,0.04937916621565819,0.026147905737161636,0.00016186806897167116,6.58307556022919e-07,0.0015780770918354392,0.0026064058765769005,0.162903293967247,0.7322677969932556,0.015016126446425915
C:\Projects\TM470\data\processed\test\Russula\719_RWQ7F3kVyZ8.jpg,Russula/719_RWQ7F3kVyZ8.jpg,Russula,Russula,True,0.8860448002815247,0.003804800013313,ResNet18,test,7.571568130515516e-05,7.975943299243227e-05,4.159328091191128e-05,0.000933784176595509,1.2875623724539764e-05,6.868888569044884e-09,2.3889271687949076e-05,0.00010685201414162293,0.11129019409418106,0.8860448002815247,0.0013906053500249982
C:\Projects\TM470\data\processed\test\Russula\727_GqKz3HCWl0c.jpg,Russula/727_GqKz3HCWl0c.jpg,Russula,Russula,True,0.9869210720062256,0.0038166000013006,ResNet18,test,9.695768312667497e-06,4.390069079818204e-05,2.8638627554755658e-05,5.406065611168742e-05,1.222314949700376e-06,6.049166029198361e-11,5.205307752476074e-05,2.9443929179251427e-06,0.012761358171701431,0.9869210720062256,0.00012496794806793332
C:\Projects\TM470\data\processed\test\Russula\728_GKNcKK0yCIc.jpg,Russula/728_GKNcKK0yCIc.jpg,Russula,Russula,True,0.9885863661766052,0.0041905000107362,ResNet18,test,1.420669286744669e-05,0.003745698370039463,3.352165367687121e-05,0.0017117188544943929,1.0282704351993743e-05,6.448155343008466e-10,0.00036035978700965643,3.3236356102861464e-06,0.005443406756967306,0.9885863661766052,9.111765393754467e-05
C:\Projects\TM470\data\processed\test\Russula\737_CKVsLcd_U7c.jpg,Russula/737_CKVsLcd_U7c.jpg,Russula,Russula,True,0.9970963001251221,0.0037984999944455,ResNet18,test,0.0004552255559246987,8.325657108798623e-05,4.218807225697674e-05,3.483124601189047e-05,1.4219104741641786e-05,6.517387518556461e-09,7.861864105507266e-06,5.768908977188403e-06,0.0022388745564967394,0.9970963001251221,2.1456964532262646e-05
C:\Projects\TM470\data\processed\test\Russula\738_erZ8MolTf3U.jpg,Russula/738_erZ8MolTf3U.jpg,Russula,Russula,True,0.9757189154624939,0.0040295000071637,ResNet18,test,0.002504246775060892,0.0008017006330192089,0.0002591021475382149,0.007144688628613949,0.0006169303087517619,5.822922162224131e-07,0.0003050010127481073,5.621472519123927e-05,0.01178005151450634,0.9757189154624939,0.0008124642190523446
C:\Projects\TM470\data\processed\test\Russula\756_vp2vfTitRMQ.jpg,Russula/756_vp2vfTitRMQ.jpg,Russula,Russula,True,0.9998699426651001,0.0041689000063342,ResNet18,test,6.976246822887333e-06,9.283397162107576e-07,3.315233811918006e-07,1.7972648720387951e-06,7.227568943335427e-08,9.328999297239862e-14,4.3091472434753086e-07,1.161602036781062e-09,0.00011872332106577232,0.9998699426651001,7.101974688339396e-07
C:\Projects\TM470\data\processed\test\Russula\757_iadA7ihhNeQ.jpg,Russula/757_iadA7ihhNeQ.jpg,Russula,Russula,True,0.9972749352455139,0.0037975999875925,ResNet18,test,2.067443165287841e-05,7.541916420450434e-05,1.6294367810587573e-07,3.0882496503181756e-05,0.00015549642557743937,1.0764446001232386e-09,3.381356145837344e-05,2.7650028187053977e-06,0.0024029717314988375,0.9972749352455139,2.929527227024664e-06
C:\Projects\TM470\data\processed\test\Russula\761_PoCeQSN4r0Y.jpg,Russula/761_PoCeQSN4r0Y.jpg,Russula,Russula,True,0.9999183416366577,0.0040907999937189,ResNet18,test,4.791528454006766e-07,2.160141411877703e-05,4.970294185113744e-07,9.673399290477391e-06,1.6007289715957995e-08,1.0374378222807734e-13,1.1362951227056328e-05,1.94373139805748e-09,3.7355559470597655e-05,0.9999183416366577,6.984642482166237e-07
C:\Projects\TM470\data\processed\test\Russula\764_Km8WK13K9DM.jpg,Russula/764_Km8WK13K9DM.jpg,Russula,Russula,True,0.9964951872825623,0.0040942000050563,ResNet18,test,2.036846308328677e-05,1.2741907994495705e-05,1.4457983525062446e-05,0.0005513022770173848,2.3976658667379525e-06,3.077514909577417e-09,1.947576311067678e-05,1.6297466345349676e-06,0.0028599535580724478,0.9964951872825623,2.2531068680109456e-05
C:\Projects\TM470\data\processed\test\Russula\773_rvHJQsLi9cg.jpg,Russula/773_rvHJQsLi9cg.jpg,Russula,Russula,True,0.9732140898704529,0.0040852000092854,ResNet18,test,0.0012588849058374763,0.0019438484450802207,0.00013535030302591622,0.0003810014168266207,0.001392530044540763,3.3066714877350023e-07,0.0005538567784242332,0.00014172852388583124,0.02080642245709896,0.9732140898704529,0.00017186382319778204
C:\Projects\TM470\data\processed\test\Russula\777_1makiuR24D8.jpg,Russula/777_1makiuR24D8.jpg,Russula,Russula,True,0.879323422908783,0.004287400006433,ResNet18,test,0.0003990190743934363,0.0005541514256037772,0.0017214542021974921,0.0001795871794456616,0.00029298788285814226,6.976450528384248e-10,0.0003161001077387482,2.6145493393414654e-05,0.11534817516803741,0.879323422908783,0.001838859636336565
C:\Projects\TM470\data\processed\test\Russula\781_6bHC50w-YyU.jpg,Russula/781_6bHC50w-YyU.jpg,Russula,Russula,True,0.9564104080200195,0.0038043999957153,ResNet18,test,0.009008994325995445,0.0009271354065276682,0.0006903513567522168,0.000727128004655242,0.0005072958301752806,1.4406293757929234e-07,0.0003402889415156096,1.0422304512758274e-05,0.031000236049294472,0.9564104080200195,0.00037753419019281864
C:\Projects\TM470\data\processed\test\Russula\789_ZOAABwfjsvE.jpg,Russula/789_ZOAABwfjsvE.jpg,Russula,Russula,True,0.7116689085960388,0.0040479000017512,ResNet18,test,0.0941992700099945,0.023817218840122223,0.1018870398402214,0.0014423105167225003,0.0027962385211139917,2.3368032842085995e-08,0.0014590873615816236,0.00014259645831771195,0.05141880735754967,0.7116689085960388,0.0111685236915946
C:\Projects\TM470\data\processed\test\Russula\790_XgJL7jUO0n0.jpg,Russula/790_XgJL7jUO0n0.jpg,Russula,Lactarius,False,0.4189757704734802,0.0038280000007944,ResNet18,test,0.04083658754825592,0.017023643478751183,0.003940346650779247,0.0028906320221722126,0.1430569887161255,6.110320828156546e-05,0.0020230012014508247,0.007115119136869907,0.4189757704734802,0.3513534367084503,0.012723376043140888
C:\Projects\TM470\data\processed\test\Russula\791_bmziJQYOR-0.jpg,Russula/791_bmziJQYOR-0.jpg,Russula,Russula,True,0.46817436814308167,0.0037657000066246,ResNet18,test,0.13909436762332916,0.17445077002048492,0.0017264309572055936,0.0035370977129787207,0.07519688457250595,2.7196153951081214e-06,0.03433086350560188,0.0021938884165138006,0.09577737003564835,0.46817436814308167,0.005515208467841148
C:\Projects\TM470\data\processed\test\Suillus\004_LMWP6X0bx7g.jpg,Suillus/004_LMWP6X0bx7g.jpg,Suillus,Russula,False,0.8106268048286438,0.0039666999946348,ResNet18,test,0.0010632064659148455,0.0010707720648497343,0.020513886585831642,0.02830493450164795,0.0008048958261497319,4.887963314104127e-06,0.00014790632121730596,0.0026694312691688538,0.11724202334880829,0.8106268048286438,0.01755111664533615
C:\Projects\TM470\data\processed\test\Suillus\005_4zrEN39EHeU.jpg,Suillus/005_4zrEN39EHeU.jpg,Suillus,Inocybe,False,0.4803580045700073,0.0041565999999875,ResNet18,test,0.002455631271004677,0.047363728284835815,0.0006082056206651032,0.13433629274368286,0.1336595118045807,0.005085755605250597,0.15179087221622467,0.4803580045700073,0.02738049626350403,0.005720119923353195,0.0112413689494133
C:\Projects\TM470\data\processed\test\Suillus\006_8Su_kJ43Mho.jpg,Suillus/006_8Su_kJ43Mho.jpg,Suillus,Russula,False,0.25042128562927246,0.0040728000021772,ResNet18,test,0.017443928867578506,0.05044101923704147,0.23956923186779022,0.11780679225921631,0.01121271587908268,0.0013261588755995035,0.00940843764692545,0.13520179688930511,0.13722844421863556,0.25042128562927246,0.029940178617835045
C:\Projects\TM470\data\processed\test\Suillus\013_SzBeuYLeWzY.jpg,Suillus/013_SzBeuYLeWzY.jpg,Suillus,Russula,False,0.4875173568725586,0.0038356000004569,ResNet18,test,0.0009121048497036099,0.00043528052628971636,0.00011729133257176727,0.005670200102031231,0.003350671846419573,4.1944311135466705e-08,0.0031016042921692133,0.0002106736646965146,0.480166494846344,0.4875173568725586,0.018518274649977684
C:\Projects\TM470\data\processed\test\Suillus\020_qW3wRprNQuU.jpg,Suillus/020_qW3wRprNQuU.jpg,Suillus,Suillus,True,0.307656466960907,0.0038150000036694,ResNet18,test,0.014188319444656372,0.06279100477695465,0.006613312754780054,0.11864706873893738,0.024001536890864372,9.109553502639756e-05,0.13575010001659393,0.13631750643253326,0.15058840811252594,0.04335519298911095,0.307656466960907
C:\Projects\TM470\data\processed\test\Suillus\024_b9YCAgUxfLc.jpg,Suillus/024_b9YCAgUxfLc.jpg,Suillus,Suillus,True,0.35223934054374695,0.0038954000046942,ResNet18,test,0.003010849002748728,0.006906477268785238,0.029479356482625008,0.07697543501853943,0.0003110513207502663,1.0838331945706159e-05,0.00010692021169234067,0.10719208419322968,0.28913214802742004,0.13463550806045532,0.35223934054374695
C:\Projects\TM470\data\processed\test\Suillus\035_GGH3qG0fqcg.jpg,Suillus/035_GGH3qG0fqcg.jpg,Suillus,Russula,False,0.3938991129398346,0.0038608999893767,ResNet18,test,0.0701952874660492,0.057366013526916504,0.024851704016327858,0.044063374400138855,0.16481110453605652,0.02647484838962555,0.015137788839638233,0.07390707731246948,0.0900784432888031,0.3938991129398346,0.039215151220560074
C:\Projects\TM470\data\processed\test\Suillus\042_S8g3kuvZPb4.jpg,Suillus/042_S8g3kuvZPb4.jpg,Suillus,Russula,False,0.3367191553115845,0.0038128000014694,ResNet18,test,0.02036331593990326,0.00626438157632947,0.034089457243680954,0.008451232686638832,0.001848210347816348,2.2863009689899627e-06,0.0021944523323327303,0.04510176554322243,0.327987939119339,0.3367191553115845,0.2169778198003769
C:\Projects\TM470\data\processed\test\Suillus\053_pR_9bsx0WUU.jpg,Suillus/053_pR_9bsx0WUU.jpg,Suillus,Lactarius,False,0.3400982618331909,0.0041278999997302,ResNet18,test,0.019451797008514404,0.05728045478463173,0.02679320052266121,0.18275879323482513,0.020316708832979202,0.0009274088079109788,0.005934304092079401,0.10491558909416199,0.3400982618331909,0.16617532074451447,0.07534810900688171
C:\Projects\TM470\data\processed\test\Suillus\057_QjMKHaEMZBI.jpg,Suillus/057_QjMKHaEMZBI.jpg,Suillus,Lactarius,False,0.5333682298660278,0.00401370000327,ResNet18,test,0.0004726459737867117,0.0005131115322001278,0.004381966777145863,0.009890676476061344,0.00019654769857879728,5.565399874285504e-07,0.0015024811727926135,0.0019111463334411383,0.5333682298660278,0.3837580680847168,0.0640045776963234
C:\Projects\TM470\data\processed\test\Suillus\059_JRPx07CUp9I.jpg,Suillus/059_JRPx07CUp9I.jpg,Suillus,Russula,False,0.4033679664134979,0.0038108999870019,ResNet18,test,0.004857948981225491,0.2208811640739441,0.005443141330033541,0.014874361455440521,0.0017070667818188667,2.2604089622291212e-07,0.017914459109306335,0.012200610712170601,0.09060267359018326,0.4033679664134979,0.22815044224262238
C:\Projects\TM470\data\processed\test\Suillus\060_HFmPuFBK7f4.jpg,Suillus/060_HFmPuFBK7f4.jpg,Suillus,Russula,False,0.7870412468910217,0.0041475000034552,ResNet18,test,0.023063072934746742,0.008401925675570965,0.035743556916713715,0.011732920072972775,0.018507027998566628,5.326438099473307e-07,0.011910472065210342,0.0002522343711461872,0.09074724465608597,0.7870412468910217,0.012599710375070572
C:\Projects\TM470\data\processed\test\Suillus\063_DU3VJmB-I14.jpg,Suillus/063_DU3VJmB-I14.jpg,Suillus,Lactarius,False,0.6675499677658081,0.0041949000005843,ResNet18,test,0.0004629284667316824,0.0023869045544415712,0.0012508942745625973,0.006689532659947872,0.005620642565190792,3.252891360716603e-07,0.002653262112289667,0.0018286996055394411,0.6675499677658081,0.30534616112709045,0.00621067127212882
C:\Projects\TM470\data\processed\test\Suillus\066_uFngOMLuPrE.jpg,Suillus/066_uFngOMLuPrE.jpg,Suillus,Inocybe,False,0.6164555549621582,0.0041165000002365,ResNet18,test,0.004569673910737038,0.0074471072293818,0.00015306330169551075,0.1838931441307068,0.0224290918558836,0.0001242009166162461,0.02039467729628086,0.6164555549621582,0.05497414618730545,0.029956525191664696,0.059602830559015274
C:\Projects\TM470\data\processed\test\Suillus\071_pDklNEHcmB8.jpg,Suillus/071_pDklNEHcmB8.jpg,Suillus,Boletus,False,0.34282755851745605,0.0042857000080402,ResNet18,test,0.004282464273273945,0.12113195657730103,0.34282755851745605,0.10003045946359634,0.008327819406986237,0.0006884561735205352,0.08612428605556488,0.04203125461935997,0.07981839030981064,0.04734036326408386,0.16739702224731445
C:\Projects\TM470\data\processed\test\Suillus\072_qfIXcNPk1eM.jpg,Suillus/072_qfIXcNPk1eM.jpg,Suillus,Inocybe,False,0.24046075344085693,0.0038105999992694,ResNet18,test,0.03874565660953522,0.058466311544179916,0.08662715554237366,0.10829952359199524,0.035150833427906036,0.014550498686730862,0.029297754168510437,0.24046075344085693,0.13266178965568542,0.07683602720499039,0.17890366911888123
C:\Projects\TM470\data\processed\test\Suillus\076_eqA9_q6_9JU.jpg,Suillus/076_eqA9_q6_9JU.jpg,Suillus,Russula,False,0.28470370173454285,0.0038370999973267,ResNet18,test,0.02670035883784294,0.06321568787097931,0.00013598303485196084,0.1896858513355255,0.026832273229956627,1.2205544408061542e-05,0.2548881769180298,0.05854037404060364,0.03639109805226326,0.28470370173454285,0.05889430642127991
C:\Projects\TM470\data\processed\test\Suillus\103_jpMZm4FpWNQ.jpg,Suillus/103_jpMZm4FpWNQ.jpg,Suillus,Suillus,True,0.845670223236084,0.0067006000026594,ResNet18,test,6.470461812568828e-05,0.004233990330249071,0.04014525189995766,0.05621372535824776,2.5452945919823833e-06,2.59257948442837e-08,0.0012347527081146836,0.0027837646193802357,0.0480426624417305,0.0016083637019619346,0.845670223236084
C:\Projects\TM470\data\processed\test\Suillus\105_ywBhq3G8x-g.jpg,Suillus/105_ywBhq3G8x-g.jpg,Suillus,Lactarius,False,0.37055569887161255,0.0038433000008808,ResNet18,test,0.0011836703633889556,0.027138065546751022,0.0005338111659511924,0.009388254955410957,0.001017057802528143,2.1458288301801076e-07,0.030436541885137558,0.02475658804178238,0.37055569887161255,0.297508180141449,0.237481951713562
C:\Projects\TM470\data\processed\test\Suillus\109_BXGWNC8c4aw.jpg,Suillus/109_BXGWNC8c4aw.jpg,Suillus,Boletus,False,0.479352205991745,0.0037687000003643,ResNet18,test,0.0030525056645274162,0.005318582523614168,0.479352205991745,0.002696663374081254,0.00030222852365113795,1.0586457392491866e-05,0.00013029521505814046,0.007209243718534708,0.13650280237197876,0.2989175319671631,0.06650742143392563
C:\Projects\TM470\data\processed\test\Suillus\110_GXWZjkiIn3U.jpg,Suillus/110_GXWZjkiIn3U.jpg,Suillus,Lactarius,False,0.420164555311203,0.0038100999954622,ResNet18,test,0.00787692703306675,0.0012544650817289948,0.02583131566643715,0.023806132376194,0.00012329340097494423,2.075283191516064e-05,0.0003442847519181669,0.07478135824203491,0.420164555311203,0.09736322611570358,0.3484337329864502
C:\Projects\TM470\data\processed\test\Suillus\123_CK6TqHiLN8s.jpg,Suillus/123_CK6TqHiLN8s.jpg,Suillus,Russula,False,0.7272998690605164,0.0038805000076536,ResNet18,test,0.008102469146251678,0.0007628591847606003,0.004737470764666796,0.02649141289293766,0.0005748733528889716,1.640081137566085e-07,0.0006420758436433971,0.0004659365804400295,0.1710016131401062,0.7272998690605164,0.059921253472566605
C:\Projects\TM470\data\processed\test\Suillus\124_A3Rr6EGcEuc.jpg,Suillus/124_A3Rr6EGcEuc.jpg,Suillus,Suillus,True,0.5532397031784058,0.0039746999973431,ResNet18,test,0.10568219423294067,0.0035096099600195885,0.04006098955869675,0.09001359343528748,0.002043587388470769,6.351991760311648e-05,0.00020667821809183806,0.05899827554821968,0.12685832381248474,0.019323479384183884,0.5532397031784058
C:\Projects\TM470\data\processed\test\Suillus\135_jpc6hxtvXcY.jpg,Suillus/135_jpc6hxtvXcY.jpg,Suillus,Amanita,False,0.314846396446228,0.0039410000026691,ResNet18,test,0.011417653411626816,0.314846396446228,0.030100129544734955,0.02766525372862816,0.05525851249694824,0.011993525549769402,0.11317487061023712,0.29934391379356384,0.09151159226894379,0.01635570079088211,0.028332486748695374
C:\Projects\TM470\data\processed\test\Suillus\140_AElK4TLjpHw.jpg,Suillus/140_AElK4TLjpHw.jpg,Suillus,Russula,False,0.4500768184661865,0.0039269999979296,ResNet18,test,0.05144119635224342,0.015236715786159039,0.1974889636039734,0.014902968890964985,0.0066255563870072365,0.0002249647950520739,0.002440469106659293,0.01160728931427002,0.19903360307216644,0.4500768184661865,0.050921481102705
C:\Projects\TM470\data\processed\test\Suillus\143_4I78Lp4NctA.jpg,Suillus/143_4I78Lp4NctA.jpg,Suillus,Inocybe,False,0.336058646440506,0.0039205000066431,ResNet18,test,0.0029065136332064867,0.06528391689062119,0.02377866953611374,0.039480388164520264,0.12208539247512817,0.010986543260514736,0.3021667003631592,0.336058646440506,0.02992776595056057,0.012156620621681213,0.05516887828707695
C:\Projects\TM470\data\processed\test\Suillus\150_jLg9QQo1nOg.jpg,Suillus/150_jLg9QQo1nOg.jpg,Suillus,Entoloma,False,0.4516838788986206,0.0038692999951308,ResNet18,test,0.017329489812254906,0.053156640380620956,2.3719538148725405e-05,0.002229919657111168,0.4516838788986206,1.677875297900755e-05,0.07107856124639511,0.0018488867208361626,0.05808093398809433,0.3436442017555237,0.0009069664520211518
C:\Projects\TM470\data\processed\test\Suillus\152_uGhPmWPTFe8.jpg,Suillus/152_uGhPmWPTFe8.jpg,Suillus,Russula,False,0.43930569291114807,0.0039268999971682,ResNet18,test,0.08656395226716995,0.12720969319343567,0.01936369761824608,0.019124697893857956,0.00357018131762743,0.0005076178931631148,0.0012803258141502738,0.18653500080108643,0.1023208424448967,0.43930569291114807,0.014218329451978207
C:\Projects\TM470\data\processed\test\Suillus\153_iWtEXcs9CUw.jpg,Suillus/153_iWtEXcs9CUw.jpg,Suillus,Russula,False,0.8312104940414429,0.003985699993791,ResNet18,test,0.0039036148227751255,0.005159422289580107,0.0005308550898917019,0.0014664349146187305,0.005202219821512699,2.330300276298658e-06,0.009694554843008518,0.0007766431081108749,0.1394682079553604,0.8312104940414429,0.0025852450635284185
C:\Projects\TM470\data\processed\test\Suillus\159_8OhWm5aBdYo.jpg,Suillus/159_8OhWm5aBdYo.jpg,Suillus,Russula,False,0.872075617313385,0.0039851000037742,ResNet18,test,0.04221106693148613,0.013947993516921997,0.05076276510953903,0.0005238677258603275,7.274230301845819e-05,1.6287636128708982e-08,7.914889283711091e-05,0.0004914577002637088,0.012348543852567673,0.872075617313385,0.00748672429472208
C:\Projects\TM470\data\processed\test\Suillus\174_G_tZXZc2BS8.jpg,Suillus/174_G_tZXZc2BS8.jpg,Suillus,Russula,False,0.4971427619457245,0.004308999996283,ResNet18,test,0.0971827581524849,0.02487960085272789,0.0010552597232162952,0.06146110221743584,0.02896648831665516,0.0004937188932672143,0.047617148607969284,0.09801217913627625,0.13146567344665527,0.4971427619457245,0.01172336470335722
C:\Projects\TM470\data\processed\test\Suillus\186_Zx-rs9g1O2M.jpg,Suillus/186_Zx-rs9g1O2M.jpg,Suillus,Hygrocybe,False,0.6547152400016785,0.0040175000031013,ResNet18,test,0.00042127896449528635,0.010461890138685703,0.023064132779836655,0.08288250863552094,0.07705104351043701,0.00010949786519631743,0.6547152400016785,0.0189700685441494,0.10587822645902634,0.002845379989594221,0.02360072173178196
C:\Projects\TM470\data\processed\test\Suillus\187_rbfGR0jzf1M.jpg,Suillus/187_rbfGR0jzf1M.jpg,Suillus,Suillus,True,0.582958996295929,0.0038795000000391,ResNet18,test,0.002936892444267869,0.000653553637675941,0.025673873722553253,0.21235768496990204,3.614744855440222e-05,0.00010158494114875793,4.5544518798124045e-05,0.062241602689027786,0.10125258564949036,0.01174156740307808,0.582958996295929
C:\Projects\TM470\data\processed\test\Suillus\195_4bcpABEJmZ0.jpg,Suillus/195_4bcpABEJmZ0.jpg,Suillus,Cortinarius,False,0.5032094120979309,0.0039088999910745,ResNet18,test,0.0006602556095458567,0.05261686071753502,0.006301423534750938,0.5032094120979309,0.0023125666193664074,6.786265294067562e-05,0.30605411529541016,0.009900519624352455,0.026911333203315735,0.007063544355332851,0.08490212261676788
C:\Projects\TM470\data\processed\test\Suillus\197_0xmjWv0BbOU.jpg,Suillus/197_0xmjWv0BbOU.jpg,Suillus,Lactarius,False,0.3233906626701355,0.003879700001562,ResNet18,test,0.02891310304403305,0.13274134695529938,0.00677376938983798,0.010136185213923454,0.004297181032598019,1.3880996903026244e-06,0.0076521821320056915,0.04754696413874626,0.3233906626701355,0.21618501842021942,0.22236217558383942
C:\Projects\TM470\data\processed\test\Suillus\209_7dBOxsmYgEg.jpg,Suillus/209_7dBOxsmYgEg.jpg,Suillus,Suillus,True,0.4722810983657837,0.0041966999997384,ResNet18,test,0.014482592232525349,0.013921285048127174,0.44077882170677185,0.048017170280218124,2.116610630764626e-06,1.513597580604653e-09,0.0002670122776180506,0.00010392368858447298,0.0066842264495790005,0.003461669199168682,0.4722810983657837
C:\Projects\TM470\data\processed\test\Suillus\217_ZAXchPHjhcE.jpg,Suillus/217_ZAXchPHjhcE.jpg,Suillus,Lactarius,False,0.3138510286808014,0.0038993000052869,ResNet18,test,0.003685822943225503,0.010900365188717842,0.00439654802903533,0.08166079223155975,0.0011976697714999318,2.966612782984157e-06,0.006169384811073542,0.025098929181694984,0.3138510286808014,0.2603379189968109,0.2926985025405884
C:\Projects\TM470\data\processed\test\Suillus\228_LjjB-u2A1pU.jpg,Suillus/228_LjjB-u2A1pU.jpg,Suillus,Boletus,False,0.8541460633277893,0.0038870999997016,ResNet18,test,0.003890151856467128,0.011364348232746124,0.8541460633277893,0.02561204321682453,0.0007783955079503357,1.2743971637974028e-06,0.0009829956106841564,0.0008888090378604829,0.0144258514046669,0.0027002866845577955,0.08520971983671188
C:\Projects\TM470\data\processed\test\Suillus\239_pLvnF05ewak.jpg,Suillus/239_pLvnF05ewak.jpg,Suillus,Boletus,False,0.37569504976272583,0.0039545000036014,ResNet18,test,0.007222476880997419,0.23853802680969238,0.37569504976272583,0.02145078405737877,0.01196533627808094,0.0034804826136678457,0.016447221860289574,0.2535407245159149,0.024260500445961952,0.014751638285815716,0.03264770656824112
C:\Projects\TM470\data\processed\test\Suillus\246_dDYtt6MpmiI.jpg,Suillus/246_dDYtt6MpmiI.jpg,Suillus,Boletus,False,0.8319703340530396,0.0039093999948818,ResNet18,test,0.00881941244006157,0.07390280812978745,0.8319703340530396,0.006688620429486036,0.0030376145150512457,6.900084486005653e-07,0.008873964659869671,0.0009175355662591755,0.022972213104367256,0.011782986111938953,0.031033821403980255
C:\Projects\TM470\data\processed\test\Suillus\255_9-ELp1gnP9Q.jpg,Suillus/255_9-ELp1gnP9Q.jpg,Suillus,Lactarius,False,0.5749950408935547,0.003912100000889,ResNet18,test,0.030613243579864502,0.01599004492163658,0.02215738035738468,0.03269534185528755,0.01772630214691162,6.573446444235742e-05,0.006219562608748674,0.0521014928817749,0.5749950408935547,0.19081592559814453,0.05661989375948906
C:\Projects\TM470\data\processed\test\Suillus\286_3SyGqemn_aQ.jpg,Suillus/286_3SyGqemn_aQ.jpg,Suillus,Russula,False,0.3973100781440735,0.0039699999906588,ResNet18,test,0.01339653879404068,0.07458627223968506,0.0033461505081504583,0.02944037690758705,0.11438770592212677,3.0356008210219443e-05,0.049092311412096024,0.02278997004032135,0.27075639367103577,0.3973100781440735,0.02486385963857174
C:\Projects\TM470\data\processed\test\Suillus\287_uBlS4Qgx1HQ.jpg,Suillus/287_uBlS4Qgx1HQ.jpg,Suillus,Russula,False,0.31124210357666016,0.0039650999970035,ResNet18,test,0.10727421939373016,0.0026958102826029062,0.04652523621916771,0.20894382894039154,0.00350556499324739,6.725232424287242e-07,0.006706637796014547,0.007281072903424501,0.2191821187734604,0.31124210357666016,0.08664275705814362
C:\Projects\TM470\data\processed\test\Suillus\289_BYUT_xNeNAg.jpg,Suillus/289_BYUT_xNeNAg.jpg,Suillus,Russula,False,0.9694501161575317,0.0039151999953901,ResNet18,test,0.0034089917317032814,0.006071522366255522,9.19835438253358e-05,0.00468970462679863,0.00011951614578720182,1.3609832194561022e-07,0.00035017135087400675,0.0028956220485270023,0.007780253887176514,0.9694501161575317,0.005142063368111849
C:\Projects\TM470\data\processed\test\Suillus\293_zL8A0olEfaA.jpg,Suillus/293_zL8A0olEfaA.jpg,Suillus,Russula,False,0.565424382686615,0.0039658999885432,ResNet18,test,0.020431656390428543,0.008687932975590229,0.0013576162746176124,0.05029454827308655,0.03444017842411995,0.00013923418009653687,0.022919103503227234,0.007687035016715527,0.2769254148006439,0.565424382686615,0.011692852713167667
C:\Projects\TM470\data\processed\test\Suillus\294_BX6ekzpPLto.jpg,Suillus/294_BX6ekzpPLto.jpg,Suillus,Inocybe,False,0.4747141897678375,0.0039258999895537,ResNet18,test,0.0048834108747541904,0.020952075719833374,0.08935898542404175,0.07609769701957703,0.0056853462010622025,0.011420573107898235,0.013821589760482311,0.4747141897678375,0.1063036322593689,0.0058047156780958176,0.1909576803445816
C:\Projects\TM470\data\processed\test\Suillus\302_C8yj39nTbnM.jpg,Suillus/302_C8yj39nTbnM.jpg,Suillus,Inocybe,False,0.2641158699989319,0.003939000001992,ResNet18,test,0.0034968615509569645,0.044117894023656845,0.022975565865635872,0.10267266631126404,0.006630612071603537,0.00011029811867047101,0.08947299420833588,0.2641158699989319,0.1866699755191803,0.0501633882522583,0.22957386076450348
C:\Projects\TM470\data\processed\test\Suillus\324_nslhbQyQ1Gk.jpg,Suillus/324_nslhbQyQ1Gk.jpg,Suillus,Boletus,False,0.835196852684021,0.0039345999975921,ResNet18,test,0.00027039842098020017,0.000648316228762269,0.835196852684021,0.03543582931160927,0.00013783889880869538,1.4090927606957848e-06,0.0016785537591204047,0.001517099211923778,0.08558306097984314,0.015177338384091854,0.024353329092264175
