image_path,true_label,predicted_label,correct,confidence,inference_time_sec,model_name,split
data/processed/test\Agaricus\003_4AurAO4Jil8.jpg,Agaricus,Russula,False,0.3540717661380768,0.03574490000028163,ResNet18,test
data/processed/test\Agaricus\014_DU4RE5bim5A.jpg,Agaricus,Agaricus,True,0.24103012681007385,0.00819480000063777,ResNet18,test
data/processed/test\Agaricus\016_qNYODERZEms.jpg,Agaricus,Russula,False,0.5223069190979004,0.008339799998793751,ResNet18,test
data/processed/test\Agaricus\019_aaTsKm7exKE.jpg,Agaricus,Agaricus,True,0.5779364705085754,0.007102399991708808,ResNet18,test
data/processed/test\Agaricus\020_vZJfrjIwmqU.jpg,Agaricus,Russula,False,0.3920489251613617,0.00671459999284707,ResNet18,test
data/processed/test\Agaricus\029_ZksYQQBGVIg.jpg,Agaricus,Agaricus,True,0.4008934795856476,0.0082947999908356,ResNet18,test
data/processed/test\Agaricus\048_iC9glWRw_EM.jpg,Agaricus,Agaricus,True,0.7816547155380249,0.006582000001799315,ResNet18,test
data/processed/test\Agaricus\052_z7PpmpKIPU4.jpg,Agaricus,Agaricus,True,0.583441972732544,0.008463399994070642,ResNet18,test
data/processed/test\Agaricus\055_Cggc3hvlPfg.jpg,Agaricus,Agaricus,True,0.5883311629295349,0.00800659999367781,ResNet18,test
data/processed/test\Agaricus\057_n1EFvW3JrYo.jpg,Agaricus,Cortinarius,False,0.30432412028312683,0.007181599998148158,ResNet18,test
data/processed/test\Agaricus\063_Fa4IMCTXq04.jpg,Agaricus,Agaricus,True,0.5619024038314819,0.007797299986123107,ResNet18,test
data/processed/test\Agaricus\069_W-jISbXJon8.jpg,Agaricus,Suillus,False,0.23138327896595,0.006705200008582324,ResNet18,test
data/processed/test\Agaricus\075_osC0agHm9UY.jpg,Agaricus,Russula,False,0.5908520817756653,0.006686400010949001,ResNet18,test
data/processed/test\Agaricus\083_mx9HfmWGwWo.jpg,Agaricus,Russula,False,0.6542887687683105,0.008744400009163655,ResNet18,test
data/processed/test\Agaricus\091_3BEGnmvAiRw.jpg,Agaricus,Inocybe,False,0.3058074414730072,0.007103800002369098,ResNet18,test
data/processed/test\Agaricus\093_Bz-kiIMN6EA.jpg,Agaricus,Entoloma,False,0.45473843812942505,0.00805920000129845,ResNet18,test
data/processed/test\Agaricus\115_Jd1nw0g-Z5c.jpg,Agaricus,Lactarius,False,0.5201897025108337,0.006655699995462783,ResNet18,test
data/processed/test\Agaricus\127_5z4-vDJFDS8.jpg,Agaricus,Russula,False,0.726929247379303,0.007864500003051944,ResNet18,test
data/processed/test\Agaricus\128_iITC2t8k-ao.jpg,Agaricus,Russula,False,0.6914666891098022,0.006701599995722063,ResNet18,test
data/processed/test\Agaricus\129_E1FD01dZMiw.jpg,Agaricus,Russula,False,0.9923502802848816,0.008044599991990253,ResNet18,test
data/processed/test\Agaricus\131_YrsaHYXAieo.jpg,Agaricus,Russula,False,0.5840297341346741,0.007090799990692176,ResNet18,test
data/processed/test\Agaricus\141_099PmS-9Xww.jpg,Agaricus,Agaricus,True,0.46540606021881104,0.006199199997354299,ResNet18,test
data/processed/test\Agaricus\147_eDN4yYIkeAs.jpg,Agaricus,Russula,False,0.4938248097896576,0.005067499994765967,ResNet18,test
data/processed/test\Agaricus\162_19HDdc3YjRs.jpg,Agaricus,Russula,False,0.9870392680168152,0.005314199996064417,ResNet18,test
data/processed/test\Agaricus\169_qqgFJZ8Zt4g.jpg,Agaricus,Amanita,False,0.384827196598053,0.004985399995348416,ResNet18,test
data/processed/test\Agaricus\171_wN-s2yo8YTs.jpg,Agaricus,Amanita,False,0.669637143611908,0.007676299996091984,ResNet18,test
data/processed/test\Agaricus\179_jfF8TJ9ZlvU.jpg,Agaricus,Russula,False,0.7374838590621948,0.004602000000886619,ResNet18,test
data/processed/test\Agaricus\206_W3JvSvV8oF8.jpg,Agaricus,Russula,False,0.5795601606369019,0.0056671999918762594,ResNet18,test
data/processed/test\Agaricus\211_2k-2vImOD5g.jpg,Agaricus,Russula,False,0.69798344373703,0.004887400005827658,ResNet18,test
data/processed/test\Agaricus\213_o8ynZBRKBSE.jpg,Agaricus,Inocybe,False,0.21238668262958527,0.005125600000610575,ResNet18,test
data/processed/test\Agaricus\226_0du5e8k_cCA.jpg,Agaricus,Russula,False,0.48651114106178284,0.004526299991994165,ResNet18,test
data/processed/test\Agaricus\228_2SjHadDRW6o.jpg,Agaricus,Agaricus,True,0.5532445311546326,0.004524000003584661,ResNet18,test
data/processed/test\Agaricus\237_y2JGdND-zxI.jpg,Agaricus,Boletus,False,0.5926796793937683,0.004516499990131706,ResNet18,test
data/processed/test\Agaricus\238_I1p90MwfEEw.jpg,Agaricus,Boletus,False,0.36130502820014954,0.00409290000970941,ResNet18,test
data/processed/test\Agaricus\270_Js1q2S-fR_Y.jpg,Agaricus,Amanita,False,0.5564179420471191,0.0049740999966161326,ResNet18,test
data/processed/test\Agaricus\272_r-A9DMTwWoM.jpg,Agaricus,Russula,False,0.6223047971725464,0.004858499989495613,ResNet18,test
data/processed/test\Agaricus\294_kPCOGW3Y_Ak.jpg,Agaricus,Russula,False,0.22429519891738892,0.004562999994959682,ResNet18,test
data/processed/test\Agaricus\300_VSw-oPLasfg.jpg,Agaricus,Entoloma,False,0.34162333607673645,0.004638800004613586,ResNet18,test
data/processed/test\Agaricus\323_5Es9oQ3LeGk.jpg,Agaricus,Russula,False,0.29725441336631775,0.004106899999896996,ResNet18,test
data/processed/test\Agaricus\349_Euf9XZEVTMc.jpg,Agaricus,Agaricus,True,0.3218352198600769,0.0045889000030001625,ResNet18,test
data/processed/test\Agaricus\354_VP-DWvLyI3w.jpg,Agaricus,Agaricus,True,0.30559614300727844,0.004494900000281632,ResNet18,test
data/processed/test\Agaricus\357__w_XUQZMZEw.jpg,Agaricus,Russula,False,0.8031741380691528,0.004397700002300553,ResNet18,test
data/processed/test\Agaricus\366_XEI1sAQds7w.jpg,Agaricus,Agaricus,True,0.2945482134819031,0.004430300003150478,ResNet18,test
data/processed/test\Agaricus\374_Xap1L15Z8BM.jpg,Agaricus,Russula,False,0.5740121006965637,0.004318399995099753,ResNet18,test
data/processed/test\Agaricus\384_T_p5cKpLpsc.jpg,Agaricus,Amanita,False,0.6030826568603516,0.005153899997822009,ResNet18,test
data/processed/test\Agaricus\385_iwfhPs4irjk.jpg,Agaricus,Amanita,False,0.35041868686676025,0.004703800004790537,ResNet18,test
data/processed/test\Agaricus\391_N7A0y7CgOA0.jpg,Agaricus,Russula,False,0.36945202946662903,0.004888099996605888,ResNet18,test
data/processed/test\Agaricus\392_QXsLZMnBIt0.jpg,Agaricus,Russula,False,0.2893947958946228,0.004864200003794394,ResNet18,test
data/processed/test\Agaricus\411_egeAEeL40Lc.jpg,Agaricus,Russula,False,0.4236094653606415,0.004856800005654804,ResNet18,test
data/processed/test\Agaricus\413_4LTr0R0Dk8o.jpg,Agaricus,Russula,False,0.47693371772766113,0.004626099995221011,ResNet18,test
data/processed/test\Agaricus\430_IpjdsyrmIzc.jpg,Agaricus,Entoloma,False,0.3500622808933258,0.004632800002582371,ResNet18,test
data/processed/test\Agaricus\433_XWxLl-zeNQ8.jpg,Agaricus,Agaricus,True,0.43995776772499084,0.004401500002131797,ResNet18,test
data/processed/test\Agaricus\438_uTWjQsEXep4.jpg,Agaricus,Amanita,False,0.3699478805065155,0.003671300000860356,ResNet18,test
data/processed/test\Agaricus\439_w5uD0w5wrXs.jpg,Agaricus,Amanita,False,0.33511868119239807,0.003952500002924353,ResNet18,test
data/processed/test\Amanita\004_wIVV5id0aOg.jpg,Amanita,Amanita,True,0.9917004704475403,0.004316899998229928,ResNet18,test
data/processed/test\Amanita\010_Ji4N7IDyRKY.jpg,Amanita,Amanita,True,0.8467125296592712,0.0037672999897040427,ResNet18,test
data/processed/test\Amanita\011_DoZoYI2vj20.jpg,Amanita,Amanita,True,0.8510826230049133,0.004984300001524389,ResNet18,test
data/processed/test\Amanita\026_8kxG9731_4w.jpg,Amanita,Amanita,True,0.7164915204048157,0.004856300001847558,ResNet18,test
data/processed/test\Amanita\027_i47VTXypFTE.jpg,Amanita,Russula,False,0.5218560099601746,0.005157000006875023,ResNet18,test
data/processed/test\Amanita\038_VKaJLTO8zZU.jpg,Amanita,Russula,False,0.8480551838874817,0.00467449999996461,ResNet18,test
data/processed/test\Amanita\041_6n9nhA4C6K8.jpg,Amanita,Amanita,True,0.6624054312705994,0.004480999996303581,ResNet18,test
data/processed/test\Amanita\042_aqfiTPuiGHo.jpg,Amanita,Amanita,True,0.5337851047515869,0.004346500005340204,ResNet18,test
data/processed/test\Amanita\044_BvKKMmJ6Nfo.jpg,Amanita,Amanita,True,0.7753251791000366,0.004900499989162199,ResNet18,test
data/processed/test\Amanita\048_3CAOSWVxhe0.jpg,Amanita,Amanita,True,0.7258032560348511,0.0037890000094193965,ResNet18,test
data/processed/test\Amanita\055_riJalDjBcnI.jpg,Amanita,Amanita,True,0.9500719308853149,0.0037140999920666218,ResNet18,test
data/processed/test\Amanita\075_3gL0KWhOrbs.jpg,Amanita,Amanita,True,0.961682140827179,0.004442999997991137,ResNet18,test
data/processed/test\Amanita\081_C-pQjIw3h7M.jpg,Amanita,Amanita,True,0.9108049273490906,0.004233300001942553,ResNet18,test
data/processed/test\Amanita\083_GAJUFRatKvg.jpg,Amanita,Amanita,True,0.8505349159240723,0.0042606999923009425,ResNet18,test
data/processed/test\Amanita\101_m1QUT_IvswY.jpg,Amanita,Amanita,True,0.5065857172012329,0.003587399987736717,ResNet18,test
data/processed/test\Amanita\109_mApfQHzHo0k.jpg,Amanita,Inocybe,False,0.4271389842033386,0.003525599997374229,ResNet18,test
data/processed/test\Amanita\112_v5maqRj9Z_w.jpg,Amanita,Amanita,True,0.28986749053001404,0.003613599998061545,ResNet18,test
data/processed/test\Amanita\113_Ssk7arItOnk.jpg,Amanita,Inocybe,False,0.41338422894477844,0.003569299995433539,ResNet18,test
data/processed/test\Amanita\116_V-662GMGI6U.jpg,Amanita,Amanita,True,0.6660155057907104,0.0038430999993579462,ResNet18,test
data/processed/test\Amanita\117_2i4Ly-hB5rY.jpg,Amanita,Inocybe,False,0.8367749452590942,0.0037634999898727983,ResNet18,test
data/processed/test\Amanita\121_0mE3kiyOk4k.jpg,Amanita,Amanita,True,0.9376246333122253,0.004123099992284551,ResNet18,test
data/processed/test\Amanita\125_jnNJwiuIHj0.jpg,Amanita,Amanita,True,0.5919021368026733,0.003705800001625903,ResNet18,test
data/processed/test\Amanita\138_kCA0Zae2KX0.jpg,Amanita,Amanita,True,0.9290862083435059,0.003628300008131191,ResNet18,test
data/processed/test\Amanita\141_zaaLqAyIHuQ.jpg,Amanita,Amanita,True,0.9685335755348206,0.003770399998757057,ResNet18,test
data/processed/test\Amanita\143_ZpRWUcr7GhA.jpg,Amanita,Boletus,False,0.789966881275177,0.0040536000014981255,ResNet18,test
data/processed/test\Amanita\145_2JCprUI2Ugw.jpg,Amanita,Amanita,True,0.6175413131713867,0.0036854000063613057,ResNet18,test
data/processed/test\Amanita\159_majDHo2IG8U.jpg,Amanita,Amanita,True,0.762082576751709,0.003519099991535768,ResNet18,test
data/processed/test\Amanita\160_2Xs6Ueh19D4.jpg,Amanita,Russula,False,0.36440667510032654,0.003608300001360476,ResNet18,test
data/processed/test\Amanita\166_wCNIOK2FS_U.jpg,Amanita,Inocybe,False,0.3647932708263397,0.0035543999983929098,ResNet18,test
data/processed/test\Amanita\167_oTHBDUWfBxA.jpg,Amanita,Entoloma,False,0.7113880515098572,0.003587100000004284,ResNet18,test
data/processed/test\Amanita\169_ODaDqR_tlG0.jpg,Amanita,Amanita,True,0.7657099366188049,0.0038234000094234943,ResNet18,test
data/processed/test\Amanita\171_6GMgYtjBa8k.jpg,Amanita,Russula,False,0.3032960593700409,0.003625800003646873,ResNet18,test
data/processed/test\Amanita\173_jqvVZF8AWxg.jpg,Amanita,Amanita,True,0.8822094798088074,0.0036480999988270923,ResNet18,test
data/processed/test\Amanita\175_wCfYH50cXu8.jpg,Amanita,Amanita,True,0.900753378868103,0.003614799992647022,ResNet18,test
data/processed/test\Amanita\192_uQQGhgvOkTI.jpg,Amanita,Amanita,True,0.6431137323379517,0.0035248000058345497,ResNet18,test
data/processed/test\Amanita\194__2kBAgeqxZc.jpg,Amanita,Amanita,True,0.9242818355560303,0.003666400007205084,ResNet18,test
data/processed/test\Amanita\208_EvpNOUGmeVI.jpg,Amanita,Amanita,True,0.9811550974845886,0.0038404000079026446,ResNet18,test
data/processed/test\Amanita\215_XXWsMnFz1MI.jpg,Amanita,Amanita,True,0.96070796251297,0.003743099994608201,ResNet18,test
data/processed/test\Amanita\219_d2on0Kw19Ds.jpg,Amanita,Amanita,True,0.7650244832038879,0.004058499995153397,ResNet18,test
data/processed/test\Amanita\226_zzTeEGVX8nY.jpg,Amanita,Entoloma,False,0.3117281198501587,0.0036182000039843842,ResNet18,test
data/processed/test\Amanita\229_AAkARuMGR0c.jpg,Amanita,Inocybe,False,0.5808547735214233,0.003683999995701015,ResNet18,test
data/processed/test\Amanita\238_7M5xzSG_g_A.jpg,Amanita,Amanita,True,0.9231289029121399,0.004513399995630607,ResNet18,test
data/processed/test\Amanita\239_m__Mvvi_6yk.jpg,Amanita,Amanita,True,0.977758526802063,0.0037580000062007457,ResNet18,test
data/processed/test\Amanita\245_hJy0oklu5jA.jpg,Amanita,Boletus,False,0.8979032635688782,0.004350300005171448,ResNet18,test
data/processed/test\Amanita\254_Lyi3XcTltRs.jpg,Amanita,Amanita,True,0.8790348768234253,0.004300000000512227,ResNet18,test
data/processed/test\Amanita\262_lkxMPar_qU4.jpg,Amanita,Russula,False,0.6284576654434204,0.0040551999991294,ResNet18,test
data/processed/test\Amanita\266_1lFPzGUJdrw.jpg,Amanita,Amanita,True,0.8131392002105713,0.00422699999762699,ResNet18,test
data/processed/test\Amanita\267_Jv9rb_uZxxM.jpg,Amanita,Amanita,True,0.984650731086731,0.004104200008441694,ResNet18,test
data/processed/test\Amanita\269_y7diE9hqyqg.jpg,Amanita,Amanita,True,0.5292578339576721,0.004986100000678562,ResNet18,test
data/processed/test\Amanita\280_kmvGIrteUEU.jpg,Amanita,Amanita,True,0.9757970571517944,0.00418780000472907,ResNet18,test
data/processed/test\Amanita\283_A61Fv-WuOIQ.jpg,Amanita,Cortinarius,False,0.39018967747688293,0.00408699999388773,ResNet18,test
data/processed/test\Amanita\284_hjYnEPCzZWs.jpg,Amanita,Amanita,True,0.5380691885948181,0.004107999993721023,ResNet18,test
data/processed/test\Amanita\286_akbOrg8qrWc.jpg,Amanita,Amanita,True,0.9535067081451416,0.0040751000051386654,ResNet18,test
data/processed/test\Amanita\291_8IJ4_ANpJLg.jpg,Amanita,Boletus,False,0.23117060959339142,0.0039037999958964065,ResNet18,test
data/processed/test\Amanita\296_sKFU2MHCmQI.jpg,Amanita,Amanita,True,0.41959574818611145,0.003619099996285513,ResNet18,test
data/processed/test\Amanita\301_arWVKBAl1xg.jpg,Amanita,Hygrocybe,False,0.5913105607032776,0.003683000002638437,ResNet18,test
data/processed/test\Amanita\304_fF9sgw_cuPo.jpg,Amanita,Russula,False,0.851784348487854,0.0036545000039041042,ResNet18,test
data/processed/test\Amanita\319_VSiBPtwZDwM.jpg,Amanita,Amanita,True,0.4675002098083496,0.003719400003319606,ResNet18,test
data/processed/test\Amanita\323_sgZnWNFTFFc.jpg,Amanita,Russula,False,0.5827651023864746,0.0035610000049928203,ResNet18,test
data/processed/test\Amanita\326_q3-8lXVmcVM.jpg,Amanita,Amanita,True,0.6532139778137207,0.003622799995355308,ResNet18,test
data/processed/test\Amanita\329_jpdnrnOYvm8.jpg,Amanita,Amanita,True,0.5303608179092407,0.004012299992609769,ResNet18,test
data/processed/test\Amanita\354_HFiOZg6IOL8.jpg,Amanita,Russula,False,0.5374618172645569,0.003954100000555627,ResNet18,test
data/processed/test\Amanita\355_e0Y8jDjEmzs.jpg,Amanita,Amanita,True,0.5802961587905884,0.0037357000110205263,ResNet18,test
data/processed/test\Amanita\366_zzsJUWaNdxg.jpg,Amanita,Amanita,True,0.9596444368362427,0.004072499999892898,ResNet18,test
data/processed/test\Amanita\372_5SYWecQTaKc.jpg,Amanita,Russula,False,0.749240517616272,0.004125200008274987,ResNet18,test
data/processed/test\Amanita\373_YmenYH0HVC0.jpg,Amanita,Amanita,True,0.5759474039077759,0.0038440000062109903,ResNet18,test
data/processed/test\Amanita\377_qiZKoEIbfFk.jpg,Amanita,Lactarius,False,0.275715172290802,0.004288399999495596,ResNet18,test
data/processed/test\Amanita\381_t_eyYyXYB1k.jpg,Amanita,Amanita,True,0.8170440196990967,0.004604299989296123,ResNet18,test
data/processed/test\Amanita\389_1fQDmvX1jb8.jpg,Amanita,Amanita,True,0.5709095597267151,0.0038364999927580357,ResNet18,test
data/processed/test\Amanita\395_tL3vBGNvjeI.jpg,Amanita,Amanita,True,0.8008773326873779,0.0036726999969687313,ResNet18,test
data/processed/test\Amanita\408_Jn439YAL3hs.jpg,Amanita,Boletus,False,0.5185970067977905,0.0035475000040605664,ResNet18,test
data/processed/test\Amanita\433_mzRZXazhvVU.jpg,Amanita,Russula,False,0.3241026699542999,0.004629000002751127,ResNet18,test
data/processed/test\Amanita\438_gh-zSGziyQ4.jpg,Amanita,Inocybe,False,0.6285222768783569,0.004514300002483651,ResNet18,test
data/processed/test\Amanita\439_fP_ozmLLhb8.jpg,Amanita,Amanita,True,0.4261648654937744,0.004394999996293336,ResNet18,test
data/processed/test\Amanita\451_V0quFnk9NFA.jpg,Amanita,Amanita,True,0.9523890018463135,0.004119199991691858,ResNet18,test
data/processed/test\Amanita\455_noEYaXjdZno.jpg,Amanita,Amanita,True,0.47831815481185913,0.003669199999421835,ResNet18,test
data/processed/test\Amanita\458_5BlPufQsqww.jpg,Amanita,Amanita,True,0.3687894940376282,0.0036143999896012247,ResNet18,test
data/processed/test\Amanita\466_wUxyOxsT5Xc.jpg,Amanita,Amanita,True,0.47754254937171936,0.0036226999945938587,ResNet18,test
data/processed/test\Amanita\470_Qn8LOp2zdbk.jpg,Amanita,Amanita,True,0.6566864252090454,0.004042100001242943,ResNet18,test
data/processed/test\Amanita\488_c9nCQvJtUrI.jpg,Amanita,Amanita,True,0.5277212262153625,0.004524299991317093,ResNet18,test
data/processed/test\Amanita\490_GiCnvGBmknM.jpg,Amanita,Russula,False,0.5575676560401917,0.004302600005757995,ResNet18,test
data/processed/test\Amanita\500_goYWhHd_SfA.jpg,Amanita,Amanita,True,0.2920369803905487,0.004001600012998097,ResNet18,test
data/processed/test\Amanita\520_7tXL64TQTpg.jpg,Amanita,Boletus,False,0.7887642979621887,0.003939500005799346,ResNet18,test
data/processed/test\Amanita\537_5FMMhBffQ9Y.jpg,Amanita,Boletus,False,0.39042025804519653,0.0041363999916939065,ResNet18,test
data/processed/test\Amanita\538_EwaPkcP6eTM.jpg,Amanita,Amanita,True,0.700459897518158,0.003734700003406033,ResNet18,test
data/processed/test\Amanita\561_E5bsDlNUJ-Y.jpg,Amanita,Amanita,True,0.7926032543182373,0.003981499990914017,ResNet18,test
data/processed/test\Amanita\571_l1hoa0Kgm0U.jpg,Amanita,Amanita,True,0.34319278597831726,0.0040096000011544675,ResNet18,test
data/processed/test\Amanita\577_XqZEGat0kl8.jpg,Amanita,Russula,False,0.2402513325214386,0.004039699997520074,ResNet18,test
data/processed/test\Amanita\579_PS9igVuOoHE.jpg,Amanita,Amanita,True,0.2350848764181137,0.0037588999985018745,ResNet18,test
data/processed/test\Amanita\586_kLoafsSiyT8.jpg,Amanita,Amanita,True,0.9859061241149902,0.004172000000835396,ResNet18,test
data/processed/test\Amanita\587_4e3oJGC88kg.jpg,Amanita,Amanita,True,0.6125451326370239,0.0039058999973349273,ResNet18,test
data/processed/test\Amanita\588_bh0TgHuuQ-g.jpg,Amanita,Amanita,True,0.5701160430908203,0.0035635000094771385,ResNet18,test
data/processed/test\Amanita\589_AnaL5Wx-reY.jpg,Amanita,Russula,False,0.35769569873809814,0.0037339999980758876,ResNet18,test
data/processed/test\Amanita\596_TzXaLH4_GW0.jpg,Amanita,Amanita,True,0.6578468680381775,0.003677599990624003,ResNet18,test
data/processed/test\Amanita\597_t_LN8-XruiI.jpg,Amanita,Amanita,True,0.9581270217895508,0.0040206999983638525,ResNet18,test
data/processed/test\Amanita\600_jgKLD8sC_v4.jpg,Amanita,Amanita,True,0.8409871459007263,0.004402500009746291,ResNet18,test
data/processed/test\Amanita\620_JDQSDCTyXyg.jpg,Amanita,Amanita,True,0.9930388331413269,0.004198699985863641,ResNet18,test
data/processed/test\Amanita\646_zBDcRvL_RyM.jpg,Amanita,Russula,False,0.621353030204773,0.0044797000009566545,ResNet18,test
data/processed/test\Amanita\654_vhjqe9X5eec.jpg,Amanita,Russula,False,0.45406606793403625,0.003953499995986931,ResNet18,test
data/processed/test\Amanita\664_AXOuF6j3tyo.jpg,Amanita,Entoloma,False,0.5214436650276184,0.0035823000071104616,ResNet18,test
data/processed/test\Amanita\665_PrGfCOsVu8Y.jpg,Amanita,Russula,False,0.4572887420654297,0.004005499999038875,ResNet18,test
data/processed/test\Amanita\679_cIMzCCYdG38.jpg,Amanita,Amanita,True,0.6855255365371704,0.003626799996709451,ResNet18,test
data/processed/test\Amanita\682_B3EZBbmcFBE.jpg,Amanita,Russula,False,0.5688245296478271,0.0034875999990617856,ResNet18,test
data/processed/test\Amanita\702_sR0HQkA_gkA.jpg,Amanita,Russula,False,0.40670186281204224,0.003579700001864694,ResNet18,test
data/processed/test\Amanita\713_znBkCzCEi-g.jpg,Amanita,Russula,False,0.7324105501174927,0.003689199991640635,ResNet18,test
data/processed/test\Amanita\717_vlDmzuYG5og.jpg,Amanita,Inocybe,False,0.4587467312812805,0.0036774000036530197,ResNet18,test
data/processed/test\Amanita\739_t_b-1IKUbgE.jpg,Amanita,Amanita,True,0.7783718109130859,0.0036090000066906214,ResNet18,test
data/processed/test\Amanita\742_j3CNLlK7ISo.jpg,Amanita,Amanita,True,0.9123533964157104,0.0035788000095635653,ResNet18,test
data/processed/test\Amanita\746_Dh_6IpygI6I.jpg,Amanita,Amanita,True,0.9711685180664062,0.0036112000088905916,ResNet18,test
data/processed/test\Amanita\754_rDpMYIR-sFE.jpg,Amanita,Amanita,True,0.8093927502632141,0.0035017999907722697,ResNet18,test
data/processed/test\Amanita\756_w-xhasvBIT0.jpg,Amanita,Amanita,True,0.9653955698013306,0.003459700004896149,ResNet18,test
data/processed/test\Amanita\773_3H-0yRwiu6Y.jpg,Amanita,Inocybe,False,0.5870082378387451,0.0036576999991666526,ResNet18,test
data/processed/test\Amanita\787_V5x9WHxsoqE.jpg,Amanita,Russula,False,0.49091050028800964,0.0035066999989794567,ResNet18,test
data/processed/test\Boletus\0009_2hEUS66s6Gw.jpg,Boletus,Cortinarius,False,0.4097108244895935,0.0035927000135416165,ResNet18,test
data/processed/test\Boletus\0010_7M6YHrGZ3aM.jpg,Boletus,Boletus,True,0.7105835676193237,0.004416800002218224,ResNet18,test
data/processed/test\Boletus\0023_JAAEdifq1MY.jpg,Boletus,Boletus,True,0.714236855506897,0.004554099999950267,ResNet18,test
data/processed/test\Boletus\0032_Sl_iMoAAJyU.jpg,Boletus,Boletus,True,0.9946256279945374,0.0042710999987320974,ResNet18,test
data/processed/test\Boletus\0048_wGU2ETPlfqY.jpg,Boletus,Boletus,True,0.8081128597259521,0.0039477999962400645,ResNet18,test
data/processed/test\Boletus\0051_rBIC-Uy9KzI.jpg,Boletus,Lactarius,False,0.32755565643310547,0.003448699993896298,ResNet18,test
data/processed/test\Boletus\0058_djB8UbX-XaU.jpg,Boletus,Boletus,True,0.9965709447860718,0.004274899998563342,ResNet18,test
data/processed/test\Boletus\0060_ph1tt9Qik4Q.jpg,Boletus,Russula,False,0.476910799741745,0.0036216000007698312,ResNet18,test
data/processed/test\Boletus\0074_-d_w6u6G7wA.jpg,Boletus,Suillus,False,0.3108311891555786,0.003575099995941855,ResNet18,test
data/processed/test\Boletus\0076_yMZR41Idcn0.jpg,Boletus,Amanita,False,0.9428282380104065,0.003778099999180995,ResNet18,test
data/processed/test\Boletus\0081_Jy-UUrFwLMA.jpg,Boletus,Amanita,False,0.6116933226585388,0.0035131999902660027,ResNet18,test
data/processed/test\Boletus\0090_PCyZBE7zH28.jpg,Boletus,Amanita,False,0.6284596920013428,0.0036604000051738694,ResNet18,test
data/processed/test\Boletus\0100_Um24DDdxtxY.jpg,Boletus,Boletus,True,0.5328734517097473,0.0039336000045295805,ResNet18,test
data/processed/test\Boletus\0110_A_F3PAXmwBw.jpg,Boletus,Boletus,True,0.8122537136077881,0.0036650999973062426,ResNet18,test
data/processed/test\Boletus\0142_osp5FSuBFx4.jpg,Boletus,Boletus,True,0.9558126926422119,0.0036767999990843236,ResNet18,test
data/processed/test\Boletus\0148_GWuEw2WeFCY.jpg,Boletus,Boletus,True,0.9329979419708252,0.003509500005748123,ResNet18,test
data/processed/test\Boletus\0151_8qA6XqDaO10.jpg,Boletus,Boletus,True,0.5326917171478271,0.003939899994293228,ResNet18,test
data/processed/test\Boletus\0155_cfBPq0uvW7U.jpg,Boletus,Boletus,True,0.42261967062950134,0.003982399997767061,ResNet18,test
data/processed/test\Boletus\0163_288vPbTy0u0.jpg,Boletus,Boletus,True,0.7837726473808289,0.0036838000087300315,ResNet18,test
data/processed/test\Boletus\0166_JjEOuNKkeSM.jpg,Boletus,Boletus,True,0.26224327087402344,0.0034316000092076138,ResNet18,test
data/processed/test\Boletus\0176_J7Pq7LRCag0.jpg,Boletus,Amanita,False,0.3957352638244629,0.0035998000093968585,ResNet18,test
data/processed/test\Boletus\0181_WPxAHfkr5nY.jpg,Boletus,Boletus,True,0.5112643837928772,0.00355660000059288,ResNet18,test
data/processed/test\Boletus\0186_8hd4Jt8Z_XU.jpg,Boletus,Boletus,True,0.6945199370384216,0.004029699994134717,ResNet18,test
data/processed/test\Boletus\0187__pRX2ASfyHE.jpg,Boletus,Boletus,True,0.949638843536377,0.0037524999934248626,ResNet18,test
data/processed/test\Boletus\0196_uqGMdVItBRg.jpg,Boletus,Boletus,True,0.9434329867362976,0.0036628999951062724,ResNet18,test
data/processed/test\Boletus\0203_9fok2txolHA.jpg,Boletus,Boletus,True,0.8570640087127686,0.003605799996876158,ResNet18,test
data/processed/test\Boletus\0205_qoM5hQot18c.jpg,Boletus,Boletus,True,0.5888498425483704,0.003986499999882653,ResNet18,test
data/processed/test\Boletus\0206_TyUG66hONcc.jpg,Boletus,Boletus,True,0.778712809085846,0.0039883999997982755,ResNet18,test
data/processed/test\Boletus\0207_oXbD8i2vkVg.jpg,Boletus,Russula,False,0.3786657750606537,0.004107600005227141,ResNet18,test
data/processed/test\Boletus\0227_j49x_C5p-CU.jpg,Boletus,Boletus,True,0.7267458438873291,0.0039333000022452325,ResNet18,test
data/processed/test\Boletus\0238_qz-FM7SB6M0.jpg,Boletus,Boletus,True,0.9049986600875854,0.003914200002327561,ResNet18,test
data/processed/test\Boletus\0240_VJBB4bFGy00.jpg,Boletus,Boletus,True,0.9970935583114624,0.0037878000002820045,ResNet18,test
data/processed/test\Boletus\0245_M167aLbLgs8.jpg,Boletus,Boletus,True,0.9042379260063171,0.0041402999922866,ResNet18,test
data/processed/test\Boletus\0249_50wVqwSNvhw.jpg,Boletus,Boletus,True,0.8699917197227478,0.004109300003619865,ResNet18,test
data/processed/test\Boletus\0253_g1jTDCR3Zu4.jpg,Boletus,Boletus,True,0.875764012336731,0.004307199997128919,ResNet18,test
data/processed/test\Boletus\0259_RjpNYKf3Zag.jpg,Boletus,Entoloma,False,0.35490599274635315,0.004014499994809739,ResNet18,test
data/processed/test\Boletus\0261_Dag-SrdgNL4.jpg,Boletus,Boletus,True,0.9913229942321777,0.004000600005383603,ResNet18,test
data/processed/test\Boletus\0263_nUgkvTMYYa4.jpg,Boletus,Boletus,True,0.933523416519165,0.0038884999958099797,ResNet18,test
data/processed/test\Boletus\0264_47xi69ImS58.jpg,Boletus,Boletus,True,0.3417859375476837,0.003593800007365644,ResNet18,test
data/processed/test\Boletus\0285_5r1D03ayo_A.jpg,Boletus,Boletus,True,0.6216025948524475,0.0041591000044718385,ResNet18,test
data/processed/test\Boletus\0297_Q4fwdJ_9PxA.jpg,Boletus,Boletus,True,0.9559226036071777,0.003485499997623265,ResNet18,test
data/processed/test\Boletus\0298_01Q7PUhybdQ.jpg,Boletus,Boletus,True,0.44824856519699097,0.003988299999036826,ResNet18,test
data/processed/test\Boletus\0299_Ue9AxhqQqyc.jpg,Boletus,Boletus,True,0.997350811958313,0.0039028000028338283,ResNet18,test
data/processed/test\Boletus\0304_7bLIdSVgaIM.jpg,Boletus,Boletus,True,0.9823547601699829,0.004008000003523193,ResNet18,test
data/processed/test\Boletus\0306_64D0ZnNktPM.jpg,Boletus,Boletus,True,0.8689097166061401,0.004025900008855388,ResNet18,test
data/processed/test\Boletus\0310__tra6Lo5W9Q.jpg,Boletus,Boletus,True,0.6796764731407166,0.004220799994072877,ResNet18,test
data/processed/test\Boletus\0313_UMgAL-_294g.jpg,Boletus,Boletus,True,0.8977201581001282,0.003680900001199916,ResNet18,test
data/processed/test\Boletus\0315_TZK9JOYNO7Q.jpg,Boletus,Boletus,True,0.9978271126747131,0.003659399997559376,ResNet18,test
data/processed/test\Boletus\0320_Fj4PirBfkK0.jpg,Boletus,Cortinarius,False,0.30062222480773926,0.00382030000037048,ResNet18,test
data/processed/test\Boletus\0336__FEoILXRJaU.jpg,Boletus,Russula,False,0.6885881423950195,0.00402040001063142,ResNet18,test
data/processed/test\Boletus\0344_3nzDfs3jlQQ.jpg,Boletus,Boletus,True,0.9986428618431091,0.004326900001615286,ResNet18,test
data/processed/test\Boletus\0358_MmNt3oIzcU8.jpg,Boletus,Boletus,True,0.9908280372619629,0.004238699999405071,ResNet18,test
data/processed/test\Boletus\0365_w3QgqqeP-C8.jpg,Boletus,Boletus,True,0.6836058497428894,0.0035958999942522496,ResNet18,test
data/processed/test\Boletus\0372_EVEx-OOzR1U.jpg,Boletus,Boletus,True,0.9898238778114319,0.0070035999960964546,ResNet18,test
data/processed/test\Boletus\0388_M54uL5T9TkM.jpg,Boletus,Boletus,True,0.9811931848526001,0.004864699993049726,ResNet18,test
data/processed/test\Boletus\0391_s9Ag92abtK8.jpg,Boletus,Boletus,True,0.9091306924819946,0.00390999999945052,ResNet18,test
data/processed/test\Boletus\0395_jZFg843mP4g.jpg,Boletus,Boletus,True,0.8748780488967896,0.00397520000115037,ResNet18,test
data/processed/test\Boletus\0396_SY7PYfYNq88.jpg,Boletus,Boletus,True,0.9976309537887573,0.0038901999942027032,ResNet18,test
data/processed/test\Boletus\0398_5b-zJ94MXQk.jpg,Boletus,Boletus,True,0.9823310375213623,0.003784800006542355,ResNet18,test
data/processed/test\Boletus\0410_jhaHnXdb-IM.jpg,Boletus,Boletus,True,0.9674335718154907,0.004087699999217875,ResNet18,test
data/processed/test\Boletus\0426_LWjQTfRMiXo.jpg,Boletus,Boletus,True,0.9396306276321411,0.003842399994027801,ResNet18,test
data/processed/test\Boletus\0439_O6QzBvZavTM.jpg,Boletus,Boletus,True,0.9730045795440674,0.003815999996731989,ResNet18,test
data/processed/test\Boletus\0446_xHS1WNA5GOs.jpg,Boletus,Inocybe,False,0.6302992701530457,0.003890100007993169,ResNet18,test
data/processed/test\Boletus\0457_lZNPtp0I8xY.jpg,Boletus,Boletus,True,0.8848806023597717,0.0038838000036776066,ResNet18,test
data/processed/test\Boletus\0471_lxzgCXnZUlM.jpg,Boletus,Boletus,True,0.5003077983856201,0.004126900006667711,ResNet18,test
data/processed/test\Boletus\0473_x9mm3RQN3OQ.jpg,Boletus,Russula,False,0.5721075534820557,0.004111500005819835,ResNet18,test
data/processed/test\Boletus\0476_qTLS2LtmH20.jpg,Boletus,Boletus,True,0.6199214458465576,0.004242300012265332,ResNet18,test
data/processed/test\Boletus\0478_IqIYZ5z8ZaA.jpg,Boletus,Boletus,True,0.951185941696167,0.0041649999911896884,ResNet18,test
data/processed/test\Boletus\0482_bwKqTN52ZY0.jpg,Boletus,Russula,False,0.573205828666687,0.004149399988818914,ResNet18,test
data/processed/test\Boletus\0485_2M-1Jj2XXfU.jpg,Boletus,Boletus,True,0.8366407155990601,0.0041299000004073605,ResNet18,test
data/processed/test\Boletus\0487_V0mcOZZWsYc.jpg,Boletus,Boletus,True,0.5817634463310242,0.004944000000250526,ResNet18,test
data/processed/test\Boletus\0496_oW-MXvWIdeg.jpg,Boletus,Boletus,True,0.25454381108283997,0.004761700009112246,ResNet18,test
data/processed/test\Boletus\0501_RcynfiUwksM.jpg,Boletus,Boletus,True,0.9619233012199402,0.0037911000108579174,ResNet18,test
data/processed/test\Boletus\0515_fH8FRrp-Rc4.jpg,Boletus,Lactarius,False,0.3810860216617584,0.0044932000018889084,ResNet18,test
data/processed/test\Boletus\0516_jSgZvx-y_IA.jpg,Boletus,Boletus,True,0.9788210391998291,0.003964900010032579,ResNet18,test
data/processed/test\Boletus\0551_xiALBJABq4k.jpg,Boletus,Boletus,True,0.9073294997215271,0.003921000010450371,ResNet18,test
data/processed/test\Boletus\0552_Sm0FWjXpCUA.jpg,Boletus,Russula,False,0.2868633270263672,0.0039012999914120883,ResNet18,test
data/processed/test\Boletus\0569_DpPGoGLCmxw.jpg,Boletus,Boletus,True,0.7948364615440369,0.0039021999982651323,ResNet18,test
data/processed/test\Boletus\0590_U1iXqaOG__4.jpg,Boletus,Boletus,True,0.9967717528343201,0.0038899999926798046,ResNet18,test
data/processed/test\Boletus\0596_1eBgViXIxTo.jpg,Boletus,Boletus,True,0.6014631986618042,0.0038702000019839033,ResNet18,test
data/processed/test\Boletus\0599_KA0H3vejy08.jpg,Boletus,Boletus,True,0.991902768611908,0.003942000010283664,ResNet18,test
data/processed/test\Boletus\0608_iR5VKlchysc.jpg,Boletus,Boletus,True,0.9976004958152771,0.00392920000012964,ResNet18,test
data/processed/test\Boletus\0612_8lQr8TbwImc.jpg,Boletus,Boletus,True,0.998340368270874,0.003895900008501485,ResNet18,test
data/processed/test\Boletus\0624_RmlDHXvJUeU.jpg,Boletus,Boletus,True,0.9240029454231262,0.0044246000034036115,ResNet18,test
data/processed/test\Boletus\0631_PJXNFQZc7n8.jpg,Boletus,Boletus,True,0.6469064950942993,0.004252300001098774,ResNet18,test
data/processed/test\Boletus\0632_Rc_3hYDbYqU.jpg,Boletus,Boletus,True,0.6261958479881287,0.004072299998369999,ResNet18,test
data/processed/test\Boletus\0635_-J_6XTsYZMA.jpg,Boletus,Cortinarius,False,0.4320318102836609,0.0038788999954704195,ResNet18,test
data/processed/test\Boletus\0645_l3ki0s-WOCU.jpg,Boletus,Amanita,False,0.4351695775985718,0.003918400005204603,ResNet18,test
data/processed/test\Boletus\0646_X-9LZJb_Mm8.jpg,Boletus,Boletus,True,0.898796796798706,0.00391220000165049,ResNet18,test
data/processed/test\Boletus\0654_S0ZETeWMBPU.jpg,Boletus,Inocybe,False,0.4282058775424957,0.00422190000244882,ResNet18,test
data/processed/test\Boletus\0659_r1c48yLOmjA.jpg,Boletus,Boletus,True,0.9387308955192566,0.004730500004370697,ResNet18,test
data/processed/test\Boletus\0662_zLAxc0c9R_M.jpg,Boletus,Boletus,True,0.9548664689064026,0.004135600000154227,ResNet18,test
data/processed/test\Boletus\0664_aAvZIRDPNUI.jpg,Boletus,Boletus,True,0.2947571575641632,0.0038783000054536387,ResNet18,test
data/processed/test\Boletus\0665_oAzt25TNZeQ.jpg,Boletus,Boletus,True,0.811558723449707,0.003940499998861924,ResNet18,test
data/processed/test\Boletus\0670_K_TCbzxFUGM.jpg,Boletus,Boletus,True,0.67071533203125,0.003900900002918206,ResNet18,test
data/processed/test\Boletus\0684_vMnFJrCY0pg.jpg,Boletus,Lactarius,False,0.5648776888847351,0.004137000010814518,ResNet18,test
data/processed/test\Boletus\0686_HDMT9DDObck.jpg,Boletus,Russula,False,0.7163088917732239,0.004030199997941963,ResNet18,test
data/processed/test\Boletus\0687_OAh8DHQ9Ejw.jpg,Boletus,Boletus,True,0.9588041305541992,0.004265399998985231,ResNet18,test
data/processed/test\Boletus\0691_aeOqhuNhZUo.jpg,Boletus,Amanita,False,0.48874396085739136,0.003959900001063943,ResNet18,test
data/processed/test\Boletus\0694_ZGhTNFYpRF0.jpg,Boletus,Russula,False,0.5040538311004639,0.00425889999314677,ResNet18,test
data/processed/test\Boletus\0705_zAx-31wgOX8.jpg,Boletus,Boletus,True,0.5547124743461609,0.003985100003774278,ResNet18,test
data/processed/test\Boletus\0706_O2coJ1bHNyI.jpg,Boletus,Lactarius,False,0.3505070209503174,0.004203599994070828,ResNet18,test
data/processed/test\Boletus\0710_3W2LVW3vahA.jpg,Boletus,Boletus,True,0.997873067855835,0.004195999994408339,ResNet18,test
data/processed/test\Boletus\0711_BeW-0Vt9hao.jpg,Boletus,Cortinarius,False,0.46839264035224915,0.0041951000021072105,ResNet18,test
data/processed/test\Boletus\0712_KcW299HdxJQ.jpg,Boletus,Hygrocybe,False,0.4543139934539795,0.003871699998853728,ResNet18,test
data/processed/test\Boletus\0715_bpAousgaNak.jpg,Boletus,Russula,False,0.621210515499115,0.003935000000637956,ResNet18,test
data/processed/test\Boletus\0720_5nsuj2jRfF0.jpg,Boletus,Russula,False,0.2625446915626526,0.0038696999981766567,ResNet18,test
data/processed/test\Boletus\0731_6DJ6_aa-bZg.jpg,Boletus,Boletus,True,0.6790413856506348,0.004182399992714636,ResNet18,test
data/processed/test\Boletus\0754_zPtZnfibMT4.jpg,Boletus,Hygrocybe,False,0.2930319607257843,0.004440199991222471,ResNet18,test
data/processed/test\Boletus\0778_UbEygYYDhi4.jpg,Boletus,Inocybe,False,0.4677770137786865,0.003921499999705702,ResNet18,test
data/processed/test\Boletus\0779_x10CHNm1XGs.jpg,Boletus,Boletus,True,0.8287904858589172,0.004181700001936406,ResNet18,test
data/processed/test\Boletus\0789_HeUlbr2dIsk.jpg,Boletus,Lactarius,False,0.22369442880153656,0.0038880999927641824,ResNet18,test
data/processed/test\Boletus\0790_pju1fCrxSyw.jpg,Boletus,Amanita,False,0.7463383078575134,0.003869100008159876,ResNet18,test
data/processed/test\Boletus\0795_O2Z0CQUcDhg.jpg,Boletus,Boletus,True,0.9266809821128845,0.00392469999496825,ResNet18,test
data/processed/test\Boletus\0797_6dpBNM8twyA.jpg,Boletus,Lactarius,False,0.41068679094314575,0.0038976000068942085,ResNet18,test
data/processed/test\Boletus\0801_ulyFq_UWWzM.jpg,Boletus,Lactarius,False,0.33910804986953735,0.0041735999984666705,ResNet18,test
data/processed/test\Boletus\0802_MWtsI0EKttw.jpg,Boletus,Amanita,False,0.4572175145149231,0.004054999997606501,ResNet18,test
data/processed/test\Boletus\0807_Iqw2hN_b0s8.jpg,Boletus,Boletus,True,0.6771130561828613,0.003940599999623373,ResNet18,test
data/processed/test\Boletus\0811_7t2BE3xOyek.jpg,Boletus,Russula,False,0.4611709713935852,0.003910600004019216,ResNet18,test
data/processed/test\Boletus\0813_mXb_8YjMI_8.jpg,Boletus,Suillus,False,0.34562626481056213,0.0039692999998806044,ResNet18,test
data/processed/test\Boletus\0829_dHV6v4tZvMk.jpg,Boletus,Boletus,True,0.9488392472267151,0.003884899997501634,ResNet18,test
data/processed/test\Boletus\0832_XCzDV_JY6_M.jpg,Boletus,Boletus,True,0.5976442098617554,0.0039035000081639737,ResNet18,test
data/processed/test\Boletus\0833_lwqKJywKCCc.jpg,Boletus,Boletus,True,0.9695274233818054,0.004182299991953187,ResNet18,test
data/processed/test\Boletus\0836_FkYdaUI06h0.jpg,Boletus,Amanita,False,0.7185674905776978,0.004201999996439554,ResNet18,test
data/processed/test\Boletus\0839__L3OdEzm-GA.jpg,Boletus,Boletus,True,0.8277035355567932,0.003916999994544312,ResNet18,test
data/processed/test\Boletus\0841_7XAXHIAG0d8.jpg,Boletus,Boletus,True,0.4915527403354645,0.003909699997166172,ResNet18,test
data/processed/test\Boletus\0857_lvu1iJAnbvg.jpg,Boletus,Boletus,True,0.98492830991745,0.0038904999964870512,ResNet18,test
data/processed/test\Boletus\0859_z4K-tiR_PP0.jpg,Boletus,Russula,False,0.7306993007659912,0.003943100004107691,ResNet18,test
data/processed/test\Boletus\0867_ExxTC0iGbxI.jpg,Boletus,Boletus,True,0.13288842141628265,0.004505699995206669,ResNet18,test
data/processed/test\Boletus\0870_BxgSujm7-C8.jpg,Boletus,Russula,False,0.580926239490509,0.004325999994762242,ResNet18,test
data/processed/test\Boletus\0876_Sizxg8ymXLI.jpg,Boletus,Boletus,True,0.6508935689926147,0.004508999991230667,ResNet18,test
data/processed/test\Boletus\0883_LcmFTebwKmA.jpg,Boletus,Boletus,True,0.9986563920974731,0.0038992999907350168,ResNet18,test
data/processed/test\Boletus\0891_9qHx98xefUQ.jpg,Boletus,Boletus,True,0.8157705664634705,0.0039080999995348975,ResNet18,test
data/processed/test\Boletus\0904_qppYGFqfqYg.jpg,Boletus,Boletus,True,0.9813728332519531,0.0038788999954704195,ResNet18,test
data/processed/test\Boletus\0907_JUjr6H_B0Xo.jpg,Boletus,Russula,False,0.4272676110267639,0.004179199997452088,ResNet18,test
data/processed/test\Boletus\0910_gk8EFVec-aU.jpg,Boletus,Boletus,True,0.84503573179245,0.005777099999249913,ResNet18,test
data/processed/test\Boletus\0920_Mj9Gr-R_eJg.jpg,Boletus,Boletus,True,0.9965264201164246,0.005441300003440119,ResNet18,test
data/processed/test\Boletus\0927_GeTz3gpfOCA.jpg,Boletus,Russula,False,0.6029244661331177,0.004111599992029369,ResNet18,test
data/processed/test\Boletus\0939_Uu9bT1-H4ZE.jpg,Boletus,Boletus,True,0.9609404802322388,0.004119599994737655,ResNet18,test
data/processed/test\Boletus\0941_CD55o3j2ACk.jpg,Boletus,Russula,False,0.9178339838981628,0.004174300003796816,ResNet18,test
data/processed/test\Boletus\0943_7_qx73pcT5M.jpg,Boletus,Boletus,True,0.9982776641845703,0.003976100008003414,ResNet18,test
data/processed/test\Boletus\0944_uchnyCbCU8o.jpg,Boletus,Agaricus,False,0.31473371386528015,0.004159899996011518,ResNet18,test
data/processed/test\Boletus\0951_12IsIr7KDL0.jpg,Boletus,Boletus,True,0.9884474873542786,0.003934300009859726,ResNet18,test
data/processed/test\Boletus\0953_JtmTQxMa4yM.jpg,Boletus,Amanita,False,0.36829227209091187,0.004233500003465451,ResNet18,test
data/processed/test\Boletus\0954_UdQ21bvT_YM.jpg,Boletus,Boletus,True,0.5950590372085571,0.003917199996067211,ResNet18,test
data/processed/test\Boletus\0974_ZIsylb_w8NE.jpg,Boletus,Boletus,True,0.9414108395576477,0.004192799999145791,ResNet18,test
data/processed/test\Boletus\0981_Q5GmJS_vei8.jpg,Boletus,Boletus,True,0.9872883558273315,0.00415370000700932,ResNet18,test
data/processed/test\Boletus\0987_JvKLOKW8WFA.jpg,Boletus,Boletus,True,0.49354276061058044,0.004304899994167499,ResNet18,test
data/processed/test\Boletus\0988_R0RNuJ8IqBI.jpg,Boletus,Boletus,True,0.6928449869155884,0.003910900006303564,ResNet18,test
data/processed/test\Boletus\1021_SyO8BpGSVjw.jpg,Boletus,Russula,False,0.5174383521080017,0.003958799992688,ResNet18,test
data/processed/test\Boletus\1032_tYL581WPzXU.jpg,Boletus,Boletus,True,0.9998573064804077,0.0038872000004630536,ResNet18,test
data/processed/test\Boletus\1036_4kWl9z7sQIY.jpg,Boletus,Inocybe,False,0.7180209755897522,0.003918100002920255,ResNet18,test
data/processed/test\Boletus\1040_i_rg9l4rqjw.jpg,Boletus,Boletus,True,0.9951658248901367,0.0039265000086743385,ResNet18,test
data/processed/test\Boletus\1051_Q0ltVKrZhcQ.jpg,Boletus,Boletus,True,0.9490503668785095,0.003912300002411939,ResNet18,test
data/processed/test\Boletus\1055_1FFlybCSCAU.jpg,Boletus,Boletus,True,0.6714503765106201,0.0038883000088389963,ResNet18,test
data/processed/test\Boletus\1057_Y7n8VqlTW3g.jpg,Boletus,Boletus,True,0.8890380263328552,0.003940900001907721,ResNet18,test
data/processed/test\Boletus\1065_eMY4Zsr_msU.jpg,Boletus,Russula,False,0.26666259765625,0.004264799994416535,ResNet18,test
data/processed/test\Boletus\1077_JAOBSnuV9zc.jpg,Boletus,Boletus,True,0.4318145513534546,0.004236799999489449,ResNet18,test
data/processed/test\Boletus\1081_S9BZwG4wmiU.jpg,Boletus,Boletus,True,0.8092736601829529,0.003933399988454767,ResNet18,test
data/processed/test\Boletus\1086_9A85NgFJxzc.jpg,Boletus,Boletus,True,0.8541837334632874,0.003889800005708821,ResNet18,test
data/processed/test\Boletus\1087_POSIDmOc7AE.jpg,Boletus,Boletus,True,0.973308801651001,0.003913099993951619,ResNet18,test
data/processed/test\Boletus\1095_fb3O6d7sRfw.jpg,Boletus,Boletus,True,0.5436951518058777,0.003930400009267032,ResNet18,test
data/processed/test\Cortinarius\032_RaRNWCMOeJY.jpg,Cortinarius,Lactarius,False,0.44356489181518555,0.00403510000614915,ResNet18,test
data/processed/test\Cortinarius\034_uFEs0KR55hA.jpg,Cortinarius,Boletus,False,0.663445234298706,0.004637799996999092,ResNet18,test
data/processed/test\Cortinarius\047_a4t7zntIs3E.jpg,Cortinarius,Russula,False,0.9026466012001038,0.004071299990755506,ResNet18,test
data/processed/test\Cortinarius\051_BcBgKIXkPFY.jpg,Cortinarius,Cortinarius,True,0.6703444123268127,0.003939800008083694,ResNet18,test
data/processed/test\Cortinarius\062_lU35GQ80D6k.jpg,Cortinarius,Exidia,False,0.26347094774246216,0.0040754000074230134,ResNet18,test
data/processed/test\Cortinarius\068_eKtLmKWRhYQ.jpg,Cortinarius,Cortinarius,True,0.45427778363227844,0.004017100000055507,ResNet18,test
data/processed/test\Cortinarius\074_QZm5I2faj7M.jpg,Cortinarius,Russula,False,0.8178523182868958,0.004677699995227158,ResNet18,test
data/processed/test\Cortinarius\082_igjSlbVXbAs.jpg,Cortinarius,Cortinarius,True,0.3137545585632324,0.004223299998557195,ResNet18,test
data/processed/test\Cortinarius\083_Fx67B3DmN3Y.jpg,Cortinarius,Entoloma,False,0.5273043513298035,0.0043947999947704375,ResNet18,test
data/processed/test\Cortinarius\089_pSC0tp3Vin8.jpg,Cortinarius,Russula,False,0.35402655601501465,0.004046100002597086,ResNet18,test
data/processed/test\Cortinarius\092_TIq_EZUYHvE.jpg,Cortinarius,Amanita,False,0.3548448085784912,0.0040311999910045415,ResNet18,test
data/processed/test\Cortinarius\098_9sdVyNK9pSI.jpg,Cortinarius,Hygrocybe,False,0.7502122521400452,0.004058699996676296,ResNet18,test
data/processed/test\Cortinarius\106_zDyFzio3OcI.jpg,Cortinarius,Suillus,False,0.44989320635795593,0.004527500001131557,ResNet18,test
data/processed/test\Cortinarius\120_6i3qL8_7_cU.jpg,Cortinarius,Russula,False,0.750127911567688,0.0040462000033585355,ResNet18,test
data/processed/test\Cortinarius\139_Sa-XUtLlV4s.jpg,Cortinarius,Hygrocybe,False,0.34834253787994385,0.004034199999296106,ResNet18,test
data/processed/test\Cortinarius\142_UT29eeWW32A.jpg,Cortinarius,Russula,False,0.47377708554267883,0.003989799995906651,ResNet18,test
data/processed/test\Cortinarius\143_SrOlFvP1n9w.jpg,Cortinarius,Boletus,False,0.6867324113845825,0.00399440000182949,ResNet18,test
data/processed/test\Cortinarius\146_N9FJKoJghDQ.jpg,Cortinarius,Lactarius,False,0.36608120799064636,0.004362100007710978,ResNet18,test
data/processed/test\Cortinarius\147_gh5SUGxwpmg.jpg,Cortinarius,Cortinarius,True,0.36231300234794617,0.004042799992021173,ResNet18,test
data/processed/test\Cortinarius\148_NRYh_CNOe0Q.jpg,Cortinarius,Russula,False,0.39131617546081543,0.003996799991000444,ResNet18,test
data/processed/test\Cortinarius\162_vx8DyMaDNbY.jpg,Cortinarius,Cortinarius,True,0.3387318253517151,0.004051399999298155,ResNet18,test
data/processed/test\Cortinarius\172_RQpuklei93E.jpg,Cortinarius,Russula,False,0.9224316477775574,0.004026599999633618,ResNet18,test
data/processed/test\Cortinarius\173_OBw2ytszKxo.jpg,Cortinarius,Agaricus,False,0.26788806915283203,0.004023099987534806,ResNet18,test
data/processed/test\Cortinarius\178_xHtAXzZPN-s.jpg,Cortinarius,Russula,False,0.42358142137527466,0.00472779999836348,ResNet18,test
data/processed/test\Cortinarius\182_kJh0aAaK590.jpg,Cortinarius,Lactarius,False,0.4164799749851227,0.004048000002512708,ResNet18,test
data/processed/test\Cortinarius\185_OXwIsNfGrwY.jpg,Cortinarius,Russula,False,0.6984769105911255,0.0040352000069106,ResNet18,test
data/processed/test\Cortinarius\192_TskFa7fOkRc.jpg,Cortinarius,Russula,False,0.4837154150009155,0.004070099996170029,ResNet18,test
data/processed/test\Cortinarius\195_lD8h4PCMaUY.jpg,Cortinarius,Entoloma,False,0.18836313486099243,0.003979300003265962,ResNet18,test
data/processed/test\Cortinarius\207_zmoZZTV0lLI.jpg,Cortinarius,Russula,False,0.5429065227508545,0.004026399998110719,ResNet18,test
data/processed/test\Cortinarius\224_mLlKvEsrEcA.jpg,Cortinarius,Cortinarius,True,0.34847843647003174,0.0040717999945627525,ResNet18,test
data/processed/test\Cortinarius\232_jKdR7Qgq_BY.jpg,Cortinarius,Lactarius,False,0.49501678347587585,0.004066199995577335,ResNet18,test
data/processed/test\Cortinarius\240_aJldHbs2JsE.jpg,Cortinarius,Hygrocybe,False,0.5763527750968933,0.004244499999913387,ResNet18,test
data/processed/test\Cortinarius\256_TpoM3eWkf6g.jpg,Cortinarius,Russula,False,0.28156399726867676,0.004022699999040924,ResNet18,test
data/processed/test\Cortinarius\274_RW-zkr4BQmM.jpg,Cortinarius,Entoloma,False,0.5656360387802124,0.003990700002759695,ResNet18,test
data/processed/test\Cortinarius\277_2vcjLHvzssg.jpg,Cortinarius,Inocybe,False,0.3614768385887146,0.003964499992434867,ResNet18,test
data/processed/test\Cortinarius\285_ALSLuAGLn64.jpg,Cortinarius,Inocybe,False,0.31203851103782654,0.0040157999901566654,ResNet18,test
data/processed/test\Cortinarius\301_BY2YjnDmmdc.jpg,Cortinarius,Entoloma,False,0.6024024486541748,0.004337700011092238,ResNet18,test
data/processed/test\Cortinarius\312_Kv_3xHcyVUE.jpg,Cortinarius,Amanita,False,0.5716965198516846,0.004197300004307181,ResNet18,test
data/processed/test\Cortinarius\321_EgWJ7bpjCxM.jpg,Cortinarius,Russula,False,0.272209495306015,0.003990299999713898,ResNet18,test
data/processed/test\Cortinarius\328_qxWZEmWaodk.jpg,Cortinarius,Russula,False,0.36221426725387573,0.0040098999888869,ResNet18,test
data/processed/test\Cortinarius\337_ohrbRKjnZkA.jpg,Cortinarius,Russula,False,0.4300557076931,0.003978100008680485,ResNet18,test
data/processed/test\Cortinarius\342_3kBE30sLBPk.jpg,Cortinarius,Russula,False,0.37421467900276184,0.004051800002343953,ResNet18,test
data/processed/test\Cortinarius\343_YY4qxL--3lE.jpg,Cortinarius,Russula,False,0.9469784498214722,0.004093499999726191,ResNet18,test
data/processed/test\Cortinarius\344_AKEJiWrKVfA.jpg,Cortinarius,Entoloma,False,0.3097034692764282,0.004735099995741621,ResNet18,test
data/processed/test\Cortinarius\349_BG4jbNRDzCI.jpg,Cortinarius,Entoloma,False,0.4618266522884369,0.0044787999941036105,ResNet18,test
data/processed/test\Cortinarius\353_qyVEsJs6eu8.jpg,Cortinarius,Cortinarius,True,0.5499395728111267,0.003986900002928451,ResNet18,test
data/processed/test\Cortinarius\358_L8mvKvlrYDA.jpg,Cortinarius,Russula,False,0.5139209032058716,0.004140200006077066,ResNet18,test
data/processed/test\Cortinarius\360_QL0VQlt8Ke0.jpg,Cortinarius,Lactarius,False,0.5304862260818481,0.006866800002171658,ResNet18,test
data/processed/test\Cortinarius\364_Xsj2f0KiCAk.jpg,Cortinarius,Lactarius,False,0.43000826239585876,0.006811500003095716,ResNet18,test
data/processed/test\Cortinarius\381_IHHdqt43Ivk.jpg,Cortinarius,Inocybe,False,0.6369001269340515,0.006781599993701093,ResNet18,test
data/processed/test\Cortinarius\384_NCKsip2esZ4.jpg,Cortinarius,Russula,False,0.5976205468177795,0.006936300007509999,ResNet18,test
data/processed/test\Cortinarius\388_JTEy9_rTlno.jpg,Cortinarius,Russula,False,0.8082917928695679,0.006705099993268959,ResNet18,test
data/processed/test\Cortinarius\389_D8kTQu4sbro.jpg,Cortinarius,Russula,False,0.36041513085365295,0.006953299991437234,ResNet18,test
data/processed/test\Cortinarius\390_iQUMBiY-0qs.jpg,Cortinarius,Lactarius,False,0.7257334589958191,0.006779300005291589,ResNet18,test
data/processed/test\Cortinarius\418_YUu8Eth7vC0.jpg,Cortinarius,Inocybe,False,0.3331975042819977,0.007646300000487827,ResNet18,test
data/processed/test\Cortinarius\448_uo51r2lHNAw.jpg,Cortinarius,Cortinarius,True,0.4094140827655792,0.006894599995575845,ResNet18,test
data/processed/test\Cortinarius\449_VlvWf0y620o.jpg,Cortinarius,Exidia,False,0.9118528962135315,0.0069161999999778345,ResNet18,test
data/processed/test\Cortinarius\456_KDbq8QQJpF8.jpg,Cortinarius,Inocybe,False,0.3329806923866272,0.007143099996028468,ResNet18,test
data/processed/test\Cortinarius\460_-PS3Pqhfj28.jpg,Cortinarius,Cortinarius,True,0.534597635269165,0.006896700011566281,ResNet18,test
data/processed/test\Cortinarius\461_FcGRZ9NIyZM.jpg,Cortinarius,Exidia,False,0.486009806394577,0.006700400001136586,ResNet18,test
data/processed/test\Cortinarius\466_M2i1qdSiRz4.jpg,Cortinarius,Entoloma,False,0.6159839034080505,0.0069626999902538955,ResNet18,test
data/processed/test\Cortinarius\467_LUja4xjFPG8.jpg,Cortinarius,Cortinarius,True,0.4014923572540283,0.006836700005806051,ResNet18,test
data/processed/test\Cortinarius\488_UhQdy3jXkc0.jpg,Cortinarius,Russula,False,0.6134740710258484,0.006341600004816428,ResNet18,test
data/processed/test\Cortinarius\496_KX8TxkeLLa4.jpg,Cortinarius,Cortinarius,True,0.3984326720237732,0.006716999996569939,ResNet18,test
data/processed/test\Cortinarius\509_M0Gd8axTrw4.jpg,Cortinarius,Russula,False,0.7890917062759399,0.0076176000002305955,ResNet18,test
data/processed/test\Cortinarius\514_tv4keuWfvWE.jpg,Cortinarius,Russula,False,0.5872942209243774,0.006512699997983873,ResNet18,test
data/processed/test\Cortinarius\530_sEUUp5boweI.jpg,Cortinarius,Russula,False,0.39354607462882996,0.006389899994246662,ResNet18,test
data/processed/test\Cortinarius\532_oIJibw1tz4Y.jpg,Cortinarius,Lactarius,False,0.25482580065727234,0.006518800000776537,ResNet18,test
data/processed/test\Cortinarius\533_pNuBhaHhEmU.jpg,Cortinarius,Lactarius,False,0.5517600178718567,0.006627000009757467,ResNet18,test
data/processed/test\Cortinarius\547_fKznDHbWCkk.jpg,Cortinarius,Inocybe,False,0.29929569363594055,0.006536499990033917,ResNet18,test
data/processed/test\Cortinarius\551_APFbJ2vPcGw.jpg,Cortinarius,Russula,False,0.7122393250465393,0.006870299999718554,ResNet18,test
data/processed/test\Cortinarius\552_z4MK9UiOMoc.jpg,Cortinarius,Russula,False,0.6861000061035156,0.006582200003322214,ResNet18,test
data/processed/test\Cortinarius\567_6O0QVMS6LE4.jpg,Cortinarius,Hygrocybe,False,0.42094847559928894,0.006298000007518567,ResNet18,test
data/processed/test\Cortinarius\574_xXwqpgn5Fls.jpg,Cortinarius,Russula,False,0.6720712780952454,0.006549899990204722,ResNet18,test
data/processed/test\Cortinarius\589_rgxUeggTwRk.jpg,Cortinarius,Entoloma,False,0.31892234086990356,0.007286199994268827,ResNet18,test
data/processed/test\Cortinarius\592_ZR3yzj9H31I.jpg,Cortinarius,Inocybe,False,0.40103623270988464,0.006359500010148622,ResNet18,test
data/processed/test\Cortinarius\593_VEBcqScsSLw.jpg,Cortinarius,Cortinarius,True,0.3812939524650574,0.006258000008529052,ResNet18,test
data/processed/test\Cortinarius\595_DUgPrK3WFJ0.jpg,Cortinarius,Agaricus,False,0.33769190311431885,0.006380800012266263,ResNet18,test
data/processed/test\Cortinarius\604_55_Sj5HXI6U.jpg,Cortinarius,Agaricus,False,0.3512480556964874,0.0064769000018714,ResNet18,test
data/processed/test\Cortinarius\613_RZSh0QPwcnw.jpg,Cortinarius,Cortinarius,True,0.8721253871917725,0.006215600005816668,ResNet18,test
data/processed/test\Cortinarius\627_JqtzXHRtbPY.jpg,Cortinarius,Entoloma,False,0.3182927370071411,0.006293900005402975,ResNet18,test
data/processed/test\Cortinarius\634_3P_z4FJuvrc.jpg,Cortinarius,Boletus,False,0.3886878788471222,0.006333600002108142,ResNet18,test
data/processed/test\Cortinarius\648_rFy8BK5tQS4.jpg,Cortinarius,Amanita,False,0.624637246131897,0.006250699996598996,ResNet18,test
data/processed/test\Cortinarius\651_YsGS-o5hPUk.jpg,Cortinarius,Inocybe,False,0.23350998759269714,0.006277799999224953,ResNet18,test
data/processed/test\Cortinarius\660_qqPWIG-_atg.jpg,Cortinarius,Inocybe,False,0.2777210474014282,0.006275299994740635,ResNet18,test
data/processed/test\Cortinarius\663_vqeZWWsm7AU.jpg,Cortinarius,Cortinarius,True,0.4569118022918701,0.006270700003369711,ResNet18,test
data/processed/test\Cortinarius\665_CnMbFwJ4A3g.jpg,Cortinarius,Inocybe,False,0.29917484521865845,0.006373699987307191,ResNet18,test
data/processed/test\Cortinarius\670_VEDFNxOmJjk.jpg,Cortinarius,Cortinarius,True,0.9461873173713684,0.006337099999655038,ResNet18,test
data/processed/test\Cortinarius\677_jZl6bME7gYc.jpg,Cortinarius,Suillus,False,0.22836917638778687,0.006432199996197596,ResNet18,test
data/processed/test\Cortinarius\684_4Yz2wW3J4Vs.jpg,Cortinarius,Cortinarius,True,0.40070080757141113,0.00643760000821203,ResNet18,test
data/processed/test\Cortinarius\698_hDYmajbNTyc.jpg,Cortinarius,Lactarius,False,0.5672537088394165,0.006292500009294599,ResNet18,test
data/processed/test\Cortinarius\700_T0ARJ9bwVM0.jpg,Cortinarius,Suillus,False,0.2177574634552002,0.006027999988873489,ResNet18,test
data/processed/test\Cortinarius\706_neOW0Q7auww.jpg,Cortinarius,Agaricus,False,0.36543071269989014,0.006207500002346933,ResNet18,test
data/processed/test\Cortinarius\710_9SgH3X4RwDc.jpg,Cortinarius,Inocybe,False,0.3225659132003784,0.006157100011478178,ResNet18,test
data/processed/test\Cortinarius\713_0K-WK89enpQ.jpg,Cortinarius,Cortinarius,True,0.34124043583869934,0.006004599999869242,ResNet18,test
data/processed/test\Cortinarius\722_hYmaZTUMKvM.jpg,Cortinarius,Russula,False,0.7731291055679321,0.006220700000994839,ResNet18,test
data/processed/test\Cortinarius\723_z2zuRWlePHw.jpg,Cortinarius,Inocybe,False,0.40027767419815063,0.0062397000001510605,ResNet18,test
data/processed/test\Cortinarius\726_SPq8J7DiHAU.jpg,Cortinarius,Russula,False,0.42479220032691956,0.006283599999733269,ResNet18,test
data/processed/test\Cortinarius\734_gSi3maWDcms.jpg,Cortinarius,Russula,False,0.6150230169296265,0.0060908000014023855,ResNet18,test
data/processed/test\Cortinarius\739_1fnqQJpMA1w.jpg,Cortinarius,Cortinarius,True,0.5449556708335876,0.006101699997088872,ResNet18,test
data/processed/test\Cortinarius\740_6uQUZGPJDtc.jpg,Cortinarius,Russula,False,0.23636427521705627,0.006127800006652251,ResNet18,test
data/processed/test\Cortinarius\741_I2jWMQKljH8.jpg,Cortinarius,Agaricus,False,0.3910089433193207,0.006128200009698048,ResNet18,test
data/processed/test\Cortinarius\743_x_gCsSdhOPU.jpg,Cortinarius,Inocybe,False,0.3089130222797394,0.0061600000044563785,ResNet18,test
data/processed/test\Cortinarius\754_pGoceyCfMP8.jpg,Cortinarius,Russula,False,0.7419446706771851,0.006192699991515838,ResNet18,test
data/processed/test\Cortinarius\766_vIHHxNTloEA.jpg,Cortinarius,Russula,False,0.6268148422241211,0.006161099998280406,ResNet18,test
data/processed/test\Cortinarius\791_2-YR9WlEhSA.jpg,Cortinarius,Russula,False,0.4062766134738922,0.007698799992795102,ResNet18,test
data/processed/test\Cortinarius\796_738i150K_pQ.jpg,Cortinarius,Hygrocybe,False,0.42398783564567566,0.005976900007226504,ResNet18,test
data/processed/test\Cortinarius\800_DyXP5vXb0mQ.jpg,Cortinarius,Lactarius,False,0.6722995638847351,0.005948100006207824,ResNet18,test
data/processed/test\Cortinarius\819_ELx6VT8tmKM.jpg,Cortinarius,Boletus,False,0.3825918436050415,0.006034100006218068,ResNet18,test
data/processed/test\Cortinarius\825_nn-gRPOKNNQ.jpg,Cortinarius,Entoloma,False,0.6591257452964783,0.006054600002244115,ResNet18,test
data/processed/test\Cortinarius\835_znWNJNTUlcg.jpg,Cortinarius,Russula,False,0.3622780740261078,0.006064299988793209,ResNet18,test
data/processed/test\Cortinarius\838_phOn4HpRGFU.jpg,Cortinarius,Inocybe,False,0.7725701332092285,0.006009099990478717,ResNet18,test
data/processed/test\Cortinarius\839_QCI2KoxuEus.jpg,Cortinarius,Cortinarius,True,0.5177106857299805,0.0058462000015424564,ResNet18,test
data/processed/test\Cortinarius\880_2blQSwj_qqg.jpg,Cortinarius,Entoloma,False,0.38213911652565,0.005891600012546405,ResNet18,test
data/processed/test\Cortinarius\896_zisCBTibqYs.jpg,Cortinarius,Boletus,False,0.5341134667396545,0.0058508000074652955,ResNet18,test
data/processed/test\Cortinarius\897_K54fKEI54-0.jpg,Cortinarius,Cortinarius,True,0.5296926498413086,0.005912799999350682,ResNet18,test
data/processed/test\Cortinarius\909_6AiLKcfk2jI.jpg,Cortinarius,Russula,False,0.9752498865127563,0.0058213000011164695,ResNet18,test
data/processed/test\Cortinarius\910_q20nsdIX9Zo.jpg,Cortinarius,Exidia,False,0.39315155148506165,0.006021399996825494,ResNet18,test
data/processed/test\Cortinarius\918_LWJyWIIRFwE.jpg,Cortinarius,Suillus,False,0.6901145577430725,0.006047200004104525,ResNet18,test
data/processed/test\Cortinarius\927_MThMyEFu3p4.jpg,Cortinarius,Inocybe,False,0.3338116407394409,0.006017699997755699,ResNet18,test
data/processed/test\Cortinarius\930_rg7s0lc2xZ4.jpg,Cortinarius,Inocybe,False,0.6307162642478943,0.00602640000579413,ResNet18,test
data/processed/test\Cortinarius\932_wke3BS09elk.jpg,Cortinarius,Russula,False,0.8429592847824097,0.006005400005960837,ResNet18,test
data/processed/test\Cortinarius\933_9KMU6_nR5hY.jpg,Cortinarius,Cortinarius,True,0.30368945002555847,0.005517799989320338,ResNet18,test
data/processed/test\Cortinarius\938_c0WgxVOt3ug.jpg,Cortinarius,Cortinarius,True,0.47987496852874756,0.005802100000437349,ResNet18,test
data/processed/test\Cortinarius\949_8OyiXJnNar8.jpg,Cortinarius,Cortinarius,True,0.6704575419425964,0.005727600000682287,ResNet18,test
data/processed/test\Cortinarius\950_HDskNFXm9xc.jpg,Cortinarius,Lactarius,False,0.308185338973999,0.00576270000601653,ResNet18,test
data/processed/test\Entoloma\008_AZvp1cwweLk.jpg,Entoloma,Entoloma,True,0.3648735284805298,0.005863800004590303,ResNet18,test
data/processed/test\Entoloma\015_HkVmyyuf6D4.jpg,Entoloma,Russula,False,0.5498558878898621,0.005850000001373701,ResNet18,test
data/processed/test\Entoloma\016_ARE6YaRXCgc.jpg,Entoloma,Russula,False,0.34072038531303406,0.0058062000025529414,ResNet18,test
data/processed/test\Entoloma\024_bN9lzk7miXk.jpg,Entoloma,Agaricus,False,0.29211705923080444,0.005775400000857189,ResNet18,test
data/processed/test\Entoloma\028_ep6xNTtGRbM.jpg,Entoloma,Hygrocybe,False,0.4051133394241333,0.005961799994111061,ResNet18,test
data/processed/test\Entoloma\040_AaS7qJWOhTY.jpg,Entoloma,Russula,False,0.7343904972076416,0.005848199987667613,ResNet18,test
data/processed/test\Entoloma\041_8TLv6hZ7PQg.jpg,Entoloma,Russula,False,0.31427377462387085,0.008665700006531551,ResNet18,test
data/processed/test\Entoloma\043_HA9oR2t5gx4.jpg,Entoloma,Lactarius,False,0.35446134209632874,0.00585750000027474,ResNet18,test
data/processed/test\Entoloma\053_pGhgq2L9_f8.jpg,Entoloma,Entoloma,True,0.4710211157798767,0.006329699986963533,ResNet18,test
data/processed/test\Entoloma\075_6zFJxFd4PFI.jpg,Entoloma,Hygrocybe,False,0.5431141257286072,0.0065156000055139884,ResNet18,test
data/processed/test\Entoloma\077_MiiSt18mhFg.jpg,Entoloma,Russula,False,0.8133193254470825,0.005894700007047504,ResNet18,test
data/processed/test\Entoloma\087_B8cy4l0fVCM.jpg,Entoloma,Entoloma,True,0.9787019491195679,0.005745100002968684,ResNet18,test
data/processed/test\Entoloma\095_sc5K2sdc95k.jpg,Entoloma,Entoloma,True,0.8593499660491943,0.005704999988665804,ResNet18,test
data/processed/test\Entoloma\100_DOEuA90u0n4.jpg,Entoloma,Lactarius,False,0.4134258031845093,0.005628900005831383,ResNet18,test
data/processed/test\Entoloma\112_tZybBnWnquU.jpg,Entoloma,Lactarius,False,0.4989519715309143,0.005653300002450123,ResNet18,test
data/processed/test\Entoloma\114_hVYv8T9rAdI.jpg,Entoloma,Entoloma,True,0.4212791323661804,0.007828200003132224,ResNet18,test
data/processed/test\Entoloma\123_N1nBNk8zowc.jpg,Entoloma,Russula,False,0.5581237077713013,0.005733400001190603,ResNet18,test
data/processed/test\Entoloma\124_NgFCwyrvUBU.jpg,Entoloma,Amanita,False,0.47717398405075073,0.005951900006039068,ResNet18,test
data/processed/test\Entoloma\125_H6KQJubz60Q.jpg,Entoloma,Inocybe,False,0.6950395703315735,0.005691300000762567,ResNet18,test
data/processed/test\Entoloma\137_2wOQqIdze_Y.jpg,Entoloma,Hygrocybe,False,0.4277663826942444,0.005553999988478608,ResNet18,test
data/processed/test\Entoloma\154_HDT_he4bSpA.jpg,Entoloma,Lactarius,False,0.375702440738678,0.005481800006236881,ResNet18,test
data/processed/test\Entoloma\155_ab4GU9GVNl0.jpg,Entoloma,Entoloma,True,0.3752765655517578,0.005689400000846945,ResNet18,test
data/processed/test\Entoloma\159_gzyo4cu2SF0.jpg,Entoloma,Entoloma,True,0.8086415529251099,0.005727499999920838,ResNet18,test
data/processed/test\Entoloma\170_rgOUjNM_DM4.jpg,Entoloma,Inocybe,False,0.5985528230667114,0.0057379000063519925,ResNet18,test
data/processed/test\Entoloma\178_j9A_u3GorWg.jpg,Entoloma,Hygrocybe,False,0.3646453619003296,0.005824300009408034,ResNet18,test
data/processed/test\Entoloma\185_UK9hgsbXBR8.jpg,Entoloma,Hygrocybe,False,0.38655248284339905,0.005860400007804856,ResNet18,test
data/processed/test\Entoloma\187_m0UFCsyH-Bs.jpg,Entoloma,Hygrocybe,False,0.6435732245445251,0.006034100006218068,ResNet18,test
data/processed/test\Entoloma\192_Tf_A1Q4bdco.jpg,Entoloma,Boletus,False,0.5646950006484985,0.0045089000050211325,ResNet18,test
data/processed/test\Entoloma\195_tEj9VvcKoc8.jpg,Entoloma,Entoloma,True,0.585684597492218,0.00356919999467209,ResNet18,test
data/processed/test\Entoloma\202_FQWDsaZPytk.jpg,Entoloma,Amanita,False,0.5484769940376282,0.00353660000837408,ResNet18,test
data/processed/test\Entoloma\213_xX7APSYep7c.jpg,Entoloma,Russula,False,0.9160600304603577,0.0038711999950464815,ResNet18,test
data/processed/test\Entoloma\217_MQnUltdhEsM.jpg,Entoloma,Russula,False,0.3910442292690277,0.0037428000068757683,ResNet18,test
data/processed/test\Entoloma\221_aU7_BswojlM.jpg,Entoloma,Entoloma,True,0.5566942095756531,0.004107000000658445,ResNet18,test
data/processed/test\Entoloma\225_3YNITN-NtWM.jpg,Entoloma,Russula,False,0.7930269837379456,0.003985800009104423,ResNet18,test
data/processed/test\Entoloma\244_5qYibVwYigY.jpg,Entoloma,Lactarius,False,0.2881171405315399,0.0039194999990286306,ResNet18,test
data/processed/test\Entoloma\247_ABBDuWCbqT0.jpg,Entoloma,Entoloma,True,0.4373440146446228,0.003974100007326342,ResNet18,test
data/processed/test\Entoloma\254_iO4rO5rmxLg.jpg,Entoloma,Russula,False,0.28945833444595337,0.003797500001383014,ResNet18,test
data/processed/test\Entoloma\269_YSsglwYAx0A.jpg,Entoloma,Russula,False,0.4664197266101837,0.003355199994985014,ResNet18,test
data/processed/test\Entoloma\278_1UQ2eou4aVA.jpg,Entoloma,Entoloma,True,0.8827444911003113,0.00339059998805169,ResNet18,test
data/processed/test\Entoloma\283_eWPMK-in8bA.jpg,Entoloma,Lactarius,False,0.2327442169189453,0.0032553000055486336,ResNet18,test
data/processed/test\Entoloma\307_bs3Q880w3uI.jpg,Entoloma,Entoloma,True,0.31868889927864075,0.0032460999937029555,ResNet18,test
data/processed/test\Entoloma\309_QMD8y_m-X9w.jpg,Entoloma,Entoloma,True,0.7247470021247864,0.003423499991185963,ResNet18,test
data/processed/test\Entoloma\315_x2hPqvpEIm4.jpg,Entoloma,Lactarius,False,0.35742050409317017,0.003570500004570931,ResNet18,test
data/processed/test\Entoloma\321_GSSvivRkKSs.jpg,Entoloma,Entoloma,True,0.4479708969593048,0.003699699998833239,ResNet18,test
data/processed/test\Entoloma\323_T1uKKhFKYQo.jpg,Entoloma,Russula,False,0.6225468516349792,0.004702999998698942,ResNet18,test
data/processed/test\Entoloma\333_1jBot7MZWes.jpg,Entoloma,Russula,False,0.5877732038497925,0.003967500000726432,ResNet18,test
data/processed/test\Entoloma\337_CtXrNI3Aodw.jpg,Entoloma,Lactarius,False,0.5200970768928528,0.003684299997985363,ResNet18,test
data/processed/test\Entoloma\344_uf0xKp6qwNQ.jpg,Entoloma,Entoloma,True,0.49161675572395325,0.003516600001603365,ResNet18,test
data/processed/test\Entoloma\349_PNzUfA1WO3M.jpg,Entoloma,Entoloma,True,0.806713342666626,0.0034021000028587878,ResNet18,test
data/processed/test\Entoloma\372_hriIdsNQgxI.jpg,Entoloma,Cortinarius,False,0.3939315378665924,0.003450200005318038,ResNet18,test
data/processed/test\Entoloma\380_OI9EjWusj9s.jpg,Entoloma,Russula,False,0.30237382650375366,0.003379700006917119,ResNet18,test
data/processed/test\Entoloma\389_-8kqVUZsNtU.jpg,Entoloma,Amanita,False,0.25662437081336975,0.0034933999995701015,ResNet18,test
data/processed/test\Entoloma\391_u6_VQ5BQ3RQ.jpg,Entoloma,Inocybe,False,0.6082897186279297,0.003999500011559576,ResNet18,test
data/processed/test\Entoloma\394_I1aghwHRxKQ.jpg,Entoloma,Lactarius,False,0.27243995666503906,0.003994600003352389,ResNet18,test
data/processed/test\Entoloma\396_P8a-mnDratQ.jpg,Entoloma,Russula,False,0.2842845320701599,0.0032496999920113012,ResNet18,test
data/processed/test\Entoloma\401_7lcXxESXcOc.jpg,Entoloma,Inocybe,False,0.25209614634513855,0.003366400007507764,ResNet18,test
data/processed/test\Exidia\APE2016-9184941_SkxjRjQbBe.jpg,Exidia,Exidia,True,0.9297414422035217,0.003475399993476458,ResNet18,test
data/processed/test\Exidia\APE2017-9186106_r1lnuhbbvl.jpg,Exidia,Exidia,True,0.758405327796936,0.0038844999944558367,ResNet18,test
data/processed/test\Exidia\APE2017-9186594_S1gbav70Pg.jpg,Exidia,Exidia,True,0.9151841402053833,0.0036878000100841746,ResNet18,test
data/processed/test\Exidia\BEC2017-9186082_Bk5dpkxvg.jpg,Exidia,Exidia,True,0.5371993184089661,0.003546499996446073,ResNet18,test
data/processed/test\Exidia\BEC2017-9186082_HkySBeewx.jpg,Exidia,Exidia,True,0.5653554797172546,0.0034973999863723293,ResNet18,test
data/processed/test\Exidia\BT2015PIC69830748.jpg,Exidia,Inocybe,False,0.37338918447494507,0.003277299998444505,ResNet18,test
data/processed/test\Exidia\BWP2010PIC21033449.jpg,Exidia,Exidia,True,0.24692197144031525,0.003902099997503683,ResNet18,test
data/processed/test\Exidia\BWP2010PIC26179585.jpg,Exidia,Exidia,True,0.5128607153892517,0.0057117999967886135,ResNet18,test
data/processed/test\Exidia\BWP2010PIC63422920.jpg,Exidia,Exidia,True,0.5128607153892517,0.0070906000037211925,ResNet18,test
data/processed/test\Exidia\BWP2012PIC72778365.jpg,Exidia,Exidia,True,0.5235591530799866,0.0061815000080969185,ResNet18,test
data/processed/test\Exidia\BWP2012PIC73866455.jpg,Exidia,Russula,False,0.22146505117416382,0.003475699995760806,ResNet18,test
data/processed/test\Exidia\DI2017-9188574_Hk1cP3Tix.jpg,Exidia,Exidia,True,0.9026132822036743,0.004022299995995127,ResNet18,test
data/processed/test\Exidia\EAT2017-9188143_SkIXsq-ig.jpg,Exidia,Exidia,True,0.9072734713554382,0.003449800002272241,ResNet18,test
data/processed/test\Exidia\FA2009PIC34033903.jpg,Exidia,Entoloma,False,0.21068280935287476,0.0032659999997122213,ResNet18,test
data/processed/test\Exidia\FA2009PIC41674148.jpg,Exidia,Russula,False,0.2747453451156616,0.0033758999925339594,ResNet18,test
data/processed/test\Exidia\FDE2014PIC40274346.jpg,Exidia,Exidia,True,0.5742878913879395,0.003376000007847324,ResNet18,test
data/processed/test\Exidia\FS2013PIC31639353.jpg,Exidia,Inocybe,False,0.5003395080566406,0.003410799996345304,ResNet18,test
data/processed/test\Exidia\GLJ2012PIC77958863.jpg,Exidia,Amanita,False,0.5901143550872803,0.003438299987465143,ResNet18,test
data/processed/test\Exidia\HM2012PIC53684895.jpg,Exidia,Amanita,False,0.505175769329071,0.0033900999987963587,ResNet18,test
data/processed/test\Exidia\JAH2010PIC83850018.jpg,Exidia,Entoloma,False,0.3647873103618622,0.0034299999970244244,ResNet18,test
data/processed/test\Exidia\JAH2011PIC50778683.jpg,Exidia,Russula,False,0.4059183597564697,0.0034882000036304817,ResNet18,test
data/processed/test\Exidia\JAH2012PIC31946080.jpg,Exidia,Exidia,True,0.8361415863037109,0.003490200004307553,ResNet18,test
data/processed/test\Exidia\JAH2012PIC42360712.jpg,Exidia,Exidia,True,0.25342532992362976,0.0034263999987160787,ResNet18,test
data/processed/test\Exidia\JAH2012PIC89993887.jpg,Exidia,Russula,False,0.5585715174674988,0.003480900006252341,ResNet18,test
data/processed/test\Exidia\JAJ2017-9185700_rkbkFjfUx.jpg,Exidia,Exidia,True,0.8701269030570984,0.003502799998386763,ResNet18,test
data/processed/test\Exidia\JC2016-9184056_Byw5hr_Qx.jpg,Exidia,Inocybe,False,0.3608623743057251,0.003424300011829473,ResNet18,test
data/processed/test\Exidia\JCS2009PIC12309413.jpg,Exidia,Exidia,True,0.9439395070075989,0.0034075000003213063,ResNet18,test
data/processed/test\Exidia\JM2011PIC15975626.jpg,Exidia,Inocybe,False,0.4171699285507202,0.0034599000064190477,ResNet18,test
data/processed/test\Exidia\JM2012PIC10429941.jpg,Exidia,Exidia,True,0.3580614924430847,0.0036364000116009265,ResNet18,test
data/processed/test\Exidia\JM2016-9182928_HydQkTeMe.jpg,Exidia,Entoloma,False,0.522417426109314,0.0035506000131135806,ResNet18,test
data/processed/test\Exidia\JMI2017-9225941_BkUTwno3Z.jpg,Exidia,Inocybe,False,0.5870395302772522,0.0034657000069273636,ResNet18,test
data/processed/test\Exidia\JO2011PIC61426163.jpg,Exidia,Inocybe,False,0.26944467425346375,0.0036096000112593174,ResNet18,test
data/processed/test\Exidia\KMA2016-9182761_BJZkKzAWe.jpg,Exidia,Russula,False,0.2571728527545929,0.003934299995307811,ResNet18,test
data/processed/test\Exidia\KNI2009PIC40725553.jpg,Exidia,Cortinarius,False,0.30318403244018555,0.004231300001265481,ResNet18,test
data/processed/test\Exidia\KNK2014PIC59831810.jpg,Exidia,Inocybe,False,0.4721105694770813,0.003979700006311759,ResNet18,test
data/processed/test\Exidia\MC2017-9190790_r1lwUvc0e.jpg,Exidia,Exidia,True,0.7474613189697266,0.0034207999997306615,ResNet18,test
data/processed/test\Exidia\MFC2016-9180603_HJlPfl0lxe.jpg,Exidia,Exidia,True,0.25082191824913025,0.003416899999137968,ResNet18,test
data/processed/test\Exidia\ML2009PIC13001963.jpg,Exidia,Entoloma,False,0.2542678117752075,0.003332000007503666,ResNet18,test
data/processed/test\Exidia\ML2011PIC18007945.jpg,Exidia,Exidia,True,0.5461764335632324,0.003415999992284924,ResNet18,test
data/processed/test\Exidia\ML2011PIC65179349.jpg,Exidia,Russula,False,0.5091778635978699,0.00358770000457298,ResNet18,test
data/processed/test\Exidia\MMN2010PIC69549468.jpg,Exidia,Lactarius,False,0.29226019978523254,0.003235199998016469,ResNet18,test
data/processed/test\Exidia\MMN2012PIC61631279.jpg,Exidia,Exidia,True,0.6444451808929443,0.0039164000045275316,ResNet18,test
data/processed/test\Exidia\MSO2011PIC32526200.jpg,Exidia,Exidia,True,0.8114578723907471,0.0035182999999960884,ResNet18,test
data/processed/test\Exidia\MSO2012PIC15916968.jpg,Exidia,Exidia,True,0.6270033121109009,0.003294499998446554,ResNet18,test
data/processed/test\Exidia\MSO2014PIC66151749.jpg,Exidia,Lactarius,False,0.2138243317604065,0.0038884000096004456,ResNet18,test
data/processed/test\Exidia\MSO2015PIC74895293.jpg,Exidia,Inocybe,False,0.509975790977478,0.003952200000640005,ResNet18,test
data/processed/test\Exidia\MSO2016PIC23090222.jpg,Exidia,Inocybe,False,0.4062115550041199,0.003493500000331551,ResNet18,test
data/processed/test\Exidia\NHE2016-9180599_Byki66lel.jpg,Exidia,Amanita,False,0.7004677057266235,0.0032617999968351796,ResNet18,test
data/processed/test\Exidia\NVM2013PIC42485487.jpg,Exidia,Cortinarius,False,0.49124547839164734,0.0033961000008275732,ResNet18,test
data/processed/test\Exidia\RSS2017-9188091_H1ey3FQyoe.jpg,Exidia,Russula,False,0.3766586482524872,0.0035266999911982566,ResNet18,test
data/processed/test\Exidia\TAK2013PIC32572675.jpg,Exidia,Exidia,True,0.9612433314323425,0.004630299998098053,ResNet18,test
data/processed/test\Exidia\TIL2017-9190084_BJQTBLw6px.jpg,Exidia,Amanita,False,0.4840948283672333,0.003957499997341074,ResNet18,test
data/processed/test\Exidia\TKH2012PIC10624779.jpg,Exidia,Exidia,True,0.269669771194458,0.0038979999953880906,ResNet18,test
data/processed/test\Exidia\TKH2013PIC59849237.jpg,Exidia,Russula,False,0.2937849462032318,0.003905199992004782,ResNet18,test
data/processed/test\Exidia\TKH2015PIC23528165.jpg,Exidia,Inocybe,False,0.46996256709098816,0.0038465999969048426,ResNet18,test
data/processed/test\Exidia\TL2015PIC58388718.jpg,Exidia,Entoloma,False,0.32698333263397217,0.003521500009810552,ResNet18,test
data/processed/test\Exidia\TL2015PIC80481245.jpg,Exidia,Inocybe,False,0.3941480815410614,0.0037444000045070425,ResNet18,test
data/processed/test\Exidia\TL2016-9182730_HykuO06Zg.jpg,Exidia,Inocybe,False,0.23438666760921478,0.003398799992282875,ResNet18,test
data/processed/test\Exidia\TOB2015PIC38267487.jpg,Exidia,Exidia,True,0.9267098307609558,0.003486100002191961,ResNet18,test
data/processed/test\Exidia\TOB2016-9184524_S10gErNNl.jpg,Exidia,Inocybe,False,0.3051784932613373,0.0035093000042252243,ResNet18,test
data/processed/test\Exidia\TS2010PIC71382964.jpg,Exidia,Exidia,True,0.9348630905151367,0.0033918000117409974,ResNet18,test
data/processed/test\Exidia\TS2013PIC55827351.jpg,Exidia,Exidia,True,0.7715395092964172,0.003471199990599416,ResNet18,test
data/processed/test\Exidia\TS2016PIC29053644.jpg,Exidia,Amanita,False,0.8570654988288879,0.003678399996715598,ResNet18,test
data/processed/test\Exidia\TS2016PIC39839225.jpg,Exidia,Inocybe,False,0.38655996322631836,0.0034826999908545986,ResNet18,test
data/processed/test\Exidia\UFN2017-9192300_S1ZikyZeW.jpg,Exidia,Exidia,True,0.9297199845314026,0.003500899998471141,ResNet18,test
data/processed/test\Exidia\UFN2017-9192376_BkicKxmgb.jpg,Exidia,Exidia,True,0.6936070919036865,0.0038144999998621643,ResNet18,test
data/processed/test\Hygrocybe\000_ZNTZP3tXkz8.jpg,Hygrocybe,Hygrocybe,True,0.9679504632949829,0.0037903999909758568,ResNet18,test
data/processed/test\Hygrocybe\003_r_0kZgNW3Tc.jpg,Hygrocybe,Hygrocybe,True,0.9532567858695984,0.003437599996686913,ResNet18,test
data/processed/test\Hygrocybe\004_uURYojZQbjQ.jpg,Hygrocybe,Hygrocybe,True,0.8261739015579224,0.0033639000030234456,ResNet18,test
data/processed/test\Hygrocybe\012_LItejlRJ918.jpg,Hygrocybe,Hygrocybe,True,0.8107940554618835,0.0035025999968638644,ResNet18,test
data/processed/test\Hygrocybe\022_NycgOWqKPEA.jpg,Hygrocybe,Lactarius,False,0.7027739882469177,0.0035795000003417954,ResNet18,test
data/processed/test\Hygrocybe\030_AQ4o1Xm4AL0.jpg,Hygrocybe,Amanita,False,0.47722241282463074,0.0036198000016156584,ResNet18,test
data/processed/test\Hygrocybe\032_DZ1xy6htm0M.jpg,Hygrocybe,Russula,False,0.8679848909378052,0.003366100005223416,ResNet18,test
data/processed/test\Hygrocybe\040_3txjJQ9iLYI.jpg,Hygrocybe,Hygrocybe,True,0.8197317123413086,0.0035460000071907416,ResNet18,test
data/processed/test\Hygrocybe\045_TJd-2TQFv10.jpg,Hygrocybe,Hygrocybe,True,0.7350296378135681,0.003386599986697547,ResNet18,test
data/processed/test\Hygrocybe\049_XD-_-BeBBR4.jpg,Hygrocybe,Hygrocybe,True,0.8628931641578674,0.0034404000034555793,ResNet18,test
data/processed/test\Hygrocybe\050_ubNntQr-eWE.jpg,Hygrocybe,Hygrocybe,True,0.9329502582550049,0.003569499996956438,ResNet18,test
data/processed/test\Hygrocybe\056_cGxyxb6UHGk.jpg,Hygrocybe,Russula,False,0.46008577942848206,0.003335700006573461,ResNet18,test
data/processed/test\Hygrocybe\070_WNKPUMir-JY.jpg,Hygrocybe,Russula,False,0.40421798825263977,0.0038985999999567866,ResNet18,test
data/processed/test\Hygrocybe\072_G-fOGmTh3jY.jpg,Hygrocybe,Hygrocybe,True,0.902650773525238,0.003961399997933768,ResNet18,test
data/processed/test\Hygrocybe\076_HGEpcAdN9KE.jpg,Hygrocybe,Hygrocybe,True,0.8572444319725037,0.0033771000016713515,ResNet18,test
data/processed/test\Hygrocybe\081_puYZ4KzYSqs.jpg,Hygrocybe,Cortinarius,False,0.3895782232284546,0.003591600005165674,ResNet18,test
data/processed/test\Hygrocybe\107_8A2HnEVmiKo.jpg,Hygrocybe,Amanita,False,0.37768253684043884,0.0034746999881463125,ResNet18,test
data/processed/test\Hygrocybe\112_qr7hsvuhJZ0.jpg,Hygrocybe,Hygrocybe,True,0.8956603407859802,0.0036512999940896407,ResNet18,test
data/processed/test\Hygrocybe\126_0gAqgiheOxI.jpg,Hygrocybe,Hygrocybe,True,0.4508400559425354,0.0035189000045647845,ResNet18,test
data/processed/test\Hygrocybe\127_XCKEujZlVek.jpg,Hygrocybe,Hygrocybe,True,0.5097747445106506,0.0032962000113911927,ResNet18,test
data/processed/test\Hygrocybe\129_j8zgmU7QMxU.jpg,Hygrocybe,Hygrocybe,True,0.9802188277244568,0.0034050000103889033,ResNet18,test
data/processed/test\Hygrocybe\132_tuQX6vBvZRk.jpg,Hygrocybe,Hygrocybe,True,0.9288337826728821,0.0033854999928735197,ResNet18,test
data/processed/test\Hygrocybe\133_3_ieL2NtOF0.jpg,Hygrocybe,Hygrocybe,True,0.8559634685516357,0.003444000001763925,ResNet18,test
data/processed/test\Hygrocybe\142_bhwsyvZtIY0.jpg,Hygrocybe,Entoloma,False,0.41243645548820496,0.0035752999974647537,ResNet18,test
data/processed/test\Hygrocybe\153_vIb6t4IHEzM.jpg,Hygrocybe,Hygrocybe,True,0.9690715670585632,0.0035952000034740195,ResNet18,test
data/processed/test\Hygrocybe\159_Ymge5g1qpP4.jpg,Hygrocybe,Boletus,False,0.3643800914287567,0.0033377999934600666,ResNet18,test
data/processed/test\Hygrocybe\167_0dmBJfGHH8c.jpg,Hygrocybe,Hygrocybe,True,0.8909783959388733,0.0033349000004818663,ResNet18,test
data/processed/test\Hygrocybe\181_GCIMCymbYLk.jpg,Hygrocybe,Russula,False,0.7111448645591736,0.003539999990607612,ResNet18,test
data/processed/test\Hygrocybe\188_5IJ0j3yYEyk.jpg,Hygrocybe,Russula,False,0.946557879447937,0.0033974000107264146,ResNet18,test
data/processed/test\Hygrocybe\201_9i5OZWNQwG0.jpg,Hygrocybe,Hygrocybe,True,0.9965156316757202,0.003410500008612871,ResNet18,test
data/processed/test\Hygrocybe\203_Z33ahTENL0Q.jpg,Hygrocybe,Hygrocybe,True,0.896323561668396,0.0034577000042190775,ResNet18,test
data/processed/test\Hygrocybe\205_pVtK0sC_qAE.jpg,Hygrocybe,Inocybe,False,0.4045393168926239,0.003268000000389293,ResNet18,test
data/processed/test\Hygrocybe\216_jDgNLEnykyU.jpg,Hygrocybe,Hygrocybe,True,0.7508459687232971,0.0034959000040544197,ResNet18,test
data/processed/test\Hygrocybe\225_KKCj-5wLqCA.jpg,Hygrocybe,Russula,False,0.5401213765144348,0.003328300008433871,ResNet18,test
data/processed/test\Hygrocybe\227_L3z3XTxXk78.jpg,Hygrocybe,Russula,False,0.561035692691803,0.0034371999936411157,ResNet18,test
data/processed/test\Hygrocybe\230_yk2KrQJOQS8.jpg,Hygrocybe,Russula,False,0.31807470321655273,0.003456900012679398,ResNet18,test
data/processed/test\Hygrocybe\240_7wFT2NzNJsA.jpg,Hygrocybe,Hygrocybe,True,0.34006673097610474,0.004075999997439794,ResNet18,test
data/processed/test\Hygrocybe\253_IgK1gMXB7S0.jpg,Hygrocybe,Russula,False,0.329705148935318,0.004030600000987761,ResNet18,test
data/processed/test\Hygrocybe\257_LPbsa5Oitj0.jpg,Hygrocybe,Russula,False,0.6287535429000854,0.0039696000021649525,ResNet18,test
data/processed/test\Hygrocybe\271_wkoF4DRryAY.jpg,Hygrocybe,Amanita,False,0.55391925573349,0.003876000002492219,ResNet18,test
data/processed/test\Hygrocybe\272_-uL1iUddkKE.jpg,Hygrocybe,Russula,False,0.9593530297279358,0.003912800006219186,ResNet18,test
data/processed/test\Hygrocybe\279_qMPhGAtE9-E.jpg,Hygrocybe,Hygrocybe,True,0.3285762369632721,0.003933799991500564,ResNet18,test
data/processed/test\Hygrocybe\287_V13XWthHpss.jpg,Hygrocybe,Suillus,False,0.2541350722312927,0.0040142000070773065,ResNet18,test
data/processed/test\Hygrocybe\292_RJnjsciXCNM.jpg,Hygrocybe,Hygrocybe,True,0.692650556564331,0.0041957000066759065,ResNet18,test
data/processed/test\Hygrocybe\299_VBHrsAmQC-E.jpg,Hygrocybe,Hygrocybe,True,0.7467877864837646,0.0033436000085202977,ResNet18,test
data/processed/test\Hygrocybe\301_vp5CIThqt4k.jpg,Hygrocybe,Hygrocybe,True,0.37043455243110657,0.0034825999900931492,ResNet18,test
data/processed/test\Hygrocybe\314_tDtKkHcGxRM.jpg,Hygrocybe,Russula,False,0.902134895324707,0.0038730000087525696,ResNet18,test
data/processed/test\Hygrocybe\325_rro3hIu1Nqw.jpg,Hygrocybe,Lactarius,False,0.2650248110294342,0.004026099995826371,ResNet18,test
data/processed/test\Inocybe\AE2013PIC74694917.jpg,Inocybe,Inocybe,True,0.7939178943634033,0.0033706999965943396,ResNet18,test
data/processed/test\Inocybe\AE2015PIC76548267.jpg,Inocybe,Russula,False,0.45330795645713806,0.004014000005554408,ResNet18,test
data/processed/test\Inocybe\AS2010PIC58249290.jpg,Inocybe,Inocybe,True,0.8807454705238342,0.0039139999862527475,ResNet18,test
data/processed/test\Inocybe\AS2017-9214269_rygo0WejZ.jpg,Inocybe,Russula,False,0.7633455991744995,0.003872000001138076,ResNet18,test
data/processed/test\Inocybe\BWP2010PIC63790785.jpg,Inocybe,Inocybe,True,0.402943879365921,0.0039018999959807843,ResNet18,test
data/processed/test\Inocybe\BWP2011PIC57986404.jpg,Inocybe,Inocybe,True,0.8645894527435303,0.0038746000063838437,ResNet18,test
data/processed/test\Inocybe\BWP2013PIC14438171.jpg,Inocybe,Russula,False,0.6579946279525757,0.003539999990607612,ResNet18,test
data/processed/test\Inocybe\BWP2015PIC54111483.jpg,Inocybe,Exidia,False,0.44012269377708435,0.0034149999992223457,ResNet18,test
data/processed/test\Inocybe\BWP2015PIC66105035.jpg,Inocybe,Entoloma,False,0.20984190702438354,0.003187199996318668,ResNet18,test
data/processed/test\Inocybe\BWP2016-9169400_r1cjMF0O.jpg,Inocybe,Amanita,False,0.5571490526199341,0.006728899999870919,ResNet18,test
data/processed/test\Inocybe\BWP2016-9169400_ryGAfY0u.jpg,Inocybe,Russula,False,0.38991016149520874,0.00383509999664966,ResNet18,test
data/processed/test\Inocybe\CL2011PIC55659604.jpg,Inocybe,Boletus,False,0.33515191078186035,0.0034281999978702515,ResNet18,test
data/processed/test\Inocybe\DB2013PIC33800138.jpg,Inocybe,Inocybe,True,0.9745544195175171,0.003971099999034777,ResNet18,test
data/processed/test\Inocybe\DB2013PIC42730442.jpg,Inocybe,Inocybe,True,0.6844599843025208,0.003758999999263324,ResNet18,test
data/processed/test\Inocybe\DB2013PIC57804056.jpg,Inocybe,Inocybe,True,0.7759361267089844,0.0039194999990286306,ResNet18,test
data/processed/test\Inocybe\DB2013PIC89729265.jpg,Inocybe,Inocybe,True,0.7982054948806763,0.00390180000977125,ResNet18,test
data/processed/test\Inocybe\EAT2012PIC64084765.jpg,Inocybe,Inocybe,True,0.4279538691043854,0.00401140000030864,ResNet18,test
data/processed/test\Inocybe\EAT2012PIC84850246.jpg,Inocybe,Inocybe,True,0.5925784707069397,0.003839299999526702,ResNet18,test
data/processed/test\Inocybe\EAT2013PIC54191345.jpg,Inocybe,Hygrocybe,False,0.6494237780570984,0.0038169999897945672,ResNet18,test
data/processed/test\Inocybe\EAT2014PIC42270599.jpg,Inocybe,Amanita,False,0.40158388018608093,0.004272599995601922,ResNet18,test
data/processed/test\Inocybe\EAT2015PIC87367583.jpg,Inocybe,Inocybe,True,0.30062243342399597,0.0034214000042993575,ResNet18,test
data/processed/test\Inocybe\EAT2015PIC89289492.jpg,Inocybe,Entoloma,False,0.27225977182388306,0.00410109999938868,ResNet18,test
data/processed/test\Inocybe\EAT2017-9208647_BJQtzKntb.jpg,Inocybe,Russula,False,0.2592759430408478,0.0039056000096024945,ResNet18,test
data/processed/test\Inocybe\FDE2011PIC86172261.jpg,Inocybe,Inocybe,True,0.4412181079387665,0.003782400002819486,ResNet18,test
data/processed/test\Inocybe\FDE2012PIC64061850.jpg,Inocybe,Russula,False,0.3410870134830475,0.0035352999984752387,ResNet18,test
data/processed/test\Inocybe\FS2012PIC59633008.jpg,Inocybe,Inocybe,True,0.3113912343978882,0.0039077999972505495,ResNet18,test
data/processed/test\Inocybe\JAH2014PIC52290371.jpg,Inocybe,Inocybe,True,0.5346280336380005,0.004008699994301423,ResNet18,test
data/processed/test\Inocybe\JCS2009PIC20338594.jpg,Inocybe,Entoloma,False,0.6354609131813049,0.0035831000132020563,ResNet18,test
data/processed/test\Inocybe\JCS2013PIC22587806.jpg,Inocybe,Inocybe,True,0.5451741814613342,0.0035846999962814152,ResNet18,test
data/processed/test\Inocybe\JCS2013PIC43012548.jpg,Inocybe,Entoloma,False,0.4003690779209137,0.003374799998709932,ResNet18,test
data/processed/test\Inocybe\JCS2013PIC83427178.jpg,Inocybe,Entoloma,False,0.6952806115150452,0.0034832000092137605,ResNet18,test
data/processed/test\Inocybe\JHC2017-9196021_r1DJCAiXW.jpg,Inocybe,Russula,False,0.5480164289474487,0.003683600007207133,ResNet18,test
data/processed/test\Inocybe\JHC2017-9201118_B1VmZiXPZ.jpg,Inocybe,Lactarius,False,0.3281438648700714,0.00387810000393074,ResNet18,test
data/processed/test\Inocybe\JHC2017-9207705_H16Z0hStW.jpg,Inocybe,Inocybe,True,0.5002037286758423,0.0042317000043112785,ResNet18,test
data/processed/test\Inocybe\JM2012PIC76798409.jpg,Inocybe,Inocybe,True,0.5694692134857178,0.003557800009730272,ResNet18,test
data/processed/test\Inocybe\JM2014PIC65927854.jpg,Inocybe,Inocybe,True,0.45618900656700134,0.0035527000000001863,ResNet18,test
data/processed/test\Inocybe\JM2017-9200086_HkgcxFo28W.jpg,Inocybe,Russula,False,0.49989476799964905,0.003567400010069832,ResNet18,test
data/processed/test\Inocybe\JM2017-9200086_rkceKj2LZ.jpg,Inocybe,Exidia,False,0.3758505880832672,0.0033848999883048236,ResNet18,test
data/processed/test\Inocybe\JM2017-9202674_ByodB43P-.jpg,Inocybe,Inocybe,True,0.47695329785346985,0.003521200007526204,ResNet18,test
data/processed/test\Inocybe\KNI2015PIC36175674.jpg,Inocybe,Russula,False,0.3423196077346802,0.003932399995392188,ResNet18,test
data/processed/test\Inocybe\LDJ2009PIC30690154.jpg,Inocybe,Inocybe,True,0.8527472615242004,0.0038003999943612143,ResNet18,test
data/processed/test\Inocybe\MACH2016-9178188_S1cpNX6A.jpg,Inocybe,Inocybe,True,0.8235732913017273,0.003896800000802614,ResNet18,test
data/processed/test\Inocybe\MAV2010PIC78400496.jpg,Inocybe,Inocybe,True,0.3962189555168152,0.00356620000093244,ResNet18,test
data/processed/test\Inocybe\MAV2011PIC87756495.jpg,Inocybe,Cortinarius,False,0.3990376591682434,0.003756800011615269,ResNet18,test
data/processed/test\Inocybe\MAV2013PIC41670341.jpg,Inocybe,Inocybe,True,0.4956035912036896,0.0037174000026425347,ResNet18,test
data/processed/test\Inocybe\ML2012PIC15959384.jpg,Inocybe,Russula,False,0.5467052459716797,0.003888599996571429,ResNet18,test
data/processed/test\Inocybe\MMN2010PIC77085274.jpg,Inocybe,Russula,False,0.8501767516136169,0.0038467999984277412,ResNet18,test
data/processed/test\Inocybe\MS2009PIC48014779.jpg,Inocybe,Inocybe,True,0.4203090965747833,0.004285699993488379,ResNet18,test
data/processed/test\Inocybe\MS2009PIC76598275.jpg,Inocybe,Inocybe,True,0.4641698896884918,0.003532000002451241,ResNet18,test
data/processed/test\Inocybe\MSO2012PIC41953814.jpg,Inocybe,Inocybe,True,0.5496683716773987,0.0034516000014264137,ResNet18,test
data/processed/test\Inocybe\OBL2011PIC48076248.jpg,Inocybe,Inocybe,True,0.6081637144088745,0.004056599995237775,ResNet18,test
data/processed/test\Inocybe\OBL2012PIC16913624.jpg,Inocybe,Lactarius,False,0.22358526289463043,0.0037081000045873225,ResNet18,test
data/processed/test\Inocybe\PEL2017-9195655_B1Yl9j8mb.jpg,Inocybe,Russula,False,0.2998006343841553,0.003512299997964874,ResNet18,test
data/processed/test\Inocybe\PETRA2017-9197483_rkgT7fMH-.jpg,Inocybe,Inocybe,True,0.4085144102573395,0.0036528000055113807,ResNet18,test
data/processed/test\Inocybe\PL2011PIC79270766.jpg,Inocybe,Inocybe,True,0.6376484036445618,0.003677200002130121,ResNet18,test
data/processed/test\Inocybe\PTP2016-9171214_SyeyOS_pq.jpg,Inocybe,Exidia,False,0.4500119388103485,0.003537500000675209,ResNet18,test
data/processed/test\Inocybe\RE2010PIC60585326.jpg,Inocybe,Suillus,False,0.41239064931869507,0.0035025999968638644,ResNet18,test
data/processed/test\Inocybe\RE2012PIC39126061.jpg,Inocybe,Boletus,False,0.6107469201087952,0.003757200000109151,ResNet18,test
data/processed/test\Inocybe\RE2012PIC69020667.jpg,Inocybe,Russula,False,0.442096084356308,0.0035182000137865543,ResNet18,test
data/processed/test\Inocybe\SL2013PIC12810247.jpg,Inocybe,Inocybe,True,0.2153959721326828,0.0038573000056203455,ResNet18,test
data/processed/test\Inocybe\TAK2012PIC72845888.jpg,Inocybe,Russula,False,0.38755694031715393,0.0035779000027105212,ResNet18,test
data/processed/test\Inocybe\TAK2013PIC38129211.jpg,Inocybe,Russula,False,0.27520978450775146,0.0035358000022824854,ResNet18,test
data/processed/test\Inocybe\TAK2014PIC74058257.jpg,Inocybe,Russula,False,0.39700204133987427,0.0036914000083925202,ResNet18,test
data/processed/test\Inocybe\TAK2015PIC12430189.jpg,Inocybe,Inocybe,True,0.26103904843330383,0.0035271999950055033,ResNet18,test
data/processed/test\Inocybe\TAK2017-9195726_SJBnA3Dm-.jpg,Inocybe,Russula,False,0.36313748359680176,0.003562400001101196,ResNet18,test
data/processed/test\Inocybe\TB2010PIC30549452.jpg,Inocybe,Inocybe,True,0.3966955840587616,0.003560200013453141,ResNet18,test
data/processed/test\Inocybe\TKH2011PIC29550858.jpg,Inocybe,Inocybe,True,0.48928606510162354,0.0034358999982941896,ResNet18,test
data/processed/test\Inocybe\TKH2012PIC24863747.jpg,Inocybe,Russula,False,0.5899252891540527,0.0036148000071989372,ResNet18,test
data/processed/test\Inocybe\TKH2012PIC58539255.jpg,Inocybe,Entoloma,False,0.35550686717033386,0.004563800001051277,ResNet18,test
data/processed/test\Inocybe\TKH2013PIC15346099.jpg,Inocybe,Entoloma,False,0.3068760633468628,0.003822700004093349,ResNet18,test
data/processed/test\Inocybe\TKH2013PIC24960254.jpg,Inocybe,Inocybe,True,0.6804842948913574,0.003514199997880496,ResNet18,test
data/processed/test\Inocybe\TKH2013PIC33707521.jpg,Inocybe,Hygrocybe,False,0.4017779529094696,0.003928099991753697,ResNet18,test
data/processed/test\Inocybe\TKH2013PIC43429224.jpg,Inocybe,Entoloma,False,0.7446700930595398,0.0039047000027494505,ResNet18,test
data/processed/test\Inocybe\TKH2013PIC89377657.jpg,Inocybe,Inocybe,True,0.5236755609512329,0.0035140999971190467,ResNet18,test
data/processed/test\Inocybe\TKH2014PIC28133692.jpg,Inocybe,Inocybe,True,0.6917980313301086,0.003581800003303215,ResNet18,test
data/processed/test\Inocybe\TOB2016-9177959_r1E_IZN1e.jpg,Inocybe,Inocybe,True,0.8172052502632141,0.0035743000044021755,ResNet18,test
data/processed/test\Inocybe\TOB2017-9194552_ryHFsS3MZ.jpg,Inocybe,Amanita,False,0.27932506799697876,0.00369440000213217,ResNet18,test
data/processed/test\Inocybe\TOB2017-9202157_SJH4BiA_P-.jpg,Inocybe,Inocybe,True,0.6079061031341553,0.003473899996606633,ResNet18,test
data/processed/test\Inocybe\TOB2017-9202157_rkQEriRdDb.jpg,Inocybe,Inocybe,True,0.4495643973350525,0.003931600003852509,ResNet18,test
data/processed/test\Inocybe\TOB2017-9208818_BJI8SxBgcb.jpg,Inocybe,Inocybe,True,0.8934997320175171,0.003914100001566112,ResNet18,test
data/processed/test\Inocybe\TOB2017-9208818_Hy9LSxSe5Z.jpg,Inocybe,Inocybe,True,0.8703628778457642,0.0040492999978596345,ResNet18,test
data/processed/test\Inocybe\TOB2017-9208818_rJG8reBe5Z.jpg,Inocybe,Inocybe,True,0.7388986945152283,0.0035905999975511804,ResNet18,test
data/processed/test\Inocybe\TOB2017-9208818_rk8Serx5W.jpg,Inocybe,Inocybe,True,0.4389711022377014,0.0036149999941699207,ResNet18,test
data/processed/test\Inocybe\TS2010PIC72695117.jpg,Inocybe,Cortinarius,False,0.4670771658420563,0.0038637999969068915,ResNet18,test
data/processed/test\Inocybe\TS2011PIC26376558.jpg,Inocybe,Amanita,False,0.3220982253551483,0.0035908999998355284,ResNet18,test
data/processed/test\Inocybe\TS2011PIC53483517.jpg,Inocybe,Inocybe,True,0.47468996047973633,0.003750100004253909,ResNet18,test
data/processed/test\Inocybe\TS2011PIC53751796.jpg,Inocybe,Russula,False,0.4351887106895447,0.0036358000070322305,ResNet18,test
data/processed/test\Inocybe\TS2012PIC31340902.jpg,Inocybe,Entoloma,False,0.5414426922798157,0.0035137999948346987,ResNet18,test
data/processed/test\Inocybe\TS2012PIC71517695.jpg,Inocybe,Inocybe,True,0.9343953132629395,0.003576699993573129,ResNet18,test
data/processed/test\Inocybe\TS2012PIC76182348.jpg,Inocybe,Inocybe,True,0.8031021952629089,0.003668299992568791,ResNet18,test
data/processed/test\Inocybe\TS2013PIC21993338.jpg,Inocybe,Inocybe,True,0.661077618598938,0.003551199988578446,ResNet18,test
data/processed/test\Inocybe\TS2013PIC26765211.jpg,Inocybe,Inocybe,True,0.5978618264198303,0.003568999993149191,ResNet18,test
data/processed/test\Inocybe\TS2015PIC48470465.jpg,Inocybe,Inocybe,True,0.6281111240386963,0.0038295999984256923,ResNet18,test
data/processed/test\Inocybe\TS2016-9180197_S1b2-Dmpye.jpg,Inocybe,Hygrocybe,False,0.5500403642654419,0.003606500002206303,ResNet18,test
data/processed/test\Lactarius\0000_av7f-8yVUNY.jpg,Lactarius,Lactarius,True,0.24766117334365845,0.003485799999907613,ResNet18,test
data/processed/test\Lactarius\0004_gigZhorw0Eo.jpg,Lactarius,Inocybe,False,0.2426374852657318,0.0039813000039430335,ResNet18,test
data/processed/test\Lactarius\0008_SSJpwPhX7Rs.jpg,Lactarius,Russula,False,0.7294213771820068,0.003935200002160855,ResNet18,test
data/processed/test\Lactarius\001_0eat5sScleY.jpg,Lactarius,Lactarius,True,0.44155558943748474,0.003761599989957176,ResNet18,test
data/processed/test\Lactarius\0024_UzDaRx13wVs.jpg,Lactarius,Lactarius,True,0.4059411287307739,0.0037964999937685207,ResNet18,test
data/processed/test\Lactarius\0026_autPTj6WXpU.jpg,Lactarius,Lactarius,True,0.5763434767723083,0.003748300005099736,ResNet18,test
data/processed/test\Lactarius\0036_UjqjlkUecEk.jpg,Lactarius,Lactarius,True,0.8102101683616638,0.0036059999983990565,ResNet18,test
data/processed/test\Lactarius\0058_Ksaju-DFTOM.jpg,Lactarius,Lactarius,True,0.5057007074356079,0.003947100005461834,ResNet18,test
data/processed/test\Lactarius\0071_2YKUxBBp95A.jpg,Lactarius,Russula,False,0.781898021697998,0.003615000008721836,ResNet18,test
data/processed/test\Lactarius\0078_67hlnzvWweg.jpg,Lactarius,Russula,False,0.8113371729850769,0.0035133000055793673,ResNet18,test
data/processed/test\Lactarius\0090_8gZ-MF4DF5c.jpg,Lactarius,Lactarius,True,0.4968695044517517,0.003647399993496947,ResNet18,test
data/processed/test\Lactarius\0091_GJfhcGAsQEs.jpg,Lactarius,Russula,False,0.6320598721504211,0.0035770999966189265,ResNet18,test
data/processed/test\Lactarius\0092_lAL2nLK6Yqc.jpg,Lactarius,Russula,False,0.6244971752166748,0.0036209999962011352,ResNet18,test
data/processed/test\Lactarius\0096_YCFCQKyiPFI.jpg,Lactarius,Entoloma,False,0.4097498953342438,0.0035370999976294115,ResNet18,test
data/processed/test\Lactarius\0100_VP4M5qp5Xuw.jpg,Lactarius,Russula,False,0.7000344395637512,0.003575700000510551,ResNet18,test
data/processed/test\Lactarius\0108_bkdZqadlJYM.jpg,Lactarius,Lactarius,True,0.3518470525741577,0.003634699998656288,ResNet18,test
data/processed/test\Lactarius\0117_LS-tLCqWBuQ.jpg,Lactarius,Inocybe,False,0.3770654499530792,0.003550800000084564,ResNet18,test
data/processed/test\Lactarius\0125_WOyBnDf1Lbs.jpg,Lactarius,Lactarius,True,0.340879887342453,0.0035311999963596463,ResNet18,test
data/processed/test\Lactarius\0147_ZAySZ3Wkn8k.jpg,Lactarius,Lactarius,True,0.49008727073669434,0.003833199996734038,ResNet18,test
data/processed/test\Lactarius\0156_xCwDrPY72us.jpg,Lactarius,Russula,False,0.6181681752204895,0.004397600001539104,ResNet18,test
data/processed/test\Lactarius\0174_S-0siMhJtoc.jpg,Lactarius,Russula,False,0.7804563641548157,0.0036168000078760087,ResNet18,test
data/processed/test\Lactarius\0180_j-oei6bAdy0.jpg,Lactarius,Russula,False,0.7817080616950989,0.0039850000030128285,ResNet18,test
data/processed/test\Lactarius\0184_wNzoTeCzC5o.jpg,Lactarius,Lactarius,True,0.4002399742603302,0.00436920000356622,ResNet18,test
data/processed/test\Lactarius\0188_QDGj1_inixA.jpg,Lactarius,Russula,False,0.39027440547943115,0.004143300000578165,ResNet18,test
data/processed/test\Lactarius\0189_u2k3sXqag1M.jpg,Lactarius,Russula,False,0.4447653591632843,0.003536000003805384,ResNet18,test
data/processed/test\Lactarius\0192_st28pxbylcw.jpg,Lactarius,Lactarius,True,0.2948041260242462,0.0035277999995741993,ResNet18,test
data/processed/test\Lactarius\0202_gGw05EbUi_w.jpg,Lactarius,Entoloma,False,0.35516971349716187,0.0037083999923197553,ResNet18,test
data/processed/test\Lactarius\0204_PNAIMfY3CWk.jpg,Lactarius,Entoloma,False,0.27173101902008057,0.003774700002395548,ResNet18,test
data/processed/test\Lactarius\020_AhURHwS9I_c.jpg,Lactarius,Lactarius,True,0.7727785706520081,0.00397520000115037,ResNet18,test
data/processed/test\Lactarius\0211_a-wtZr6fOMw.jpg,Lactarius,Lactarius,True,0.6626595854759216,0.003917300011380576,ResNet18,test
data/processed/test\Lactarius\0212_6r0AFhCvTk4.jpg,Lactarius,Lactarius,True,0.5804757475852966,0.00437660000170581,ResNet18,test
data/processed/test\Lactarius\0222_JO5jLmkfAw0.jpg,Lactarius,Russula,False,0.6032344102859497,0.0038538999942829832,ResNet18,test
data/processed/test\Lactarius\0224_XrApvIigcOQ.jpg,Lactarius,Russula,False,0.8017145395278931,0.006119300000136718,ResNet18,test
data/processed/test\Lactarius\0228_HknGOROG6Cs.jpg,Lactarius,Lactarius,True,0.31549522280693054,0.005230399998254143,ResNet18,test
data/processed/test\Lactarius\0233_YNlSVzp0Kjo.jpg,Lactarius,Inocybe,False,0.3314161002635956,0.003616899994085543,ResNet18,test
data/processed/test\Lactarius\0237_zZdLcl0mkD0.jpg,Lactarius,Lactarius,True,0.3455428183078766,0.004014599995571189,ResNet18,test
data/processed/test\Lactarius\0242_zOYn0DVnISo.jpg,Lactarius,Lactarius,True,0.6354943513870239,0.0037927999946987256,ResNet18,test
data/processed/test\Lactarius\0251_wz4ikkhjBU8.jpg,Lactarius,Lactarius,True,0.5319554805755615,0.003695300008985214,ResNet18,test
data/processed/test\Lactarius\0256_AfKj-CzsmLI.jpg,Lactarius,Lactarius,True,0.7278785109519958,0.0033867000020109117,ResNet18,test
data/processed/test\Lactarius\025_8bHMwyrm1xE.jpg,Lactarius,Lactarius,True,0.6911939978599548,0.0036252999998396263,ResNet18,test
data/processed/test\Lactarius\0261_pUdRYRMfy7c.jpg,Lactarius,Lactarius,True,0.886365532875061,0.004058600010466762,ResNet18,test
data/processed/test\Lactarius\0264_9xkZs2wAZRQ.jpg,Lactarius,Amanita,False,0.4068008065223694,0.0040025000052992254,ResNet18,test
data/processed/test\Lactarius\0270_1nWaT7nSeDE.jpg,Lactarius,Russula,False,0.6700461506843567,0.0035140999971190467,ResNet18,test
data/processed/test\Lactarius\0271_kYpV1APLO9s.jpg,Lactarius,Inocybe,False,0.6490849852561951,0.003476999991107732,ResNet18,test
data/processed/test\Lactarius\0275_akjCXeShyUw.jpg,Lactarius,Russula,False,0.5353397130966187,0.003465500005404465,ResNet18,test
data/processed/test\Lactarius\0290_KNGFGvBuZbU.jpg,Lactarius,Russula,False,0.805149495601654,0.003854700000374578,ResNet18,test
data/processed/test\Lactarius\0307_MA7GubKH4ZM.jpg,Lactarius,Russula,False,0.5483362674713135,0.0037720999971497804,ResNet18,test
data/processed/test\Lactarius\0313_CWX_V7CeQM4.jpg,Lactarius,Russula,False,0.28527161478996277,0.003796300006797537,ResNet18,test
data/processed/test\Lactarius\0322_2UpHsEF5Mzs.jpg,Lactarius,Russula,False,0.730491042137146,0.003577199997380376,ResNet18,test
data/processed/test\Lactarius\0325_lAq1Din489Y.jpg,Lactarius,Lactarius,True,0.37566885352134705,0.0035708999930648133,ResNet18,test
data/processed/test\Lactarius\0328_8IPggG6t9VY.jpg,Lactarius,Agaricus,False,0.3464617431163788,0.003952300001401454,ResNet18,test
data/processed/test\Lactarius\0335_dVTfQmjMltw.jpg,Lactarius,Lactarius,True,0.37029996514320374,0.0036152999964542687,ResNet18,test
data/processed/test\Lactarius\0340_0gzvFhGVf5M.jpg,Lactarius,Amanita,False,0.41432446241378784,0.003657799999928102,ResNet18,test
data/processed/test\Lactarius\0348_OWdZuiQh9xc.jpg,Lactarius,Lactarius,True,0.5099847316741943,0.0038610999908996746,ResNet18,test
data/processed/test\Lactarius\0356_gTCmsPnWyO4.jpg,Lactarius,Russula,False,0.21611852943897247,0.003595000001951121,ResNet18,test
data/processed/test\Lactarius\0360_Bfw8PtjOZoI.jpg,Lactarius,Russula,False,0.5076713562011719,0.003811900009168312,ResNet18,test
data/processed/test\Lactarius\036_Tku_ku-u_WQ.jpg,Lactarius,Lactarius,True,0.8585003614425659,0.0034869999944930896,ResNet18,test
data/processed/test\Lactarius\0375_E_5sHNAa0DU.jpg,Lactarius,Entoloma,False,0.4056406319141388,0.0040176000038627535,ResNet18,test
data/processed/test\Lactarius\0385_zeoDavzC8Ec.jpg,Lactarius,Boletus,False,0.8678348660469055,0.0035758999874815345,ResNet18,test
data/processed/test\Lactarius\0405_XQ5FsiWx3Sc.jpg,Lactarius,Russula,False,0.7927889823913574,0.003554800001438707,ResNet18,test
data/processed/test\Lactarius\0422_5SNHMw4kUg4.jpg,Lactarius,Russula,False,0.49207988381385803,0.0039164000045275316,ResNet18,test
data/processed/test\Lactarius\0436_3AJoqSsMCPY.jpg,Lactarius,Russula,False,0.7980133891105652,0.0037518999888561666,ResNet18,test
data/processed/test\Lactarius\0438_7Qg0kxIGbd4.jpg,Lactarius,Lactarius,True,0.5638364553451538,0.0036570000083884224,ResNet18,test
data/processed/test\Lactarius\043_JIiImC3i_NQ.jpg,Lactarius,Lactarius,True,0.7385375499725342,0.0036524000024655834,ResNet18,test
data/processed/test\Lactarius\0462_t7WHbpJLnZA.jpg,Lactarius,Lactarius,True,0.3325195014476776,0.0035282000026199967,ResNet18,test
data/processed/test\Lactarius\0473_FeKBXttVCwg.jpg,Lactarius,Russula,False,0.8606231212615967,0.0040256000065710396,ResNet18,test
data/processed/test\Lactarius\0488_l_gNg2GDLEk.jpg,Lactarius,Amanita,False,0.2816733419895172,0.00614859999041073,ResNet18,test
data/processed/test\Lactarius\0489_6GuHfi0wmko.jpg,Lactarius,Exidia,False,0.2385326623916626,0.003929800004698336,ResNet18,test
data/processed/test\Lactarius\0499_MWZEqXbgfwc.jpg,Lactarius,Lactarius,True,0.7654604911804199,0.003625899989856407,ResNet18,test
data/processed/test\Lactarius\0512_Sot3apiP2eQ.jpg,Lactarius,Russula,False,0.6807622313499451,0.0036007000016979873,ResNet18,test
data/processed/test\Lactarius\0526_O8CTOvfgWXg.jpg,Lactarius,Entoloma,False,0.1646316945552826,0.0036973999958718196,ResNet18,test
data/processed/test\Lactarius\0532_7BfGW7kGfzM.jpg,Lactarius,Lactarius,True,0.60811847448349,0.0035967000003438443,ResNet18,test
data/processed/test\Lactarius\0537_q78Py0hHqVc.jpg,Lactarius,Lactarius,True,0.4981135129928589,0.003988199998275377,ResNet18,test
data/processed/test\Lactarius\0545_ewwuwHvRvLc.jpg,Lactarius,Suillus,False,0.3642193675041199,0.003861200006213039,ResNet18,test
data/processed/test\Lactarius\056_9JgBES16B_4.jpg,Lactarius,Lactarius,True,0.8912261128425598,0.00368029999663122,ResNet18,test
data/processed/test\Lactarius\0571_3sjlFMXpK_0.jpg,Lactarius,Hygrocybe,False,0.26611483097076416,0.003712000005180016,ResNet18,test
data/processed/test\Lactarius\0576_5wNWaAeW6vo.jpg,Lactarius,Russula,False,0.9883282780647278,0.003949400008423254,ResNet18,test
data/processed/test\Lactarius\0596_ROVmIKr9KjA.jpg,Lactarius,Inocybe,False,0.3668879270553589,0.0038502999959746376,ResNet18,test
data/processed/test\Lactarius\0612_qfZxbbQUJ2o.jpg,Lactarius,Russula,False,0.9308421611785889,0.003696900006616488,ResNet18,test
data/processed/test\Lactarius\0615_R0G-yDrCQ6U.jpg,Lactarius,Russula,False,0.8558575510978699,0.00358399999095127,ResNet18,test
data/processed/test\Lactarius\061_KShq81HACXk.jpg,Lactarius,Russula,False,0.7069172859191895,0.0034764000010909513,ResNet18,test
data/processed/test\Lactarius\0628_7XDugUX8ezg.jpg,Lactarius,Amanita,False,0.2660743296146393,0.00392180000199005,ResNet18,test
data/processed/test\Lactarius\0630_3idJVXnrBF4.jpg,Lactarius,Russula,False,0.20030343532562256,0.003522700004396029,ResNet18,test
data/processed/test\Lactarius\0645_Z6spVFbiuEY.jpg,Lactarius,Russula,False,0.7682257890701294,0.0038345999928424135,ResNet18,test
data/processed/test\Lactarius\0649_uwl8etw5T-s.jpg,Lactarius,Agaricus,False,0.31731563806533813,0.0036323999956948683,ResNet18,test
data/processed/test\Lactarius\0651_vzBdVntLr8c.jpg,Lactarius,Russula,False,0.32303234934806824,0.0035152999917045236,ResNet18,test
data/processed/test\Lactarius\0664_vTIkNBMlgC0.jpg,Lactarius,Inocybe,False,0.247813418507576,0.004045199995744042,ResNet18,test
data/processed/test\Lactarius\0670_V1ZK2sFc-Ro.jpg,Lactarius,Lactarius,True,0.8025037050247192,0.0037420000007841736,ResNet18,test
data/processed/test\Lactarius\0672_VwMevK3GQmI.jpg,Lactarius,Russula,False,0.48694804310798645,0.004165999998804182,ResNet18,test
data/processed/test\Lactarius\0674_jfw03-JCIg4.jpg,Lactarius,Lactarius,True,0.6506484746932983,0.0039055999950505793,ResNet18,test
data/processed/test\Lactarius\0675_t0wBJuQaX1I.jpg,Lactarius,Russula,False,0.8056697249412537,0.0036232999991625547,ResNet18,test
data/processed/test\Lactarius\0680_9iK0lHxdnbE.jpg,Lactarius,Russula,False,0.8701581358909607,0.0037348999903770164,ResNet18,test
data/processed/test\Lactarius\069_WjmaRv5colU.jpg,Lactarius,Russula,False,0.6868226528167725,0.0037032000109320506,ResNet18,test
data/processed/test\Lactarius\0704_ylcLIXgu01w.jpg,Lactarius,Russula,False,0.4576801359653473,0.0036764999967999756,ResNet18,test
data/processed/test\Lactarius\0706_5KiNR80hz8c.jpg,Lactarius,Lactarius,True,0.2659676969051361,0.004228100006002933,ResNet18,test
data/processed/test\Lactarius\0709_rGbRBgcO1Bo.jpg,Lactarius,Cortinarius,False,0.330504834651947,0.0036962000012863427,ResNet18,test
data/processed/test\Lactarius\0716_XAFN8ZsH8Oc.jpg,Lactarius,Lactarius,True,0.9163289070129395,0.003586799997719936,ResNet18,test
data/processed/test\Lactarius\0734_NI0Ax90MD5c.jpg,Lactarius,Russula,False,0.5140645503997803,0.0034448000078555197,ResNet18,test
data/processed/test\Lactarius\0736_aLqBxhhsMow.jpg,Lactarius,Russula,False,0.7590637803077698,0.00359809999645222,ResNet18,test
data/processed/test\Lactarius\0745_ey3D5LyzKTY.jpg,Lactarius,Russula,False,0.5664374828338623,0.003541199999745004,ResNet18,test
data/processed/test\Lactarius\0747_adx1MMw58MI.jpg,Lactarius,Lactarius,True,0.3516363799571991,0.0036877999955322593,ResNet18,test
data/processed/test\Lactarius\0756_C1Ll5LZF_Cg.jpg,Lactarius,Russula,False,0.3377697169780731,0.0035764999920502305,ResNet18,test
data/processed/test\Lactarius\0757_3LeqE6pda1M.jpg,Lactarius,Russula,False,0.36300742626190186,0.003485599998384714,ResNet18,test
data/processed/test\Lactarius\0759_oLEvM6Hhevs.jpg,Lactarius,Lactarius,True,0.5858852863311768,0.003696699990541674,ResNet18,test
data/processed/test\Lactarius\0762_KnQg1QaWm0A.jpg,Lactarius,Amanita,False,0.39049407839775085,0.003601299991714768,ResNet18,test
data/processed/test\Lactarius\0773_7sw6xICACRk.jpg,Lactarius,Russula,False,0.6375089287757874,0.0037407999916467816,ResNet18,test
data/processed/test\Lactarius\0782_4hQQMaTQWEI.jpg,Lactarius,Russula,False,0.9331334829330444,0.004051900003105402,ResNet18,test
data/processed/test\Lactarius\0788_pRAv0S0JJWw.jpg,Lactarius,Russula,False,0.48093751072883606,0.003541300000506453,ResNet18,test
data/processed/test\Lactarius\0789_YdasocklYzQ.jpg,Lactarius,Amanita,False,0.49962446093559265,0.00401370000327006,ResNet18,test
data/processed/test\Lactarius\0793_0GzeXD2rqQY.jpg,Lactarius,Russula,False,0.8262739181518555,0.003639999995357357,ResNet18,test
data/processed/test\Lactarius\0794_rAh-SYlXfxI.jpg,Lactarius,Inocybe,False,0.488531231880188,0.003585200000088662,ResNet18,test
data/processed/test\Lactarius\0805_zrH6_rVsSM8.jpg,Lactarius,Russula,False,0.44005370140075684,0.004176799993729219,ResNet18,test
data/processed/test\Lactarius\0809_nKVSQbfh_8Q.jpg,Lactarius,Russula,False,0.6078512072563171,0.004037799997604452,ResNet18,test
data/processed/test\Lactarius\0810_HmCW6dmg8ww.jpg,Lactarius,Russula,False,0.882013201713562,0.004108900000574067,ResNet18,test
data/processed/test\Lactarius\0811_fny9MwqLlJQ.jpg,Lactarius,Russula,False,0.388927161693573,0.003635000000940636,ResNet18,test
data/processed/test\Lactarius\0814_QfgRmQ7qhf4.jpg,Lactarius,Amanita,False,0.7311704754829407,0.0037287999875843525,ResNet18,test
data/processed/test\Lactarius\0819_UXB8BitCLeg.jpg,Lactarius,Lactarius,True,0.4683723747730255,0.004658799996832386,ResNet18,test
data/processed/test\Lactarius\0823_Ux2nE3c9Um8.jpg,Lactarius,Russula,False,0.6402161121368408,0.0037902000040048733,ResNet18,test
data/processed/test\Lactarius\0829_s0YUBr49gwI.jpg,Lactarius,Lactarius,True,0.43470731377601624,0.003850399996736087,ResNet18,test
data/processed/test\Lactarius\083_b-MWcypdVgI.jpg,Lactarius,Lactarius,True,0.7691696286201477,0.0035380999906919897,ResNet18,test
data/processed/test\Lactarius\0852_7k3Zyy3_DGE.jpg,Lactarius,Lactarius,True,0.44444572925567627,0.00359359999129083,ResNet18,test
data/processed/test\Lactarius\0861_R-QITvIdQ0I.jpg,Lactarius,Russula,False,0.8214479088783264,0.003986699986853637,ResNet18,test
data/processed/test\Lactarius\0863_vVoT2CYybJg.jpg,Lactarius,Lactarius,True,0.4654392600059509,0.003613299995777197,ResNet18,test
data/processed/test\Lactarius\0868_VH-IjF4KU2A.jpg,Lactarius,Lactarius,True,0.8454258441925049,0.0037963999930070713,ResNet18,test
data/processed/test\Lactarius\0874_2lGLHI_YG5k.jpg,Lactarius,Lactarius,True,0.3302799165248871,0.003751399999600835,ResNet18,test
data/processed/test\Lactarius\087_L5ZS-DiYxEI.jpg,Lactarius,Russula,False,0.6079867482185364,0.0036850999895250425,ResNet18,test
data/processed/test\Lactarius\0881_3RtHEelIwJ0.jpg,Lactarius,Lactarius,True,0.8195464015007019,0.0037420000007841736,ResNet18,test
data/processed/test\Lactarius\0886_DVymd3ri6ok.jpg,Lactarius,Lactarius,True,0.48517999053001404,0.0038271000084932894,ResNet18,test
data/processed/test\Lactarius\0890_Fm2kZLQ186E.jpg,Lactarius,Lactarius,True,0.8639614582061768,0.0036724999954458326,ResNet18,test
data/processed/test\Lactarius\0891_y4giXhWdmzg.jpg,Lactarius,Inocybe,False,0.24614277482032776,0.0043077000009361655,ResNet18,test
data/processed/test\Lactarius\0894_faLSlbF53CA.jpg,Lactarius,Inocybe,False,0.424419105052948,0.0035946999996667728,ResNet18,test
data/processed/test\Lactarius\0898_H5ncLRcbiOQ.jpg,Lactarius,Lactarius,True,0.4024648070335388,0.0036718000046676025,ResNet18,test
data/processed/test\Lactarius\089_AJoVxJM23M4.jpg,Lactarius,Lactarius,True,0.3000966012477875,0.003587999992305413,ResNet18,test
data/processed/test\Lactarius\0904_Z0MfidvU7JU.jpg,Lactarius,Amanita,False,0.4004840552806854,0.0036345999978948385,ResNet18,test
data/processed/test\Lactarius\0924_mvAXbhaPY-k.jpg,Lactarius,Russula,False,0.7837350964546204,0.004102000006241724,ResNet18,test
data/processed/test\Lactarius\0931_qYe0VtJnAhQ.jpg,Lactarius,Lactarius,True,0.4498033821582794,0.0045559999998658895,ResNet18,test
data/processed/test\Lactarius\0941_SIWGBlVT-DI.jpg,Lactarius,Suillus,False,0.4469050168991089,0.003648600002634339,ResNet18,test
data/processed/test\Lactarius\0948_omWNNnbQkxU.jpg,Lactarius,Lactarius,True,0.8841838836669922,0.0036531000077957287,ResNet18,test
data/processed/test\Lactarius\094_-2iyr_W_qvQ.jpg,Lactarius,Entoloma,False,0.6036876440048218,0.0036803999973926693,ResNet18,test
data/processed/test\Lactarius\0950_ijfkg6qgVms.jpg,Lactarius,Russula,False,0.9201511144638062,0.00413509999634698,ResNet18,test
data/processed/test\Lactarius\095_BtaRrYfMJVs.jpg,Lactarius,Russula,False,0.5061095356941223,0.004126100000576116,ResNet18,test
data/processed/test\Lactarius\0966_RRkmCZs4Hgk.jpg,Lactarius,Entoloma,False,0.4949720501899719,0.004024200010462664,ResNet18,test
data/processed/test\Lactarius\0968_D_TOmURQt5M.jpg,Lactarius,Entoloma,False,0.32308125495910645,0.0037532999995164573,ResNet18,test
data/processed/test\Lactarius\0975_TPuBswVPF4E.jpg,Lactarius,Russula,False,0.8589406609535217,0.0036432000051718205,ResNet18,test
data/processed/test\Lactarius\0978_f0jCRe74OWg.jpg,Lactarius,Russula,False,0.8024491667747498,0.003944800002500415,ResNet18,test
data/processed/test\Lactarius\097_EnaERH1OSng.jpg,Lactarius,Lactarius,True,0.8905012607574463,0.0037275000067893416,ResNet18,test
data/processed/test\Lactarius\0980_m_ohZyV7g-Y.jpg,Lactarius,Lactarius,True,0.49997031688690186,0.0037063999916426837,ResNet18,test
data/processed/test\Lactarius\0990_eosoYFrwQLI.jpg,Lactarius,Russula,False,0.8148729205131531,0.004065799992531538,ResNet18,test
data/processed/test\Lactarius\0993_vWFD5m5EFdw.jpg,Lactarius,Russula,False,0.8480481505393982,0.003921899988199584,ResNet18,test
data/processed/test\Lactarius\0997_I_lCHDRsFnk.jpg,Lactarius,Lactarius,True,0.2374144345521927,0.003763300002901815,ResNet18,test
data/processed/test\Lactarius\099_tlQryExCSSc.jpg,Lactarius,Lactarius,True,0.4351058602333069,0.003724599999259226,ResNet18,test
data/processed/test\Lactarius\1023_5KzdIbZlWao.jpg,Lactarius,Russula,False,0.8044804930686951,0.003599699994083494,ResNet18,test
data/processed/test\Lactarius\1031_-Xmag74uj8c.jpg,Lactarius,Lactarius,True,0.5159531235694885,0.003653899999335408,ResNet18,test
data/processed/test\Lactarius\1035_5IsEFXEEEaY.jpg,Lactarius,Hygrocybe,False,0.3195357322692871,0.0037164000095799565,ResNet18,test
data/processed/test\Lactarius\1039_IeXUvS5caiU.jpg,Lactarius,Lactarius,True,0.45570650696754456,0.003715400001965463,ResNet18,test
data/processed/test\Lactarius\1051_OqWmAht3bQo.jpg,Lactarius,Russula,False,0.5655328631401062,0.004083699997863732,ResNet18,test
data/processed/test\Lactarius\1084__qV9VGarloM.jpg,Lactarius,Entoloma,False,0.2816493809223175,0.003612000000430271,ResNet18,test
data/processed/test\Lactarius\1087_T-XOvJDzPj4.jpg,Lactarius,Russula,False,0.9358594417572021,0.0035484999971231446,ResNet18,test
data/processed/test\Lactarius\108_M1XYdkUcelY.jpg,Lactarius,Amanita,False,0.5679628252983093,0.003731699995114468,ResNet18,test
data/processed/test\Lactarius\1095_DTLgzikyFDc.jpg,Lactarius,Russula,False,0.7060739994049072,0.003609499995945953,ResNet18,test
data/processed/test\Lactarius\1102_LESYYltPhNw.jpg,Lactarius,Russula,False,0.909514844417572,0.0036363999970490113,ResNet18,test
data/processed/test\Lactarius\1104_Top2jkbHf3c.jpg,Lactarius,Amanita,False,0.39963310956954956,0.004117500007851049,ResNet18,test
data/processed/test\Lactarius\1108_Drq20AGMUPU.jpg,Lactarius,Russula,False,0.5846944451332092,0.003844599996227771,ResNet18,test
data/processed/test\Lactarius\1112_BjWWPLj9vfs.jpg,Lactarius,Russula,False,0.9358594417572021,0.003613599998061545,ResNet18,test
data/processed/test\Lactarius\1119_97YWRRfAMdE.jpg,Lactarius,Russula,False,0.706477701663971,0.003716300008818507,ResNet18,test
data/processed/test\Lactarius\1126_OzpDgrwjWNc.jpg,Lactarius,Russula,False,0.6594858765602112,0.0037034999986644834,ResNet18,test
data/processed/test\Lactarius\1133_HDYDTLTS4FA.jpg,Lactarius,Lactarius,True,0.5763434767723083,0.003646400000434369,ResNet18,test
data/processed/test\Lactarius\1140_L4hzKxVbQc0.jpg,Lactarius,Russula,False,0.4846391975879669,0.0037117999891052023,ResNet18,test
data/processed/test\Lactarius\1144_d52jIf1q8OQ.jpg,Lactarius,Lactarius,True,0.39201226830482483,0.0038321000029100105,ResNet18,test
data/processed/test\Lactarius\1157_lIsQAIM1Bms.jpg,Lactarius,Russula,False,0.9581429958343506,0.0036881000123685226,ResNet18,test
data/processed/test\Lactarius\1163_6urWblLWaP0.jpg,Lactarius,Entoloma,False,0.3881402909755707,0.0036256000021239743,ResNet18,test
data/processed/test\Lactarius\1164_sa2vKVnzdDU.jpg,Lactarius,Russula,False,0.3761129677295685,0.0036275000020395964,ResNet18,test
data/processed/test\Lactarius\1168_liGHHAZOR28.jpg,Lactarius,Amanita,False,0.5091870427131653,0.0036268999974709004,ResNet18,test
data/processed/test\Lactarius\1185_l8CcBJMEx4U.jpg,Lactarius,Agaricus,False,0.3591707944869995,0.003827300010016188,ResNet18,test
data/processed/test\Lactarius\1187_SFmMgNJ91-I.jpg,Lactarius,Lactarius,True,0.4979666769504547,0.0037410000077215955,ResNet18,test
data/processed/test\Lactarius\1194_Q_-2-NBIRlk.jpg,Lactarius,Hygrocybe,False,0.511501669883728,0.003722399997059256,ResNet18,test
data/processed/test\Lactarius\1199_hy7BCb0o9Ss.jpg,Lactarius,Agaricus,False,0.33426594734191895,0.004398699995363131,ResNet18,test
data/processed/test\Lactarius\1205_V_YJfaEofno.jpg,Lactarius,Lactarius,True,0.6169573664665222,0.003820900004939176,ResNet18,test
data/processed/test\Lactarius\1209_-oHFXkHNN6c.jpg,Lactarius,Russula,False,0.8787172436714172,0.0041695999971125275,ResNet18,test
data/processed/test\Lactarius\1210_5y8ObCFK_r4.jpg,Lactarius,Boletus,False,0.6643522381782532,0.0037835000111954287,ResNet18,test
data/processed/test\Lactarius\1213_E6SGc19pJFY.jpg,Lactarius,Russula,False,0.7656269073486328,0.003728600000613369,ResNet18,test
data/processed/test\Lactarius\1223_6yV3bv_fpo8.jpg,Lactarius,Lactarius,True,0.612787663936615,0.003807600005529821,ResNet18,test
data/processed/test\Lactarius\1224_Yn3W7OW8tkQ.jpg,Lactarius,Russula,False,0.7212164998054504,0.003714199992828071,ResNet18,test
data/processed/test\Lactarius\1226_nyvT8mRno3g.jpg,Lactarius,Lactarius,True,0.41769975423812866,0.00398400000995025,ResNet18,test
data/processed/test\Lactarius\122_W_5GcNcAuN4.jpg,Lactarius,Russula,False,0.36423805356025696,0.00402179999218788,ResNet18,test
data/processed/test\Lactarius\1251_bPDEkspIv50.jpg,Lactarius,Russula,False,0.266031414270401,0.003671900005429052,ResNet18,test
data/processed/test\Lactarius\1252_73K3pd3sWMQ.jpg,Lactarius,Lactarius,True,0.7312378287315369,0.003673500003060326,ResNet18,test
data/processed/test\Lactarius\128_dfE8pjx6FdQ.jpg,Lactarius,Entoloma,False,0.25540217757225037,0.004376099997898564,ResNet18,test
data/processed/test\Lactarius\136_2lSzCzGC8cs.jpg,Lactarius,Russula,False,0.9595311284065247,0.00401209999108687,ResNet18,test
data/processed/test\Lactarius\140_exY6qQ3hXgY.jpg,Lactarius,Amanita,False,0.7957074642181396,0.003660600006696768,ResNet18,test
data/processed/test\Lactarius\149_CwuowlVAMxY.jpg,Lactarius,Entoloma,False,0.5553655028343201,0.004065500004799105,ResNet18,test
data/processed/test\Lactarius\153_gN8-LTmbt4U.jpg,Lactarius,Russula,False,0.8626289963722229,0.003769299990381114,ResNet18,test
data/processed/test\Lactarius\164_YmyEAa79xJY.jpg,Lactarius,Russula,False,0.4137043058872223,0.0036653999995905906,ResNet18,test
data/processed/test\Lactarius\166_m4APlqR5cX8.jpg,Lactarius,Russula,False,0.5690072178840637,0.0037988000112818554,ResNet18,test
data/processed/test\Lactarius\167_sbpN5cmc4Qw.jpg,Lactarius,Lactarius,True,0.5170208811759949,0.003672500009997748,ResNet18,test
data/processed/test\Lactarius\172_AtgfiwOgTAk.jpg,Lactarius,Lactarius,True,0.6560047268867493,0.004199200004222803,ResNet18,test
data/processed/test\Lactarius\175_I_Sk3JdyB8Q.jpg,Lactarius,Russula,False,0.49127867817878723,0.0038118999946163967,ResNet18,test
data/processed/test\Lactarius\176_7c5SOZYoEEQ.jpg,Lactarius,Russula,False,0.984372079372406,0.004149699991103262,ResNet18,test
data/processed/test\Lactarius\182_Z_eMo84pz4w.jpg,Lactarius,Russula,False,0.9608564972877502,0.004029100004117936,ResNet18,test
data/processed/test\Lactarius\186_vqv6RGdM7tQ.jpg,Lactarius,Russula,False,0.7133878469467163,0.0038692999951308593,ResNet18,test
data/processed/test\Lactarius\187_9b5XfCCHe9s.jpg,Lactarius,Russula,False,0.47124460339546204,0.0038717999996151775,ResNet18,test
data/processed/test\Lactarius\188__ssneZ3zq44.jpg,Lactarius,Lactarius,True,0.6129185557365417,0.0037604999961331487,ResNet18,test
data/processed/test\Lactarius\200_h-AIr5ayQw8.jpg,Lactarius,Russula,False,0.610581636428833,0.003766699999687262,ResNet18,test
data/processed/test\Lactarius\204_5earXwj40js.jpg,Lactarius,Russula,False,0.8951586484909058,0.0038144999998621643,ResNet18,test
data/processed/test\Lactarius\206_32LgeIY1Yeg.jpg,Lactarius,Lactarius,True,0.6114696860313416,0.0035971000033896416,ResNet18,test
data/processed/test\Lactarius\216_XQewJ4iZ0SE.jpg,Lactarius,Lactarius,True,0.44435203075408936,0.004094300005817786,ResNet18,test
data/processed/test\Lactarius\217_NouQvvUbzkI.jpg,Lactarius,Lactarius,True,0.32206621766090393,0.004005800001323223,ResNet18,test
data/processed/test\Lactarius\220_s7m6OJgigsQ.jpg,Lactarius,Lactarius,True,0.8276724815368652,0.004008799995062873,ResNet18,test
data/processed/test\Lactarius\221_gFGMtF63hew.jpg,Lactarius,Lactarius,True,0.7393851280212402,0.0039015999936964363,ResNet18,test
data/processed/test\Lactarius\233_Zrhk_kzm9RI.jpg,Lactarius,Lactarius,True,0.44154825806617737,0.00391069999022875,ResNet18,test
data/processed/test\Lactarius\243_Kcz6T9Gexhs.jpg,Lactarius,Boletus,False,0.3925304114818573,0.003797800003667362,ResNet18,test
data/processed/test\Lactarius\245_8a_KwW3R88w.jpg,Lactarius,Russula,False,0.779155433177948,0.0036392000038176775,ResNet18,test
data/processed/test\Lactarius\246_RXGb-uY_OT0.jpg,Lactarius,Russula,False,0.7882933616638184,0.003839299999526702,ResNet18,test
data/processed/test\Lactarius\253_04FkFVirQ7Y.jpg,Lactarius,Russula,False,0.9602557420730591,0.0038364000065485016,ResNet18,test
data/processed/test\Lactarius\263_q4EWqSw73ss.jpg,Lactarius,Lactarius,True,0.6964388489723206,0.00375069999427069,ResNet18,test
data/processed/test\Lactarius\276_hZykQcrhdmk.jpg,Lactarius,Russula,False,0.708482563495636,0.0036989999935030937,ResNet18,test
data/processed/test\Lactarius\288_q9eXJ9RotUs.jpg,Lactarius,Suillus,False,0.2373342663049698,0.0037561000062851235,ResNet18,test
data/processed/test\Lactarius\295_d1IVZwM135g.jpg,Lactarius,Lactarius,True,0.7599929571151733,0.0035740000021178275,ResNet18,test
data/processed/test\Lactarius\310_MVmkt2VWorA.jpg,Lactarius,Russula,False,0.975723147392273,0.003979100001743063,ResNet18,test
data/processed/test\Lactarius\312_Kxi6Fhuexdw.jpg,Lactarius,Lactarius,True,0.7939268350601196,0.0036920999991707504,ResNet18,test
data/processed/test\Lactarius\327_Hk8VyUuKT-A.jpg,Lactarius,Lactarius,True,0.5672591328620911,0.0036771000013686717,ResNet18,test
data/processed/test\Lactarius\333_NGUe2XVS3hk.jpg,Lactarius,Lactarius,True,0.6302656531333923,0.0038163999997777864,ResNet18,test
data/processed/test\Lactarius\335_fqi3SPxPO_M.jpg,Lactarius,Lactarius,True,0.5172606110572815,0.0037462000036612153,ResNet18,test
data/processed/test\Lactarius\338_SSuhFw6v6bo.jpg,Lactarius,Hygrocybe,False,0.44441652297973633,0.0038324999914038926,ResNet18,test
data/processed/test\Lactarius\340_eLuW-nUYdC0.jpg,Lactarius,Lactarius,True,0.4097837209701538,0.0037428999930853024,ResNet18,test
data/processed/test\Lactarius\353_ZQcLrpjLWBc.jpg,Lactarius,Russula,False,0.8857473731040955,0.0037897000001976267,ResNet18,test
data/processed/test\Lactarius\355_THNiI8IQ5e4.jpg,Lactarius,Russula,False,0.5467398166656494,0.003918500005966052,ResNet18,test
data/processed/test\Lactarius\364_TiFrgt8za6w.jpg,Lactarius,Lactarius,True,0.5053461194038391,0.0036885000008624047,ResNet18,test
data/processed/test\Lactarius\365_gihWtePuGlo.jpg,Lactarius,Russula,False,0.8423507213592529,0.0037829999928362668,ResNet18,test
data/processed/test\Lactarius\373_sb1ABlLL_Io.jpg,Lactarius,Russula,False,0.4597708284854889,0.0036034999939147383,ResNet18,test
data/processed/test\Lactarius\381_70eN3baoMiU.jpg,Lactarius,Russula,False,0.47218334674835205,0.0037102000060258433,ResNet18,test
data/processed/test\Lactarius\391_x5VHqfidZUA.jpg,Lactarius,Lactarius,True,0.6034391522407532,0.0036294000019552186,ResNet18,test
data/processed/test\Lactarius\394_pA_n_Wu4_60.jpg,Lactarius,Lactarius,True,0.5436612963676453,0.004371400005766191,ResNet18,test
data/processed/test\Lactarius\410_gHeG6gEpGT8.jpg,Lactarius,Lactarius,True,0.5694356560707092,0.0038629999908152968,ResNet18,test
data/processed/test\Lactarius\412_r_okI2cO5S4.jpg,Lactarius,Lactarius,True,0.42526835203170776,0.0038416000024881214,ResNet18,test
data/processed/test\Russula\001_iKuK1p9EOJ0.jpg,Russula,Russula,True,0.9909998774528503,0.0036487000033957884,ResNet18,test
data/processed/test\Russula\007_gZhfQcNeM9U.jpg,Russula,Russula,True,0.98390132188797,0.0038339000020641834,ResNet18,test
data/processed/test\Russula\008_Dz7lB9JtqxQ.jpg,Russula,Russula,True,0.5303405523300171,0.003958399989642203,ResNet18,test
data/processed/test\Russula\013_LGHqXuWMeHE.jpg,Russula,Inocybe,False,0.7638084888458252,0.0039031000051181763,ResNet18,test
data/processed/test\Russula\014_a6ZorjAMstY.jpg,Russula,Russula,True,0.2401392012834549,0.004032500000903383,ResNet18,test
data/processed/test\Russula\019_EKkNgTevh1g.jpg,Russula,Russula,True,0.777816653251648,0.004137999989325181,ResNet18,test
data/processed/test\Russula\024_rhgAyyNHSJo.jpg,Russula,Cortinarius,False,0.2861466109752655,0.003615399997215718,ResNet18,test
data/processed/test\Russula\025_k35cqXEzH7Y.jpg,Russula,Russula,True,0.8217591643333435,0.003723000001627952,ResNet18,test
data/processed/test\Russula\030_sCKfBfNbOl4.jpg,Russula,Russula,True,0.6799591779708862,0.0036626000073738396,ResNet18,test
data/processed/test\Russula\039_ikQwz6n6X4o.jpg,Russula,Russula,True,0.9932658672332764,0.0037281999975675717,ResNet18,test
data/processed/test\Russula\043_a_5lm55zCVc.jpg,Russula,Russula,True,0.5069212913513184,0.003723400004673749,ResNet18,test
data/processed/test\Russula\043_fOQ2ffx-cy8.jpg,Russula,Russula,True,0.9794833660125732,0.003724900001543574,ResNet18,test
data/processed/test\Russula\047_eHKYt6tnSCs.jpg,Russula,Inocybe,False,0.2767300009727478,0.0036426000006031245,ResNet18,test
data/processed/test\Russula\050_MwOq3EeFUvc.jpg,Russula,Russula,True,0.9957931041717529,0.0038631000061286613,ResNet18,test
data/processed/test\Russula\057_jOjOWsmPwSs.jpg,Russula,Lactarius,False,0.3170459270477295,0.003778700003749691,ResNet18,test
data/processed/test\Russula\058_rXtA5QC0tm0.jpg,Russula,Russula,True,0.7187034487724304,0.004147100000409409,ResNet18,test
data/processed/test\Russula\064_7LLSFgmojbg.jpg,Russula,Russula,True,0.9640527963638306,0.004054399993037805,ResNet18,test
data/processed/test\Russula\066_QwlTSWbST_A.jpg,Russula,Russula,True,0.9972073435783386,0.004044000001158565,ResNet18,test
data/processed/test\Russula\067_1HwiqbR9nY4.jpg,Russula,Russula,True,0.5923634171485901,0.004026099995826371,ResNet18,test
data/processed/test\Russula\087_dkTD8ebKnDo.jpg,Russula,Russula,True,0.9992652535438538,0.003883600002154708,ResNet18,test
data/processed/test\Russula\090_wTqyZFVyKa4.jpg,Russula,Russula,True,0.9695755839347839,0.003837199998088181,ResNet18,test
data/processed/test\Russula\091_OhbGtsJOrac.jpg,Russula,Russula,True,0.6541520953178406,0.0038735999987693503,ResNet18,test
data/processed/test\Russula\096_RZyKfwF8OnQ.jpg,Russula,Russula,True,0.9684109687805176,0.0037278000090736896,ResNet18,test
data/processed/test\Russula\097_MDNp4nnFbsU.jpg,Russula,Russula,True,0.38503995537757874,0.0038022000080673024,ResNet18,test
data/processed/test\Russula\097_vcRnfngKDrA.jpg,Russula,Russula,True,0.9999840259552002,0.003735999998752959,ResNet18,test
data/processed/test\Russula\102_ZPT8jUM20PQ.jpg,Russula,Russula,True,0.8289420008659363,0.003766099995118566,ResNet18,test
data/processed/test\Russula\104_Rsfyh5xO7v4.jpg,Russula,Russula,True,0.9790641665458679,0.003690099998493679,ResNet18,test
data/processed/test\Russula\105_-Z8GVGlP6ZQ.jpg,Russula,Russula,True,0.9004217386245728,0.0037899000017205253,ResNet18,test
data/processed/test\Russula\110_Dq7-S4a1PBA.jpg,Russula,Inocybe,False,0.3270653188228607,0.003817499993601814,ResNet18,test
data/processed/test\Russula\110_tI1gcfV67iM.jpg,Russula,Russula,True,0.9922409057617188,0.003954999992856756,ResNet18,test
data/processed/test\Russula\112_LjHLUTH9Ofo.jpg,Russula,Russula,True,0.9940119385719299,0.0036952999944332987,ResNet18,test
data/processed/test\Russula\115_421ZUjl0L6I.jpg,Russula,Lactarius,False,0.4423021972179413,0.003779699996812269,ResNet18,test
data/processed/test\Russula\116_1OsHlMx-dSQ.jpg,Russula,Russula,True,0.9366822838783264,0.003760599996894598,ResNet18,test
data/processed/test\Russula\121_G6PKJxVEa-M.jpg,Russula,Russula,True,0.9311773777008057,0.003795700002228841,ResNet18,test
data/processed/test\Russula\127_VbgJEufLv7I.jpg,Russula,Inocybe,False,0.3160531520843506,0.004207599995424971,ResNet18,test
data/processed/test\Russula\139_H3FH6JjjTzg.jpg,Russula,Russula,True,0.49521422386169434,0.003763100001378916,ResNet18,test
data/processed/test\Russula\145_o2dRwsYbjMY.jpg,Russula,Inocybe,False,0.3973230719566345,0.003907500009518117,ResNet18,test
data/processed/test\Russula\150_HG0rdEL96d8.jpg,Russula,Russula,True,0.9966764450073242,0.004012400007923134,ResNet18,test
data/processed/test\Russula\152_T7Jz4WBLsEQ.jpg,Russula,Lactarius,False,0.6299009919166565,0.0037271000037435442,ResNet18,test
data/processed/test\Russula\165_iSv1-9PofVg.jpg,Russula,Russula,True,0.9978905320167542,0.003687600008561276,ResNet18,test
data/processed/test\Russula\167_9loyXWNmBDI.jpg,Russula,Russula,True,0.9883352518081665,0.0037375999963842332,ResNet18,test
data/processed/test\Russula\170_8gD6VgBIRW8.jpg,Russula,Boletus,False,0.8871549367904663,0.003798499994445592,ResNet18,test
data/processed/test\Russula\174_ZHZm2cjKSd4.jpg,Russula,Russula,True,0.9988524913787842,0.004097500001080334,ResNet18,test
data/processed/test\Russula\183_7HPLUZ0JPGw.jpg,Russula,Russula,True,0.57474285364151,0.0037684999988414347,ResNet18,test
data/processed/test\Russula\187_eVoSi006rJc.jpg,Russula,Russula,True,0.9070614576339722,0.003728900002897717,ResNet18,test
data/processed/test\Russula\190_jB_ANV0GfGc.jpg,Russula,Russula,True,0.6570459008216858,0.0038585000002058223,ResNet18,test
data/processed/test\Russula\193_0iPR4s0EgAE.jpg,Russula,Russula,True,0.49833229184150696,0.004127099993638694,ResNet18,test
data/processed/test\Russula\194_NP3riIl0ZRw.jpg,Russula,Russula,True,0.48084965348243713,0.003742400003829971,ResNet18,test
data/processed/test\Russula\196_8vqiUiCZSf4.jpg,Russula,Lactarius,False,0.3387192487716675,0.0038112000038381666,ResNet18,test
data/processed/test\Russula\197_8SaITt5hQBY.jpg,Russula,Russula,True,0.8871362805366516,0.0037386000039987266,ResNet18,test
data/processed/test\Russula\200_JMAjbr8Po8M.jpg,Russula,Russula,True,0.9339563250541687,0.003783899999689311,ResNet18,test
data/processed/test\Russula\203_7ZDu3mnm2D8.jpg,Russula,Russula,True,0.597941517829895,0.004088600006070919,ResNet18,test
data/processed/test\Russula\212_mAsF0Tdhqu8.jpg,Russula,Russula,True,0.6648233532905579,0.0037890000094193965,ResNet18,test
data/processed/test\Russula\218_zKx8R11Bjuo.jpg,Russula,Russula,True,0.8089146018028259,0.0037982999929226935,ResNet18,test
data/processed/test\Russula\219_Tj5ZWF3-yCc.jpg,Russula,Russula,True,0.47516751289367676,0.0038595000078203157,ResNet18,test
data/processed/test\Russula\220_LB02R316CKc.jpg,Russula,Russula,True,0.9995094537734985,0.003720900000189431,ResNet18,test
data/processed/test\Russula\221_GAqgMbeBJ_w.jpg,Russula,Russula,True,0.995158851146698,0.0037244999984977767,ResNet18,test
data/processed/test\Russula\222_l5ppfQIYS20.jpg,Russula,Entoloma,False,0.5380791425704956,0.0038942999963182956,ResNet18,test
data/processed/test\Russula\229_GvS-zosxGjw.jpg,Russula,Russula,True,0.5947749614715576,0.0036980000004405156,ResNet18,test
data/processed/test\Russula\232_mX205dWbGSs.jpg,Russula,Russula,True,0.7873953580856323,0.0036672999995062128,ResNet18,test
data/processed/test\Russula\237_ngiHar4V9OQ.jpg,Russula,Russula,True,0.9917769432067871,0.003863899997668341,ResNet18,test
data/processed/test\Russula\251_fEoTrBJW8cM.jpg,Russula,Russula,True,0.924933671951294,0.0037489999958779663,ResNet18,test
data/processed/test\Russula\255_Kb8wme58c30.jpg,Russula,Russula,True,0.997142493724823,0.0038275000115390867,ResNet18,test
data/processed/test\Russula\274_HgGEtks3OsI.jpg,Russula,Russula,True,0.5914506912231445,0.00407439999980852,ResNet18,test
data/processed/test\Russula\275_pEbq4xW22Ag.jpg,Russula,Russula,True,0.9451655745506287,0.0037019000010332093,ResNet18,test
data/processed/test\Russula\280_dQwEUooNmxU.jpg,Russula,Russula,True,0.7571976184844971,0.003729499992914498,ResNet18,test
data/processed/test\Russula\284_mG2jZJaeiac.jpg,Russula,Russula,True,0.8689461350440979,0.003949999998440035,ResNet18,test
data/processed/test\Russula\285_rVkKIZjTiRM.jpg,Russula,Inocybe,False,0.30455636978149414,0.004182199991191737,ResNet18,test
data/processed/test\Russula\287_aSnnhXszXBg.jpg,Russula,Amanita,False,0.5905492901802063,0.0038625000015599653,ResNet18,test
data/processed/test\Russula\298_6kweHNZ0RfI.jpg,Russula,Russula,True,0.9322592616081238,0.003678699998999946,ResNet18,test
data/processed/test\Russula\305_tdJxN8UQo7I.jpg,Russula,Russula,True,0.9883445501327515,0.004071300005307421,ResNet18,test
data/processed/test\Russula\317_8tQhlDlTHhY.jpg,Russula,Russula,True,0.9929503202438354,0.004170199987129308,ResNet18,test
data/processed/test\Russula\322_Ai1EXB8gNws.jpg,Russula,Russula,True,0.8730830550193787,0.003914000000804663,ResNet18,test
data/processed/test\Russula\329_PxteNH5w9Yk.jpg,Russula,Russula,True,0.9972557425498962,0.0037524000072153285,ResNet18,test
data/processed/test\Russula\333_7pP8aVQf3Do.jpg,Russula,Russula,True,0.9949489831924438,0.003935200002160855,ResNet18,test
data/processed/test\Russula\338_HPnjALipi70.jpg,Russula,Russula,True,0.9922978281974792,0.003794199990807101,ResNet18,test
data/processed/test\Russula\342_CJXxi8f2DOI.jpg,Russula,Russula,True,0.7649587988853455,0.0037622999952873215,ResNet18,test
data/processed/test\Russula\349_YRE4p7LbKdg.jpg,Russula,Russula,True,0.851959764957428,0.0036760999937541783,ResNet18,test
data/processed/test\Russula\352_ykL56k89IoE.jpg,Russula,Russula,True,0.9166059494018555,0.003814099996816367,ResNet18,test
data/processed/test\Russula\354_SXkK0j9UPcc.jpg,Russula,Lactarius,False,0.5023922324180603,0.003957900000386871,ResNet18,test
data/processed/test\Russula\366_Rmr_uH_m3Lc.jpg,Russula,Russula,True,0.9869197010993958,0.0037460000021383166,ResNet18,test
data/processed/test\Russula\375_h9oJuORZEoQ.jpg,Russula,Russula,True,0.9660577774047852,0.003656299988506362,ResNet18,test
data/processed/test\Russula\382_etpGgqzjXAw.jpg,Russula,Russula,True,0.45682042837142944,0.0037140000058570877,ResNet18,test
data/processed/test\Russula\391_FoHQbZ-kW6k.jpg,Russula,Russula,True,0.9353740811347961,0.0036689999978989363,ResNet18,test
data/processed/test\Russula\396_vxteiV8es0s.jpg,Russula,Russula,True,0.5695294737815857,0.003768599999602884,ResNet18,test
data/processed/test\Russula\398_0WzJw-BGE1E.jpg,Russula,Russula,True,0.9855130314826965,0.003927099998691119,ResNet18,test
data/processed/test\Russula\401_ZfuzzDXFsRU.jpg,Russula,Inocybe,False,0.6317278146743774,0.004171700013102964,ResNet18,test
data/processed/test\Russula\406_krT07UQMp10.jpg,Russula,Russula,True,0.3477775752544403,0.003781499995966442,ResNet18,test
data/processed/test\Russula\409_BMzCz6qsXNs.jpg,Russula,Russula,True,0.9528692364692688,0.0038120999961392954,ResNet18,test
data/processed/test\Russula\412_hK_N_vllKHo.jpg,Russula,Russula,True,0.8160538077354431,0.0038133000052766874,ResNet18,test
data/processed/test\Russula\415_UJ1wPsUTn48.jpg,Russula,Russula,True,0.8318756818771362,0.003937899993616156,ResNet18,test
data/processed/test\Russula\416_HL5U3TXaTig.jpg,Russula,Russula,True,0.9654274582862854,0.004156800001510419,ResNet18,test
data/processed/test\Russula\421_8j91Sr4g8Kc.jpg,Russula,Russula,True,0.9961649179458618,0.0038228999910643324,ResNet18,test
data/processed/test\Russula\426_RHi0dlqqt8o.jpg,Russula,Inocybe,False,0.6877930164337158,0.003803600004175678,ResNet18,test
data/processed/test\Russula\427_x9THSIBmhjg.jpg,Russula,Russula,True,0.5674496293067932,0.004142399993725121,ResNet18,test
data/processed/test\Russula\430_DSSYi6MPrgM.jpg,Russula,Russula,True,0.971782386302948,0.0038936000055400655,ResNet18,test
data/processed/test\Russula\431_6aLV-mYubzE.jpg,Russula,Russula,True,0.494940847158432,0.003784300002735108,ResNet18,test
data/processed/test\Russula\437_CT0j4-xyw0U.jpg,Russula,Russula,True,0.998115062713623,0.003764599998248741,ResNet18,test
data/processed/test\Russula\439_Qy56g_UefV0.jpg,Russula,Russula,True,0.7001891136169434,0.0038859000051161274,ResNet18,test
data/processed/test\Russula\441_OLHvhkXV5z4.jpg,Russula,Russula,True,0.9978525638580322,0.003703700000187382,ResNet18,test
data/processed/test\Russula\448_EjNRPvABLWs.jpg,Russula,Russula,True,0.997016191482544,0.003735900012543425,ResNet18,test
data/processed/test\Russula\452_LFlsAAAX9hI.jpg,Russula,Russula,True,0.8188064098358154,0.0037097999884281307,ResNet18,test
data/processed/test\Russula\454_uTMl-t0RwNE.jpg,Russula,Russula,True,0.539023220539093,0.0037818999990122393,ResNet18,test
data/processed/test\Russula\458_qK1_4b1eE6c.jpg,Russula,Russula,True,0.9817342758178711,0.0037174999888520688,ResNet18,test
data/processed/test\Russula\462_gCvKxkgbErI.jpg,Russula,Inocybe,False,0.23349888622760773,0.004109899993636645,ResNet18,test
data/processed/test\Russula\469_EEz8Pm-LqCM.jpg,Russula,Russula,True,0.9790785312652588,0.004331000003730878,ResNet18,test
data/processed/test\Russula\473_-0mqqVq-2vk.jpg,Russula,Russula,True,0.5899637341499329,0.00379590000375174,ResNet18,test
data/processed/test\Russula\476_fuSt9QgGDIk.jpg,Russula,Boletus,False,0.7879799008369446,0.0037595999892801046,ResNet18,test
data/processed/test\Russula\480_74nq3Oj1T0M.jpg,Russula,Russula,True,0.9956710338592529,0.003867099992930889,ResNet18,test
data/processed/test\Russula\483_iDdkz4PNlOg.jpg,Russula,Russula,True,0.9997443556785583,0.003808299996308051,ResNet18,test
data/processed/test\Russula\490_Y5gzpOreJV8.jpg,Russula,Russula,True,0.9946528673171997,0.003855600007227622,ResNet18,test
data/processed/test\Russula\494_4l6A9UlJ6HY.jpg,Russula,Russula,True,0.8851110339164734,0.003988900003605522,ResNet18,test
data/processed/test\Russula\497_hMPS4Vhoqqk.jpg,Russula,Russula,True,0.9741070866584778,0.0036829999880865216,ResNet18,test
data/processed/test\Russula\498_iH4yNw872aM.jpg,Russula,Russula,True,0.9975698590278625,0.0038104999985080212,ResNet18,test
data/processed/test\Russula\502_nJw7weRVBlc.jpg,Russula,Russula,True,0.9831862449645996,0.0039191999967442825,ResNet18,test
data/processed/test\Russula\511_viHZPnkp9nI.jpg,Russula,Russula,True,0.7154036164283752,0.003758499995456077,ResNet18,test
data/processed/test\Russula\513_e8OAjXau1_g.jpg,Russula,Russula,True,0.8436031937599182,0.004132799993385561,ResNet18,test
data/processed/test\Russula\515_-fmv5frqmeQ.jpg,Russula,Russula,True,0.7111994028091431,0.003784899992751889,ResNet18,test
data/processed/test\Russula\517_0X-ur3MZ6-g.jpg,Russula,Cortinarius,False,0.6031299233436584,0.004329100003815256,ResNet18,test
data/processed/test\Russula\518_ddwb9zDz0EA.jpg,Russula,Exidia,False,0.3654825985431671,0.005653000000165775,ResNet18,test
data/processed/test\Russula\519_MgcY6NzuGRg.jpg,Russula,Russula,True,0.9161402583122253,0.004573300000629388,ResNet18,test
data/processed/test\Russula\519__Yn0OFxI1q4.jpg,Russula,Inocybe,False,0.3162362575531006,0.0038515999913215637,ResNet18,test
data/processed/test\Russula\521_PoCOMLLE194.jpg,Russula,Russula,True,0.4880480468273163,0.00417590000142809,ResNet18,test
data/processed/test\Russula\522_HB75V6h0zHA.jpg,Russula,Russula,True,0.9927729964256287,0.0039058999973349273,ResNet18,test
data/processed/test\Russula\529_ailR88iHnVk.jpg,Russula,Russula,True,0.9709377288818359,0.003873199995723553,ResNet18,test
data/processed/test\Russula\530_0Er0JIn-St8.jpg,Russula,Russula,True,0.8373370170593262,0.0038063000101828948,ResNet18,test
data/processed/test\Russula\531_nA8Zxo2h3PI.jpg,Russula,Russula,True,0.8367019295692444,0.003947999997762963,ResNet18,test
data/processed/test\Russula\533_HFOAEH-GMI8.jpg,Russula,Russula,True,0.8804015517234802,0.0039853000052971765,ResNet18,test
data/processed/test\Russula\534_qpoLwy-f_Xo.jpg,Russula,Russula,True,0.9202113747596741,0.003925799988792278,ResNet18,test
data/processed/test\Russula\538_KQ94jYukaKU.jpg,Russula,Russula,True,0.3202376663684845,0.003858099997160025,ResNet18,test
data/processed/test\Russula\538_tf4RCsz9upY.jpg,Russula,Russula,True,0.7725330591201782,0.004158799987635575,ResNet18,test
data/processed/test\Russula\548_28oWJjM1dis.jpg,Russula,Russula,True,0.4683109521865845,0.004040700005134568,ResNet18,test
data/processed/test\Russula\551_wGsl1ac6chs.jpg,Russula,Russula,True,0.6335365176200867,0.003777800011448562,ResNet18,test
data/processed/test\Russula\552_ihVJ4T4Sss8.jpg,Russula,Russula,True,0.46184536814689636,0.0038023000088287517,ResNet18,test
data/processed/test\Russula\555_FEOGSD31AJA.jpg,Russula,Russula,True,0.7619005441665649,0.003849199987598695,ResNet18,test
data/processed/test\Russula\556_ppbtXziu5ZQ.jpg,Russula,Russula,True,0.5056591629981995,0.0039484000008087605,ResNet18,test
data/processed/test\Russula\557_QAd1lVBkjXU.jpg,Russula,Lactarius,False,0.21303001046180725,0.004155000002356246,ResNet18,test
data/processed/test\Russula\560_cMc-iWHiAlE.jpg,Russula,Entoloma,False,0.4976518154144287,0.0038640999991912395,ResNet18,test
data/processed/test\Russula\569_JW9oRUfkNN0.jpg,Russula,Amanita,False,0.748058557510376,0.004474300003494136,ResNet18,test
data/processed/test\Russula\572_yBKxg92PsOQ.jpg,Russula,Russula,True,0.9675247669219971,0.0042357000056654215,ResNet18,test
data/processed/test\Russula\575_gWC0enFjtPM.jpg,Russula,Russula,True,0.5918962955474854,0.003969800003687851,ResNet18,test
data/processed/test\Russula\580_ntj_DGdqmvA.jpg,Russula,Russula,True,0.9806617498397827,0.004477599999518134,ResNet18,test
data/processed/test\Russula\588__rRMnuidFcw.jpg,Russula,Russula,True,0.8749263882637024,0.004644700005883351,ResNet18,test
data/processed/test\Russula\590_uV2vuMobSEM.jpg,Russula,Russula,True,0.5132591724395752,0.004408799999509938,ResNet18,test
data/processed/test\Russula\591_mUNB-xH-tCw.jpg,Russula,Russula,True,0.7252697944641113,0.003845299987006001,ResNet18,test
data/processed/test\Russula\605_KtkMUv-JJ5I.jpg,Russula,Russula,True,0.9981707334518433,0.0037604999961331487,ResNet18,test
data/processed/test\Russula\608_0aU_jR-I9JA.jpg,Russula,Russula,True,0.9768127202987671,0.0038226000033318996,ResNet18,test
data/processed/test\Russula\619_iJOS5fLgNQU.jpg,Russula,Russula,True,0.8476581573486328,0.004068599999300204,ResNet18,test
data/processed/test\Russula\624_AB7Ht1J6_Ts.jpg,Russula,Russula,True,0.9316546320915222,0.0038210999919101596,ResNet18,test
data/processed/test\Russula\635_CzRg4ZH0g3s.jpg,Russula,Boletus,False,0.28210797905921936,0.004008699994301423,ResNet18,test
data/processed/test\Russula\650_p3glAsLgTMs.jpg,Russula,Boletus,False,0.8245044350624084,0.0038868999981787056,ResNet18,test
data/processed/test\Russula\667_m3O20kXwdDE.jpg,Russula,Russula,True,0.993678867816925,0.003806099994108081,ResNet18,test
data/processed/test\Russula\668_5paJFA7_Ua8.jpg,Russula,Russula,True,0.9698898196220398,0.004400899997563101,ResNet18,test
data/processed/test\Russula\674_hp6AgJkRPZQ.jpg,Russula,Russula,True,0.8868235945701599,0.004242000009980984,ResNet18,test
data/processed/test\Russula\681_EsZTIQlfMjc.jpg,Russula,Inocybe,False,0.6208328008651733,0.003788899994106032,ResNet18,test
data/processed/test\Russula\689_A6I1XAc367A.jpg,Russula,Russula,True,0.9961624145507812,0.004253500010236166,ResNet18,test
data/processed/test\Russula\703_Nptow3WB0qw.jpg,Russula,Russula,True,0.9986675977706909,0.004190100007690489,ResNet18,test
data/processed/test\Russula\705_zyUROKt6OHs.jpg,Russula,Russula,True,0.732211172580719,0.003913900000043213,ResNet18,test
data/processed/test\Russula\719_RWQ7F3kVyZ8.jpg,Russula,Russula,True,0.8860411643981934,0.00380480001331307,ResNet18,test
data/processed/test\Russula\727_GqKz3HCWl0c.jpg,Russula,Russula,True,0.9869247674942017,0.003816600001300685,ResNet18,test
data/processed/test\Russula\728_GKNcKK0yCIc.jpg,Russula,Russula,True,0.9885889291763306,0.004190500010736287,ResNet18,test
data/processed/test\Russula\737_CKVsLcd_U7c.jpg,Russula,Russula,True,0.9970954656600952,0.003798499994445592,ResNet18,test
data/processed/test\Russula\738_erZ8MolTf3U.jpg,Russula,Russula,True,0.9757183790206909,0.004029500007163733,ResNet18,test
data/processed/test\Russula\756_vp2vfTitRMQ.jpg,Russula,Russula,True,0.9998699426651001,0.004168900006334297,ResNet18,test
data/processed/test\Russula\757_iadA7ihhNeQ.jpg,Russula,Russula,True,0.9972742199897766,0.003797599987592548,ResNet18,test
data/processed/test\Russula\761_PoCeQSN4r0Y.jpg,Russula,Russula,True,0.9999183416366577,0.004090799993718974,ResNet18,test
data/processed/test\Russula\764_Km8WK13K9DM.jpg,Russula,Russula,True,0.9964956641197205,0.0040942000050563365,ResNet18,test
data/processed/test\Russula\773_rvHJQsLi9cg.jpg,Russula,Russula,True,0.973213255405426,0.004085200009285472,ResNet18,test
data/processed/test\Russula\777_1makiuR24D8.jpg,Russula,Russula,True,0.8793748021125793,0.0042874000064330176,ResNet18,test
data/processed/test\Russula\781_6bHC50w-YyU.jpg,Russula,Russula,True,0.9564042091369629,0.0038043999957153574,ResNet18,test
data/processed/test\Russula\789_ZOAABwfjsvE.jpg,Russula,Russula,True,0.7116338610649109,0.004047900001751259,ResNet18,test
data/processed/test\Russula\790_XgJL7jUO0n0.jpg,Russula,Lactarius,False,0.4189084768295288,0.003828000000794418,ResNet18,test
data/processed/test\Russula\791_bmziJQYOR-0.jpg,Russula,Russula,True,0.46815571188926697,0.0037657000066246837,ResNet18,test
data/processed/test\Suillus\004_LMWP6X0bx7g.jpg,Suillus,Russula,False,0.8106681704521179,0.003966699994634837,ResNet18,test
data/processed/test\Suillus\005_4zrEN39EHeU.jpg,Suillus,Inocybe,False,0.4803387522697449,0.00415659999998752,ResNet18,test
data/processed/test\Suillus\006_8Su_kJ43Mho.jpg,Suillus,Russula,False,0.2504768967628479,0.004072800002177246,ResNet18,test
data/processed/test\Suillus\013_SzBeuYLeWzY.jpg,Suillus,Russula,False,0.48747095465660095,0.003835600000456907,ResNet18,test
data/processed/test\Suillus\020_qW3wRprNQuU.jpg,Suillus,Suillus,True,0.3076314926147461,0.003815000003669411,ResNet18,test
data/processed/test\Suillus\024_b9YCAgUxfLc.jpg,Suillus,Suillus,True,0.3522684574127197,0.0038954000046942383,ResNet18,test
data/processed/test\Suillus\035_GGH3qG0fqcg.jpg,Suillus,Russula,False,0.39390450716018677,0.003860899989376776,ResNet18,test
data/processed/test\Suillus\042_S8g3kuvZPb4.jpg,Suillus,Russula,False,0.3367064297199249,0.0038128000014694408,ResNet18,test
data/processed/test\Suillus\053_pR_9bsx0WUU.jpg,Suillus,Lactarius,False,0.34009140729904175,0.004127899999730289,ResNet18,test
data/processed/test\Suillus\057_QjMKHaEMZBI.jpg,Suillus,Lactarius,False,0.533356249332428,0.00401370000327006,ResNet18,test
data/processed/test\Suillus\059_JRPx07CUp9I.jpg,Suillus,Russula,False,0.40329742431640625,0.0038108999870019034,ResNet18,test
data/processed/test\Suillus\060_HFmPuFBK7f4.jpg,Suillus,Russula,False,0.7869950532913208,0.004147500003455207,ResNet18,test
data/processed/test\Suillus\063_DU3VJmB-I14.jpg,Suillus,Lactarius,False,0.6675317287445068,0.004194900000584312,ResNet18,test
data/processed/test\Suillus\066_uFngOMLuPrE.jpg,Suillus,Inocybe,False,0.6164404153823853,0.004116500000236556,ResNet18,test
data/processed/test\Suillus\071_pDklNEHcmB8.jpg,Suillus,Boletus,False,0.34284907579421997,0.004285700008040294,ResNet18,test
data/processed/test\Suillus\072_qfIXcNPk1eM.jpg,Suillus,Inocybe,False,0.24045750498771667,0.0038105999992694706,ResNet18,test
data/processed/test\Suillus\076_eqA9_q6_9JU.jpg,Suillus,Russula,False,0.284730464220047,0.0038370999973267317,ResNet18,test
data/processed/test\Suillus\103_jpMZm4FpWNQ.jpg,Suillus,Suillus,True,0.845656156539917,0.006700600002659485,ResNet18,test
data/processed/test\Suillus\105_ywBhq3G8x-g.jpg,Suillus,Lactarius,False,0.37053143978118896,0.003843300000880845,ResNet18,test
data/processed/test\Suillus\109_BXGWNC8c4aw.jpg,Suillus,Boletus,False,0.47935834527015686,0.0037687000003643334,ResNet18,test
data/processed/test\Suillus\110_GXWZjkiIn3U.jpg,Suillus,Lactarius,False,0.4200916290283203,0.003810099995462224,ResNet18,test
data/processed/test\Suillus\123_CK6TqHiLN8s.jpg,Suillus,Russula,False,0.7272653579711914,0.003880500007653609,ResNet18,test
data/processed/test\Suillus\124_A3Rr6EGcEuc.jpg,Suillus,Suillus,True,0.5532614588737488,0.003974699997343123,ResNet18,test
data/processed/test\Suillus\135_jpc6hxtvXcY.jpg,Suillus,Amanita,False,0.3148610591888428,0.0039410000026691705,ResNet18,test
data/processed/test\Suillus\140_AElK4TLjpHw.jpg,Suillus,Russula,False,0.45003262162208557,0.00392699999792967,ResNet18,test
data/processed/test\Suillus\143_4I78Lp4NctA.jpg,Suillus,Inocybe,False,0.3360958695411682,0.003920500006643124,ResNet18,test
data/processed/test\Suillus\150_jLg9QQo1nOg.jpg,Suillus,Entoloma,False,0.45178624987602234,0.0038692999951308593,ResNet18,test
data/processed/test\Suillus\152_uGhPmWPTFe8.jpg,Suillus,Russula,False,0.4392484128475189,0.003926899997168221,ResNet18,test
data/processed/test\Suillus\153_iWtEXcs9CUw.jpg,Suillus,Russula,False,0.8312167525291443,0.003985699993791059,ResNet18,test
data/processed/test\Suillus\159_8OhWm5aBdYo.jpg,Suillus,Russula,False,0.872054934501648,0.003985100003774278,ResNet18,test
data/processed/test\Suillus\174_G_tZXZc2BS8.jpg,Suillus,Russula,False,0.49708184599876404,0.004308999996283092,ResNet18,test
data/processed/test\Suillus\186_Zx-rs9g1O2M.jpg,Suillus,Hygrocybe,False,0.6546610593795776,0.004017500003101304,ResNet18,test
data/processed/test\Suillus\187_rbfGR0jzf1M.jpg,Suillus,Suillus,True,0.5829482078552246,0.0038795000000391155,ResNet18,test
data/processed/test\Suillus\195_4bcpABEJmZ0.jpg,Suillus,Cortinarius,False,0.5032327771186829,0.003908899991074577,ResNet18,test
data/processed/test\Suillus\197_0xmjWv0BbOU.jpg,Suillus,Lactarius,False,0.323323518037796,0.0038797000015620142,ResNet18,test
data/processed/test\Suillus\209_7dBOxsmYgEg.jpg,Suillus,Suillus,True,0.47214335203170776,0.004196699999738485,ResNet18,test
data/processed/test\Suillus\217_ZAXchPHjhcE.jpg,Suillus,Lactarius,False,0.31380802392959595,0.003899300005286932,ResNet18,test
data/processed/test\Suillus\228_LjjB-u2A1pU.jpg,Suillus,Boletus,False,0.8541516661643982,0.0038870999997016042,ResNet18,test
data/processed/test\Suillus\239_pLvnF05ewak.jpg,Suillus,Boletus,False,0.37574493885040283,0.003954500003601424,ResNet18,test
data/processed/test\Suillus\246_dDYtt6MpmiI.jpg,Suillus,Boletus,False,0.8319950103759766,0.003909399994881824,ResNet18,test
data/processed/test\Suillus\255_9-ELp1gnP9Q.jpg,Suillus,Lactarius,False,0.5749788284301758,0.0039121000008890405,ResNet18,test
data/processed/test\Suillus\286_3SyGqemn_aQ.jpg,Suillus,Russula,False,0.39735284447669983,0.003969999990658835,ResNet18,test
data/processed/test\Suillus\287_uBlS4Qgx1HQ.jpg,Suillus,Russula,False,0.31115269660949707,0.003965099997003563,ResNet18,test
data/processed/test\Suillus\289_BYUT_xNeNAg.jpg,Suillus,Russula,False,0.9694555997848511,0.0039151999953901395,ResNet18,test
data/processed/test\Suillus\293_zL8A0olEfaA.jpg,Suillus,Russula,False,0.5653941631317139,0.003965899988543242,ResNet18,test
data/processed/test\Suillus\294_BX6ekzpPLto.jpg,Suillus,Inocybe,False,0.47469082474708557,0.003925899989553727,ResNet18,test
data/processed/test\Suillus\302_C8yj39nTbnM.jpg,Suillus,Inocybe,False,0.26410508155822754,0.003939000001992099,ResNet18,test
data/processed/test\Suillus\324_nslhbQyQ1Gk.jpg,Suillus,Boletus,False,0.8352071046829224,0.003934599997592159,ResNet18,test
