image_path,true_label,predicted_label,correct,confidence,inference_time_sec,model_name,split
data/processed/test\Agaricus\003_4AurAO4Jil8.jpg,Agaricus,Inocybe,FALSE,0.792365551,0.0321243,BaselineCNN,test
data/processed/test\Agaricus\014_DU4RE5bim5A.jpg,Agaricus,Amanita,FALSE,0.474999547,0.0010071,BaselineCNN,test
data/processed/test\Agaricus\016_qNYODERZEms.jpg,Agaricus,Russula,FALSE,0.62276566,0.0009351,BaselineCNN,test
data/processed/test\Agaricus\019_aaTsKm7exKE.jpg,Agaricus,Agaricus,TRUE,0.993538082,0.0007668,BaselineCNN,test
data/processed/test\Agaricus\020_vZJfrjIwmqU.jpg,Agaricus,Russula,FALSE,0.989888132,0.0008466,BaselineCNN,test
data/processed/test\Agaricus\029_ZksYQQBGVIg.jpg,Agaricus,Russula,FALSE,0.844025671,0.0010963,BaselineCNN,test
data/processed/test\Agaricus\048_iC9glWRw_EM.jpg,Agaricus,Agaricus,TRUE,0.951777935,0.0007367,BaselineCNN,test
data/processed/test\Agaricus\052_z7PpmpKIPU4.jpg,Agaricus,Agaricus,TRUE,0.746583402,0.0008176,BaselineCNN,test
data/processed/test\Agaricus\055_Cggc3hvlPfg.jpg,Agaricus,Lactarius,FALSE,0.526683986,0.0011238,BaselineCNN,test
data/processed/test\Agaricus\057_n1EFvW3JrYo.jpg,Agaricus,Inocybe,FALSE,0.701086223,0.0017695,BaselineCNN,test
data/processed/test\Agaricus\063_Fa4IMCTXq04.jpg,Agaricus,Lactarius,FALSE,0.445301801,0.0009437,BaselineCNN,test
data/processed/test\Agaricus\069_W-jISbXJon8.jpg,Agaricus,Cortinarius,FALSE,0.582170844,0.0008963,BaselineCNN,test
data/processed/test\Agaricus\075_osC0agHm9UY.jpg,Agaricus,Cortinarius,FALSE,0.974767685,0.0011509,BaselineCNN,test
data/processed/test\Agaricus\083_mx9HfmWGwWo.jpg,Agaricus,Russula,FALSE,0.876774669,0.0008693,BaselineCNN,test
data/processed/test\Agaricus\091_3BEGnmvAiRw.jpg,Agaricus,Russula,FALSE,0.343487024,0.0008511,BaselineCNN,test
data/processed/test\Agaricus\093_Bz-kiIMN6EA.jpg,Agaricus,Lactarius,FALSE,0.920946538,0.001747,BaselineCNN,test
data/processed/test\Agaricus\115_Jd1nw0g-Z5c.jpg,Agaricus,Lactarius,FALSE,0.786316991,0.000838,BaselineCNN,test
data/processed/test\Agaricus\127_5z4-vDJFDS8.jpg,Agaricus,Agaricus,TRUE,0.962994218,0.0007942,BaselineCNN,test
data/processed/test\Agaricus\128_iITC2t8k-ao.jpg,Agaricus,Russula,FALSE,0.999977708,0.0008269,BaselineCNN,test
data/processed/test\Agaricus\129_E1FD01dZMiw.jpg,Agaricus,Russula,FALSE,0.553339958,0.000763,BaselineCNN,test
data/processed/test\Agaricus\131_YrsaHYXAieo.jpg,Agaricus,Cortinarius,FALSE,0.999994397,0.0008328,BaselineCNN,test
data/processed/test\Agaricus\141_099PmS-9Xww.jpg,Agaricus,Agaricus,TRUE,0.656204402,0.0008315,BaselineCNN,test
data/processed/test\Agaricus\147_eDN4yYIkeAs.jpg,Agaricus,Agaricus,TRUE,0.999218106,0.0008314,BaselineCNN,test
data/processed/test\Agaricus\162_19HDdc3YjRs.jpg,Agaricus,Lactarius,FALSE,0.978009641,0.0010716,BaselineCNN,test
data/processed/test\Agaricus\169_qqgFJZ8Zt4g.jpg,Agaricus,Lactarius,FALSE,0.892219543,0.0010578,BaselineCNN,test
data/processed/test\Agaricus\171_wN-s2yo8YTs.jpg,Agaricus,Agaricus,TRUE,0.644891322,0.0010188,BaselineCNN,test
data/processed/test\Agaricus\179_jfF8TJ9ZlvU.jpg,Agaricus,Russula,FALSE,0.999976039,0.0011778,BaselineCNN,test
data/processed/test\Agaricus\206_W3JvSvV8oF8.jpg,Agaricus,Inocybe,FALSE,0.474772453,0.0012582,BaselineCNN,test
data/processed/test\Agaricus\211_2k-2vImOD5g.jpg,Agaricus,Lactarius,FALSE,0.487235844,0.0008657,BaselineCNN,test
data/processed/test\Agaricus\213_o8ynZBRKBSE.jpg,Agaricus,Cortinarius,FALSE,0.563492775,0.0008648,BaselineCNN,test
data/processed/test\Agaricus\226_0du5e8k_cCA.jpg,Agaricus,Russula,FALSE,0.504785776,0.0008705,BaselineCNN,test
data/processed/test\Agaricus\228_2SjHadDRW6o.jpg,Agaricus,Amanita,FALSE,0.72452414,0.0009985,BaselineCNN,test
data/processed/test\Agaricus\237_y2JGdND-zxI.jpg,Agaricus,Lactarius,FALSE,0.775197566,0.0008893,BaselineCNN,test
data/processed/test\Agaricus\238_I1p90MwfEEw.jpg,Agaricus,Lactarius,FALSE,0.863219023,0.0007674,BaselineCNN,test
data/processed/test\Agaricus\270_Js1q2S-fR_Y.jpg,Agaricus,Lactarius,FALSE,0.528865755,0.001028,BaselineCNN,test
data/processed/test\Agaricus\272_r-A9DMTwWoM.jpg,Agaricus,Cortinarius,FALSE,0.862817526,0.0007703,BaselineCNN,test
data/processed/test\Agaricus\294_kPCOGW3Y_Ak.jpg,Agaricus,Amanita,FALSE,0.589210093,0.0013151,BaselineCNN,test
data/processed/test\Agaricus\300_VSw-oPLasfg.jpg,Agaricus,Agaricus,TRUE,0.741474092,0.0009106,BaselineCNN,test
data/processed/test\Agaricus\323_5Es9oQ3LeGk.jpg,Agaricus,Cortinarius,FALSE,0.999969602,0.0008366,BaselineCNN,test
data/processed/test\Agaricus\349_Euf9XZEVTMc.jpg,Agaricus,Russula,FALSE,0.941854656,0.0011595,BaselineCNN,test
data/processed/test\Agaricus\354_VP-DWvLyI3w.jpg,Agaricus,Inocybe,FALSE,0.840689361,0.0008292,BaselineCNN,test
data/processed/test\Agaricus\357__w_XUQZMZEw.jpg,Agaricus,Agaricus,TRUE,0.985819578,0.0009936,BaselineCNN,test
data/processed/test\Agaricus\366_XEI1sAQds7w.jpg,Agaricus,Amanita,FALSE,0.408090472,0.0009198,BaselineCNN,test
data/processed/test\Agaricus\374_Xap1L15Z8BM.jpg,Agaricus,Amanita,FALSE,0.873801947,0.0008587,BaselineCNN,test
data/processed/test\Agaricus\384_T_p5cKpLpsc.jpg,Agaricus,Agaricus,TRUE,0.856304586,0.0008886,BaselineCNN,test
data/processed/test\Agaricus\385_iwfhPs4irjk.jpg,Agaricus,Lactarius,FALSE,0.99776721,0.0011804,BaselineCNN,test
data/processed/test\Agaricus\391_N7A0y7CgOA0.jpg,Agaricus,Russula,FALSE,0.397770226,0.0011057,BaselineCNN,test
data/processed/test\Agaricus\392_QXsLZMnBIt0.jpg,Agaricus,Lactarius,FALSE,0.902417898,0.0008233,BaselineCNN,test
data/processed/test\Agaricus\411_egeAEeL40Lc.jpg,Agaricus,Cortinarius,FALSE,0.778944314,0.000987,BaselineCNN,test
data/processed/test\Agaricus\413_4LTr0R0Dk8o.jpg,Agaricus,Russula,FALSE,0.973025799,0.0009725,BaselineCNN,test
data/processed/test\Agaricus\430_IpjdsyrmIzc.jpg,Agaricus,Agaricus,TRUE,0.975311339,0.0009317,BaselineCNN,test
data/processed/test\Agaricus\433_XWxLl-zeNQ8.jpg,Agaricus,Russula,FALSE,0.456727445,0.0009602,BaselineCNN,test
data/processed/test\Agaricus\438_uTWjQsEXep4.jpg,Agaricus,Inocybe,FALSE,0.395301133,0.0012355,BaselineCNN,test
data/processed/test\Agaricus\439_w5uD0w5wrXs.jpg,Agaricus,Amanita,FALSE,0.936982214,0.0007957,BaselineCNN,test
data/processed/test\Amanita\004_wIVV5id0aOg.jpg,Amanita,Amanita,TRUE,0.969657958,0.0007837,BaselineCNN,test
data/processed/test\Amanita\010_Ji4N7IDyRKY.jpg,Amanita,Amanita,TRUE,0.946254969,0.0007906,BaselineCNN,test
data/processed/test\Amanita\011_DoZoYI2vj20.jpg,Amanita,Boletus,FALSE,0.702195108,0.0007794,BaselineCNN,test
data/processed/test\Amanita\026_8kxG9731_4w.jpg,Amanita,Russula,FALSE,0.439475,0.0009093,BaselineCNN,test
data/processed/test\Amanita\027_i47VTXypFTE.jpg,Amanita,Boletus,FALSE,0.817995131,0.0007924,BaselineCNN,test
data/processed/test\Amanita\038_VKaJLTO8zZU.jpg,Amanita,Lactarius,FALSE,0.968252778,0.0007514,BaselineCNN,test
data/processed/test\Amanita\041_6n9nhA4C6K8.jpg,Amanita,Boletus,FALSE,0.79730618,0.0008327,BaselineCNN,test
data/processed/test\Amanita\042_aqfiTPuiGHo.jpg,Amanita,Amanita,TRUE,0.916985691,0.0009503,BaselineCNN,test
data/processed/test\Amanita\044_BvKKMmJ6Nfo.jpg,Amanita,Cortinarius,FALSE,0.969400823,0.0012481,BaselineCNN,test
data/processed/test\Amanita\048_3CAOSWVxhe0.jpg,Amanita,Russula,FALSE,0.86328584,0.0008043,BaselineCNN,test
data/processed/test\Amanita\055_riJalDjBcnI.jpg,Amanita,Amanita,TRUE,0.529542446,0.0010087,BaselineCNN,test
data/processed/test\Amanita\075_3gL0KWhOrbs.jpg,Amanita,Cortinarius,FALSE,0.971512556,0.0013737,BaselineCNN,test
data/processed/test\Amanita\081_C-pQjIw3h7M.jpg,Amanita,Lactarius,FALSE,0.792568862,0.0011718,BaselineCNN,test
data/processed/test\Amanita\083_GAJUFRatKvg.jpg,Amanita,Boletus,FALSE,0.997041881,0.0008566,BaselineCNN,test
data/processed/test\Amanita\101_m1QUT_IvswY.jpg,Amanita,Russula,FALSE,0.542120934,0.0007656,BaselineCNN,test
data/processed/test\Amanita\109_mApfQHzHo0k.jpg,Amanita,Amanita,TRUE,0.591461003,0.0008094,BaselineCNN,test
data/processed/test\Amanita\112_v5maqRj9Z_w.jpg,Amanita,Agaricus,FALSE,0.805783629,0.0010943,BaselineCNN,test
data/processed/test\Amanita\113_Ssk7arItOnk.jpg,Amanita,Cortinarius,FALSE,0.809040248,0.0011829,BaselineCNN,test
data/processed/test\Amanita\116_V-662GMGI6U.jpg,Amanita,Amanita,TRUE,0.466544598,0.0007893,BaselineCNN,test
data/processed/test\Amanita\117_2i4Ly-hB5rY.jpg,Amanita,Cortinarius,FALSE,0.459393352,0.0014664,BaselineCNN,test
data/processed/test\Amanita\121_0mE3kiyOk4k.jpg,Amanita,Boletus,FALSE,0.705476642,0.0007802,BaselineCNN,test
data/processed/test\Amanita\125_jnNJwiuIHj0.jpg,Amanita,Amanita,TRUE,0.890586674,0.0008609,BaselineCNN,test
data/processed/test\Amanita\138_kCA0Zae2KX0.jpg,Amanita,Lactarius,FALSE,0.793375313,0.0009851,BaselineCNN,test
data/processed/test\Amanita\141_zaaLqAyIHuQ.jpg,Amanita,Agaricus,FALSE,0.430617929,0.0011461,BaselineCNN,test
data/processed/test\Amanita\143_ZpRWUcr7GhA.jpg,Amanita,Amanita,TRUE,0.740380108,0.0011504,BaselineCNN,test
data/processed/test\Amanita\145_2JCprUI2Ugw.jpg,Amanita,Agaricus,FALSE,0.83534658,0.0009078,BaselineCNN,test
data/processed/test\Amanita\159_majDHo2IG8U.jpg,Amanita,Amanita,TRUE,0.594036639,0.0010592,BaselineCNN,test
data/processed/test\Amanita\160_2Xs6Ueh19D4.jpg,Amanita,Amanita,TRUE,0.881439984,0.0014178,BaselineCNN,test
data/processed/test\Amanita\166_wCNIOK2FS_U.jpg,Amanita,Inocybe,FALSE,0.912112534,0.0008457,BaselineCNN,test
data/processed/test\Amanita\167_oTHBDUWfBxA.jpg,Amanita,Russula,FALSE,0.450790316,0.0008446,BaselineCNN,test
data/processed/test\Amanita\169_ODaDqR_tlG0.jpg,Amanita,Russula,FALSE,0.870395482,0.0007857,BaselineCNN,test
data/processed/test\Amanita\171_6GMgYtjBa8k.jpg,Amanita,Boletus,FALSE,0.466350734,0.0009708,BaselineCNN,test
data/processed/test\Amanita\173_jqvVZF8AWxg.jpg,Amanita,Agaricus,FALSE,0.899703026,0.0009041,BaselineCNN,test
data/processed/test\Amanita\175_wCfYH50cXu8.jpg,Amanita,Russula,FALSE,0.997846961,0.0009572,BaselineCNN,test
data/processed/test\Amanita\192_uQQGhgvOkTI.jpg,Amanita,Agaricus,FALSE,0.999201477,0.0010348,BaselineCNN,test
data/processed/test\Amanita\194__2kBAgeqxZc.jpg,Amanita,Boletus,FALSE,0.767168283,0.0008185,BaselineCNN,test
data/processed/test\Amanita\208_EvpNOUGmeVI.jpg,Amanita,Lactarius,FALSE,0.447370201,0.000997,BaselineCNN,test
data/processed/test\Amanita\215_XXWsMnFz1MI.jpg,Amanita,Amanita,TRUE,0.944658518,0.0007987,BaselineCNN,test
data/processed/test\Amanita\219_d2on0Kw19Ds.jpg,Amanita,Inocybe,FALSE,0.529715359,0.0009138,BaselineCNN,test
data/processed/test\Amanita\226_zzTeEGVX8nY.jpg,Amanita,Amanita,TRUE,0.97664535,0.0009746,BaselineCNN,test
data/processed/test\Amanita\229_AAkARuMGR0c.jpg,Amanita,Inocybe,FALSE,0.480413675,0.0007277,BaselineCNN,test
data/processed/test\Amanita\238_7M5xzSG_g_A.jpg,Amanita,Amanita,TRUE,0.997653902,0.0007996,BaselineCNN,test
data/processed/test\Amanita\239_m__Mvvi_6yk.jpg,Amanita,Inocybe,FALSE,0.958876252,0.0010649,BaselineCNN,test
data/processed/test\Amanita\245_hJy0oklu5jA.jpg,Amanita,Boletus,FALSE,0.999977589,0.0011021,BaselineCNN,test
data/processed/test\Amanita\254_Lyi3XcTltRs.jpg,Amanita,Russula,FALSE,0.959557176,0.0008357,BaselineCNN,test
data/processed/test\Amanita\262_lkxMPar_qU4.jpg,Amanita,Russula,FALSE,0.492034763,0.0007976,BaselineCNN,test
data/processed/test\Amanita\266_1lFPzGUJdrw.jpg,Amanita,Amanita,TRUE,0.579505801,0.0008225,BaselineCNN,test
data/processed/test\Amanita\267_Jv9rb_uZxxM.jpg,Amanita,Agaricus,FALSE,0.299843937,0.0013911,BaselineCNN,test
data/processed/test\Amanita\269_y7diE9hqyqg.jpg,Amanita,Lactarius,FALSE,0.975435972,0.0011981,BaselineCNN,test
data/processed/test\Amanita\280_kmvGIrteUEU.jpg,Amanita,Boletus,FALSE,0.811721385,0.0008279,BaselineCNN,test
data/processed/test\Amanita\283_A61Fv-WuOIQ.jpg,Amanita,Inocybe,FALSE,0.955101609,0.0009362,BaselineCNN,test
data/processed/test\Amanita\284_hjYnEPCzZWs.jpg,Amanita,Amanita,TRUE,0.544244766,0.0009266,BaselineCNN,test
data/processed/test\Amanita\286_akbOrg8qrWc.jpg,Amanita,Lactarius,FALSE,0.532660723,0.0007657,BaselineCNN,test
data/processed/test\Amanita\291_8IJ4_ANpJLg.jpg,Amanita,Suillus,FALSE,0.60966754,0.00088,BaselineCNN,test
data/processed/test\Amanita\296_sKFU2MHCmQI.jpg,Amanita,Inocybe,FALSE,0.905334234,0.0008912,BaselineCNN,test
data/processed/test\Amanita\301_arWVKBAl1xg.jpg,Amanita,Cortinarius,FALSE,0.993139446,0.0008834,BaselineCNN,test
data/processed/test\Amanita\304_fF9sgw_cuPo.jpg,Amanita,Cortinarius,FALSE,0.794088662,0.0012858,BaselineCNN,test
data/processed/test\Amanita\319_VSiBPtwZDwM.jpg,Amanita,Amanita,TRUE,0.855568051,0.000722,BaselineCNN,test
data/processed/test\Amanita\323_sgZnWNFTFFc.jpg,Amanita,Amanita,TRUE,0.960009694,0.0010192,BaselineCNN,test
data/processed/test\Amanita\326_q3-8lXVmcVM.jpg,Amanita,Amanita,TRUE,0.606476903,0.0011332,BaselineCNN,test
data/processed/test\Amanita\329_jpdnrnOYvm8.jpg,Amanita,Boletus,FALSE,0.977366865,0.0007468,BaselineCNN,test
data/processed/test\Amanita\354_HFiOZg6IOL8.jpg,Amanita,Russula,FALSE,0.808127761,0.0008567,BaselineCNN,test
data/processed/test\Amanita\355_e0Y8jDjEmzs.jpg,Amanita,Entoloma,FALSE,0.818017066,0.0007926,BaselineCNN,test
data/processed/test\Amanita\366_zzsJUWaNdxg.jpg,Amanita,Hygrocybe,FALSE,0.941848874,0.0009224,BaselineCNN,test
data/processed/test\Amanita\372_5SYWecQTaKc.jpg,Amanita,Boletus,FALSE,0.537359655,0.0008712,BaselineCNN,test
data/processed/test\Amanita\373_YmenYH0HVC0.jpg,Amanita,Cortinarius,FALSE,0.719695866,0.0009073,BaselineCNN,test
data/processed/test\Amanita\377_qiZKoEIbfFk.jpg,Amanita,Lactarius,FALSE,0.941161275,0.0008795,BaselineCNN,test
data/processed/test\Amanita\381_t_eyYyXYB1k.jpg,Amanita,Russula,FALSE,0.744272292,0.0009166,BaselineCNN,test
data/processed/test\Amanita\389_1fQDmvX1jb8.jpg,Amanita,Agaricus,FALSE,0.719500959,0.0012154,BaselineCNN,test
data/processed/test\Amanita\395_tL3vBGNvjeI.jpg,Amanita,Amanita,TRUE,0.570203245,0.0009907,BaselineCNN,test
data/processed/test\Amanita\408_Jn439YAL3hs.jpg,Amanita,Amanita,TRUE,0.987734377,0.001051,BaselineCNN,test
data/processed/test\Amanita\433_mzRZXazhvVU.jpg,Amanita,Russula,FALSE,0.534868658,0.0009427,BaselineCNN,test
data/processed/test\Amanita\438_gh-zSGziyQ4.jpg,Amanita,Exidia,FALSE,0.99956125,0.0010259,BaselineCNN,test
data/processed/test\Amanita\439_fP_ozmLLhb8.jpg,Amanita,Agaricus,FALSE,0.947406828,0.0010162,BaselineCNN,test
data/processed/test\Amanita\451_V0quFnk9NFA.jpg,Amanita,Russula,FALSE,0.475752562,0.0009969,BaselineCNN,test
data/processed/test\Amanita\455_noEYaXjdZno.jpg,Amanita,Amanita,TRUE,0.960571766,0.001331,BaselineCNN,test
data/processed/test\Amanita\458_5BlPufQsqww.jpg,Amanita,Cortinarius,FALSE,0.756219387,0.0008947,BaselineCNN,test
data/processed/test\Amanita\466_wUxyOxsT5Xc.jpg,Amanita,Russula,FALSE,0.462607354,0.0010362,BaselineCNN,test
data/processed/test\Amanita\470_Qn8LOp2zdbk.jpg,Amanita,Russula,FALSE,0.697570562,0.0007614,BaselineCNN,test
data/processed/test\Amanita\488_c9nCQvJtUrI.jpg,Amanita,Exidia,FALSE,0.658635557,0.0007697,BaselineCNN,test
data/processed/test\Amanita\490_GiCnvGBmknM.jpg,Amanita,Russula,FALSE,0.970444977,0.0009115,BaselineCNN,test
data/processed/test\Amanita\500_goYWhHd_SfA.jpg,Amanita,Lactarius,FALSE,0.422194004,0.0007403,BaselineCNN,test
data/processed/test\Amanita\520_7tXL64TQTpg.jpg,Amanita,Boletus,FALSE,0.858104825,0.000969,BaselineCNN,test
data/processed/test\Amanita\537_5FMMhBffQ9Y.jpg,Amanita,Inocybe,FALSE,0.892282844,0.0013116,BaselineCNN,test
data/processed/test\Amanita\538_EwaPkcP6eTM.jpg,Amanita,Amanita,TRUE,0.974593878,0.0008318,BaselineCNN,test
data/processed/test\Amanita\561_E5bsDlNUJ-Y.jpg,Amanita,Boletus,FALSE,0.742917359,0.0009802,BaselineCNN,test
data/processed/test\Amanita\571_l1hoa0Kgm0U.jpg,Amanita,Amanita,TRUE,0.788226187,0.0008968,BaselineCNN,test
data/processed/test\Amanita\577_XqZEGat0kl8.jpg,Amanita,Russula,FALSE,0.735452771,0.001015,BaselineCNN,test
data/processed/test\Amanita\579_PS9igVuOoHE.jpg,Amanita,Inocybe,FALSE,0.679347217,0.0007641,BaselineCNN,test
data/processed/test\Amanita\586_kLoafsSiyT8.jpg,Amanita,Cortinarius,FALSE,0.881244421,0.0008241,BaselineCNN,test
data/processed/test\Amanita\587_4e3oJGC88kg.jpg,Amanita,Amanita,TRUE,0.989467204,0.0008553,BaselineCNN,test
data/processed/test\Amanita\588_bh0TgHuuQ-g.jpg,Amanita,Amanita,TRUE,0.979522228,0.0010139,BaselineCNN,test
data/processed/test\Amanita\589_AnaL5Wx-reY.jpg,Amanita,Amanita,TRUE,0.841250122,0.0008529,BaselineCNN,test
data/processed/test\Amanita\596_TzXaLH4_GW0.jpg,Amanita,Agaricus,FALSE,0.916523695,0.0013971,BaselineCNN,test
data/processed/test\Amanita\597_t_LN8-XruiI.jpg,Amanita,Amanita,TRUE,0.961982965,0.001132,BaselineCNN,test
data/processed/test\Amanita\600_jgKLD8sC_v4.jpg,Amanita,Cortinarius,FALSE,0.980359614,0.0009853,BaselineCNN,test
data/processed/test\Amanita\620_JDQSDCTyXyg.jpg,Amanita,Amanita,TRUE,0.826307476,0.0008872,BaselineCNN,test
data/processed/test\Amanita\646_zBDcRvL_RyM.jpg,Amanita,Entoloma,FALSE,0.563206792,0.0014495,BaselineCNN,test
data/processed/test\Amanita\654_vhjqe9X5eec.jpg,Amanita,Boletus,FALSE,0.367618144,0.000845,BaselineCNN,test
data/processed/test\Amanita\664_AXOuF6j3tyo.jpg,Amanita,Russula,FALSE,0.462854594,0.0008237,BaselineCNN,test
data/processed/test\Amanita\665_PrGfCOsVu8Y.jpg,Amanita,Russula,FALSE,0.701447546,0.0008192,BaselineCNN,test
data/processed/test\Amanita\679_cIMzCCYdG38.jpg,Amanita,Exidia,FALSE,0.995254159,0.0007508,BaselineCNN,test
data/processed/test\Amanita\682_B3EZBbmcFBE.jpg,Amanita,Lactarius,FALSE,0.866541445,0.0009632,BaselineCNN,test
data/processed/test\Amanita\702_sR0HQkA_gkA.jpg,Amanita,Agaricus,FALSE,0.952050328,0.0008495,BaselineCNN,test
data/processed/test\Amanita\713_znBkCzCEi-g.jpg,Amanita,Russula,FALSE,0.968293667,0.0008259,BaselineCNN,test
data/processed/test\Amanita\717_vlDmzuYG5og.jpg,Amanita,Exidia,FALSE,0.96021533,0.0008473,BaselineCNN,test
data/processed/test\Amanita\739_t_b-1IKUbgE.jpg,Amanita,Cortinarius,FALSE,0.715274215,0.0008602,BaselineCNN,test
data/processed/test\Amanita\742_j3CNLlK7ISo.jpg,Amanita,Amanita,TRUE,0.780040026,0.0011105,BaselineCNN,test
data/processed/test\Amanita\746_Dh_6IpygI6I.jpg,Amanita,Cortinarius,FALSE,0.458171606,0.0010875,BaselineCNN,test
data/processed/test\Amanita\754_rDpMYIR-sFE.jpg,Amanita,Lactarius,FALSE,0.996148705,0.0012562,BaselineCNN,test
data/processed/test\Amanita\756_w-xhasvBIT0.jpg,Amanita,Lactarius,FALSE,0.680371284,0.0008873,BaselineCNN,test
data/processed/test\Amanita\773_3H-0yRwiu6Y.jpg,Amanita,Russula,FALSE,0.481068075,0.001149,BaselineCNN,test
data/processed/test\Amanita\787_V5x9WHxsoqE.jpg,Amanita,Russula,FALSE,0.54516077,0.0008964,BaselineCNN,test
data/processed/test\Boletus\0009_2hEUS66s6Gw.jpg,Boletus,Boletus,TRUE,0.787227213,0.0009667,BaselineCNN,test
data/processed/test\Boletus\0010_7M6YHrGZ3aM.jpg,Boletus,Boletus,TRUE,0.877126694,0.0007507,BaselineCNN,test
data/processed/test\Boletus\0023_JAAEdifq1MY.jpg,Boletus,Lactarius,FALSE,0.883057833,0.0009992,BaselineCNN,test
data/processed/test\Boletus\0032_Sl_iMoAAJyU.jpg,Boletus,Boletus,TRUE,0.999997258,0.0012634,BaselineCNN,test
data/processed/test\Boletus\0048_wGU2ETPlfqY.jpg,Boletus,Boletus,TRUE,0.999881744,0.0012632,BaselineCNN,test
data/processed/test\Boletus\0051_rBIC-Uy9KzI.jpg,Boletus,Russula,FALSE,0.80371809,0.0009775,BaselineCNN,test
data/processed/test\Boletus\0058_djB8UbX-XaU.jpg,Boletus,Boletus,TRUE,0.795936584,0.0008566,BaselineCNN,test
data/processed/test\Boletus\0060_ph1tt9Qik4Q.jpg,Boletus,Russula,FALSE,0.56475246,0.0009321,BaselineCNN,test
data/processed/test\Boletus\0074_-d_w6u6G7wA.jpg,Boletus,Cortinarius,FALSE,0.557839692,0.000975,BaselineCNN,test
data/processed/test\Boletus\0076_yMZR41Idcn0.jpg,Boletus,Amanita,FALSE,0.995982766,0.0008825,BaselineCNN,test
data/processed/test\Boletus\0081_Jy-UUrFwLMA.jpg,Boletus,Amanita,FALSE,0.987311959,0.0010082,BaselineCNN,test
data/processed/test\Boletus\0090_PCyZBE7zH28.jpg,Boletus,Inocybe,FALSE,0.851351559,0.0007735,BaselineCNN,test
data/processed/test\Boletus\0100_Um24DDdxtxY.jpg,Boletus,Amanita,FALSE,0.625543773,0.001165,BaselineCNN,test
data/processed/test\Boletus\0110_A_F3PAXmwBw.jpg,Boletus,Boletus,TRUE,0.99998033,0.0007397,BaselineCNN,test
data/processed/test\Boletus\0142_osp5FSuBFx4.jpg,Boletus,Boletus,TRUE,0.999652982,0.0010354,BaselineCNN,test
data/processed/test\Boletus\0148_GWuEw2WeFCY.jpg,Boletus,Boletus,TRUE,0.993786931,0.0008507,BaselineCNN,test
data/processed/test\Boletus\0151_8qA6XqDaO10.jpg,Boletus,Inocybe,FALSE,0.43044731,0.001117,BaselineCNN,test
data/processed/test\Boletus\0155_cfBPq0uvW7U.jpg,Boletus,Boletus,TRUE,0.457947135,0.0010051,BaselineCNN,test
data/processed/test\Boletus\0163_288vPbTy0u0.jpg,Boletus,Boletus,TRUE,0.994210958,0.0008448,BaselineCNN,test
data/processed/test\Boletus\0166_JjEOuNKkeSM.jpg,Boletus,Russula,FALSE,0.42138499,0.0008743,BaselineCNN,test
data/processed/test\Boletus\0176_J7Pq7LRCag0.jpg,Boletus,Boletus,TRUE,0.87152648,0.000888,BaselineCNN,test
data/processed/test\Boletus\0181_WPxAHfkr5nY.jpg,Boletus,Boletus,TRUE,0.984695137,0.0007885,BaselineCNN,test
data/processed/test\Boletus\0186_8hd4Jt8Z_XU.jpg,Boletus,Boletus,TRUE,0.902133167,0.0012917,BaselineCNN,test
data/processed/test\Boletus\0187__pRX2ASfyHE.jpg,Boletus,Boletus,TRUE,0.994655609,0.0010336,BaselineCNN,test
data/processed/test\Boletus\0196_uqGMdVItBRg.jpg,Boletus,Boletus,TRUE,0.998905063,0.0008704,BaselineCNN,test
data/processed/test\Boletus\0203_9fok2txolHA.jpg,Boletus,Lactarius,FALSE,0.662339866,0.0036107,BaselineCNN,test
data/processed/test\Boletus\0205_qoM5hQot18c.jpg,Boletus,Amanita,FALSE,0.831286192,0.0011986,BaselineCNN,test
data/processed/test\Boletus\0206_TyUG66hONcc.jpg,Boletus,Cortinarius,FALSE,0.987799525,0.0011109,BaselineCNN,test
data/processed/test\Boletus\0207_oXbD8i2vkVg.jpg,Boletus,Boletus,TRUE,0.872209013,0.0010842,BaselineCNN,test
data/processed/test\Boletus\0227_j49x_C5p-CU.jpg,Boletus,Boletus,TRUE,0.999668002,0.0010363,BaselineCNN,test
data/processed/test\Boletus\0238_qz-FM7SB6M0.jpg,Boletus,Boletus,TRUE,0.999999881,0.0010245,BaselineCNN,test
data/processed/test\Boletus\0240_VJBB4bFGy00.jpg,Boletus,Russula,FALSE,0.709877253,0.0009958,BaselineCNN,test
data/processed/test\Boletus\0245_M167aLbLgs8.jpg,Boletus,Boletus,TRUE,0.99119848,0.0012627,BaselineCNN,test
data/processed/test\Boletus\0249_50wVqwSNvhw.jpg,Boletus,Amanita,FALSE,0.799940109,0.0008062,BaselineCNN,test
data/processed/test\Boletus\0253_g1jTDCR3Zu4.jpg,Boletus,Boletus,TRUE,0.78197515,0.0008447,BaselineCNN,test
data/processed/test\Boletus\0259_RjpNYKf3Zag.jpg,Boletus,Inocybe,FALSE,0.457701176,0.0011007,BaselineCNN,test
data/processed/test\Boletus\0261_Dag-SrdgNL4.jpg,Boletus,Boletus,TRUE,0.999999404,0.0008067,BaselineCNN,test
data/processed/test\Boletus\0263_nUgkvTMYYa4.jpg,Boletus,Boletus,TRUE,0.995364666,0.0008029,BaselineCNN,test
data/processed/test\Boletus\0264_47xi69ImS58.jpg,Boletus,Boletus,TRUE,0.999613822,0.0009273,BaselineCNN,test
data/processed/test\Boletus\0285_5r1D03ayo_A.jpg,Boletus,Boletus,TRUE,0.986947656,0.0012308,BaselineCNN,test
data/processed/test\Boletus\0297_Q4fwdJ_9PxA.jpg,Boletus,Boletus,TRUE,0.999995828,0.0008848,BaselineCNN,test
data/processed/test\Boletus\0298_01Q7PUhybdQ.jpg,Boletus,Russula,FALSE,0.916784525,0.0008056,BaselineCNN,test
data/processed/test\Boletus\0299_Ue9AxhqQqyc.jpg,Boletus,Boletus,TRUE,1,0.0008643,BaselineCNN,test
data/processed/test\Boletus\0304_7bLIdSVgaIM.jpg,Boletus,Boletus,TRUE,0.998726666,0.0012286,BaselineCNN,test
data/processed/test\Boletus\0306_64D0ZnNktPM.jpg,Boletus,Boletus,TRUE,0.999986529,0.0011091,BaselineCNN,test
data/processed/test\Boletus\0310__tra6Lo5W9Q.jpg,Boletus,Boletus,TRUE,0.999640346,0.0009353,BaselineCNN,test
data/processed/test\Boletus\0313_UMgAL-_294g.jpg,Boletus,Boletus,TRUE,0.803488016,0.0010709,BaselineCNN,test
data/processed/test\Boletus\0315_TZK9JOYNO7Q.jpg,Boletus,Boletus,TRUE,0.999999046,0.000876,BaselineCNN,test
data/processed/test\Boletus\0320_Fj4PirBfkK0.jpg,Boletus,Boletus,TRUE,0.998396814,0.000839,BaselineCNN,test
data/processed/test\Boletus\0336__FEoILXRJaU.jpg,Boletus,Lactarius,FALSE,0.933239996,0.0008606,BaselineCNN,test
data/processed/test\Boletus\0344_3nzDfs3jlQQ.jpg,Boletus,Boletus,TRUE,0.999986529,0.0010054,BaselineCNN,test
data/processed/test\Boletus\0358_MmNt3oIzcU8.jpg,Boletus,Boletus,TRUE,0.996445,0.0007516,BaselineCNN,test
data/processed/test\Boletus\0365_w3QgqqeP-C8.jpg,Boletus,Cortinarius,FALSE,0.72288543,0.000884,BaselineCNN,test
data/processed/test\Boletus\0372_EVEx-OOzR1U.jpg,Boletus,Boletus,TRUE,0.997635722,0.0008782,BaselineCNN,test
data/processed/test\Boletus\0388_M54uL5T9TkM.jpg,Boletus,Boletus,TRUE,0.94043535,0.0008618,BaselineCNN,test
data/processed/test\Boletus\0391_s9Ag92abtK8.jpg,Boletus,Boletus,TRUE,0.999981165,0.0009774,BaselineCNN,test
data/processed/test\Boletus\0395_jZFg843mP4g.jpg,Boletus,Boletus,TRUE,0.982459545,0.0009877,BaselineCNN,test
data/processed/test\Boletus\0396_SY7PYfYNq88.jpg,Boletus,Boletus,TRUE,0.99995172,0.0009613,BaselineCNN,test
data/processed/test\Boletus\0398_5b-zJ94MXQk.jpg,Boletus,Boletus,TRUE,0.999994636,0.0007805,BaselineCNN,test
data/processed/test\Boletus\0410_jhaHnXdb-IM.jpg,Boletus,Boletus,TRUE,0.992868066,0.0011536,BaselineCNN,test
data/processed/test\Boletus\0426_LWjQTfRMiXo.jpg,Boletus,Boletus,TRUE,0.987088501,0.0010978,BaselineCNN,test
data/processed/test\Boletus\0439_O6QzBvZavTM.jpg,Boletus,Boletus,TRUE,0.967960298,0.0010374,BaselineCNN,test
data/processed/test\Boletus\0446_xHS1WNA5GOs.jpg,Boletus,Inocybe,FALSE,0.561941504,0.0011073,BaselineCNN,test
data/processed/test\Boletus\0457_lZNPtp0I8xY.jpg,Boletus,Boletus,TRUE,0.942248046,0.0008434,BaselineCNN,test
data/processed/test\Boletus\0471_lxzgCXnZUlM.jpg,Boletus,Lactarius,FALSE,0.600657225,0.0008301,BaselineCNN,test
data/processed/test\Boletus\0473_x9mm3RQN3OQ.jpg,Boletus,Russula,FALSE,0.326277196,0.001018,BaselineCNN,test
data/processed/test\Boletus\0476_qTLS2LtmH20.jpg,Boletus,Lactarius,FALSE,0.847956896,0.0009279,BaselineCNN,test
data/processed/test\Boletus\0478_IqIYZ5z8ZaA.jpg,Boletus,Boletus,TRUE,0.850007296,0.0007607,BaselineCNN,test
data/processed/test\Boletus\0482_bwKqTN52ZY0.jpg,Boletus,Russula,FALSE,0.972627759,0.0009008,BaselineCNN,test
data/processed/test\Boletus\0485_2M-1Jj2XXfU.jpg,Boletus,Boletus,TRUE,0.999969959,0.0012738,BaselineCNN,test
data/processed/test\Boletus\0487_V0mcOZZWsYc.jpg,Boletus,Boletus,TRUE,0.999998808,0.0008968,BaselineCNN,test
data/processed/test\Boletus\0496_oW-MXvWIdeg.jpg,Boletus,Boletus,TRUE,0.939474344,0.0008932,BaselineCNN,test
data/processed/test\Boletus\0501_RcynfiUwksM.jpg,Boletus,Boletus,TRUE,0.73546946,0.0008376,BaselineCNN,test
data/processed/test\Boletus\0515_fH8FRrp-Rc4.jpg,Boletus,Lactarius,FALSE,0.991244197,0.0014276,BaselineCNN,test
data/processed/test\Boletus\0516_jSgZvx-y_IA.jpg,Boletus,Boletus,TRUE,0.99998796,0.0008364,BaselineCNN,test
data/processed/test\Boletus\0551_xiALBJABq4k.jpg,Boletus,Boletus,TRUE,0.984500527,0.0008245,BaselineCNN,test
data/processed/test\Boletus\0552_Sm0FWjXpCUA.jpg,Boletus,Boletus,TRUE,0.942170978,0.0008771,BaselineCNN,test
data/processed/test\Boletus\0569_DpPGoGLCmxw.jpg,Boletus,Russula,FALSE,0.999924302,0.0007656,BaselineCNN,test
data/processed/test\Boletus\0590_U1iXqaOG__4.jpg,Boletus,Boletus,TRUE,0.999969959,0.0010436,BaselineCNN,test
data/processed/test\Boletus\0596_1eBgViXIxTo.jpg,Boletus,Boletus,TRUE,0.838629663,0.0009427,BaselineCNN,test
data/processed/test\Boletus\0599_KA0H3vejy08.jpg,Boletus,Boletus,TRUE,0.914124727,0.0009056,BaselineCNN,test
data/processed/test\Boletus\0608_iR5VKlchysc.jpg,Boletus,Boletus,TRUE,0.999999166,0.0007832,BaselineCNN,test
data/processed/test\Boletus\0612_8lQr8TbwImc.jpg,Boletus,Lactarius,FALSE,0.74690479,0.0008996,BaselineCNN,test
data/processed/test\Boletus\0624_RmlDHXvJUeU.jpg,Boletus,Boletus,TRUE,0.999711931,0.0011546,BaselineCNN,test
data/processed/test\Boletus\0631_PJXNFQZc7n8.jpg,Boletus,Boletus,TRUE,0.996168077,0.0009187,BaselineCNN,test
data/processed/test\Boletus\0632_Rc_3hYDbYqU.jpg,Boletus,Lactarius,FALSE,0.62517035,0.0008318,BaselineCNN,test
data/processed/test\Boletus\0635_-J_6XTsYZMA.jpg,Boletus,Boletus,TRUE,0.618919849,0.0010688,BaselineCNN,test
data/processed/test\Boletus\0645_l3ki0s-WOCU.jpg,Boletus,Cortinarius,FALSE,0.320683599,0.0010037,BaselineCNN,test
data/processed/test\Boletus\0646_X-9LZJb_Mm8.jpg,Boletus,Lactarius,FALSE,0.539241672,0.0008381,BaselineCNN,test
data/processed/test\Boletus\0654_S0ZETeWMBPU.jpg,Boletus,Hygrocybe,FALSE,0.561132848,0.0009692,BaselineCNN,test
data/processed/test\Boletus\0659_r1c48yLOmjA.jpg,Boletus,Boletus,TRUE,0.952206969,0.0009935,BaselineCNN,test
data/processed/test\Boletus\0662_zLAxc0c9R_M.jpg,Boletus,Boletus,TRUE,0.989010155,0.0015602,BaselineCNN,test
data/processed/test\Boletus\0664_aAvZIRDPNUI.jpg,Boletus,Boletus,TRUE,0.560660958,0.0010837,BaselineCNN,test
data/processed/test\Boletus\0665_oAzt25TNZeQ.jpg,Boletus,Inocybe,FALSE,0.851969719,0.0014796,BaselineCNN,test
data/processed/test\Boletus\0670_K_TCbzxFUGM.jpg,Boletus,Boletus,TRUE,0.999955773,0.0007794,BaselineCNN,test
data/processed/test\Boletus\0684_vMnFJrCY0pg.jpg,Boletus,Boletus,TRUE,0.218380883,0.0007348,BaselineCNN,test
data/processed/test\Boletus\0686_HDMT9DDObck.jpg,Boletus,Lactarius,FALSE,0.99950695,0.0008065,BaselineCNN,test
data/processed/test\Boletus\0687_OAh8DHQ9Ejw.jpg,Boletus,Boletus,TRUE,0.999947429,0.0013803,BaselineCNN,test
data/processed/test\Boletus\0691_aeOqhuNhZUo.jpg,Boletus,Boletus,TRUE,0.989535391,0.0011258,BaselineCNN,test
data/processed/test\Boletus\0694_ZGhTNFYpRF0.jpg,Boletus,Lactarius,FALSE,0.984797657,0.0008734,BaselineCNN,test
data/processed/test\Boletus\0705_zAx-31wgOX8.jpg,Boletus,Lactarius,FALSE,0.96365279,0.0009604,BaselineCNN,test
data/processed/test\Boletus\0706_O2coJ1bHNyI.jpg,Boletus,Cortinarius,FALSE,0.344701737,0.0010195,BaselineCNN,test
data/processed/test\Boletus\0710_3W2LVW3vahA.jpg,Boletus,Boletus,TRUE,0.997310042,0.000832,BaselineCNN,test
data/processed/test\Boletus\0711_BeW-0Vt9hao.jpg,Boletus,Cortinarius,FALSE,0.350985557,0.0013144,BaselineCNN,test
data/processed/test\Boletus\0712_KcW299HdxJQ.jpg,Boletus,Cortinarius,FALSE,0.999051154,0.0007843,BaselineCNN,test
data/processed/test\Boletus\0715_bpAousgaNak.jpg,Boletus,Cortinarius,FALSE,0.985180974,0.0008793,BaselineCNN,test
data/processed/test\Boletus\0720_5nsuj2jRfF0.jpg,Boletus,Lactarius,FALSE,0.455165684,0.0009091,BaselineCNN,test
data/processed/test\Boletus\0731_6DJ6_aa-bZg.jpg,Boletus,Cortinarius,FALSE,0.64179194,0.0007752,BaselineCNN,test
data/processed/test\Boletus\0754_zPtZnfibMT4.jpg,Boletus,Cortinarius,FALSE,0.335804045,0.0009989,BaselineCNN,test
data/processed/test\Boletus\0778_UbEygYYDhi4.jpg,Boletus,Inocybe,FALSE,0.947351813,0.0007506,BaselineCNN,test
data/processed/test\Boletus\0779_x10CHNm1XGs.jpg,Boletus,Boletus,TRUE,0.803528786,0.000928,BaselineCNN,test
data/processed/test\Boletus\0789_HeUlbr2dIsk.jpg,Boletus,Lactarius,FALSE,0.905496657,0.0015624,BaselineCNN,test
data/processed/test\Boletus\0790_pju1fCrxSyw.jpg,Boletus,Amanita,FALSE,0.592028677,0.0009077,BaselineCNN,test
data/processed/test\Boletus\0795_O2Z0CQUcDhg.jpg,Boletus,Lactarius,FALSE,0.454693913,0.0009261,BaselineCNN,test
data/processed/test\Boletus\0797_6dpBNM8twyA.jpg,Boletus,Hygrocybe,FALSE,0.954265714,0.000822,BaselineCNN,test
data/processed/test\Boletus\0801_ulyFq_UWWzM.jpg,Boletus,Cortinarius,FALSE,0.596610129,0.0007951,BaselineCNN,test
data/processed/test\Boletus\0802_MWtsI0EKttw.jpg,Boletus,Boletus,TRUE,0.999808371,0.0010578,BaselineCNN,test
data/processed/test\Boletus\0807_Iqw2hN_b0s8.jpg,Boletus,Lactarius,FALSE,0.995873034,0.0008747,BaselineCNN,test
data/processed/test\Boletus\0811_7t2BE3xOyek.jpg,Boletus,Lactarius,FALSE,0.619316101,0.0008271,BaselineCNN,test
data/processed/test\Boletus\0813_mXb_8YjMI_8.jpg,Boletus,Amanita,FALSE,0.924862683,0.0009141,BaselineCNN,test
data/processed/test\Boletus\0829_dHV6v4tZvMk.jpg,Boletus,Boletus,TRUE,0.923805475,0.0007986,BaselineCNN,test
data/processed/test\Boletus\0832_XCzDV_JY6_M.jpg,Boletus,Boletus,TRUE,0.999980211,0.0009413,BaselineCNN,test
data/processed/test\Boletus\0833_lwqKJywKCCc.jpg,Boletus,Boletus,TRUE,0.999998808,0.0007558,BaselineCNN,test
data/processed/test\Boletus\0836_FkYdaUI06h0.jpg,Boletus,Cortinarius,FALSE,0.9059816,0.0015934,BaselineCNN,test
data/processed/test\Boletus\0839__L3OdEzm-GA.jpg,Boletus,Boletus,TRUE,0.999920964,0.0008646,BaselineCNN,test
data/processed/test\Boletus\0841_7XAXHIAG0d8.jpg,Boletus,Lactarius,FALSE,0.373871803,0.0011579,BaselineCNN,test
data/processed/test\Boletus\0857_lvu1iJAnbvg.jpg,Boletus,Boletus,TRUE,0.282877594,0.0010416,BaselineCNN,test
data/processed/test\Boletus\0859_z4K-tiR_PP0.jpg,Boletus,Cortinarius,FALSE,0.970452607,0.000756,BaselineCNN,test
data/processed/test\Boletus\0867_ExxTC0iGbxI.jpg,Boletus,Boletus,TRUE,0.384328306,0.0010058,BaselineCNN,test
data/processed/test\Boletus\0870_BxgSujm7-C8.jpg,Boletus,Lactarius,FALSE,0.943429291,0.0010004,BaselineCNN,test
data/processed/test\Boletus\0876_Sizxg8ymXLI.jpg,Boletus,Russula,FALSE,0.361177832,0.0007989,BaselineCNN,test
data/processed/test\Boletus\0883_LcmFTebwKmA.jpg,Boletus,Boletus,TRUE,0.638878822,0.0010452,BaselineCNN,test
data/processed/test\Boletus\0891_9qHx98xefUQ.jpg,Boletus,Boletus,TRUE,0.999919891,0.0009173,BaselineCNN,test
data/processed/test\Boletus\0904_qppYGFqfqYg.jpg,Boletus,Boletus,TRUE,0.622626126,0.0010346,BaselineCNN,test
data/processed/test\Boletus\0907_JUjr6H_B0Xo.jpg,Boletus,Lactarius,FALSE,0.612526238,0.0008758,BaselineCNN,test
data/processed/test\Boletus\0910_gk8EFVec-aU.jpg,Boletus,Boletus,TRUE,0.567473114,0.0008336,BaselineCNN,test
data/processed/test\Boletus\0920_Mj9Gr-R_eJg.jpg,Boletus,Boletus,TRUE,0.998534799,0.0013159,BaselineCNN,test
data/processed/test\Boletus\0927_GeTz3gpfOCA.jpg,Boletus,Russula,FALSE,0.929317713,0.0008965,BaselineCNN,test
data/processed/test\Boletus\0939_Uu9bT1-H4ZE.jpg,Boletus,Cortinarius,FALSE,0.929821193,0.0010816,BaselineCNN,test
data/processed/test\Boletus\0941_CD55o3j2ACk.jpg,Boletus,Russula,FALSE,0.589961827,0.000875,BaselineCNN,test
data/processed/test\Boletus\0943_7_qx73pcT5M.jpg,Boletus,Boletus,TRUE,0.979599595,0.001271,BaselineCNN,test
data/processed/test\Boletus\0944_uchnyCbCU8o.jpg,Boletus,Amanita,FALSE,0.715443313,0.0008758,BaselineCNN,test
data/processed/test\Boletus\0951_12IsIr7KDL0.jpg,Boletus,Boletus,TRUE,1,0.000887,BaselineCNN,test
data/processed/test\Boletus\0953_JtmTQxMa4yM.jpg,Boletus,Inocybe,FALSE,0.49462229,0.0011952,BaselineCNN,test
data/processed/test\Boletus\0954_UdQ21bvT_YM.jpg,Boletus,Entoloma,FALSE,0.484385878,0.0009347,BaselineCNN,test
data/processed/test\Boletus\0974_ZIsylb_w8NE.jpg,Boletus,Boletus,TRUE,0.923264861,0.0009317,BaselineCNN,test
data/processed/test\Boletus\0981_Q5GmJS_vei8.jpg,Boletus,Boletus,TRUE,0.991790295,0.0010534,BaselineCNN,test
data/processed/test\Boletus\0987_JvKLOKW8WFA.jpg,Boletus,Boletus,TRUE,0.988676548,0.0008953,BaselineCNN,test
data/processed/test\Boletus\0988_R0RNuJ8IqBI.jpg,Boletus,Cortinarius,FALSE,0.995213628,0.0008949,BaselineCNN,test
data/processed/test\Boletus\1021_SyO8BpGSVjw.jpg,Boletus,Russula,FALSE,0.631335437,0.0010498,BaselineCNN,test
data/processed/test\Boletus\1032_tYL581WPzXU.jpg,Boletus,Boletus,TRUE,0.999817431,0.001018,BaselineCNN,test
data/processed/test\Boletus\1036_4kWl9z7sQIY.jpg,Boletus,Inocybe,FALSE,0.582026958,0.001011,BaselineCNN,test
data/processed/test\Boletus\1040_i_rg9l4rqjw.jpg,Boletus,Boletus,TRUE,0.999845028,0.0010033,BaselineCNN,test
data/processed/test\Boletus\1051_Q0ltVKrZhcQ.jpg,Boletus,Boletus,TRUE,0.999977827,0.0010332,BaselineCNN,test
data/processed/test\Boletus\1055_1FFlybCSCAU.jpg,Boletus,Boletus,TRUE,0.895913959,0.0008414,BaselineCNN,test
data/processed/test\Boletus\1057_Y7n8VqlTW3g.jpg,Boletus,Boletus,TRUE,0.996515751,0.0009808,BaselineCNN,test
data/processed/test\Boletus\1065_eMY4Zsr_msU.jpg,Boletus,Russula,FALSE,0.554898202,0.0011517,BaselineCNN,test
data/processed/test\Boletus\1077_JAOBSnuV9zc.jpg,Boletus,Cortinarius,FALSE,0.549037874,0.0007927,BaselineCNN,test
data/processed/test\Boletus\1081_S9BZwG4wmiU.jpg,Boletus,Boletus,TRUE,0.837826252,0.0008523,BaselineCNN,test
data/processed/test\Boletus\1086_9A85NgFJxzc.jpg,Boletus,Boletus,TRUE,0.998770416,0.0011965,BaselineCNN,test
data/processed/test\Boletus\1087_POSIDmOc7AE.jpg,Boletus,Boletus,TRUE,0.99994421,0.000874,BaselineCNN,test
data/processed/test\Boletus\1095_fb3O6d7sRfw.jpg,Boletus,Cortinarius,FALSE,0.917727172,0.0009365,BaselineCNN,test
data/processed/test\Cortinarius\032_RaRNWCMOeJY.jpg,Cortinarius,Hygrocybe,FALSE,0.841200113,0.0010136,BaselineCNN,test
data/processed/test\Cortinarius\034_uFEs0KR55hA.jpg,Cortinarius,Cortinarius,TRUE,0.450175166,0.0008059,BaselineCNN,test
data/processed/test\Cortinarius\047_a4t7zntIs3E.jpg,Cortinarius,Russula,FALSE,0.771739721,0.0008322,BaselineCNN,test
data/processed/test\Cortinarius\051_BcBgKIXkPFY.jpg,Cortinarius,Lactarius,FALSE,0.961832225,0.0011308,BaselineCNN,test
data/processed/test\Cortinarius\062_lU35GQ80D6k.jpg,Cortinarius,Exidia,FALSE,0.611749053,0.0011919,BaselineCNN,test
data/processed/test\Cortinarius\068_eKtLmKWRhYQ.jpg,Cortinarius,Cortinarius,TRUE,0.763773859,0.0008785,BaselineCNN,test
data/processed/test\Cortinarius\074_QZm5I2faj7M.jpg,Cortinarius,Cortinarius,TRUE,0.92516458,0.0007427,BaselineCNN,test
data/processed/test\Cortinarius\082_igjSlbVXbAs.jpg,Cortinarius,Cortinarius,TRUE,0.939457655,0.0008515,BaselineCNN,test
data/processed/test\Cortinarius\083_Fx67B3DmN3Y.jpg,Cortinarius,Cortinarius,TRUE,0.995986164,0.0007484,BaselineCNN,test
data/processed/test\Cortinarius\089_pSC0tp3Vin8.jpg,Cortinarius,Inocybe,FALSE,0.409046501,0.0007259,BaselineCNN,test
data/processed/test\Cortinarius\092_TIq_EZUYHvE.jpg,Cortinarius,Cortinarius,TRUE,0.532577932,0.0007873,BaselineCNN,test
data/processed/test\Cortinarius\098_9sdVyNK9pSI.jpg,Cortinarius,Cortinarius,TRUE,0.811065197,0.0012026,BaselineCNN,test
data/processed/test\Cortinarius\106_zDyFzio3OcI.jpg,Cortinarius,Cortinarius,TRUE,0.857097447,0.0011409,BaselineCNN,test
data/processed/test\Cortinarius\120_6i3qL8_7_cU.jpg,Cortinarius,Cortinarius,TRUE,0.433084339,0.0009149,BaselineCNN,test
data/processed/test\Cortinarius\139_Sa-XUtLlV4s.jpg,Cortinarius,Boletus,FALSE,0.660811365,0.0009874,BaselineCNN,test
data/processed/test\Cortinarius\142_UT29eeWW32A.jpg,Cortinarius,Boletus,FALSE,0.545138299,0.0011933,BaselineCNN,test
data/processed/test\Cortinarius\143_SrOlFvP1n9w.jpg,Cortinarius,Boletus,FALSE,0.64350903,0.0008559,BaselineCNN,test
data/processed/test\Cortinarius\146_N9FJKoJghDQ.jpg,Cortinarius,Boletus,FALSE,0.648259759,0.0009992,BaselineCNN,test
data/processed/test\Cortinarius\147_gh5SUGxwpmg.jpg,Cortinarius,Cortinarius,TRUE,0.934059381,0.0008981,BaselineCNN,test
data/processed/test\Cortinarius\148_NRYh_CNOe0Q.jpg,Cortinarius,Agaricus,FALSE,0.979374945,0.0008544,BaselineCNN,test
data/processed/test\Cortinarius\162_vx8DyMaDNbY.jpg,Cortinarius,Cortinarius,TRUE,0.729854047,0.0007926,BaselineCNN,test
data/processed/test\Cortinarius\172_RQpuklei93E.jpg,Cortinarius,Russula,FALSE,0.999838352,0.0009173,BaselineCNN,test
data/processed/test\Cortinarius\173_OBw2ytszKxo.jpg,Cortinarius,Cortinarius,TRUE,0.982409954,0.0009358,BaselineCNN,test
data/processed/test\Cortinarius\178_xHtAXzZPN-s.jpg,Cortinarius,Boletus,FALSE,0.997177839,0.0009847,BaselineCNN,test
data/processed/test\Cortinarius\182_kJh0aAaK590.jpg,Cortinarius,Boletus,FALSE,0.999809086,0.000917,BaselineCNN,test
data/processed/test\Cortinarius\185_OXwIsNfGrwY.jpg,Cortinarius,Boletus,FALSE,0.66182667,0.0008322,BaselineCNN,test
data/processed/test\Cortinarius\192_TskFa7fOkRc.jpg,Cortinarius,Cortinarius,TRUE,0.977942765,0.0008142,BaselineCNN,test
data/processed/test\Cortinarius\195_lD8h4PCMaUY.jpg,Cortinarius,Russula,FALSE,0.524584115,0.0009,BaselineCNN,test
data/processed/test\Cortinarius\207_zmoZZTV0lLI.jpg,Cortinarius,Cortinarius,TRUE,0.990262628,0.000914,BaselineCNN,test
data/processed/test\Cortinarius\224_mLlKvEsrEcA.jpg,Cortinarius,Russula,FALSE,0.434785277,0.0011459,BaselineCNN,test
data/processed/test\Cortinarius\232_jKdR7Qgq_BY.jpg,Cortinarius,Cortinarius,TRUE,0.956543684,0.0009498,BaselineCNN,test
data/processed/test\Cortinarius\240_aJldHbs2JsE.jpg,Cortinarius,Cortinarius,TRUE,0.553811729,0.0013347,BaselineCNN,test
data/processed/test\Cortinarius\256_TpoM3eWkf6g.jpg,Cortinarius,Lactarius,FALSE,0.876710951,0.0012523,BaselineCNN,test
data/processed/test\Cortinarius\274_RW-zkr4BQmM.jpg,Cortinarius,Entoloma,FALSE,0.864474416,0.0011701,BaselineCNN,test
data/processed/test\Cortinarius\277_2vcjLHvzssg.jpg,Cortinarius,Suillus,FALSE,0.58822304,0.0008869,BaselineCNN,test
data/processed/test\Cortinarius\285_ALSLuAGLn64.jpg,Cortinarius,Russula,FALSE,0.623676002,0.0011491,BaselineCNN,test
data/processed/test\Cortinarius\301_BY2YjnDmmdc.jpg,Cortinarius,Inocybe,FALSE,0.845399618,0.0008913,BaselineCNN,test
data/processed/test\Cortinarius\312_Kv_3xHcyVUE.jpg,Cortinarius,Boletus,FALSE,0.983283877,0.0008445,BaselineCNN,test
data/processed/test\Cortinarius\321_EgWJ7bpjCxM.jpg,Cortinarius,Cortinarius,TRUE,0.395302713,0.0010022,BaselineCNN,test
data/processed/test\Cortinarius\328_qxWZEmWaodk.jpg,Cortinarius,Lactarius,FALSE,0.440466613,0.0007605,BaselineCNN,test
data/processed/test\Cortinarius\337_ohrbRKjnZkA.jpg,Cortinarius,Russula,FALSE,0.970140636,0.0008354,BaselineCNN,test
data/processed/test\Cortinarius\342_3kBE30sLBPk.jpg,Cortinarius,Cortinarius,TRUE,0.348798662,0.0013144,BaselineCNN,test
data/processed/test\Cortinarius\343_YY4qxL--3lE.jpg,Cortinarius,Cortinarius,TRUE,0.955353558,0.0014759,BaselineCNN,test
data/processed/test\Cortinarius\344_AKEJiWrKVfA.jpg,Cortinarius,Exidia,FALSE,0.979158998,0.0007273,BaselineCNN,test
data/processed/test\Cortinarius\349_BG4jbNRDzCI.jpg,Cortinarius,Boletus,FALSE,0.889298916,0.0007822,BaselineCNN,test
data/processed/test\Cortinarius\353_qyVEsJs6eu8.jpg,Cortinarius,Cortinarius,TRUE,0.873856306,0.001091,BaselineCNN,test
data/processed/test\Cortinarius\358_L8mvKvlrYDA.jpg,Cortinarius,Agaricus,FALSE,0.524992883,0.0011252,BaselineCNN,test
data/processed/test\Cortinarius\360_QL0VQlt8Ke0.jpg,Cortinarius,Amanita,FALSE,0.785142958,0.0010417,BaselineCNN,test
data/processed/test\Cortinarius\364_Xsj2f0KiCAk.jpg,Cortinarius,Russula,FALSE,0.681640565,0.0009654,BaselineCNN,test
data/processed/test\Cortinarius\381_IHHdqt43Ivk.jpg,Cortinarius,Agaricus,FALSE,0.544335186,0.0008873,BaselineCNN,test
data/processed/test\Cortinarius\384_NCKsip2esZ4.jpg,Cortinarius,Russula,FALSE,0.858340681,0.0009603,BaselineCNN,test
data/processed/test\Cortinarius\388_JTEy9_rTlno.jpg,Cortinarius,Russula,FALSE,0.576929212,0.0008896,BaselineCNN,test
data/processed/test\Cortinarius\389_D8kTQu4sbro.jpg,Cortinarius,Entoloma,FALSE,0.976581752,0.0010071,BaselineCNN,test
data/processed/test\Cortinarius\390_iQUMBiY-0qs.jpg,Cortinarius,Lactarius,FALSE,0.997937858,0.0008202,BaselineCNN,test
data/processed/test\Cortinarius\418_YUu8Eth7vC0.jpg,Cortinarius,Inocybe,FALSE,0.495940894,0.001011,BaselineCNN,test
data/processed/test\Cortinarius\448_uo51r2lHNAw.jpg,Cortinarius,Lactarius,FALSE,0.914067626,0.0007695,BaselineCNN,test
data/processed/test\Cortinarius\449_VlvWf0y620o.jpg,Cortinarius,Exidia,FALSE,0.97366029,0.0008313,BaselineCNN,test
data/processed/test\Cortinarius\456_KDbq8QQJpF8.jpg,Cortinarius,Cortinarius,TRUE,0.51234889,0.0008375,BaselineCNN,test
data/processed/test\Cortinarius\460_-PS3Pqhfj28.jpg,Cortinarius,Cortinarius,TRUE,0.992304742,0.0010258,BaselineCNN,test
data/processed/test\Cortinarius\461_FcGRZ9NIyZM.jpg,Cortinarius,Exidia,FALSE,0.998575807,0.0008838,BaselineCNN,test
data/processed/test\Cortinarius\466_M2i1qdSiRz4.jpg,Cortinarius,Cortinarius,TRUE,0.99239105,0.0008292,BaselineCNN,test
data/processed/test\Cortinarius\467_LUja4xjFPG8.jpg,Cortinarius,Cortinarius,TRUE,0.977707624,0.0009164,BaselineCNN,test
data/processed/test\Cortinarius\488_UhQdy3jXkc0.jpg,Cortinarius,Amanita,FALSE,0.798321426,0.0008578,BaselineCNN,test
data/processed/test\Cortinarius\496_KX8TxkeLLa4.jpg,Cortinarius,Cortinarius,TRUE,0.999894977,0.0009949,BaselineCNN,test
data/processed/test\Cortinarius\509_M0Gd8axTrw4.jpg,Cortinarius,Russula,FALSE,0.973252356,0.0008626,BaselineCNN,test
data/processed/test\Cortinarius\514_tv4keuWfvWE.jpg,Cortinarius,Russula,FALSE,0.942894518,0.0007751,BaselineCNN,test
data/processed/test\Cortinarius\530_sEUUp5boweI.jpg,Cortinarius,Cortinarius,TRUE,0.964666545,0.0008324,BaselineCNN,test
data/processed/test\Cortinarius\532_oIJibw1tz4Y.jpg,Cortinarius,Hygrocybe,FALSE,0.977161407,0.000904,BaselineCNN,test
data/processed/test\Cortinarius\533_pNuBhaHhEmU.jpg,Cortinarius,Cortinarius,TRUE,0.999966621,0.0009858,BaselineCNN,test
data/processed/test\Cortinarius\547_fKznDHbWCkk.jpg,Cortinarius,Inocybe,FALSE,0.956616342,0.001024,BaselineCNN,test
data/processed/test\Cortinarius\551_APFbJ2vPcGw.jpg,Cortinarius,Cortinarius,TRUE,0.996386051,0.0010333,BaselineCNN,test
data/processed/test\Cortinarius\552_z4MK9UiOMoc.jpg,Cortinarius,Russula,FALSE,0.495697588,0.0008221,BaselineCNN,test
data/processed/test\Cortinarius\567_6O0QVMS6LE4.jpg,Cortinarius,Inocybe,FALSE,0.5446679,0.0009635,BaselineCNN,test
data/processed/test\Cortinarius\574_xXwqpgn5Fls.jpg,Cortinarius,Russula,FALSE,0.833629012,0.0009172,BaselineCNN,test
data/processed/test\Cortinarius\589_rgxUeggTwRk.jpg,Cortinarius,Russula,FALSE,0.998974085,0.0008519,BaselineCNN,test
data/processed/test\Cortinarius\592_ZR3yzj9H31I.jpg,Cortinarius,Inocybe,FALSE,0.97200352,0.0008117,BaselineCNN,test
data/processed/test\Cortinarius\593_VEBcqScsSLw.jpg,Cortinarius,Russula,FALSE,0.983397424,0.0007661,BaselineCNN,test
data/processed/test\Cortinarius\595_DUgPrK3WFJ0.jpg,Cortinarius,Lactarius,FALSE,0.685550451,0.0008851,BaselineCNN,test
data/processed/test\Cortinarius\604_55_Sj5HXI6U.jpg,Cortinarius,Russula,FALSE,0.915043354,0.0009926,BaselineCNN,test
data/processed/test\Cortinarius\613_RZSh0QPwcnw.jpg,Cortinarius,Inocybe,FALSE,0.924827397,0.0008039,BaselineCNN,test
data/processed/test\Cortinarius\627_JqtzXHRtbPY.jpg,Cortinarius,Agaricus,FALSE,0.55097127,0.0007445,BaselineCNN,test
data/processed/test\Cortinarius\634_3P_z4FJuvrc.jpg,Cortinarius,Boletus,FALSE,0.996632755,0.000875,BaselineCNN,test
data/processed/test\Cortinarius\648_rFy8BK5tQS4.jpg,Cortinarius,Boletus,FALSE,0.841592252,0.0009268,BaselineCNN,test
data/processed/test\Cortinarius\651_YsGS-o5hPUk.jpg,Cortinarius,Russula,FALSE,0.677586913,0.000811,BaselineCNN,test
data/processed/test\Cortinarius\660_qqPWIG-_atg.jpg,Cortinarius,Inocybe,FALSE,0.353162557,0.0007948,BaselineCNN,test
data/processed/test\Cortinarius\663_vqeZWWsm7AU.jpg,Cortinarius,Russula,FALSE,0.755763352,0.0007806,BaselineCNN,test
data/processed/test\Cortinarius\665_CnMbFwJ4A3g.jpg,Cortinarius,Inocybe,FALSE,0.9227947,0.0007441,BaselineCNN,test
data/processed/test\Cortinarius\670_VEDFNxOmJjk.jpg,Cortinarius,Boletus,FALSE,0.718649328,0.0008357,BaselineCNN,test
data/processed/test\Cortinarius\677_jZl6bME7gYc.jpg,Cortinarius,Suillus,FALSE,0.930104434,0.0008827,BaselineCNN,test
data/processed/test\Cortinarius\684_4Yz2wW3J4Vs.jpg,Cortinarius,Boletus,FALSE,0.735432148,0.0007964,BaselineCNN,test
data/processed/test\Cortinarius\698_hDYmajbNTyc.jpg,Cortinarius,Hygrocybe,FALSE,0.516885221,0.0008224,BaselineCNN,test
data/processed/test\Cortinarius\700_T0ARJ9bwVM0.jpg,Cortinarius,Amanita,FALSE,0.70515269,0.0012267,BaselineCNN,test
data/processed/test\Cortinarius\706_neOW0Q7auww.jpg,Cortinarius,Cortinarius,TRUE,0.397020638,0.0009175,BaselineCNN,test
data/processed/test\Cortinarius\710_9SgH3X4RwDc.jpg,Cortinarius,Cortinarius,TRUE,0.994768143,0.0008353,BaselineCNN,test
data/processed/test\Cortinarius\713_0K-WK89enpQ.jpg,Cortinarius,Cortinarius,TRUE,0.715661168,0.0014833,BaselineCNN,test
data/processed/test\Cortinarius\722_hYmaZTUMKvM.jpg,Cortinarius,Cortinarius,TRUE,0.990497112,0.0008411,BaselineCNN,test
data/processed/test\Cortinarius\723_z2zuRWlePHw.jpg,Cortinarius,Cortinarius,TRUE,0.655701339,0.0007719,BaselineCNN,test
data/processed/test\Cortinarius\726_SPq8J7DiHAU.jpg,Cortinarius,Suillus,FALSE,0.445111841,0.0008339,BaselineCNN,test
data/processed/test\Cortinarius\734_gSi3maWDcms.jpg,Cortinarius,Russula,FALSE,0.934670746,0.0008759,BaselineCNN,test
data/processed/test\Cortinarius\739_1fnqQJpMA1w.jpg,Cortinarius,Lactarius,FALSE,0.612883687,0.0012735,BaselineCNN,test
data/processed/test\Cortinarius\740_6uQUZGPJDtc.jpg,Cortinarius,Entoloma,FALSE,0.514329255,0.0007994,BaselineCNN,test
data/processed/test\Cortinarius\741_I2jWMQKljH8.jpg,Cortinarius,Agaricus,FALSE,0.828337193,0.0012004,BaselineCNN,test
data/processed/test\Cortinarius\743_x_gCsSdhOPU.jpg,Cortinarius,Cortinarius,TRUE,0.934433639,0.0008501,BaselineCNN,test
data/processed/test\Cortinarius\754_pGoceyCfMP8.jpg,Cortinarius,Cortinarius,TRUE,0.960689723,0.0010106,BaselineCNN,test
data/processed/test\Cortinarius\766_vIHHxNTloEA.jpg,Cortinarius,Amanita,FALSE,0.762105167,0.0008397,BaselineCNN,test
data/processed/test\Cortinarius\791_2-YR9WlEhSA.jpg,Cortinarius,Cortinarius,TRUE,0.546046734,0.0008836,BaselineCNN,test
data/processed/test\Cortinarius\796_738i150K_pQ.jpg,Cortinarius,Cortinarius,TRUE,0.891244769,0.0010709,BaselineCNN,test
data/processed/test\Cortinarius\800_DyXP5vXb0mQ.jpg,Cortinarius,Cortinarius,TRUE,0.998881638,0.0014272,BaselineCNN,test
data/processed/test\Cortinarius\819_ELx6VT8tmKM.jpg,Cortinarius,Cortinarius,TRUE,0.444755852,0.0007546,BaselineCNN,test
data/processed/test\Cortinarius\825_nn-gRPOKNNQ.jpg,Cortinarius,Cortinarius,TRUE,0.45250234,0.0007552,BaselineCNN,test
data/processed/test\Cortinarius\835_znWNJNTUlcg.jpg,Cortinarius,Lactarius,FALSE,0.927693665,0.001044,BaselineCNN,test
data/processed/test\Cortinarius\838_phOn4HpRGFU.jpg,Cortinarius,Suillus,FALSE,0.924764276,0.001263,BaselineCNN,test
data/processed/test\Cortinarius\839_QCI2KoxuEus.jpg,Cortinarius,Lactarius,FALSE,0.55079782,0.0009902,BaselineCNN,test
data/processed/test\Cortinarius\880_2blQSwj_qqg.jpg,Cortinarius,Boletus,FALSE,0.760254025,0.0013268,BaselineCNN,test
data/processed/test\Cortinarius\896_zisCBTibqYs.jpg,Cortinarius,Inocybe,FALSE,0.533871353,0.00129,BaselineCNN,test
data/processed/test\Cortinarius\897_K54fKEI54-0.jpg,Cortinarius,Cortinarius,TRUE,0.998476565,0.0009317,BaselineCNN,test
data/processed/test\Cortinarius\909_6AiLKcfk2jI.jpg,Cortinarius,Russula,FALSE,0.934743106,0.0012026,BaselineCNN,test
data/processed/test\Cortinarius\910_q20nsdIX9Zo.jpg,Cortinarius,Lactarius,FALSE,0.593555152,0.0007331,BaselineCNN,test
data/processed/test\Cortinarius\918_LWJyWIIRFwE.jpg,Cortinarius,Inocybe,FALSE,0.297036499,0.0009133,BaselineCNN,test
data/processed/test\Cortinarius\927_MThMyEFu3p4.jpg,Cortinarius,Russula,FALSE,0.540168822,0.000838,BaselineCNN,test
data/processed/test\Cortinarius\930_rg7s0lc2xZ4.jpg,Cortinarius,Cortinarius,TRUE,0.896506608,0.0008337,BaselineCNN,test
data/processed/test\Cortinarius\932_wke3BS09elk.jpg,Cortinarius,Agaricus,FALSE,0.526266038,0.001069,BaselineCNN,test
data/processed/test\Cortinarius\933_9KMU6_nR5hY.jpg,Cortinarius,Cortinarius,TRUE,0.472549975,0.0012131,BaselineCNN,test
data/processed/test\Cortinarius\938_c0WgxVOt3ug.jpg,Cortinarius,Cortinarius,TRUE,0.857548237,0.0008962,BaselineCNN,test
data/processed/test\Cortinarius\949_8OyiXJnNar8.jpg,Cortinarius,Lactarius,FALSE,0.992283046,0.0008515,BaselineCNN,test
data/processed/test\Cortinarius\950_HDskNFXm9xc.jpg,Cortinarius,Russula,FALSE,0.701644361,0.0010034,BaselineCNN,test
data/processed/test\Entoloma\008_AZvp1cwweLk.jpg,Entoloma,Entoloma,TRUE,0.491344571,0.0008912,BaselineCNN,test
data/processed/test\Entoloma\015_HkVmyyuf6D4.jpg,Entoloma,Cortinarius,FALSE,0.968022943,0.0008748,BaselineCNN,test
data/processed/test\Entoloma\016_ARE6YaRXCgc.jpg,Entoloma,Amanita,FALSE,0.377712458,0.0008252,BaselineCNN,test
data/processed/test\Entoloma\024_bN9lzk7miXk.jpg,Entoloma,Inocybe,FALSE,0.549511194,0.0008064,BaselineCNN,test
data/processed/test\Entoloma\028_ep6xNTtGRbM.jpg,Entoloma,Amanita,FALSE,0.822268248,0.0008838,BaselineCNN,test
data/processed/test\Entoloma\040_AaS7qJWOhTY.jpg,Entoloma,Russula,FALSE,0.790575981,0.000866,BaselineCNN,test
data/processed/test\Entoloma\041_8TLv6hZ7PQg.jpg,Entoloma,Agaricus,FALSE,0.882404268,0.0008749,BaselineCNN,test
data/processed/test\Entoloma\043_HA9oR2t5gx4.jpg,Entoloma,Lactarius,FALSE,0.962343752,0.0008715,BaselineCNN,test
data/processed/test\Entoloma\053_pGhgq2L9_f8.jpg,Entoloma,Lactarius,FALSE,0.731692076,0.0008892,BaselineCNN,test
data/processed/test\Entoloma\075_6zFJxFd4PFI.jpg,Entoloma,Agaricus,FALSE,0.68518877,0.0013768,BaselineCNN,test
data/processed/test\Entoloma\077_MiiSt18mhFg.jpg,Entoloma,Amanita,FALSE,0.635653615,0.0009199,BaselineCNN,test
data/processed/test\Entoloma\087_B8cy4l0fVCM.jpg,Entoloma,Entoloma,TRUE,0.627878368,0.0008187,BaselineCNN,test
data/processed/test\Entoloma\095_sc5K2sdc95k.jpg,Entoloma,Lactarius,FALSE,0.879521251,0.0008744,BaselineCNN,test
data/processed/test\Entoloma\100_DOEuA90u0n4.jpg,Entoloma,Lactarius,FALSE,0.567570806,0.001068,BaselineCNN,test
data/processed/test\Entoloma\112_tZybBnWnquU.jpg,Entoloma,Hygrocybe,FALSE,0.596497178,0.0012715,BaselineCNN,test
data/processed/test\Entoloma\114_hVYv8T9rAdI.jpg,Entoloma,Boletus,FALSE,0.514927506,0.0009268,BaselineCNN,test
data/processed/test\Entoloma\123_N1nBNk8zowc.jpg,Entoloma,Exidia,FALSE,0.998957396,0.0008101,BaselineCNN,test
data/processed/test\Entoloma\124_NgFCwyrvUBU.jpg,Entoloma,Entoloma,TRUE,0.928755999,0.000895,BaselineCNN,test
data/processed/test\Entoloma\125_H6KQJubz60Q.jpg,Entoloma,Russula,FALSE,0.672073424,0.0010926,BaselineCNN,test
data/processed/test\Entoloma\137_2wOQqIdze_Y.jpg,Entoloma,Hygrocybe,FALSE,0.919462442,0.000759,BaselineCNN,test
data/processed/test\Entoloma\154_HDT_he4bSpA.jpg,Entoloma,Russula,FALSE,0.622582674,0.0014806,BaselineCNN,test
data/processed/test\Entoloma\155_ab4GU9GVNl0.jpg,Entoloma,Entoloma,TRUE,0.999248564,0.0007216,BaselineCNN,test
data/processed/test\Entoloma\159_gzyo4cu2SF0.jpg,Entoloma,Russula,FALSE,0.386306286,0.0009941,BaselineCNN,test
data/processed/test\Entoloma\170_rgOUjNM_DM4.jpg,Entoloma,Inocybe,FALSE,0.674623668,0.000847,BaselineCNN,test
data/processed/test\Entoloma\178_j9A_u3GorWg.jpg,Entoloma,Cortinarius,FALSE,0.551187873,0.000898,BaselineCNN,test
data/processed/test\Entoloma\185_UK9hgsbXBR8.jpg,Entoloma,Amanita,FALSE,0.750154197,0.0008517,BaselineCNN,test
data/processed/test\Entoloma\187_m0UFCsyH-Bs.jpg,Entoloma,Boletus,FALSE,0.950456262,0.0011161,BaselineCNN,test
data/processed/test\Entoloma\192_Tf_A1Q4bdco.jpg,Entoloma,Russula,FALSE,0.765152454,0.0009744,BaselineCNN,test
data/processed/test\Entoloma\195_tEj9VvcKoc8.jpg,Entoloma,Exidia,FALSE,0.699809194,0.0010955,BaselineCNN,test
data/processed/test\Entoloma\202_FQWDsaZPytk.jpg,Entoloma,Cortinarius,FALSE,0.909099877,0.0008542,BaselineCNN,test
data/processed/test\Entoloma\213_xX7APSYep7c.jpg,Entoloma,Russula,FALSE,0.999547303,0.0009245,BaselineCNN,test
data/processed/test\Entoloma\217_MQnUltdhEsM.jpg,Entoloma,Cortinarius,FALSE,0.786320269,0.0007573,BaselineCNN,test
data/processed/test\Entoloma\221_aU7_BswojlM.jpg,Entoloma,Cortinarius,FALSE,0.886923254,0.001125,BaselineCNN,test
data/processed/test\Entoloma\225_3YNITN-NtWM.jpg,Entoloma,Amanita,FALSE,0.731341958,0.0008461,BaselineCNN,test
data/processed/test\Entoloma\244_5qYibVwYigY.jpg,Entoloma,Russula,FALSE,0.593705714,0.0011264,BaselineCNN,test
data/processed/test\Entoloma\247_ABBDuWCbqT0.jpg,Entoloma,Amanita,FALSE,0.80233705,0.0010506,BaselineCNN,test
data/processed/test\Entoloma\254_iO4rO5rmxLg.jpg,Entoloma,Cortinarius,FALSE,0.350781113,0.0009682,BaselineCNN,test
data/processed/test\Entoloma\269_YSsglwYAx0A.jpg,Entoloma,Russula,FALSE,0.811216652,0.0008354,BaselineCNN,test
data/processed/test\Entoloma\278_1UQ2eou4aVA.jpg,Entoloma,Entoloma,TRUE,0.999996662,0.0008198,BaselineCNN,test
data/processed/test\Entoloma\283_eWPMK-in8bA.jpg,Entoloma,Exidia,FALSE,0.699366808,0.0009124,BaselineCNN,test
data/processed/test\Entoloma\307_bs3Q880w3uI.jpg,Entoloma,Inocybe,FALSE,0.673368633,0.0008887,BaselineCNN,test
data/processed/test\Entoloma\309_QMD8y_m-X9w.jpg,Entoloma,Entoloma,TRUE,0.973748088,0.0008387,BaselineCNN,test
data/processed/test\Entoloma\315_x2hPqvpEIm4.jpg,Entoloma,Lactarius,FALSE,0.841591954,0.0007701,BaselineCNN,test
data/processed/test\Entoloma\321_GSSvivRkKSs.jpg,Entoloma,Lactarius,FALSE,0.629110754,0.0009844,BaselineCNN,test
data/processed/test\Entoloma\323_T1uKKhFKYQo.jpg,Entoloma,Russula,FALSE,0.967645824,0.0008446,BaselineCNN,test
data/processed/test\Entoloma\333_1jBot7MZWes.jpg,Entoloma,Cortinarius,FALSE,0.630915999,0.0009924,BaselineCNN,test
data/processed/test\Entoloma\337_CtXrNI3Aodw.jpg,Entoloma,Russula,FALSE,0.999477327,0.0010935,BaselineCNN,test
data/processed/test\Entoloma\344_uf0xKp6qwNQ.jpg,Entoloma,Exidia,FALSE,0.94696641,0.0011752,BaselineCNN,test
data/processed/test\Entoloma\349_PNzUfA1WO3M.jpg,Entoloma,Russula,FALSE,0.712540567,0.0009075,BaselineCNN,test
data/processed/test\Entoloma\372_hriIdsNQgxI.jpg,Entoloma,Cortinarius,FALSE,0.591380417,0.0009605,BaselineCNN,test
data/processed/test\Entoloma\380_OI9EjWusj9s.jpg,Entoloma,Entoloma,TRUE,0.959323227,0.0008764,BaselineCNN,test
data/processed/test\Entoloma\389_-8kqVUZsNtU.jpg,Entoloma,Cortinarius,FALSE,0.418265045,0.0008587,BaselineCNN,test
data/processed/test\Entoloma\391_u6_VQ5BQ3RQ.jpg,Entoloma,Russula,FALSE,0.475441754,0.0007348,BaselineCNN,test
data/processed/test\Entoloma\394_I1aghwHRxKQ.jpg,Entoloma,Lactarius,FALSE,0.985663414,0.0007284,BaselineCNN,test
data/processed/test\Entoloma\396_P8a-mnDratQ.jpg,Entoloma,Boletus,FALSE,0.938118637,0.0007897,BaselineCNN,test
data/processed/test\Entoloma\401_7lcXxESXcOc.jpg,Entoloma,Boletus,FALSE,0.424232274,0.000993,BaselineCNN,test
data/processed/test\Exidia\APE2016-9184941_SkxjRjQbBe.jpg,Exidia,Exidia,TRUE,0.998248816,0.0008047,BaselineCNN,test
data/processed/test\Exidia\APE2017-9186106_r1lnuhbbvl.jpg,Exidia,Exidia,TRUE,0.999938369,0.0008354,BaselineCNN,test
data/processed/test\Exidia\APE2017-9186594_S1gbav70Pg.jpg,Exidia,Exidia,TRUE,0.999954104,0.0009643,BaselineCNN,test
data/processed/test\Exidia\BEC2017-9186082_Bk5dpkxvg.jpg,Exidia,Exidia,TRUE,0.999998808,0.0008545,BaselineCNN,test
data/processed/test\Exidia\BEC2017-9186082_HkySBeewx.jpg,Exidia,Exidia,TRUE,0.999990582,0.0010237,BaselineCNN,test
data/processed/test\Exidia\BT2015PIC69830748.jpg,Exidia,Exidia,TRUE,0.639203012,0.0008302,BaselineCNN,test
data/processed/test\Exidia\BWP2010PIC21033449.jpg,Exidia,Russula,FALSE,0.655215502,0.0008591,BaselineCNN,test
data/processed/test\Exidia\BWP2010PIC26179585.jpg,Exidia,Exidia,TRUE,0.99933964,0.0010695,BaselineCNN,test
data/processed/test\Exidia\BWP2010PIC63422920.jpg,Exidia,Exidia,TRUE,0.99933964,0.0012591,BaselineCNN,test
data/processed/test\Exidia\BWP2012PIC72778365.jpg,Exidia,Exidia,TRUE,0.992026508,0.0008459,BaselineCNN,test
data/processed/test\Exidia\BWP2012PIC73866455.jpg,Exidia,Russula,FALSE,0.684370041,0.001278,BaselineCNN,test
data/processed/test\Exidia\DI2017-9188574_Hk1cP3Tix.jpg,Exidia,Exidia,TRUE,0.99974066,0.0014034,BaselineCNN,test
data/processed/test\Exidia\EAT2017-9188143_SkIXsq-ig.jpg,Exidia,Exidia,TRUE,1,0.000916,BaselineCNN,test
data/processed/test\Exidia\FA2009PIC34033903.jpg,Exidia,Entoloma,FALSE,0.866278946,0.0013468,BaselineCNN,test
data/processed/test\Exidia\FA2009PIC41674148.jpg,Exidia,Exidia,TRUE,0.802980125,0.00091,BaselineCNN,test
data/processed/test\Exidia\FDE2014PIC40274346.jpg,Exidia,Exidia,TRUE,0.644934833,0.0010712,BaselineCNN,test
data/processed/test\Exidia\FS2013PIC31639353.jpg,Exidia,Hygrocybe,FALSE,0.973561049,0.0010761,BaselineCNN,test
data/processed/test\Exidia\GLJ2012PIC77958863.jpg,Exidia,Amanita,FALSE,0.446848959,0.0008804,BaselineCNN,test
data/processed/test\Exidia\HM2012PIC53684895.jpg,Exidia,Boletus,FALSE,0.912386,0.0007983,BaselineCNN,test
data/processed/test\Exidia\JAH2010PIC83850018.jpg,Exidia,Cortinarius,FALSE,0.850191534,0.0014653,BaselineCNN,test
data/processed/test\Exidia\JAH2011PIC50778683.jpg,Exidia,Exidia,TRUE,0.527654231,0.0009521,BaselineCNN,test
data/processed/test\Exidia\JAH2012PIC31946080.jpg,Exidia,Russula,FALSE,0.892119527,0.0013846,BaselineCNN,test
data/processed/test\Exidia\JAH2012PIC42360712.jpg,Exidia,Exidia,TRUE,0.842771769,0.0009877,BaselineCNN,test
data/processed/test\Exidia\JAH2012PIC89993887.jpg,Exidia,Inocybe,FALSE,0.904181123,0.0008816,BaselineCNN,test
data/processed/test\Exidia\JAJ2017-9185700_rkbkFjfUx.jpg,Exidia,Inocybe,FALSE,0.604029894,0.0008351,BaselineCNN,test
data/processed/test\Exidia\JC2016-9184056_Byw5hr_Qx.jpg,Exidia,Exidia,TRUE,0.999989033,0.0009114,BaselineCNN,test
data/processed/test\Exidia\JCS2009PIC12309413.jpg,Exidia,Exidia,TRUE,0.999979973,0.0011259,BaselineCNN,test
data/processed/test\Exidia\JM2011PIC15975626.jpg,Exidia,Exidia,TRUE,0.798165977,0.0014049,BaselineCNN,test
data/processed/test\Exidia\JM2012PIC10429941.jpg,Exidia,Exidia,TRUE,0.936946452,0.0008968,BaselineCNN,test
data/processed/test\Exidia\JM2016-9182928_HydQkTeMe.jpg,Exidia,Exidia,TRUE,0.593308032,0.0008316,BaselineCNN,test
data/processed/test\Exidia\JMI2017-9225941_BkUTwno3Z.jpg,Exidia,Inocybe,FALSE,0.990225136,0.0007588,BaselineCNN,test
data/processed/test\Exidia\JO2011PIC61426163.jpg,Exidia,Boletus,FALSE,0.607194424,0.0009525,BaselineCNN,test
data/processed/test\Exidia\KMA2016-9182761_BJZkKzAWe.jpg,Exidia,Exidia,TRUE,0.986134708,0.0012998,BaselineCNN,test
data/processed/test\Exidia\KNI2009PIC40725553.jpg,Exidia,Exidia,TRUE,0.986008465,0.0008675,BaselineCNN,test
data/processed/test\Exidia\KNK2014PIC59831810.jpg,Exidia,Exidia,TRUE,0.999327302,0.000952,BaselineCNN,test
data/processed/test\Exidia\MC2017-9190790_r1lwUvc0e.jpg,Exidia,Exidia,TRUE,0.920588613,0.0007648,BaselineCNN,test
data/processed/test\Exidia\MFC2016-9180603_HJlPfl0lxe.jpg,Exidia,Exidia,TRUE,0.906714678,0.0007953,BaselineCNN,test
data/processed/test\Exidia\ML2009PIC13001963.jpg,Exidia,Agaricus,FALSE,0.716946781,0.0008361,BaselineCNN,test
data/processed/test\Exidia\ML2011PIC18007945.jpg,Exidia,Exidia,TRUE,0.999991655,0.0008708,BaselineCNN,test
data/processed/test\Exidia\ML2011PIC65179349.jpg,Exidia,Inocybe,FALSE,0.5329656,0.0008141,BaselineCNN,test
data/processed/test\Exidia\MMN2010PIC69549468.jpg,Exidia,Exidia,TRUE,0.973733842,0.0007587,BaselineCNN,test
data/processed/test\Exidia\MMN2012PIC61631279.jpg,Exidia,Exidia,TRUE,0.999999166,0.0012076,BaselineCNN,test
data/processed/test\Exidia\MSO2011PIC32526200.jpg,Exidia,Exidia,TRUE,0.513708711,0.0013571,BaselineCNN,test
data/processed/test\Exidia\MSO2012PIC15916968.jpg,Exidia,Exidia,TRUE,0.999992728,0.0008628,BaselineCNN,test
data/processed/test\Exidia\MSO2014PIC66151749.jpg,Exidia,Exidia,TRUE,0.969290555,0.0011028,BaselineCNN,test
data/processed/test\Exidia\MSO2015PIC74895293.jpg,Exidia,Boletus,FALSE,0.378564924,0.001245,BaselineCNN,test
data/processed/test\Exidia\MSO2016PIC23090222.jpg,Exidia,Exidia,TRUE,0.983403385,0.000923,BaselineCNN,test
data/processed/test\Exidia\NHE2016-9180599_Byki66lel.jpg,Exidia,Lactarius,FALSE,0.975007415,0.0010046,BaselineCNN,test
data/processed/test\Exidia\NVM2013PIC42485487.jpg,Exidia,Russula,FALSE,0.616661847,0.0009044,BaselineCNN,test
data/processed/test\Exidia\RSS2017-9188091_H1ey3FQyoe.jpg,Exidia,Inocybe,FALSE,0.669269204,0.0008743,BaselineCNN,test
data/processed/test\Exidia\TAK2013PIC32572675.jpg,Exidia,Exidia,TRUE,1,0.0008013,BaselineCNN,test
data/processed/test\Exidia\TIL2017-9190084_BJQTBLw6px.jpg,Exidia,Cortinarius,FALSE,0.842605352,0.0010269,BaselineCNN,test
data/processed/test\Exidia\TKH2012PIC10624779.jpg,Exidia,Exidia,TRUE,0.999620557,0.0008497,BaselineCNN,test
data/processed/test\Exidia\TKH2013PIC59849237.jpg,Exidia,Lactarius,FALSE,0.339286894,0.0010486,BaselineCNN,test
data/processed/test\Exidia\TKH2015PIC23528165.jpg,Exidia,Inocybe,FALSE,0.999942422,0.0008534,BaselineCNN,test
data/processed/test\Exidia\TL2015PIC58388718.jpg,Exidia,Exidia,TRUE,0.966596663,0.0009525,BaselineCNN,test
data/processed/test\Exidia\TL2015PIC80481245.jpg,Exidia,Agaricus,FALSE,0.673116624,0.0012081,BaselineCNN,test
data/processed/test\Exidia\TL2016-9182730_HykuO06Zg.jpg,Exidia,Boletus,FALSE,0.442557961,0.0008655,BaselineCNN,test
data/processed/test\Exidia\TOB2015PIC38267487.jpg,Exidia,Inocybe,FALSE,0.530917883,0.0008495,BaselineCNN,test
data/processed/test\Exidia\TOB2016-9184524_S10gErNNl.jpg,Exidia,Russula,FALSE,0.572221935,0.000866,BaselineCNN,test
data/processed/test\Exidia\TS2010PIC71382964.jpg,Exidia,Exidia,TRUE,0.999965191,0.0010705,BaselineCNN,test
data/processed/test\Exidia\TS2013PIC55827351.jpg,Exidia,Russula,FALSE,0.522983372,0.000887,BaselineCNN,test
data/processed/test\Exidia\TS2016PIC29053644.jpg,Exidia,Exidia,TRUE,0.999813259,0.0010463,BaselineCNN,test
data/processed/test\Exidia\TS2016PIC39839225.jpg,Exidia,Lactarius,FALSE,0.258198768,0.0012501,BaselineCNN,test
data/processed/test\Exidia\UFN2017-9192300_S1ZikyZeW.jpg,Exidia,Exidia,TRUE,0.999892116,0.0010001,BaselineCNN,test
data/processed/test\Exidia\UFN2017-9192376_BkicKxmgb.jpg,Exidia,Exidia,TRUE,0.999941826,0.0012183,BaselineCNN,test
data/processed/test\Hygrocybe\000_ZNTZP3tXkz8.jpg,Hygrocybe,Cortinarius,FALSE,0.941099823,0.0007431,BaselineCNN,test
data/processed/test\Hygrocybe\003_r_0kZgNW3Tc.jpg,Hygrocybe,Hygrocybe,TRUE,0.931713998,0.0008017,BaselineCNN,test
data/processed/test\Hygrocybe\004_uURYojZQbjQ.jpg,Hygrocybe,Cortinarius,FALSE,0.450016409,0.0010517,BaselineCNN,test
data/processed/test\Hygrocybe\012_LItejlRJ918.jpg,Hygrocybe,Cortinarius,FALSE,0.849153996,0.0007847,BaselineCNN,test
data/processed/test\Hygrocybe\022_NycgOWqKPEA.jpg,Hygrocybe,Boletus,FALSE,0.712975979,0.0009885,BaselineCNN,test
data/processed/test\Hygrocybe\030_AQ4o1Xm4AL0.jpg,Hygrocybe,Hygrocybe,TRUE,0.997083485,0.0008528,BaselineCNN,test
data/processed/test\Hygrocybe\032_DZ1xy6htm0M.jpg,Hygrocybe,Cortinarius,FALSE,0.561102033,0.0008574,BaselineCNN,test
data/processed/test\Hygrocybe\040_3txjJQ9iLYI.jpg,Hygrocybe,Hygrocybe,TRUE,0.999949932,0.0010639,BaselineCNN,test
data/processed/test\Hygrocybe\045_TJd-2TQFv10.jpg,Hygrocybe,Hygrocybe,TRUE,0.996927798,0.0008341,BaselineCNN,test
data/processed/test\Hygrocybe\049_XD-_-BeBBR4.jpg,Hygrocybe,Cortinarius,FALSE,0.548646629,0.001076,BaselineCNN,test
data/processed/test\Hygrocybe\050_ubNntQr-eWE.jpg,Hygrocybe,Hygrocybe,TRUE,0.999061406,0.0008588,BaselineCNN,test
data/processed/test\Hygrocybe\056_cGxyxb6UHGk.jpg,Hygrocybe,Lactarius,FALSE,0.420200706,0.0010692,BaselineCNN,test
data/processed/test\Hygrocybe\070_WNKPUMir-JY.jpg,Hygrocybe,Lactarius,FALSE,0.505721986,0.0009139,BaselineCNN,test
data/processed/test\Hygrocybe\072_G-fOGmTh3jY.jpg,Hygrocybe,Boletus,FALSE,0.952089489,0.001151,BaselineCNN,test
data/processed/test\Hygrocybe\076_HGEpcAdN9KE.jpg,Hygrocybe,Hygrocybe,TRUE,0.991052926,0.0007761,BaselineCNN,test
data/processed/test\Hygrocybe\081_puYZ4KzYSqs.jpg,Hygrocybe,Cortinarius,FALSE,0.526607931,0.0007755,BaselineCNN,test
data/processed/test\Hygrocybe\107_8A2HnEVmiKo.jpg,Hygrocybe,Boletus,FALSE,0.921124876,0.0008611,BaselineCNN,test
data/processed/test\Hygrocybe\112_qr7hsvuhJZ0.jpg,Hygrocybe,Hygrocybe,TRUE,0.988100052,0.0009327,BaselineCNN,test
data/processed/test\Hygrocybe\126_0gAqgiheOxI.jpg,Hygrocybe,Boletus,FALSE,0.261760533,0.0014203,BaselineCNN,test
data/processed/test\Hygrocybe\127_XCKEujZlVek.jpg,Hygrocybe,Lactarius,FALSE,0.66421169,0.000865,BaselineCNN,test
data/processed/test\Hygrocybe\129_j8zgmU7QMxU.jpg,Hygrocybe,Hygrocybe,TRUE,0.982118726,0.0008293,BaselineCNN,test
data/processed/test\Hygrocybe\132_tuQX6vBvZRk.jpg,Hygrocybe,Cortinarius,FALSE,0.978057563,0.000761,BaselineCNN,test
data/processed/test\Hygrocybe\133_3_ieL2NtOF0.jpg,Hygrocybe,Boletus,FALSE,0.99940455,0.0008096,BaselineCNN,test
data/processed/test\Hygrocybe\142_bhwsyvZtIY0.jpg,Hygrocybe,Lactarius,FALSE,0.851170599,0.0010409,BaselineCNN,test
data/processed/test\Hygrocybe\153_vIb6t4IHEzM.jpg,Hygrocybe,Hygrocybe,TRUE,0.993640602,0.000755,BaselineCNN,test
data/processed/test\Hygrocybe\159_Ymge5g1qpP4.jpg,Hygrocybe,Cortinarius,FALSE,0.763570249,0.0014756,BaselineCNN,test
data/processed/test\Hygrocybe\167_0dmBJfGHH8c.jpg,Hygrocybe,Hygrocybe,TRUE,0.997338712,0.0011205,BaselineCNN,test
data/processed/test\Hygrocybe\181_GCIMCymbYLk.jpg,Hygrocybe,Hygrocybe,TRUE,0.481963694,0.0009277,BaselineCNN,test
data/processed/test\Hygrocybe\188_5IJ0j3yYEyk.jpg,Hygrocybe,Russula,FALSE,0.904958725,0.0008767,BaselineCNN,test
data/processed/test\Hygrocybe\201_9i5OZWNQwG0.jpg,Hygrocybe,Cortinarius,FALSE,0.99799335,0.0008779,BaselineCNN,test
data/processed/test\Hygrocybe\203_Z33ahTENL0Q.jpg,Hygrocybe,Boletus,FALSE,0.434502423,0.0013122,BaselineCNN,test
data/processed/test\Hygrocybe\205_pVtK0sC_qAE.jpg,Hygrocybe,Hygrocybe,TRUE,0.998545408,0.0008065,BaselineCNN,test
data/processed/test\Hygrocybe\216_jDgNLEnykyU.jpg,Hygrocybe,Amanita,FALSE,0.273439884,0.0011881,BaselineCNN,test
data/processed/test\Hygrocybe\225_KKCj-5wLqCA.jpg,Hygrocybe,Russula,FALSE,0.740537703,0.0008647,BaselineCNN,test
data/processed/test\Hygrocybe\227_L3z3XTxXk78.jpg,Hygrocybe,Russula,FALSE,0.859723449,0.0009915,BaselineCNN,test
data/processed/test\Hygrocybe\230_yk2KrQJOQS8.jpg,Hygrocybe,Amanita,FALSE,0.594693601,0.0010826,BaselineCNN,test
data/processed/test\Hygrocybe\240_7wFT2NzNJsA.jpg,Hygrocybe,Boletus,FALSE,0.85619235,0.0008582,BaselineCNN,test
data/processed/test\Hygrocybe\253_IgK1gMXB7S0.jpg,Hygrocybe,Russula,FALSE,0.751996875,0.0014611,BaselineCNN,test
data/processed/test\Hygrocybe\257_LPbsa5Oitj0.jpg,Hygrocybe,Russula,FALSE,0.995839596,0.0012387,BaselineCNN,test
data/processed/test\Hygrocybe\271_wkoF4DRryAY.jpg,Hygrocybe,Boletus,FALSE,0.808909059,0.0008421,BaselineCNN,test
data/processed/test\Hygrocybe\272_-uL1iUddkKE.jpg,Hygrocybe,Lactarius,FALSE,0.796644866,0.0012292,BaselineCNN,test
data/processed/test\Hygrocybe\279_qMPhGAtE9-E.jpg,Hygrocybe,Boletus,FALSE,0.534790695,0.0009747,BaselineCNN,test
data/processed/test\Hygrocybe\287_V13XWthHpss.jpg,Hygrocybe,Boletus,FALSE,0.722607076,0.001144,BaselineCNN,test
data/processed/test\Hygrocybe\292_RJnjsciXCNM.jpg,Hygrocybe,Lactarius,FALSE,0.905012131,0.0012192,BaselineCNN,test
data/processed/test\Hygrocybe\299_VBHrsAmQC-E.jpg,Hygrocybe,Amanita,FALSE,0.60855478,0.0007696,BaselineCNN,test
data/processed/test\Hygrocybe\301_vp5CIThqt4k.jpg,Hygrocybe,Suillus,FALSE,0.893514037,0.0008354,BaselineCNN,test
data/processed/test\Hygrocybe\314_tDtKkHcGxRM.jpg,Hygrocybe,Hygrocybe,TRUE,0.74636066,0.0009046,BaselineCNN,test
data/processed/test\Hygrocybe\325_rro3hIu1Nqw.jpg,Hygrocybe,Inocybe,FALSE,0.434225768,0.0008184,BaselineCNN,test
data/processed/test\Inocybe\AE2013PIC74694917.jpg,Inocybe,Inocybe,TRUE,0.643272042,0.0008037,BaselineCNN,test
data/processed/test\Inocybe\AE2015PIC76548267.jpg,Inocybe,Boletus,FALSE,0.822068512,0.0008085,BaselineCNN,test
data/processed/test\Inocybe\AS2010PIC58249290.jpg,Inocybe,Amanita,FALSE,0.945235074,0.0010879,BaselineCNN,test
data/processed/test\Inocybe\AS2017-9214269_rygo0WejZ.jpg,Inocybe,Exidia,FALSE,0.328638434,0.0008788,BaselineCNN,test
data/processed/test\Inocybe\BWP2010PIC63790785.jpg,Inocybe,Amanita,FALSE,0.949269891,0.0014968,BaselineCNN,test
data/processed/test\Inocybe\BWP2011PIC57986404.jpg,Inocybe,Inocybe,TRUE,1,0.0009488,BaselineCNN,test
data/processed/test\Inocybe\BWP2013PIC14438171.jpg,Inocybe,Russula,FALSE,0.934827149,0.000765,BaselineCNN,test
data/processed/test\Inocybe\BWP2015PIC54111483.jpg,Inocybe,Exidia,FALSE,0.984388947,0.0008339,BaselineCNN,test
data/processed/test\Inocybe\BWP2015PIC66105035.jpg,Inocybe,Entoloma,FALSE,0.696726859,0.000878,BaselineCNN,test
data/processed/test\Inocybe\BWP2016-9169400_r1cjMF0O.jpg,Inocybe,Agaricus,FALSE,0.4479056,0.0016736,BaselineCNN,test
data/processed/test\Inocybe\BWP2016-9169400_ryGAfY0u.jpg,Inocybe,Russula,FALSE,0.985812664,0.0008525,BaselineCNN,test
data/processed/test\Inocybe\CL2011PIC55659604.jpg,Inocybe,Inocybe,TRUE,0.422786772,0.0008889,BaselineCNN,test
data/processed/test\Inocybe\DB2013PIC33800138.jpg,Inocybe,Inocybe,TRUE,0.990858376,0.0009907,BaselineCNN,test
data/processed/test\Inocybe\DB2013PIC42730442.jpg,Inocybe,Cortinarius,FALSE,0.997192442,0.0009635,BaselineCNN,test
data/processed/test\Inocybe\DB2013PIC57804056.jpg,Inocybe,Cortinarius,FALSE,0.931831777,0.0007407,BaselineCNN,test
data/processed/test\Inocybe\DB2013PIC89729265.jpg,Inocybe,Entoloma,FALSE,0.554440856,0.0007805,BaselineCNN,test
data/processed/test\Inocybe\EAT2012PIC64084765.jpg,Inocybe,Cortinarius,FALSE,0.760052562,0.0010757,BaselineCNN,test
data/processed/test\Inocybe\EAT2012PIC84850246.jpg,Inocybe,Cortinarius,FALSE,0.951812506,0.0010098,BaselineCNN,test
data/processed/test\Inocybe\EAT2013PIC54191345.jpg,Inocybe,Lactarius,FALSE,0.402684599,0.0009417,BaselineCNN,test
data/processed/test\Inocybe\EAT2014PIC42270599.jpg,Inocybe,Inocybe,TRUE,0.685744703,0.0008305,BaselineCNN,test
data/processed/test\Inocybe\EAT2015PIC87367583.jpg,Inocybe,Russula,FALSE,0.942874253,0.0010009,BaselineCNN,test
data/processed/test\Inocybe\EAT2015PIC89289492.jpg,Inocybe,Entoloma,FALSE,0.556970119,0.0012139,BaselineCNN,test
data/processed/test\Inocybe\EAT2017-9208647_BJQtzKntb.jpg,Inocybe,Lactarius,FALSE,0.518597484,0.0009854,BaselineCNN,test
data/processed/test\Inocybe\FDE2011PIC86172261.jpg,Inocybe,Boletus,FALSE,0.449028373,0.0007857,BaselineCNN,test
data/processed/test\Inocybe\FDE2012PIC64061850.jpg,Inocybe,Cortinarius,FALSE,0.983754098,0.0010858,BaselineCNN,test
data/processed/test\Inocybe\FS2012PIC59633008.jpg,Inocybe,Amanita,FALSE,0.56468761,0.000912,BaselineCNN,test
data/processed/test\Inocybe\JAH2014PIC52290371.jpg,Inocybe,Russula,FALSE,0.861329734,0.0008876,BaselineCNN,test
data/processed/test\Inocybe\JCS2009PIC20338594.jpg,Inocybe,Cortinarius,FALSE,0.905097783,0.0010174,BaselineCNN,test
data/processed/test\Inocybe\JCS2013PIC22587806.jpg,Inocybe,Inocybe,TRUE,0.98945719,0.0010064,BaselineCNN,test
data/processed/test\Inocybe\JCS2013PIC43012548.jpg,Inocybe,Inocybe,TRUE,0.635976255,0.000986,BaselineCNN,test
data/processed/test\Inocybe\JCS2013PIC83427178.jpg,Inocybe,Entoloma,FALSE,0.70372802,0.0009397,BaselineCNN,test
data/processed/test\Inocybe\JHC2017-9196021_r1DJCAiXW.jpg,Inocybe,Agaricus,FALSE,0.381984591,0.0009751,BaselineCNN,test
data/processed/test\Inocybe\JHC2017-9201118_B1VmZiXPZ.jpg,Inocybe,Inocybe,TRUE,0.993146718,0.0008252,BaselineCNN,test
data/processed/test\Inocybe\JHC2017-9207705_H16Z0hStW.jpg,Inocybe,Agaricus,FALSE,0.91007638,0.0009665,BaselineCNN,test
data/processed/test\Inocybe\JM2012PIC76798409.jpg,Inocybe,Cortinarius,FALSE,0.762479722,0.000849,BaselineCNN,test
data/processed/test\Inocybe\JM2014PIC65927854.jpg,Inocybe,Cortinarius,FALSE,0.471410573,0.0007824,BaselineCNN,test
data/processed/test\Inocybe\JM2017-9200086_HkgcxFo28W.jpg,Inocybe,Russula,FALSE,0.596315861,0.0007849,BaselineCNN,test
data/processed/test\Inocybe\JM2017-9200086_rkceKj2LZ.jpg,Inocybe,Russula,FALSE,0.559603214,0.0007584,BaselineCNN,test
data/processed/test\Inocybe\JM2017-9202674_ByodB43P-.jpg,Inocybe,Agaricus,FALSE,0.947291672,0.0009481,BaselineCNN,test
data/processed/test\Inocybe\KNI2015PIC36175674.jpg,Inocybe,Russula,FALSE,0.880524874,0.0009212,BaselineCNN,test
data/processed/test\Inocybe\LDJ2009PIC30690154.jpg,Inocybe,Agaricus,FALSE,0.861698329,0.0009371,BaselineCNN,test
data/processed/test\Inocybe\MACH2016-9178188_S1cpNX6A.jpg,Inocybe,Inocybe,TRUE,0.525825381,0.0009047,BaselineCNN,test
data/processed/test\Inocybe\MAV2010PIC78400496.jpg,Inocybe,Lactarius,FALSE,0.366518348,0.0008972,BaselineCNN,test
data/processed/test\Inocybe\MAV2011PIC87756495.jpg,Inocybe,Amanita,FALSE,0.760194898,0.0008659,BaselineCNN,test
data/processed/test\Inocybe\MAV2013PIC41670341.jpg,Inocybe,Inocybe,TRUE,0.629403412,0.0008734,BaselineCNN,test
data/processed/test\Inocybe\ML2012PIC15959384.jpg,Inocybe,Inocybe,TRUE,0.500299335,0.0013879,BaselineCNN,test
data/processed/test\Inocybe\MMN2010PIC77085274.jpg,Inocybe,Agaricus,FALSE,0.961213112,0.0015064,BaselineCNN,test
data/processed/test\Inocybe\MS2009PIC48014779.jpg,Inocybe,Inocybe,TRUE,0.595084548,0.0009851,BaselineCNN,test
data/processed/test\Inocybe\MS2009PIC76598275.jpg,Inocybe,Russula,FALSE,0.999953866,0.0008309,BaselineCNN,test
data/processed/test\Inocybe\MSO2012PIC41953814.jpg,Inocybe,Cortinarius,FALSE,0.333776414,0.0008163,BaselineCNN,test
data/processed/test\Inocybe\OBL2011PIC48076248.jpg,Inocybe,Inocybe,TRUE,0.808467925,0.0010394,BaselineCNN,test
data/processed/test\Inocybe\OBL2012PIC16913624.jpg,Inocybe,Inocybe,TRUE,0.987015367,0.000894,BaselineCNN,test
data/processed/test\Inocybe\PEL2017-9195655_B1Yl9j8mb.jpg,Inocybe,Russula,FALSE,0.907731175,0.0008234,BaselineCNN,test
data/processed/test\Inocybe\PETRA2017-9197483_rkgT7fMH-.jpg,Inocybe,Amanita,FALSE,0.413547188,0.0007735,BaselineCNN,test
data/processed/test\Inocybe\PL2011PIC79270766.jpg,Inocybe,Inocybe,TRUE,0.931961715,0.0009375,BaselineCNN,test
data/processed/test\Inocybe\PTP2016-9171214_SyeyOS_pq.jpg,Inocybe,Inocybe,TRUE,0.913435102,0.0011081,BaselineCNN,test
data/processed/test\Inocybe\RE2010PIC60585326.jpg,Inocybe,Hygrocybe,FALSE,0.822542787,0.0008417,BaselineCNN,test
data/processed/test\Inocybe\RE2012PIC39126061.jpg,Inocybe,Boletus,FALSE,0.998721182,0.0012438,BaselineCNN,test
data/processed/test\Inocybe\RE2012PIC69020667.jpg,Inocybe,Lactarius,FALSE,0.471722484,0.00117,BaselineCNN,test
data/processed/test\Inocybe\SL2013PIC12810247.jpg,Inocybe,Exidia,FALSE,0.997215509,0.0007574,BaselineCNN,test
data/processed/test\Inocybe\TAK2012PIC72845888.jpg,Inocybe,Amanita,FALSE,0.396535158,0.0009277,BaselineCNN,test
data/processed/test\Inocybe\TAK2013PIC38129211.jpg,Inocybe,Russula,FALSE,0.501731694,0.0008059,BaselineCNN,test
data/processed/test\Inocybe\TAK2014PIC74058257.jpg,Inocybe,Russula,FALSE,0.605816543,0.0008536,BaselineCNN,test
data/processed/test\Inocybe\TAK2015PIC12430189.jpg,Inocybe,Exidia,FALSE,0.994381607,0.001558,BaselineCNN,test
data/processed/test\Inocybe\TAK2017-9195726_SJBnA3Dm-.jpg,Inocybe,Agaricus,FALSE,0.494007915,0.0009377,BaselineCNN,test
data/processed/test\Inocybe\TB2010PIC30549452.jpg,Inocybe,Inocybe,TRUE,0.976055562,0.0007882,BaselineCNN,test
data/processed/test\Inocybe\TKH2011PIC29550858.jpg,Inocybe,Lactarius,FALSE,0.712775171,0.0008041,BaselineCNN,test
data/processed/test\Inocybe\TKH2012PIC24863747.jpg,Inocybe,Agaricus,FALSE,0.86362952,0.0009061,BaselineCNN,test
data/processed/test\Inocybe\TKH2012PIC58539255.jpg,Inocybe,Agaricus,FALSE,0.495313108,0.0008722,BaselineCNN,test
data/processed/test\Inocybe\TKH2013PIC15346099.jpg,Inocybe,Amanita,FALSE,0.859964073,0.0009439,BaselineCNN,test
data/processed/test\Inocybe\TKH2013PIC24960254.jpg,Inocybe,Cortinarius,FALSE,0.808534086,0.0010207,BaselineCNN,test
data/processed/test\Inocybe\TKH2013PIC33707521.jpg,Inocybe,Cortinarius,FALSE,0.997676909,0.0012989,BaselineCNN,test
data/processed/test\Inocybe\TKH2013PIC43429224.jpg,Inocybe,Lactarius,FALSE,0.472175419,0.0010181,BaselineCNN,test
data/processed/test\Inocybe\TKH2013PIC89377657.jpg,Inocybe,Amanita,FALSE,0.985672235,0.0007614,BaselineCNN,test
data/processed/test\Inocybe\TKH2014PIC28133692.jpg,Inocybe,Inocybe,TRUE,0.406575173,0.00097,BaselineCNN,test
data/processed/test\Inocybe\TOB2016-9177959_r1E_IZN1e.jpg,Inocybe,Inocybe,TRUE,0.986027598,0.001208,BaselineCNN,test
data/processed/test\Inocybe\TOB2017-9194552_ryHFsS3MZ.jpg,Inocybe,Cortinarius,FALSE,0.363197803,0.0008989,BaselineCNN,test
data/processed/test\Inocybe\TOB2017-9202157_SJH4BiA_P-.jpg,Inocybe,Inocybe,TRUE,0.632311344,0.0009387,BaselineCNN,test
data/processed/test\Inocybe\TOB2017-9202157_rkQEriRdDb.jpg,Inocybe,Inocybe,TRUE,0.551064014,0.0008816,BaselineCNN,test
data/processed/test\Inocybe\TOB2017-9208818_BJI8SxBgcb.jpg,Inocybe,Inocybe,TRUE,0.999675393,0.0010534,BaselineCNN,test
data/processed/test\Inocybe\TOB2017-9208818_Hy9LSxSe5Z.jpg,Inocybe,Inocybe,TRUE,0.99979347,0.0007759,BaselineCNN,test
data/processed/test\Inocybe\TOB2017-9208818_rJG8reBe5Z.jpg,Inocybe,Inocybe,TRUE,0.997306347,0.0010024,BaselineCNN,test
data/processed/test\Inocybe\TOB2017-9208818_rk8Serx5W.jpg,Inocybe,Inocybe,TRUE,0.668108881,0.0008384,BaselineCNN,test
data/processed/test\Inocybe\TS2010PIC72695117.jpg,Inocybe,Cortinarius,FALSE,0.701329827,0.0010999,BaselineCNN,test
data/processed/test\Inocybe\TS2011PIC26376558.jpg,Inocybe,Lactarius,FALSE,0.39566192,0.0009369,BaselineCNN,test
data/processed/test\Inocybe\TS2011PIC53483517.jpg,Inocybe,Inocybe,TRUE,0.999907255,0.0014058,BaselineCNN,test
data/processed/test\Inocybe\TS2011PIC53751796.jpg,Inocybe,Russula,FALSE,0.549130917,0.0008771,BaselineCNN,test
data/processed/test\Inocybe\TS2012PIC31340902.jpg,Inocybe,Amanita,FALSE,0.986887276,0.0008805,BaselineCNN,test
data/processed/test\Inocybe\TS2012PIC71517695.jpg,Inocybe,Russula,FALSE,0.522010684,0.0013678,BaselineCNN,test
data/processed/test\Inocybe\TS2012PIC76182348.jpg,Inocybe,Cortinarius,FALSE,0.478077829,0.0008803,BaselineCNN,test
data/processed/test\Inocybe\TS2013PIC21993338.jpg,Inocybe,Inocybe,TRUE,0.999537587,0.0009242,BaselineCNN,test
data/processed/test\Inocybe\TS2013PIC26765211.jpg,Inocybe,Boletus,FALSE,0.799325228,0.0007517,BaselineCNN,test
data/processed/test\Inocybe\TS2015PIC48470465.jpg,Inocybe,Entoloma,FALSE,0.729391992,0.0007558,BaselineCNN,test
data/processed/test\Inocybe\TS2016-9180197_S1b2-Dmpye.jpg,Inocybe,Hygrocybe,FALSE,0.874688566,0.0007645,BaselineCNN,test
data/processed/test\Lactarius\0000_av7f-8yVUNY.jpg,Lactarius,Lactarius,TRUE,0.941919327,0.000858,BaselineCNN,test
data/processed/test\Lactarius\0004_gigZhorw0Eo.jpg,Lactarius,Russula,FALSE,0.914611101,0.0007882,BaselineCNN,test
data/processed/test\Lactarius\0008_SSJpwPhX7Rs.jpg,Lactarius,Cortinarius,FALSE,0.586925507,0.0011093,BaselineCNN,test
data/processed/test\Lactarius\001_0eat5sScleY.jpg,Lactarius,Lactarius,TRUE,0.997344911,0.0014009,BaselineCNN,test
data/processed/test\Lactarius\0024_UzDaRx13wVs.jpg,Lactarius,Lactarius,TRUE,0.989466488,0.0013536,BaselineCNN,test
data/processed/test\Lactarius\0026_autPTj6WXpU.jpg,Lactarius,Lactarius,TRUE,0.533046007,0.0008799,BaselineCNN,test
data/processed/test\Lactarius\0036_UjqjlkUecEk.jpg,Lactarius,Lactarius,TRUE,0.999665737,0.0011842,BaselineCNN,test
data/processed/test\Lactarius\0058_Ksaju-DFTOM.jpg,Lactarius,Lactarius,TRUE,0.999992013,0.0010862,BaselineCNN,test
data/processed/test\Lactarius\0071_2YKUxBBp95A.jpg,Lactarius,Cortinarius,FALSE,0.524243712,0.0010296,BaselineCNN,test
data/processed/test\Lactarius\0078_67hlnzvWweg.jpg,Lactarius,Lactarius,TRUE,0.999091029,0.0009394,BaselineCNN,test
data/processed/test\Lactarius\0090_8gZ-MF4DF5c.jpg,Lactarius,Lactarius,TRUE,0.898055971,0.0009418,BaselineCNN,test
data/processed/test\Lactarius\0091_GJfhcGAsQEs.jpg,Lactarius,Lactarius,TRUE,0.697921097,0.0008481,BaselineCNN,test
data/processed/test\Lactarius\0092_lAL2nLK6Yqc.jpg,Lactarius,Lactarius,TRUE,0.885852039,0.0010816,BaselineCNN,test
data/processed/test\Lactarius\0096_YCFCQKyiPFI.jpg,Lactarius,Boletus,FALSE,0.647906303,0.0008814,BaselineCNN,test
data/processed/test\Lactarius\0100_VP4M5qp5Xuw.jpg,Lactarius,Lactarius,TRUE,0.999561489,0.0010686,BaselineCNN,test
data/processed/test\Lactarius\0108_bkdZqadlJYM.jpg,Lactarius,Lactarius,TRUE,0.502211332,0.0007522,BaselineCNN,test
data/processed/test\Lactarius\0117_LS-tLCqWBuQ.jpg,Lactarius,Russula,FALSE,0.821507096,0.0008736,BaselineCNN,test
data/processed/test\Lactarius\0125_WOyBnDf1Lbs.jpg,Lactarius,Lactarius,TRUE,0.971669674,0.0007549,BaselineCNN,test
data/processed/test\Lactarius\0147_ZAySZ3Wkn8k.jpg,Lactarius,Hygrocybe,FALSE,0.976156652,0.0011336,BaselineCNN,test
data/processed/test\Lactarius\0156_xCwDrPY72us.jpg,Lactarius,Russula,FALSE,0.762379646,0.0008406,BaselineCNN,test
data/processed/test\Lactarius\0174_S-0siMhJtoc.jpg,Lactarius,Lactarius,TRUE,0.424586833,0.000912,BaselineCNN,test
data/processed/test\Lactarius\0180_j-oei6bAdy0.jpg,Lactarius,Boletus,FALSE,0.98061645,0.0012035,BaselineCNN,test
data/processed/test\Lactarius\0184_wNzoTeCzC5o.jpg,Lactarius,Lactarius,TRUE,0.90659821,0.0009216,BaselineCNN,test
data/processed/test\Lactarius\0188_QDGj1_inixA.jpg,Lactarius,Russula,FALSE,0.950632572,0.0008136,BaselineCNN,test
data/processed/test\Lactarius\0189_u2k3sXqag1M.jpg,Lactarius,Russula,FALSE,0.463801026,0.0007819,BaselineCNN,test
data/processed/test\Lactarius\0192_st28pxbylcw.jpg,Lactarius,Russula,FALSE,0.877236843,0.0010435,BaselineCNN,test
data/processed/test\Lactarius\0202_gGw05EbUi_w.jpg,Lactarius,Lactarius,TRUE,0.994212925,0.0008951,BaselineCNN,test
data/processed/test\Lactarius\0204_PNAIMfY3CWk.jpg,Lactarius,Amanita,FALSE,0.689707458,0.0008844,BaselineCNN,test
data/processed/test\Lactarius\020_AhURHwS9I_c.jpg,Lactarius,Lactarius,TRUE,0.999842167,0.000912,BaselineCNN,test
data/processed/test\Lactarius\0211_a-wtZr6fOMw.jpg,Lactarius,Lactarius,TRUE,0.955038488,0.0008741,BaselineCNN,test
data/processed/test\Lactarius\0212_6r0AFhCvTk4.jpg,Lactarius,Lactarius,TRUE,0.999930859,0.0010668,BaselineCNN,test
data/processed/test\Lactarius\0222_JO5jLmkfAw0.jpg,Lactarius,Russula,FALSE,0.790088058,0.0006237,BaselineCNN,test
data/processed/test\Lactarius\0224_XrApvIigcOQ.jpg,Lactarius,Lactarius,TRUE,0.999343216,0.0012812,BaselineCNN,test
data/processed/test\Lactarius\0228_HknGOROG6Cs.jpg,Lactarius,Lactarius,TRUE,0.999668598,0.0011551,BaselineCNN,test
data/processed/test\Lactarius\0233_YNlSVzp0Kjo.jpg,Lactarius,Boletus,FALSE,0.922709227,0.0011143,BaselineCNN,test
data/processed/test\Lactarius\0237_zZdLcl0mkD0.jpg,Lactarius,Russula,FALSE,0.960667014,0.0008508,BaselineCNN,test
data/processed/test\Lactarius\0242_zOYn0DVnISo.jpg,Lactarius,Lactarius,TRUE,0.577555895,0.0008396,BaselineCNN,test
data/processed/test\Lactarius\0251_wz4ikkhjBU8.jpg,Lactarius,Boletus,FALSE,0.888678253,0.0006323,BaselineCNN,test
data/processed/test\Lactarius\0256_AfKj-CzsmLI.jpg,Lactarius,Lactarius,TRUE,0.442043483,0.0006873,BaselineCNN,test
data/processed/test\Lactarius\025_8bHMwyrm1xE.jpg,Lactarius,Lactarius,TRUE,0.770315349,0.0010494,BaselineCNN,test
data/processed/test\Lactarius\0261_pUdRYRMfy7c.jpg,Lactarius,Lactarius,TRUE,0.988017559,0.000946,BaselineCNN,test
data/processed/test\Lactarius\0264_9xkZs2wAZRQ.jpg,Lactarius,Amanita,FALSE,0.299969852,0.0007574,BaselineCNN,test
data/processed/test\Lactarius\0270_1nWaT7nSeDE.jpg,Lactarius,Lactarius,TRUE,0.683036029,0.0008472,BaselineCNN,test
data/processed/test\Lactarius\0271_kYpV1APLO9s.jpg,Lactarius,Inocybe,FALSE,0.341434985,0.00097,BaselineCNN,test
data/processed/test\Lactarius\0275_akjCXeShyUw.jpg,Lactarius,Lactarius,TRUE,0.961157441,0.0008157,BaselineCNN,test
data/processed/test\Lactarius\0290_KNGFGvBuZbU.jpg,Lactarius,Lactarius,TRUE,0.713777244,0.0008819,BaselineCNN,test
data/processed/test\Lactarius\0307_MA7GubKH4ZM.jpg,Lactarius,Cortinarius,FALSE,0.424665511,0.0009868,BaselineCNN,test
data/processed/test\Lactarius\0313_CWX_V7CeQM4.jpg,Lactarius,Amanita,FALSE,0.757454872,0.0008696,BaselineCNN,test
data/processed/test\Lactarius\0322_2UpHsEF5Mzs.jpg,Lactarius,Agaricus,FALSE,0.739389777,0.0007573,BaselineCNN,test
data/processed/test\Lactarius\0325_lAq1Din489Y.jpg,Lactarius,Lactarius,TRUE,0.514440656,0.0008515,BaselineCNN,test
data/processed/test\Lactarius\0328_8IPggG6t9VY.jpg,Lactarius,Russula,FALSE,0.83803457,0.0008404,BaselineCNN,test
data/processed/test\Lactarius\0335_dVTfQmjMltw.jpg,Lactarius,Lactarius,TRUE,0.997835577,0.0007582,BaselineCNN,test
data/processed/test\Lactarius\0340_0gzvFhGVf5M.jpg,Lactarius,Russula,FALSE,0.474074513,0.0009963,BaselineCNN,test
data/processed/test\Lactarius\0348_OWdZuiQh9xc.jpg,Lactarius,Lactarius,TRUE,0.583345115,0.0013758,BaselineCNN,test
data/processed/test\Lactarius\0356_gTCmsPnWyO4.jpg,Lactarius,Boletus,FALSE,0.8495,0.0011685,BaselineCNN,test
data/processed/test\Lactarius\0360_Bfw8PtjOZoI.jpg,Lactarius,Boletus,FALSE,0.941434741,0.0010495,BaselineCNN,test
data/processed/test\Lactarius\036_Tku_ku-u_WQ.jpg,Lactarius,Hygrocybe,FALSE,0.46997121,0.0008776,BaselineCNN,test
data/processed/test\Lactarius\0375_E_5sHNAa0DU.jpg,Lactarius,Lactarius,TRUE,0.242900118,0.0007957,BaselineCNN,test
data/processed/test\Lactarius\0385_zeoDavzC8Ec.jpg,Lactarius,Boletus,FALSE,0.946912944,0.0013386,BaselineCNN,test
data/processed/test\Lactarius\0405_XQ5FsiWx3Sc.jpg,Lactarius,Russula,FALSE,0.850166976,0.0009921,BaselineCNN,test
data/processed/test\Lactarius\0422_5SNHMw4kUg4.jpg,Lactarius,Lactarius,TRUE,0.890523851,0.0007573,BaselineCNN,test
data/processed/test\Lactarius\0436_3AJoqSsMCPY.jpg,Lactarius,Lactarius,TRUE,0.999988675,0.0008134,BaselineCNN,test
data/processed/test\Lactarius\0438_7Qg0kxIGbd4.jpg,Lactarius,Lactarius,TRUE,0.967057526,0.0009611,BaselineCNN,test
data/processed/test\Lactarius\043_JIiImC3i_NQ.jpg,Lactarius,Lactarius,TRUE,0.927383125,0.0010645,BaselineCNN,test
data/processed/test\Lactarius\0462_t7WHbpJLnZA.jpg,Lactarius,Lactarius,TRUE,0.999476612,0.0007856,BaselineCNN,test
data/processed/test\Lactarius\0473_FeKBXttVCwg.jpg,Lactarius,Lactarius,TRUE,0.913361728,0.0011602,BaselineCNN,test
data/processed/test\Lactarius\0488_l_gNg2GDLEk.jpg,Lactarius,Amanita,FALSE,0.982394218,0.000969,BaselineCNN,test
data/processed/test\Lactarius\0489_6GuHfi0wmko.jpg,Lactarius,Lactarius,TRUE,0.427309215,0.0012243,BaselineCNN,test
data/processed/test\Lactarius\0499_MWZEqXbgfwc.jpg,Lactarius,Cortinarius,FALSE,0.678806126,0.0011204,BaselineCNN,test
data/processed/test\Lactarius\0512_Sot3apiP2eQ.jpg,Lactarius,Russula,FALSE,0.845924973,0.0008672,BaselineCNN,test
data/processed/test\Lactarius\0526_O8CTOvfgWXg.jpg,Lactarius,Boletus,FALSE,0.63641715,0.0008751,BaselineCNN,test
data/processed/test\Lactarius\0532_7BfGW7kGfzM.jpg,Lactarius,Lactarius,TRUE,0.410472095,0.0010868,BaselineCNN,test
data/processed/test\Lactarius\0537_q78Py0hHqVc.jpg,Lactarius,Lactarius,TRUE,0.926906466,0.0007713,BaselineCNN,test
data/processed/test\Lactarius\0545_ewwuwHvRvLc.jpg,Lactarius,Boletus,FALSE,0.925333083,0.0008482,BaselineCNN,test
data/processed/test\Lactarius\056_9JgBES16B_4.jpg,Lactarius,Lactarius,TRUE,0.998147488,0.0007807,BaselineCNN,test
data/processed/test\Lactarius\0571_3sjlFMXpK_0.jpg,Lactarius,Cortinarius,FALSE,0.99972862,0.0012473,BaselineCNN,test
data/processed/test\Lactarius\0576_5wNWaAeW6vo.jpg,Lactarius,Russula,FALSE,0.803164303,0.0008621,BaselineCNN,test
data/processed/test\Lactarius\0596_ROVmIKr9KjA.jpg,Lactarius,Inocybe,FALSE,0.51905036,0.0010679,BaselineCNN,test
data/processed/test\Lactarius\0612_qfZxbbQUJ2o.jpg,Lactarius,Russula,FALSE,0.665364563,0.0010398,BaselineCNN,test
data/processed/test\Lactarius\0615_R0G-yDrCQ6U.jpg,Lactarius,Russula,FALSE,0.967933714,0.0007666,BaselineCNN,test
data/processed/test\Lactarius\061_KShq81HACXk.jpg,Lactarius,Lactarius,TRUE,0.708326519,0.0007661,BaselineCNN,test
data/processed/test\Lactarius\0628_7XDugUX8ezg.jpg,Lactarius,Boletus,FALSE,0.481200904,0.0010172,BaselineCNN,test
data/processed/test\Lactarius\0630_3idJVXnrBF4.jpg,Lactarius,Boletus,FALSE,0.739954472,0.0010157,BaselineCNN,test
data/processed/test\Lactarius\0645_Z6spVFbiuEY.jpg,Lactarius,Lactarius,TRUE,0.891801834,0.0009193,BaselineCNN,test
data/processed/test\Lactarius\0649_uwl8etw5T-s.jpg,Lactarius,Agaricus,FALSE,0.531146407,0.0008879,BaselineCNN,test
data/processed/test\Lactarius\0651_vzBdVntLr8c.jpg,Lactarius,Agaricus,FALSE,0.919059694,0.0008924,BaselineCNN,test
data/processed/test\Lactarius\0664_vTIkNBMlgC0.jpg,Lactarius,Inocybe,FALSE,0.715482175,0.001009,BaselineCNN,test
data/processed/test\Lactarius\0670_V1ZK2sFc-Ro.jpg,Lactarius,Lactarius,TRUE,0.857878625,0.0008758,BaselineCNN,test
data/processed/test\Lactarius\0672_VwMevK3GQmI.jpg,Lactarius,Russula,FALSE,0.690575957,0.0008414,BaselineCNN,test
data/processed/test\Lactarius\0674_jfw03-JCIg4.jpg,Lactarius,Lactarius,TRUE,0.99448967,0.0008244,BaselineCNN,test
data/processed/test\Lactarius\0675_t0wBJuQaX1I.jpg,Lactarius,Lactarius,TRUE,0.947514355,0.0008562,BaselineCNN,test
data/processed/test\Lactarius\0680_9iK0lHxdnbE.jpg,Lactarius,Russula,FALSE,0.951974928,0.0009887,BaselineCNN,test
data/processed/test\Lactarius\069_WjmaRv5colU.jpg,Lactarius,Lactarius,TRUE,0.767281771,0.0014689,BaselineCNN,test
data/processed/test\Lactarius\0704_ylcLIXgu01w.jpg,Lactarius,Lactarius,TRUE,0.563006759,0.000731,BaselineCNN,test
data/processed/test\Lactarius\0706_5KiNR80hz8c.jpg,Lactarius,Russula,FALSE,0.960678458,0.0008793,BaselineCNN,test
data/processed/test\Lactarius\0709_rGbRBgcO1Bo.jpg,Lactarius,Exidia,FALSE,0.517722487,0.0009379,BaselineCNN,test
data/processed/test\Lactarius\0716_XAFN8ZsH8Oc.jpg,Lactarius,Lactarius,TRUE,0.999855042,0.0009046,BaselineCNN,test
data/processed/test\Lactarius\0734_NI0Ax90MD5c.jpg,Lactarius,Lactarius,TRUE,0.99596405,0.0009539,BaselineCNN,test
data/processed/test\Lactarius\0736_aLqBxhhsMow.jpg,Lactarius,Lactarius,TRUE,0.842063665,0.0008483,BaselineCNN,test
data/processed/test\Lactarius\0745_ey3D5LyzKTY.jpg,Lactarius,Agaricus,FALSE,0.717479825,0.0007829,BaselineCNN,test
data/processed/test\Lactarius\0747_adx1MMw58MI.jpg,Lactarius,Agaricus,FALSE,0.511207581,0.000772,BaselineCNN,test
data/processed/test\Lactarius\0756_C1Ll5LZF_Cg.jpg,Lactarius,Agaricus,FALSE,0.472600073,0.0008715,BaselineCNN,test
data/processed/test\Lactarius\0757_3LeqE6pda1M.jpg,Lactarius,Cortinarius,FALSE,0.992853701,0.0010215,BaselineCNN,test
data/processed/test\Lactarius\0759_oLEvM6Hhevs.jpg,Lactarius,Lactarius,TRUE,0.768266678,0.0010115,BaselineCNN,test
data/processed/test\Lactarius\0762_KnQg1QaWm0A.jpg,Lactarius,Lactarius,TRUE,0.977463901,0.0009819,BaselineCNN,test
data/processed/test\Lactarius\0773_7sw6xICACRk.jpg,Lactarius,Suillus,FALSE,0.240669146,0.0007792,BaselineCNN,test
data/processed/test\Lactarius\0782_4hQQMaTQWEI.jpg,Lactarius,Inocybe,FALSE,0.639863133,0.0008811,BaselineCNN,test
data/processed/test\Lactarius\0788_pRAv0S0JJWw.jpg,Lactarius,Cortinarius,FALSE,0.423918635,0.0008426,BaselineCNN,test
data/processed/test\Lactarius\0789_YdasocklYzQ.jpg,Lactarius,Inocybe,FALSE,0.914472997,0.001228,BaselineCNN,test
data/processed/test\Lactarius\0793_0GzeXD2rqQY.jpg,Lactarius,Russula,FALSE,0.998855948,0.0009224,BaselineCNN,test
data/processed/test\Lactarius\0794_rAh-SYlXfxI.jpg,Lactarius,Cortinarius,FALSE,0.967229545,0.0010123,BaselineCNN,test
data/processed/test\Lactarius\0805_zrH6_rVsSM8.jpg,Lactarius,Lactarius,TRUE,0.788882256,0.0011801,BaselineCNN,test
data/processed/test\Lactarius\0809_nKVSQbfh_8Q.jpg,Lactarius,Agaricus,FALSE,0.594925821,0.0007352,BaselineCNN,test
data/processed/test\Lactarius\0810_HmCW6dmg8ww.jpg,Lactarius,Russula,FALSE,0.990701556,0.0009041,BaselineCNN,test
data/processed/test\Lactarius\0811_fny9MwqLlJQ.jpg,Lactarius,Lactarius,TRUE,0.964309812,0.0009878,BaselineCNN,test
data/processed/test\Lactarius\0814_QfgRmQ7qhf4.jpg,Lactarius,Amanita,FALSE,0.868954003,0.0010706,BaselineCNN,test
data/processed/test\Lactarius\0819_UXB8BitCLeg.jpg,Lactarius,Cortinarius,FALSE,0.511089087,0.0009038,BaselineCNN,test
data/processed/test\Lactarius\0823_Ux2nE3c9Um8.jpg,Lactarius,Lactarius,TRUE,0.990835309,0.0008726,BaselineCNN,test
data/processed/test\Lactarius\0829_s0YUBr49gwI.jpg,Lactarius,Russula,FALSE,0.407278091,0.0007407,BaselineCNN,test
data/processed/test\Lactarius\083_b-MWcypdVgI.jpg,Lactarius,Lactarius,TRUE,0.998915672,0.0008509,BaselineCNN,test
data/processed/test\Lactarius\0852_7k3Zyy3_DGE.jpg,Lactarius,Boletus,FALSE,0.456182957,0.0010408,BaselineCNN,test
data/processed/test\Lactarius\0861_R-QITvIdQ0I.jpg,Lactarius,Russula,FALSE,0.96329391,0.0009124,BaselineCNN,test
data/processed/test\Lactarius\0863_vVoT2CYybJg.jpg,Lactarius,Lactarius,TRUE,0.774259806,0.0011347,BaselineCNN,test
data/processed/test\Lactarius\0868_VH-IjF4KU2A.jpg,Lactarius,Lactarius,TRUE,0.999729931,0.0008918,BaselineCNN,test
data/processed/test\Lactarius\0874_2lGLHI_YG5k.jpg,Lactarius,Lactarius,TRUE,0.993919134,0.0008593,BaselineCNN,test
data/processed/test\Lactarius\087_L5ZS-DiYxEI.jpg,Lactarius,Lactarius,TRUE,0.949207842,0.0008396,BaselineCNN,test
data/processed/test\Lactarius\0881_3RtHEelIwJ0.jpg,Lactarius,Lactarius,TRUE,0.999775708,0.000878,BaselineCNN,test
data/processed/test\Lactarius\0886_DVymd3ri6ok.jpg,Lactarius,Lactarius,TRUE,0.812315404,0.0008468,BaselineCNN,test
data/processed/test\Lactarius\0890_Fm2kZLQ186E.jpg,Lactarius,Lactarius,TRUE,0.907332361,0.001014,BaselineCNN,test
data/processed/test\Lactarius\0891_y4giXhWdmzg.jpg,Lactarius,Boletus,FALSE,0.578201115,0.001029,BaselineCNN,test
data/processed/test\Lactarius\0894_faLSlbF53CA.jpg,Lactarius,Boletus,FALSE,0.741671383,0.0007564,BaselineCNN,test
data/processed/test\Lactarius\0898_H5ncLRcbiOQ.jpg,Lactarius,Boletus,FALSE,0.906519711,0.0009807,BaselineCNN,test
data/processed/test\Lactarius\089_AJoVxJM23M4.jpg,Lactarius,Boletus,FALSE,0.473637402,0.0009012,BaselineCNN,test
data/processed/test\Lactarius\0904_Z0MfidvU7JU.jpg,Lactarius,Inocybe,FALSE,0.538715422,0.0012177,BaselineCNN,test
data/processed/test\Lactarius\0924_mvAXbhaPY-k.jpg,Lactarius,Lactarius,TRUE,0.644325197,0.0008298,BaselineCNN,test
data/processed/test\Lactarius\0931_qYe0VtJnAhQ.jpg,Lactarius,Russula,FALSE,0.32387045,0.000885,BaselineCNN,test
data/processed/test\Lactarius\0941_SIWGBlVT-DI.jpg,Lactarius,Suillus,FALSE,0.944962382,0.0013509,BaselineCNN,test
data/processed/test\Lactarius\0948_omWNNnbQkxU.jpg,Lactarius,Suillus,FALSE,0.956968069,0.0010729,BaselineCNN,test
data/processed/test\Lactarius\094_-2iyr_W_qvQ.jpg,Lactarius,Lactarius,TRUE,0.757917166,0.0010413,BaselineCNN,test
data/processed/test\Lactarius\0950_ijfkg6qgVms.jpg,Lactarius,Russula,FALSE,0.442707419,0.0009299,BaselineCNN,test
data/processed/test\Lactarius\095_BtaRrYfMJVs.jpg,Lactarius,Russula,FALSE,0.951605916,0.0008341,BaselineCNN,test
data/processed/test\Lactarius\0966_RRkmCZs4Hgk.jpg,Lactarius,Lactarius,TRUE,0.535340726,0.0013033,BaselineCNN,test
data/processed/test\Lactarius\0968_D_TOmURQt5M.jpg,Lactarius,Lactarius,TRUE,0.95234853,0.0007992,BaselineCNN,test
data/processed/test\Lactarius\0975_TPuBswVPF4E.jpg,Lactarius,Lactarius,TRUE,0.414894044,0.0009269,BaselineCNN,test
data/processed/test\Lactarius\0978_f0jCRe74OWg.jpg,Lactarius,Lactarius,TRUE,0.987672091,0.0011226,BaselineCNN,test
data/processed/test\Lactarius\097_EnaERH1OSng.jpg,Lactarius,Lactarius,TRUE,0.954903126,0.000757,BaselineCNN,test
data/processed/test\Lactarius\0980_m_ohZyV7g-Y.jpg,Lactarius,Russula,FALSE,0.952213109,0.0008564,BaselineCNN,test
data/processed/test\Lactarius\0990_eosoYFrwQLI.jpg,Lactarius,Suillus,FALSE,0.802604914,0.0008596,BaselineCNN,test
data/processed/test\Lactarius\0993_vWFD5m5EFdw.jpg,Lactarius,Russula,FALSE,0.983417094,0.0010151,BaselineCNN,test
data/processed/test\Lactarius\0997_I_lCHDRsFnk.jpg,Lactarius,Entoloma,FALSE,0.90857023,0.0008695,BaselineCNN,test
data/processed/test\Lactarius\099_tlQryExCSSc.jpg,Lactarius,Russula,FALSE,0.848522246,0.0007783,BaselineCNN,test
data/processed/test\Lactarius\1023_5KzdIbZlWao.jpg,Lactarius,Lactarius,TRUE,0.990517437,0.0007864,BaselineCNN,test
data/processed/test\Lactarius\1031_-Xmag74uj8c.jpg,Lactarius,Lactarius,TRUE,0.678040683,0.000987,BaselineCNN,test
data/processed/test\Lactarius\1035_5IsEFXEEEaY.jpg,Lactarius,Lactarius,TRUE,0.955693364,0.0009316,BaselineCNN,test
data/processed/test\Lactarius\1039_IeXUvS5caiU.jpg,Lactarius,Boletus,FALSE,0.526642084,0.0009746,BaselineCNN,test
data/processed/test\Lactarius\1051_OqWmAht3bQo.jpg,Lactarius,Lactarius,TRUE,0.872110426,0.0007475,BaselineCNN,test
data/processed/test\Lactarius\1084__qV9VGarloM.jpg,Lactarius,Russula,FALSE,0.991772115,0.00099,BaselineCNN,test
data/processed/test\Lactarius\1087_T-XOvJDzPj4.jpg,Lactarius,Russula,FALSE,0.908833504,0.0008071,BaselineCNN,test
data/processed/test\Lactarius\108_M1XYdkUcelY.jpg,Lactarius,Amanita,FALSE,0.999997139,0.0008261,BaselineCNN,test
data/processed/test\Lactarius\1095_DTLgzikyFDc.jpg,Lactarius,Lactarius,TRUE,0.972312868,0.0008715,BaselineCNN,test
data/processed/test\Lactarius\1102_LESYYltPhNw.jpg,Lactarius,Russula,FALSE,0.488916248,0.0008475,BaselineCNN,test
data/processed/test\Lactarius\1104_Top2jkbHf3c.jpg,Lactarius,Russula,FALSE,0.477414697,0.0009623,BaselineCNN,test
data/processed/test\Lactarius\1108_Drq20AGMUPU.jpg,Lactarius,Lactarius,TRUE,0.95227015,0.0008665,BaselineCNN,test
data/processed/test\Lactarius\1112_BjWWPLj9vfs.jpg,Lactarius,Russula,FALSE,0.908833504,0.0008161,BaselineCNN,test
data/processed/test\Lactarius\1119_97YWRRfAMdE.jpg,Lactarius,Cortinarius,FALSE,0.56204015,0.0007417,BaselineCNN,test
data/processed/test\Lactarius\1126_OzpDgrwjWNc.jpg,Lactarius,Agaricus,FALSE,0.763314068,0.0010951,BaselineCNN,test
data/processed/test\Lactarius\1133_HDYDTLTS4FA.jpg,Lactarius,Lactarius,TRUE,0.533046007,0.0014051,BaselineCNN,test
data/processed/test\Lactarius\1140_L4hzKxVbQc0.jpg,Lactarius,Cortinarius,FALSE,0.423525631,0.0008592,BaselineCNN,test
data/processed/test\Lactarius\1144_d52jIf1q8OQ.jpg,Lactarius,Russula,FALSE,0.70320648,0.0008755,BaselineCNN,test
data/processed/test\Lactarius\1157_lIsQAIM1Bms.jpg,Lactarius,Russula,FALSE,0.997819662,0.0008497,BaselineCNN,test
data/processed/test\Lactarius\1163_6urWblLWaP0.jpg,Lactarius,Lactarius,TRUE,0.867189705,0.0009282,BaselineCNN,test
data/processed/test\Lactarius\1164_sa2vKVnzdDU.jpg,Lactarius,Cortinarius,FALSE,0.933363676,0.000976,BaselineCNN,test
data/processed/test\Lactarius\1168_liGHHAZOR28.jpg,Lactarius,Amanita,FALSE,0.934493005,0.0011011,BaselineCNN,test
data/processed/test\Lactarius\1185_l8CcBJMEx4U.jpg,Lactarius,Russula,FALSE,0.747928739,0.0009414,BaselineCNN,test
data/processed/test\Lactarius\1187_SFmMgNJ91-I.jpg,Lactarius,Russula,FALSE,0.995863557,0.0009377,BaselineCNN,test
data/processed/test\Lactarius\1194_Q_-2-NBIRlk.jpg,Lactarius,Amanita,FALSE,0.727822006,0.0007899,BaselineCNN,test
data/processed/test\Lactarius\1199_hy7BCb0o9Ss.jpg,Lactarius,Russula,FALSE,0.797498286,0.0009551,BaselineCNN,test
data/processed/test\Lactarius\1205_V_YJfaEofno.jpg,Lactarius,Lactarius,TRUE,0.44033888,0.0009947,BaselineCNN,test
data/processed/test\Lactarius\1209_-oHFXkHNN6c.jpg,Lactarius,Cortinarius,FALSE,0.444638103,0.0008347,BaselineCNN,test
data/processed/test\Lactarius\1210_5y8ObCFK_r4.jpg,Lactarius,Boletus,FALSE,0.621281385,0.0008268,BaselineCNN,test
data/processed/test\Lactarius\1213_E6SGc19pJFY.jpg,Lactarius,Suillus,FALSE,0.685994327,0.0008841,BaselineCNN,test
data/processed/test\Lactarius\1223_6yV3bv_fpo8.jpg,Lactarius,Lactarius,TRUE,0.901558995,0.0008707,BaselineCNN,test
data/processed/test\Lactarius\1224_Yn3W7OW8tkQ.jpg,Lactarius,Lactarius,TRUE,0.954693496,0.0008145,BaselineCNN,test
data/processed/test\Lactarius\1226_nyvT8mRno3g.jpg,Lactarius,Boletus,FALSE,0.985378861,0.0008083,BaselineCNN,test
data/processed/test\Lactarius\122_W_5GcNcAuN4.jpg,Lactarius,Lactarius,TRUE,0.999907017,0.0008306,BaselineCNN,test
data/processed/test\Lactarius\1251_bPDEkspIv50.jpg,Lactarius,Boletus,FALSE,0.933523357,0.0007737,BaselineCNN,test
data/processed/test\Lactarius\1252_73K3pd3sWMQ.jpg,Lactarius,Russula,FALSE,0.85661608,0.0008831,BaselineCNN,test
data/processed/test\Lactarius\128_dfE8pjx6FdQ.jpg,Lactarius,Amanita,FALSE,0.941747963,0.0008793,BaselineCNN,test
data/processed/test\Lactarius\136_2lSzCzGC8cs.jpg,Lactarius,Russula,FALSE,0.4761917,0.0009043,BaselineCNN,test
data/processed/test\Lactarius\140_exY6qQ3hXgY.jpg,Lactarius,Cortinarius,FALSE,0.963032484,0.0009389,BaselineCNN,test
data/processed/test\Lactarius\149_CwuowlVAMxY.jpg,Lactarius,Exidia,FALSE,0.423852354,0.0015674,BaselineCNN,test
data/processed/test\Lactarius\153_gN8-LTmbt4U.jpg,Lactarius,Amanita,FALSE,0.914230406,0.0007671,BaselineCNN,test
data/processed/test\Lactarius\164_YmyEAa79xJY.jpg,Lactarius,Lactarius,TRUE,0.454279751,0.0012665,BaselineCNN,test
data/processed/test\Lactarius\166_m4APlqR5cX8.jpg,Lactarius,Lactarius,TRUE,0.999565065,0.0008722,BaselineCNN,test
data/processed/test\Lactarius\167_sbpN5cmc4Qw.jpg,Lactarius,Lactarius,TRUE,0.88727212,0.0008888,BaselineCNN,test
data/processed/test\Lactarius\172_AtgfiwOgTAk.jpg,Lactarius,Lactarius,TRUE,0.841072381,0.0010539,BaselineCNN,test
data/processed/test\Lactarius\175_I_Sk3JdyB8Q.jpg,Lactarius,Russula,FALSE,0.941244245,0.0009263,BaselineCNN,test
data/processed/test\Lactarius\176_7c5SOZYoEEQ.jpg,Lactarius,Cortinarius,FALSE,0.942524135,0.0009962,BaselineCNN,test
data/processed/test\Lactarius\182_Z_eMo84pz4w.jpg,Lactarius,Lactarius,TRUE,0.802146196,0.0015548,BaselineCNN,test
data/processed/test\Lactarius\186_vqv6RGdM7tQ.jpg,Lactarius,Lactarius,TRUE,0.985262871,0.0008484,BaselineCNN,test
data/processed/test\Lactarius\187_9b5XfCCHe9s.jpg,Lactarius,Lactarius,TRUE,0.32134676,0.0008168,BaselineCNN,test
data/processed/test\Lactarius\188__ssneZ3zq44.jpg,Lactarius,Lactarius,TRUE,0.674299181,0.0009352,BaselineCNN,test
data/processed/test\Lactarius\200_h-AIr5ayQw8.jpg,Lactarius,Russula,FALSE,0.786395311,0.0008372,BaselineCNN,test
data/processed/test\Lactarius\204_5earXwj40js.jpg,Lactarius,Cortinarius,FALSE,0.770467341,0.0009944,BaselineCNN,test
data/processed/test\Lactarius\206_32LgeIY1Yeg.jpg,Lactarius,Lactarius,TRUE,0.997036457,0.0009386,BaselineCNN,test
data/processed/test\Lactarius\216_XQewJ4iZ0SE.jpg,Lactarius,Russula,FALSE,0.422780007,0.0007377,BaselineCNN,test
data/processed/test\Lactarius\217_NouQvvUbzkI.jpg,Lactarius,Lactarius,TRUE,0.632370114,0.0009294,BaselineCNN,test
data/processed/test\Lactarius\220_s7m6OJgigsQ.jpg,Lactarius,Lactarius,TRUE,0.999646068,0.0010426,BaselineCNN,test
data/processed/test\Lactarius\221_gFGMtF63hew.jpg,Lactarius,Lactarius,TRUE,0.999335349,0.0008545,BaselineCNN,test
data/processed/test\Lactarius\233_Zrhk_kzm9RI.jpg,Lactarius,Lactarius,TRUE,0.998761535,0.0008144,BaselineCNN,test
data/processed/test\Lactarius\243_Kcz6T9Gexhs.jpg,Lactarius,Inocybe,FALSE,0.75109303,0.0011916,BaselineCNN,test
data/processed/test\Lactarius\245_8a_KwW3R88w.jpg,Lactarius,Russula,FALSE,0.35489282,0.000789,BaselineCNN,test
data/processed/test\Lactarius\246_RXGb-uY_OT0.jpg,Lactarius,Lactarius,TRUE,0.997427642,0.0012878,BaselineCNN,test
data/processed/test\Lactarius\253_04FkFVirQ7Y.jpg,Lactarius,Suillus,FALSE,0.886976719,0.0009556,BaselineCNN,test
data/processed/test\Lactarius\263_q4EWqSw73ss.jpg,Lactarius,Cortinarius,FALSE,0.567993224,0.0009859,BaselineCNN,test
data/processed/test\Lactarius\276_hZykQcrhdmk.jpg,Lactarius,Lactarius,TRUE,0.969541073,0.0008469,BaselineCNN,test
data/processed/test\Lactarius\288_q9eXJ9RotUs.jpg,Lactarius,Lactarius,TRUE,0.991918981,0.0007931,BaselineCNN,test
data/processed/test\Lactarius\295_d1IVZwM135g.jpg,Lactarius,Lactarius,TRUE,0.618607223,0.0008415,BaselineCNN,test
data/processed/test\Lactarius\310_MVmkt2VWorA.jpg,Lactarius,Lactarius,TRUE,0.852371573,0.0011063,BaselineCNN,test
data/processed/test\Lactarius\312_Kxi6Fhuexdw.jpg,Lactarius,Lactarius,TRUE,0.999992609,0.001018,BaselineCNN,test
data/processed/test\Lactarius\327_Hk8VyUuKT-A.jpg,Lactarius,Lactarius,TRUE,0.999950409,0.000855,BaselineCNN,test
data/processed/test\Lactarius\333_NGUe2XVS3hk.jpg,Lactarius,Russula,FALSE,0.88312459,0.000895,BaselineCNN,test
data/processed/test\Lactarius\335_fqi3SPxPO_M.jpg,Lactarius,Lactarius,TRUE,0.41033569,0.000896,BaselineCNN,test
data/processed/test\Lactarius\338_SSuhFw6v6bo.jpg,Lactarius,Exidia,FALSE,0.996452451,0.0007798,BaselineCNN,test
data/processed/test\Lactarius\340_eLuW-nUYdC0.jpg,Lactarius,Lactarius,TRUE,0.822193325,0.0009735,BaselineCNN,test
data/processed/test\Lactarius\353_ZQcLrpjLWBc.jpg,Lactarius,Russula,FALSE,0.904227912,0.0010361,BaselineCNN,test
data/processed/test\Lactarius\355_THNiI8IQ5e4.jpg,Lactarius,Agaricus,FALSE,0.868796825,0.0009085,BaselineCNN,test
data/processed/test\Lactarius\364_TiFrgt8za6w.jpg,Lactarius,Russula,FALSE,0.986462057,0.000923,BaselineCNN,test
data/processed/test\Lactarius\365_gihWtePuGlo.jpg,Lactarius,Lactarius,TRUE,0.565327704,0.0010919,BaselineCNN,test
data/processed/test\Lactarius\373_sb1ABlLL_Io.jpg,Lactarius,Agaricus,FALSE,0.839170098,0.0007487,BaselineCNN,test
data/processed/test\Lactarius\381_70eN3baoMiU.jpg,Lactarius,Russula,FALSE,0.992930114,0.0009673,BaselineCNN,test
data/processed/test\Lactarius\391_x5VHqfidZUA.jpg,Lactarius,Lactarius,TRUE,0.978557289,0.0009404,BaselineCNN,test
data/processed/test\Lactarius\394_pA_n_Wu4_60.jpg,Lactarius,Lactarius,TRUE,0.783281982,0.001095,BaselineCNN,test
data/processed/test\Lactarius\410_gHeG6gEpGT8.jpg,Lactarius,Lactarius,TRUE,0.486941069,0.0007478,BaselineCNN,test
data/processed/test\Lactarius\412_r_okI2cO5S4.jpg,Lactarius,Boletus,FALSE,0.464068085,0.0009645,BaselineCNN,test
data/processed/test\Russula\001_iKuK1p9EOJ0.jpg,Russula,Lactarius,FALSE,0.499242753,0.0008507,BaselineCNN,test
data/processed/test\Russula\007_gZhfQcNeM9U.jpg,Russula,Lactarius,FALSE,0.991810501,0.0008475,BaselineCNN,test
data/processed/test\Russula\008_Dz7lB9JtqxQ.jpg,Russula,Agaricus,FALSE,0.665115178,0.0009071,BaselineCNN,test
data/processed/test\Russula\013_LGHqXuWMeHE.jpg,Russula,Agaricus,FALSE,0.749603987,0.0007939,BaselineCNN,test
data/processed/test\Russula\014_a6ZorjAMstY.jpg,Russula,Inocybe,FALSE,0.404990256,0.0009644,BaselineCNN,test
data/processed/test\Russula\019_EKkNgTevh1g.jpg,Russula,Russula,TRUE,0.53300935,0.0011949,BaselineCNN,test
data/processed/test\Russula\024_rhgAyyNHSJo.jpg,Russula,Russula,TRUE,0.559275091,0.0010097,BaselineCNN,test
data/processed/test\Russula\025_k35cqXEzH7Y.jpg,Russula,Russula,TRUE,0.97072953,0.001238,BaselineCNN,test
data/processed/test\Russula\030_sCKfBfNbOl4.jpg,Russula,Russula,TRUE,0.992460549,0.0008598,BaselineCNN,test
data/processed/test\Russula\039_ikQwz6n6X4o.jpg,Russula,Russula,TRUE,0.753629744,0.0008685,BaselineCNN,test
data/processed/test\Russula\043_a_5lm55zCVc.jpg,Russula,Inocybe,FALSE,0.864737034,0.0007806,BaselineCNN,test
data/processed/test\Russula\043_fOQ2ffx-cy8.jpg,Russula,Russula,TRUE,0.999999642,0.0008293,BaselineCNN,test
data/processed/test\Russula\047_eHKYt6tnSCs.jpg,Russula,Inocybe,FALSE,0.784344673,0.001054,BaselineCNN,test
data/processed/test\Russula\050_MwOq3EeFUvc.jpg,Russula,Russula,TRUE,0.99835974,0.0008538,BaselineCNN,test
data/processed/test\Russula\057_jOjOWsmPwSs.jpg,Russula,Lactarius,FALSE,0.77670598,0.0008537,BaselineCNN,test
data/processed/test\Russula\058_rXtA5QC0tm0.jpg,Russula,Russula,TRUE,0.503196061,0.0010646,BaselineCNN,test
data/processed/test\Russula\064_7LLSFgmojbg.jpg,Russula,Cortinarius,FALSE,0.976432741,0.0013523,BaselineCNN,test
data/processed/test\Russula\066_QwlTSWbST_A.jpg,Russula,Cortinarius,FALSE,0.644499004,0.0010283,BaselineCNN,test
data/processed/test\Russula\067_1HwiqbR9nY4.jpg,Russula,Lactarius,FALSE,0.461869061,0.0007976,BaselineCNN,test
data/processed/test\Russula\087_dkTD8ebKnDo.jpg,Russula,Russula,TRUE,0.984785974,0.0007822,BaselineCNN,test
data/processed/test\Russula\090_wTqyZFVyKa4.jpg,Russula,Lactarius,FALSE,0.64909029,0.0009255,BaselineCNN,test
data/processed/test\Russula\091_OhbGtsJOrac.jpg,Russula,Russula,TRUE,0.995944917,0.0017589,BaselineCNN,test
data/processed/test\Russula\096_RZyKfwF8OnQ.jpg,Russula,Russula,TRUE,0.994542956,0.0010414,BaselineCNN,test
data/processed/test\Russula\097_MDNp4nnFbsU.jpg,Russula,Cortinarius,FALSE,0.580102503,0.0008555,BaselineCNN,test
data/processed/test\Russula\097_vcRnfngKDrA.jpg,Russula,Russula,TRUE,1,0.0011445,BaselineCNN,test
data/processed/test\Russula\102_ZPT8jUM20PQ.jpg,Russula,Lactarius,FALSE,0.746612966,0.0013984,BaselineCNN,test
data/processed/test\Russula\104_Rsfyh5xO7v4.jpg,Russula,Russula,TRUE,0.994774044,0.0009334,BaselineCNN,test
data/processed/test\Russula\105_-Z8GVGlP6ZQ.jpg,Russula,Russula,TRUE,0.867437065,0.001274,BaselineCNN,test
data/processed/test\Russula\110_Dq7-S4a1PBA.jpg,Russula,Hygrocybe,FALSE,0.483778238,0.0010995,BaselineCNN,test
data/processed/test\Russula\110_tI1gcfV67iM.jpg,Russula,Cortinarius,FALSE,0.656977177,0.0009456,BaselineCNN,test
data/processed/test\Russula\112_LjHLUTH9Ofo.jpg,Russula,Russula,TRUE,0.69623822,0.0008653,BaselineCNN,test
data/processed/test\Russula\115_421ZUjl0L6I.jpg,Russula,Lactarius,FALSE,0.525632203,0.0007911,BaselineCNN,test
data/processed/test\Russula\116_1OsHlMx-dSQ.jpg,Russula,Russula,TRUE,0.545503259,0.000849,BaselineCNN,test
data/processed/test\Russula\121_G6PKJxVEa-M.jpg,Russula,Lactarius,FALSE,0.59659338,0.0008769,BaselineCNN,test
data/processed/test\Russula\127_VbgJEufLv7I.jpg,Russula,Inocybe,FALSE,0.738208413,0.0009187,BaselineCNN,test
data/processed/test\Russula\139_H3FH6JjjTzg.jpg,Russula,Cortinarius,FALSE,0.998077512,0.0008669,BaselineCNN,test
data/processed/test\Russula\145_o2dRwsYbjMY.jpg,Russula,Inocybe,FALSE,0.568380535,0.0010606,BaselineCNN,test
data/processed/test\Russula\150_HG0rdEL96d8.jpg,Russula,Lactarius,FALSE,0.987466872,0.0013208,BaselineCNN,test
data/processed/test\Russula\152_T7Jz4WBLsEQ.jpg,Russula,Lactarius,FALSE,0.86332953,0.0009534,BaselineCNN,test
data/processed/test\Russula\165_iSv1-9PofVg.jpg,Russula,Russula,TRUE,0.999990702,0.0009141,BaselineCNN,test
data/processed/test\Russula\167_9loyXWNmBDI.jpg,Russula,Russula,TRUE,0.999442995,0.001129,BaselineCNN,test
data/processed/test\Russula\170_8gD6VgBIRW8.jpg,Russula,Boletus,FALSE,0.942311645,0.0011811,BaselineCNN,test
data/processed/test\Russula\174_ZHZm2cjKSd4.jpg,Russula,Russula,TRUE,0.995280147,0.000896,BaselineCNN,test
data/processed/test\Russula\183_7HPLUZ0JPGw.jpg,Russula,Russula,TRUE,0.429246068,0.0007587,BaselineCNN,test
data/processed/test\Russula\187_eVoSi006rJc.jpg,Russula,Lactarius,FALSE,0.978434801,0.0011336,BaselineCNN,test
data/processed/test\Russula\190_jB_ANV0GfGc.jpg,Russula,Boletus,FALSE,0.752664208,0.0008527,BaselineCNN,test
data/processed/test\Russula\193_0iPR4s0EgAE.jpg,Russula,Amanita,FALSE,0.654156685,0.0010789,BaselineCNN,test
data/processed/test\Russula\194_NP3riIl0ZRw.jpg,Russula,Entoloma,FALSE,0.294276834,0.0011019,BaselineCNN,test
data/processed/test\Russula\196_8vqiUiCZSf4.jpg,Russula,Inocybe,FALSE,0.685473919,0.0008596,BaselineCNN,test
data/processed/test\Russula\197_8SaITt5hQBY.jpg,Russula,Cortinarius,FALSE,0.594115317,0.0007879,BaselineCNN,test
data/processed/test\Russula\200_JMAjbr8Po8M.jpg,Russula,Inocybe,FALSE,0.382700384,0.0008699,BaselineCNN,test
data/processed/test\Russula\203_7ZDu3mnm2D8.jpg,Russula,Cortinarius,FALSE,0.634386897,0.0009289,BaselineCNN,test
data/processed/test\Russula\212_mAsF0Tdhqu8.jpg,Russula,Russula,TRUE,0.72984302,0.0008625,BaselineCNN,test
data/processed/test\Russula\218_zKx8R11Bjuo.jpg,Russula,Russula,TRUE,0.626821697,0.0009326,BaselineCNN,test
data/processed/test\Russula\219_Tj5ZWF3-yCc.jpg,Russula,Inocybe,FALSE,0.275734901,0.0009372,BaselineCNN,test
data/processed/test\Russula\220_LB02R316CKc.jpg,Russula,Russula,TRUE,0.856167555,0.0008557,BaselineCNN,test
data/processed/test\Russula\221_GAqgMbeBJ_w.jpg,Russula,Lactarius,FALSE,0.908399105,0.0008695,BaselineCNN,test
data/processed/test\Russula\222_l5ppfQIYS20.jpg,Russula,Russula,TRUE,0.670314908,0.0009632,BaselineCNN,test
data/processed/test\Russula\229_GvS-zosxGjw.jpg,Russula,Agaricus,FALSE,0.802681208,0.0009994,BaselineCNN,test
data/processed/test\Russula\232_mX205dWbGSs.jpg,Russula,Russula,TRUE,0.724604726,0.000761,BaselineCNN,test
data/processed/test\Russula\237_ngiHar4V9OQ.jpg,Russula,Inocybe,FALSE,0.937135398,0.0012614,BaselineCNN,test
data/processed/test\Russula\251_fEoTrBJW8cM.jpg,Russula,Russula,TRUE,0.9811638,0.0009718,BaselineCNN,test
data/processed/test\Russula\255_Kb8wme58c30.jpg,Russula,Cortinarius,FALSE,0.634911358,0.0009149,BaselineCNN,test
data/processed/test\Russula\274_HgGEtks3OsI.jpg,Russula,Exidia,FALSE,0.637834191,0.0011788,BaselineCNN,test
data/processed/test\Russula\275_pEbq4xW22Ag.jpg,Russula,Russula,TRUE,0.642511785,0.0010234,BaselineCNN,test
data/processed/test\Russula\280_dQwEUooNmxU.jpg,Russula,Russula,TRUE,0.91711694,0.0011733,BaselineCNN,test
data/processed/test\Russula\284_mG2jZJaeiac.jpg,Russula,Russula,TRUE,0.96208638,0.0010546,BaselineCNN,test
data/processed/test\Russula\285_rVkKIZjTiRM.jpg,Russula,Cortinarius,FALSE,0.957734108,0.0010141,BaselineCNN,test
data/processed/test\Russula\287_aSnnhXszXBg.jpg,Russula,Russula,TRUE,0.693875492,0.0010864,BaselineCNN,test
data/processed/test\Russula\298_6kweHNZ0RfI.jpg,Russula,Russula,TRUE,0.96911478,0.0010688,BaselineCNN,test
data/processed/test\Russula\305_tdJxN8UQo7I.jpg,Russula,Russula,TRUE,0.999488115,0.0007601,BaselineCNN,test
data/processed/test\Russula\317_8tQhlDlTHhY.jpg,Russula,Cortinarius,FALSE,0.97278589,0.0008247,BaselineCNN,test
data/processed/test\Russula\322_Ai1EXB8gNws.jpg,Russula,Russula,TRUE,0.821340621,0.0010062,BaselineCNN,test
data/processed/test\Russula\329_PxteNH5w9Yk.jpg,Russula,Russula,TRUE,0.998887241,0.0008981,BaselineCNN,test
data/processed/test\Russula\333_7pP8aVQf3Do.jpg,Russula,Russula,TRUE,0.97416544,0.0008678,BaselineCNN,test
data/processed/test\Russula\338_HPnjALipi70.jpg,Russula,Russula,TRUE,0.87341094,0.0008975,BaselineCNN,test
data/processed/test\Russula\342_CJXxi8f2DOI.jpg,Russula,Suillus,FALSE,0.990415573,0.0010215,BaselineCNN,test
data/processed/test\Russula\349_YRE4p7LbKdg.jpg,Russula,Cortinarius,FALSE,0.812629819,0.0012824,BaselineCNN,test
data/processed/test\Russula\352_ykL56k89IoE.jpg,Russula,Lactarius,FALSE,0.894001961,0.0009745,BaselineCNN,test
data/processed/test\Russula\354_SXkK0j9UPcc.jpg,Russula,Hygrocybe,FALSE,0.403147012,0.0010965,BaselineCNN,test
data/processed/test\Russula\366_Rmr_uH_m3Lc.jpg,Russula,Lactarius,FALSE,0.986365318,0.0010395,BaselineCNN,test
data/processed/test\Russula\375_h9oJuORZEoQ.jpg,Russula,Boletus,FALSE,0.620432138,0.0009926,BaselineCNN,test
data/processed/test\Russula\382_etpGgqzjXAw.jpg,Russula,Amanita,FALSE,0.459174126,0.0010187,BaselineCNN,test
data/processed/test\Russula\391_FoHQbZ-kW6k.jpg,Russula,Cortinarius,FALSE,0.951081693,0.0011729,BaselineCNN,test
data/processed/test\Russula\396_vxteiV8es0s.jpg,Russula,Russula,TRUE,0.965954185,0.0011066,BaselineCNN,test
data/processed/test\Russula\398_0WzJw-BGE1E.jpg,Russula,Cortinarius,FALSE,0.936500609,0.0009374,BaselineCNN,test
data/processed/test\Russula\401_ZfuzzDXFsRU.jpg,Russula,Entoloma,FALSE,0.401429653,0.0014663,BaselineCNN,test
data/processed/test\Russula\406_krT07UQMp10.jpg,Russula,Amanita,FALSE,0.512422621,0.0010126,BaselineCNN,test
data/processed/test\Russula\409_BMzCz6qsXNs.jpg,Russula,Amanita,FALSE,0.672616184,0.0010016,BaselineCNN,test
data/processed/test\Russula\412_hK_N_vllKHo.jpg,Russula,Russula,TRUE,0.991956711,0.0011808,BaselineCNN,test
data/processed/test\Russula\415_UJ1wPsUTn48.jpg,Russula,Russula,TRUE,0.876893997,0.0008549,BaselineCNN,test
data/processed/test\Russula\416_HL5U3TXaTig.jpg,Russula,Russula,TRUE,0.814021826,0.0007658,BaselineCNN,test
data/processed/test\Russula\421_8j91Sr4g8Kc.jpg,Russula,Russula,TRUE,0.999597847,0.0009756,BaselineCNN,test
data/processed/test\Russula\426_RHi0dlqqt8o.jpg,Russula,Inocybe,FALSE,0.713041544,0.0008959,BaselineCNN,test
data/processed/test\Russula\427_x9THSIBmhjg.jpg,Russula,Lactarius,FALSE,0.559141517,0.0008205,BaselineCNN,test
data/processed/test\Russula\430_DSSYi6MPrgM.jpg,Russula,Russula,TRUE,0.762082398,0.0008577,BaselineCNN,test
data/processed/test\Russula\431_6aLV-mYubzE.jpg,Russula,Cortinarius,FALSE,0.996809185,0.0016869,BaselineCNN,test
data/processed/test\Russula\437_CT0j4-xyw0U.jpg,Russula,Cortinarius,FALSE,0.600548685,0.0008579,BaselineCNN,test
data/processed/test\Russula\439_Qy56g_UefV0.jpg,Russula,Russula,TRUE,0.999998331,0.0008194,BaselineCNN,test
data/processed/test\Russula\441_OLHvhkXV5z4.jpg,Russula,Russula,TRUE,0.999955654,0.0008114,BaselineCNN,test
data/processed/test\Russula\448_EjNRPvABLWs.jpg,Russula,Russula,TRUE,0.999877334,0.0008968,BaselineCNN,test
data/processed/test\Russula\452_LFlsAAAX9hI.jpg,Russula,Russula,TRUE,0.849533141,0.0008404,BaselineCNN,test
data/processed/test\Russula\454_uTMl-t0RwNE.jpg,Russula,Amanita,FALSE,0.479965806,0.0009423,BaselineCNN,test
data/processed/test\Russula\458_qK1_4b1eE6c.jpg,Russula,Russula,TRUE,0.993568003,0.0008744,BaselineCNN,test
data/processed/test\Russula\462_gCvKxkgbErI.jpg,Russula,Boletus,FALSE,0.928415775,0.0009045,BaselineCNN,test
data/processed/test\Russula\469_EEz8Pm-LqCM.jpg,Russula,Russula,TRUE,0.985418081,0.0007781,BaselineCNN,test
data/processed/test\Russula\473_-0mqqVq-2vk.jpg,Russula,Russula,TRUE,0.801223099,0.0008035,BaselineCNN,test
data/processed/test\Russula\476_fuSt9QgGDIk.jpg,Russula,Boletus,FALSE,0.89537096,0.0008692,BaselineCNN,test
data/processed/test\Russula\480_74nq3Oj1T0M.jpg,Russula,Russula,TRUE,0.864763856,0.000832,BaselineCNN,test
data/processed/test\Russula\483_iDdkz4PNlOg.jpg,Russula,Cortinarius,FALSE,0.941651165,0.0011352,BaselineCNN,test
data/processed/test\Russula\490_Y5gzpOreJV8.jpg,Russula,Russula,TRUE,0.997938216,0.0009677,BaselineCNN,test
data/processed/test\Russula\494_4l6A9UlJ6HY.jpg,Russula,Russula,TRUE,0.919011474,0.0008557,BaselineCNN,test
data/processed/test\Russula\497_hMPS4Vhoqqk.jpg,Russula,Russula,TRUE,0.983866155,0.0008391,BaselineCNN,test
data/processed/test\Russula\498_iH4yNw872aM.jpg,Russula,Russula,TRUE,0.999700665,0.0008492,BaselineCNN,test
data/processed/test\Russula\502_nJw7weRVBlc.jpg,Russula,Russula,TRUE,0.999887705,0.0012093,BaselineCNN,test
data/processed/test\Russula\511_viHZPnkp9nI.jpg,Russula,Russula,TRUE,0.998435557,0.0008245,BaselineCNN,test
data/processed/test\Russula\513_e8OAjXau1_g.jpg,Russula,Russula,TRUE,0.361782134,0.0008049,BaselineCNN,test
data/processed/test\Russula\515_-fmv5frqmeQ.jpg,Russula,Cortinarius,FALSE,0.608292222,0.000886,BaselineCNN,test
data/processed/test\Russula\517_0X-ur3MZ6-g.jpg,Russula,Cortinarius,FALSE,0.442784995,0.0008389,BaselineCNN,test
data/processed/test\Russula\518_ddwb9zDz0EA.jpg,Russula,Exidia,FALSE,0.652733862,0.0007662,BaselineCNN,test
data/processed/test\Russula\519_MgcY6NzuGRg.jpg,Russula,Russula,TRUE,0.99921155,0.0007408,BaselineCNN,test
data/processed/test\Russula\519__Yn0OFxI1q4.jpg,Russula,Russula,TRUE,0.661519408,0.0011632,BaselineCNN,test
data/processed/test\Russula\521_PoCOMLLE194.jpg,Russula,Inocybe,FALSE,0.826121271,0.0009637,BaselineCNN,test
data/processed/test\Russula\522_HB75V6h0zHA.jpg,Russula,Russula,TRUE,0.951707184,0.0009556,BaselineCNN,test
data/processed/test\Russula\529_ailR88iHnVk.jpg,Russula,Russula,TRUE,0.628772438,0.0014514,BaselineCNN,test
data/processed/test\Russula\530_0Er0JIn-St8.jpg,Russula,Lactarius,FALSE,0.921986043,0.0007689,BaselineCNN,test
data/processed/test\Russula\531_nA8Zxo2h3PI.jpg,Russula,Suillus,FALSE,0.339408219,0.0009044,BaselineCNN,test
data/processed/test\Russula\533_HFOAEH-GMI8.jpg,Russula,Russula,TRUE,0.806440592,0.0010813,BaselineCNN,test
data/processed/test\Russula\534_qpoLwy-f_Xo.jpg,Russula,Russula,TRUE,0.999644518,0.0008653,BaselineCNN,test
data/processed/test\Russula\538_KQ94jYukaKU.jpg,Russula,Cortinarius,FALSE,0.383026272,0.0008513,BaselineCNN,test
data/processed/test\Russula\538_tf4RCsz9upY.jpg,Russula,Russula,TRUE,0.728413224,0.0008222,BaselineCNN,test
data/processed/test\Russula\548_28oWJjM1dis.jpg,Russula,Exidia,FALSE,0.699174881,0.000725,BaselineCNN,test
data/processed/test\Russula\551_wGsl1ac6chs.jpg,Russula,Lactarius,FALSE,0.691128194,0.0010532,BaselineCNN,test
data/processed/test\Russula\552_ihVJ4T4Sss8.jpg,Russula,Lactarius,FALSE,0.539993525,0.0008531,BaselineCNN,test
data/processed/test\Russula\555_FEOGSD31AJA.jpg,Russula,Lactarius,FALSE,0.91719085,0.0007979,BaselineCNN,test
data/processed/test\Russula\556_ppbtXziu5ZQ.jpg,Russula,Russula,TRUE,0.986906409,0.0008947,BaselineCNN,test
data/processed/test\Russula\557_QAd1lVBkjXU.jpg,Russula,Cortinarius,FALSE,0.715011895,0.0009378,BaselineCNN,test
data/processed/test\Russula\560_cMc-iWHiAlE.jpg,Russula,Boletus,FALSE,0.737881482,0.0008475,BaselineCNN,test
data/processed/test\Russula\569_JW9oRUfkNN0.jpg,Russula,Russula,TRUE,0.809463143,0.0008819,BaselineCNN,test
data/processed/test\Russula\572_yBKxg92PsOQ.jpg,Russula,Russula,TRUE,0.43379128,0.0009302,BaselineCNN,test
data/processed/test\Russula\575_gWC0enFjtPM.jpg,Russula,Russula,TRUE,0.717683017,0.000801,BaselineCNN,test
data/processed/test\Russula\580_ntj_DGdqmvA.jpg,Russula,Russula,TRUE,0.999868512,0.0008865,BaselineCNN,test
data/processed/test\Russula\588__rRMnuidFcw.jpg,Russula,Amanita,FALSE,0.484039634,0.0012401,BaselineCNN,test
data/processed/test\Russula\590_uV2vuMobSEM.jpg,Russula,Russula,TRUE,0.779876411,0.0007463,BaselineCNN,test
data/processed/test\Russula\591_mUNB-xH-tCw.jpg,Russula,Agaricus,FALSE,0.241027027,0.0007657,BaselineCNN,test
data/processed/test\Russula\605_KtkMUv-JJ5I.jpg,Russula,Russula,TRUE,0.969483018,0.0010955,BaselineCNN,test
data/processed/test\Russula\608_0aU_jR-I9JA.jpg,Russula,Russula,TRUE,0.971228123,0.0009245,BaselineCNN,test
data/processed/test\Russula\619_iJOS5fLgNQU.jpg,Russula,Cortinarius,FALSE,0.984305084,0.000858,BaselineCNN,test
data/processed/test\Russula\624_AB7Ht1J6_Ts.jpg,Russula,Russula,TRUE,0.390017152,0.0008893,BaselineCNN,test
data/processed/test\Russula\635_CzRg4ZH0g3s.jpg,Russula,Boletus,FALSE,0.412774175,0.0007465,BaselineCNN,test
data/processed/test\Russula\650_p3glAsLgTMs.jpg,Russula,Inocybe,FALSE,0.900285661,0.0011994,BaselineCNN,test
data/processed/test\Russula\667_m3O20kXwdDE.jpg,Russula,Russula,TRUE,0.996303797,0.0010317,BaselineCNN,test
data/processed/test\Russula\668_5paJFA7_Ua8.jpg,Russula,Russula,TRUE,0.97240293,0.0008601,BaselineCNN,test
data/processed/test\Russula\674_hp6AgJkRPZQ.jpg,Russula,Russula,TRUE,0.610859275,0.0008504,BaselineCNN,test
data/processed/test\Russula\681_EsZTIQlfMjc.jpg,Russula,Agaricus,FALSE,0.611253917,0.0008489,BaselineCNN,test
data/processed/test\Russula\689_A6I1XAc367A.jpg,Russula,Russula,TRUE,0.999999881,0.0008697,BaselineCNN,test
data/processed/test\Russula\703_Nptow3WB0qw.jpg,Russula,Russula,TRUE,0.938042283,0.0008313,BaselineCNN,test
data/processed/test\Russula\705_zyUROKt6OHs.jpg,Russula,Cortinarius,FALSE,0.707359254,0.0015439,BaselineCNN,test
data/processed/test\Russula\719_RWQ7F3kVyZ8.jpg,Russula,Cortinarius,FALSE,0.966332853,0.0011817,BaselineCNN,test
data/processed/test\Russula\727_GqKz3HCWl0c.jpg,Russula,Lactarius,FALSE,0.934456527,0.0008803,BaselineCNN,test
data/processed/test\Russula\728_GKNcKK0yCIc.jpg,Russula,Cortinarius,FALSE,0.501354039,0.0008809,BaselineCNN,test
data/processed/test\Russula\737_CKVsLcd_U7c.jpg,Russula,Russula,TRUE,0.998767734,0.0010448,BaselineCNN,test
data/processed/test\Russula\738_erZ8MolTf3U.jpg,Russula,Russula,TRUE,0.982114255,0.0009505,BaselineCNN,test
data/processed/test\Russula\756_vp2vfTitRMQ.jpg,Russula,Russula,TRUE,0.995826125,0.0009114,BaselineCNN,test
data/processed/test\Russula\757_iadA7ihhNeQ.jpg,Russula,Cortinarius,FALSE,0.586466372,0.0009266,BaselineCNN,test
data/processed/test\Russula\761_PoCeQSN4r0Y.jpg,Russula,Hygrocybe,FALSE,0.945994914,0.0011953,BaselineCNN,test
data/processed/test\Russula\764_Km8WK13K9DM.jpg,Russula,Cortinarius,FALSE,0.529606462,0.0009426,BaselineCNN,test
data/processed/test\Russula\773_rvHJQsLi9cg.jpg,Russula,Russula,TRUE,0.953447342,0.0009984,BaselineCNN,test
data/processed/test\Russula\777_1makiuR24D8.jpg,Russula,Russula,TRUE,0.975635886,0.000901,BaselineCNN,test
data/processed/test\Russula\781_6bHC50w-YyU.jpg,Russula,Russula,TRUE,0.89297843,0.0011019,BaselineCNN,test
data/processed/test\Russula\789_ZOAABwfjsvE.jpg,Russula,Agaricus,FALSE,0.94448185,0.0008665,BaselineCNN,test
data/processed/test\Russula\790_XgJL7jUO0n0.jpg,Russula,Russula,TRUE,0.867147326,0.0007638,BaselineCNN,test
data/processed/test\Russula\791_bmziJQYOR-0.jpg,Russula,Agaricus,FALSE,0.425103694,0.0010759,BaselineCNN,test
data/processed/test\Suillus\004_LMWP6X0bx7g.jpg,Suillus,Russula,FALSE,0.95302707,0.0010533,BaselineCNN,test
data/processed/test\Suillus\005_4zrEN39EHeU.jpg,Suillus,Lactarius,FALSE,0.922364414,0.0007735,BaselineCNN,test
data/processed/test\Suillus\006_8Su_kJ43Mho.jpg,Suillus,Cortinarius,FALSE,0.400583535,0.0008865,BaselineCNN,test
data/processed/test\Suillus\013_SzBeuYLeWzY.jpg,Suillus,Cortinarius,FALSE,0.705921352,0.0010735,BaselineCNN,test
data/processed/test\Suillus\020_qW3wRprNQuU.jpg,Suillus,Cortinarius,FALSE,0.58060807,0.000943,BaselineCNN,test
data/processed/test\Suillus\024_b9YCAgUxfLc.jpg,Suillus,Lactarius,FALSE,0.759879589,0.0008931,BaselineCNN,test
data/processed/test\Suillus\035_GGH3qG0fqcg.jpg,Suillus,Inocybe,FALSE,0.336664617,0.0007605,BaselineCNN,test
data/processed/test\Suillus\042_S8g3kuvZPb4.jpg,Suillus,Lactarius,FALSE,0.907949865,0.0008798,BaselineCNN,test
data/processed/test\Suillus\053_pR_9bsx0WUU.jpg,Suillus,Lactarius,FALSE,0.957466781,0.0008706,BaselineCNN,test
data/processed/test\Suillus\057_QjMKHaEMZBI.jpg,Suillus,Lactarius,FALSE,0.739188492,0.0009956,BaselineCNN,test
data/processed/test\Suillus\059_JRPx07CUp9I.jpg,Suillus,Lactarius,FALSE,0.812164724,0.0007603,BaselineCNN,test
data/processed/test\Suillus\060_HFmPuFBK7f4.jpg,Suillus,Russula,FALSE,0.991072714,0.0009694,BaselineCNN,test
data/processed/test\Suillus\063_DU3VJmB-I14.jpg,Suillus,Russula,FALSE,0.99773562,0.0008301,BaselineCNN,test
data/processed/test\Suillus\066_uFngOMLuPrE.jpg,Suillus,Cortinarius,FALSE,0.994968116,0.001133,BaselineCNN,test
data/processed/test\Suillus\071_pDklNEHcmB8.jpg,Suillus,Hygrocybe,FALSE,0.898399532,0.0008625,BaselineCNN,test
data/processed/test\Suillus\072_qfIXcNPk1eM.jpg,Suillus,Inocybe,FALSE,0.436371744,0.0008664,BaselineCNN,test
data/processed/test\Suillus\076_eqA9_q6_9JU.jpg,Suillus,Cortinarius,FALSE,0.996981323,0.0009621,BaselineCNN,test
data/processed/test\Suillus\103_jpMZm4FpWNQ.jpg,Suillus,Suillus,TRUE,0.709984779,0.0008426,BaselineCNN,test
data/processed/test\Suillus\105_ywBhq3G8x-g.jpg,Suillus,Amanita,FALSE,0.497877479,0.0009487,BaselineCNN,test
data/processed/test\Suillus\109_BXGWNC8c4aw.jpg,Suillus,Lactarius,FALSE,0.483518332,0.0007991,BaselineCNN,test
data/processed/test\Suillus\110_GXWZjkiIn3U.jpg,Suillus,Lactarius,FALSE,0.902202427,0.0008311,BaselineCNN,test
data/processed/test\Suillus\123_CK6TqHiLN8s.jpg,Suillus,Cortinarius,FALSE,0.996927798,0.0008211,BaselineCNN,test
data/processed/test\Suillus\124_A3Rr6EGcEuc.jpg,Suillus,Lactarius,FALSE,0.409722745,0.0009049,BaselineCNN,test
data/processed/test\Suillus\135_jpc6hxtvXcY.jpg,Suillus,Cortinarius,FALSE,0.801737726,0.0009127,BaselineCNN,test
data/processed/test\Suillus\140_AElK4TLjpHw.jpg,Suillus,Inocybe,FALSE,0.847080469,0.0009432,BaselineCNN,test
data/processed/test\Suillus\143_4I78Lp4NctA.jpg,Suillus,Hygrocybe,FALSE,0.400505424,0.0008543,BaselineCNN,test
data/processed/test\Suillus\150_jLg9QQo1nOg.jpg,Suillus,Russula,FALSE,0.847495019,0.0008847,BaselineCNN,test
data/processed/test\Suillus\152_uGhPmWPTFe8.jpg,Suillus,Cortinarius,FALSE,0.880882025,0.001012,BaselineCNN,test
data/processed/test\Suillus\153_iWtEXcs9CUw.jpg,Suillus,Lactarius,FALSE,0.719967604,0.0008552,BaselineCNN,test
data/processed/test\Suillus\159_8OhWm5aBdYo.jpg,Suillus,Russula,FALSE,0.560445666,0.0008452,BaselineCNN,test
data/processed/test\Suillus\174_G_tZXZc2BS8.jpg,Suillus,Agaricus,FALSE,0.530474782,0.0008993,BaselineCNN,test
data/processed/test\Suillus\186_Zx-rs9g1O2M.jpg,Suillus,Lactarius,FALSE,0.554899693,0.0010956,BaselineCNN,test
data/processed/test\Suillus\187_rbfGR0jzf1M.jpg,Suillus,Inocybe,FALSE,0.39006412,0.0011836,BaselineCNN,test
data/processed/test\Suillus\195_4bcpABEJmZ0.jpg,Suillus,Hygrocybe,FALSE,0.488307267,0.0008341,BaselineCNN,test
data/processed/test\Suillus\197_0xmjWv0BbOU.jpg,Suillus,Lactarius,FALSE,0.892941058,0.0008728,BaselineCNN,test
data/processed/test\Suillus\209_7dBOxsmYgEg.jpg,Suillus,Lactarius,FALSE,0.590892494,0.000763,BaselineCNN,test
data/processed/test\Suillus\217_ZAXchPHjhcE.jpg,Suillus,Cortinarius,FALSE,0.369900316,0.0009056,BaselineCNN,test
data/processed/test\Suillus\228_LjjB-u2A1pU.jpg,Suillus,Hygrocybe,FALSE,0.797236085,0.0009716,BaselineCNN,test
data/processed/test\Suillus\239_pLvnF05ewak.jpg,Suillus,Cortinarius,FALSE,0.562266409,0.0013993,BaselineCNN,test
data/processed/test\Suillus\246_dDYtt6MpmiI.jpg,Suillus,Boletus,FALSE,0.965921164,0.0011729,BaselineCNN,test
data/processed/test\Suillus\255_9-ELp1gnP9Q.jpg,Suillus,Lactarius,FALSE,0.817618728,0.0013357,BaselineCNN,test
data/processed/test\Suillus\286_3SyGqemn_aQ.jpg,Suillus,Cortinarius,FALSE,0.857928634,0.000973,BaselineCNN,test
data/processed/test\Suillus\287_uBlS4Qgx1HQ.jpg,Suillus,Boletus,FALSE,0.773841381,0.0010943,BaselineCNN,test
data/processed/test\Suillus\289_BYUT_xNeNAg.jpg,Suillus,Cortinarius,FALSE,0.976571798,0.0007557,BaselineCNN,test
data/processed/test\Suillus\293_zL8A0olEfaA.jpg,Suillus,Lactarius,FALSE,0.985364497,0.0010998,BaselineCNN,test
data/processed/test\Suillus\294_BX6ekzpPLto.jpg,Suillus,Inocybe,FALSE,0.553406358,0.0008667,BaselineCNN,test
data/processed/test\Suillus\302_C8yj39nTbnM.jpg,Suillus,Cortinarius,FALSE,0.665079951,0.000883,BaselineCNN,test
data/processed/test\Suillus\324_nslhbQyQ1Gk.jpg,Suillus,Boletus,FALSE,0.999996424,0.0014605,BaselineCNN,test
