image_path,true_label,predicted_label,correct,confidence,inference_time_sec,model_name,split
data/processed/test\Agaricus\003_4AurAO4Jil8.jpg,Agaricus,Lactarius,False,0.39995133876800537,0.02339600000414066,ResNet18,test
data/processed/test\Agaricus\014_DU4RE5bim5A.jpg,Agaricus,Agaricus,True,0.4226118326187134,0.0066907000000355765,ResNet18,test
data/processed/test\Agaricus\016_qNYODERZEms.jpg,Agaricus,Agaricus,True,0.8962711095809937,0.006549300000187941,ResNet18,test
data/processed/test\Agaricus\019_aaTsKm7exKE.jpg,Agaricus,Agaricus,True,0.827890157699585,0.006569699995452538,ResNet18,test
data/processed/test\Agaricus\020_vZJfrjIwmqU.jpg,Agaricus,Cortinarius,False,0.2442542165517807,0.0065882999915629625,ResNet18,test
data/processed/test\Agaricus\029_ZksYQQBGVIg.jpg,Agaricus,Agaricus,True,0.3472560942173004,0.006332500008284114,ResNet18,test
data/processed/test\Agaricus\048_iC9glWRw_EM.jpg,Agaricus,Agaricus,True,0.9804495573043823,0.006417399999918416,ResNet18,test
data/processed/test\Agaricus\052_z7PpmpKIPU4.jpg,Agaricus,Agaricus,True,0.8230981230735779,0.006933999989996664,ResNet18,test
data/processed/test\Agaricus\055_Cggc3hvlPfg.jpg,Agaricus,Agaricus,True,0.5628037452697754,0.006645400004344992,ResNet18,test
data/processed/test\Agaricus\057_n1EFvW3JrYo.jpg,Agaricus,Agaricus,True,0.3776768743991852,0.0065670000039972365,ResNet18,test
data/processed/test\Agaricus\063_Fa4IMCTXq04.jpg,Agaricus,Agaricus,True,0.8440685272216797,0.006419899989850819,ResNet18,test
data/processed/test\Agaricus\069_W-jISbXJon8.jpg,Agaricus,Lactarius,False,0.6657295823097229,0.006445499995606951,ResNet18,test
data/processed/test\Agaricus\075_osC0agHm9UY.jpg,Agaricus,Agaricus,True,0.5433236956596375,0.006980999998631887,ResNet18,test
data/processed/test\Agaricus\083_mx9HfmWGwWo.jpg,Agaricus,Lactarius,False,0.3705722987651825,0.006564700001035817,ResNet18,test
data/processed/test\Agaricus\091_3BEGnmvAiRw.jpg,Agaricus,Amanita,False,0.3846687078475952,0.006717600001138635,ResNet18,test
data/processed/test\Agaricus\093_Bz-kiIMN6EA.jpg,Agaricus,Agaricus,True,0.5837458968162537,0.006441500008804724,ResNet18,test
data/processed/test\Agaricus\115_Jd1nw0g-Z5c.jpg,Agaricus,Agaricus,True,0.33125361800193787,0.006476199996541254,ResNet18,test
data/processed/test\Agaricus\127_5z4-vDJFDS8.jpg,Agaricus,Agaricus,True,0.7326869964599609,0.006098599988035858,ResNet18,test
data/processed/test\Agaricus\128_iITC2t8k-ao.jpg,Agaricus,Agaricus,True,0.3688521981239319,0.006311500008450821,ResNet18,test
data/processed/test\Agaricus\129_E1FD01dZMiw.jpg,Agaricus,Lactarius,False,0.4233698844909668,0.006180600001243874,ResNet18,test
data/processed/test\Agaricus\131_YrsaHYXAieo.jpg,Agaricus,Agaricus,True,0.8604612350463867,0.006190300002344884,ResNet18,test
data/processed/test\Agaricus\141_099PmS-9Xww.jpg,Agaricus,Amanita,False,0.23253673315048218,0.006207999991602264,ResNet18,test
data/processed/test\Agaricus\147_eDN4yYIkeAs.jpg,Agaricus,Cortinarius,False,0.410566121339798,0.0062292000075103715,ResNet18,test
data/processed/test\Agaricus\162_19HDdc3YjRs.jpg,Agaricus,Cortinarius,False,0.33912351727485657,0.006195800000568852,ResNet18,test
data/processed/test\Agaricus\169_qqgFJZ8Zt4g.jpg,Agaricus,Amanita,False,0.527814507484436,0.006161500001326203,ResNet18,test
data/processed/test\Agaricus\171_wN-s2yo8YTs.jpg,Agaricus,Amanita,False,0.6141803860664368,0.006140899989986792,ResNet18,test
data/processed/test\Agaricus\179_jfF8TJ9ZlvU.jpg,Agaricus,Russula,False,0.4593137204647064,0.006196500005898997,ResNet18,test
data/processed/test\Agaricus\206_W3JvSvV8oF8.jpg,Agaricus,Agaricus,True,0.40036746859550476,0.006231299994396977,ResNet18,test
data/processed/test\Agaricus\211_2k-2vImOD5g.jpg,Agaricus,Agaricus,True,0.8234865665435791,0.006259300003875978,ResNet18,test
data/processed/test\Agaricus\213_o8ynZBRKBSE.jpg,Agaricus,Agaricus,True,0.911750316619873,0.0061923000030219555,ResNet18,test
data/processed/test\Agaricus\226_0du5e8k_cCA.jpg,Agaricus,Agaricus,True,0.48463818430900574,0.006110600006650202,ResNet18,test
data/processed/test\Agaricus\228_2SjHadDRW6o.jpg,Agaricus,Lactarius,False,0.40390366315841675,0.006132499998784624,ResNet18,test
data/processed/test\Agaricus\237_y2JGdND-zxI.jpg,Agaricus,Boletus,False,0.4096652865409851,0.006148400003439747,ResNet18,test
data/processed/test\Agaricus\238_I1p90MwfEEw.jpg,Agaricus,Agaricus,True,0.5456094145774841,0.006088299996918067,ResNet18,test
data/processed/test\Agaricus\270_Js1q2S-fR_Y.jpg,Agaricus,Agaricus,True,0.8905379176139832,0.005860899997060187,ResNet18,test
data/processed/test\Agaricus\272_r-A9DMTwWoM.jpg,Agaricus,Agaricus,True,0.730179488658905,0.005914800000027753,ResNet18,test
data/processed/test\Agaricus\294_kPCOGW3Y_Ak.jpg,Agaricus,Boletus,False,0.5581856369972229,0.0059228000027360395,ResNet18,test
data/processed/test\Agaricus\300_VSw-oPLasfg.jpg,Agaricus,Lactarius,False,0.348906010389328,0.005730899996706285,ResNet18,test
data/processed/test\Agaricus\323_5Es9oQ3LeGk.jpg,Agaricus,Russula,False,0.3214252293109894,0.006371800001943484,ResNet18,test
data/processed/test\Agaricus\349_Euf9XZEVTMc.jpg,Agaricus,Inocybe,False,0.40949687361717224,0.005972200000542216,ResNet18,test
data/processed/test\Agaricus\354_VP-DWvLyI3w.jpg,Agaricus,Amanita,False,0.8849063515663147,0.005979900000966154,ResNet18,test
data/processed/test\Agaricus\357__w_XUQZMZEw.jpg,Agaricus,Russula,False,0.3898286819458008,0.0060452999896369874,ResNet18,test
data/processed/test\Agaricus\366_XEI1sAQds7w.jpg,Agaricus,Agaricus,True,0.7444312572479248,0.005956199995125644,ResNet18,test
data/processed/test\Agaricus\374_Xap1L15Z8BM.jpg,Agaricus,Agaricus,True,0.6755805015563965,0.005844200000865385,ResNet18,test
data/processed/test\Agaricus\384_T_p5cKpLpsc.jpg,Agaricus,Agaricus,True,0.6325836181640625,0.00603679999767337,ResNet18,test
data/processed/test\Agaricus\385_iwfhPs4irjk.jpg,Agaricus,Suillus,False,0.41037899255752563,0.005950799997663125,ResNet18,test
data/processed/test\Agaricus\391_N7A0y7CgOA0.jpg,Agaricus,Entoloma,False,0.2339448630809784,0.006305400005658157,ResNet18,test
data/processed/test\Agaricus\392_QXsLZMnBIt0.jpg,Agaricus,Suillus,False,0.24707789719104767,0.005874800001038238,ResNet18,test
data/processed/test\Agaricus\411_egeAEeL40Lc.jpg,Agaricus,Amanita,False,0.6725326180458069,0.005875200004084036,ResNet18,test
data/processed/test\Agaricus\413_4LTr0R0Dk8o.jpg,Agaricus,Amanita,False,0.6064824461936951,0.005991500001982786,ResNet18,test
data/processed/test\Agaricus\430_IpjdsyrmIzc.jpg,Agaricus,Agaricus,True,0.38309234380722046,0.005949700003839098,ResNet18,test
data/processed/test\Agaricus\433_XWxLl-zeNQ8.jpg,Agaricus,Agaricus,True,0.44885995984077454,0.0062074000015854836,ResNet18,test
data/processed/test\Agaricus\438_uTWjQsEXep4.jpg,Agaricus,Cortinarius,False,0.5552579164505005,0.005737200001021847,ResNet18,test
data/processed/test\Agaricus\439_w5uD0w5wrXs.jpg,Agaricus,Amanita,False,0.5095884203910828,0.005744999987655319,ResNet18,test
data/processed/test\Amanita\004_wIVV5id0aOg.jpg,Amanita,Amanita,True,0.9154860973358154,0.005363699994632043,ResNet18,test
data/processed/test\Amanita\010_Ji4N7IDyRKY.jpg,Amanita,Amanita,True,0.9882098436355591,0.005828499997733161,ResNet18,test
data/processed/test\Amanita\011_DoZoYI2vj20.jpg,Amanita,Amanita,True,0.9950482249259949,0.005726100003812462,ResNet18,test
data/processed/test\Amanita\026_8kxG9731_4w.jpg,Amanita,Amanita,True,0.9955927729606628,0.005655100001604296,ResNet18,test
data/processed/test\Amanita\027_i47VTXypFTE.jpg,Amanita,Amanita,True,0.9336908459663391,0.005465499998535961,ResNet18,test
data/processed/test\Amanita\038_VKaJLTO8zZU.jpg,Amanita,Cortinarius,False,0.39531809091567993,0.005676500004483387,ResNet18,test
data/processed/test\Amanita\041_6n9nhA4C6K8.jpg,Amanita,Boletus,False,0.7086122632026672,0.005638699993141927,ResNet18,test
data/processed/test\Amanita\042_aqfiTPuiGHo.jpg,Amanita,Amanita,True,0.6021382212638855,0.005916699999943376,ResNet18,test
data/processed/test\Amanita\044_BvKKMmJ6Nfo.jpg,Amanita,Amanita,True,0.43506723642349243,0.005654799999319948,ResNet18,test
data/processed/test\Amanita\048_3CAOSWVxhe0.jpg,Amanita,Cortinarius,False,0.41945746541023254,0.005869800006621517,ResNet18,test
data/processed/test\Amanita\055_riJalDjBcnI.jpg,Amanita,Amanita,True,0.8629512190818787,0.005918499999097548,ResNet18,test
data/processed/test\Amanita\075_3gL0KWhOrbs.jpg,Amanita,Amanita,True,0.9843171834945679,0.00583080000069458,ResNet18,test
data/processed/test\Amanita\081_C-pQjIw3h7M.jpg,Amanita,Amanita,True,0.8691977262496948,0.0051367999985814095,ResNet18,test
data/processed/test\Amanita\083_GAJUFRatKvg.jpg,Amanita,Amanita,True,0.9968605041503906,0.00400400000216905,ResNet18,test
data/processed/test\Amanita\101_m1QUT_IvswY.jpg,Amanita,Amanita,True,0.8686138391494751,0.003689599994686432,ResNet18,test
data/processed/test\Amanita\109_mApfQHzHo0k.jpg,Amanita,Amanita,True,0.7523945569992065,0.0033155000128317624,ResNet18,test
data/processed/test\Amanita\112_v5maqRj9Z_w.jpg,Amanita,Inocybe,False,0.5595699548721313,0.003830400004517287,ResNet18,test
data/processed/test\Amanita\113_Ssk7arItOnk.jpg,Amanita,Amanita,True,0.8659994006156921,0.0037412999954540282,ResNet18,test
data/processed/test\Amanita\116_V-662GMGI6U.jpg,Amanita,Cortinarius,False,0.6681070327758789,0.0036814000050071627,ResNet18,test
data/processed/test\Amanita\117_2i4Ly-hB5rY.jpg,Amanita,Amanita,True,0.4126206040382385,0.004052499993122183,ResNet18,test
data/processed/test\Amanita\121_0mE3kiyOk4k.jpg,Amanita,Amanita,True,0.9856542944908142,0.0034582999942358583,ResNet18,test
data/processed/test\Amanita\125_jnNJwiuIHj0.jpg,Amanita,Amanita,True,0.9588189125061035,0.0034820999862859026,ResNet18,test
data/processed/test\Amanita\138_kCA0Zae2KX0.jpg,Amanita,Amanita,True,0.9954730868339539,0.0035759000020334497,ResNet18,test
data/processed/test\Amanita\141_zaaLqAyIHuQ.jpg,Amanita,Amanita,True,0.9893338084220886,0.0034832000092137605,ResNet18,test
data/processed/test\Amanita\143_ZpRWUcr7GhA.jpg,Amanita,Amanita,True,0.9093397259712219,0.003463799992459826,ResNet18,test
data/processed/test\Amanita\145_2JCprUI2Ugw.jpg,Amanita,Amanita,True,0.9673662185668945,0.0034813999955076724,ResNet18,test
data/processed/test\Amanita\159_majDHo2IG8U.jpg,Amanita,Amanita,True,0.9520158767700195,0.0033777000062400475,ResNet18,test
data/processed/test\Amanita\160_2Xs6Ueh19D4.jpg,Amanita,Amanita,True,0.7357660531997681,0.003719300002558157,ResNet18,test
data/processed/test\Amanita\166_wCNIOK2FS_U.jpg,Amanita,Amanita,True,0.8233910799026489,0.0035337000008439645,ResNet18,test
data/processed/test\Amanita\167_oTHBDUWfBxA.jpg,Amanita,Amanita,True,0.9277487993240356,0.0034556000027805567,ResNet18,test
data/processed/test\Amanita\169_ODaDqR_tlG0.jpg,Amanita,Amanita,True,0.9318507313728333,0.0034031999966828153,ResNet18,test
data/processed/test\Amanita\171_6GMgYtjBa8k.jpg,Amanita,Amanita,True,0.9977647066116333,0.0032174000079976395,ResNet18,test
data/processed/test\Amanita\173_jqvVZF8AWxg.jpg,Amanita,Amanita,True,0.9990791082382202,0.0034684999991441146,ResNet18,test
data/processed/test\Amanita\175_wCfYH50cXu8.jpg,Amanita,Amanita,True,0.9695781469345093,0.003349200007505715,ResNet18,test
data/processed/test\Amanita\192_uQQGhgvOkTI.jpg,Amanita,Amanita,True,0.48783421516418457,0.003765799992834218,ResNet18,test
data/processed/test\Amanita\194__2kBAgeqxZc.jpg,Amanita,Amanita,True,0.8867363333702087,0.0034041000035358593,ResNet18,test
data/processed/test\Amanita\208_EvpNOUGmeVI.jpg,Amanita,Amanita,True,0.995937705039978,0.0035616000095615163,ResNet18,test
data/processed/test\Amanita\215_XXWsMnFz1MI.jpg,Amanita,Amanita,True,0.9999403953552246,0.0035574000066844746,ResNet18,test
data/processed/test\Amanita\219_d2on0Kw19Ds.jpg,Amanita,Amanita,True,0.9857780933380127,0.0034011000097962096,ResNet18,test
data/processed/test\Amanita\226_zzTeEGVX8nY.jpg,Amanita,Entoloma,False,0.3743656575679779,0.0042021999979624525,ResNet18,test
data/processed/test\Amanita\229_AAkARuMGR0c.jpg,Amanita,Lactarius,False,0.547268807888031,0.003634499997133389,ResNet18,test
data/processed/test\Amanita\238_7M5xzSG_g_A.jpg,Amanita,Amanita,True,0.9835519194602966,0.005026800004998222,ResNet18,test
data/processed/test\Amanita\239_m__Mvvi_6yk.jpg,Amanita,Amanita,True,0.9597749710083008,0.0034313999931328,ResNet18,test
data/processed/test\Amanita\245_hJy0oklu5jA.jpg,Amanita,Amanita,True,0.9933468103408813,0.0035880999930668622,ResNet18,test
data/processed/test\Amanita\254_Lyi3XcTltRs.jpg,Amanita,Amanita,True,0.8404805064201355,0.005154200000106357,ResNet18,test
data/processed/test\Amanita\262_lkxMPar_qU4.jpg,Amanita,Amanita,True,0.43363022804260254,0.005172500008484349,ResNet18,test
data/processed/test\Amanita\266_1lFPzGUJdrw.jpg,Amanita,Amanita,True,0.8378921747207642,0.005013800007873215,ResNet18,test
data/processed/test\Amanita\267_Jv9rb_uZxxM.jpg,Amanita,Amanita,True,0.9996160268783569,0.004991699999663979,ResNet18,test
data/processed/test\Amanita\269_y7diE9hqyqg.jpg,Amanita,Amanita,True,0.497073769569397,0.006193300010636449,ResNet18,test
data/processed/test\Amanita\280_kmvGIrteUEU.jpg,Amanita,Amanita,True,0.7980464696884155,0.005946299992501736,ResNet18,test
data/processed/test\Amanita\283_A61Fv-WuOIQ.jpg,Amanita,Amanita,True,0.8558703064918518,0.004162899989751168,ResNet18,test
data/processed/test\Amanita\284_hjYnEPCzZWs.jpg,Amanita,Amanita,True,0.9074910879135132,0.005047300001024269,ResNet18,test
data/processed/test\Amanita\286_akbOrg8qrWc.jpg,Amanita,Amanita,True,0.7967209815979004,0.004740100004710257,ResNet18,test
data/processed/test\Amanita\291_8IJ4_ANpJLg.jpg,Amanita,Amanita,True,0.38676899671554565,0.004211799998302013,ResNet18,test
data/processed/test\Amanita\296_sKFU2MHCmQI.jpg,Amanita,Amanita,True,0.921337366104126,0.004782699994393624,ResNet18,test
data/processed/test\Amanita\301_arWVKBAl1xg.jpg,Amanita,Cortinarius,False,0.8434744477272034,0.003926100005628541,ResNet18,test
data/processed/test\Amanita\304_fF9sgw_cuPo.jpg,Amanita,Russula,False,0.6562597751617432,0.003863899997668341,ResNet18,test
data/processed/test\Amanita\319_VSiBPtwZDwM.jpg,Amanita,Amanita,True,0.5273830890655518,0.003690199999255128,ResNet18,test
data/processed/test\Amanita\323_sgZnWNFTFFc.jpg,Amanita,Amanita,True,0.9940349459648132,0.00389220000943169,ResNet18,test
data/processed/test\Amanita\326_q3-8lXVmcVM.jpg,Amanita,Amanita,True,0.9647763967514038,0.0038850999990245327,ResNet18,test
data/processed/test\Amanita\329_jpdnrnOYvm8.jpg,Amanita,Amanita,True,0.7117061614990234,0.003614100001868792,ResNet18,test
data/processed/test\Amanita\354_HFiOZg6IOL8.jpg,Amanita,Amanita,True,0.8168419003486633,0.0038837000029161572,ResNet18,test
data/processed/test\Amanita\355_e0Y8jDjEmzs.jpg,Amanita,Amanita,True,0.9523137211799622,0.004448399995453656,ResNet18,test
data/processed/test\Amanita\366_zzsJUWaNdxg.jpg,Amanita,Amanita,True,0.9900466799736023,0.0038099999947007746,ResNet18,test
data/processed/test\Amanita\372_5SYWecQTaKc.jpg,Amanita,Amanita,True,0.9697250127792358,0.003986999989137985,ResNet18,test
data/processed/test\Amanita\373_YmenYH0HVC0.jpg,Amanita,Amanita,True,0.7905701398849487,0.0041416000021854416,ResNet18,test
data/processed/test\Amanita\377_qiZKoEIbfFk.jpg,Amanita,Russula,False,0.33010393381118774,0.0041335999994771555,ResNet18,test
data/processed/test\Amanita\381_t_eyYyXYB1k.jpg,Amanita,Amanita,True,0.9452974200248718,0.003994300001068041,ResNet18,test
data/processed/test\Amanita\389_1fQDmvX1jb8.jpg,Amanita,Amanita,True,0.9747675657272339,0.0034279000101378188,ResNet18,test
data/processed/test\Amanita\395_tL3vBGNvjeI.jpg,Amanita,Amanita,True,0.9123112559318542,0.0038935999909881502,ResNet18,test
data/processed/test\Amanita\408_Jn439YAL3hs.jpg,Amanita,Amanita,True,0.9183244109153748,0.004521399998338893,ResNet18,test
data/processed/test\Amanita\433_mzRZXazhvVU.jpg,Amanita,Russula,False,0.4516187608242035,0.0039800999948056415,ResNet18,test
data/processed/test\Amanita\438_gh-zSGziyQ4.jpg,Amanita,Amanita,True,0.716038167476654,0.003905799996573478,ResNet18,test
data/processed/test\Amanita\439_fP_ozmLLhb8.jpg,Amanita,Agaricus,False,0.5168914794921875,0.004017699990072288,ResNet18,test
data/processed/test\Amanita\451_V0quFnk9NFA.jpg,Amanita,Amanita,True,0.9823713898658752,0.00387590000173077,ResNet18,test
data/processed/test\Amanita\455_noEYaXjdZno.jpg,Amanita,Amanita,True,0.9951032400131226,0.004479800001718104,ResNet18,test
data/processed/test\Amanita\458_5BlPufQsqww.jpg,Amanita,Amanita,True,0.9773687124252319,0.004020899999886751,ResNet18,test
data/processed/test\Amanita\466_wUxyOxsT5Xc.jpg,Amanita,Inocybe,False,0.4550444185733795,0.0032839999912539497,ResNet18,test
data/processed/test\Amanita\470_Qn8LOp2zdbk.jpg,Amanita,Amanita,True,0.9600232243537903,0.004000600005383603,ResNet18,test
data/processed/test\Amanita\488_c9nCQvJtUrI.jpg,Amanita,Boletus,False,0.7342070937156677,0.00395520000893157,ResNet18,test
data/processed/test\Amanita\490_GiCnvGBmknM.jpg,Amanita,Lactarius,False,0.29979318380355835,0.0036972999951103702,ResNet18,test
data/processed/test\Amanita\500_goYWhHd_SfA.jpg,Amanita,Cortinarius,False,0.6103706955909729,0.0038099999947007746,ResNet18,test
data/processed/test\Amanita\520_7tXL64TQTpg.jpg,Amanita,Amanita,True,0.7860974669456482,0.003699699998833239,ResNet18,test
data/processed/test\Amanita\537_5FMMhBffQ9Y.jpg,Amanita,Amanita,True,0.9352340698242188,0.003788599991821684,ResNet18,test
data/processed/test\Amanita\538_EwaPkcP6eTM.jpg,Amanita,Amanita,True,0.7734789252281189,0.0037900000024819747,ResNet18,test
data/processed/test\Amanita\561_E5bsDlNUJ-Y.jpg,Amanita,Amanita,True,0.6374690532684326,0.004125100007513538,ResNet18,test
data/processed/test\Amanita\571_l1hoa0Kgm0U.jpg,Amanita,Amanita,True,0.24761652946472168,0.003714699996635318,ResNet18,test
data/processed/test\Amanita\577_XqZEGat0kl8.jpg,Amanita,Amanita,True,0.32113417983055115,0.006394800002453849,ResNet18,test
data/processed/test\Amanita\579_PS9igVuOoHE.jpg,Amanita,Amanita,True,0.8371278047561646,0.004015500002424233,ResNet18,test
data/processed/test\Amanita\586_kLoafsSiyT8.jpg,Amanita,Amanita,True,0.9880102276802063,0.004286600000341423,ResNet18,test
data/processed/test\Amanita\587_4e3oJGC88kg.jpg,Amanita,Amanita,True,0.9227866530418396,0.004046799993375316,ResNet18,test
data/processed/test\Amanita\588_bh0TgHuuQ-g.jpg,Amanita,Amanita,True,0.6855984330177307,0.0037232000031508505,ResNet18,test
data/processed/test\Amanita\589_AnaL5Wx-reY.jpg,Amanita,Russula,False,0.3170914649963379,0.0042105000029550865,ResNet18,test
data/processed/test\Amanita\596_TzXaLH4_GW0.jpg,Amanita,Amanita,True,0.9489977955818176,0.004112899987376295,ResNet18,test
data/processed/test\Amanita\597_t_LN8-XruiI.jpg,Amanita,Amanita,True,0.9198030233383179,0.0035849999985657632,ResNet18,test
data/processed/test\Amanita\600_jgKLD8sC_v4.jpg,Amanita,Amanita,True,0.9594841599464417,0.0033767999993870035,ResNet18,test
data/processed/test\Amanita\620_JDQSDCTyXyg.jpg,Amanita,Amanita,True,0.9842200875282288,0.00421519999508746,ResNet18,test
data/processed/test\Amanita\646_zBDcRvL_RyM.jpg,Amanita,Russula,False,0.49888449907302856,0.0037977000029059127,ResNet18,test
data/processed/test\Amanita\654_vhjqe9X5eec.jpg,Amanita,Amanita,True,0.5891778469085693,0.0034798999986378476,ResNet18,test
data/processed/test\Amanita\664_AXOuF6j3tyo.jpg,Amanita,Amanita,True,0.8531335592269897,0.003992300000390969,ResNet18,test
data/processed/test\Amanita\665_PrGfCOsVu8Y.jpg,Amanita,Russula,False,0.7663799524307251,0.004981000005500391,ResNet18,test
data/processed/test\Amanita\679_cIMzCCYdG38.jpg,Amanita,Amanita,True,0.7062664031982422,0.0050248000043211505,ResNet18,test
data/processed/test\Amanita\682_B3EZBbmcFBE.jpg,Amanita,Amanita,True,0.33800530433654785,0.0035586000012699515,ResNet18,test
data/processed/test\Amanita\702_sR0HQkA_gkA.jpg,Amanita,Agaricus,False,0.4339026212692261,0.004536600012215786,ResNet18,test
data/processed/test\Amanita\713_znBkCzCEi-g.jpg,Amanita,Amanita,True,0.8189296126365662,0.004839500004891306,ResNet18,test
data/processed/test\Amanita\717_vlDmzuYG5og.jpg,Amanita,Russula,False,0.21548907458782196,0.003953100007493049,ResNet18,test
data/processed/test\Amanita\739_t_b-1IKUbgE.jpg,Amanita,Amanita,True,0.9195008277893066,0.003892299995641224,ResNet18,test
data/processed/test\Amanita\742_j3CNLlK7ISo.jpg,Amanita,Amanita,True,0.9291980862617493,0.0038514999905601144,ResNet18,test
data/processed/test\Amanita\746_Dh_6IpygI6I.jpg,Amanita,Amanita,True,0.999542236328125,0.003906700003426522,ResNet18,test
data/processed/test\Amanita\754_rDpMYIR-sFE.jpg,Amanita,Amanita,True,0.9863100051879883,0.0034013000113191083,ResNet18,test
data/processed/test\Amanita\756_w-xhasvBIT0.jpg,Amanita,Amanita,True,0.9679474234580994,0.0033610999962547794,ResNet18,test
data/processed/test\Amanita\773_3H-0yRwiu6Y.jpg,Amanita,Lactarius,False,0.460562139749527,0.003391799997189082,ResNet18,test
data/processed/test\Amanita\787_V5x9WHxsoqE.jpg,Amanita,Amanita,True,0.33279451727867126,0.00308690000383649,ResNet18,test
data/processed/test\Boletus\0009_2hEUS66s6Gw.jpg,Boletus,Inocybe,False,0.7863264083862305,0.004120699988561682,ResNet18,test
data/processed/test\Boletus\0010_7M6YHrGZ3aM.jpg,Boletus,Boletus,True,0.9720548391342163,0.003850300010526553,ResNet18,test
data/processed/test\Boletus\0023_JAAEdifq1MY.jpg,Boletus,Boletus,True,0.8950278162956238,0.0039265000086743385,ResNet18,test
data/processed/test\Boletus\0032_Sl_iMoAAJyU.jpg,Boletus,Boletus,True,0.9887235164642334,0.0038859999913256615,ResNet18,test
data/processed/test\Boletus\0048_wGU2ETPlfqY.jpg,Boletus,Boletus,True,0.9284688234329224,0.003601200005505234,ResNet18,test
data/processed/test\Boletus\0051_rBIC-Uy9KzI.jpg,Boletus,Inocybe,False,0.27440112829208374,0.003945400007069111,ResNet18,test
data/processed/test\Boletus\0058_djB8UbX-XaU.jpg,Boletus,Boletus,True,0.9867863059043884,0.004015300000901334,ResNet18,test
data/processed/test\Boletus\0060_ph1tt9Qik4Q.jpg,Boletus,Boletus,True,0.832247257232666,0.00461449999420438,ResNet18,test
data/processed/test\Boletus\0074_-d_w6u6G7wA.jpg,Boletus,Boletus,True,0.953035295009613,0.0034906999935628846,ResNet18,test
data/processed/test\Boletus\0076_yMZR41Idcn0.jpg,Boletus,Boletus,True,0.9380871653556824,0.0034140999923693016,ResNet18,test
data/processed/test\Boletus\0081_Jy-UUrFwLMA.jpg,Boletus,Boletus,True,0.9872779846191406,0.0035796000011032447,ResNet18,test
data/processed/test\Boletus\0090_PCyZBE7zH28.jpg,Boletus,Boletus,True,0.9442819356918335,0.0038939000078244135,ResNet18,test
data/processed/test\Boletus\0100_Um24DDdxtxY.jpg,Boletus,Boletus,True,0.9586527943611145,0.004366699999081902,ResNet18,test
data/processed/test\Boletus\0110_A_F3PAXmwBw.jpg,Boletus,Boletus,True,0.7219784259796143,0.003925700002582744,ResNet18,test
data/processed/test\Boletus\0142_osp5FSuBFx4.jpg,Boletus,Boletus,True,0.9763662815093994,0.00407729999278672,ResNet18,test
data/processed/test\Boletus\0148_GWuEw2WeFCY.jpg,Boletus,Boletus,True,0.850979745388031,0.00463300000410527,ResNet18,test
data/processed/test\Boletus\0151_8qA6XqDaO10.jpg,Boletus,Boletus,True,0.6754236221313477,0.0038542999973287806,ResNet18,test
data/processed/test\Boletus\0155_cfBPq0uvW7U.jpg,Boletus,Boletus,True,0.9798177480697632,0.003447399998549372,ResNet18,test
data/processed/test\Boletus\0163_288vPbTy0u0.jpg,Boletus,Boletus,True,0.9970847964286804,0.0034327000030316412,ResNet18,test
data/processed/test\Boletus\0166_JjEOuNKkeSM.jpg,Boletus,Boletus,True,0.851919949054718,0.004382900006021373,ResNet18,test
data/processed/test\Boletus\0176_J7Pq7LRCag0.jpg,Boletus,Inocybe,False,0.6863431930541992,0.004832399994484149,ResNet18,test
data/processed/test\Boletus\0181_WPxAHfkr5nY.jpg,Boletus,Cortinarius,False,0.35793617367744446,0.003999799999292009,ResNet18,test
data/processed/test\Boletus\0186_8hd4Jt8Z_XU.jpg,Boletus,Boletus,True,0.9810629487037659,0.0038250999932643026,ResNet18,test
data/processed/test\Boletus\0187__pRX2ASfyHE.jpg,Boletus,Boletus,True,0.9922609925270081,0.003289800006314181,ResNet18,test
data/processed/test\Boletus\0196_uqGMdVItBRg.jpg,Boletus,Boletus,True,0.5037943720817566,0.003942900002584793,ResNet18,test
data/processed/test\Boletus\0203_9fok2txolHA.jpg,Boletus,Boletus,True,0.5552040338516235,0.0035924000112572685,ResNet18,test
data/processed/test\Boletus\0205_qoM5hQot18c.jpg,Boletus,Boletus,True,0.8577182292938232,0.0037324000004446134,ResNet18,test
data/processed/test\Boletus\0206_TyUG66hONcc.jpg,Boletus,Boletus,True,0.4108934998512268,0.0036493999941740185,ResNet18,test
data/processed/test\Boletus\0207_oXbD8i2vkVg.jpg,Boletus,Lactarius,False,0.39858633279800415,0.004196800000499934,ResNet18,test
data/processed/test\Boletus\0227_j49x_C5p-CU.jpg,Boletus,Boletus,True,0.9760518074035645,0.003956499989726581,ResNet18,test
data/processed/test\Boletus\0238_qz-FM7SB6M0.jpg,Boletus,Boletus,True,0.9701818227767944,0.004116500000236556,ResNet18,test
data/processed/test\Boletus\0240_VJBB4bFGy00.jpg,Boletus,Russula,False,0.43870434165000916,0.004001900000730529,ResNet18,test
data/processed/test\Boletus\0245_M167aLbLgs8.jpg,Boletus,Boletus,True,0.9877583384513855,0.0036451000050874427,ResNet18,test
data/processed/test\Boletus\0249_50wVqwSNvhw.jpg,Boletus,Boletus,True,0.5799323916435242,0.003540699995937757,ResNet18,test
data/processed/test\Boletus\0253_g1jTDCR3Zu4.jpg,Boletus,Boletus,True,0.46130064129829407,0.0034761999995680526,ResNet18,test
data/processed/test\Boletus\0259_RjpNYKf3Zag.jpg,Boletus,Cortinarius,False,0.6920300126075745,0.004161999997450039,ResNet18,test
data/processed/test\Boletus\0261_Dag-SrdgNL4.jpg,Boletus,Boletus,True,0.9493670463562012,0.0036032000061823055,ResNet18,test
data/processed/test\Boletus\0263_nUgkvTMYYa4.jpg,Boletus,Boletus,True,0.9613031148910522,0.004343400010839105,ResNet18,test
data/processed/test\Boletus\0264_47xi69ImS58.jpg,Boletus,Boletus,True,0.9308878183364868,0.004794899999978952,ResNet18,test
data/processed/test\Boletus\0285_5r1D03ayo_A.jpg,Boletus,Boletus,True,0.9183529615402222,0.006952100011403672,ResNet18,test
data/processed/test\Boletus\0297_Q4fwdJ_9PxA.jpg,Boletus,Boletus,True,0.9621592164039612,0.0043504999921424314,ResNet18,test
data/processed/test\Boletus\0298_01Q7PUhybdQ.jpg,Boletus,Boletus,True,0.9234763383865356,0.004341399995610118,ResNet18,test
data/processed/test\Boletus\0299_Ue9AxhqQqyc.jpg,Boletus,Boletus,True,0.9951192140579224,0.004728400002932176,ResNet18,test
data/processed/test\Boletus\0304_7bLIdSVgaIM.jpg,Boletus,Boletus,True,0.9989575147628784,0.0037893999979132786,ResNet18,test
data/processed/test\Boletus\0306_64D0ZnNktPM.jpg,Boletus,Boletus,True,0.9835969805717468,0.003565499995602295,ResNet18,test
data/processed/test\Boletus\0310__tra6Lo5W9Q.jpg,Boletus,Boletus,True,0.9828341007232666,0.0037734000070486218,ResNet18,test
data/processed/test\Boletus\0313_UMgAL-_294g.jpg,Boletus,Boletus,True,0.9996210336685181,0.0037709000025643036,ResNet18,test
data/processed/test\Boletus\0315_TZK9JOYNO7Q.jpg,Boletus,Boletus,True,0.9996559619903564,0.004497599991736934,ResNet18,test
data/processed/test\Boletus\0320_Fj4PirBfkK0.jpg,Boletus,Boletus,True,0.8020868897438049,0.004186499994830228,ResNet18,test
data/processed/test\Boletus\0336__FEoILXRJaU.jpg,Boletus,Russula,False,0.6487348079681396,0.004094700008863583,ResNet18,test
data/processed/test\Boletus\0344_3nzDfs3jlQQ.jpg,Boletus,Boletus,True,0.9745071530342102,0.004368099995190278,ResNet18,test
data/processed/test\Boletus\0358_MmNt3oIzcU8.jpg,Boletus,Boletus,True,0.758007287979126,0.003769499991904013,ResNet18,test
data/processed/test\Boletus\0365_w3QgqqeP-C8.jpg,Boletus,Boletus,True,0.9984738230705261,0.003827299995464273,ResNet18,test
data/processed/test\Boletus\0372_EVEx-OOzR1U.jpg,Boletus,Boletus,True,0.8988137245178223,0.004407400003401563,ResNet18,test
data/processed/test\Boletus\0388_M54uL5T9TkM.jpg,Boletus,Suillus,False,0.4558854103088379,0.004296899991459213,ResNet18,test
data/processed/test\Boletus\0391_s9Ag92abtK8.jpg,Boletus,Boletus,True,0.9272003769874573,0.004038300001411699,ResNet18,test
data/processed/test\Boletus\0395_jZFg843mP4g.jpg,Boletus,Boletus,True,0.6277646422386169,0.0035820000048261136,ResNet18,test
data/processed/test\Boletus\0396_SY7PYfYNq88.jpg,Boletus,Boletus,True,0.9911587834358215,0.00433149999298621,ResNet18,test
data/processed/test\Boletus\0398_5b-zJ94MXQk.jpg,Boletus,Boletus,True,0.9992650151252747,0.0037643000105163082,ResNet18,test
data/processed/test\Boletus\0410_jhaHnXdb-IM.jpg,Boletus,Boletus,True,0.990542471408844,0.0037179000064497814,ResNet18,test
data/processed/test\Boletus\0426_LWjQTfRMiXo.jpg,Boletus,Boletus,True,0.9855242371559143,0.0038149000029079616,ResNet18,test
data/processed/test\Boletus\0439_O6QzBvZavTM.jpg,Boletus,Boletus,True,0.9942348599433899,0.004011299999547191,ResNet18,test
data/processed/test\Boletus\0446_xHS1WNA5GOs.jpg,Boletus,Suillus,False,0.2804143726825714,0.0034838999999919906,ResNet18,test
data/processed/test\Boletus\0457_lZNPtp0I8xY.jpg,Boletus,Boletus,True,0.91498202085495,0.0034884000051533803,ResNet18,test
data/processed/test\Boletus\0471_lxzgCXnZUlM.jpg,Boletus,Boletus,True,0.8958784341812134,0.0036656000011134893,ResNet18,test
data/processed/test\Boletus\0473_x9mm3RQN3OQ.jpg,Boletus,Boletus,True,0.714015543460846,0.004220899994834326,ResNet18,test
data/processed/test\Boletus\0476_qTLS2LtmH20.jpg,Boletus,Boletus,True,0.471044659614563,0.003440000000409782,ResNet18,test
data/processed/test\Boletus\0478_IqIYZ5z8ZaA.jpg,Boletus,Boletus,True,0.9585884213447571,0.003686799987917766,ResNet18,test
data/processed/test\Boletus\0482_bwKqTN52ZY0.jpg,Boletus,Inocybe,False,0.27916720509529114,0.003507100002025254,ResNet18,test
data/processed/test\Boletus\0485_2M-1Jj2XXfU.jpg,Boletus,Boletus,True,0.9996966123580933,0.005721199995605275,ResNet18,test
data/processed/test\Boletus\0487_V0mcOZZWsYc.jpg,Boletus,Boletus,True,0.9658948183059692,0.008336400002008304,ResNet18,test
data/processed/test\Boletus\0496_oW-MXvWIdeg.jpg,Boletus,Lactarius,False,0.3860636055469513,0.006051799995475449,ResNet18,test
data/processed/test\Boletus\0501_RcynfiUwksM.jpg,Boletus,Boletus,True,0.8224294781684875,0.006165099999634549,ResNet18,test
data/processed/test\Boletus\0515_fH8FRrp-Rc4.jpg,Boletus,Boletus,True,0.8601465225219727,0.006435599992983043,ResNet18,test
data/processed/test\Boletus\0516_jSgZvx-y_IA.jpg,Boletus,Boletus,True,0.8623331785202026,0.006114200004958548,ResNet18,test
data/processed/test\Boletus\0551_xiALBJABq4k.jpg,Boletus,Boletus,True,0.9633126854896545,0.0062184000125853345,ResNet18,test
data/processed/test\Boletus\0552_Sm0FWjXpCUA.jpg,Boletus,Boletus,True,0.9526315927505493,0.00635090000287164,ResNet18,test
data/processed/test\Boletus\0569_DpPGoGLCmxw.jpg,Boletus,Boletus,True,0.9129514694213867,0.0061846000025980175,ResNet18,test
data/processed/test\Boletus\0590_U1iXqaOG__4.jpg,Boletus,Boletus,True,0.961231529712677,0.006257100001676008,ResNet18,test
data/processed/test\Boletus\0596_1eBgViXIxTo.jpg,Boletus,Boletus,True,0.973341703414917,0.006171099987113848,ResNet18,test
data/processed/test\Boletus\0599_KA0H3vejy08.jpg,Boletus,Boletus,True,0.9980316758155823,0.006178499999805354,ResNet18,test
data/processed/test\Boletus\0608_iR5VKlchysc.jpg,Boletus,Boletus,True,0.9824236631393433,0.006134900002507493,ResNet18,test
data/processed/test\Boletus\0612_8lQr8TbwImc.jpg,Boletus,Boletus,True,0.9079506993293762,0.0061634000012418255,ResNet18,test
data/processed/test\Boletus\0624_RmlDHXvJUeU.jpg,Boletus,Boletus,True,0.978448748588562,0.006252099992707372,ResNet18,test
data/processed/test\Boletus\0631_PJXNFQZc7n8.jpg,Boletus,Boletus,True,0.9594066739082336,0.006136700001661666,ResNet18,test
data/processed/test\Boletus\0632_Rc_3hYDbYqU.jpg,Boletus,Boletus,True,0.41820594668388367,0.0060511000046972185,ResNet18,test
data/processed/test\Boletus\0635_-J_6XTsYZMA.jpg,Boletus,Boletus,True,0.8055835962295532,0.0059124000108568,ResNet18,test
data/processed/test\Boletus\0645_l3ki0s-WOCU.jpg,Boletus,Amanita,False,0.3408795893192291,0.005989999990561046,ResNet18,test
data/processed/test\Boletus\0646_X-9LZJb_Mm8.jpg,Boletus,Boletus,True,0.4644647240638733,0.0059843999915756285,ResNet18,test
data/processed/test\Boletus\0654_S0ZETeWMBPU.jpg,Boletus,Suillus,False,0.6589861512184143,0.005945199998677708,ResNet18,test
data/processed/test\Boletus\0659_r1c48yLOmjA.jpg,Boletus,Boletus,True,0.700254499912262,0.005988800010527484,ResNet18,test
data/processed/test\Boletus\0662_zLAxc0c9R_M.jpg,Boletus,Boletus,True,0.9994811415672302,0.005702800001017749,ResNet18,test
data/processed/test\Boletus\0664_aAvZIRDPNUI.jpg,Boletus,Boletus,True,0.9922548532485962,0.005857399999513291,ResNet18,test
data/processed/test\Boletus\0665_oAzt25TNZeQ.jpg,Boletus,Boletus,True,0.924825131893158,0.005734199992730282,ResNet18,test
data/processed/test\Boletus\0670_K_TCbzxFUGM.jpg,Boletus,Boletus,True,0.45951107144355774,0.005789599992567673,ResNet18,test
data/processed/test\Boletus\0684_vMnFJrCY0pg.jpg,Boletus,Cortinarius,False,0.513213574886322,0.005767300011939369,ResNet18,test
data/processed/test\Boletus\0686_HDMT9DDObck.jpg,Boletus,Boletus,True,0.62398362159729,0.005692200007615611,ResNet18,test
data/processed/test\Boletus\0687_OAh8DHQ9Ejw.jpg,Boletus,Boletus,True,0.9634168148040771,0.005612399996607564,ResNet18,test
data/processed/test\Boletus\0691_aeOqhuNhZUo.jpg,Boletus,Boletus,True,0.5034975409507751,0.006077199999708682,ResNet18,test
data/processed/test\Boletus\0694_ZGhTNFYpRF0.jpg,Boletus,Boletus,True,0.49457848072052,0.007590699999127537,ResNet18,test
data/processed/test\Boletus\0705_zAx-31wgOX8.jpg,Boletus,Boletus,True,0.7710713148117065,0.0059923999942839146,ResNet18,test
data/processed/test\Boletus\0706_O2coJ1bHNyI.jpg,Boletus,Suillus,False,0.32495132088661194,0.005932700005359948,ResNet18,test
data/processed/test\Boletus\0710_3W2LVW3vahA.jpg,Boletus,Boletus,True,0.9981127977371216,0.006282000002101995,ResNet18,test
data/processed/test\Boletus\0711_BeW-0Vt9hao.jpg,Boletus,Suillus,False,0.32115641236305237,0.0055887000053189695,ResNet18,test
data/processed/test\Boletus\0712_KcW299HdxJQ.jpg,Boletus,Boletus,True,0.7335425019264221,0.005680600006598979,ResNet18,test
data/processed/test\Boletus\0715_bpAousgaNak.jpg,Boletus,Cortinarius,False,0.5767603516578674,0.006085600005462766,ResNet18,test
data/processed/test\Boletus\0720_5nsuj2jRfF0.jpg,Boletus,Suillus,False,0.309335857629776,0.005780299994512461,ResNet18,test
data/processed/test\Boletus\0731_6DJ6_aa-bZg.jpg,Boletus,Boletus,True,0.7180054187774658,0.005813199997646734,ResNet18,test
data/processed/test\Boletus\0754_zPtZnfibMT4.jpg,Boletus,Boletus,True,0.9594769477844238,0.0056539999932283536,ResNet18,test
data/processed/test\Boletus\0778_UbEygYYDhi4.jpg,Boletus,Boletus,True,0.9005995988845825,0.005855900002643466,ResNet18,test
data/processed/test\Boletus\0779_x10CHNm1XGs.jpg,Boletus,Boletus,True,0.9830144643783569,0.005676200002199039,ResNet18,test
data/processed/test\Boletus\0789_HeUlbr2dIsk.jpg,Boletus,Suillus,False,0.5112709999084473,0.0057010000018635765,ResNet18,test
data/processed/test\Boletus\0790_pju1fCrxSyw.jpg,Boletus,Cortinarius,False,0.5267053246498108,0.0056391999969491735,ResNet18,test
data/processed/test\Boletus\0795_O2Z0CQUcDhg.jpg,Boletus,Boletus,True,0.9319440126419067,0.006033099998603575,ResNet18,test
data/processed/test\Boletus\0797_6dpBNM8twyA.jpg,Boletus,Cortinarius,False,0.5072339773178101,0.006052199998521246,ResNet18,test
data/processed/test\Boletus\0801_ulyFq_UWWzM.jpg,Boletus,Boletus,True,0.9875780940055847,0.0057003999972948804,ResNet18,test
data/processed/test\Boletus\0802_MWtsI0EKttw.jpg,Boletus,Cortinarius,False,0.4701944887638092,0.005701200003386475,ResNet18,test
data/processed/test\Boletus\0807_Iqw2hN_b0s8.jpg,Boletus,Boletus,True,0.5338057279586792,0.005682100003468804,ResNet18,test
data/processed/test\Boletus\0811_7t2BE3xOyek.jpg,Boletus,Lactarius,False,0.6076045036315918,0.005658900001435541,ResNet18,test
data/processed/test\Boletus\0813_mXb_8YjMI_8.jpg,Boletus,Lactarius,False,0.5254343748092651,0.005907400001888163,ResNet18,test
data/processed/test\Boletus\0829_dHV6v4tZvMk.jpg,Boletus,Boletus,True,0.9411163926124573,0.0038451000000350177,ResNet18,test
data/processed/test\Boletus\0832_XCzDV_JY6_M.jpg,Boletus,Boletus,True,0.9987770915031433,0.003861199991661124,ResNet18,test
data/processed/test\Boletus\0833_lwqKJywKCCc.jpg,Boletus,Boletus,True,0.9767442941665649,0.003837500000372529,ResNet18,test
data/processed/test\Boletus\0836_FkYdaUI06h0.jpg,Boletus,Boletus,True,0.5704285502433777,0.003273200010880828,ResNet18,test
data/processed/test\Boletus\0839__L3OdEzm-GA.jpg,Boletus,Boletus,True,0.944898247718811,0.0034727000020211563,ResNet18,test
data/processed/test\Boletus\0841_7XAXHIAG0d8.jpg,Boletus,Boletus,True,0.9402179718017578,0.0035275999980513006,ResNet18,test
data/processed/test\Boletus\0857_lvu1iJAnbvg.jpg,Boletus,Boletus,True,0.9850102066993713,0.003381300004548393,ResNet18,test
data/processed/test\Boletus\0859_z4K-tiR_PP0.jpg,Boletus,Boletus,True,0.9450294971466064,0.0036579000006895512,ResNet18,test
data/processed/test\Boletus\0867_ExxTC0iGbxI.jpg,Boletus,Boletus,True,0.43814489245414734,0.0035155000077793375,ResNet18,test
data/processed/test\Boletus\0870_BxgSujm7-C8.jpg,Boletus,Boletus,True,0.5382598042488098,0.00384850001137238,ResNet18,test
data/processed/test\Boletus\0876_Sizxg8ymXLI.jpg,Boletus,Boletus,True,0.7300078272819519,0.0035134999925503507,ResNet18,test
data/processed/test\Boletus\0883_LcmFTebwKmA.jpg,Boletus,Boletus,True,0.9997856020927429,0.0035432000004220754,ResNet18,test
data/processed/test\Boletus\0891_9qHx98xefUQ.jpg,Boletus,Boletus,True,0.9973741769790649,0.0036130999942542985,ResNet18,test
data/processed/test\Boletus\0904_qppYGFqfqYg.jpg,Boletus,Boletus,True,0.8558616638183594,0.0033016999950632453,ResNet18,test
data/processed/test\Boletus\0907_JUjr6H_B0Xo.jpg,Boletus,Boletus,True,0.44844919443130493,0.003942700001061894,ResNet18,test
data/processed/test\Boletus\0910_gk8EFVec-aU.jpg,Boletus,Boletus,True,0.9584236741065979,0.003772999989450909,ResNet18,test
data/processed/test\Boletus\0920_Mj9Gr-R_eJg.jpg,Boletus,Boletus,True,0.9560001492500305,0.0033780000085243955,ResNet18,test
data/processed/test\Boletus\0927_GeTz3gpfOCA.jpg,Boletus,Boletus,True,0.454009473323822,0.0035792999988188967,ResNet18,test
data/processed/test\Boletus\0939_Uu9bT1-H4ZE.jpg,Boletus,Boletus,True,0.8237518668174744,0.003501200000755489,ResNet18,test
data/processed/test\Boletus\0941_CD55o3j2ACk.jpg,Boletus,Boletus,True,0.7845014333724976,0.0038988000014796853,ResNet18,test
data/processed/test\Boletus\0943_7_qx73pcT5M.jpg,Boletus,Boletus,True,0.9013584852218628,0.0037800999998580664,ResNet18,test
data/processed/test\Boletus\0944_uchnyCbCU8o.jpg,Boletus,Boletus,True,0.3922687768936157,0.003460300009464845,ResNet18,test
data/processed/test\Boletus\0951_12IsIr7KDL0.jpg,Boletus,Boletus,True,0.9957613348960876,0.0038581999979214743,ResNet18,test
data/processed/test\Boletus\0953_JtmTQxMa4yM.jpg,Boletus,Boletus,True,0.6041553616523743,0.003935600005206652,ResNet18,test
data/processed/test\Boletus\0954_UdQ21bvT_YM.jpg,Boletus,Boletus,True,0.9649856686592102,0.004007499999715947,ResNet18,test
data/processed/test\Boletus\0974_ZIsylb_w8NE.jpg,Boletus,Boletus,True,0.9980741739273071,0.0034278999955859035,ResNet18,test
data/processed/test\Boletus\0981_Q5GmJS_vei8.jpg,Boletus,Boletus,True,0.9744188189506531,0.003417300002183765,ResNet18,test
data/processed/test\Boletus\0987_JvKLOKW8WFA.jpg,Boletus,Boletus,True,0.867891788482666,0.0034506999945733696,ResNet18,test
data/processed/test\Boletus\0988_R0RNuJ8IqBI.jpg,Boletus,Boletus,True,0.8073914051055908,0.003980800000135787,ResNet18,test
data/processed/test\Boletus\1021_SyO8BpGSVjw.jpg,Boletus,Boletus,True,0.354056715965271,0.003646099998150021,ResNet18,test
data/processed/test\Boletus\1032_tYL581WPzXU.jpg,Boletus,Boletus,True,0.8924500942230225,0.003438199986703694,ResNet18,test
data/processed/test\Boletus\1036_4kWl9z7sQIY.jpg,Boletus,Boletus,True,0.9312734603881836,0.003602199998567812,ResNet18,test
data/processed/test\Boletus\1040_i_rg9l4rqjw.jpg,Boletus,Boletus,True,0.9716370701789856,0.0036509000055957586,ResNet18,test
data/processed/test\Boletus\1051_Q0ltVKrZhcQ.jpg,Boletus,Boletus,True,0.8651026487350464,0.00326399999903515,ResNet18,test
data/processed/test\Boletus\1055_1FFlybCSCAU.jpg,Boletus,Boletus,True,0.9879172444343567,0.0033873000065796077,ResNet18,test
data/processed/test\Boletus\1057_Y7n8VqlTW3g.jpg,Boletus,Boletus,True,0.9366858601570129,0.0034878000005846843,ResNet18,test
data/processed/test\Boletus\1065_eMY4Zsr_msU.jpg,Boletus,Boletus,True,0.4772920310497284,0.0035721000022022054,ResNet18,test
data/processed/test\Boletus\1077_JAOBSnuV9zc.jpg,Boletus,Boletus,True,0.9606954455375671,0.0034312999923713505,ResNet18,test
data/processed/test\Boletus\1081_S9BZwG4wmiU.jpg,Boletus,Boletus,True,0.972361147403717,0.003349599995999597,ResNet18,test
data/processed/test\Boletus\1086_9A85NgFJxzc.jpg,Boletus,Boletus,True,0.539932131767273,0.003970899997511879,ResNet18,test
data/processed/test\Boletus\1087_POSIDmOc7AE.jpg,Boletus,Boletus,True,0.9856541752815247,0.0034384000027785078,ResNet18,test
data/processed/test\Boletus\1095_fb3O6d7sRfw.jpg,Boletus,Boletus,True,0.9855692982673645,0.007712200007517822,ResNet18,test
data/processed/test\Cortinarius\032_RaRNWCMOeJY.jpg,Cortinarius,Cortinarius,True,0.49130141735076904,0.003790499991737306,ResNet18,test
data/processed/test\Cortinarius\034_uFEs0KR55hA.jpg,Cortinarius,Lactarius,False,0.5269519090652466,0.0038518999936059117,ResNet18,test
data/processed/test\Cortinarius\047_a4t7zntIs3E.jpg,Cortinarius,Cortinarius,True,0.34946900606155396,0.003854000009596348,ResNet18,test
data/processed/test\Cortinarius\051_BcBgKIXkPFY.jpg,Cortinarius,Cortinarius,True,0.6139801740646362,0.003219400008674711,ResNet18,test
data/processed/test\Cortinarius\062_lU35GQ80D6k.jpg,Cortinarius,Hygrocybe,False,0.4816768765449524,0.00322769999911543,ResNet18,test
data/processed/test\Cortinarius\068_eKtLmKWRhYQ.jpg,Cortinarius,Cortinarius,True,0.9394129514694214,0.003839400000288151,ResNet18,test
data/processed/test\Cortinarius\074_QZm5I2faj7M.jpg,Cortinarius,Cortinarius,True,0.4725700616836548,0.0038423000078182667,ResNet18,test
data/processed/test\Cortinarius\082_igjSlbVXbAs.jpg,Cortinarius,Cortinarius,True,0.594511866569519,0.003488699992885813,ResNet18,test
data/processed/test\Cortinarius\083_Fx67B3DmN3Y.jpg,Cortinarius,Entoloma,False,0.3256494104862213,0.0034188999998150393,ResNet18,test
data/processed/test\Cortinarius\089_pSC0tp3Vin8.jpg,Cortinarius,Russula,False,0.4078046381473541,0.0034262999979546294,ResNet18,test
data/processed/test\Cortinarius\092_TIq_EZUYHvE.jpg,Cortinarius,Cortinarius,True,0.5486611723899841,0.0035073000035481527,ResNet18,test
data/processed/test\Cortinarius\098_9sdVyNK9pSI.jpg,Cortinarius,Cortinarius,True,0.4133671224117279,0.003391999998711981,ResNet18,test
data/processed/test\Cortinarius\106_zDyFzio3OcI.jpg,Cortinarius,Cortinarius,True,0.64351886510849,0.0033604000054765493,ResNet18,test
data/processed/test\Cortinarius\120_6i3qL8_7_cU.jpg,Cortinarius,Inocybe,False,0.5168343186378479,0.0033915999956661835,ResNet18,test
data/processed/test\Cortinarius\139_Sa-XUtLlV4s.jpg,Cortinarius,Cortinarius,True,0.7575421333312988,0.003427099989494309,ResNet18,test
data/processed/test\Cortinarius\142_UT29eeWW32A.jpg,Cortinarius,Cortinarius,True,0.5574318766593933,0.0036376000061864033,ResNet18,test
data/processed/test\Cortinarius\143_SrOlFvP1n9w.jpg,Cortinarius,Exidia,False,0.3799073100090027,0.003912999993190169,ResNet18,test
data/processed/test\Cortinarius\146_N9FJKoJghDQ.jpg,Cortinarius,Boletus,False,0.2697848379611969,0.0034955000010086223,ResNet18,test
data/processed/test\Cortinarius\147_gh5SUGxwpmg.jpg,Cortinarius,Cortinarius,True,0.4989060163497925,0.0034955000010086223,ResNet18,test
data/processed/test\Cortinarius\148_NRYh_CNOe0Q.jpg,Cortinarius,Cortinarius,True,0.45497238636016846,0.0035358000022824854,ResNet18,test
data/processed/test\Cortinarius\162_vx8DyMaDNbY.jpg,Cortinarius,Cortinarius,True,0.5690866708755493,0.0034211000020150095,ResNet18,test
data/processed/test\Cortinarius\172_RQpuklei93E.jpg,Cortinarius,Russula,False,0.6365320086479187,0.003366800010553561,ResNet18,test
data/processed/test\Cortinarius\173_OBw2ytszKxo.jpg,Cortinarius,Russula,False,0.6537489295005798,0.004121999998460524,ResNet18,test
data/processed/test\Cortinarius\178_xHtAXzZPN-s.jpg,Cortinarius,Cortinarius,True,0.8129258751869202,0.00364619999891147,ResNet18,test
data/processed/test\Cortinarius\182_kJh0aAaK590.jpg,Cortinarius,Hygrocybe,False,0.38923972845077515,0.0035047999990638345,ResNet18,test
data/processed/test\Cortinarius\185_OXwIsNfGrwY.jpg,Cortinarius,Cortinarius,True,0.653564453125,0.0034521000052336603,ResNet18,test
data/processed/test\Cortinarius\192_TskFa7fOkRc.jpg,Cortinarius,Cortinarius,True,0.4052750766277313,0.00334619999921415,ResNet18,test
data/processed/test\Cortinarius\195_lD8h4PCMaUY.jpg,Cortinarius,Lactarius,False,0.5969929695129395,0.0035605000011855736,ResNet18,test
data/processed/test\Cortinarius\207_zmoZZTV0lLI.jpg,Cortinarius,Cortinarius,True,0.5369909405708313,0.003410400007851422,ResNet18,test
data/processed/test\Cortinarius\224_mLlKvEsrEcA.jpg,Cortinarius,Cortinarius,True,0.8985224366188049,0.0039561000012326986,ResNet18,test
data/processed/test\Cortinarius\232_jKdR7Qgq_BY.jpg,Cortinarius,Hygrocybe,False,0.576464831829071,0.004137800002354197,ResNet18,test
data/processed/test\Cortinarius\240_aJldHbs2JsE.jpg,Cortinarius,Cortinarius,True,0.611610472202301,0.0036020000115968287,ResNet18,test
data/processed/test\Cortinarius\256_TpoM3eWkf6g.jpg,Cortinarius,Entoloma,False,0.5678185224533081,0.0037580000062007457,ResNet18,test
data/processed/test\Cortinarius\274_RW-zkr4BQmM.jpg,Cortinarius,Cortinarius,True,0.5443589091300964,0.0038838000036776066,ResNet18,test
data/processed/test\Cortinarius\277_2vcjLHvzssg.jpg,Cortinarius,Cortinarius,True,0.4998626410961151,0.0036668999964604154,ResNet18,test
data/processed/test\Cortinarius\285_ALSLuAGLn64.jpg,Cortinarius,Cortinarius,True,0.478625625371933,0.003624600009061396,ResNet18,test
data/processed/test\Cortinarius\301_BY2YjnDmmdc.jpg,Cortinarius,Lactarius,False,0.39502301812171936,0.0035432999866316095,ResNet18,test
data/processed/test\Cortinarius\312_Kv_3xHcyVUE.jpg,Cortinarius,Lactarius,False,0.4000544846057892,0.003394800005480647,ResNet18,test
data/processed/test\Cortinarius\321_EgWJ7bpjCxM.jpg,Cortinarius,Inocybe,False,0.3841879665851593,0.0035644000017782673,ResNet18,test
data/processed/test\Cortinarius\328_qxWZEmWaodk.jpg,Cortinarius,Inocybe,False,0.7280616164207458,0.003734400001121685,ResNet18,test
data/processed/test\Cortinarius\337_ohrbRKjnZkA.jpg,Cortinarius,Boletus,False,0.46766290068626404,0.003601799995522015,ResNet18,test
data/processed/test\Cortinarius\342_3kBE30sLBPk.jpg,Cortinarius,Cortinarius,True,0.39415401220321655,0.0037816999974893406,ResNet18,test
data/processed/test\Cortinarius\343_YY4qxL--3lE.jpg,Cortinarius,Lactarius,False,0.6306436657905579,0.004111899994313717,ResNet18,test
data/processed/test\Cortinarius\344_AKEJiWrKVfA.jpg,Cortinarius,Lactarius,False,0.47469744086265564,0.0034109000116586685,ResNet18,test
data/processed/test\Cortinarius\349_BG4jbNRDzCI.jpg,Cortinarius,Cortinarius,True,0.5529953837394714,0.003936199995223433,ResNet18,test
data/processed/test\Cortinarius\353_qyVEsJs6eu8.jpg,Cortinarius,Cortinarius,True,0.7436350584030151,0.004371000002720393,ResNet18,test
data/processed/test\Cortinarius\358_L8mvKvlrYDA.jpg,Cortinarius,Cortinarius,True,0.5621324181556702,0.003836000003502704,ResNet18,test
data/processed/test\Cortinarius\360_QL0VQlt8Ke0.jpg,Cortinarius,Cortinarius,True,0.9670270681381226,0.0032272999960696325,ResNet18,test
data/processed/test\Cortinarius\364_Xsj2f0KiCAk.jpg,Cortinarius,Lactarius,False,0.8714147806167603,0.0036447999882511795,ResNet18,test
data/processed/test\Cortinarius\381_IHHdqt43Ivk.jpg,Cortinarius,Cortinarius,True,0.7671705484390259,0.0031635000050300732,ResNet18,test
data/processed/test\Cortinarius\384_NCKsip2esZ4.jpg,Cortinarius,Lactarius,False,0.4888564348220825,0.0034503000060794875,ResNet18,test
data/processed/test\Cortinarius\388_JTEy9_rTlno.jpg,Cortinarius,Cortinarius,True,0.3079482614994049,0.0038265000039245933,ResNet18,test
data/processed/test\Cortinarius\389_D8kTQu4sbro.jpg,Cortinarius,Cortinarius,True,0.6517305970191956,0.003480300001683645,ResNet18,test
data/processed/test\Cortinarius\390_iQUMBiY-0qs.jpg,Cortinarius,Cortinarius,True,0.7214758396148682,0.003479600010905415,ResNet18,test
data/processed/test\Cortinarius\418_YUu8Eth7vC0.jpg,Cortinarius,Cortinarius,True,0.6480633616447449,0.0034888000081991777,ResNet18,test
data/processed/test\Cortinarius\448_uo51r2lHNAw.jpg,Cortinarius,Cortinarius,True,0.8093245029449463,0.0035251000081188977,ResNet18,test
data/processed/test\Cortinarius\449_VlvWf0y620o.jpg,Cortinarius,Entoloma,False,0.8381218910217285,0.0034355000098003075,ResNet18,test
data/processed/test\Cortinarius\456_KDbq8QQJpF8.jpg,Cortinarius,Entoloma,False,0.4752139151096344,0.003464599998551421,ResNet18,test
data/processed/test\Cortinarius\460_-PS3Pqhfj28.jpg,Cortinarius,Cortinarius,True,0.3575723171234131,0.00336250000691507,ResNet18,test
data/processed/test\Cortinarius\461_FcGRZ9NIyZM.jpg,Cortinarius,Cortinarius,True,0.9234989285469055,0.003479999999399297,ResNet18,test
data/processed/test\Cortinarius\466_M2i1qdSiRz4.jpg,Cortinarius,Russula,False,0.5114555954933167,0.003476300000329502,ResNet18,test
data/processed/test\Cortinarius\467_LUja4xjFPG8.jpg,Cortinarius,Cortinarius,True,0.35791170597076416,0.0033918999979505315,ResNet18,test
data/processed/test\Cortinarius\488_UhQdy3jXkc0.jpg,Cortinarius,Cortinarius,True,0.5491986870765686,0.003897500006132759,ResNet18,test
data/processed/test\Cortinarius\496_KX8TxkeLLa4.jpg,Cortinarius,Inocybe,False,0.42612510919570923,0.004034500001580454,ResNet18,test
data/processed/test\Cortinarius\509_M0Gd8axTrw4.jpg,Cortinarius,Suillus,False,0.3069273829460144,0.00344770000083372,ResNet18,test
data/processed/test\Cortinarius\514_tv4keuWfvWE.jpg,Cortinarius,Cortinarius,True,0.41792652010917664,0.0038093999901320785,ResNet18,test
data/processed/test\Cortinarius\530_sEUUp5boweI.jpg,Cortinarius,Cortinarius,True,0.45613062381744385,0.004002999994554557,ResNet18,test
data/processed/test\Cortinarius\532_oIJibw1tz4Y.jpg,Cortinarius,Lactarius,False,0.27161863446235657,0.00403589999768883,ResNet18,test
data/processed/test\Cortinarius\533_pNuBhaHhEmU.jpg,Cortinarius,Cortinarius,True,0.8201403021812439,0.0033371999888913706,ResNet18,test
data/processed/test\Cortinarius\547_fKznDHbWCkk.jpg,Cortinarius,Suillus,False,0.24547548592090607,0.0037823000020580366,ResNet18,test
data/processed/test\Cortinarius\551_APFbJ2vPcGw.jpg,Cortinarius,Inocybe,False,0.7213621139526367,0.004062299994984642,ResNet18,test
data/processed/test\Cortinarius\552_z4MK9UiOMoc.jpg,Cortinarius,Cortinarius,True,0.6475719213485718,0.0034665999992284924,ResNet18,test
data/processed/test\Cortinarius\567_6O0QVMS6LE4.jpg,Cortinarius,Hygrocybe,False,0.4849281311035156,0.0032593999931123108,ResNet18,test
data/processed/test\Cortinarius\574_xXwqpgn5Fls.jpg,Cortinarius,Cortinarius,True,0.7226158976554871,0.0038939999940339476,ResNet18,test
data/processed/test\Cortinarius\589_rgxUeggTwRk.jpg,Cortinarius,Cortinarius,True,0.45404547452926636,0.003916799993021414,ResNet18,test
data/processed/test\Cortinarius\592_ZR3yzj9H31I.jpg,Cortinarius,Inocybe,False,0.48366621136665344,0.003774000011617318,ResNet18,test
data/processed/test\Cortinarius\593_VEBcqScsSLw.jpg,Cortinarius,Cortinarius,True,0.44473397731781006,0.003940199996577576,ResNet18,test
data/processed/test\Cortinarius\595_DUgPrK3WFJ0.jpg,Cortinarius,Lactarius,False,0.9142645597457886,0.003435199992964044,ResNet18,test
data/processed/test\Cortinarius\604_55_Sj5HXI6U.jpg,Cortinarius,Cortinarius,True,0.7619703412055969,0.003439399995841086,ResNet18,test
data/processed/test\Cortinarius\613_RZSh0QPwcnw.jpg,Cortinarius,Cortinarius,True,0.7979593873023987,0.0033594999986235052,ResNet18,test
data/processed/test\Cortinarius\627_JqtzXHRtbPY.jpg,Cortinarius,Cortinarius,True,0.33005642890930176,0.0034152000007452443,ResNet18,test
data/processed/test\Cortinarius\634_3P_z4FJuvrc.jpg,Cortinarius,Amanita,False,0.2546413838863373,0.0032940999954007566,ResNet18,test
data/processed/test\Cortinarius\648_rFy8BK5tQS4.jpg,Cortinarius,Amanita,False,0.3510245978832245,0.0033382999972673133,ResNet18,test
data/processed/test\Cortinarius\651_YsGS-o5hPUk.jpg,Cortinarius,Cortinarius,True,0.5116525888442993,0.0033030000049620867,ResNet18,test
data/processed/test\Cortinarius\660_qqPWIG-_atg.jpg,Cortinarius,Russula,False,0.3952144384384155,0.0033587000070838258,ResNet18,test
data/processed/test\Cortinarius\663_vqeZWWsm7AU.jpg,Cortinarius,Russula,False,0.32168179750442505,0.003285900005721487,ResNet18,test
data/processed/test\Cortinarius\665_CnMbFwJ4A3g.jpg,Cortinarius,Cortinarius,True,0.46094533801078796,0.0035035000037169084,ResNet18,test
data/processed/test\Cortinarius\670_VEDFNxOmJjk.jpg,Cortinarius,Cortinarius,True,0.8897404074668884,0.003360399990924634,ResNet18,test
data/processed/test\Cortinarius\677_jZl6bME7gYc.jpg,Cortinarius,Boletus,False,0.44267162680625916,0.0035244999889982864,ResNet18,test
data/processed/test\Cortinarius\684_4Yz2wW3J4Vs.jpg,Cortinarius,Cortinarius,True,0.4198452830314636,0.0042498999973759055,ResNet18,test
data/processed/test\Cortinarius\698_hDYmajbNTyc.jpg,Cortinarius,Inocybe,False,0.29095932841300964,0.003712899997481145,ResNet18,test
data/processed/test\Cortinarius\700_T0ARJ9bwVM0.jpg,Cortinarius,Lactarius,False,0.8419378995895386,0.003958999994210899,ResNet18,test
data/processed/test\Cortinarius\706_neOW0Q7auww.jpg,Cortinarius,Cortinarius,True,0.9102067947387695,0.004030500000226311,ResNet18,test
data/processed/test\Cortinarius\710_9SgH3X4RwDc.jpg,Cortinarius,Lactarius,False,0.3931974768638611,0.0038575999933527783,ResNet18,test
data/processed/test\Cortinarius\713_0K-WK89enpQ.jpg,Cortinarius,Cortinarius,True,0.8831762075424194,0.003961700000218116,ResNet18,test
data/processed/test\Cortinarius\722_hYmaZTUMKvM.jpg,Cortinarius,Cortinarius,True,0.4813089072704315,0.003501300001516938,ResNet18,test
data/processed/test\Cortinarius\723_z2zuRWlePHw.jpg,Cortinarius,Cortinarius,True,0.9086712002754211,0.0034161000075982884,ResNet18,test
data/processed/test\Cortinarius\726_SPq8J7DiHAU.jpg,Cortinarius,Russula,False,0.5369274020195007,0.0033816999930422753,ResNet18,test
data/processed/test\Cortinarius\734_gSi3maWDcms.jpg,Cortinarius,Suillus,False,0.3805229961872101,0.003371700004208833,ResNet18,test
data/processed/test\Cortinarius\739_1fnqQJpMA1w.jpg,Cortinarius,Cortinarius,True,0.46918079257011414,0.003623399999924004,ResNet18,test
data/processed/test\Cortinarius\740_6uQUZGPJDtc.jpg,Cortinarius,Lactarius,False,0.3306102454662323,0.0034826999908545986,ResNet18,test
data/processed/test\Cortinarius\741_I2jWMQKljH8.jpg,Cortinarius,Cortinarius,True,0.2159615010023117,0.0036048000038135797,ResNet18,test
data/processed/test\Cortinarius\743_x_gCsSdhOPU.jpg,Cortinarius,Cortinarius,True,0.5422658920288086,0.003951699996832758,ResNet18,test
data/processed/test\Cortinarius\754_pGoceyCfMP8.jpg,Cortinarius,Cortinarius,True,0.5296805500984192,0.003874699992593378,ResNet18,test
data/processed/test\Cortinarius\766_vIHHxNTloEA.jpg,Cortinarius,Cortinarius,True,0.33984634280204773,0.003695399995194748,ResNet18,test
data/processed/test\Cortinarius\791_2-YR9WlEhSA.jpg,Cortinarius,Cortinarius,True,0.798555850982666,0.003648900004918687,ResNet18,test
data/processed/test\Cortinarius\796_738i150K_pQ.jpg,Cortinarius,Hygrocybe,False,0.40243956446647644,0.003957000008085743,ResNet18,test
data/processed/test\Cortinarius\800_DyXP5vXb0mQ.jpg,Cortinarius,Hygrocybe,False,0.5415691137313843,0.003519300007610582,ResNet18,test
data/processed/test\Cortinarius\819_ELx6VT8tmKM.jpg,Cortinarius,Cortinarius,True,0.6412571668624878,0.0035812999994959682,ResNet18,test
data/processed/test\Cortinarius\825_nn-gRPOKNNQ.jpg,Cortinarius,Cortinarius,True,0.41842934489250183,0.0032841999927768484,ResNet18,test
data/processed/test\Cortinarius\835_znWNJNTUlcg.jpg,Cortinarius,Cortinarius,True,0.5665047764778137,0.0034758999972837046,ResNet18,test
data/processed/test\Cortinarius\838_phOn4HpRGFU.jpg,Cortinarius,Cortinarius,True,0.8047811985015869,0.0034474999993108213,ResNet18,test
data/processed/test\Cortinarius\839_QCI2KoxuEus.jpg,Cortinarius,Lactarius,False,0.792953610420227,0.0035577999951783568,ResNet18,test
data/processed/test\Cortinarius\880_2blQSwj_qqg.jpg,Cortinarius,Amanita,False,0.5457964539527893,0.003229299996746704,ResNet18,test
data/processed/test\Cortinarius\896_zisCBTibqYs.jpg,Cortinarius,Agaricus,False,0.39526090025901794,0.0033989999938057736,ResNet18,test
data/processed/test\Cortinarius\897_K54fKEI54-0.jpg,Cortinarius,Suillus,False,0.8644870519638062,0.0032992000051308423,ResNet18,test
data/processed/test\Cortinarius\909_6AiLKcfk2jI.jpg,Cortinarius,Cortinarius,True,0.37048330903053284,0.003543099999660626,ResNet18,test
data/processed/test\Cortinarius\910_q20nsdIX9Zo.jpg,Cortinarius,Cortinarius,True,0.5533131957054138,0.0034134000015910715,ResNet18,test
data/processed/test\Cortinarius\918_LWJyWIIRFwE.jpg,Cortinarius,Lactarius,False,0.37342602014541626,0.0033528000058140606,ResNet18,test
data/processed/test\Cortinarius\927_MThMyEFu3p4.jpg,Cortinarius,Cortinarius,True,0.45891353487968445,0.003991099991253577,ResNet18,test
data/processed/test\Cortinarius\930_rg7s0lc2xZ4.jpg,Cortinarius,Cortinarius,True,0.6737849712371826,0.003635700006270781,ResNet18,test
data/processed/test\Cortinarius\932_wke3BS09elk.jpg,Cortinarius,Cortinarius,True,0.5807907581329346,0.003615000008721836,ResNet18,test
data/processed/test\Cortinarius\933_9KMU6_nR5hY.jpg,Cortinarius,Cortinarius,True,0.545164167881012,0.0038714999973308295,ResNet18,test
data/processed/test\Cortinarius\938_c0WgxVOt3ug.jpg,Cortinarius,Inocybe,False,0.47197362780570984,0.0034005000052275136,ResNet18,test
data/processed/test\Cortinarius\949_8OyiXJnNar8.jpg,Cortinarius,Russula,False,0.5974138975143433,0.0033130999945569783,ResNet18,test
data/processed/test\Cortinarius\950_HDskNFXm9xc.jpg,Cortinarius,Cortinarius,True,0.6747322082519531,0.003311199994641356,ResNet18,test
data/processed/test\Entoloma\008_AZvp1cwweLk.jpg,Entoloma,Entoloma,True,0.5058616399765015,0.003983200003858656,ResNet18,test
data/processed/test\Entoloma\015_HkVmyyuf6D4.jpg,Entoloma,Entoloma,True,0.4630885422229767,0.003998000000137836,ResNet18,test
data/processed/test\Entoloma\016_ARE6YaRXCgc.jpg,Entoloma,Entoloma,True,0.5810772180557251,0.0039007000013953075,ResNet18,test
data/processed/test\Entoloma\024_bN9lzk7miXk.jpg,Entoloma,Inocybe,False,0.7330754995346069,0.0036995999980717897,ResNet18,test
data/processed/test\Entoloma\028_ep6xNTtGRbM.jpg,Entoloma,Entoloma,True,0.8006601929664612,0.003780600003665313,ResNet18,test
data/processed/test\Entoloma\040_AaS7qJWOhTY.jpg,Entoloma,Inocybe,False,0.6452018022537231,0.003782400002819486,ResNet18,test
data/processed/test\Entoloma\041_8TLv6hZ7PQg.jpg,Entoloma,Entoloma,True,0.9217928647994995,0.003536999996867962,ResNet18,test
data/processed/test\Entoloma\043_HA9oR2t5gx4.jpg,Entoloma,Amanita,False,0.6531137824058533,0.003397599997697398,ResNet18,test
data/processed/test\Entoloma\053_pGhgq2L9_f8.jpg,Entoloma,Exidia,False,0.41053593158721924,0.004008800009614788,ResNet18,test
data/processed/test\Entoloma\075_6zFJxFd4PFI.jpg,Entoloma,Entoloma,True,0.732737123966217,0.0033912000071723014,ResNet18,test
data/processed/test\Entoloma\077_MiiSt18mhFg.jpg,Entoloma,Entoloma,True,0.9006676077842712,0.0033839000097941607,ResNet18,test
data/processed/test\Entoloma\087_B8cy4l0fVCM.jpg,Entoloma,Entoloma,True,0.987463116645813,0.003684299997985363,ResNet18,test
data/processed/test\Entoloma\095_sc5K2sdc95k.jpg,Entoloma,Entoloma,True,0.48793184757232666,0.003616699992562644,ResNet18,test
data/processed/test\Entoloma\100_DOEuA90u0n4.jpg,Entoloma,Entoloma,True,0.5592032670974731,0.00349810000625439,ResNet18,test
data/processed/test\Entoloma\112_tZybBnWnquU.jpg,Entoloma,Entoloma,True,0.7835264205932617,0.0038191999919945374,ResNet18,test
data/processed/test\Entoloma\114_hVYv8T9rAdI.jpg,Entoloma,Lactarius,False,0.6016179323196411,0.003409299999475479,ResNet18,test
data/processed/test\Entoloma\123_N1nBNk8zowc.jpg,Entoloma,Amanita,False,0.36915621161460876,0.0038727999926777557,ResNet18,test
data/processed/test\Entoloma\124_NgFCwyrvUBU.jpg,Entoloma,Lactarius,False,0.49757859110832214,0.0035568000021157786,ResNet18,test
data/processed/test\Entoloma\125_H6KQJubz60Q.jpg,Entoloma,Hygrocybe,False,0.582091748714447,0.003946600001654588,ResNet18,test
data/processed/test\Entoloma\137_2wOQqIdze_Y.jpg,Entoloma,Inocybe,False,0.43224453926086426,0.0033862999989651144,ResNet18,test
data/processed/test\Entoloma\154_HDT_he4bSpA.jpg,Entoloma,Entoloma,True,0.8560234904289246,0.003325900004711002,ResNet18,test
data/processed/test\Entoloma\155_ab4GU9GVNl0.jpg,Entoloma,Entoloma,True,0.5206124186515808,0.0034368000051472336,ResNet18,test
data/processed/test\Entoloma\159_gzyo4cu2SF0.jpg,Entoloma,Entoloma,True,0.9596819877624512,0.003577600000426173,ResNet18,test
data/processed/test\Entoloma\170_rgOUjNM_DM4.jpg,Entoloma,Entoloma,True,0.9475260376930237,0.003434899990679696,ResNet18,test
data/processed/test\Entoloma\178_j9A_u3GorWg.jpg,Entoloma,Amanita,False,0.6410220265388489,0.003913199994713068,ResNet18,test
data/processed/test\Entoloma\185_UK9hgsbXBR8.jpg,Entoloma,Inocybe,False,0.366549551486969,0.007673999993130565,ResNet18,test
data/processed/test\Entoloma\187_m0UFCsyH-Bs.jpg,Entoloma,Entoloma,True,0.5849900245666504,0.006787100006476976,ResNet18,test
data/processed/test\Entoloma\192_Tf_A1Q4bdco.jpg,Entoloma,Inocybe,False,0.5658372640609741,0.006554300009156577,ResNet18,test
data/processed/test\Entoloma\195_tEj9VvcKoc8.jpg,Entoloma,Entoloma,True,0.6992697715759277,0.003355699998792261,ResNet18,test
data/processed/test\Entoloma\202_FQWDsaZPytk.jpg,Entoloma,Entoloma,True,0.567779541015625,0.0037484999920707196,ResNet18,test
data/processed/test\Entoloma\213_xX7APSYep7c.jpg,Entoloma,Entoloma,True,0.7435707449913025,0.0037671000027330592,ResNet18,test
data/processed/test\Entoloma\217_MQnUltdhEsM.jpg,Entoloma,Entoloma,True,0.24436238408088684,0.0036642000050051138,ResNet18,test
data/processed/test\Entoloma\221_aU7_BswojlM.jpg,Entoloma,Entoloma,True,0.6898000240325928,0.0036007000016979873,ResNet18,test
data/processed/test\Entoloma\225_3YNITN-NtWM.jpg,Entoloma,Boletus,False,0.33391910791397095,0.004142099991440773,ResNet18,test
data/processed/test\Entoloma\244_5qYibVwYigY.jpg,Entoloma,Inocybe,False,0.5778704881668091,0.0037343000003602356,ResNet18,test
data/processed/test\Entoloma\247_ABBDuWCbqT0.jpg,Entoloma,Entoloma,True,0.8536630868911743,0.0037134000012883916,ResNet18,test
data/processed/test\Entoloma\254_iO4rO5rmxLg.jpg,Entoloma,Lactarius,False,0.42475616931915283,0.0034869000082835555,ResNet18,test
data/processed/test\Entoloma\269_YSsglwYAx0A.jpg,Entoloma,Entoloma,True,0.5513307452201843,0.0034254000056535006,ResNet18,test
data/processed/test\Entoloma\278_1UQ2eou4aVA.jpg,Entoloma,Entoloma,True,0.6736610531806946,0.0038465999969048426,ResNet18,test
data/processed/test\Entoloma\283_eWPMK-in8bA.jpg,Entoloma,Lactarius,False,0.542684018611908,0.0040287000010721385,ResNet18,test
data/processed/test\Entoloma\307_bs3Q880w3uI.jpg,Entoloma,Entoloma,True,0.9167799353599548,0.0037819999997736886,ResNet18,test
data/processed/test\Entoloma\309_QMD8y_m-X9w.jpg,Entoloma,Entoloma,True,0.7041453719139099,0.0034029999951599166,ResNet18,test
data/processed/test\Entoloma\315_x2hPqvpEIm4.jpg,Entoloma,Entoloma,True,0.7051396369934082,0.003598700001020916,ResNet18,test
data/processed/test\Entoloma\321_GSSvivRkKSs.jpg,Entoloma,Amanita,False,0.6704691052436829,0.0034029999951599166,ResNet18,test
data/processed/test\Entoloma\323_T1uKKhFKYQo.jpg,Entoloma,Russula,False,0.33171653747558594,0.003376900000148453,ResNet18,test
data/processed/test\Entoloma\333_1jBot7MZWes.jpg,Entoloma,Cortinarius,False,0.4610263705253601,0.003427799994824454,ResNet18,test
data/processed/test\Entoloma\337_CtXrNI3Aodw.jpg,Entoloma,Lactarius,False,0.7186768054962158,0.0034906000073533505,ResNet18,test
data/processed/test\Entoloma\344_uf0xKp6qwNQ.jpg,Entoloma,Entoloma,True,0.6014538407325745,0.003757899990887381,ResNet18,test
data/processed/test\Entoloma\349_PNzUfA1WO3M.jpg,Entoloma,Entoloma,True,0.6018010973930359,0.0032635000097798184,ResNet18,test
data/processed/test\Entoloma\372_hriIdsNQgxI.jpg,Entoloma,Entoloma,True,0.941942036151886,0.004364099993836135,ResNet18,test
data/processed/test\Entoloma\380_OI9EjWusj9s.jpg,Entoloma,Inocybe,False,0.7830587029457092,0.0034344000014243647,ResNet18,test
data/processed/test\Entoloma\389_-8kqVUZsNtU.jpg,Entoloma,Lactarius,False,0.5415361523628235,0.003431100005400367,ResNet18,test
data/processed/test\Entoloma\391_u6_VQ5BQ3RQ.jpg,Entoloma,Inocybe,False,0.8631570339202881,0.003831299996818416,ResNet18,test
data/processed/test\Entoloma\394_I1aghwHRxKQ.jpg,Entoloma,Entoloma,True,0.9554851055145264,0.0036284999951021746,ResNet18,test
data/processed/test\Entoloma\396_P8a-mnDratQ.jpg,Entoloma,Entoloma,True,0.6517488360404968,0.00370110000949353,ResNet18,test
data/processed/test\Entoloma\401_7lcXxESXcOc.jpg,Entoloma,Cortinarius,False,0.4439120292663574,0.0037108000105945393,ResNet18,test
data/processed/test\Exidia\APE2016-9184941_SkxjRjQbBe.jpg,Exidia,Amanita,False,0.9271810054779053,0.003857700008666143,ResNet18,test
data/processed/test\Exidia\APE2017-9186106_r1lnuhbbvl.jpg,Exidia,Exidia,True,0.9888218641281128,0.0038400999910663813,ResNet18,test
data/processed/test\Exidia\APE2017-9186594_S1gbav70Pg.jpg,Exidia,Exidia,True,0.6745867729187012,0.0039927000034367666,ResNet18,test
data/processed/test\Exidia\BEC2017-9186082_Bk5dpkxvg.jpg,Exidia,Exidia,True,0.9529931545257568,0.003968500008340925,ResNet18,test
data/processed/test\Exidia\BEC2017-9186082_HkySBeewx.jpg,Exidia,Exidia,True,0.9799628257751465,0.0035081999958492815,ResNet18,test
data/processed/test\Exidia\BT2015PIC69830748.jpg,Exidia,Exidia,True,0.6790614724159241,0.003348900005221367,ResNet18,test
data/processed/test\Exidia\BWP2010PIC21033449.jpg,Exidia,Exidia,True,0.47040608525276184,0.005391300001065247,ResNet18,test
data/processed/test\Exidia\BWP2010PIC26179585.jpg,Exidia,Lactarius,False,0.8889721632003784,0.0037892999971518293,ResNet18,test
data/processed/test\Exidia\BWP2010PIC63422920.jpg,Exidia,Lactarius,False,0.8889721632003784,0.0036961000005248934,ResNet18,test
data/processed/test\Exidia\BWP2012PIC72778365.jpg,Exidia,Exidia,True,0.5285619497299194,0.003576000002794899,ResNet18,test
data/processed/test\Exidia\BWP2012PIC73866455.jpg,Exidia,Exidia,True,0.3117249011993408,0.0036077999975532293,ResNet18,test
data/processed/test\Exidia\DI2017-9188574_Hk1cP3Tix.jpg,Exidia,Exidia,True,0.9711751341819763,0.003730399999767542,ResNet18,test
data/processed/test\Exidia\EAT2017-9188143_SkIXsq-ig.jpg,Exidia,Exidia,True,0.8931992053985596,0.003689799996209331,ResNet18,test
data/processed/test\Exidia\FA2009PIC34033903.jpg,Exidia,Exidia,True,0.9107075333595276,0.003534500006935559,ResNet18,test
data/processed/test\Exidia\FA2009PIC41674148.jpg,Exidia,Exidia,True,0.9992942810058594,0.0034916000004159287,ResNet18,test
data/processed/test\Exidia\FDE2014PIC40274346.jpg,Exidia,Exidia,True,0.7498765587806702,0.003683999995701015,ResNet18,test
data/processed/test\Exidia\FS2013PIC31639353.jpg,Exidia,Hygrocybe,False,0.5059459209442139,0.0037863999896217138,ResNet18,test
data/processed/test\Exidia\GLJ2012PIC77958863.jpg,Exidia,Exidia,True,0.975100576877594,0.0037823000020580366,ResNet18,test
data/processed/test\Exidia\HM2012PIC53684895.jpg,Exidia,Exidia,True,0.9683139324188232,0.003656300003058277,ResNet18,test
data/processed/test\Exidia\JAH2010PIC83850018.jpg,Exidia,Exidia,True,0.3014105558395386,0.003708899996127002,ResNet18,test
data/processed/test\Exidia\JAH2011PIC50778683.jpg,Exidia,Exidia,True,0.8163180947303772,0.0034432999964337796,ResNet18,test
data/processed/test\Exidia\JAH2012PIC31946080.jpg,Exidia,Exidia,True,0.9908764958381653,0.0033008000027621165,ResNet18,test
data/processed/test\Exidia\JAH2012PIC42360712.jpg,Exidia,Exidia,True,0.9690612554550171,0.0037410000077215955,ResNet18,test
data/processed/test\Exidia\JAH2012PIC89993887.jpg,Exidia,Exidia,True,0.6884405016899109,0.003723699992406182,ResNet18,test
data/processed/test\Exidia\JAJ2017-9185700_rkbkFjfUx.jpg,Exidia,Exidia,True,0.9606386423110962,0.0036263999936636537,ResNet18,test
data/processed/test\Exidia\JC2016-9184056_Byw5hr_Qx.jpg,Exidia,Exidia,True,0.6678226590156555,0.004045699999551289,ResNet18,test
data/processed/test\Exidia\JCS2009PIC12309413.jpg,Exidia,Exidia,True,0.9960280656814575,0.0038644000014755875,ResNet18,test
data/processed/test\Exidia\JM2011PIC15975626.jpg,Exidia,Exidia,True,0.56349778175354,0.003566700004739687,ResNet18,test
data/processed/test\Exidia\JM2012PIC10429941.jpg,Exidia,Exidia,True,0.964648425579071,0.004066099994815886,ResNet18,test
data/processed/test\Exidia\JM2016-9182928_HydQkTeMe.jpg,Exidia,Exidia,True,0.9898719191551208,0.0038272000092547387,ResNet18,test
data/processed/test\Exidia\JMI2017-9225941_BkUTwno3Z.jpg,Exidia,Exidia,True,0.9951005578041077,0.0034558000043034554,ResNet18,test
data/processed/test\Exidia\JO2011PIC61426163.jpg,Exidia,Exidia,True,0.9444957375526428,0.003401900001335889,ResNet18,test
data/processed/test\Exidia\KMA2016-9182761_BJZkKzAWe.jpg,Exidia,Exidia,True,0.9635576009750366,0.0034394999966025352,ResNet18,test
data/processed/test\Exidia\KNI2009PIC40725553.jpg,Exidia,Exidia,True,0.2544054388999939,0.0040868000069167465,ResNet18,test
data/processed/test\Exidia\KNK2014PIC59831810.jpg,Exidia,Exidia,True,0.9923829436302185,0.003817199991317466,ResNet18,test
data/processed/test\Exidia\MC2017-9190790_r1lwUvc0e.jpg,Exidia,Exidia,True,0.7388188242912292,0.0035038000060012564,ResNet18,test
data/processed/test\Exidia\MFC2016-9180603_HJlPfl0lxe.jpg,Exidia,Exidia,True,0.5390077233314514,0.0035512000031303614,ResNet18,test
data/processed/test\Exidia\ML2009PIC13001963.jpg,Exidia,Exidia,True,0.78667151927948,0.00405960000352934,ResNet18,test
data/processed/test\Exidia\ML2011PIC18007945.jpg,Exidia,Lactarius,False,0.43835845589637756,0.0038561999972444028,ResNet18,test
data/processed/test\Exidia\ML2011PIC65179349.jpg,Exidia,Inocybe,False,0.8864841461181641,0.004139900003792718,ResNet18,test
data/processed/test\Exidia\MMN2010PIC69549468.jpg,Exidia,Exidia,True,0.9935901165008545,0.003794999996898696,ResNet18,test
data/processed/test\Exidia\MMN2012PIC61631279.jpg,Exidia,Exidia,True,0.8708999156951904,0.00340620000497438,ResNet18,test
data/processed/test\Exidia\MSO2011PIC32526200.jpg,Exidia,Exidia,True,0.9985141158103943,0.0037327999889384955,ResNet18,test
data/processed/test\Exidia\MSO2012PIC15916968.jpg,Exidia,Exidia,True,0.9994189739227295,0.0033977999992202967,ResNet18,test
data/processed/test\Exidia\MSO2014PIC66151749.jpg,Exidia,Exidia,True,0.9965290427207947,0.00354850001167506,ResNet18,test
data/processed/test\Exidia\MSO2015PIC74895293.jpg,Exidia,Exidia,True,0.8852768540382385,0.0035547000006772578,ResNet18,test
data/processed/test\Exidia\MSO2016PIC23090222.jpg,Exidia,Exidia,True,0.9913432598114014,0.003591100001358427,ResNet18,test
data/processed/test\Exidia\NHE2016-9180599_Byki66lel.jpg,Exidia,Exidia,True,0.9821163415908813,0.003426800001761876,ResNet18,test
data/processed/test\Exidia\NVM2013PIC42485487.jpg,Exidia,Exidia,True,0.9971230626106262,0.00388619999284856,ResNet18,test
data/processed/test\Exidia\RSS2017-9188091_H1ey3FQyoe.jpg,Exidia,Exidia,True,0.9809821844100952,0.003940599999623373,ResNet18,test
data/processed/test\Exidia\TAK2013PIC32572675.jpg,Exidia,Exidia,True,0.9870718121528625,0.0034589999995660037,ResNet18,test
data/processed/test\Exidia\TIL2017-9190084_BJQTBLw6px.jpg,Exidia,Inocybe,False,0.7409557700157166,0.003489900002023205,ResNet18,test
data/processed/test\Exidia\TKH2012PIC10624779.jpg,Exidia,Exidia,True,0.9825088977813721,0.0034357999975327402,ResNet18,test
data/processed/test\Exidia\TKH2013PIC59849237.jpg,Exidia,Exidia,True,0.9656603932380676,0.005615699992631562,ResNet18,test
data/processed/test\Exidia\TKH2015PIC23528165.jpg,Exidia,Inocybe,False,0.9656938910484314,0.003492600008030422,ResNet18,test
data/processed/test\Exidia\TL2015PIC58388718.jpg,Exidia,Exidia,True,0.9770407676696777,0.003533199997036718,ResNet18,test
data/processed/test\Exidia\TL2015PIC80481245.jpg,Exidia,Exidia,True,0.9914140701293945,0.003466800000751391,ResNet18,test
data/processed/test\Exidia\TL2016-9182730_HykuO06Zg.jpg,Exidia,Exidia,True,0.9029465317726135,0.0035260000004200265,ResNet18,test
data/processed/test\Exidia\TOB2015PIC38267487.jpg,Exidia,Exidia,True,0.9723471403121948,0.0033481999998912215,ResNet18,test
data/processed/test\Exidia\TOB2016-9184524_S10gErNNl.jpg,Exidia,Exidia,True,0.9819783568382263,0.00448550000146497,ResNet18,test
data/processed/test\Exidia\TS2010PIC71382964.jpg,Exidia,Exidia,True,0.9991175532341003,0.003817800010438077,ResNet18,test
data/processed/test\Exidia\TS2013PIC55827351.jpg,Exidia,Exidia,True,0.8253999352455139,0.0034817999985534698,ResNet18,test
data/processed/test\Exidia\TS2016PIC29053644.jpg,Exidia,Exidia,True,0.9991844296455383,0.0045824000117136165,ResNet18,test
data/processed/test\Exidia\TS2016PIC39839225.jpg,Exidia,Exidia,True,0.3472301959991455,0.004219899987219833,ResNet18,test
data/processed/test\Exidia\UFN2017-9192300_S1ZikyZeW.jpg,Exidia,Exidia,True,0.9826465845108032,0.003315100009785965,ResNet18,test
data/processed/test\Exidia\UFN2017-9192376_BkicKxmgb.jpg,Exidia,Exidia,True,0.9712343215942383,0.0036850000033155084,ResNet18,test
data/processed/test\Hygrocybe\000_ZNTZP3tXkz8.jpg,Hygrocybe,Hygrocybe,True,0.8074876666069031,0.004160699987551197,ResNet18,test
data/processed/test\Hygrocybe\003_r_0kZgNW3Tc.jpg,Hygrocybe,Hygrocybe,True,0.8832702040672302,0.003528599991113879,ResNet18,test
data/processed/test\Hygrocybe\004_uURYojZQbjQ.jpg,Hygrocybe,Cortinarius,False,0.33388566970825195,0.0036657000018749386,ResNet18,test
data/processed/test\Hygrocybe\012_LItejlRJ918.jpg,Hygrocybe,Hygrocybe,True,0.6401434540748596,0.003893700006301515,ResNet18,test
data/processed/test\Hygrocybe\022_NycgOWqKPEA.jpg,Hygrocybe,Hygrocybe,True,0.9379676580429077,0.003710999997565523,ResNet18,test
data/processed/test\Hygrocybe\030_AQ4o1Xm4AL0.jpg,Hygrocybe,Hygrocybe,True,0.6634299755096436,0.0036957999982405454,ResNet18,test
data/processed/test\Hygrocybe\032_DZ1xy6htm0M.jpg,Hygrocybe,Hygrocybe,True,0.594887375831604,0.0035946999996667728,ResNet18,test
data/processed/test\Hygrocybe\040_3txjJQ9iLYI.jpg,Hygrocybe,Hygrocybe,True,0.9643213152885437,0.004008599993539974,ResNet18,test
data/processed/test\Hygrocybe\045_TJd-2TQFv10.jpg,Hygrocybe,Hygrocybe,True,0.9638590812683105,0.004073999996762723,ResNet18,test
data/processed/test\Hygrocybe\049_XD-_-BeBBR4.jpg,Hygrocybe,Hygrocybe,True,0.7052870392799377,0.004114800001843832,ResNet18,test
data/processed/test\Hygrocybe\050_ubNntQr-eWE.jpg,Hygrocybe,Hygrocybe,True,0.7509700059890747,0.0046030000085011125,ResNet18,test
data/processed/test\Hygrocybe\056_cGxyxb6UHGk.jpg,Hygrocybe,Hygrocybe,True,0.7590065002441406,0.00411520000488963,ResNet18,test
data/processed/test\Hygrocybe\070_WNKPUMir-JY.jpg,Hygrocybe,Hygrocybe,True,0.9847034811973572,0.0037327000027289614,ResNet18,test
data/processed/test\Hygrocybe\072_G-fOGmTh3jY.jpg,Hygrocybe,Hygrocybe,True,0.986336886882782,0.0035022999945795164,ResNet18,test
data/processed/test\Hygrocybe\076_HGEpcAdN9KE.jpg,Hygrocybe,Hygrocybe,True,0.9873787760734558,0.0036496000102488324,ResNet18,test
data/processed/test\Hygrocybe\081_puYZ4KzYSqs.jpg,Hygrocybe,Hygrocybe,True,0.9378208518028259,0.0037177000049268827,ResNet18,test
data/processed/test\Hygrocybe\107_8A2HnEVmiKo.jpg,Hygrocybe,Hygrocybe,True,0.7236423492431641,0.0034657999931368977,ResNet18,test
data/processed/test\Hygrocybe\112_qr7hsvuhJZ0.jpg,Hygrocybe,Hygrocybe,True,0.6264896392822266,0.003519300007610582,ResNet18,test
data/processed/test\Hygrocybe\126_0gAqgiheOxI.jpg,Hygrocybe,Hygrocybe,True,0.9681656360626221,0.0034985999955097213,ResNet18,test
data/processed/test\Hygrocybe\127_XCKEujZlVek.jpg,Hygrocybe,Hygrocybe,True,0.7929666638374329,0.0034853999968618155,ResNet18,test
data/processed/test\Hygrocybe\129_j8zgmU7QMxU.jpg,Hygrocybe,Hygrocybe,True,0.9987708926200867,0.0036364999978104606,ResNet18,test
data/processed/test\Hygrocybe\132_tuQX6vBvZRk.jpg,Hygrocybe,Hygrocybe,True,0.9997017979621887,0.003962700007832609,ResNet18,test
data/processed/test\Hygrocybe\133_3_ieL2NtOF0.jpg,Hygrocybe,Hygrocybe,True,0.6590730547904968,0.003865100006805733,ResNet18,test
data/processed/test\Hygrocybe\142_bhwsyvZtIY0.jpg,Hygrocybe,Entoloma,False,0.3663589656352997,0.003570200002286583,ResNet18,test
data/processed/test\Hygrocybe\153_vIb6t4IHEzM.jpg,Hygrocybe,Hygrocybe,True,0.663257896900177,0.00399959999776911,ResNet18,test
data/processed/test\Hygrocybe\159_Ymge5g1qpP4.jpg,Hygrocybe,Hygrocybe,True,0.8282954692840576,0.003500099992379546,ResNet18,test
data/processed/test\Hygrocybe\167_0dmBJfGHH8c.jpg,Hygrocybe,Hygrocybe,True,0.9868788123130798,0.003778799989959225,ResNet18,test
data/processed/test\Hygrocybe\181_GCIMCymbYLk.jpg,Hygrocybe,Entoloma,False,0.2909424602985382,0.003741499996976927,ResNet18,test
data/processed/test\Hygrocybe\188_5IJ0j3yYEyk.jpg,Hygrocybe,Hygrocybe,True,0.47213050723075867,0.0037523999926634133,ResNet18,test
data/processed/test\Hygrocybe\201_9i5OZWNQwG0.jpg,Hygrocybe,Hygrocybe,True,0.9965394735336304,0.0035419999912846833,ResNet18,test
data/processed/test\Hygrocybe\203_Z33ahTENL0Q.jpg,Hygrocybe,Hygrocybe,True,0.9134712815284729,0.003370799997355789,ResNet18,test
data/processed/test\Hygrocybe\205_pVtK0sC_qAE.jpg,Hygrocybe,Hygrocybe,True,0.7607380151748657,0.003419700005906634,ResNet18,test
data/processed/test\Hygrocybe\216_jDgNLEnykyU.jpg,Hygrocybe,Hygrocybe,True,0.6517136693000793,0.0034057000011671335,ResNet18,test
data/processed/test\Hygrocybe\225_KKCj-5wLqCA.jpg,Hygrocybe,Hygrocybe,True,0.7281795740127563,0.003616000001784414,ResNet18,test
data/processed/test\Hygrocybe\227_L3z3XTxXk78.jpg,Hygrocybe,Entoloma,False,0.3224615752696991,0.003561299992725253,ResNet18,test
data/processed/test\Hygrocybe\230_yk2KrQJOQS8.jpg,Hygrocybe,Entoloma,False,0.4213111698627472,0.003529599998728372,ResNet18,test
data/processed/test\Hygrocybe\240_7wFT2NzNJsA.jpg,Hygrocybe,Hygrocybe,True,0.8717092275619507,0.0035520999954314902,ResNet18,test
data/processed/test\Hygrocybe\253_IgK1gMXB7S0.jpg,Hygrocybe,Hygrocybe,True,0.454019695520401,0.003510499998810701,ResNet18,test
data/processed/test\Hygrocybe\257_LPbsa5Oitj0.jpg,Hygrocybe,Hygrocybe,True,0.6463742256164551,0.004547400007140823,ResNet18,test
data/processed/test\Hygrocybe\271_wkoF4DRryAY.jpg,Hygrocybe,Hygrocybe,True,0.7636130452156067,0.004217199995764531,ResNet18,test
data/processed/test\Hygrocybe\272_-uL1iUddkKE.jpg,Hygrocybe,Cortinarius,False,0.43805763125419617,0.003382100010639988,ResNet18,test
data/processed/test\Hygrocybe\279_qMPhGAtE9-E.jpg,Hygrocybe,Hygrocybe,True,0.8907934427261353,0.0036155999987386167,ResNet18,test
data/processed/test\Hygrocybe\287_V13XWthHpss.jpg,Hygrocybe,Lactarius,False,0.3467596471309662,0.0037216999917291105,ResNet18,test
data/processed/test\Hygrocybe\292_RJnjsciXCNM.jpg,Hygrocybe,Hygrocybe,True,0.945206880569458,0.0035632000071927905,ResNet18,test
data/processed/test\Hygrocybe\299_VBHrsAmQC-E.jpg,Hygrocybe,Hygrocybe,True,0.7675206661224365,0.0038985999999567866,ResNet18,test
data/processed/test\Hygrocybe\301_vp5CIThqt4k.jpg,Hygrocybe,Hygrocybe,True,0.9623708128929138,0.00372550000611227,ResNet18,test
data/processed/test\Hygrocybe\314_tDtKkHcGxRM.jpg,Hygrocybe,Hygrocybe,True,0.962411105632782,0.0039022999990265816,ResNet18,test
data/processed/test\Hygrocybe\325_rro3hIu1Nqw.jpg,Hygrocybe,Hygrocybe,True,0.9038783311843872,0.0037754999939352274,ResNet18,test
data/processed/test\Inocybe\AE2013PIC74694917.jpg,Inocybe,Lactarius,False,0.5832218527793884,0.0037972999998601153,ResNet18,test
data/processed/test\Inocybe\AE2015PIC76548267.jpg,Inocybe,Cortinarius,False,0.6365491151809692,0.004124799990677275,ResNet18,test
data/processed/test\Inocybe\AS2010PIC58249290.jpg,Inocybe,Inocybe,True,0.8278717398643494,0.0034459999878890812,ResNet18,test
data/processed/test\Inocybe\AS2017-9214269_rygo0WejZ.jpg,Inocybe,Inocybe,True,0.6715588569641113,0.0034874999983003363,ResNet18,test
data/processed/test\Inocybe\BWP2010PIC63790785.jpg,Inocybe,Inocybe,True,0.590132474899292,0.0044726000051014125,ResNet18,test
data/processed/test\Inocybe\BWP2011PIC57986404.jpg,Inocybe,Inocybe,True,0.8725554943084717,0.004289800010155886,ResNet18,test
data/processed/test\Inocybe\BWP2013PIC14438171.jpg,Inocybe,Inocybe,True,0.8889856338500977,0.0038681000005453825,ResNet18,test
data/processed/test\Inocybe\BWP2015PIC54111483.jpg,Inocybe,Russula,False,0.3863031268119812,0.003373300001840107,ResNet18,test
data/processed/test\Inocybe\BWP2015PIC66105035.jpg,Inocybe,Inocybe,True,0.5463184714317322,0.0034687000006670132,ResNet18,test
data/processed/test\Inocybe\BWP2016-9169400_r1cjMF0O.jpg,Inocybe,Inocybe,True,0.46821027994155884,0.0037174000026425347,ResNet18,test
data/processed/test\Inocybe\BWP2016-9169400_ryGAfY0u.jpg,Inocybe,Russula,False,0.44171157479286194,0.0037352000072132796,ResNet18,test
data/processed/test\Inocybe\CL2011PIC55659604.jpg,Inocybe,Inocybe,True,0.8968903422355652,0.0035213000082876533,ResNet18,test
data/processed/test\Inocybe\DB2013PIC33800138.jpg,Inocybe,Inocybe,True,0.7337784171104431,0.0034367000043857843,ResNet18,test
data/processed/test\Inocybe\DB2013PIC42730442.jpg,Inocybe,Inocybe,True,0.9136344790458679,0.0035174000076949596,ResNet18,test
data/processed/test\Inocybe\DB2013PIC57804056.jpg,Inocybe,Inocybe,True,0.7804389595985413,0.0034331000060774386,ResNet18,test
data/processed/test\Inocybe\DB2013PIC89729265.jpg,Inocybe,Inocybe,True,0.700311541557312,0.0035589000035542995,ResNet18,test
data/processed/test\Inocybe\EAT2012PIC64084765.jpg,Inocybe,Cortinarius,False,0.5369285345077515,0.0034982999932253733,ResNet18,test
data/processed/test\Inocybe\EAT2012PIC84850246.jpg,Inocybe,Inocybe,True,0.8010836839675903,0.003385299991350621,ResNet18,test
data/processed/test\Inocybe\EAT2013PIC54191345.jpg,Inocybe,Inocybe,True,0.5237160921096802,0.0035373999999137595,ResNet18,test
data/processed/test\Inocybe\EAT2014PIC42270599.jpg,Inocybe,Amanita,False,0.4845843017101288,0.003606099999160506,ResNet18,test
data/processed/test\Inocybe\EAT2015PIC87367583.jpg,Inocybe,Lactarius,False,0.8676949143409729,0.0035088000004179776,ResNet18,test
data/processed/test\Inocybe\EAT2015PIC89289492.jpg,Inocybe,Suillus,False,0.4408654570579529,0.0038684000028297305,ResNet18,test
data/processed/test\Inocybe\EAT2017-9208647_BJQtzKntb.jpg,Inocybe,Boletus,False,0.23767568171024323,0.0038631999923381954,ResNet18,test
data/processed/test\Inocybe\FDE2011PIC86172261.jpg,Inocybe,Inocybe,True,0.7600748538970947,0.003679300003568642,ResNet18,test
data/processed/test\Inocybe\FDE2012PIC64061850.jpg,Inocybe,Inocybe,True,0.8091115355491638,0.004371899995021522,ResNet18,test
data/processed/test\Inocybe\FS2012PIC59633008.jpg,Inocybe,Entoloma,False,0.3786991834640503,0.0038075000047683716,ResNet18,test
data/processed/test\Inocybe\JAH2014PIC52290371.jpg,Inocybe,Inocybe,True,0.9898780584335327,0.003867699997499585,ResNet18,test
data/processed/test\Inocybe\JCS2009PIC20338594.jpg,Inocybe,Inocybe,True,0.6908919215202332,0.003567699997802265,ResNet18,test
data/processed/test\Inocybe\JCS2013PIC22587806.jpg,Inocybe,Inocybe,True,0.8821907639503479,0.0036533999955281615,ResNet18,test
data/processed/test\Inocybe\JCS2013PIC43012548.jpg,Inocybe,Entoloma,False,0.43935146927833557,0.003676599997561425,ResNet18,test
data/processed/test\Inocybe\JCS2013PIC83427178.jpg,Inocybe,Inocybe,True,0.4476076066493988,0.0037865999911446124,ResNet18,test
data/processed/test\Inocybe\JHC2017-9196021_r1DJCAiXW.jpg,Inocybe,Cortinarius,False,0.37865859270095825,0.003871000008075498,ResNet18,test
data/processed/test\Inocybe\JHC2017-9201118_B1VmZiXPZ.jpg,Inocybe,Inocybe,True,0.9269697666168213,0.003512699986458756,ResNet18,test
data/processed/test\Inocybe\JHC2017-9207705_H16Z0hStW.jpg,Inocybe,Cortinarius,False,0.5004423260688782,0.003374199994141236,ResNet18,test
data/processed/test\Inocybe\JM2012PIC76798409.jpg,Inocybe,Inocybe,True,0.9500615000724792,0.0037290000036591664,ResNet18,test
data/processed/test\Inocybe\JM2014PIC65927854.jpg,Inocybe,Inocybe,True,0.6408432722091675,0.004128400003537536,ResNet18,test
data/processed/test\Inocybe\JM2017-9200086_HkgcxFo28W.jpg,Inocybe,Inocybe,True,0.9161413311958313,0.0037333000072976574,ResNet18,test
data/processed/test\Inocybe\JM2017-9200086_rkceKj2LZ.jpg,Inocybe,Inocybe,True,0.9771686792373657,0.003696300002047792,ResNet18,test
data/processed/test\Inocybe\JM2017-9202674_ByodB43P-.jpg,Inocybe,Inocybe,True,0.5063729882240295,0.0036082000005990267,ResNet18,test
data/processed/test\Inocybe\KNI2015PIC36175674.jpg,Inocybe,Inocybe,True,0.9014029502868652,0.0035789999965345487,ResNet18,test
data/processed/test\Inocybe\LDJ2009PIC30690154.jpg,Inocybe,Inocybe,True,0.87629234790802,0.003357299996423535,ResNet18,test
data/processed/test\Inocybe\MACH2016-9178188_S1cpNX6A.jpg,Inocybe,Inocybe,True,0.8856222033500671,0.0035136000078637153,ResNet18,test
data/processed/test\Inocybe\MAV2010PIC78400496.jpg,Inocybe,Inocybe,True,0.940977156162262,0.003443699999479577,ResNet18,test
data/processed/test\Inocybe\MAV2011PIC87756495.jpg,Inocybe,Amanita,False,0.5066832304000854,0.0041551000031176955,ResNet18,test
data/processed/test\Inocybe\MAV2013PIC41670341.jpg,Inocybe,Inocybe,True,0.8874286413192749,0.003855300004943274,ResNet18,test
data/processed/test\Inocybe\ML2012PIC15959384.jpg,Inocybe,Inocybe,True,0.4288494288921356,0.0038410000124713406,ResNet18,test
data/processed/test\Inocybe\MMN2010PIC77085274.jpg,Inocybe,Inocybe,True,0.7535963654518127,0.003775000004679896,ResNet18,test
data/processed/test\Inocybe\MS2009PIC48014779.jpg,Inocybe,Cortinarius,False,0.6500240564346313,0.0034447999933036044,ResNet18,test
data/processed/test\Inocybe\MS2009PIC76598275.jpg,Inocybe,Suillus,False,0.3939480185508728,0.003837500000372529,ResNet18,test
data/processed/test\Inocybe\MSO2012PIC41953814.jpg,Inocybe,Inocybe,True,0.46169671416282654,0.0036825999995926395,ResNet18,test
data/processed/test\Inocybe\OBL2011PIC48076248.jpg,Inocybe,Inocybe,True,0.9836793541908264,0.003573299996787682,ResNet18,test
data/processed/test\Inocybe\OBL2012PIC16913624.jpg,Inocybe,Inocybe,True,0.9449673891067505,0.0035420000058365986,ResNet18,test
data/processed/test\Inocybe\PEL2017-9195655_B1Yl9j8mb.jpg,Inocybe,Inocybe,True,0.795056164264679,0.003616300004068762,ResNet18,test
data/processed/test\Inocybe\PETRA2017-9197483_rkgT7fMH-.jpg,Inocybe,Cortinarius,False,0.532230019569397,0.0035028999991482124,ResNet18,test
data/processed/test\Inocybe\PL2011PIC79270766.jpg,Inocybe,Inocybe,True,0.6485907435417175,0.0036082000005990267,ResNet18,test
data/processed/test\Inocybe\PTP2016-9171214_SyeyOS_pq.jpg,Inocybe,Entoloma,False,0.5476416945457458,0.0038222000002861023,ResNet18,test
data/processed/test\Inocybe\RE2010PIC60585326.jpg,Inocybe,Inocybe,True,0.7681646347045898,0.003427399991778657,ResNet18,test
data/processed/test\Inocybe\RE2012PIC39126061.jpg,Inocybe,Amanita,False,0.5966582894325256,0.0037284999998519197,ResNet18,test
data/processed/test\Inocybe\RE2012PIC69020667.jpg,Inocybe,Amanita,False,0.463091105222702,0.00366550000035204,ResNet18,test
data/processed/test\Inocybe\SL2013PIC12810247.jpg,Inocybe,Inocybe,True,0.8978863954544067,0.003914499990059994,ResNet18,test
data/processed/test\Inocybe\TAK2012PIC72845888.jpg,Inocybe,Inocybe,True,0.7488219738006592,0.004044600005727261,ResNet18,test
data/processed/test\Inocybe\TAK2013PIC38129211.jpg,Inocybe,Inocybe,True,0.5832479000091553,0.003846199993859045,ResNet18,test
data/processed/test\Inocybe\TAK2014PIC74058257.jpg,Inocybe,Inocybe,True,0.5131753087043762,0.0036297000042395666,ResNet18,test
data/processed/test\Inocybe\TAK2015PIC12430189.jpg,Inocybe,Inocybe,True,0.7886437773704529,0.003832599992165342,ResNet18,test
data/processed/test\Inocybe\TAK2017-9195726_SJBnA3Dm-.jpg,Inocybe,Cortinarius,False,0.5257657766342163,0.003676299995277077,ResNet18,test
data/processed/test\Inocybe\TB2010PIC30549452.jpg,Inocybe,Inocybe,True,0.8543773889541626,0.007362700009252876,ResNet18,test
data/processed/test\Inocybe\TKH2011PIC29550858.jpg,Inocybe,Lactarius,False,0.2936911880970001,0.003891699991072528,ResNet18,test
data/processed/test\Inocybe\TKH2012PIC24863747.jpg,Inocybe,Inocybe,True,0.5979880690574646,0.003825100007816218,ResNet18,test
data/processed/test\Inocybe\TKH2012PIC58539255.jpg,Inocybe,Lactarius,False,0.7952054738998413,0.003488900008960627,ResNet18,test
data/processed/test\Inocybe\TKH2013PIC15346099.jpg,Inocybe,Lactarius,False,0.3224540650844574,0.004096400007256307,ResNet18,test
data/processed/test\Inocybe\TKH2013PIC24960254.jpg,Inocybe,Suillus,False,0.44358253479003906,0.003989099990576506,ResNet18,test
data/processed/test\Inocybe\TKH2013PIC33707521.jpg,Inocybe,Inocybe,True,0.8497300148010254,0.003719300002558157,ResNet18,test
data/processed/test\Inocybe\TKH2013PIC43429224.jpg,Inocybe,Entoloma,False,0.37952715158462524,0.0036660000041592866,ResNet18,test
data/processed/test\Inocybe\TKH2013PIC89377657.jpg,Inocybe,Inocybe,True,0.9568687677383423,0.0040692000038689,ResNet18,test
data/processed/test\Inocybe\TKH2014PIC28133692.jpg,Inocybe,Inocybe,True,0.34572556614875793,0.004683899998781271,ResNet18,test
data/processed/test\Inocybe\TOB2016-9177959_r1E_IZN1e.jpg,Inocybe,Inocybe,True,0.8672300577163696,0.003644899989012629,ResNet18,test
data/processed/test\Inocybe\TOB2017-9194552_ryHFsS3MZ.jpg,Inocybe,Lactarius,False,0.2891470193862915,0.003896900001564063,ResNet18,test
data/processed/test\Inocybe\TOB2017-9202157_SJH4BiA_P-.jpg,Inocybe,Inocybe,True,0.9510188102722168,0.00357359999907203,ResNet18,test
data/processed/test\Inocybe\TOB2017-9202157_rkQEriRdDb.jpg,Inocybe,Inocybe,True,0.702825665473938,0.004092600007425062,ResNet18,test
data/processed/test\Inocybe\TOB2017-9208818_BJI8SxBgcb.jpg,Inocybe,Inocybe,True,0.391327440738678,0.0038345000066328794,ResNet18,test
data/processed/test\Inocybe\TOB2017-9208818_Hy9LSxSe5Z.jpg,Inocybe,Inocybe,True,0.8370335698127747,0.0038663000013912097,ResNet18,test
data/processed/test\Inocybe\TOB2017-9208818_rJG8reBe5Z.jpg,Inocybe,Inocybe,True,0.7969503998756409,0.0037574000016320497,ResNet18,test
data/processed/test\Inocybe\TOB2017-9208818_rk8Serx5W.jpg,Inocybe,Inocybe,True,0.856920599937439,0.0037321999989217147,ResNet18,test
data/processed/test\Inocybe\TS2010PIC72695117.jpg,Inocybe,Lactarius,False,0.3534424304962158,0.004045699999551289,ResNet18,test
data/processed/test\Inocybe\TS2011PIC26376558.jpg,Inocybe,Inocybe,True,0.7832502126693726,0.003552299996954389,ResNet18,test
data/processed/test\Inocybe\TS2011PIC53483517.jpg,Inocybe,Inocybe,True,0.6639841794967651,0.003562400001101196,ResNet18,test
data/processed/test\Inocybe\TS2011PIC53751796.jpg,Inocybe,Amanita,False,0.37914496660232544,0.0036524000024655834,ResNet18,test
data/processed/test\Inocybe\TS2012PIC31340902.jpg,Inocybe,Inocybe,True,0.7833061218261719,0.0036422999983187765,ResNet18,test
data/processed/test\Inocybe\TS2012PIC71517695.jpg,Inocybe,Inocybe,True,0.7929725646972656,0.0036857000086456537,ResNet18,test
data/processed/test\Inocybe\TS2012PIC76182348.jpg,Inocybe,Inocybe,True,0.6479931473731995,0.0036644000065280125,ResNet18,test
data/processed/test\Inocybe\TS2013PIC21993338.jpg,Inocybe,Inocybe,True,0.47706279158592224,0.004271300000254996,ResNet18,test
data/processed/test\Inocybe\TS2013PIC26765211.jpg,Inocybe,Inocybe,True,0.47385260462760925,0.004198100010398775,ResNet18,test
data/processed/test\Inocybe\TS2015PIC48470465.jpg,Inocybe,Inocybe,True,0.9490606188774109,0.004052100004628301,ResNet18,test
data/processed/test\Inocybe\TS2016-9180197_S1b2-Dmpye.jpg,Inocybe,Inocybe,True,0.8592368960380554,0.004029300005640835,ResNet18,test
data/processed/test\Lactarius\0000_av7f-8yVUNY.jpg,Lactarius,Lactarius,True,0.6843615174293518,0.0038059000071370974,ResNet18,test
data/processed/test\Lactarius\0004_gigZhorw0Eo.jpg,Lactarius,Lactarius,True,0.8294046521186829,0.003558199998224154,ResNet18,test
data/processed/test\Lactarius\0008_SSJpwPhX7Rs.jpg,Lactarius,Lactarius,True,0.742965817451477,0.003879099996993318,ResNet18,test
data/processed/test\Lactarius\001_0eat5sScleY.jpg,Lactarius,Lactarius,True,0.4410797357559204,0.0035939000081270933,ResNet18,test
data/processed/test\Lactarius\0024_UzDaRx13wVs.jpg,Lactarius,Lactarius,True,0.7480165958404541,0.003445800000918098,ResNet18,test
data/processed/test\Lactarius\0026_autPTj6WXpU.jpg,Lactarius,Lactarius,True,0.43351221084594727,0.0036250999983167276,ResNet18,test
data/processed/test\Lactarius\0036_UjqjlkUecEk.jpg,Lactarius,Lactarius,True,0.8595431447029114,0.0035910000005969778,ResNet18,test
data/processed/test\Lactarius\0058_Ksaju-DFTOM.jpg,Lactarius,Lactarius,True,0.9778191447257996,0.0035826999956043437,ResNet18,test
data/processed/test\Lactarius\0071_2YKUxBBp95A.jpg,Lactarius,Lactarius,True,0.9065157771110535,0.0039105999894673005,ResNet18,test
data/processed/test\Lactarius\0078_67hlnzvWweg.jpg,Lactarius,Suillus,False,0.5892511010169983,0.0038780000031692907,ResNet18,test
data/processed/test\Lactarius\0090_8gZ-MF4DF5c.jpg,Lactarius,Lactarius,True,0.5187143087387085,0.003675600004498847,ResNet18,test
data/processed/test\Lactarius\0091_GJfhcGAsQEs.jpg,Lactarius,Russula,False,0.893570065498352,0.003751099997316487,ResNet18,test
data/processed/test\Lactarius\0092_lAL2nLK6Yqc.jpg,Lactarius,Inocybe,False,0.6610433459281921,0.0035552000044845045,ResNet18,test
data/processed/test\Lactarius\0096_YCFCQKyiPFI.jpg,Lactarius,Lactarius,True,0.7221636772155762,0.0039770000003045425,ResNet18,test
data/processed/test\Lactarius\0100_VP4M5qp5Xuw.jpg,Lactarius,Lactarius,True,0.572026789188385,0.003960799993365072,ResNet18,test
data/processed/test\Lactarius\0108_bkdZqadlJYM.jpg,Lactarius,Lactarius,True,0.6832433342933655,0.004015700003947131,ResNet18,test
data/processed/test\Lactarius\0117_LS-tLCqWBuQ.jpg,Lactarius,Lactarius,True,0.571320652961731,0.004068599999300204,ResNet18,test
data/processed/test\Lactarius\0125_WOyBnDf1Lbs.jpg,Lactarius,Inocybe,False,0.35031214356422424,0.003630199993494898,ResNet18,test
data/processed/test\Lactarius\0147_ZAySZ3Wkn8k.jpg,Lactarius,Lactarius,True,0.7888014912605286,0.0036951000074623153,ResNet18,test
data/processed/test\Lactarius\0156_xCwDrPY72us.jpg,Lactarius,Lactarius,True,0.6000626087188721,0.0038083999970695004,ResNet18,test
data/processed/test\Lactarius\0174_S-0siMhJtoc.jpg,Lactarius,Lactarius,True,0.39006972312927246,0.0038555999926757067,ResNet18,test
data/processed/test\Lactarius\0180_j-oei6bAdy0.jpg,Lactarius,Lactarius,True,0.5422670841217041,0.003931100000045262,ResNet18,test
data/processed/test\Lactarius\0184_wNzoTeCzC5o.jpg,Lactarius,Lactarius,True,0.8176268935203552,0.0037598000053549185,ResNet18,test
data/processed/test\Lactarius\0188_QDGj1_inixA.jpg,Lactarius,Lactarius,True,0.7690715789794922,0.0036268999974709004,ResNet18,test
data/processed/test\Lactarius\0189_u2k3sXqag1M.jpg,Lactarius,Lactarius,True,0.7667378783226013,0.004031700009363703,ResNet18,test
data/processed/test\Lactarius\0192_st28pxbylcw.jpg,Lactarius,Inocybe,False,0.45112213492393494,0.0036761999945156276,ResNet18,test
data/processed/test\Lactarius\0202_gGw05EbUi_w.jpg,Lactarius,Lactarius,True,0.5719080567359924,0.0035979999956907704,ResNet18,test
data/processed/test\Lactarius\0204_PNAIMfY3CWk.jpg,Lactarius,Russula,False,0.4288303554058075,0.0037096000014571473,ResNet18,test
data/processed/test\Lactarius\020_AhURHwS9I_c.jpg,Lactarius,Lactarius,True,0.9717684984207153,0.0034951999987242743,ResNet18,test
data/processed/test\Lactarius\0211_a-wtZr6fOMw.jpg,Lactarius,Lactarius,True,0.6845929026603699,0.004034600002341904,ResNet18,test
data/processed/test\Lactarius\0212_6r0AFhCvTk4.jpg,Lactarius,Lactarius,True,0.45462220907211304,0.0035315000131959096,ResNet18,test
data/processed/test\Lactarius\0222_JO5jLmkfAw0.jpg,Lactarius,Russula,False,0.37992069125175476,0.003651699997135438,ResNet18,test
data/processed/test\Lactarius\0224_XrApvIigcOQ.jpg,Lactarius,Lactarius,True,0.313067227602005,0.0044646000023931265,ResNet18,test
data/processed/test\Lactarius\0228_HknGOROG6Cs.jpg,Lactarius,Cortinarius,False,0.18935526907444,0.0042874000064330176,ResNet18,test
data/processed/test\Lactarius\0233_YNlSVzp0Kjo.jpg,Lactarius,Agaricus,False,0.5641791224479675,0.003832500005955808,ResNet18,test
data/processed/test\Lactarius\0237_zZdLcl0mkD0.jpg,Lactarius,Agaricus,False,0.3328065872192383,0.003702700007124804,ResNet18,test
data/processed/test\Lactarius\0242_zOYn0DVnISo.jpg,Lactarius,Lactarius,True,0.9198387265205383,0.0037256000068737194,ResNet18,test
data/processed/test\Lactarius\0251_wz4ikkhjBU8.jpg,Lactarius,Lactarius,True,0.5867689847946167,0.003555400006007403,ResNet18,test
data/processed/test\Lactarius\0256_AfKj-CzsmLI.jpg,Lactarius,Lactarius,True,0.4980661869049072,0.0034802000009221956,ResNet18,test
data/processed/test\Lactarius\025_8bHMwyrm1xE.jpg,Lactarius,Lactarius,True,0.6298346519470215,0.0035097999934805557,ResNet18,test
data/processed/test\Lactarius\0261_pUdRYRMfy7c.jpg,Lactarius,Lactarius,True,0.836452066898346,0.003645800010417588,ResNet18,test
data/processed/test\Lactarius\0264_9xkZs2wAZRQ.jpg,Lactarius,Lactarius,True,0.6499530076980591,0.003702400004840456,ResNet18,test
data/processed/test\Lactarius\0270_1nWaT7nSeDE.jpg,Lactarius,Lactarius,True,0.9286154508590698,0.0037360999995144084,ResNet18,test
data/processed/test\Lactarius\0271_kYpV1APLO9s.jpg,Lactarius,Lactarius,True,0.46439239382743835,0.0039951999933691695,ResNet18,test
data/processed/test\Lactarius\0275_akjCXeShyUw.jpg,Lactarius,Lactarius,True,0.9799052476882935,0.004146299994317815,ResNet18,test
data/processed/test\Lactarius\0290_KNGFGvBuZbU.jpg,Lactarius,Lactarius,True,0.6582551002502441,0.00379659999452997,ResNet18,test
data/processed/test\Lactarius\0307_MA7GubKH4ZM.jpg,Lactarius,Lactarius,True,0.4025219678878784,0.003768599999602884,ResNet18,test
data/processed/test\Lactarius\0313_CWX_V7CeQM4.jpg,Lactarius,Lactarius,True,0.7608399391174316,0.0038346000073943287,ResNet18,test
data/processed/test\Lactarius\0322_2UpHsEF5Mzs.jpg,Lactarius,Lactarius,True,0.9080978035926819,0.0041037999908439815,ResNet18,test
data/processed/test\Lactarius\0325_lAq1Din489Y.jpg,Lactarius,Lactarius,True,0.46617478132247925,0.00398259999928996,ResNet18,test
data/processed/test\Lactarius\0328_8IPggG6t9VY.jpg,Lactarius,Inocybe,False,0.29364991188049316,0.0036557999992510304,ResNet18,test
data/processed/test\Lactarius\0335_dVTfQmjMltw.jpg,Lactarius,Lactarius,True,0.9389091730117798,0.003994099999545142,ResNet18,test
data/processed/test\Lactarius\0340_0gzvFhGVf5M.jpg,Lactarius,Russula,False,0.4367102384567261,0.003819000005023554,ResNet18,test
data/processed/test\Lactarius\0348_OWdZuiQh9xc.jpg,Lactarius,Lactarius,True,0.7794619202613831,0.0037038000009488314,ResNet18,test
data/processed/test\Lactarius\0356_gTCmsPnWyO4.jpg,Lactarius,Lactarius,True,0.902168869972229,0.00372399999469053,ResNet18,test
data/processed/test\Lactarius\0360_Bfw8PtjOZoI.jpg,Lactarius,Suillus,False,0.360645055770874,0.003547799991792999,ResNet18,test
data/processed/test\Lactarius\036_Tku_ku-u_WQ.jpg,Lactarius,Lactarius,True,0.9533495903015137,0.003924999997252598,ResNet18,test
data/processed/test\Lactarius\0375_E_5sHNAa0DU.jpg,Lactarius,Inocybe,False,0.32894814014434814,0.0042498999973759055,ResNet18,test
data/processed/test\Lactarius\0385_zeoDavzC8Ec.jpg,Lactarius,Boletus,False,0.3983948230743408,0.003497600002447143,ResNet18,test
data/processed/test\Lactarius\0405_XQ5FsiWx3Sc.jpg,Lactarius,Lactarius,True,0.7039525508880615,0.003899000003002584,ResNet18,test
data/processed/test\Lactarius\0422_5SNHMw4kUg4.jpg,Lactarius,Lactarius,True,0.27691105008125305,0.003509800008032471,ResNet18,test
data/processed/test\Lactarius\0436_3AJoqSsMCPY.jpg,Lactarius,Lactarius,True,0.9742019176483154,0.0034860000014305115,ResNet18,test
data/processed/test\Lactarius\0438_7Qg0kxIGbd4.jpg,Lactarius,Lactarius,True,0.9731825590133667,0.00424409999686759,ResNet18,test
data/processed/test\Lactarius\043_JIiImC3i_NQ.jpg,Lactarius,Cortinarius,False,0.4863126873970032,0.004520400005276315,ResNet18,test
data/processed/test\Lactarius\0462_t7WHbpJLnZA.jpg,Lactarius,Russula,False,0.38884732127189636,0.003590799999074079,ResNet18,test
data/processed/test\Lactarius\0473_FeKBXttVCwg.jpg,Lactarius,Russula,False,0.5561013221740723,0.0035083999973721802,ResNet18,test
data/processed/test\Lactarius\0488_l_gNg2GDLEk.jpg,Lactarius,Lactarius,True,0.46217095851898193,0.003613599998061545,ResNet18,test
data/processed/test\Lactarius\0489_6GuHfi0wmko.jpg,Lactarius,Inocybe,False,0.45581620931625366,0.0035318000009283423,ResNet18,test
data/processed/test\Lactarius\0499_MWZEqXbgfwc.jpg,Lactarius,Lactarius,True,0.656719446182251,0.003585899990866892,ResNet18,test
data/processed/test\Lactarius\0512_Sot3apiP2eQ.jpg,Lactarius,Lactarius,True,0.7822518348693848,0.0035812999994959682,ResNet18,test
data/processed/test\Lactarius\0526_O8CTOvfgWXg.jpg,Lactarius,Cortinarius,False,0.2532058358192444,0.003707399999257177,ResNet18,test
data/processed/test\Lactarius\0532_7BfGW7kGfzM.jpg,Lactarius,Lactarius,True,0.9509613513946533,0.0036444999859668314,ResNet18,test
data/processed/test\Lactarius\0537_q78Py0hHqVc.jpg,Lactarius,Lactarius,True,0.7760732769966125,0.003857500007143244,ResNet18,test
data/processed/test\Lactarius\0545_ewwuwHvRvLc.jpg,Lactarius,Suillus,False,0.4955250024795532,0.003630799998063594,ResNet18,test
data/processed/test\Lactarius\056_9JgBES16B_4.jpg,Lactarius,Lactarius,True,0.5378090143203735,0.0035231999936513603,ResNet18,test
data/processed/test\Lactarius\0571_3sjlFMXpK_0.jpg,Lactarius,Lactarius,True,0.6132622957229614,0.003534799994667992,ResNet18,test
data/processed/test\Lactarius\0576_5wNWaAeW6vo.jpg,Lactarius,Russula,False,0.4167156517505646,0.004076099998201244,ResNet18,test
data/processed/test\Lactarius\0596_ROVmIKr9KjA.jpg,Lactarius,Lactarius,True,0.586929976940155,0.004117699994822033,ResNet18,test
data/processed/test\Lactarius\0612_qfZxbbQUJ2o.jpg,Lactarius,Lactarius,True,0.4647952616214752,0.003818700002739206,ResNet18,test
data/processed/test\Lactarius\0615_R0G-yDrCQ6U.jpg,Lactarius,Russula,False,0.37087276577949524,0.0037002000026404858,ResNet18,test
data/processed/test\Lactarius\061_KShq81HACXk.jpg,Lactarius,Lactarius,True,0.8251144886016846,0.0034977000032085925,ResNet18,test
data/processed/test\Lactarius\0628_7XDugUX8ezg.jpg,Lactarius,Lactarius,True,0.4286431074142456,0.0036029000038979575,ResNet18,test
data/processed/test\Lactarius\0630_3idJVXnrBF4.jpg,Lactarius,Suillus,False,0.4256933629512787,0.003494499993394129,ResNet18,test
data/processed/test\Lactarius\0645_Z6spVFbiuEY.jpg,Lactarius,Lactarius,True,0.5287527441978455,0.003864800004521385,ResNet18,test
data/processed/test\Lactarius\0649_uwl8etw5T-s.jpg,Lactarius,Agaricus,False,0.706169068813324,0.0038544999988516793,ResNet18,test
data/processed/test\Lactarius\0651_vzBdVntLr8c.jpg,Lactarius,Lactarius,True,0.7974688410758972,0.0035761000035563484,ResNet18,test
data/processed/test\Lactarius\0664_vTIkNBMlgC0.jpg,Lactarius,Cortinarius,False,0.3259170651435852,0.004106699998374097,ResNet18,test
data/processed/test\Lactarius\0670_V1ZK2sFc-Ro.jpg,Lactarius,Lactarius,True,0.7326861023902893,0.0038136999937705696,ResNet18,test
data/processed/test\Lactarius\0672_VwMevK3GQmI.jpg,Lactarius,Lactarius,True,0.8341400623321533,0.003934000007575378,ResNet18,test
data/processed/test\Lactarius\0674_jfw03-JCIg4.jpg,Lactarius,Lactarius,True,0.914379894733429,0.0037300000112736598,ResNet18,test
data/processed/test\Lactarius\0675_t0wBJuQaX1I.jpg,Lactarius,Lactarius,True,0.8784746527671814,0.0037751000054413453,ResNet18,test
data/processed/test\Lactarius\0680_9iK0lHxdnbE.jpg,Lactarius,Lactarius,True,0.8324121832847595,0.0039739000058034435,ResNet18,test
data/processed/test\Lactarius\069_WjmaRv5colU.jpg,Lactarius,Lactarius,True,0.46184271574020386,0.0037305000005289912,ResNet18,test
data/processed/test\Lactarius\0704_ylcLIXgu01w.jpg,Lactarius,Lactarius,True,0.651868462562561,0.0038752000109525397,ResNet18,test
data/processed/test\Lactarius\0706_5KiNR80hz8c.jpg,Lactarius,Lactarius,True,0.5505498051643372,0.003983400005381554,ResNet18,test
data/processed/test\Lactarius\0709_rGbRBgcO1Bo.jpg,Lactarius,Lactarius,True,0.6976858377456665,0.0036950999929104,ResNet18,test
data/processed/test\Lactarius\0716_XAFN8ZsH8Oc.jpg,Lactarius,Lactarius,True,0.9583722949028015,0.0036340000078780577,ResNet18,test
data/processed/test\Lactarius\0734_NI0Ax90MD5c.jpg,Lactarius,Lactarius,True,0.7535930871963501,0.0035093999904347584,ResNet18,test
data/processed/test\Lactarius\0736_aLqBxhhsMow.jpg,Lactarius,Lactarius,True,0.8341010212898254,0.0035367000091355294,ResNet18,test
data/processed/test\Lactarius\0745_ey3D5LyzKTY.jpg,Lactarius,Lactarius,True,0.6683098077774048,0.003514500000164844,ResNet18,test
data/processed/test\Lactarius\0747_adx1MMw58MI.jpg,Lactarius,Lactarius,True,0.7299358248710632,0.0035128000017721206,ResNet18,test
data/processed/test\Lactarius\0756_C1Ll5LZF_Cg.jpg,Lactarius,Amanita,False,0.44507041573524475,0.0037309000035747886,ResNet18,test
data/processed/test\Lactarius\0757_3LeqE6pda1M.jpg,Lactarius,Lactarius,True,0.8946108818054199,0.004203300006338395,ResNet18,test
data/processed/test\Lactarius\0759_oLEvM6Hhevs.jpg,Lactarius,Lactarius,True,0.6633555293083191,0.004430300003150478,ResNet18,test
data/processed/test\Lactarius\0762_KnQg1QaWm0A.jpg,Lactarius,Lactarius,True,0.6801463961601257,0.004496499997912906,ResNet18,test
data/processed/test\Lactarius\0773_7sw6xICACRk.jpg,Lactarius,Lactarius,True,0.7786592841148376,0.0036859000101685524,ResNet18,test
data/processed/test\Lactarius\0782_4hQQMaTQWEI.jpg,Lactarius,Russula,False,0.3139900863170624,0.0036999000003561378,ResNet18,test
data/processed/test\Lactarius\0788_pRAv0S0JJWw.jpg,Lactarius,Amanita,False,0.5975413918495178,0.003699399996548891,ResNet18,test
data/processed/test\Lactarius\0789_YdasocklYzQ.jpg,Lactarius,Amanita,False,0.5273908376693726,0.004002899993793108,ResNet18,test
data/processed/test\Lactarius\0793_0GzeXD2rqQY.jpg,Lactarius,Amanita,False,0.6120114922523499,0.004004400005214848,ResNet18,test
data/processed/test\Lactarius\0794_rAh-SYlXfxI.jpg,Lactarius,Amanita,False,0.4385031759738922,0.00380919998860918,ResNet18,test
data/processed/test\Lactarius\0805_zrH6_rVsSM8.jpg,Lactarius,Lactarius,True,0.33869361877441406,0.003913300010026433,ResNet18,test
data/processed/test\Lactarius\0809_nKVSQbfh_8Q.jpg,Lactarius,Russula,False,0.6856606602668762,0.003923600001144223,ResNet18,test
data/processed/test\Lactarius\0810_HmCW6dmg8ww.jpg,Lactarius,Lactarius,True,0.690991222858429,0.0036469999904511496,ResNet18,test
data/processed/test\Lactarius\0811_fny9MwqLlJQ.jpg,Lactarius,Amanita,False,0.3376654088497162,0.003726800001459196,ResNet18,test
data/processed/test\Lactarius\0814_QfgRmQ7qhf4.jpg,Lactarius,Amanita,False,0.8916181921958923,0.005271099988021888,ResNet18,test
data/processed/test\Lactarius\0819_UXB8BitCLeg.jpg,Lactarius,Lactarius,True,0.844893753528595,0.003675900006783195,ResNet18,test
data/processed/test\Lactarius\0823_Ux2nE3c9Um8.jpg,Lactarius,Lactarius,True,0.7083147168159485,0.003634400010923855,ResNet18,test
data/processed/test\Lactarius\0829_s0YUBr49gwI.jpg,Lactarius,Lactarius,True,0.6267833113670349,0.004003399997600354,ResNet18,test
data/processed/test\Lactarius\083_b-MWcypdVgI.jpg,Lactarius,Lactarius,True,0.6511191725730896,0.003970300007495098,ResNet18,test
data/processed/test\Lactarius\0852_7k3Zyy3_DGE.jpg,Lactarius,Lactarius,True,0.7839449644088745,0.003823099992587231,ResNet18,test
data/processed/test\Lactarius\0861_R-QITvIdQ0I.jpg,Lactarius,Lactarius,True,0.42024391889572144,0.0039988999924389645,ResNet18,test
data/processed/test\Lactarius\0863_vVoT2CYybJg.jpg,Lactarius,Lactarius,True,0.580041229724884,0.003812599999946542,ResNet18,test
data/processed/test\Lactarius\0868_VH-IjF4KU2A.jpg,Lactarius,Lactarius,True,0.9300728440284729,0.0036582999891834334,ResNet18,test
data/processed/test\Lactarius\0874_2lGLHI_YG5k.jpg,Lactarius,Lactarius,True,0.595474123954773,0.003720599997905083,ResNet18,test
data/processed/test\Lactarius\087_L5ZS-DiYxEI.jpg,Lactarius,Lactarius,True,0.8931583166122437,0.003969500001403503,ResNet18,test
data/processed/test\Lactarius\0881_3RtHEelIwJ0.jpg,Lactarius,Lactarius,True,0.6716839075088501,0.0037402000016300008,ResNet18,test
data/processed/test\Lactarius\0886_DVymd3ri6ok.jpg,Lactarius,Lactarius,True,0.567528486251831,0.0046575000014854595,ResNet18,test
data/processed/test\Lactarius\0890_Fm2kZLQ186E.jpg,Lactarius,Lactarius,True,0.523585855960846,0.00370180000027176,ResNet18,test
data/processed/test\Lactarius\0891_y4giXhWdmzg.jpg,Lactarius,Lactarius,True,0.5509709715843201,0.0036911000061081722,ResNet18,test
data/processed/test\Lactarius\0894_faLSlbF53CA.jpg,Lactarius,Lactarius,True,0.5130553841590881,0.0038899000064702705,ResNet18,test
data/processed/test\Lactarius\0898_H5ncLRcbiOQ.jpg,Lactarius,Lactarius,True,0.5804533362388611,0.00418179998814594,ResNet18,test
data/processed/test\Lactarius\089_AJoVxJM23M4.jpg,Lactarius,Lactarius,True,0.909503161907196,0.003911699997843243,ResNet18,test
data/processed/test\Lactarius\0904_Z0MfidvU7JU.jpg,Lactarius,Russula,False,0.6498781442642212,0.0043006999912904575,ResNet18,test
data/processed/test\Lactarius\0924_mvAXbhaPY-k.jpg,Lactarius,Cortinarius,False,0.35813912749290466,0.004276799998478964,ResNet18,test
data/processed/test\Lactarius\0931_qYe0VtJnAhQ.jpg,Lactarius,Boletus,False,0.9563161134719849,0.0041332999971928075,ResNet18,test
data/processed/test\Lactarius\0941_SIWGBlVT-DI.jpg,Lactarius,Lactarius,True,0.9867223501205444,0.0036228999961167574,ResNet18,test
data/processed/test\Lactarius\0948_omWNNnbQkxU.jpg,Lactarius,Lactarius,True,0.95853590965271,0.0037155999889364466,ResNet18,test
data/processed/test\Lactarius\094_-2iyr_W_qvQ.jpg,Lactarius,Lactarius,True,0.4098656177520752,0.00368029999663122,ResNet18,test
data/processed/test\Lactarius\0950_ijfkg6qgVms.jpg,Lactarius,Lactarius,True,0.7974447011947632,0.003737200007890351,ResNet18,test
data/processed/test\Lactarius\095_BtaRrYfMJVs.jpg,Lactarius,Inocybe,False,0.4261552095413208,0.004065800007083453,ResNet18,test
data/processed/test\Lactarius\0966_RRkmCZs4Hgk.jpg,Lactarius,Lactarius,True,0.8719860911369324,0.004277200001524761,ResNet18,test
data/processed/test\Lactarius\0968_D_TOmURQt5M.jpg,Lactarius,Lactarius,True,0.7307544350624084,0.0037251000030664727,ResNet18,test
data/processed/test\Lactarius\0975_TPuBswVPF4E.jpg,Lactarius,Lactarius,True,0.8636848330497742,0.003945200005546212,ResNet18,test
data/processed/test\Lactarius\0978_f0jCRe74OWg.jpg,Lactarius,Lactarius,True,0.4464711844921112,0.004078700003447011,ResNet18,test
data/processed/test\Lactarius\097_EnaERH1OSng.jpg,Lactarius,Lactarius,True,0.6661084294319153,0.0038696999981766567,ResNet18,test
data/processed/test\Lactarius\0980_m_ohZyV7g-Y.jpg,Lactarius,Lactarius,True,0.5177744030952454,0.003961399997933768,ResNet18,test
data/processed/test\Lactarius\0990_eosoYFrwQLI.jpg,Lactarius,Lactarius,True,0.7958583235740662,0.0036894000077154487,ResNet18,test
data/processed/test\Lactarius\0993_vWFD5m5EFdw.jpg,Lactarius,Lactarius,True,0.4126257598400116,0.003724599999259226,ResNet18,test
data/processed/test\Lactarius\0997_I_lCHDRsFnk.jpg,Lactarius,Lactarius,True,0.45193809270858765,0.003639100003056228,ResNet18,test
data/processed/test\Lactarius\099_tlQryExCSSc.jpg,Lactarius,Lactarius,True,0.912178099155426,0.003736600003321655,ResNet18,test
data/processed/test\Lactarius\1023_5KzdIbZlWao.jpg,Lactarius,Lactarius,True,0.9232266545295715,0.00397000000521075,ResNet18,test
data/processed/test\Lactarius\1031_-Xmag74uj8c.jpg,Lactarius,Lactarius,True,0.5733351707458496,0.003728999989107251,ResNet18,test
data/processed/test\Lactarius\1035_5IsEFXEEEaY.jpg,Lactarius,Hygrocybe,False,0.7457273602485657,0.003686800002469681,ResNet18,test
data/processed/test\Lactarius\1039_IeXUvS5caiU.jpg,Lactarius,Lactarius,True,0.7001564502716064,0.0043308000022079796,ResNet18,test
data/processed/test\Lactarius\1051_OqWmAht3bQo.jpg,Lactarius,Lactarius,True,0.8020767569541931,0.0035765000066021457,ResNet18,test
data/processed/test\Lactarius\1084__qV9VGarloM.jpg,Lactarius,Lactarius,True,0.487562358379364,0.003717500003403984,ResNet18,test
data/processed/test\Lactarius\1087_T-XOvJDzPj4.jpg,Lactarius,Lactarius,True,0.7754555344581604,0.003638499998487532,ResNet18,test
data/processed/test\Lactarius\108_M1XYdkUcelY.jpg,Lactarius,Amanita,False,0.502787709236145,0.003739300009328872,ResNet18,test
data/processed/test\Lactarius\1095_DTLgzikyFDc.jpg,Lactarius,Lactarius,True,0.8410046696662903,0.00410550000378862,ResNet18,test
data/processed/test\Lactarius\1102_LESYYltPhNw.jpg,Lactarius,Lactarius,True,0.7201576232910156,0.004607900002156384,ResNet18,test
data/processed/test\Lactarius\1104_Top2jkbHf3c.jpg,Lactarius,Cortinarius,False,0.5144203305244446,0.0037604000099236146,ResNet18,test
data/processed/test\Lactarius\1108_Drq20AGMUPU.jpg,Lactarius,Lactarius,True,0.4973422586917877,0.004130100001930259,ResNet18,test
data/processed/test\Lactarius\1112_BjWWPLj9vfs.jpg,Lactarius,Lactarius,True,0.7754555344581604,0.00374480000755284,ResNet18,test
data/processed/test\Lactarius\1119_97YWRRfAMdE.jpg,Lactarius,Lactarius,True,0.5798552632331848,0.003701499997987412,ResNet18,test
data/processed/test\Lactarius\1126_OzpDgrwjWNc.jpg,Lactarius,Lactarius,True,0.7212522625923157,0.004620100007741712,ResNet18,test
data/processed/test\Lactarius\1133_HDYDTLTS4FA.jpg,Lactarius,Lactarius,True,0.43351221084594727,0.0038189999904716387,ResNet18,test
data/processed/test\Lactarius\1140_L4hzKxVbQc0.jpg,Lactarius,Cortinarius,False,0.5507066249847412,0.0037336999957915395,ResNet18,test
data/processed/test\Lactarius\1144_d52jIf1q8OQ.jpg,Lactarius,Lactarius,True,0.898874044418335,0.004111100002774037,ResNet18,test
data/processed/test\Lactarius\1157_lIsQAIM1Bms.jpg,Lactarius,Russula,False,0.7252557873725891,0.0038528000004589558,ResNet18,test
data/processed/test\Lactarius\1163_6urWblLWaP0.jpg,Lactarius,Inocybe,False,0.5055975317955017,0.004163600009633228,ResNet18,test
data/processed/test\Lactarius\1164_sa2vKVnzdDU.jpg,Lactarius,Cortinarius,False,0.23675715923309326,0.0036528000055113807,ResNet18,test
data/processed/test\Lactarius\1168_liGHHAZOR28.jpg,Lactarius,Lactarius,True,0.5571035146713257,0.003729499992914498,ResNet18,test
data/processed/test\Lactarius\1185_l8CcBJMEx4U.jpg,Lactarius,Lactarius,True,0.343586266040802,0.00396329999784939,ResNet18,test
data/processed/test\Lactarius\1187_SFmMgNJ91-I.jpg,Lactarius,Lactarius,True,0.8810197710990906,0.004005799986771308,ResNet18,test
data/processed/test\Lactarius\1194_Q_-2-NBIRlk.jpg,Lactarius,Hygrocybe,False,0.9141916632652283,0.00414410000666976,ResNet18,test
data/processed/test\Lactarius\1199_hy7BCb0o9Ss.jpg,Lactarius,Cortinarius,False,0.34860318899154663,0.0037043999909656122,ResNet18,test
data/processed/test\Lactarius\1205_V_YJfaEofno.jpg,Lactarius,Lactarius,True,0.7728220820426941,0.004279799992218614,ResNet18,test
data/processed/test\Lactarius\1209_-oHFXkHNN6c.jpg,Lactarius,Lactarius,True,0.51479572057724,0.00408479999168776,ResNet18,test
data/processed/test\Lactarius\1210_5y8ObCFK_r4.jpg,Lactarius,Lactarius,True,0.8423762917518616,0.004611699987435713,ResNet18,test
data/processed/test\Lactarius\1213_E6SGc19pJFY.jpg,Lactarius,Lactarius,True,0.779423177242279,0.004565000010188669,ResNet18,test
data/processed/test\Lactarius\1223_6yV3bv_fpo8.jpg,Lactarius,Lactarius,True,0.9313399791717529,0.003739099993254058,ResNet18,test
data/processed/test\Lactarius\1224_Yn3W7OW8tkQ.jpg,Lactarius,Lactarius,True,0.9092947840690613,0.003671600003144704,ResNet18,test
data/processed/test\Lactarius\1226_nyvT8mRno3g.jpg,Lactarius,Lactarius,True,0.5135090351104736,0.00368549999257084,ResNet18,test
data/processed/test\Lactarius\122_W_5GcNcAuN4.jpg,Lactarius,Lactarius,True,0.5796902775764465,0.004070299997692928,ResNet18,test
data/processed/test\Lactarius\1251_bPDEkspIv50.jpg,Lactarius,Lactarius,True,0.6961807608604431,0.0038951000024098903,ResNet18,test
data/processed/test\Lactarius\1252_73K3pd3sWMQ.jpg,Lactarius,Lactarius,True,0.8898765444755554,0.0037847000057809055,ResNet18,test
data/processed/test\Lactarius\128_dfE8pjx6FdQ.jpg,Lactarius,Exidia,False,0.2787643373012543,0.0037179999926593155,ResNet18,test
data/processed/test\Lactarius\136_2lSzCzGC8cs.jpg,Lactarius,Lactarius,True,0.9610584378242493,0.003726099996129051,ResNet18,test
data/processed/test\Lactarius\140_exY6qQ3hXgY.jpg,Lactarius,Inocybe,False,0.7440237402915955,0.003794199990807101,ResNet18,test
data/processed/test\Lactarius\149_CwuowlVAMxY.jpg,Lactarius,Lactarius,True,0.7184669971466064,0.003766800000448711,ResNet18,test
data/processed/test\Lactarius\153_gN8-LTmbt4U.jpg,Lactarius,Lactarius,True,0.861025869846344,0.0039840999961597845,ResNet18,test
data/processed/test\Lactarius\164_YmyEAa79xJY.jpg,Lactarius,Russula,False,0.5246237516403198,0.0042575999977998435,ResNet18,test
data/processed/test\Lactarius\166_m4APlqR5cX8.jpg,Lactarius,Lactarius,True,0.7990077137947083,0.004019100000732578,ResNet18,test
data/processed/test\Lactarius\167_sbpN5cmc4Qw.jpg,Lactarius,Lactarius,True,0.6510756015777588,0.003700000001117587,ResNet18,test
data/processed/test\Lactarius\172_AtgfiwOgTAk.jpg,Lactarius,Lactarius,True,0.9280080199241638,0.004085399996256456,ResNet18,test
data/processed/test\Lactarius\175_I_Sk3JdyB8Q.jpg,Lactarius,Lactarius,True,0.5942264199256897,0.00404549999802839,ResNet18,test
data/processed/test\Lactarius\176_7c5SOZYoEEQ.jpg,Lactarius,Russula,False,0.4105103313922882,0.003992500001913868,ResNet18,test
data/processed/test\Lactarius\182_Z_eMo84pz4w.jpg,Lactarius,Suillus,False,0.650530993938446,0.0037346999888541177,ResNet18,test
data/processed/test\Lactarius\186_vqv6RGdM7tQ.jpg,Lactarius,Lactarius,True,0.7488378286361694,0.003981700006988831,ResNet18,test
data/processed/test\Lactarius\187_9b5XfCCHe9s.jpg,Lactarius,Lactarius,True,0.5719717741012573,0.0038025999965611845,ResNet18,test
data/processed/test\Lactarius\188__ssneZ3zq44.jpg,Lactarius,Inocybe,False,0.20714224874973297,0.003799400001298636,ResNet18,test
data/processed/test\Lactarius\200_h-AIr5ayQw8.jpg,Lactarius,Russula,False,0.5093183517456055,0.003841599987936206,ResNet18,test
data/processed/test\Lactarius\204_5earXwj40js.jpg,Lactarius,Lactarius,True,0.46550384163856506,0.0038057000056141987,ResNet18,test
data/processed/test\Lactarius\206_32LgeIY1Yeg.jpg,Lactarius,Lactarius,True,0.8288386464118958,0.003782100000535138,ResNet18,test
data/processed/test\Lactarius\216_XQewJ4iZ0SE.jpg,Lactarius,Lactarius,True,0.8558766841888428,0.003795700002228841,ResNet18,test
data/processed/test\Lactarius\217_NouQvvUbzkI.jpg,Lactarius,Lactarius,True,0.8292418718338013,0.003799400001298636,ResNet18,test
data/processed/test\Lactarius\220_s7m6OJgigsQ.jpg,Lactarius,Lactarius,True,0.9049408435821533,0.0037197999918134883,ResNet18,test
data/processed/test\Lactarius\221_gFGMtF63hew.jpg,Lactarius,Lactarius,True,0.6981557607650757,0.004025799993542023,ResNet18,test
data/processed/test\Lactarius\233_Zrhk_kzm9RI.jpg,Lactarius,Lactarius,True,0.6194329261779785,0.003691699996124953,ResNet18,test
data/processed/test\Lactarius\243_Kcz6T9Gexhs.jpg,Lactarius,Russula,False,0.214166522026062,0.004003200010629371,ResNet18,test
data/processed/test\Lactarius\245_8a_KwW3R88w.jpg,Lactarius,Lactarius,True,0.6287777423858643,0.003694700004416518,ResNet18,test
data/processed/test\Lactarius\246_RXGb-uY_OT0.jpg,Lactarius,Lactarius,True,0.49283358454704285,0.004064300010213628,ResNet18,test
data/processed/test\Lactarius\253_04FkFVirQ7Y.jpg,Lactarius,Russula,False,0.9568292498588562,0.004218500005663373,ResNet18,test
data/processed/test\Lactarius\263_q4EWqSw73ss.jpg,Lactarius,Entoloma,False,0.6073989868164062,0.003867899999022484,ResNet18,test
data/processed/test\Lactarius\276_hZykQcrhdmk.jpg,Lactarius,Lactarius,True,0.9369825720787048,0.003852900001220405,ResNet18,test
data/processed/test\Lactarius\288_q9eXJ9RotUs.jpg,Lactarius,Lactarius,True,0.6388028264045715,0.003955300009693019,ResNet18,test
data/processed/test\Lactarius\295_d1IVZwM135g.jpg,Lactarius,Lactarius,True,0.3887042701244354,0.0037360999995144084,ResNet18,test
data/processed/test\Lactarius\310_MVmkt2VWorA.jpg,Lactarius,Lactarius,True,0.47942107915878296,0.0038151000044308603,ResNet18,test
data/processed/test\Lactarius\312_Kxi6Fhuexdw.jpg,Lactarius,Lactarius,True,0.8512557744979858,0.003853700007312,ResNet18,test
data/processed/test\Lactarius\327_Hk8VyUuKT-A.jpg,Lactarius,Lactarius,True,0.609498918056488,0.003716200008057058,ResNet18,test
data/processed/test\Lactarius\333_NGUe2XVS3hk.jpg,Lactarius,Lactarius,True,0.41845348477363586,0.0040852999954950064,ResNet18,test
data/processed/test\Lactarius\335_fqi3SPxPO_M.jpg,Lactarius,Lactarius,True,0.8466398119926453,0.004157500006840564,ResNet18,test
data/processed/test\Lactarius\338_SSuhFw6v6bo.jpg,Lactarius,Cortinarius,False,0.6482818126678467,0.00404770000022836,ResNet18,test
data/processed/test\Lactarius\340_eLuW-nUYdC0.jpg,Lactarius,Suillus,False,0.5217284560203552,0.003821799997240305,ResNet18,test
data/processed/test\Lactarius\353_ZQcLrpjLWBc.jpg,Lactarius,Lactarius,True,0.8840371966362,0.0042938999977195635,ResNet18,test
data/processed/test\Lactarius\355_THNiI8IQ5e4.jpg,Lactarius,Lactarius,True,0.9359102845191956,0.0037788000045111403,ResNet18,test
data/processed/test\Lactarius\364_TiFrgt8za6w.jpg,Lactarius,Lactarius,True,0.7892623543739319,0.003703700000187382,ResNet18,test
data/processed/test\Lactarius\365_gihWtePuGlo.jpg,Lactarius,Lactarius,True,0.9808175563812256,0.0038124000129755586,ResNet18,test
data/processed/test\Lactarius\373_sb1ABlLL_Io.jpg,Lactarius,Lactarius,True,0.9247378706932068,0.004349399998318404,ResNet18,test
data/processed/test\Lactarius\381_70eN3baoMiU.jpg,Lactarius,Suillus,False,0.5594722032546997,0.0036866000009467825,ResNet18,test
data/processed/test\Lactarius\391_x5VHqfidZUA.jpg,Lactarius,Lactarius,True,0.7856078743934631,0.0037047999940114096,ResNet18,test
data/processed/test\Lactarius\394_pA_n_Wu4_60.jpg,Lactarius,Lactarius,True,0.5900691151618958,0.003929400001652539,ResNet18,test
data/processed/test\Lactarius\410_gHeG6gEpGT8.jpg,Lactarius,Lactarius,True,0.402770072221756,0.00383069999224972,ResNet18,test
data/processed/test\Lactarius\412_r_okI2cO5S4.jpg,Lactarius,Lactarius,True,0.5955796837806702,0.003799900005105883,ResNet18,test
data/processed/test\Russula\001_iKuK1p9EOJ0.jpg,Russula,Russula,True,0.40125536918640137,0.0037441000022226945,ResNet18,test
data/processed/test\Russula\007_gZhfQcNeM9U.jpg,Russula,Russula,True,0.5186376571655273,0.003727900009835139,ResNet18,test
data/processed/test\Russula\008_Dz7lB9JtqxQ.jpg,Russula,Lactarius,False,0.5752382278442383,0.003731000004336238,ResNet18,test
data/processed/test\Russula\013_LGHqXuWMeHE.jpg,Russula,Inocybe,False,0.34626173973083496,0.0037822000012965873,ResNet18,test
data/processed/test\Russula\014_a6ZorjAMstY.jpg,Russula,Russula,True,0.6348271369934082,0.004421100005856715,ResNet18,test
data/processed/test\Russula\019_EKkNgTevh1g.jpg,Russula,Cortinarius,False,0.43386057019233704,0.00430850000702776,ResNet18,test
data/processed/test\Russula\024_rhgAyyNHSJo.jpg,Russula,Cortinarius,False,0.2662452757358551,0.004264000002876855,ResNet18,test
data/processed/test\Russula\025_k35cqXEzH7Y.jpg,Russula,Russula,True,0.6701855063438416,0.004040799991344102,ResNet18,test
data/processed/test\Russula\030_sCKfBfNbOl4.jpg,Russula,Lactarius,False,0.9182425737380981,0.0037569000123767182,ResNet18,test
data/processed/test\Russula\039_ikQwz6n6X4o.jpg,Russula,Russula,True,0.9874424338340759,0.003677899992908351,ResNet18,test
data/processed/test\Russula\043_a_5lm55zCVc.jpg,Russula,Inocybe,False,0.6483909487724304,0.004009700001915917,ResNet18,test
data/processed/test\Russula\043_fOQ2ffx-cy8.jpg,Russula,Russula,True,0.9366269707679749,0.003942499999538995,ResNet18,test
data/processed/test\Russula\047_eHKYt6tnSCs.jpg,Russula,Lactarius,False,0.4089029133319855,0.0037177000049268827,ResNet18,test
data/processed/test\Russula\050_MwOq3EeFUvc.jpg,Russula,Russula,True,0.7013127207756042,0.0037092999991727993,ResNet18,test
data/processed/test\Russula\057_jOjOWsmPwSs.jpg,Russula,Lactarius,False,0.5999107956886292,0.004154099995503202,ResNet18,test
data/processed/test\Russula\058_rXtA5QC0tm0.jpg,Russula,Suillus,False,0.25499919056892395,0.003918200003681704,ResNet18,test
data/processed/test\Russula\064_7LLSFgmojbg.jpg,Russula,Russula,True,0.5558565258979797,0.0038152000051923096,ResNet18,test
data/processed/test\Russula\066_QwlTSWbST_A.jpg,Russula,Russula,True,0.6700378060340881,0.0037625999975716695,ResNet18,test
data/processed/test\Russula\067_1HwiqbR9nY4.jpg,Russula,Russula,True,0.904801070690155,0.0037358999979915097,ResNet18,test
data/processed/test\Russula\087_dkTD8ebKnDo.jpg,Russula,Russula,True,0.8886145949363708,0.0037490999966394156,ResNet18,test
data/processed/test\Russula\090_wTqyZFVyKa4.jpg,Russula,Russula,True,0.6077766418457031,0.003913900000043213,ResNet18,test
data/processed/test\Russula\091_OhbGtsJOrac.jpg,Russula,Russula,True,0.5569986701011658,0.00394330000563059,ResNet18,test
data/processed/test\Russula\096_RZyKfwF8OnQ.jpg,Russula,Russula,True,0.9448801279067993,0.0037702999979956076,ResNet18,test
data/processed/test\Russula\097_MDNp4nnFbsU.jpg,Russula,Russula,True,0.49660199880599976,0.0037306000012904406,ResNet18,test
data/processed/test\Russula\097_vcRnfngKDrA.jpg,Russula,Russula,True,0.8182982802391052,0.0036770000006072223,ResNet18,test
data/processed/test\Russula\102_ZPT8jUM20PQ.jpg,Russula,Lactarius,False,0.8210164904594421,0.003771000003325753,ResNet18,test
data/processed/test\Russula\104_Rsfyh5xO7v4.jpg,Russula,Lactarius,False,0.6296628713607788,0.0036678000033134595,ResNet18,test
data/processed/test\Russula\105_-Z8GVGlP6ZQ.jpg,Russula,Lactarius,False,0.7005622982978821,0.0039847000007284805,ResNet18,test
data/processed/test\Russula\110_Dq7-S4a1PBA.jpg,Russula,Russula,True,0.6913915276527405,0.0037022000033175573,ResNet18,test
data/processed/test\Russula\110_tI1gcfV67iM.jpg,Russula,Russula,True,0.6192994713783264,0.0036965000035706908,ResNet18,test
data/processed/test\Russula\112_LjHLUTH9Ofo.jpg,Russula,Russula,True,0.9837839603424072,0.003715600003488362,ResNet18,test
data/processed/test\Russula\115_421ZUjl0L6I.jpg,Russula,Russula,True,0.42588376998901367,0.003983699993113987,ResNet18,test
data/processed/test\Russula\116_1OsHlMx-dSQ.jpg,Russula,Russula,True,0.41804105043411255,0.003760599996894598,ResNet18,test
data/processed/test\Russula\121_G6PKJxVEa-M.jpg,Russula,Russula,True,0.489410400390625,0.0038521999958902597,ResNet18,test
data/processed/test\Russula\127_VbgJEufLv7I.jpg,Russula,Russula,True,0.424753338098526,0.0038875000027474016,ResNet18,test
data/processed/test\Russula\139_H3FH6JjjTzg.jpg,Russula,Russula,True,0.5467707514762878,0.003826499989372678,ResNet18,test
data/processed/test\Russula\145_o2dRwsYbjMY.jpg,Russula,Cortinarius,False,0.3934577405452728,0.003864600002998486,ResNet18,test
data/processed/test\Russula\150_HG0rdEL96d8.jpg,Russula,Russula,True,0.989688515663147,0.0036681999918073416,ResNet18,test
data/processed/test\Russula\152_T7Jz4WBLsEQ.jpg,Russula,Inocybe,False,0.48502275347709656,0.0036705999955302104,ResNet18,test
data/processed/test\Russula\165_iSv1-9PofVg.jpg,Russula,Russula,True,0.8402934074401855,0.003730399999767542,ResNet18,test
data/processed/test\Russula\167_9loyXWNmBDI.jpg,Russula,Lactarius,False,0.4788780212402344,0.00415219999558758,ResNet18,test
data/processed/test\Russula\170_8gD6VgBIRW8.jpg,Russula,Boletus,False,0.5054409503936768,0.00383440000587143,ResNet18,test
data/processed/test\Russula\174_ZHZm2cjKSd4.jpg,Russula,Suillus,False,0.27870282530784607,0.0036985000042477623,ResNet18,test
data/processed/test\Russula\183_7HPLUZ0JPGw.jpg,Russula,Russula,True,0.41696593165397644,0.0037402000016300008,ResNet18,test
data/processed/test\Russula\187_eVoSi006rJc.jpg,Russula,Russula,True,0.715591311454773,0.0040863000031095,ResNet18,test
data/processed/test\Russula\190_jB_ANV0GfGc.jpg,Russula,Lactarius,False,0.5487997531890869,0.003941499991924502,ResNet18,test
data/processed/test\Russula\193_0iPR4s0EgAE.jpg,Russula,Amanita,False,0.8574683666229248,0.003788200003327802,ResNet18,test
data/processed/test\Russula\194_NP3riIl0ZRw.jpg,Russula,Boletus,False,0.6681634783744812,0.004028299998026341,ResNet18,test
data/processed/test\Russula\196_8vqiUiCZSf4.jpg,Russula,Lactarius,False,0.5630539059638977,0.004037300008349121,ResNet18,test
data/processed/test\Russula\197_8SaITt5hQBY.jpg,Russula,Russula,True,0.3984273076057434,0.0036779000074602664,ResNet18,test
data/processed/test\Russula\200_JMAjbr8Po8M.jpg,Russula,Russula,True,0.6420902013778687,0.004311999990022741,ResNet18,test
data/processed/test\Russula\203_7ZDu3mnm2D8.jpg,Russula,Lactarius,False,0.8106457591056824,0.004362699997727759,ResNet18,test
data/processed/test\Russula\212_mAsF0Tdhqu8.jpg,Russula,Hygrocybe,False,0.42518937587738037,0.00376769999274984,ResNet18,test
data/processed/test\Russula\218_zKx8R11Bjuo.jpg,Russula,Russula,True,0.6073047518730164,0.00420039999880828,ResNet18,test
data/processed/test\Russula\219_Tj5ZWF3-yCc.jpg,Russula,Russula,True,0.4253372251987457,0.00406479999946896,ResNet18,test
data/processed/test\Russula\220_LB02R316CKc.jpg,Russula,Russula,True,0.9444339871406555,0.0038318000006256625,ResNet18,test
data/processed/test\Russula\221_GAqgMbeBJ_w.jpg,Russula,Russula,True,0.9271583557128906,0.0036847999872406945,ResNet18,test
data/processed/test\Russula\222_l5ppfQIYS20.jpg,Russula,Lactarius,False,0.788266122341156,0.003733199991984293,ResNet18,test
data/processed/test\Russula\229_GvS-zosxGjw.jpg,Russula,Russula,True,0.8209680318832397,0.0038410999986808747,ResNet18,test
data/processed/test\Russula\232_mX205dWbGSs.jpg,Russula,Entoloma,False,0.25659438967704773,0.0037360999995144084,ResNet18,test
data/processed/test\Russula\237_ngiHar4V9OQ.jpg,Russula,Lactarius,False,0.5138781070709229,0.003951999999117106,ResNet18,test
data/processed/test\Russula\251_fEoTrBJW8cM.jpg,Russula,Russula,True,0.8256334066390991,0.0036702000070363283,ResNet18,test
data/processed/test\Russula\255_Kb8wme58c30.jpg,Russula,Russula,True,0.7866094708442688,0.003708900010678917,ResNet18,test
data/processed/test\Russula\274_HgGEtks3OsI.jpg,Russula,Russula,True,0.3638438582420349,0.00400029998854734,ResNet18,test
data/processed/test\Russula\275_pEbq4xW22Ag.jpg,Russula,Amanita,False,0.4317949414253235,0.004244299998390488,ResNet18,test
data/processed/test\Russula\280_dQwEUooNmxU.jpg,Russula,Lactarius,False,0.7938107848167419,0.003678499997477047,ResNet18,test
data/processed/test\Russula\284_mG2jZJaeiac.jpg,Russula,Russula,True,0.9372695088386536,0.00397520000115037,ResNet18,test
data/processed/test\Russula\285_rVkKIZjTiRM.jpg,Russula,Lactarius,False,0.49217215180397034,0.003968800010625273,ResNet18,test
data/processed/test\Russula\287_aSnnhXszXBg.jpg,Russula,Russula,True,0.503292977809906,0.0038253999955486506,ResNet18,test
data/processed/test\Russula\298_6kweHNZ0RfI.jpg,Russula,Russula,True,0.6960604786872864,0.0039028000028338283,ResNet18,test
data/processed/test\Russula\305_tdJxN8UQo7I.jpg,Russula,Russula,True,0.6937042474746704,0.003702700007124804,ResNet18,test
data/processed/test\Russula\317_8tQhlDlTHhY.jpg,Russula,Russula,True,0.6680423617362976,0.0037573000008706003,ResNet18,test
data/processed/test\Russula\322_Ai1EXB8gNws.jpg,Russula,Russula,True,0.9200265407562256,0.0037182000087341294,ResNet18,test
data/processed/test\Russula\329_PxteNH5w9Yk.jpg,Russula,Russula,True,0.7066763043403625,0.004061500003444962,ResNet18,test
data/processed/test\Russula\333_7pP8aVQf3Do.jpg,Russula,Russula,True,0.9853050112724304,0.0038619999977527186,ResNet18,test
data/processed/test\Russula\338_HPnjALipi70.jpg,Russula,Russula,True,0.8414173722267151,0.0039363999967463315,ResNet18,test
data/processed/test\Russula\342_CJXxi8f2DOI.jpg,Russula,Russula,True,0.5200121402740479,0.003704200003994629,ResNet18,test
data/processed/test\Russula\349_YRE4p7LbKdg.jpg,Russula,Russula,True,0.6344146728515625,0.0036878000100841746,ResNet18,test
data/processed/test\Russula\352_ykL56k89IoE.jpg,Russula,Lactarius,False,0.5238499045372009,0.003731999997398816,ResNet18,test
data/processed/test\Russula\354_SXkK0j9UPcc.jpg,Russula,Lactarius,False,0.507474422454834,0.003804599997238256,ResNet18,test
data/processed/test\Russula\366_Rmr_uH_m3Lc.jpg,Russula,Cortinarius,False,0.44297635555267334,0.0039554999966640025,ResNet18,test
data/processed/test\Russula\375_h9oJuORZEoQ.jpg,Russula,Russula,True,0.9616596102714539,0.004123099992284551,ResNet18,test
data/processed/test\Russula\382_etpGgqzjXAw.jpg,Russula,Inocybe,False,0.42979612946510315,0.003783600011956878,ResNet18,test
data/processed/test\Russula\391_FoHQbZ-kW6k.jpg,Russula,Russula,True,0.9030175805091858,0.004121399993891828,ResNet18,test
data/processed/test\Russula\396_vxteiV8es0s.jpg,Russula,Russula,True,0.7096782326698303,0.004098499994142912,ResNet18,test
data/processed/test\Russula\398_0WzJw-BGE1E.jpg,Russula,Russula,True,0.4019842743873596,0.004279200002201833,ResNet18,test
data/processed/test\Russula\401_ZfuzzDXFsRU.jpg,Russula,Lactarius,False,0.39434850215911865,0.0036921999999321997,ResNet18,test
data/processed/test\Russula\406_krT07UQMp10.jpg,Russula,Lactarius,False,0.8585664629936218,0.0036885000008624047,ResNet18,test
data/processed/test\Russula\409_BMzCz6qsXNs.jpg,Russula,Russula,True,0.9916925430297852,0.0037028999940957874,ResNet18,test
data/processed/test\Russula\412_hK_N_vllKHo.jpg,Russula,Russula,True,0.5405149459838867,0.0037284999998519197,ResNet18,test
data/processed/test\Russula\415_UJ1wPsUTn48.jpg,Russula,Agaricus,False,0.39740586280822754,0.0036724999954458326,ResNet18,test
data/processed/test\Russula\416_HL5U3TXaTig.jpg,Russula,Russula,True,0.9282239079475403,0.00369660000433214,ResNet18,test
data/processed/test\Russula\421_8j91Sr4g8Kc.jpg,Russula,Russula,True,0.4599809944629669,0.003758799997740425,ResNet18,test
data/processed/test\Russula\426_RHi0dlqqt8o.jpg,Russula,Lactarius,False,0.5190872550010681,0.003766099995118566,ResNet18,test
data/processed/test\Russula\427_x9THSIBmhjg.jpg,Russula,Russula,True,0.8333315849304199,0.003761500003747642,ResNet18,test
data/processed/test\Russula\430_DSSYi6MPrgM.jpg,Russula,Suillus,False,0.3948531150817871,0.003864800004521385,ResNet18,test
data/processed/test\Russula\431_6aLV-mYubzE.jpg,Russula,Russula,True,0.8978403806686401,0.0037001000018790364,ResNet18,test
data/processed/test\Russula\437_CT0j4-xyw0U.jpg,Russula,Russula,True,0.6268649101257324,0.003802499995799735,ResNet18,test
data/processed/test\Russula\439_Qy56g_UefV0.jpg,Russula,Russula,True,0.5397517681121826,0.0037946000084048137,ResNet18,test
data/processed/test\Russula\441_OLHvhkXV5z4.jpg,Russula,Russula,True,0.6569442749023438,0.004407700005685911,ResNet18,test
data/processed/test\Russula\448_EjNRPvABLWs.jpg,Russula,Russula,True,0.7485032677650452,0.003983100003097206,ResNet18,test
data/processed/test\Russula\452_LFlsAAAX9hI.jpg,Russula,Amanita,False,0.6426678895950317,0.003698499989695847,ResNet18,test
data/processed/test\Russula\454_uTMl-t0RwNE.jpg,Russula,Entoloma,False,0.5255745649337769,0.0042182000033790246,ResNet18,test
data/processed/test\Russula\458_qK1_4b1eE6c.jpg,Russula,Cortinarius,False,0.6019617319107056,0.003838799995719455,ResNet18,test
data/processed/test\Russula\462_gCvKxkgbErI.jpg,Russula,Cortinarius,False,0.33337706327438354,0.003822400001809001,ResNet18,test
data/processed/test\Russula\469_EEz8Pm-LqCM.jpg,Russula,Lactarius,False,0.5238818526268005,0.0038600999978370965,ResNet18,test
data/processed/test\Russula\473_-0mqqVq-2vk.jpg,Russula,Russula,True,0.4423289895057678,0.004119300007005222,ResNet18,test
data/processed/test\Russula\476_fuSt9QgGDIk.jpg,Russula,Amanita,False,0.4103492200374603,0.003802100007305853,ResNet18,test
data/processed/test\Russula\480_74nq3Oj1T0M.jpg,Russula,Russula,True,0.44230061769485474,0.003708200005348772,ResNet18,test
data/processed/test\Russula\483_iDdkz4PNlOg.jpg,Russula,Russula,True,0.8577477931976318,0.0037977000029059127,ResNet18,test
data/processed/test\Russula\490_Y5gzpOreJV8.jpg,Russula,Russula,True,0.8948548436164856,0.003784500004258007,ResNet18,test
data/processed/test\Russula\494_4l6A9UlJ6HY.jpg,Russula,Russula,True,0.8797606229782104,0.0040151000139303505,ResNet18,test
data/processed/test\Russula\497_hMPS4Vhoqqk.jpg,Russula,Russula,True,0.945934534072876,0.003911899999366142,ResNet18,test
data/processed/test\Russula\498_iH4yNw872aM.jpg,Russula,Russula,True,0.9772744178771973,0.003717899991897866,ResNet18,test
data/processed/test\Russula\502_nJw7weRVBlc.jpg,Russula,Russula,True,0.7516671419143677,0.0037321000127121806,ResNet18,test
data/processed/test\Russula\511_viHZPnkp9nI.jpg,Russula,Russula,True,0.5574872493743896,0.006100099999457598,ResNet18,test
data/processed/test\Russula\513_e8OAjXau1_g.jpg,Russula,Russula,True,0.4987896978855133,0.005814300006022677,ResNet18,test
data/processed/test\Russula\515_-fmv5frqmeQ.jpg,Russula,Amanita,False,0.2668960988521576,0.003973500002757646,ResNet18,test
data/processed/test\Russula\517_0X-ur3MZ6-g.jpg,Russula,Cortinarius,False,0.4501521587371826,0.004014599995571189,ResNet18,test
data/processed/test\Russula\518_ddwb9zDz0EA.jpg,Russula,Exidia,False,0.5087863802909851,0.004091099996003322,ResNet18,test
data/processed/test\Russula\519_MgcY6NzuGRg.jpg,Russula,Agaricus,False,0.4170530438423157,0.003925199998775497,ResNet18,test
data/processed/test\Russula\519__Yn0OFxI1q4.jpg,Russula,Lactarius,False,0.6108459234237671,0.005527700006496161,ResNet18,test
data/processed/test\Russula\521_PoCOMLLE194.jpg,Russula,Lactarius,False,0.4213433265686035,0.00511749999714084,ResNet18,test
data/processed/test\Russula\522_HB75V6h0zHA.jpg,Russula,Cortinarius,False,0.46228399872779846,0.004033499993965961,ResNet18,test
data/processed/test\Russula\529_ailR88iHnVk.jpg,Russula,Cortinarius,False,0.5805808901786804,0.003766800000448711,ResNet18,test
data/processed/test\Russula\530_0Er0JIn-St8.jpg,Russula,Amanita,False,0.3608635663986206,0.003748899995116517,ResNet18,test
data/processed/test\Russula\531_nA8Zxo2h3PI.jpg,Russula,Boletus,False,0.3935903012752533,0.003704899994772859,ResNet18,test
data/processed/test\Russula\533_HFOAEH-GMI8.jpg,Russula,Russula,True,0.36277350783348083,0.0036832000041613355,ResNet18,test
data/processed/test\Russula\534_qpoLwy-f_Xo.jpg,Russula,Lactarius,False,0.40097132325172424,0.004031200005556457,ResNet18,test
data/processed/test\Russula\538_KQ94jYukaKU.jpg,Russula,Cortinarius,False,0.30484917759895325,0.003938099995139055,ResNet18,test
data/processed/test\Russula\538_tf4RCsz9upY.jpg,Russula,Lactarius,False,0.31770437955856323,0.0037251000030664727,ResNet18,test
data/processed/test\Russula\548_28oWJjM1dis.jpg,Russula,Russula,True,0.6867976188659668,0.004123499995330349,ResNet18,test
data/processed/test\Russula\551_wGsl1ac6chs.jpg,Russula,Russula,True,0.954316258430481,0.0038459999923361465,ResNet18,test
data/processed/test\Russula\552_ihVJ4T4Sss8.jpg,Russula,Lactarius,False,0.5969923138618469,0.003812299997662194,ResNet18,test
data/processed/test\Russula\555_FEOGSD31AJA.jpg,Russula,Boletus,False,0.4003991186618805,0.0038369000103557482,ResNet18,test
data/processed/test\Russula\556_ppbtXziu5ZQ.jpg,Russula,Russula,True,0.3674383759498596,0.00373139999283012,ResNet18,test
data/processed/test\Russula\557_QAd1lVBkjXU.jpg,Russula,Lactarius,False,0.5228590369224548,0.0038650000060442835,ResNet18,test
data/processed/test\Russula\560_cMc-iWHiAlE.jpg,Russula,Exidia,False,0.2968774735927582,0.0037579000054392964,ResNet18,test
data/processed/test\Russula\569_JW9oRUfkNN0.jpg,Russula,Cortinarius,False,0.4432094693183899,0.0043873999966308475,ResNet18,test
data/processed/test\Russula\572_yBKxg92PsOQ.jpg,Russula,Cortinarius,False,0.8140226006507874,0.004036799989989959,ResNet18,test
data/processed/test\Russula\575_gWC0enFjtPM.jpg,Russula,Russula,True,0.4229269027709961,0.0038102999969851226,ResNet18,test
data/processed/test\Russula\580_ntj_DGdqmvA.jpg,Russula,Russula,True,0.9825196266174316,0.004168499988736585,ResNet18,test
data/processed/test\Russula\588__rRMnuidFcw.jpg,Russula,Russula,True,0.8349347710609436,0.003683100003399886,ResNet18,test
data/processed/test\Russula\590_uV2vuMobSEM.jpg,Russula,Lactarius,False,0.8025931119918823,0.004065799992531538,ResNet18,test
data/processed/test\Russula\591_mUNB-xH-tCw.jpg,Russula,Lactarius,False,0.7789417505264282,0.0039019999967422336,ResNet18,test
data/processed/test\Russula\605_KtkMUv-JJ5I.jpg,Russula,Russula,True,0.564409077167511,0.0036939999990863726,ResNet18,test
data/processed/test\Russula\608_0aU_jR-I9JA.jpg,Russula,Russula,True,0.7030768394470215,0.0037130999990040436,ResNet18,test
data/processed/test\Russula\619_iJOS5fLgNQU.jpg,Russula,Amanita,False,0.38590261340141296,0.003901799995219335,ResNet18,test
data/processed/test\Russula\624_AB7Ht1J6_Ts.jpg,Russula,Russula,True,0.9407846331596375,0.0036696999886771664,ResNet18,test
data/processed/test\Russula\635_CzRg4ZH0g3s.jpg,Russula,Hygrocybe,False,0.4917261302471161,0.003911099993274547,ResNet18,test
data/processed/test\Russula\650_p3glAsLgTMs.jpg,Russula,Cortinarius,False,0.4860725998878479,0.003856800001813099,ResNet18,test
data/processed/test\Russula\667_m3O20kXwdDE.jpg,Russula,Russula,True,0.9869024753570557,0.0037357999972300604,ResNet18,test
data/processed/test\Russula\668_5paJFA7_Ua8.jpg,Russula,Russula,True,0.8079543113708496,0.0037259999953676015,ResNet18,test
data/processed/test\Russula\674_hp6AgJkRPZQ.jpg,Russula,Russula,True,0.40512940287590027,0.0038056000048527494,ResNet18,test
data/processed/test\Russula\681_EsZTIQlfMjc.jpg,Russula,Lactarius,False,0.6959897875785828,0.0037573000008706003,ResNet18,test
data/processed/test\Russula\689_A6I1XAc367A.jpg,Russula,Russula,True,0.6146376729011536,0.003678699998999946,ResNet18,test
data/processed/test\Russula\703_Nptow3WB0qw.jpg,Russula,Entoloma,False,0.7537286281585693,0.003772200012463145,ResNet18,test
data/processed/test\Russula\705_zyUROKt6OHs.jpg,Russula,Lactarius,False,0.46851781010627747,0.004059500002767891,ResNet18,test
data/processed/test\Russula\719_RWQ7F3kVyZ8.jpg,Russula,Russula,True,0.31632062792778015,0.003767300004255958,ResNet18,test
data/processed/test\Russula\727_GqKz3HCWl0c.jpg,Russula,Russula,True,0.8799737095832825,0.003809599991654977,ResNet18,test
data/processed/test\Russula\728_GKNcKK0yCIc.jpg,Russula,Russula,True,0.6967141032218933,0.003790999995544553,ResNet18,test
data/processed/test\Russula\737_CKVsLcd_U7c.jpg,Russula,Russula,True,0.9944314360618591,0.00379139999859035,ResNet18,test
data/processed/test\Russula\738_erZ8MolTf3U.jpg,Russula,Russula,True,0.7119138240814209,0.00372399999469053,ResNet18,test
data/processed/test\Russula\756_vp2vfTitRMQ.jpg,Russula,Lactarius,False,0.569161057472229,0.003691999998409301,ResNet18,test
data/processed/test\Russula\757_iadA7ihhNeQ.jpg,Russula,Russula,True,0.5242411494255066,0.004421000005095266,ResNet18,test
data/processed/test\Russula\761_PoCeQSN4r0Y.jpg,Russula,Russula,True,0.7842999696731567,0.004344500004663132,ResNet18,test
data/processed/test\Russula\764_Km8WK13K9DM.jpg,Russula,Russula,True,0.9798269271850586,0.003801800005021505,ResNet18,test
data/processed/test\Russula\773_rvHJQsLi9cg.jpg,Russula,Russula,True,0.9884631037712097,0.003712200006702915,ResNet18,test
data/processed/test\Russula\777_1makiuR24D8.jpg,Russula,Entoloma,False,0.29177960753440857,0.003744899993762374,ResNet18,test
data/processed/test\Russula\781_6bHC50w-YyU.jpg,Russula,Russula,True,0.6588526368141174,0.0037422000023070723,ResNet18,test
data/processed/test\Russula\789_ZOAABwfjsvE.jpg,Russula,Russula,True,0.5149442553520203,0.003947500008507632,ResNet18,test
data/processed/test\Russula\790_XgJL7jUO0n0.jpg,Russula,Russula,True,0.8907113075256348,0.003735699996468611,ResNet18,test
data/processed/test\Russula\791_bmziJQYOR-0.jpg,Russula,Russula,True,0.7847104668617249,0.004150799999479204,ResNet18,test
data/processed/test\Suillus\004_LMWP6X0bx7g.jpg,Suillus,Cortinarius,False,0.2628759741783142,0.004075599994393997,ResNet18,test
data/processed/test\Suillus\005_4zrEN39EHeU.jpg,Suillus,Cortinarius,False,0.49196895956993103,0.004037499995320104,ResNet18,test
data/processed/test\Suillus\006_8Su_kJ43Mho.jpg,Suillus,Boletus,False,0.8858038783073425,0.0037352000072132796,ResNet18,test
data/processed/test\Suillus\013_SzBeuYLeWzY.jpg,Suillus,Lactarius,False,0.33838221430778503,0.004508099998929538,ResNet18,test
data/processed/test\Suillus\020_qW3wRprNQuU.jpg,Suillus,Suillus,True,0.6091156005859375,0.004321200001868419,ResNet18,test
data/processed/test\Suillus\024_b9YCAgUxfLc.jpg,Suillus,Suillus,True,0.9538171291351318,0.0037379999994300306,ResNet18,test
data/processed/test\Suillus\035_GGH3qG0fqcg.jpg,Suillus,Boletus,False,0.3591616749763489,0.003681499991216697,ResNet18,test
data/processed/test\Suillus\042_S8g3kuvZPb4.jpg,Suillus,Suillus,True,0.6687720417976379,0.0038995999930193648,ResNet18,test
data/processed/test\Suillus\053_pR_9bsx0WUU.jpg,Suillus,Lactarius,False,0.552858293056488,0.003799900005105883,ResNet18,test
data/processed/test\Suillus\057_QjMKHaEMZBI.jpg,Suillus,Inocybe,False,0.3618602752685547,0.003907300007995218,ResNet18,test
data/processed/test\Suillus\059_JRPx07CUp9I.jpg,Suillus,Suillus,True,0.5036696791648865,0.0037348000041674823,ResNet18,test
data/processed/test\Suillus\060_HFmPuFBK7f4.jpg,Suillus,Suillus,True,0.33033961057662964,0.0036837999941781163,ResNet18,test
data/processed/test\Suillus\063_DU3VJmB-I14.jpg,Suillus,Russula,False,0.7685078978538513,0.0037047999940114096,ResNet18,test
data/processed/test\Suillus\066_uFngOMLuPrE.jpg,Suillus,Cortinarius,False,0.43625402450561523,0.0037908999947831035,ResNet18,test
data/processed/test\Suillus\071_pDklNEHcmB8.jpg,Suillus,Inocybe,False,0.49773886799812317,0.003839700002572499,ResNet18,test
data/processed/test\Suillus\072_qfIXcNPk1eM.jpg,Suillus,Boletus,False,0.6625787019729614,0.0041203000000678,ResNet18,test
data/processed/test\Suillus\076_eqA9_q6_9JU.jpg,Suillus,Suillus,True,0.9666621088981628,0.003770700001041405,ResNet18,test
data/processed/test\Suillus\103_jpMZm4FpWNQ.jpg,Suillus,Suillus,True,0.5041491985321045,0.003789800000959076,ResNet18,test
data/processed/test\Suillus\105_ywBhq3G8x-g.jpg,Suillus,Suillus,True,0.6678526401519775,0.0037803999875904992,ResNet18,test
data/processed/test\Suillus\109_BXGWNC8c4aw.jpg,Suillus,Suillus,True,0.6181607842445374,0.0038812999991932884,ResNet18,test
data/processed/test\Suillus\110_GXWZjkiIn3U.jpg,Suillus,Lactarius,False,0.551522970199585,0.004099500001757406,ResNet18,test
data/processed/test\Suillus\123_CK6TqHiLN8s.jpg,Suillus,Lactarius,False,0.7900341749191284,0.004150600012508221,ResNet18,test
data/processed/test\Suillus\124_A3Rr6EGcEuc.jpg,Suillus,Lactarius,False,0.3076198101043701,0.0038548000011360273,ResNet18,test
data/processed/test\Suillus\135_jpc6hxtvXcY.jpg,Suillus,Lactarius,False,0.31221047043800354,0.004114299998036586,ResNet18,test
data/processed/test\Suillus\140_AElK4TLjpHw.jpg,Suillus,Cortinarius,False,0.6636253595352173,0.0038487999991048127,ResNet18,test
data/processed/test\Suillus\143_4I78Lp4NctA.jpg,Suillus,Amanita,False,0.9505307674407959,0.0037727000017184764,ResNet18,test
data/processed/test\Suillus\150_jLg9QQo1nOg.jpg,Suillus,Entoloma,False,0.46771350502967834,0.00379139999859035,ResNet18,test
data/processed/test\Suillus\152_uGhPmWPTFe8.jpg,Suillus,Inocybe,False,0.5435667634010315,0.004011299999547191,ResNet18,test
data/processed/test\Suillus\153_iWtEXcs9CUw.jpg,Suillus,Suillus,True,0.6323831677436829,0.003796899996814318,ResNet18,test
data/processed/test\Suillus\159_8OhWm5aBdYo.jpg,Suillus,Suillus,True,0.45244380831718445,0.004180100004305132,ResNet18,test
data/processed/test\Suillus\174_G_tZXZc2BS8.jpg,Suillus,Agaricus,False,0.5291639566421509,0.0038555000064661726,ResNet18,test
data/processed/test\Suillus\186_Zx-rs9g1O2M.jpg,Suillus,Suillus,True,0.5162492394447327,0.003773200005525723,ResNet18,test
data/processed/test\Suillus\187_rbfGR0jzf1M.jpg,Suillus,Suillus,True,0.9159976243972778,0.004049399998621084,ResNet18,test
data/processed/test\Suillus\195_4bcpABEJmZ0.jpg,Suillus,Suillus,True,0.3769304156303406,0.004098400007933378,ResNet18,test
data/processed/test\Suillus\197_0xmjWv0BbOU.jpg,Suillus,Suillus,True,0.6147701144218445,0.0037825999897904694,ResNet18,test
data/processed/test\Suillus\209_7dBOxsmYgEg.jpg,Suillus,Suillus,True,0.6343833804130554,0.004024599998956546,ResNet18,test
data/processed/test\Suillus\217_ZAXchPHjhcE.jpg,Suillus,Suillus,True,0.5407581925392151,0.00381070000003092,ResNet18,test
data/processed/test\Suillus\228_LjjB-u2A1pU.jpg,Suillus,Boletus,False,0.4001244306564331,0.003993999998783693,ResNet18,test
data/processed/test\Suillus\239_pLvnF05ewak.jpg,Suillus,Amanita,False,0.5941008925437927,0.004107200002181344,ResNet18,test
data/processed/test\Suillus\246_dDYtt6MpmiI.jpg,Suillus,Boletus,False,0.6076111793518066,0.0038834000006318092,ResNet18,test
data/processed/test\Suillus\255_9-ELp1gnP9Q.jpg,Suillus,Lactarius,False,0.7474705576896667,0.004107000000658445,ResNet18,test
data/processed/test\Suillus\286_3SyGqemn_aQ.jpg,Suillus,Cortinarius,False,0.4546734690666199,0.004310299991630018,ResNet18,test
data/processed/test\Suillus\287_uBlS4Qgx1HQ.jpg,Suillus,Suillus,True,0.7353047728538513,0.004154099995503202,ResNet18,test
data/processed/test\Suillus\289_BYUT_xNeNAg.jpg,Suillus,Suillus,True,0.6879200339317322,0.0038618999969912693,ResNet18,test
data/processed/test\Suillus\293_zL8A0olEfaA.jpg,Suillus,Cortinarius,False,0.3482201397418976,0.004006799994385801,ResNet18,test
data/processed/test\Suillus\294_BX6ekzpPLto.jpg,Suillus,Suillus,True,0.6497472524642944,0.0037583000084850937,ResNet18,test
data/processed/test\Suillus\302_C8yj39nTbnM.jpg,Suillus,Suillus,True,0.6496025919914246,0.0038006999966455624,ResNet18,test
data/processed/test\Suillus\324_nslhbQyQ1Gk.jpg,Suillus,Lactarius,False,0.2919706702232361,0.0038088000001152977,ResNet18,test
