image_path,true_label,predicted_label,correct,confidence,inference_time_sec,model_name,split
data/processed/test\Agaricus\003_4AurAO4Jil8.jpg,Agaricus,Agaricus,True,0.5259812474250793,0.036975600000005215,MobileNetV2_Pretrained,test
data/processed/test\Agaricus\014_DU4RE5bim5A.jpg,Agaricus,Agaricus,True,0.814771294593811,0.006987799999478739,MobileNetV2_Pretrained,test
data/processed/test\Agaricus\016_qNYODERZEms.jpg,Agaricus,Agaricus,True,0.6873539686203003,0.006942199999684817,MobileNetV2_Pretrained,test
data/processed/test\Agaricus\019_aaTsKm7exKE.jpg,Agaricus,Agaricus,True,0.8030188679695129,0.007079899998643668,MobileNetV2_Pretrained,test
data/processed/test\Agaricus\020_vZJfrjIwmqU.jpg,Agaricus,Entoloma,False,0.23371413350105286,0.007264199999553966,MobileNetV2_Pretrained,test
data/processed/test\Agaricus\029_ZksYQQBGVIg.jpg,Agaricus,Agaricus,True,0.752800703048706,0.00796489999993355,MobileNetV2_Pretrained,test
data/processed/test\Agaricus\048_iC9glWRw_EM.jpg,Agaricus,Agaricus,True,0.4560929834842682,0.006929099999979371,MobileNetV2_Pretrained,test
data/processed/test\Agaricus\052_z7PpmpKIPU4.jpg,Agaricus,Lactarius,False,0.3165281116962433,0.007044300000416115,MobileNetV2_Pretrained,test
data/processed/test\Agaricus\055_Cggc3hvlPfg.jpg,Agaricus,Agaricus,True,0.8729057908058167,0.011191300000064075,MobileNetV2_Pretrained,test
data/processed/test\Agaricus\057_n1EFvW3JrYo.jpg,Agaricus,Russula,False,0.45743122696876526,0.009074800000234973,MobileNetV2_Pretrained,test
data/processed/test\Agaricus\063_Fa4IMCTXq04.jpg,Agaricus,Agaricus,True,0.577857494354248,0.00835670000014943,MobileNetV2_Pretrained,test
data/processed/test\Agaricus\069_W-jISbXJon8.jpg,Agaricus,Lactarius,False,0.7183021306991577,0.008904799999072566,MobileNetV2_Pretrained,test
data/processed/test\Agaricus\075_osC0agHm9UY.jpg,Agaricus,Agaricus,True,0.9373819828033447,0.008544900001652422,MobileNetV2_Pretrained,test
data/processed/test\Agaricus\083_mx9HfmWGwWo.jpg,Agaricus,Agaricus,True,0.31158530712127686,0.00853840000127093,MobileNetV2_Pretrained,test
data/processed/test\Agaricus\091_3BEGnmvAiRw.jpg,Agaricus,Russula,False,0.4840819537639618,0.008149600000251667,MobileNetV2_Pretrained,test
data/processed/test\Agaricus\093_Bz-kiIMN6EA.jpg,Agaricus,Agaricus,True,0.5670883059501648,0.007057400000121561,MobileNetV2_Pretrained,test
data/processed/test\Agaricus\115_Jd1nw0g-Z5c.jpg,Agaricus,Russula,False,0.4036766290664673,0.0068905000007362105,MobileNetV2_Pretrained,test
data/processed/test\Agaricus\127_5z4-vDJFDS8.jpg,Agaricus,Agaricus,True,0.9318203330039978,0.008122899998852517,MobileNetV2_Pretrained,test
data/processed/test\Agaricus\128_iITC2t8k-ao.jpg,Agaricus,Agaricus,True,0.588470458984375,0.007305699999051285,MobileNetV2_Pretrained,test
data/processed/test\Agaricus\129_E1FD01dZMiw.jpg,Agaricus,Lactarius,False,0.46243521571159363,0.008323800000653137,MobileNetV2_Pretrained,test
data/processed/test\Agaricus\131_YrsaHYXAieo.jpg,Agaricus,Agaricus,True,0.9388017058372498,0.007164499998907559,MobileNetV2_Pretrained,test
data/processed/test\Agaricus\141_099PmS-9Xww.jpg,Agaricus,Agaricus,True,0.7750154733657837,0.006996899999649031,MobileNetV2_Pretrained,test
data/processed/test\Agaricus\147_eDN4yYIkeAs.jpg,Agaricus,Agaricus,True,0.7969557046890259,0.00809549999939918,MobileNetV2_Pretrained,test
data/processed/test\Agaricus\162_19HDdc3YjRs.jpg,Agaricus,Russula,False,0.43358826637268066,0.006701500000417582,MobileNetV2_Pretrained,test
data/processed/test\Agaricus\169_qqgFJZ8Zt4g.jpg,Agaricus,Amanita,False,0.5410199165344238,0.012306399999943096,MobileNetV2_Pretrained,test
data/processed/test\Agaricus\171_wN-s2yo8YTs.jpg,Agaricus,Amanita,False,0.44419828057289124,0.007650800000192248,MobileNetV2_Pretrained,test
data/processed/test\Agaricus\179_jfF8TJ9ZlvU.jpg,Agaricus,Russula,False,0.7344459891319275,0.007285900001079426,MobileNetV2_Pretrained,test
data/processed/test\Agaricus\206_W3JvSvV8oF8.jpg,Agaricus,Agaricus,True,0.501883327960968,0.007554200001322897,MobileNetV2_Pretrained,test
data/processed/test\Agaricus\211_2k-2vImOD5g.jpg,Agaricus,Amanita,False,0.6749165654182434,0.012606299998878967,MobileNetV2_Pretrained,test
data/processed/test\Agaricus\213_o8ynZBRKBSE.jpg,Agaricus,Boletus,False,0.4984554946422577,0.008041099999900325,MobileNetV2_Pretrained,test
data/processed/test\Agaricus\226_0du5e8k_cCA.jpg,Agaricus,Agaricus,True,0.7940094470977783,0.008006399999430869,MobileNetV2_Pretrained,test
data/processed/test\Agaricus\228_2SjHadDRW6o.jpg,Agaricus,Amanita,False,0.5324246287345886,0.00954240000100981,MobileNetV2_Pretrained,test
data/processed/test\Agaricus\237_y2JGdND-zxI.jpg,Agaricus,Agaricus,True,0.6435738801956177,0.007904100000814651,MobileNetV2_Pretrained,test
data/processed/test\Agaricus\238_I1p90MwfEEw.jpg,Agaricus,Agaricus,True,0.7243583798408508,0.007932700000310433,MobileNetV2_Pretrained,test
data/processed/test\Agaricus\270_Js1q2S-fR_Y.jpg,Agaricus,Agaricus,True,0.5040883421897888,0.007942299998831004,MobileNetV2_Pretrained,test
data/processed/test\Agaricus\272_r-A9DMTwWoM.jpg,Agaricus,Russula,False,0.36609748005867004,0.008224799999879906,MobileNetV2_Pretrained,test
data/processed/test\Agaricus\294_kPCOGW3Y_Ak.jpg,Agaricus,Boletus,False,0.6262285113334656,0.008471299999655457,MobileNetV2_Pretrained,test
data/processed/test\Agaricus\300_VSw-oPLasfg.jpg,Agaricus,Lactarius,False,0.44238579273223877,0.00782459999936691,MobileNetV2_Pretrained,test
data/processed/test\Agaricus\323_5Es9oQ3LeGk.jpg,Agaricus,Amanita,False,0.4410560429096222,0.007959500000652042,MobileNetV2_Pretrained,test
data/processed/test\Agaricus\349_Euf9XZEVTMc.jpg,Agaricus,Lactarius,False,0.42716559767723083,0.008117800000036368,MobileNetV2_Pretrained,test
data/processed/test\Agaricus\354_VP-DWvLyI3w.jpg,Agaricus,Amanita,False,0.6708164811134338,0.01402099999904749,MobileNetV2_Pretrained,test
data/processed/test\Agaricus\357__w_XUQZMZEw.jpg,Agaricus,Agaricus,True,0.4321478307247162,0.0084220999997342,MobileNetV2_Pretrained,test
data/processed/test\Agaricus\366_XEI1sAQds7w.jpg,Agaricus,Agaricus,True,0.49709010124206543,0.008006300000488409,MobileNetV2_Pretrained,test
data/processed/test\Agaricus\374_Xap1L15Z8BM.jpg,Agaricus,Suillus,False,0.3150407671928406,0.007780899999488611,MobileNetV2_Pretrained,test
data/processed/test\Agaricus\384_T_p5cKpLpsc.jpg,Agaricus,Agaricus,True,0.7345908880233765,0.00749800000085088,MobileNetV2_Pretrained,test
data/processed/test\Agaricus\385_iwfhPs4irjk.jpg,Agaricus,Amanita,False,0.37157416343688965,0.007976000000780914,MobileNetV2_Pretrained,test
data/processed/test\Agaricus\391_N7A0y7CgOA0.jpg,Agaricus,Agaricus,True,0.39344322681427,0.008424200001172721,MobileNetV2_Pretrained,test
data/processed/test\Agaricus\392_QXsLZMnBIt0.jpg,Agaricus,Amanita,False,0.5466130375862122,0.007436699999743723,MobileNetV2_Pretrained,test
data/processed/test\Agaricus\411_egeAEeL40Lc.jpg,Agaricus,Amanita,False,0.5623584985733032,0.007431100000758306,MobileNetV2_Pretrained,test
data/processed/test\Agaricus\413_4LTr0R0Dk8o.jpg,Agaricus,Amanita,False,0.5229464173316956,0.008193800000299234,MobileNetV2_Pretrained,test
data/processed/test\Agaricus\430_IpjdsyrmIzc.jpg,Agaricus,Agaricus,True,0.3630906045436859,0.007492099999581114,MobileNetV2_Pretrained,test
data/processed/test\Agaricus\433_XWxLl-zeNQ8.jpg,Agaricus,Amanita,False,0.42575758695602417,0.008123800000248593,MobileNetV2_Pretrained,test
data/processed/test\Agaricus\438_uTWjQsEXep4.jpg,Agaricus,Lactarius,False,0.26270103454589844,0.007500099998651422,MobileNetV2_Pretrained,test
data/processed/test\Agaricus\439_w5uD0w5wrXs.jpg,Agaricus,Agaricus,True,0.2185194343328476,0.008404300000620424,MobileNetV2_Pretrained,test
data/processed/test\Amanita\004_wIVV5id0aOg.jpg,Amanita,Amanita,True,0.7651577591896057,0.007856800000809017,MobileNetV2_Pretrained,test
data/processed/test\Amanita\010_Ji4N7IDyRKY.jpg,Amanita,Boletus,False,0.6978981494903564,0.008525100000042585,MobileNetV2_Pretrained,test
data/processed/test\Amanita\011_DoZoYI2vj20.jpg,Amanita,Amanita,True,0.8581209182739258,0.007851599999412429,MobileNetV2_Pretrained,test
data/processed/test\Amanita\026_8kxG9731_4w.jpg,Amanita,Amanita,True,0.8222858905792236,0.008588900000177091,MobileNetV2_Pretrained,test
data/processed/test\Amanita\027_i47VTXypFTE.jpg,Amanita,Amanita,True,0.8443649411201477,0.007994600000529317,MobileNetV2_Pretrained,test
data/processed/test\Amanita\038_VKaJLTO8zZU.jpg,Amanita,Cortinarius,False,0.521481454372406,0.008080899999185931,MobileNetV2_Pretrained,test
data/processed/test\Amanita\041_6n9nhA4C6K8.jpg,Amanita,Boletus,False,0.7338234186172485,0.007803799999237526,MobileNetV2_Pretrained,test
data/processed/test\Amanita\042_aqfiTPuiGHo.jpg,Amanita,Amanita,True,0.5248216390609741,0.008130400001391536,MobileNetV2_Pretrained,test
data/processed/test\Amanita\044_BvKKMmJ6Nfo.jpg,Amanita,Amanita,True,0.804597020149231,0.008795199999440229,MobileNetV2_Pretrained,test
data/processed/test\Amanita\048_3CAOSWVxhe0.jpg,Amanita,Hygrocybe,False,0.2758365571498871,0.008588300001065363,MobileNetV2_Pretrained,test
data/processed/test\Amanita\055_riJalDjBcnI.jpg,Amanita,Amanita,True,0.8659307360649109,0.007509700000809971,MobileNetV2_Pretrained,test
data/processed/test\Amanita\075_3gL0KWhOrbs.jpg,Amanita,Amanita,True,0.9287070035934448,0.007027100000414066,MobileNetV2_Pretrained,test
data/processed/test\Amanita\081_C-pQjIw3h7M.jpg,Amanita,Amanita,True,0.3725769817829132,0.007047299999612733,MobileNetV2_Pretrained,test
data/processed/test\Amanita\083_GAJUFRatKvg.jpg,Amanita,Amanita,True,0.8872098326683044,0.007337199998801225,MobileNetV2_Pretrained,test
data/processed/test\Amanita\101_m1QUT_IvswY.jpg,Amanita,Amanita,True,0.505357027053833,0.007295999999769265,MobileNetV2_Pretrained,test
data/processed/test\Amanita\109_mApfQHzHo0k.jpg,Amanita,Amanita,True,0.659568727016449,0.0076009000003978144,MobileNetV2_Pretrained,test
data/processed/test\Amanita\112_v5maqRj9Z_w.jpg,Amanita,Amanita,True,0.6298195123672485,0.007411300000967458,MobileNetV2_Pretrained,test
data/processed/test\Amanita\113_Ssk7arItOnk.jpg,Amanita,Amanita,True,0.9591909050941467,0.007441399999152054,MobileNetV2_Pretrained,test
data/processed/test\Amanita\116_V-662GMGI6U.jpg,Amanita,Suillus,False,0.5116719603538513,0.009026600000652252,MobileNetV2_Pretrained,test
data/processed/test\Amanita\117_2i4Ly-hB5rY.jpg,Amanita,Amanita,True,0.6738393902778625,0.00794780000069295,MobileNetV2_Pretrained,test
data/processed/test\Amanita\121_0mE3kiyOk4k.jpg,Amanita,Amanita,True,0.5125488638877869,0.008197900000595837,MobileNetV2_Pretrained,test
data/processed/test\Amanita\125_jnNJwiuIHj0.jpg,Amanita,Amanita,True,0.6373422145843506,0.007858299999497831,MobileNetV2_Pretrained,test
data/processed/test\Amanita\138_kCA0Zae2KX0.jpg,Amanita,Amanita,True,0.9832907915115356,0.007976500000950182,MobileNetV2_Pretrained,test
data/processed/test\Amanita\141_zaaLqAyIHuQ.jpg,Amanita,Amanita,True,0.9936282634735107,0.007940000001326553,MobileNetV2_Pretrained,test
data/processed/test\Amanita\143_ZpRWUcr7GhA.jpg,Amanita,Amanita,True,0.7656185626983643,0.008519200000591809,MobileNetV2_Pretrained,test
data/processed/test\Amanita\145_2JCprUI2Ugw.jpg,Amanita,Amanita,True,0.9858213067054749,0.007972400000653579,MobileNetV2_Pretrained,test
data/processed/test\Amanita\159_majDHo2IG8U.jpg,Amanita,Amanita,True,0.9616516828536987,0.00801820000015141,MobileNetV2_Pretrained,test
data/processed/test\Amanita\160_2Xs6Ueh19D4.jpg,Amanita,Amanita,True,0.6348267197608948,0.009991400000217254,MobileNetV2_Pretrained,test
data/processed/test\Amanita\166_wCNIOK2FS_U.jpg,Amanita,Amanita,True,0.8804504871368408,0.007584599999972852,MobileNetV2_Pretrained,test
data/processed/test\Amanita\167_oTHBDUWfBxA.jpg,Amanita,Amanita,True,0.8732006549835205,0.007919699999547447,MobileNetV2_Pretrained,test
data/processed/test\Amanita\169_ODaDqR_tlG0.jpg,Amanita,Amanita,True,0.9289401173591614,0.008380799999940791,MobileNetV2_Pretrained,test
data/processed/test\Amanita\171_6GMgYtjBa8k.jpg,Amanita,Amanita,True,0.9861815571784973,0.009508900000582798,MobileNetV2_Pretrained,test
data/processed/test\Amanita\173_jqvVZF8AWxg.jpg,Amanita,Amanita,True,0.9968618154525757,0.009357599999930244,MobileNetV2_Pretrained,test
data/processed/test\Amanita\175_wCfYH50cXu8.jpg,Amanita,Amanita,True,0.7731939554214478,0.0071213000010175165,MobileNetV2_Pretrained,test
data/processed/test\Amanita\192_uQQGhgvOkTI.jpg,Amanita,Russula,False,0.5727915167808533,0.007203899998785346,MobileNetV2_Pretrained,test
data/processed/test\Amanita\194__2kBAgeqxZc.jpg,Amanita,Amanita,True,0.4120509922504425,0.008005199999388424,MobileNetV2_Pretrained,test
data/processed/test\Amanita\208_EvpNOUGmeVI.jpg,Amanita,Amanita,True,0.964491605758667,0.007980500000485335,MobileNetV2_Pretrained,test
data/processed/test\Amanita\215_XXWsMnFz1MI.jpg,Amanita,Amanita,True,0.9965824484825134,0.008319899998241453,MobileNetV2_Pretrained,test
data/processed/test\Amanita\219_d2on0Kw19Ds.jpg,Amanita,Amanita,True,0.7895349264144897,0.007737299998552771,MobileNetV2_Pretrained,test
data/processed/test\Amanita\226_zzTeEGVX8nY.jpg,Amanita,Inocybe,False,0.5146729946136475,0.009201999999277177,MobileNetV2_Pretrained,test
data/processed/test\Amanita\229_AAkARuMGR0c.jpg,Amanita,Lactarius,False,0.24385108053684235,0.0071453999989898875,MobileNetV2_Pretrained,test
data/processed/test\Amanita\238_7M5xzSG_g_A.jpg,Amanita,Amanita,True,0.9646908044815063,0.007586100000480656,MobileNetV2_Pretrained,test
data/processed/test\Amanita\239_m__Mvvi_6yk.jpg,Amanita,Amanita,True,0.9951280355453491,0.008021100000405568,MobileNetV2_Pretrained,test
data/processed/test\Amanita\245_hJy0oklu5jA.jpg,Amanita,Amanita,True,0.805468738079071,0.007476000000679051,MobileNetV2_Pretrained,test
data/processed/test\Amanita\254_Lyi3XcTltRs.jpg,Amanita,Amanita,True,0.9198171496391296,0.00799879999976838,MobileNetV2_Pretrained,test
data/processed/test\Amanita\262_lkxMPar_qU4.jpg,Amanita,Exidia,False,0.33858752250671387,0.008217200000217417,MobileNetV2_Pretrained,test
data/processed/test\Amanita\266_1lFPzGUJdrw.jpg,Amanita,Amanita,True,0.7964922189712524,0.007821400000466383,MobileNetV2_Pretrained,test
data/processed/test\Amanita\267_Jv9rb_uZxxM.jpg,Amanita,Amanita,True,0.9702122211456299,0.006779700001061428,MobileNetV2_Pretrained,test
data/processed/test\Amanita\269_y7diE9hqyqg.jpg,Amanita,Amanita,True,0.7600131630897522,0.007043700001304387,MobileNetV2_Pretrained,test
data/processed/test\Amanita\280_kmvGIrteUEU.jpg,Amanita,Amanita,True,0.9056612849235535,0.007833800000298652,MobileNetV2_Pretrained,test
data/processed/test\Amanita\283_A61Fv-WuOIQ.jpg,Amanita,Amanita,True,0.6202470660209656,0.007015799999862793,MobileNetV2_Pretrained,test
data/processed/test\Amanita\284_hjYnEPCzZWs.jpg,Amanita,Amanita,True,0.9364323616027832,0.00698730000112846,MobileNetV2_Pretrained,test
data/processed/test\Amanita\286_akbOrg8qrWc.jpg,Amanita,Amanita,True,0.6823182702064514,0.007596600000397302,MobileNetV2_Pretrained,test
data/processed/test\Amanita\291_8IJ4_ANpJLg.jpg,Amanita,Amanita,True,0.5250267386436462,0.00692700000035984,MobileNetV2_Pretrained,test
data/processed/test\Amanita\296_sKFU2MHCmQI.jpg,Amanita,Amanita,True,0.9895317554473877,0.006749199999831035,MobileNetV2_Pretrained,test
data/processed/test\Amanita\301_arWVKBAl1xg.jpg,Amanita,Amanita,True,0.48673635721206665,0.006666300001597847,MobileNetV2_Pretrained,test
data/processed/test\Amanita\304_fF9sgw_cuPo.jpg,Amanita,Amanita,True,0.5119431018829346,0.008997400000225753,MobileNetV2_Pretrained,test
data/processed/test\Amanita\319_VSiBPtwZDwM.jpg,Amanita,Inocybe,False,0.6051807999610901,0.006562200000189478,MobileNetV2_Pretrained,test
data/processed/test\Amanita\323_sgZnWNFTFFc.jpg,Amanita,Amanita,True,0.9502244591712952,0.007040399999823421,MobileNetV2_Pretrained,test
data/processed/test\Amanita\326_q3-8lXVmcVM.jpg,Amanita,Amanita,True,0.9903745651245117,0.008192199999029981,MobileNetV2_Pretrained,test
data/processed/test\Amanita\329_jpdnrnOYvm8.jpg,Amanita,Amanita,True,0.966460108757019,0.007578900000225985,MobileNetV2_Pretrained,test
data/processed/test\Amanita\354_HFiOZg6IOL8.jpg,Amanita,Russula,False,0.4081725776195526,0.007228800001030322,MobileNetV2_Pretrained,test
data/processed/test\Amanita\355_e0Y8jDjEmzs.jpg,Amanita,Amanita,True,0.962643563747406,0.00702120000096329,MobileNetV2_Pretrained,test
data/processed/test\Amanita\366_zzsJUWaNdxg.jpg,Amanita,Amanita,True,0.5244699120521545,0.00688590000027034,MobileNetV2_Pretrained,test
data/processed/test\Amanita\372_5SYWecQTaKc.jpg,Amanita,Amanita,True,0.8671568036079407,0.007563600000139559,MobileNetV2_Pretrained,test
data/processed/test\Amanita\373_YmenYH0HVC0.jpg,Amanita,Amanita,True,0.8403177261352539,0.007815900000423426,MobileNetV2_Pretrained,test
data/processed/test\Amanita\377_qiZKoEIbfFk.jpg,Amanita,Lactarius,False,0.6547263264656067,0.007230500001242035,MobileNetV2_Pretrained,test
data/processed/test\Amanita\381_t_eyYyXYB1k.jpg,Amanita,Amanita,True,0.9663109183311462,0.008007100001123035,MobileNetV2_Pretrained,test
data/processed/test\Amanita\389_1fQDmvX1jb8.jpg,Amanita,Amanita,True,0.8713406324386597,0.0068422999993345,MobileNetV2_Pretrained,test
data/processed/test\Amanita\395_tL3vBGNvjeI.jpg,Amanita,Amanita,True,0.9848902821540833,0.00766979999934847,MobileNetV2_Pretrained,test
data/processed/test\Amanita\408_Jn439YAL3hs.jpg,Amanita,Amanita,True,0.8870474100112915,0.007992400000148336,MobileNetV2_Pretrained,test
data/processed/test\Amanita\433_mzRZXazhvVU.jpg,Amanita,Amanita,True,0.36807432770729065,0.00695839999934833,MobileNetV2_Pretrained,test
data/processed/test\Amanita\438_gh-zSGziyQ4.jpg,Amanita,Amanita,True,0.37282755970954895,0.006954399999813177,MobileNetV2_Pretrained,test
data/processed/test\Amanita\439_fP_ozmLLhb8.jpg,Amanita,Agaricus,False,0.6407142877578735,0.007060599999022088,MobileNetV2_Pretrained,test
data/processed/test\Amanita\451_V0quFnk9NFA.jpg,Amanita,Amanita,True,0.994875967502594,0.007007099999100319,MobileNetV2_Pretrained,test
data/processed/test\Amanita\455_noEYaXjdZno.jpg,Amanita,Amanita,True,0.9975278973579407,0.006848400000308175,MobileNetV2_Pretrained,test
data/processed/test\Amanita\458_5BlPufQsqww.jpg,Amanita,Amanita,True,0.9901525378227234,0.008126100001391023,MobileNetV2_Pretrained,test
data/processed/test\Amanita\466_wUxyOxsT5Xc.jpg,Amanita,Exidia,False,0.4470517039299011,0.008018399999855319,MobileNetV2_Pretrained,test
data/processed/test\Amanita\470_Qn8LOp2zdbk.jpg,Amanita,Amanita,True,0.9561856389045715,0.007064100000206963,MobileNetV2_Pretrained,test
data/processed/test\Amanita\488_c9nCQvJtUrI.jpg,Amanita,Amanita,True,0.6319704055786133,0.006986000000324566,MobileNetV2_Pretrained,test
data/processed/test\Amanita\490_GiCnvGBmknM.jpg,Amanita,Lactarius,False,0.36400729417800903,0.00706730000092648,MobileNetV2_Pretrained,test
data/processed/test\Amanita\500_goYWhHd_SfA.jpg,Amanita,Cortinarius,False,0.4433748722076416,0.007086400000844151,MobileNetV2_Pretrained,test
data/processed/test\Amanita\520_7tXL64TQTpg.jpg,Amanita,Amanita,True,0.8632545471191406,0.007148799999413313,MobileNetV2_Pretrained,test
data/processed/test\Amanita\537_5FMMhBffQ9Y.jpg,Amanita,Amanita,True,0.9596565961837769,0.012396699999953853,MobileNetV2_Pretrained,test
data/processed/test\Amanita\538_EwaPkcP6eTM.jpg,Amanita,Amanita,True,0.8996493220329285,0.009111400000620051,MobileNetV2_Pretrained,test
data/processed/test\Amanita\561_E5bsDlNUJ-Y.jpg,Amanita,Amanita,True,0.7450237274169922,0.007639299999937066,MobileNetV2_Pretrained,test
data/processed/test\Amanita\571_l1hoa0Kgm0U.jpg,Amanita,Russula,False,0.336334228515625,0.006990599998971447,MobileNetV2_Pretrained,test
data/processed/test\Amanita\577_XqZEGat0kl8.jpg,Amanita,Amanita,True,0.29567959904670715,0.007046400000035646,MobileNetV2_Pretrained,test
data/processed/test\Amanita\579_PS9igVuOoHE.jpg,Amanita,Amanita,True,0.8638402819633484,0.007059800000206451,MobileNetV2_Pretrained,test
data/processed/test\Amanita\586_kLoafsSiyT8.jpg,Amanita,Amanita,True,0.4091656506061554,0.007082699999955366,MobileNetV2_Pretrained,test
data/processed/test\Amanita\587_4e3oJGC88kg.jpg,Amanita,Amanita,True,0.9954276084899902,0.00689079999938258,MobileNetV2_Pretrained,test
data/processed/test\Amanita\588_bh0TgHuuQ-g.jpg,Amanita,Amanita,True,0.9504914879798889,0.00681319999966945,MobileNetV2_Pretrained,test
data/processed/test\Amanita\589_AnaL5Wx-reY.jpg,Amanita,Amanita,True,0.8556815981864929,0.007122200000594603,MobileNetV2_Pretrained,test
data/processed/test\Amanita\596_TzXaLH4_GW0.jpg,Amanita,Amanita,True,0.593818187713623,0.007148900000174763,MobileNetV2_Pretrained,test
data/processed/test\Amanita\597_t_LN8-XruiI.jpg,Amanita,Amanita,True,0.8744196891784668,0.007309599999643979,MobileNetV2_Pretrained,test
data/processed/test\Amanita\600_jgKLD8sC_v4.jpg,Amanita,Amanita,True,0.3244931101799011,0.006926400001248112,MobileNetV2_Pretrained,test
data/processed/test\Amanita\620_JDQSDCTyXyg.jpg,Amanita,Inocybe,False,0.6342021226882935,0.006932900001629605,MobileNetV2_Pretrained,test
data/processed/test\Amanita\646_zBDcRvL_RyM.jpg,Amanita,Agaricus,False,0.49737349152565,0.006793100001232233,MobileNetV2_Pretrained,test
data/processed/test\Amanita\654_vhjqe9X5eec.jpg,Amanita,Amanita,True,0.9049827456474304,0.007128400000510737,MobileNetV2_Pretrained,test
data/processed/test\Amanita\664_AXOuF6j3tyo.jpg,Amanita,Amanita,True,0.6155381202697754,0.007111399998393608,MobileNetV2_Pretrained,test
data/processed/test\Amanita\665_PrGfCOsVu8Y.jpg,Amanita,Russula,False,0.46749064326286316,0.007068400000207475,MobileNetV2_Pretrained,test
data/processed/test\Amanita\679_cIMzCCYdG38.jpg,Amanita,Amanita,True,0.8409987092018127,0.00693909999972675,MobileNetV2_Pretrained,test
data/processed/test\Amanita\682_B3EZBbmcFBE.jpg,Amanita,Amanita,True,0.47235414385795593,0.00707709999915096,MobileNetV2_Pretrained,test
data/processed/test\Amanita\702_sR0HQkA_gkA.jpg,Amanita,Russula,False,0.3433725833892822,0.007100799999534502,MobileNetV2_Pretrained,test
data/processed/test\Amanita\713_znBkCzCEi-g.jpg,Amanita,Amanita,True,0.9056718349456787,0.006934999999430147,MobileNetV2_Pretrained,test
data/processed/test\Amanita\717_vlDmzuYG5og.jpg,Amanita,Lactarius,False,0.2389102727174759,0.0073790999995253514,MobileNetV2_Pretrained,test
data/processed/test\Amanita\739_t_b-1IKUbgE.jpg,Amanita,Amanita,True,0.9936923980712891,0.006898800000271876,MobileNetV2_Pretrained,test
data/processed/test\Amanita\742_j3CNLlK7ISo.jpg,Amanita,Amanita,True,0.8427030444145203,0.006822700001066551,MobileNetV2_Pretrained,test
data/processed/test\Amanita\746_Dh_6IpygI6I.jpg,Amanita,Amanita,True,0.9870017766952515,0.006884100001116167,MobileNetV2_Pretrained,test
data/processed/test\Amanita\754_rDpMYIR-sFE.jpg,Amanita,Amanita,True,0.9984051585197449,0.006823900001108996,MobileNetV2_Pretrained,test
data/processed/test\Amanita\756_w-xhasvBIT0.jpg,Amanita,Amanita,True,0.9504662752151489,0.007823500000085915,MobileNetV2_Pretrained,test
data/processed/test\Amanita\773_3H-0yRwiu6Y.jpg,Amanita,Inocybe,False,0.352742463350296,0.007236200000988902,MobileNetV2_Pretrained,test
data/processed/test\Amanita\787_V5x9WHxsoqE.jpg,Amanita,Amanita,True,0.9062151312828064,0.006929600000148639,MobileNetV2_Pretrained,test
data/processed/test\Boletus\0009_2hEUS66s6Gw.jpg,Boletus,Boletus,True,0.9763616323471069,0.00701160000062373,MobileNetV2_Pretrained,test
data/processed/test\Boletus\0010_7M6YHrGZ3aM.jpg,Boletus,Boletus,True,0.9207459688186646,0.006873199999972712,MobileNetV2_Pretrained,test
data/processed/test\Boletus\0023_JAAEdifq1MY.jpg,Boletus,Boletus,True,0.978025496006012,0.006880400000227382,MobileNetV2_Pretrained,test
data/processed/test\Boletus\0032_Sl_iMoAAJyU.jpg,Boletus,Boletus,True,0.9820296168327332,0.007046599999739556,MobileNetV2_Pretrained,test
data/processed/test\Boletus\0048_wGU2ETPlfqY.jpg,Boletus,Boletus,True,0.8066054582595825,0.007939499999338295,MobileNetV2_Pretrained,test
data/processed/test\Boletus\0051_rBIC-Uy9KzI.jpg,Boletus,Agaricus,False,0.1880214512348175,0.007077600001139217,MobileNetV2_Pretrained,test
data/processed/test\Boletus\0058_djB8UbX-XaU.jpg,Boletus,Boletus,True,0.9964523315429688,0.007410599999275291,MobileNetV2_Pretrained,test
data/processed/test\Boletus\0060_ph1tt9Qik4Q.jpg,Boletus,Boletus,True,0.726401686668396,0.0077032000008330215,MobileNetV2_Pretrained,test
data/processed/test\Boletus\0074_-d_w6u6G7wA.jpg,Boletus,Boletus,True,0.957706093788147,0.007173399999373942,MobileNetV2_Pretrained,test
data/processed/test\Boletus\0076_yMZR41Idcn0.jpg,Boletus,Boletus,True,0.7705591917037964,0.006799999999202555,MobileNetV2_Pretrained,test
data/processed/test\Boletus\0081_Jy-UUrFwLMA.jpg,Boletus,Boletus,True,0.7979631423950195,0.00699239999994461,MobileNetV2_Pretrained,test
data/processed/test\Boletus\0090_PCyZBE7zH28.jpg,Boletus,Boletus,True,0.9495410919189453,0.007093799998983741,MobileNetV2_Pretrained,test
data/processed/test\Boletus\0100_Um24DDdxtxY.jpg,Boletus,Boletus,True,0.7958717942237854,0.007597200001328019,MobileNetV2_Pretrained,test
data/processed/test\Boletus\0110_A_F3PAXmwBw.jpg,Boletus,Boletus,True,0.7489697337150574,0.00792610000098648,MobileNetV2_Pretrained,test
data/processed/test\Boletus\0142_osp5FSuBFx4.jpg,Boletus,Boletus,True,0.9950138926506042,0.006945199998881435,MobileNetV2_Pretrained,test
data/processed/test\Boletus\0148_GWuEw2WeFCY.jpg,Boletus,Suillus,False,0.3229992985725403,0.007674300000871881,MobileNetV2_Pretrained,test
data/processed/test\Boletus\0151_8qA6XqDaO10.jpg,Boletus,Boletus,True,0.9338479042053223,0.007246700000905548,MobileNetV2_Pretrained,test
data/processed/test\Boletus\0155_cfBPq0uvW7U.jpg,Boletus,Boletus,True,0.9905582666397095,0.006906399999934365,MobileNetV2_Pretrained,test
data/processed/test\Boletus\0163_288vPbTy0u0.jpg,Boletus,Boletus,True,0.9302675724029541,0.006936300000234041,MobileNetV2_Pretrained,test
data/processed/test\Boletus\0166_JjEOuNKkeSM.jpg,Boletus,Amanita,False,0.532889187335968,0.008009299999685027,MobileNetV2_Pretrained,test
data/processed/test\Boletus\0176_J7Pq7LRCag0.jpg,Boletus,Boletus,True,0.5206192135810852,0.007921899999928428,MobileNetV2_Pretrained,test
data/processed/test\Boletus\0181_WPxAHfkr5nY.jpg,Boletus,Boletus,True,0.3920232951641083,0.009487200000876328,MobileNetV2_Pretrained,test
data/processed/test\Boletus\0186_8hd4Jt8Z_XU.jpg,Boletus,Boletus,True,0.9897028803825378,0.014510599999994156,MobileNetV2_Pretrained,test
data/processed/test\Boletus\0187__pRX2ASfyHE.jpg,Boletus,Boletus,True,0.9950881600379944,0.006615300000703428,MobileNetV2_Pretrained,test
data/processed/test\Boletus\0196_uqGMdVItBRg.jpg,Boletus,Boletus,True,0.9932907819747925,0.007755399999950896,MobileNetV2_Pretrained,test
data/processed/test\Boletus\0203_9fok2txolHA.jpg,Boletus,Boletus,True,0.48386505246162415,0.007200599999123369,MobileNetV2_Pretrained,test
data/processed/test\Boletus\0205_qoM5hQot18c.jpg,Boletus,Boletus,True,0.9079619646072388,0.00835709999955725,MobileNetV2_Pretrained,test
data/processed/test\Boletus\0206_TyUG66hONcc.jpg,Boletus,Boletus,True,0.8869840502738953,0.007502599999497761,MobileNetV2_Pretrained,test
data/processed/test\Boletus\0207_oXbD8i2vkVg.jpg,Boletus,Boletus,True,0.9329144358634949,0.007345899999563699,MobileNetV2_Pretrained,test
data/processed/test\Boletus\0227_j49x_C5p-CU.jpg,Boletus,Boletus,True,0.9848796725273132,0.007636500000444357,MobileNetV2_Pretrained,test
data/processed/test\Boletus\0238_qz-FM7SB6M0.jpg,Boletus,Boletus,True,0.9969915151596069,0.007105200000296463,MobileNetV2_Pretrained,test
data/processed/test\Boletus\0240_VJBB4bFGy00.jpg,Boletus,Boletus,True,0.9464078545570374,0.007154999999329448,MobileNetV2_Pretrained,test
data/processed/test\Boletus\0245_M167aLbLgs8.jpg,Boletus,Boletus,True,0.999067485332489,0.006957200001124875,MobileNetV2_Pretrained,test
data/processed/test\Boletus\0249_50wVqwSNvhw.jpg,Boletus,Boletus,True,0.5893492102622986,0.007375599998340476,MobileNetV2_Pretrained,test
data/processed/test\Boletus\0253_g1jTDCR3Zu4.jpg,Boletus,Boletus,True,0.7879147529602051,0.007129900001018541,MobileNetV2_Pretrained,test
data/processed/test\Boletus\0259_RjpNYKf3Zag.jpg,Boletus,Lactarius,False,0.32506227493286133,0.006931300000360352,MobileNetV2_Pretrained,test
data/processed/test\Boletus\0261_Dag-SrdgNL4.jpg,Boletus,Boletus,True,0.9948474168777466,0.0077456999988498865,MobileNetV2_Pretrained,test
data/processed/test\Boletus\0263_nUgkvTMYYa4.jpg,Boletus,Boletus,True,0.9894646406173706,0.006889199999932316,MobileNetV2_Pretrained,test
data/processed/test\Boletus\0264_47xi69ImS58.jpg,Boletus,Boletus,True,0.9749379754066467,0.006977099999858183,MobileNetV2_Pretrained,test
data/processed/test\Boletus\0285_5r1D03ayo_A.jpg,Boletus,Boletus,True,0.9311272501945496,0.006890900000144029,MobileNetV2_Pretrained,test
data/processed/test\Boletus\0297_Q4fwdJ_9PxA.jpg,Boletus,Boletus,True,0.9952811598777771,0.006969100000787876,MobileNetV2_Pretrained,test
data/processed/test\Boletus\0298_01Q7PUhybdQ.jpg,Boletus,Boletus,True,0.9615445733070374,0.00749790000008943,MobileNetV2_Pretrained,test
data/processed/test\Boletus\0299_Ue9AxhqQqyc.jpg,Boletus,Boletus,True,0.9986862540245056,0.006934099999853061,MobileNetV2_Pretrained,test
data/processed/test\Boletus\0304_7bLIdSVgaIM.jpg,Boletus,Boletus,True,0.9974573254585266,0.007041500000923406,MobileNetV2_Pretrained,test
data/processed/test\Boletus\0306_64D0ZnNktPM.jpg,Boletus,Boletus,True,0.9949072003364563,0.007187899998825742,MobileNetV2_Pretrained,test
data/processed/test\Boletus\0310__tra6Lo5W9Q.jpg,Boletus,Boletus,True,0.9993075132369995,0.0069346000000223285,MobileNetV2_Pretrained,test
data/processed/test\Boletus\0313_UMgAL-_294g.jpg,Boletus,Boletus,True,0.9792996048927307,0.007391999999526888,MobileNetV2_Pretrained,test
data/processed/test\Boletus\0315_TZK9JOYNO7Q.jpg,Boletus,Boletus,True,0.9996103644371033,0.007960999999340856,MobileNetV2_Pretrained,test
data/processed/test\Boletus\0320_Fj4PirBfkK0.jpg,Boletus,Boletus,True,0.9935658574104309,0.007158700000218232,MobileNetV2_Pretrained,test
data/processed/test\Boletus\0336__FEoILXRJaU.jpg,Boletus,Russula,False,0.327243447303772,0.014749800000572577,MobileNetV2_Pretrained,test
data/processed/test\Boletus\0344_3nzDfs3jlQQ.jpg,Boletus,Boletus,True,0.9848869442939758,0.007799900000463822,MobileNetV2_Pretrained,test
data/processed/test\Boletus\0358_MmNt3oIzcU8.jpg,Boletus,Boletus,True,0.9982039928436279,0.007110300000931602,MobileNetV2_Pretrained,test
data/processed/test\Boletus\0365_w3QgqqeP-C8.jpg,Boletus,Boletus,True,0.9716991782188416,0.007216199999675155,MobileNetV2_Pretrained,test
data/processed/test\Boletus\0372_EVEx-OOzR1U.jpg,Boletus,Boletus,True,0.9978146553039551,0.007061899999825982,MobileNetV2_Pretrained,test
data/processed/test\Boletus\0388_M54uL5T9TkM.jpg,Boletus,Boletus,True,0.966313362121582,0.006616100001338054,MobileNetV2_Pretrained,test
data/processed/test\Boletus\0391_s9Ag92abtK8.jpg,Boletus,Boletus,True,0.9967712759971619,0.0071547000006830785,MobileNetV2_Pretrained,test
data/processed/test\Boletus\0395_jZFg843mP4g.jpg,Boletus,Boletus,True,0.92294842004776,0.0068627999989985256,MobileNetV2_Pretrained,test
data/processed/test\Boletus\0396_SY7PYfYNq88.jpg,Boletus,Boletus,True,0.9963525533676147,0.006859400000394089,MobileNetV2_Pretrained,test
data/processed/test\Boletus\0398_5b-zJ94MXQk.jpg,Boletus,Boletus,True,0.9946467280387878,0.00719060000119498,MobileNetV2_Pretrained,test
data/processed/test\Boletus\0410_jhaHnXdb-IM.jpg,Boletus,Boletus,True,0.9830508828163147,0.007069900000715279,MobileNetV2_Pretrained,test
data/processed/test\Boletus\0426_LWjQTfRMiXo.jpg,Boletus,Boletus,True,0.9891639947891235,0.00765299999875424,MobileNetV2_Pretrained,test
data/processed/test\Boletus\0439_O6QzBvZavTM.jpg,Boletus,Boletus,True,0.9498100280761719,0.007743099999061087,MobileNetV2_Pretrained,test
data/processed/test\Boletus\0446_xHS1WNA5GOs.jpg,Boletus,Boletus,True,0.4213884174823761,0.007115099999282393,MobileNetV2_Pretrained,test
data/processed/test\Boletus\0457_lZNPtp0I8xY.jpg,Boletus,Boletus,True,0.5355140566825867,0.007062200000291341,MobileNetV2_Pretrained,test
data/processed/test\Boletus\0471_lxzgCXnZUlM.jpg,Boletus,Boletus,True,0.9861964583396912,0.009663099999670521,MobileNetV2_Pretrained,test
data/processed/test\Boletus\0473_x9mm3RQN3OQ.jpg,Boletus,Boletus,True,0.7318740487098694,0.007011899999270099,MobileNetV2_Pretrained,test
data/processed/test\Boletus\0476_qTLS2LtmH20.jpg,Boletus,Boletus,True,0.8858896493911743,0.0070209999994403915,MobileNetV2_Pretrained,test
data/processed/test\Boletus\0478_IqIYZ5z8ZaA.jpg,Boletus,Boletus,True,0.4696579575538635,0.006788899998355191,MobileNetV2_Pretrained,test
data/processed/test\Boletus\0482_bwKqTN52ZY0.jpg,Boletus,Boletus,True,0.4026287794113159,0.007311899998967419,MobileNetV2_Pretrained,test
data/processed/test\Boletus\0485_2M-1Jj2XXfU.jpg,Boletus,Boletus,True,0.9999219179153442,0.006859000000986271,MobileNetV2_Pretrained,test
data/processed/test\Boletus\0487_V0mcOZZWsYc.jpg,Boletus,Boletus,True,0.9786925911903381,0.006831299999248586,MobileNetV2_Pretrained,test
data/processed/test\Boletus\0496_oW-MXvWIdeg.jpg,Boletus,Lactarius,False,0.5240478515625,0.006903000001329929,MobileNetV2_Pretrained,test
data/processed/test\Boletus\0501_RcynfiUwksM.jpg,Boletus,Boletus,True,0.893364429473877,0.007458500000211643,MobileNetV2_Pretrained,test
data/processed/test\Boletus\0515_fH8FRrp-Rc4.jpg,Boletus,Boletus,True,0.9328043460845947,0.00705279999965569,MobileNetV2_Pretrained,test
data/processed/test\Boletus\0516_jSgZvx-y_IA.jpg,Boletus,Boletus,True,0.8793579339981079,0.006713299999319133,MobileNetV2_Pretrained,test
data/processed/test\Boletus\0551_xiALBJABq4k.jpg,Boletus,Boletus,True,0.9940009713172913,0.007027399999060435,MobileNetV2_Pretrained,test
data/processed/test\Boletus\0552_Sm0FWjXpCUA.jpg,Boletus,Boletus,True,0.9769818186759949,0.009717499999169377,MobileNetV2_Pretrained,test
data/processed/test\Boletus\0569_DpPGoGLCmxw.jpg,Boletus,Boletus,True,0.9898174405097961,0.006957900000998052,MobileNetV2_Pretrained,test
data/processed/test\Boletus\0590_U1iXqaOG__4.jpg,Boletus,Boletus,True,0.995998740196228,0.006911000000400236,MobileNetV2_Pretrained,test
data/processed/test\Boletus\0596_1eBgViXIxTo.jpg,Boletus,Boletus,True,0.9959039092063904,0.007499900000766502,MobileNetV2_Pretrained,test
data/processed/test\Boletus\0599_KA0H3vejy08.jpg,Boletus,Boletus,True,0.9943152070045471,0.0070809999997436535,MobileNetV2_Pretrained,test
data/processed/test\Boletus\0608_iR5VKlchysc.jpg,Boletus,Boletus,True,0.9776917695999146,0.006648900000072899,MobileNetV2_Pretrained,test
data/processed/test\Boletus\0612_8lQr8TbwImc.jpg,Boletus,Boletus,True,0.9851083159446716,0.006572300000698306,MobileNetV2_Pretrained,test
data/processed/test\Boletus\0624_RmlDHXvJUeU.jpg,Boletus,Boletus,True,0.997996985912323,0.007642599999599042,MobileNetV2_Pretrained,test
data/processed/test\Boletus\0631_PJXNFQZc7n8.jpg,Boletus,Boletus,True,0.9946162104606628,0.0069745999990118435,MobileNetV2_Pretrained,test
data/processed/test\Boletus\0632_Rc_3hYDbYqU.jpg,Boletus,Boletus,True,0.3223780393600464,0.00669949999974051,MobileNetV2_Pretrained,test
data/processed/test\Boletus\0635_-J_6XTsYZMA.jpg,Boletus,Boletus,True,0.9972860813140869,0.00727050000023155,MobileNetV2_Pretrained,test
data/processed/test\Boletus\0645_l3ki0s-WOCU.jpg,Boletus,Boletus,True,0.5709267854690552,0.006914200001119752,MobileNetV2_Pretrained,test
data/processed/test\Boletus\0646_X-9LZJb_Mm8.jpg,Boletus,Boletus,True,0.8524617552757263,0.006543199999214266,MobileNetV2_Pretrained,test
data/processed/test\Boletus\0654_S0ZETeWMBPU.jpg,Boletus,Suillus,False,0.4631652534008026,0.006788499998947373,MobileNetV2_Pretrained,test
data/processed/test\Boletus\0659_r1c48yLOmjA.jpg,Boletus,Boletus,True,0.6732247471809387,0.007668399999602116,MobileNetV2_Pretrained,test
data/processed/test\Boletus\0662_zLAxc0c9R_M.jpg,Boletus,Boletus,True,0.9943470358848572,0.007119700001567253,MobileNetV2_Pretrained,test
data/processed/test\Boletus\0664_aAvZIRDPNUI.jpg,Boletus,Boletus,True,0.9856049418449402,0.006931199999598903,MobileNetV2_Pretrained,test
data/processed/test\Boletus\0665_oAzt25TNZeQ.jpg,Boletus,Boletus,True,0.9946276545524597,0.006986899999901652,MobileNetV2_Pretrained,test
data/processed/test\Boletus\0670_K_TCbzxFUGM.jpg,Boletus,Boletus,True,0.8901097774505615,0.007058699999106466,MobileNetV2_Pretrained,test
data/processed/test\Boletus\0684_vMnFJrCY0pg.jpg,Boletus,Cortinarius,False,0.4675668776035309,0.006941200001165271,MobileNetV2_Pretrained,test
data/processed/test\Boletus\0686_HDMT9DDObck.jpg,Boletus,Boletus,True,0.7061876058578491,0.007025799999610172,MobileNetV2_Pretrained,test
data/processed/test\Boletus\0687_OAh8DHQ9Ejw.jpg,Boletus,Boletus,True,0.8466513752937317,0.007459099999323371,MobileNetV2_Pretrained,test
data/processed/test\Boletus\0691_aeOqhuNhZUo.jpg,Boletus,Boletus,True,0.7834761738777161,0.008117800000036368,MobileNetV2_Pretrained,test
data/processed/test\Boletus\0694_ZGhTNFYpRF0.jpg,Boletus,Boletus,True,0.7368630170822144,0.007117700000890181,MobileNetV2_Pretrained,test
data/processed/test\Boletus\0705_zAx-31wgOX8.jpg,Boletus,Boletus,True,0.9775710105895996,0.007037400000626803,MobileNetV2_Pretrained,test
data/processed/test\Boletus\0706_O2coJ1bHNyI.jpg,Boletus,Cortinarius,False,0.3813430070877075,0.007000099998549558,MobileNetV2_Pretrained,test
data/processed/test\Boletus\0710_3W2LVW3vahA.jpg,Boletus,Boletus,True,0.9360714554786682,0.011010700000042561,MobileNetV2_Pretrained,test
data/processed/test\Boletus\0711_BeW-0Vt9hao.jpg,Boletus,Boletus,True,0.6045769453048706,0.008135399999446236,MobileNetV2_Pretrained,test
data/processed/test\Boletus\0712_KcW299HdxJQ.jpg,Boletus,Boletus,True,0.8653876185417175,0.007545899999968242,MobileNetV2_Pretrained,test
data/processed/test\Boletus\0715_bpAousgaNak.jpg,Boletus,Boletus,True,0.4117622375488281,0.007837900000595255,MobileNetV2_Pretrained,test
data/processed/test\Boletus\0720_5nsuj2jRfF0.jpg,Boletus,Boletus,True,0.7237195372581482,0.007132900000215159,MobileNetV2_Pretrained,test
data/processed/test\Boletus\0731_6DJ6_aa-bZg.jpg,Boletus,Boletus,True,0.7656368017196655,0.006967899998926441,MobileNetV2_Pretrained,test
data/processed/test\Boletus\0754_zPtZnfibMT4.jpg,Boletus,Boletus,True,0.9590430855751038,0.007697399998505716,MobileNetV2_Pretrained,test
data/processed/test\Boletus\0778_UbEygYYDhi4.jpg,Boletus,Boletus,True,0.7025367617607117,0.0068567999987863,MobileNetV2_Pretrained,test
data/processed/test\Boletus\0779_x10CHNm1XGs.jpg,Boletus,Boletus,True,0.9810448884963989,0.006943700000192621,MobileNetV2_Pretrained,test
data/processed/test\Boletus\0789_HeUlbr2dIsk.jpg,Boletus,Boletus,True,0.6018087267875671,0.006949900000108755,MobileNetV2_Pretrained,test
data/processed/test\Boletus\0790_pju1fCrxSyw.jpg,Boletus,Cortinarius,False,0.2940540611743927,0.006877900001200032,MobileNetV2_Pretrained,test
data/processed/test\Boletus\0795_O2Z0CQUcDhg.jpg,Boletus,Boletus,True,0.9764730930328369,0.007838300000003073,MobileNetV2_Pretrained,test
data/processed/test\Boletus\0797_6dpBNM8twyA.jpg,Boletus,Cortinarius,False,0.4444464147090912,0.006941800000276999,MobileNetV2_Pretrained,test
data/processed/test\Boletus\0801_ulyFq_UWWzM.jpg,Boletus,Lactarius,False,0.5067416429519653,0.007550800000899471,MobileNetV2_Pretrained,test
data/processed/test\Boletus\0802_MWtsI0EKttw.jpg,Boletus,Boletus,True,0.48310586810112,0.007008200000200304,MobileNetV2_Pretrained,test
data/processed/test\Boletus\0807_Iqw2hN_b0s8.jpg,Boletus,Boletus,True,0.4662262797355652,0.00683019999996759,MobileNetV2_Pretrained,test
data/processed/test\Boletus\0811_7t2BE3xOyek.jpg,Boletus,Boletus,True,0.34732165932655334,0.007491299998946488,MobileNetV2_Pretrained,test
data/processed/test\Boletus\0813_mXb_8YjMI_8.jpg,Boletus,Cortinarius,False,0.34116703271865845,0.0075956000000587665,MobileNetV2_Pretrained,test
data/processed/test\Boletus\0829_dHV6v4tZvMk.jpg,Boletus,Boletus,True,0.9279916286468506,0.007043899999189307,MobileNetV2_Pretrained,test
data/processed/test\Boletus\0832_XCzDV_JY6_M.jpg,Boletus,Boletus,True,0.9104663133621216,0.0076192000014998484,MobileNetV2_Pretrained,test
data/processed/test\Boletus\0833_lwqKJywKCCc.jpg,Boletus,Boletus,True,0.9968819618225098,0.007145999999920605,MobileNetV2_Pretrained,test
data/processed/test\Boletus\0836_FkYdaUI06h0.jpg,Boletus,Boletus,True,0.7557653188705444,0.006979900001169881,MobileNetV2_Pretrained,test
data/processed/test\Boletus\0839__L3OdEzm-GA.jpg,Boletus,Boletus,True,0.9975066781044006,0.0078680999995413,MobileNetV2_Pretrained,test
data/processed/test\Boletus\0841_7XAXHIAG0d8.jpg,Boletus,Boletus,True,0.8251110911369324,0.007133499999326887,MobileNetV2_Pretrained,test
data/processed/test\Boletus\0857_lvu1iJAnbvg.jpg,Boletus,Boletus,True,0.9761711955070496,0.00756089999958931,MobileNetV2_Pretrained,test
data/processed/test\Boletus\0859_z4K-tiR_PP0.jpg,Boletus,Boletus,True,0.9505816102027893,0.007807500000126311,MobileNetV2_Pretrained,test
data/processed/test\Boletus\0867_ExxTC0iGbxI.jpg,Boletus,Boletus,True,0.26402872800827026,0.007594400000016321,MobileNetV2_Pretrained,test
data/processed/test\Boletus\0870_BxgSujm7-C8.jpg,Boletus,Boletus,True,0.9793440699577332,0.006549899999299669,MobileNetV2_Pretrained,test
data/processed/test\Boletus\0876_Sizxg8ymXLI.jpg,Boletus,Lactarius,False,0.35372889041900635,0.006816799999796785,MobileNetV2_Pretrained,test
data/processed/test\Boletus\0883_LcmFTebwKmA.jpg,Boletus,Boletus,True,0.9994245767593384,0.006794900000386406,MobileNetV2_Pretrained,test
data/processed/test\Boletus\0891_9qHx98xefUQ.jpg,Boletus,Boletus,True,0.9968568086624146,0.006693299999824376,MobileNetV2_Pretrained,test
data/processed/test\Boletus\0904_qppYGFqfqYg.jpg,Boletus,Boletus,True,0.834253191947937,0.007163500000388012,MobileNetV2_Pretrained,test
data/processed/test\Boletus\0907_JUjr6H_B0Xo.jpg,Boletus,Boletus,True,0.7101956605911255,0.006827299999713432,MobileNetV2_Pretrained,test
data/processed/test\Boletus\0910_gk8EFVec-aU.jpg,Boletus,Boletus,True,0.9924829602241516,0.00751250000030268,MobileNetV2_Pretrained,test
data/processed/test\Boletus\0920_Mj9Gr-R_eJg.jpg,Boletus,Boletus,True,0.9825326204299927,0.007689300000492949,MobileNetV2_Pretrained,test
data/processed/test\Boletus\0927_GeTz3gpfOCA.jpg,Boletus,Boletus,True,0.9693125486373901,0.007828199999494245,MobileNetV2_Pretrained,test
data/processed/test\Boletus\0939_Uu9bT1-H4ZE.jpg,Boletus,Boletus,True,0.8295402526855469,0.007718599999861908,MobileNetV2_Pretrained,test
data/processed/test\Boletus\0941_CD55o3j2ACk.jpg,Boletus,Boletus,True,0.8949220180511475,0.00695590000032098,MobileNetV2_Pretrained,test
data/processed/test\Boletus\0943_7_qx73pcT5M.jpg,Boletus,Boletus,True,0.9676648378372192,0.008306399999128189,MobileNetV2_Pretrained,test
data/processed/test\Boletus\0944_uchnyCbCU8o.jpg,Boletus,Boletus,True,0.9344022870063782,0.0069268000006559305,MobileNetV2_Pretrained,test
data/processed/test\Boletus\0951_12IsIr7KDL0.jpg,Boletus,Boletus,True,0.9959261417388916,0.007620200000019395,MobileNetV2_Pretrained,test
data/processed/test\Boletus\0953_JtmTQxMa4yM.jpg,Boletus,Boletus,True,0.9048555493354797,0.009323199999926146,MobileNetV2_Pretrained,test
data/processed/test\Boletus\0954_UdQ21bvT_YM.jpg,Boletus,Boletus,True,0.9653551578521729,0.006869699998787837,MobileNetV2_Pretrained,test
data/processed/test\Boletus\0974_ZIsylb_w8NE.jpg,Boletus,Boletus,True,0.9950336217880249,0.007682700001168996,MobileNetV2_Pretrained,test
data/processed/test\Boletus\0981_Q5GmJS_vei8.jpg,Boletus,Boletus,True,0.8900626301765442,0.007021000001259381,MobileNetV2_Pretrained,test
data/processed/test\Boletus\0987_JvKLOKW8WFA.jpg,Boletus,Boletus,True,0.9814307689666748,0.008434600000327919,MobileNetV2_Pretrained,test
data/processed/test\Boletus\0988_R0RNuJ8IqBI.jpg,Boletus,Boletus,True,0.9919933080673218,0.007618400000865222,MobileNetV2_Pretrained,test
data/processed/test\Boletus\1021_SyO8BpGSVjw.jpg,Boletus,Boletus,True,0.32283180952072144,0.007490099998904043,MobileNetV2_Pretrained,test
data/processed/test\Boletus\1032_tYL581WPzXU.jpg,Boletus,Boletus,True,0.9961643218994141,0.007823399999324465,MobileNetV2_Pretrained,test
data/processed/test\Boletus\1036_4kWl9z7sQIY.jpg,Boletus,Boletus,True,0.6901589035987854,0.007689400001254398,MobileNetV2_Pretrained,test
data/processed/test\Boletus\1040_i_rg9l4rqjw.jpg,Boletus,Boletus,True,0.9974321722984314,0.007852000000639237,MobileNetV2_Pretrained,test
data/processed/test\Boletus\1051_Q0ltVKrZhcQ.jpg,Boletus,Boletus,True,0.9813034534454346,0.0075600999989546835,MobileNetV2_Pretrained,test
data/processed/test\Boletus\1055_1FFlybCSCAU.jpg,Boletus,Boletus,True,0.7549563050270081,0.00737450000087847,MobileNetV2_Pretrained,test
data/processed/test\Boletus\1057_Y7n8VqlTW3g.jpg,Boletus,Boletus,True,0.9929425716400146,0.007945700001073419,MobileNetV2_Pretrained,test
data/processed/test\Boletus\1065_eMY4Zsr_msU.jpg,Boletus,Boletus,True,0.9691358208656311,0.007452599998941878,MobileNetV2_Pretrained,test
data/processed/test\Boletus\1077_JAOBSnuV9zc.jpg,Boletus,Boletus,True,0.9973982572555542,0.008137200000419398,MobileNetV2_Pretrained,test
data/processed/test\Boletus\1081_S9BZwG4wmiU.jpg,Boletus,Boletus,True,0.9534385800361633,0.007861600000978797,MobileNetV2_Pretrained,test
data/processed/test\Boletus\1086_9A85NgFJxzc.jpg,Boletus,Boletus,True,0.9870677590370178,0.008138600000165752,MobileNetV2_Pretrained,test
data/processed/test\Boletus\1087_POSIDmOc7AE.jpg,Boletus,Boletus,True,0.9992101192474365,0.007977400000527268,MobileNetV2_Pretrained,test
data/processed/test\Boletus\1095_fb3O6d7sRfw.jpg,Boletus,Boletus,True,0.9894654750823975,0.0081054000002041,MobileNetV2_Pretrained,test
data/processed/test\Cortinarius\032_RaRNWCMOeJY.jpg,Cortinarius,Russula,False,0.7623199224472046,0.009025600000313716,MobileNetV2_Pretrained,test
data/processed/test\Cortinarius\034_uFEs0KR55hA.jpg,Cortinarius,Cortinarius,True,0.5412229895591736,0.00839069999892672,MobileNetV2_Pretrained,test
data/processed/test\Cortinarius\047_a4t7zntIs3E.jpg,Cortinarius,Cortinarius,True,0.5528489947319031,0.007915300000604475,MobileNetV2_Pretrained,test
data/processed/test\Cortinarius\051_BcBgKIXkPFY.jpg,Cortinarius,Cortinarius,True,0.7436826825141907,0.007820500000889297,MobileNetV2_Pretrained,test
data/processed/test\Cortinarius\062_lU35GQ80D6k.jpg,Cortinarius,Exidia,False,0.2799278497695923,0.007854100000258768,MobileNetV2_Pretrained,test
data/processed/test\Cortinarius\068_eKtLmKWRhYQ.jpg,Cortinarius,Cortinarius,True,0.3561217784881592,0.008622200000900193,MobileNetV2_Pretrained,test
data/processed/test\Cortinarius\074_QZm5I2faj7M.jpg,Cortinarius,Cortinarius,True,0.5563176870346069,0.007611300001372001,MobileNetV2_Pretrained,test
data/processed/test\Cortinarius\082_igjSlbVXbAs.jpg,Cortinarius,Cortinarius,True,0.5944811105728149,0.008556799999496434,MobileNetV2_Pretrained,test
data/processed/test\Cortinarius\083_Fx67B3DmN3Y.jpg,Cortinarius,Inocybe,False,0.4216139316558838,0.007997999999133754,MobileNetV2_Pretrained,test
data/processed/test\Cortinarius\089_pSC0tp3Vin8.jpg,Cortinarius,Boletus,False,0.6987239122390747,0.0070161999992706114,MobileNetV2_Pretrained,test
data/processed/test\Cortinarius\092_TIq_EZUYHvE.jpg,Cortinarius,Cortinarius,True,0.870834469795227,0.006908600000315346,MobileNetV2_Pretrained,test
data/processed/test\Cortinarius\098_9sdVyNK9pSI.jpg,Cortinarius,Hygrocybe,False,0.31461000442504883,0.00724159999845142,MobileNetV2_Pretrained,test
data/processed/test\Cortinarius\106_zDyFzio3OcI.jpg,Cortinarius,Cortinarius,True,0.573244035243988,0.006980000000112341,MobileNetV2_Pretrained,test
data/processed/test\Cortinarius\120_6i3qL8_7_cU.jpg,Cortinarius,Inocybe,False,0.23985378444194794,0.008833899999444839,MobileNetV2_Pretrained,test
data/processed/test\Cortinarius\139_Sa-XUtLlV4s.jpg,Cortinarius,Cortinarius,True,0.7030032277107239,0.007929299999887007,MobileNetV2_Pretrained,test
data/processed/test\Cortinarius\142_UT29eeWW32A.jpg,Cortinarius,Lactarius,False,0.4367159605026245,0.007434200000716373,MobileNetV2_Pretrained,test
data/processed/test\Cortinarius\143_SrOlFvP1n9w.jpg,Cortinarius,Exidia,False,0.6011263132095337,0.007595900000524125,MobileNetV2_Pretrained,test
data/processed/test\Cortinarius\146_N9FJKoJghDQ.jpg,Cortinarius,Lactarius,False,0.3625372648239136,0.006833100000221748,MobileNetV2_Pretrained,test
data/processed/test\Cortinarius\147_gh5SUGxwpmg.jpg,Cortinarius,Cortinarius,True,0.38620704412460327,0.007544100000814069,MobileNetV2_Pretrained,test
data/processed/test\Cortinarius\148_NRYh_CNOe0Q.jpg,Cortinarius,Cortinarius,True,0.6713307499885559,0.008689300000696676,MobileNetV2_Pretrained,test
data/processed/test\Cortinarius\162_vx8DyMaDNbY.jpg,Cortinarius,Boletus,False,0.6433991193771362,0.008567099999709171,MobileNetV2_Pretrained,test
data/processed/test\Cortinarius\172_RQpuklei93E.jpg,Cortinarius,Russula,False,0.8073915243148804,0.007451299999956973,MobileNetV2_Pretrained,test
data/processed/test\Cortinarius\173_OBw2ytszKxo.jpg,Cortinarius,Entoloma,False,0.44681796431541443,0.006887899999128422,MobileNetV2_Pretrained,test
data/processed/test\Cortinarius\178_xHtAXzZPN-s.jpg,Cortinarius,Cortinarius,True,0.8081656098365784,0.012391799999022624,MobileNetV2_Pretrained,test
data/processed/test\Cortinarius\182_kJh0aAaK590.jpg,Cortinarius,Cortinarius,True,0.3215636610984802,0.009466499999689404,MobileNetV2_Pretrained,test
data/processed/test\Cortinarius\185_OXwIsNfGrwY.jpg,Cortinarius,Cortinarius,True,0.4409782290458679,0.007907100000011269,MobileNetV2_Pretrained,test
data/processed/test\Cortinarius\192_TskFa7fOkRc.jpg,Cortinarius,Russula,False,0.5276734232902527,0.006811799999923096,MobileNetV2_Pretrained,test
data/processed/test\Cortinarius\195_lD8h4PCMaUY.jpg,Cortinarius,Cortinarius,True,0.6008720993995667,0.007862100001148065,MobileNetV2_Pretrained,test
data/processed/test\Cortinarius\207_zmoZZTV0lLI.jpg,Cortinarius,Inocybe,False,0.3555665910243988,0.013416799998594797,MobileNetV2_Pretrained,test
data/processed/test\Cortinarius\224_mLlKvEsrEcA.jpg,Cortinarius,Cortinarius,True,0.6774486303329468,0.007448300000760355,MobileNetV2_Pretrained,test
data/processed/test\Cortinarius\232_jKdR7Qgq_BY.jpg,Cortinarius,Cortinarius,True,0.48889487981796265,0.008962199999587028,MobileNetV2_Pretrained,test
data/processed/test\Cortinarius\240_aJldHbs2JsE.jpg,Cortinarius,Cortinarius,True,0.7509823441505432,0.007048600000416627,MobileNetV2_Pretrained,test
data/processed/test\Cortinarius\256_TpoM3eWkf6g.jpg,Cortinarius,Russula,False,0.44654905796051025,0.006953399999474641,MobileNetV2_Pretrained,test
data/processed/test\Cortinarius\274_RW-zkr4BQmM.jpg,Cortinarius,Cortinarius,True,0.6078292727470398,0.007016999999905238,MobileNetV2_Pretrained,test
data/processed/test\Cortinarius\277_2vcjLHvzssg.jpg,Cortinarius,Suillus,False,0.3943820893764496,0.006931399999302812,MobileNetV2_Pretrained,test
data/processed/test\Cortinarius\285_ALSLuAGLn64.jpg,Cortinarius,Cortinarius,True,0.5161154270172119,0.0076510999988386175,MobileNetV2_Pretrained,test
data/processed/test\Cortinarius\301_BY2YjnDmmdc.jpg,Cortinarius,Amanita,False,0.6282075643539429,0.0071380000008502975,MobileNetV2_Pretrained,test
data/processed/test\Cortinarius\312_Kv_3xHcyVUE.jpg,Cortinarius,Lactarius,False,0.3881045877933502,0.006992699998590979,MobileNetV2_Pretrained,test
data/processed/test\Cortinarius\321_EgWJ7bpjCxM.jpg,Cortinarius,Lactarius,False,0.27832454442977905,0.009258599999157013,MobileNetV2_Pretrained,test
data/processed/test\Cortinarius\328_qxWZEmWaodk.jpg,Cortinarius,Inocybe,False,0.27625247836112976,0.007895000000644359,MobileNetV2_Pretrained,test
data/processed/test\Cortinarius\337_ohrbRKjnZkA.jpg,Cortinarius,Cortinarius,True,0.7344275712966919,0.007297800000742427,MobileNetV2_Pretrained,test
data/processed/test\Cortinarius\342_3kBE30sLBPk.jpg,Cortinarius,Cortinarius,True,0.4200153648853302,0.007047799999782001,MobileNetV2_Pretrained,test
data/processed/test\Cortinarius\343_YY4qxL--3lE.jpg,Cortinarius,Cortinarius,True,0.7556983828544617,0.0069447999994736165,MobileNetV2_Pretrained,test
data/processed/test\Cortinarius\344_AKEJiWrKVfA.jpg,Cortinarius,Cortinarius,True,0.24868658185005188,0.006527300000016112,MobileNetV2_Pretrained,test
data/processed/test\Cortinarius\349_BG4jbNRDzCI.jpg,Cortinarius,Cortinarius,True,0.7167091965675354,0.009710399999676156,MobileNetV2_Pretrained,test
data/processed/test\Cortinarius\353_qyVEsJs6eu8.jpg,Cortinarius,Cortinarius,True,0.7790989875793457,0.007036799999696086,MobileNetV2_Pretrained,test
data/processed/test\Cortinarius\358_L8mvKvlrYDA.jpg,Cortinarius,Cortinarius,True,0.7812278866767883,0.008004100000107428,MobileNetV2_Pretrained,test
data/processed/test\Cortinarius\360_QL0VQlt8Ke0.jpg,Cortinarius,Cortinarius,True,0.9043948650360107,0.00803520000044955,MobileNetV2_Pretrained,test
data/processed/test\Cortinarius\364_Xsj2f0KiCAk.jpg,Cortinarius,Lactarius,False,0.7557718753814697,0.007264100000611506,MobileNetV2_Pretrained,test
data/processed/test\Cortinarius\381_IHHdqt43Ivk.jpg,Cortinarius,Cortinarius,True,0.6228005290031433,0.007026799999948707,MobileNetV2_Pretrained,test
data/processed/test\Cortinarius\384_NCKsip2esZ4.jpg,Cortinarius,Cortinarius,True,0.7137880921363831,0.00724620000073628,MobileNetV2_Pretrained,test
data/processed/test\Cortinarius\388_JTEy9_rTlno.jpg,Cortinarius,Lactarius,False,0.46224716305732727,0.0069512000009126496,MobileNetV2_Pretrained,test
data/processed/test\Cortinarius\389_D8kTQu4sbro.jpg,Cortinarius,Lactarius,False,0.7122806310653687,0.006959199999982957,MobileNetV2_Pretrained,test
data/processed/test\Cortinarius\390_iQUMBiY-0qs.jpg,Cortinarius,Cortinarius,True,0.7748681306838989,0.007096100000126171,MobileNetV2_Pretrained,test
data/processed/test\Cortinarius\418_YUu8Eth7vC0.jpg,Cortinarius,Lactarius,False,0.37996384501457214,0.007483299999876181,MobileNetV2_Pretrained,test
data/processed/test\Cortinarius\448_uo51r2lHNAw.jpg,Cortinarius,Cortinarius,True,0.939509928226471,0.0076551000001927605,MobileNetV2_Pretrained,test
data/processed/test\Cortinarius\449_VlvWf0y620o.jpg,Cortinarius,Lactarius,False,0.5154713988304138,0.00683019999996759,MobileNetV2_Pretrained,test
data/processed/test\Cortinarius\456_KDbq8QQJpF8.jpg,Cortinarius,Cortinarius,True,0.5750716924667358,0.007713099999818951,MobileNetV2_Pretrained,test
data/processed/test\Cortinarius\460_-PS3Pqhfj28.jpg,Cortinarius,Boletus,False,0.6803540587425232,0.007506199999625096,MobileNetV2_Pretrained,test
data/processed/test\Cortinarius\461_FcGRZ9NIyZM.jpg,Cortinarius,Cortinarius,True,0.6697015762329102,0.007435400000758818,MobileNetV2_Pretrained,test
data/processed/test\Cortinarius\466_M2i1qdSiRz4.jpg,Cortinarius,Cortinarius,True,0.4410327970981598,0.007670299999517738,MobileNetV2_Pretrained,test
data/processed/test\Cortinarius\467_LUja4xjFPG8.jpg,Cortinarius,Entoloma,False,0.5092196464538574,0.006944599999769707,MobileNetV2_Pretrained,test
data/processed/test\Cortinarius\488_UhQdy3jXkc0.jpg,Cortinarius,Lactarius,False,0.48315635323524475,0.009518999999272637,MobileNetV2_Pretrained,test
data/processed/test\Cortinarius\496_KX8TxkeLLa4.jpg,Cortinarius,Inocybe,False,0.44709494709968567,0.012309700001424062,MobileNetV2_Pretrained,test
data/processed/test\Cortinarius\509_M0Gd8axTrw4.jpg,Cortinarius,Russula,False,0.6849921345710754,0.00695830000040587,MobileNetV2_Pretrained,test
data/processed/test\Cortinarius\514_tv4keuWfvWE.jpg,Cortinarius,Cortinarius,True,0.4616234302520752,0.007129199999326374,MobileNetV2_Pretrained,test
data/processed/test\Cortinarius\530_sEUUp5boweI.jpg,Cortinarius,Cortinarius,True,0.5632835030555725,0.006842599999799859,MobileNetV2_Pretrained,test
data/processed/test\Cortinarius\532_oIJibw1tz4Y.jpg,Cortinarius,Cortinarius,True,0.6506437659263611,0.007379999999102438,MobileNetV2_Pretrained,test
data/processed/test\Cortinarius\533_pNuBhaHhEmU.jpg,Cortinarius,Cortinarius,True,0.8645504117012024,0.007126099999368307,MobileNetV2_Pretrained,test
data/processed/test\Cortinarius\547_fKznDHbWCkk.jpg,Cortinarius,Lactarius,False,0.41961124539375305,0.008019699998840224,MobileNetV2_Pretrained,test
data/processed/test\Cortinarius\551_APFbJ2vPcGw.jpg,Cortinarius,Inocybe,False,0.47693735361099243,0.007908899999165442,MobileNetV2_Pretrained,test
data/processed/test\Cortinarius\552_z4MK9UiOMoc.jpg,Cortinarius,Cortinarius,True,0.8208654522895813,0.006946699999389239,MobileNetV2_Pretrained,test
data/processed/test\Cortinarius\567_6O0QVMS6LE4.jpg,Cortinarius,Suillus,False,0.4756172001361847,0.007057799999529379,MobileNetV2_Pretrained,test
data/processed/test\Cortinarius\574_xXwqpgn5Fls.jpg,Cortinarius,Cortinarius,True,0.45093321800231934,0.0069769999990967335,MobileNetV2_Pretrained,test
data/processed/test\Cortinarius\589_rgxUeggTwRk.jpg,Cortinarius,Cortinarius,True,0.3374935984611511,0.006940600000234554,MobileNetV2_Pretrained,test
data/processed/test\Cortinarius\592_ZR3yzj9H31I.jpg,Cortinarius,Cortinarius,True,0.4322110414505005,0.0073815999985527014,MobileNetV2_Pretrained,test
data/processed/test\Cortinarius\593_VEBcqScsSLw.jpg,Cortinarius,Lactarius,False,0.7994282245635986,0.006928599999810103,MobileNetV2_Pretrained,test
data/processed/test\Cortinarius\595_DUgPrK3WFJ0.jpg,Cortinarius,Lactarius,False,0.6015667915344238,0.006851600001027691,MobileNetV2_Pretrained,test
data/processed/test\Cortinarius\604_55_Sj5HXI6U.jpg,Cortinarius,Cortinarius,True,0.9408668279647827,0.01325610000094457,MobileNetV2_Pretrained,test
data/processed/test\Cortinarius\613_RZSh0QPwcnw.jpg,Cortinarius,Cortinarius,True,0.7788103222846985,0.007720100000369712,MobileNetV2_Pretrained,test
data/processed/test\Cortinarius\627_JqtzXHRtbPY.jpg,Cortinarius,Agaricus,False,0.3130446672439575,0.007598299998790026,MobileNetV2_Pretrained,test
data/processed/test\Cortinarius\634_3P_z4FJuvrc.jpg,Cortinarius,Hygrocybe,False,0.7526647448539734,0.007004799999776878,MobileNetV2_Pretrained,test
data/processed/test\Cortinarius\648_rFy8BK5tQS4.jpg,Cortinarius,Cortinarius,True,0.3064897358417511,0.006895700000313809,MobileNetV2_Pretrained,test
data/processed/test\Cortinarius\651_YsGS-o5hPUk.jpg,Cortinarius,Cortinarius,True,0.409805029630661,0.007595299999593408,MobileNetV2_Pretrained,test
data/processed/test\Cortinarius\660_qqPWIG-_atg.jpg,Cortinarius,Lactarius,False,0.4788118898868561,0.008101199999146047,MobileNetV2_Pretrained,test
data/processed/test\Cortinarius\663_vqeZWWsm7AU.jpg,Cortinarius,Cortinarius,True,0.4675801694393158,0.007357200000114972,MobileNetV2_Pretrained,test
data/processed/test\Cortinarius\665_CnMbFwJ4A3g.jpg,Cortinarius,Lactarius,False,0.7191125154495239,0.011780700000599609,MobileNetV2_Pretrained,test
data/processed/test\Cortinarius\670_VEDFNxOmJjk.jpg,Cortinarius,Cortinarius,True,0.6149628758430481,0.007619499998327228,MobileNetV2_Pretrained,test
data/processed/test\Cortinarius\677_jZl6bME7gYc.jpg,Cortinarius,Boletus,False,0.36425089836120605,0.007161599998653401,MobileNetV2_Pretrained,test
data/processed/test\Cortinarius\684_4Yz2wW3J4Vs.jpg,Cortinarius,Cortinarius,True,0.5640956163406372,0.006835799998953007,MobileNetV2_Pretrained,test
data/processed/test\Cortinarius\698_hDYmajbNTyc.jpg,Cortinarius,Lactarius,False,0.5265629291534424,0.006982099999731872,MobileNetV2_Pretrained,test
data/processed/test\Cortinarius\700_T0ARJ9bwVM0.jpg,Cortinarius,Lactarius,False,0.7051151990890503,0.008310200000778423,MobileNetV2_Pretrained,test
data/processed/test\Cortinarius\706_neOW0Q7auww.jpg,Cortinarius,Cortinarius,True,0.7808161973953247,0.009798600000067381,MobileNetV2_Pretrained,test
data/processed/test\Cortinarius\710_9SgH3X4RwDc.jpg,Cortinarius,Cortinarius,True,0.9164189696311951,0.008995900001536938,MobileNetV2_Pretrained,test
data/processed/test\Cortinarius\713_0K-WK89enpQ.jpg,Cortinarius,Cortinarius,True,0.8586366772651672,0.006748400001015398,MobileNetV2_Pretrained,test
data/processed/test\Cortinarius\722_hYmaZTUMKvM.jpg,Cortinarius,Cortinarius,True,0.7005223631858826,0.0090513999984978,MobileNetV2_Pretrained,test
data/processed/test\Cortinarius\723_z2zuRWlePHw.jpg,Cortinarius,Cortinarius,True,0.7753128409385681,0.007486200000130339,MobileNetV2_Pretrained,test
data/processed/test\Cortinarius\726_SPq8J7DiHAU.jpg,Cortinarius,Cortinarius,True,0.42474067211151123,0.00708660000054806,MobileNetV2_Pretrained,test
data/processed/test\Cortinarius\734_gSi3maWDcms.jpg,Cortinarius,Russula,False,0.40280377864837646,0.007041499999104417,MobileNetV2_Pretrained,test
data/processed/test\Cortinarius\739_1fnqQJpMA1w.jpg,Cortinarius,Suillus,False,0.3722992539405823,0.008907600000384264,MobileNetV2_Pretrained,test
data/processed/test\Cortinarius\740_6uQUZGPJDtc.jpg,Cortinarius,Lactarius,False,0.3763987720012665,0.008283900000606081,MobileNetV2_Pretrained,test
data/processed/test\Cortinarius\741_I2jWMQKljH8.jpg,Cortinarius,Amanita,False,0.4656408727169037,0.008718300001419266,MobileNetV2_Pretrained,test
data/processed/test\Cortinarius\743_x_gCsSdhOPU.jpg,Cortinarius,Inocybe,False,0.3098348379135132,0.008275800000774325,MobileNetV2_Pretrained,test
data/processed/test\Cortinarius\754_pGoceyCfMP8.jpg,Cortinarius,Lactarius,False,0.48929986357688904,0.007110300000931602,MobileNetV2_Pretrained,test
data/processed/test\Cortinarius\766_vIHHxNTloEA.jpg,Cortinarius,Russula,False,0.43101412057876587,0.0081317999993189,MobileNetV2_Pretrained,test
data/processed/test\Cortinarius\791_2-YR9WlEhSA.jpg,Cortinarius,Cortinarius,True,0.5350407361984253,0.007051000000501517,MobileNetV2_Pretrained,test
data/processed/test\Cortinarius\796_738i150K_pQ.jpg,Cortinarius,Cortinarius,True,0.43493154644966125,0.00737459999982093,MobileNetV2_Pretrained,test
data/processed/test\Cortinarius\800_DyXP5vXb0mQ.jpg,Cortinarius,Cortinarius,True,0.440388023853302,0.006792000000132248,MobileNetV2_Pretrained,test
data/processed/test\Cortinarius\819_ELx6VT8tmKM.jpg,Cortinarius,Russula,False,0.4420359432697296,0.007885400000304799,MobileNetV2_Pretrained,test
data/processed/test\Cortinarius\825_nn-gRPOKNNQ.jpg,Cortinarius,Cortinarius,True,0.3720993399620056,0.007405800000924501,MobileNetV2_Pretrained,test
data/processed/test\Cortinarius\835_znWNJNTUlcg.jpg,Cortinarius,Cortinarius,True,0.4612544775009155,0.007416200000079698,MobileNetV2_Pretrained,test
data/processed/test\Cortinarius\838_phOn4HpRGFU.jpg,Cortinarius,Cortinarius,True,0.9684736728668213,0.007027199999356526,MobileNetV2_Pretrained,test
data/processed/test\Cortinarius\839_QCI2KoxuEus.jpg,Cortinarius,Cortinarius,True,0.5149521231651306,0.006966400000237627,MobileNetV2_Pretrained,test
data/processed/test\Cortinarius\880_2blQSwj_qqg.jpg,Cortinarius,Amanita,False,0.40593037009239197,0.007770300000629504,MobileNetV2_Pretrained,test
data/processed/test\Cortinarius\896_zisCBTibqYs.jpg,Cortinarius,Cortinarius,True,0.4420837461948395,0.006894599999213824,MobileNetV2_Pretrained,test
data/processed/test\Cortinarius\897_K54fKEI54-0.jpg,Cortinarius,Cortinarius,True,0.829047441482544,0.007130699999834178,MobileNetV2_Pretrained,test
data/processed/test\Cortinarius\909_6AiLKcfk2jI.jpg,Cortinarius,Lactarius,False,0.535939633846283,0.007044099998893216,MobileNetV2_Pretrained,test
data/processed/test\Cortinarius\910_q20nsdIX9Zo.jpg,Cortinarius,Cortinarius,True,0.3676760792732239,0.007308700000066892,MobileNetV2_Pretrained,test
data/processed/test\Cortinarius\918_LWJyWIIRFwE.jpg,Cortinarius,Cortinarius,True,0.6831777095794678,0.0070744999993621605,MobileNetV2_Pretrained,test
data/processed/test\Cortinarius\927_MThMyEFu3p4.jpg,Cortinarius,Cortinarius,True,0.42443105578422546,0.007758499999908963,MobileNetV2_Pretrained,test
data/processed/test\Cortinarius\930_rg7s0lc2xZ4.jpg,Cortinarius,Cortinarius,True,0.5698900818824768,0.0068774999999732245,MobileNetV2_Pretrained,test
data/processed/test\Cortinarius\932_wke3BS09elk.jpg,Cortinarius,Cortinarius,True,0.5368338823318481,0.007659199998670374,MobileNetV2_Pretrained,test
data/processed/test\Cortinarius\933_9KMU6_nR5hY.jpg,Cortinarius,Cortinarius,True,0.36378705501556396,0.006800500001190812,MobileNetV2_Pretrained,test
data/processed/test\Cortinarius\938_c0WgxVOt3ug.jpg,Cortinarius,Lactarius,False,0.42645469307899475,0.007485300000553252,MobileNetV2_Pretrained,test
data/processed/test\Cortinarius\949_8OyiXJnNar8.jpg,Cortinarius,Russula,False,0.3887353241443634,0.007309499998882529,MobileNetV2_Pretrained,test
data/processed/test\Cortinarius\950_HDskNFXm9xc.jpg,Cortinarius,Cortinarius,True,0.5964903831481934,0.006940599998415564,MobileNetV2_Pretrained,test
data/processed/test\Entoloma\008_AZvp1cwweLk.jpg,Entoloma,Lactarius,False,0.3595782220363617,0.007005800000115414,MobileNetV2_Pretrained,test
data/processed/test\Entoloma\015_HkVmyyuf6D4.jpg,Entoloma,Entoloma,True,0.780017077922821,0.007337300001381664,MobileNetV2_Pretrained,test
data/processed/test\Entoloma\016_ARE6YaRXCgc.jpg,Entoloma,Entoloma,True,0.4806607663631439,0.007046800001262454,MobileNetV2_Pretrained,test
data/processed/test\Entoloma\024_bN9lzk7miXk.jpg,Entoloma,Inocybe,False,0.39536404609680176,0.006845399999292567,MobileNetV2_Pretrained,test
data/processed/test\Entoloma\028_ep6xNTtGRbM.jpg,Entoloma,Entoloma,True,0.3618341386318207,0.006932199999937438,MobileNetV2_Pretrained,test
data/processed/test\Entoloma\040_AaS7qJWOhTY.jpg,Entoloma,Entoloma,True,0.5518754720687866,0.0071470000002591405,MobileNetV2_Pretrained,test
data/processed/test\Entoloma\041_8TLv6hZ7PQg.jpg,Entoloma,Entoloma,True,0.535815417766571,0.013409799999863026,MobileNetV2_Pretrained,test
data/processed/test\Entoloma\043_HA9oR2t5gx4.jpg,Entoloma,Inocybe,False,0.2487909495830536,0.0076355000001058215,MobileNetV2_Pretrained,test
data/processed/test\Entoloma\053_pGhgq2L9_f8.jpg,Entoloma,Entoloma,True,0.6211525797843933,0.009074899999177433,MobileNetV2_Pretrained,test
data/processed/test\Entoloma\075_6zFJxFd4PFI.jpg,Entoloma,Entoloma,True,0.9464460611343384,0.00802540000040608,MobileNetV2_Pretrained,test
data/processed/test\Entoloma\077_MiiSt18mhFg.jpg,Entoloma,Lactarius,False,0.308183491230011,0.0071654000003036344,MobileNetV2_Pretrained,test
data/processed/test\Entoloma\087_B8cy4l0fVCM.jpg,Entoloma,Entoloma,True,0.8728141188621521,0.00758260000111477,MobileNetV2_Pretrained,test
data/processed/test\Entoloma\095_sc5K2sdc95k.jpg,Entoloma,Entoloma,True,0.8061876893043518,0.011803600000348524,MobileNetV2_Pretrained,test
data/processed/test\Entoloma\100_DOEuA90u0n4.jpg,Entoloma,Entoloma,True,0.6327831149101257,0.007597499999974389,MobileNetV2_Pretrained,test
data/processed/test\Entoloma\112_tZybBnWnquU.jpg,Entoloma,Entoloma,True,0.7514207363128662,0.007518799999161274,MobileNetV2_Pretrained,test
data/processed/test\Entoloma\114_hVYv8T9rAdI.jpg,Entoloma,Russula,False,0.44023993611335754,0.008264099998996244,MobileNetV2_Pretrained,test
data/processed/test\Entoloma\123_N1nBNk8zowc.jpg,Entoloma,Lactarius,False,0.3803924322128296,0.008745099999941885,MobileNetV2_Pretrained,test
data/processed/test\Entoloma\124_NgFCwyrvUBU.jpg,Entoloma,Boletus,False,0.3114222586154938,0.007593000000269967,MobileNetV2_Pretrained,test
data/processed/test\Entoloma\125_H6KQJubz60Q.jpg,Entoloma,Amanita,False,0.3620460331439972,0.008120299999063718,MobileNetV2_Pretrained,test
data/processed/test\Entoloma\137_2wOQqIdze_Y.jpg,Entoloma,Inocybe,False,0.628883957862854,0.007629600000655046,MobileNetV2_Pretrained,test
data/processed/test\Entoloma\154_HDT_he4bSpA.jpg,Entoloma,Entoloma,True,0.9368852376937866,0.007646699999895645,MobileNetV2_Pretrained,test
data/processed/test\Entoloma\155_ab4GU9GVNl0.jpg,Entoloma,Entoloma,True,0.8795876502990723,0.007615400001668604,MobileNetV2_Pretrained,test
data/processed/test\Entoloma\159_gzyo4cu2SF0.jpg,Entoloma,Entoloma,True,0.7540730237960815,0.007370600000285776,MobileNetV2_Pretrained,test
data/processed/test\Entoloma\170_rgOUjNM_DM4.jpg,Entoloma,Entoloma,True,0.6421976089477539,0.0075294000016583595,MobileNetV2_Pretrained,test
data/processed/test\Entoloma\178_j9A_u3GorWg.jpg,Entoloma,Entoloma,True,0.22952474653720856,0.007255099999383674,MobileNetV2_Pretrained,test
data/processed/test\Entoloma\185_UK9hgsbXBR8.jpg,Entoloma,Inocybe,False,0.8207035660743713,0.006914200001119752,MobileNetV2_Pretrained,test
data/processed/test\Entoloma\187_m0UFCsyH-Bs.jpg,Entoloma,Entoloma,True,0.4326573312282562,0.006899799998791423,MobileNetV2_Pretrained,test
data/processed/test\Entoloma\192_Tf_A1Q4bdco.jpg,Entoloma,Lactarius,False,0.31692272424697876,0.006993099999817787,MobileNetV2_Pretrained,test
data/processed/test\Entoloma\195_tEj9VvcKoc8.jpg,Entoloma,Entoloma,True,0.7341073155403137,0.006880799999635201,MobileNetV2_Pretrained,test
data/processed/test\Entoloma\202_FQWDsaZPytk.jpg,Entoloma,Entoloma,True,0.46455344557762146,0.0069227999993017875,MobileNetV2_Pretrained,test
data/processed/test\Entoloma\213_xX7APSYep7c.jpg,Entoloma,Entoloma,True,0.6415545344352722,0.007172199999331497,MobileNetV2_Pretrained,test
data/processed/test\Entoloma\217_MQnUltdhEsM.jpg,Entoloma,Entoloma,True,0.3514103889465332,0.007025599999906262,MobileNetV2_Pretrained,test
data/processed/test\Entoloma\221_aU7_BswojlM.jpg,Entoloma,Russula,False,0.6929295659065247,0.007062700000460609,MobileNetV2_Pretrained,test
data/processed/test\Entoloma\225_3YNITN-NtWM.jpg,Entoloma,Boletus,False,0.28775304555892944,0.0070756999994046055,MobileNetV2_Pretrained,test
data/processed/test\Entoloma\244_5qYibVwYigY.jpg,Entoloma,Lactarius,False,0.23249347507953644,0.007412700000713812,MobileNetV2_Pretrained,test
data/processed/test\Entoloma\247_ABBDuWCbqT0.jpg,Entoloma,Entoloma,True,0.3753390312194824,0.007230499999423046,MobileNetV2_Pretrained,test
data/processed/test\Entoloma\254_iO4rO5rmxLg.jpg,Entoloma,Cortinarius,False,0.42839062213897705,0.007876800000303774,MobileNetV2_Pretrained,test
data/processed/test\Entoloma\269_YSsglwYAx0A.jpg,Entoloma,Entoloma,True,0.5286757946014404,0.007124399999156594,MobileNetV2_Pretrained,test
data/processed/test\Entoloma\278_1UQ2eou4aVA.jpg,Entoloma,Cortinarius,False,0.25517117977142334,0.007239900000058697,MobileNetV2_Pretrained,test
data/processed/test\Entoloma\283_eWPMK-in8bA.jpg,Entoloma,Cortinarius,False,0.5268568396568298,0.007292700000107288,MobileNetV2_Pretrained,test
data/processed/test\Entoloma\307_bs3Q880w3uI.jpg,Entoloma,Entoloma,True,0.35659804940223694,0.007918699999208911,MobileNetV2_Pretrained,test
data/processed/test\Entoloma\309_QMD8y_m-X9w.jpg,Entoloma,Entoloma,True,0.9696471095085144,0.008019300001251395,MobileNetV2_Pretrained,test
data/processed/test\Entoloma\315_x2hPqvpEIm4.jpg,Entoloma,Lactarius,False,0.5665245056152344,0.007204200001069694,MobileNetV2_Pretrained,test
data/processed/test\Entoloma\321_GSSvivRkKSs.jpg,Entoloma,Entoloma,True,0.33303654193878174,0.006864200000563869,MobileNetV2_Pretrained,test
data/processed/test\Entoloma\323_T1uKKhFKYQo.jpg,Entoloma,Russula,False,0.3070824444293976,0.006942699999854085,MobileNetV2_Pretrained,test
data/processed/test\Entoloma\333_1jBot7MZWes.jpg,Entoloma,Entoloma,True,0.4495871663093567,0.007959000000482774,MobileNetV2_Pretrained,test
data/processed/test\Entoloma\337_CtXrNI3Aodw.jpg,Entoloma,Lactarius,False,0.8530681133270264,0.006941999999980908,MobileNetV2_Pretrained,test
data/processed/test\Entoloma\344_uf0xKp6qwNQ.jpg,Entoloma,Entoloma,True,0.2739379405975342,0.007238499998493353,MobileNetV2_Pretrained,test
data/processed/test\Entoloma\349_PNzUfA1WO3M.jpg,Entoloma,Entoloma,True,0.3439173996448517,0.007410399999571382,MobileNetV2_Pretrained,test
data/processed/test\Entoloma\372_hriIdsNQgxI.jpg,Entoloma,Lactarius,False,0.4324488043785095,0.0074605999998311745,MobileNetV2_Pretrained,test
data/processed/test\Entoloma\380_OI9EjWusj9s.jpg,Entoloma,Entoloma,True,0.5664076209068298,0.007476300001144409,MobileNetV2_Pretrained,test
data/processed/test\Entoloma\389_-8kqVUZsNtU.jpg,Entoloma,Entoloma,True,0.2701572775840759,0.007325799999307492,MobileNetV2_Pretrained,test
data/processed/test\Entoloma\391_u6_VQ5BQ3RQ.jpg,Entoloma,Inocybe,False,0.5638520121574402,0.0068644000002677785,MobileNetV2_Pretrained,test
data/processed/test\Entoloma\394_I1aghwHRxKQ.jpg,Entoloma,Russula,False,0.2846890687942505,0.006928200000402285,MobileNetV2_Pretrained,test
data/processed/test\Entoloma\396_P8a-mnDratQ.jpg,Entoloma,Entoloma,True,0.7856642007827759,0.007597499999974389,MobileNetV2_Pretrained,test
data/processed/test\Entoloma\401_7lcXxESXcOc.jpg,Entoloma,Entoloma,True,0.5623874664306641,0.007777200000418816,MobileNetV2_Pretrained,test
data/processed/test\Exidia\APE2016-9184941_SkxjRjQbBe.jpg,Exidia,Exidia,True,0.931812047958374,0.007133200000680517,MobileNetV2_Pretrained,test
data/processed/test\Exidia\APE2017-9186106_r1lnuhbbvl.jpg,Exidia,Exidia,True,0.9726134538650513,0.007008799999312032,MobileNetV2_Pretrained,test
data/processed/test\Exidia\APE2017-9186594_S1gbav70Pg.jpg,Exidia,Exidia,True,0.7838966846466064,0.006772300001102849,MobileNetV2_Pretrained,test
data/processed/test\Exidia\BEC2017-9186082_Bk5dpkxvg.jpg,Exidia,Exidia,True,0.9985711574554443,0.00771809999969264,MobileNetV2_Pretrained,test
data/processed/test\Exidia\BEC2017-9186082_HkySBeewx.jpg,Exidia,Exidia,True,0.8658740520477295,0.009207299999616225,MobileNetV2_Pretrained,test
data/processed/test\Exidia\BT2015PIC69830748.jpg,Exidia,Exidia,True,0.6181294918060303,0.009132400000453345,MobileNetV2_Pretrained,test
data/processed/test\Exidia\BWP2010PIC21033449.jpg,Exidia,Russula,False,0.42555490136146545,0.00801550000142015,MobileNetV2_Pretrained,test
data/processed/test\Exidia\BWP2010PIC26179585.jpg,Exidia,Lactarius,False,0.5868278741836548,0.006998900000326103,MobileNetV2_Pretrained,test
data/processed/test\Exidia\BWP2010PIC63422920.jpg,Exidia,Lactarius,False,0.5868278741836548,0.007003599999734433,MobileNetV2_Pretrained,test
data/processed/test\Exidia\BWP2012PIC72778365.jpg,Exidia,Exidia,True,0.35205715894699097,0.006940999999642372,MobileNetV2_Pretrained,test
data/processed/test\Exidia\BWP2012PIC73866455.jpg,Exidia,Exidia,True,0.9082052707672119,0.007026499999483349,MobileNetV2_Pretrained,test
data/processed/test\Exidia\DI2017-9188574_Hk1cP3Tix.jpg,Exidia,Exidia,True,0.9892054796218872,0.006810400000176742,MobileNetV2_Pretrained,test
data/processed/test\Exidia\EAT2017-9188143_SkIXsq-ig.jpg,Exidia,Exidia,True,0.9060160517692566,0.006920400001035887,MobileNetV2_Pretrained,test
data/processed/test\Exidia\FA2009PIC34033903.jpg,Exidia,Exidia,True,0.9309477210044861,0.006966400000237627,MobileNetV2_Pretrained,test
data/processed/test\Exidia\FA2009PIC41674148.jpg,Exidia,Exidia,True,0.9974289536476135,0.0069631000005756505,MobileNetV2_Pretrained,test
data/processed/test\Exidia\FDE2014PIC40274346.jpg,Exidia,Exidia,True,0.9876365065574646,0.006923299999471055,MobileNetV2_Pretrained,test
data/processed/test\Exidia\FS2013PIC31639353.jpg,Exidia,Exidia,True,0.4647287130355835,0.00696090000019467,MobileNetV2_Pretrained,test
data/processed/test\Exidia\GLJ2012PIC77958863.jpg,Exidia,Exidia,True,0.9437490701675415,0.007999899999049376,MobileNetV2_Pretrained,test
data/processed/test\Exidia\HM2012PIC53684895.jpg,Exidia,Exidia,True,0.9539825320243835,0.008013900000150898,MobileNetV2_Pretrained,test
data/processed/test\Exidia\JAH2010PIC83850018.jpg,Exidia,Exidia,True,0.7741845846176147,0.0071833999991213204,MobileNetV2_Pretrained,test
data/processed/test\Exidia\JAH2011PIC50778683.jpg,Exidia,Exidia,True,0.9574460387229919,0.007505599998694379,MobileNetV2_Pretrained,test
data/processed/test\Exidia\JAH2012PIC31946080.jpg,Exidia,Exidia,True,0.9913617968559265,0.0077129999990575016,MobileNetV2_Pretrained,test
data/processed/test\Exidia\JAH2012PIC42360712.jpg,Exidia,Exidia,True,0.9789755940437317,0.007049499999993714,MobileNetV2_Pretrained,test
data/processed/test\Exidia\JAH2012PIC89993887.jpg,Exidia,Exidia,True,0.7726224064826965,0.0069936999989295145,MobileNetV2_Pretrained,test
data/processed/test\Exidia\JAJ2017-9185700_rkbkFjfUx.jpg,Exidia,Exidia,True,0.9127216935157776,0.006996600001002662,MobileNetV2_Pretrained,test
data/processed/test\Exidia\JC2016-9184056_Byw5hr_Qx.jpg,Exidia,Exidia,True,0.9811089634895325,0.006886799999847426,MobileNetV2_Pretrained,test
data/processed/test\Exidia\JCS2009PIC12309413.jpg,Exidia,Exidia,True,0.9803871512413025,0.0071470000002591405,MobileNetV2_Pretrained,test
data/processed/test\Exidia\JM2011PIC15975626.jpg,Exidia,Exidia,True,0.8995514512062073,0.007017699999778415,MobileNetV2_Pretrained,test
data/processed/test\Exidia\JM2012PIC10429941.jpg,Exidia,Exidia,True,0.9811027646064758,0.007177399998909095,MobileNetV2_Pretrained,test
data/processed/test\Exidia\JM2016-9182928_HydQkTeMe.jpg,Exidia,Exidia,True,0.995518684387207,0.007055900001432747,MobileNetV2_Pretrained,test
data/processed/test\Exidia\JMI2017-9225941_BkUTwno3Z.jpg,Exidia,Exidia,True,0.989357054233551,0.007069299999784562,MobileNetV2_Pretrained,test
data/processed/test\Exidia\JO2011PIC61426163.jpg,Exidia,Exidia,True,0.3536204993724823,0.007646900001418544,MobileNetV2_Pretrained,test
data/processed/test\Exidia\KMA2016-9182761_BJZkKzAWe.jpg,Exidia,Exidia,True,0.9801071882247925,0.00725859999874956,MobileNetV2_Pretrained,test
data/processed/test\Exidia\KNI2009PIC40725553.jpg,Exidia,Cortinarius,False,0.38738247752189636,0.006941900001038448,MobileNetV2_Pretrained,test
data/processed/test\Exidia\KNK2014PIC59831810.jpg,Exidia,Exidia,True,0.8070780634880066,0.007322199999180157,MobileNetV2_Pretrained,test
data/processed/test\Exidia\MC2017-9190790_r1lwUvc0e.jpg,Exidia,Exidia,True,0.9821116924285889,0.007717800001046271,MobileNetV2_Pretrained,test
data/processed/test\Exidia\MFC2016-9180603_HJlPfl0lxe.jpg,Exidia,Exidia,True,0.8654137849807739,0.007706699998379918,MobileNetV2_Pretrained,test
data/processed/test\Exidia\ML2009PIC13001963.jpg,Exidia,Exidia,True,0.4775254726409912,0.0075588999989122385,MobileNetV2_Pretrained,test
data/processed/test\Exidia\ML2011PIC18007945.jpg,Exidia,Exidia,True,0.48186957836151123,0.008398300000408199,MobileNetV2_Pretrained,test
data/processed/test\Exidia\ML2011PIC65179349.jpg,Exidia,Inocybe,False,0.3836583197116852,0.00848740000037651,MobileNetV2_Pretrained,test
data/processed/test\Exidia\MMN2010PIC69549468.jpg,Exidia,Exidia,True,0.508216142654419,0.006823700001405086,MobileNetV2_Pretrained,test
data/processed/test\Exidia\MMN2012PIC61631279.jpg,Exidia,Exidia,True,0.8379320502281189,0.006909399999130983,MobileNetV2_Pretrained,test
data/processed/test\Exidia\MSO2011PIC32526200.jpg,Exidia,Exidia,True,0.9956310987472534,0.007041599999865866,MobileNetV2_Pretrained,test
data/processed/test\Exidia\MSO2012PIC15916968.jpg,Exidia,Exidia,True,0.998097836971283,0.00706490000084159,MobileNetV2_Pretrained,test
data/processed/test\Exidia\MSO2014PIC66151749.jpg,Exidia,Exidia,True,0.9364105463027954,0.007834699999875738,MobileNetV2_Pretrained,test
data/processed/test\Exidia\MSO2015PIC74895293.jpg,Exidia,Exidia,True,0.6399796605110168,0.007238300000608433,MobileNetV2_Pretrained,test
data/processed/test\Exidia\MSO2016PIC23090222.jpg,Exidia,Exidia,True,0.8579667806625366,0.007784899999023764,MobileNetV2_Pretrained,test
data/processed/test\Exidia\NHE2016-9180599_Byki66lel.jpg,Exidia,Exidia,True,0.973025918006897,0.009537099998851772,MobileNetV2_Pretrained,test
data/processed/test\Exidia\NVM2013PIC42485487.jpg,Exidia,Exidia,True,0.9888938069343567,0.00682539999979781,MobileNetV2_Pretrained,test
data/processed/test\Exidia\RSS2017-9188091_H1ey3FQyoe.jpg,Exidia,Exidia,True,0.9129730463027954,0.006939200000488199,MobileNetV2_Pretrained,test
data/processed/test\Exidia\TAK2013PIC32572675.jpg,Exidia,Exidia,True,0.9552451968193054,0.007228700000268873,MobileNetV2_Pretrained,test
data/processed/test\Exidia\TIL2017-9190084_BJQTBLw6px.jpg,Exidia,Exidia,True,0.8329780697822571,0.007856500000343658,MobileNetV2_Pretrained,test
data/processed/test\Exidia\TKH2012PIC10624779.jpg,Exidia,Lactarius,False,0.4486832022666931,0.007059099998514284,MobileNetV2_Pretrained,test
data/processed/test\Exidia\TKH2013PIC59849237.jpg,Exidia,Exidia,True,0.953027069568634,0.007019300001047668,MobileNetV2_Pretrained,test
data/processed/test\Exidia\TKH2015PIC23528165.jpg,Exidia,Inocybe,False,0.38012611865997314,0.006755099999281811,MobileNetV2_Pretrained,test
data/processed/test\Exidia\TL2015PIC58388718.jpg,Exidia,Exidia,True,0.9918075203895569,0.007047600000078091,MobileNetV2_Pretrained,test
data/processed/test\Exidia\TL2015PIC80481245.jpg,Exidia,Exidia,True,0.9992109537124634,0.008081899999524467,MobileNetV2_Pretrained,test
data/processed/test\Exidia\TL2016-9182730_HykuO06Zg.jpg,Exidia,Exidia,True,0.8574841618537903,0.008111200000712415,MobileNetV2_Pretrained,test
data/processed/test\Exidia\TOB2015PIC38267487.jpg,Exidia,Exidia,True,0.9690219759941101,0.007535299999290146,MobileNetV2_Pretrained,test
data/processed/test\Exidia\TOB2016-9184524_S10gErNNl.jpg,Exidia,Exidia,True,0.9564588665962219,0.007407000000966946,MobileNetV2_Pretrained,test
data/processed/test\Exidia\TS2010PIC71382964.jpg,Exidia,Exidia,True,0.9036136865615845,0.0077158000003691996,MobileNetV2_Pretrained,test
data/processed/test\Exidia\TS2013PIC55827351.jpg,Exidia,Amanita,False,0.42255914211273193,0.00753900000017893,MobileNetV2_Pretrained,test
data/processed/test\Exidia\TS2016PIC29053644.jpg,Exidia,Exidia,True,0.9928584098815918,0.006723400001646951,MobileNetV2_Pretrained,test
data/processed/test\Exidia\TS2016PIC39839225.jpg,Exidia,Inocybe,False,0.3642342984676361,0.007629399999132147,MobileNetV2_Pretrained,test
data/processed/test\Exidia\UFN2017-9192300_S1ZikyZeW.jpg,Exidia,Exidia,True,0.9922114610671997,0.007524499998908141,MobileNetV2_Pretrained,test
data/processed/test\Exidia\UFN2017-9192376_BkicKxmgb.jpg,Exidia,Exidia,True,0.9893681406974792,0.00756089999958931,MobileNetV2_Pretrained,test
data/processed/test\Hygrocybe\000_ZNTZP3tXkz8.jpg,Hygrocybe,Hygrocybe,True,0.9447563886642456,0.007006400001046131,MobileNetV2_Pretrained,test
data/processed/test\Hygrocybe\003_r_0kZgNW3Tc.jpg,Hygrocybe,Hygrocybe,True,0.9654515981674194,0.006925599998794496,MobileNetV2_Pretrained,test
data/processed/test\Hygrocybe\004_uURYojZQbjQ.jpg,Hygrocybe,Hygrocybe,True,0.7124664783477783,0.007076300000335323,MobileNetV2_Pretrained,test
data/processed/test\Hygrocybe\012_LItejlRJ918.jpg,Hygrocybe,Hygrocybe,True,0.6974309086799622,0.006993500001044595,MobileNetV2_Pretrained,test
data/processed/test\Hygrocybe\022_NycgOWqKPEA.jpg,Hygrocybe,Hygrocybe,True,0.37933358550071716,0.006952100000489736,MobileNetV2_Pretrained,test
data/processed/test\Hygrocybe\030_AQ4o1Xm4AL0.jpg,Hygrocybe,Hygrocybe,True,0.6396042704582214,0.006776799998988281,MobileNetV2_Pretrained,test
data/processed/test\Hygrocybe\032_DZ1xy6htm0M.jpg,Hygrocybe,Entoloma,False,0.7547746300697327,0.006995800000368035,MobileNetV2_Pretrained,test
data/processed/test\Hygrocybe\040_3txjJQ9iLYI.jpg,Hygrocybe,Hygrocybe,True,0.8991513252258301,0.007688300000154413,MobileNetV2_Pretrained,test
data/processed/test\Hygrocybe\045_TJd-2TQFv10.jpg,Hygrocybe,Hygrocybe,True,0.9068015217781067,0.007415800000671879,MobileNetV2_Pretrained,test
data/processed/test\Hygrocybe\049_XD-_-BeBBR4.jpg,Hygrocybe,Hygrocybe,True,0.9450687766075134,0.0075980000001436565,MobileNetV2_Pretrained,test
data/processed/test\Hygrocybe\050_ubNntQr-eWE.jpg,Hygrocybe,Hygrocybe,True,0.9022566080093384,0.007138699998904485,MobileNetV2_Pretrained,test
data/processed/test\Hygrocybe\056_cGxyxb6UHGk.jpg,Hygrocybe,Hygrocybe,True,0.7133700251579285,0.008016900001166505,MobileNetV2_Pretrained,test
data/processed/test\Hygrocybe\070_WNKPUMir-JY.jpg,Hygrocybe,Hygrocybe,True,0.5850389003753662,0.0071315000004688045,MobileNetV2_Pretrained,test
data/processed/test\Hygrocybe\072_G-fOGmTh3jY.jpg,Hygrocybe,Hygrocybe,True,0.9218564629554749,0.006811899998865556,MobileNetV2_Pretrained,test
data/processed/test\Hygrocybe\076_HGEpcAdN9KE.jpg,Hygrocybe,Hygrocybe,True,0.9231299161911011,0.0075200999999651685,MobileNetV2_Pretrained,test
data/processed/test\Hygrocybe\081_puYZ4KzYSqs.jpg,Hygrocybe,Hygrocybe,True,0.8415946364402771,0.006853400000181864,MobileNetV2_Pretrained,test
data/processed/test\Hygrocybe\107_8A2HnEVmiKo.jpg,Hygrocybe,Hygrocybe,True,0.8416274785995483,0.006869500000902917,MobileNetV2_Pretrained,test
data/processed/test\Hygrocybe\112_qr7hsvuhJZ0.jpg,Hygrocybe,Hygrocybe,True,0.9624739289283752,0.007153900000048452,MobileNetV2_Pretrained,test
data/processed/test\Hygrocybe\126_0gAqgiheOxI.jpg,Hygrocybe,Hygrocybe,True,0.9206782579421997,0.006952800000362913,MobileNetV2_Pretrained,test
data/processed/test\Hygrocybe\127_XCKEujZlVek.jpg,Hygrocybe,Hygrocybe,True,0.8660294413566589,0.00675529999898572,MobileNetV2_Pretrained,test
data/processed/test\Hygrocybe\129_j8zgmU7QMxU.jpg,Hygrocybe,Hygrocybe,True,0.9387390613555908,0.006935600000360864,MobileNetV2_Pretrained,test
data/processed/test\Hygrocybe\132_tuQX6vBvZRk.jpg,Hygrocybe,Hygrocybe,True,0.9041274189949036,0.007732200001555611,MobileNetV2_Pretrained,test
data/processed/test\Hygrocybe\133_3_ieL2NtOF0.jpg,Hygrocybe,Hygrocybe,True,0.9038357734680176,0.007121799999367795,MobileNetV2_Pretrained,test
data/processed/test\Hygrocybe\142_bhwsyvZtIY0.jpg,Hygrocybe,Hygrocybe,True,0.7510848641395569,0.007729099999778555,MobileNetV2_Pretrained,test
data/processed/test\Hygrocybe\153_vIb6t4IHEzM.jpg,Hygrocybe,Hygrocybe,True,0.7654019594192505,0.0069511000001512,MobileNetV2_Pretrained,test
data/processed/test\Hygrocybe\159_Ymge5g1qpP4.jpg,Hygrocybe,Boletus,False,0.3698199689388275,0.006875099999888334,MobileNetV2_Pretrained,test
data/processed/test\Hygrocybe\167_0dmBJfGHH8c.jpg,Hygrocybe,Lactarius,False,0.5738986134529114,0.007730699999228818,MobileNetV2_Pretrained,test
data/processed/test\Hygrocybe\181_GCIMCymbYLk.jpg,Hygrocybe,Cortinarius,False,0.498121440410614,0.007274600000528153,MobileNetV2_Pretrained,test
data/processed/test\Hygrocybe\188_5IJ0j3yYEyk.jpg,Hygrocybe,Entoloma,False,0.39942294359207153,0.007322600000406965,MobileNetV2_Pretrained,test
data/processed/test\Hygrocybe\201_9i5OZWNQwG0.jpg,Hygrocybe,Hygrocybe,True,0.9723620414733887,0.008160699999280041,MobileNetV2_Pretrained,test
data/processed/test\Hygrocybe\203_Z33ahTENL0Q.jpg,Hygrocybe,Hygrocybe,True,0.8919737339019775,0.007286399999429705,MobileNetV2_Pretrained,test
data/processed/test\Hygrocybe\205_pVtK0sC_qAE.jpg,Hygrocybe,Lactarius,False,0.5634806752204895,0.006977600000027451,MobileNetV2_Pretrained,test
data/processed/test\Hygrocybe\216_jDgNLEnykyU.jpg,Hygrocybe,Entoloma,False,0.7070318460464478,0.007917200000520097,MobileNetV2_Pretrained,test
data/processed/test\Hygrocybe\225_KKCj-5wLqCA.jpg,Hygrocybe,Hygrocybe,True,0.284061461687088,0.007959399999890593,MobileNetV2_Pretrained,test
data/processed/test\Hygrocybe\227_L3z3XTxXk78.jpg,Hygrocybe,Entoloma,False,0.29265570640563965,0.007739899998341571,MobileNetV2_Pretrained,test
data/processed/test\Hygrocybe\230_yk2KrQJOQS8.jpg,Hygrocybe,Hygrocybe,True,0.695478618144989,0.007460499999069725,MobileNetV2_Pretrained,test
data/processed/test\Hygrocybe\240_7wFT2NzNJsA.jpg,Hygrocybe,Hygrocybe,True,0.986211895942688,0.007634800000232644,MobileNetV2_Pretrained,test
data/processed/test\Hygrocybe\253_IgK1gMXB7S0.jpg,Hygrocybe,Hygrocybe,True,0.33060070872306824,0.007203400000435067,MobileNetV2_Pretrained,test
data/processed/test\Hygrocybe\257_LPbsa5Oitj0.jpg,Hygrocybe,Hygrocybe,True,0.8454235792160034,0.00721499999963271,MobileNetV2_Pretrained,test
data/processed/test\Hygrocybe\271_wkoF4DRryAY.jpg,Hygrocybe,Hygrocybe,True,0.8676065802574158,0.007980300000781426,MobileNetV2_Pretrained,test
data/processed/test\Hygrocybe\272_-uL1iUddkKE.jpg,Hygrocybe,Cortinarius,False,0.49156513810157776,0.007613699999637902,MobileNetV2_Pretrained,test
data/processed/test\Hygrocybe\279_qMPhGAtE9-E.jpg,Hygrocybe,Hygrocybe,True,0.8713532090187073,0.007645300000149291,MobileNetV2_Pretrained,test
data/processed/test\Hygrocybe\287_V13XWthHpss.jpg,Hygrocybe,Hygrocybe,True,0.3989476263523102,0.0067192999995313585,MobileNetV2_Pretrained,test
data/processed/test\Hygrocybe\292_RJnjsciXCNM.jpg,Hygrocybe,Hygrocybe,True,0.9914019703865051,0.00750539999899047,MobileNetV2_Pretrained,test
data/processed/test\Hygrocybe\299_VBHrsAmQC-E.jpg,Hygrocybe,Hygrocybe,True,0.593085527420044,0.007148599999709404,MobileNetV2_Pretrained,test
data/processed/test\Hygrocybe\301_vp5CIThqt4k.jpg,Hygrocybe,Hygrocybe,True,0.781170129776001,0.007121900000129244,MobileNetV2_Pretrained,test
data/processed/test\Hygrocybe\314_tDtKkHcGxRM.jpg,Hygrocybe,Hygrocybe,True,0.9828466773033142,0.0077467999999498716,MobileNetV2_Pretrained,test
data/processed/test\Hygrocybe\325_rro3hIu1Nqw.jpg,Hygrocybe,Hygrocybe,True,0.3738471567630768,0.007337600000028033,MobileNetV2_Pretrained,test
data/processed/test\Inocybe\AE2013PIC74694917.jpg,Inocybe,Inocybe,True,0.9934698343276978,0.007993600000190781,MobileNetV2_Pretrained,test
data/processed/test\Inocybe\AE2015PIC76548267.jpg,Inocybe,Lactarius,False,0.41789430379867554,0.007960499999171589,MobileNetV2_Pretrained,test
data/processed/test\Inocybe\AS2010PIC58249290.jpg,Inocybe,Inocybe,True,0.42819464206695557,0.007437000000209082,MobileNetV2_Pretrained,test
data/processed/test\Inocybe\AS2017-9214269_rygo0WejZ.jpg,Inocybe,Inocybe,True,0.6055877208709717,0.008964599999671918,MobileNetV2_Pretrained,test
data/processed/test\Inocybe\BWP2010PIC63790785.jpg,Inocybe,Inocybe,True,0.9522254467010498,0.007381100000202423,MobileNetV2_Pretrained,test
data/processed/test\Inocybe\BWP2011PIC57986404.jpg,Inocybe,Inocybe,True,0.43255743384361267,0.009249000000636443,MobileNetV2_Pretrained,test
data/processed/test\Inocybe\BWP2013PIC14438171.jpg,Inocybe,Inocybe,True,0.9661732316017151,0.006898599998748978,MobileNetV2_Pretrained,test
data/processed/test\Inocybe\BWP2015PIC54111483.jpg,Inocybe,Russula,False,0.6890519261360168,0.006678199999441858,MobileNetV2_Pretrained,test
data/processed/test\Inocybe\BWP2015PIC66105035.jpg,Inocybe,Inocybe,True,0.4082898497581482,0.0074112000002060086,MobileNetV2_Pretrained,test
data/processed/test\Inocybe\BWP2016-9169400_r1cjMF0O.jpg,Inocybe,Inocybe,True,0.5416792035102844,0.0076236999993852805,MobileNetV2_Pretrained,test
data/processed/test\Inocybe\BWP2016-9169400_ryGAfY0u.jpg,Inocybe,Inocybe,True,0.6462752223014832,0.008161199999449309,MobileNetV2_Pretrained,test
data/processed/test\Inocybe\CL2011PIC55659604.jpg,Inocybe,Inocybe,True,0.614539384841919,0.007107800000085263,MobileNetV2_Pretrained,test
data/processed/test\Inocybe\DB2013PIC33800138.jpg,Inocybe,Inocybe,True,0.960766077041626,0.007229099999676691,MobileNetV2_Pretrained,test
data/processed/test\Inocybe\DB2013PIC42730442.jpg,Inocybe,Inocybe,True,0.6874304413795471,0.007060800000544987,MobileNetV2_Pretrained,test
data/processed/test\Inocybe\DB2013PIC57804056.jpg,Inocybe,Inocybe,True,0.9038920402526855,0.007747900001049857,MobileNetV2_Pretrained,test
data/processed/test\Inocybe\DB2013PIC89729265.jpg,Inocybe,Inocybe,True,0.45979124307632446,0.008095200000752811,MobileNetV2_Pretrained,test
data/processed/test\Inocybe\EAT2012PIC64084765.jpg,Inocybe,Inocybe,True,0.9690863490104675,0.007993499999429332,MobileNetV2_Pretrained,test
data/processed/test\Inocybe\EAT2012PIC84850246.jpg,Inocybe,Inocybe,True,0.8259994983673096,0.007009799999650568,MobileNetV2_Pretrained,test
data/processed/test\Inocybe\EAT2013PIC54191345.jpg,Inocybe,Inocybe,True,0.5097174644470215,0.007080399998812936,MobileNetV2_Pretrained,test
data/processed/test\Inocybe\EAT2014PIC42270599.jpg,Inocybe,Amanita,False,0.6017571687698364,0.007136300000638585,MobileNetV2_Pretrained,test
data/processed/test\Inocybe\EAT2015PIC87367583.jpg,Inocybe,Lactarius,False,0.827784538269043,0.0071155999994516606,MobileNetV2_Pretrained,test
data/processed/test\Inocybe\EAT2015PIC89289492.jpg,Inocybe,Inocybe,True,0.8403702974319458,0.006871699999464909,MobileNetV2_Pretrained,test
data/processed/test\Inocybe\EAT2017-9208647_BJQtzKntb.jpg,Inocybe,Inocybe,True,0.5492655634880066,0.00701179999850865,MobileNetV2_Pretrained,test
data/processed/test\Inocybe\FDE2011PIC86172261.jpg,Inocybe,Inocybe,True,0.3937574028968811,0.006961799999771756,MobileNetV2_Pretrained,test
data/processed/test\Inocybe\FDE2012PIC64061850.jpg,Inocybe,Inocybe,True,0.7507184743881226,0.006868399999802932,MobileNetV2_Pretrained,test
data/processed/test\Inocybe\FS2012PIC59633008.jpg,Inocybe,Entoloma,False,0.45420077443122864,0.0068995000001450535,MobileNetV2_Pretrained,test
data/processed/test\Inocybe\JAH2014PIC52290371.jpg,Inocybe,Inocybe,True,0.9325656294822693,0.006853299999420415,MobileNetV2_Pretrained,test
data/processed/test\Inocybe\JCS2009PIC20338594.jpg,Inocybe,Inocybe,True,0.7589723467826843,0.006969300000491785,MobileNetV2_Pretrained,test
data/processed/test\Inocybe\JCS2013PIC22587806.jpg,Inocybe,Inocybe,True,0.4864010214805603,0.007021499999609659,MobileNetV2_Pretrained,test
data/processed/test\Inocybe\JCS2013PIC43012548.jpg,Inocybe,Entoloma,False,0.31694644689559937,0.007047399998555193,MobileNetV2_Pretrained,test
data/processed/test\Inocybe\JCS2013PIC83427178.jpg,Inocybe,Inocybe,True,0.47269803285598755,0.007778399998642271,MobileNetV2_Pretrained,test
data/processed/test\Inocybe\JHC2017-9196021_r1DJCAiXW.jpg,Inocybe,Inocybe,True,0.8330632448196411,0.011837600000944803,MobileNetV2_Pretrained,test
data/processed/test\Inocybe\JHC2017-9201118_B1VmZiXPZ.jpg,Inocybe,Inocybe,True,0.9488900899887085,0.0068269000003056135,MobileNetV2_Pretrained,test
data/processed/test\Inocybe\JHC2017-9207705_H16Z0hStW.jpg,Inocybe,Inocybe,True,0.899531900882721,0.006828399998994428,MobileNetV2_Pretrained,test
data/processed/test\Inocybe\JM2012PIC76798409.jpg,Inocybe,Inocybe,True,0.993238091468811,0.007699399999182788,MobileNetV2_Pretrained,test
data/processed/test\Inocybe\JM2014PIC65927854.jpg,Inocybe,Inocybe,True,0.4520752429962158,0.0077896000002510846,MobileNetV2_Pretrained,test
data/processed/test\Inocybe\JM2017-9200086_HkgcxFo28W.jpg,Inocybe,Inocybe,True,0.6766169667243958,0.0069043999992572935,MobileNetV2_Pretrained,test
data/processed/test\Inocybe\JM2017-9200086_rkceKj2LZ.jpg,Inocybe,Inocybe,True,0.9875231385231018,0.006637399999817717,MobileNetV2_Pretrained,test
data/processed/test\Inocybe\JM2017-9202674_ByodB43P-.jpg,Inocybe,Russula,False,0.5844720602035522,0.00767930000074557,MobileNetV2_Pretrained,test
data/processed/test\Inocybe\KNI2015PIC36175674.jpg,Inocybe,Inocybe,True,0.8816134333610535,0.007695599999351543,MobileNetV2_Pretrained,test
data/processed/test\Inocybe\LDJ2009PIC30690154.jpg,Inocybe,Inocybe,True,0.38261181116104126,0.007755200000246987,MobileNetV2_Pretrained,test
data/processed/test\Inocybe\MACH2016-9178188_S1cpNX6A.jpg,Inocybe,Inocybe,True,0.9576388597488403,0.007773000001179753,MobileNetV2_Pretrained,test
data/processed/test\Inocybe\MAV2010PIC78400496.jpg,Inocybe,Inocybe,True,0.9031744003295898,0.007466900000508758,MobileNetV2_Pretrained,test
data/processed/test\Inocybe\MAV2011PIC87756495.jpg,Inocybe,Amanita,False,0.5112477540969849,0.007616299999426701,MobileNetV2_Pretrained,test
data/processed/test\Inocybe\MAV2013PIC41670341.jpg,Inocybe,Inocybe,True,0.5475006699562073,0.007384900000033667,MobileNetV2_Pretrained,test
data/processed/test\Inocybe\ML2012PIC15959384.jpg,Inocybe,Inocybe,True,0.7111455202102661,0.0069631000005756505,MobileNetV2_Pretrained,test
data/processed/test\Inocybe\MMN2010PIC77085274.jpg,Inocybe,Entoloma,False,0.32433339953422546,0.006861899999421439,MobileNetV2_Pretrained,test
data/processed/test\Inocybe\MS2009PIC48014779.jpg,Inocybe,Inocybe,True,0.8827650547027588,0.007128400000510737,MobileNetV2_Pretrained,test
data/processed/test\Inocybe\MS2009PIC76598275.jpg,Inocybe,Inocybe,True,0.5550552010536194,0.007597500001793378,MobileNetV2_Pretrained,test
data/processed/test\Inocybe\MSO2012PIC41953814.jpg,Inocybe,Inocybe,True,0.8417757749557495,0.00719310000022233,MobileNetV2_Pretrained,test
data/processed/test\Inocybe\OBL2011PIC48076248.jpg,Inocybe,Inocybe,True,0.8728982210159302,0.006811499999457737,MobileNetV2_Pretrained,test
data/processed/test\Inocybe\OBL2012PIC16913624.jpg,Inocybe,Inocybe,True,0.6743304133415222,0.007047299999612733,MobileNetV2_Pretrained,test
data/processed/test\Inocybe\PEL2017-9195655_B1Yl9j8mb.jpg,Inocybe,Lactarius,False,0.549289345741272,0.006999799999903189,MobileNetV2_Pretrained,test
data/processed/test\Inocybe\PETRA2017-9197483_rkgT7fMH-.jpg,Inocybe,Inocybe,True,0.5029415488243103,0.006947500000023865,MobileNetV2_Pretrained,test
data/processed/test\Inocybe\PL2011PIC79270766.jpg,Inocybe,Inocybe,True,0.9826633930206299,0.00681319999966945,MobileNetV2_Pretrained,test
data/processed/test\Inocybe\PTP2016-9171214_SyeyOS_pq.jpg,Inocybe,Inocybe,True,0.3071881830692291,0.007869400000345195,MobileNetV2_Pretrained,test
data/processed/test\Inocybe\RE2010PIC60585326.jpg,Inocybe,Inocybe,True,0.6089979410171509,0.006957499999771244,MobileNetV2_Pretrained,test
data/processed/test\Inocybe\RE2012PIC39126061.jpg,Inocybe,Boletus,False,0.43076661229133606,0.007479300000341027,MobileNetV2_Pretrained,test
data/processed/test\Inocybe\RE2012PIC69020667.jpg,Inocybe,Lactarius,False,0.4125848710536957,0.007561399999758578,MobileNetV2_Pretrained,test
data/processed/test\Inocybe\SL2013PIC12810247.jpg,Inocybe,Inocybe,True,0.7973755598068237,0.00706490000084159,MobileNetV2_Pretrained,test
data/processed/test\Inocybe\TAK2012PIC72845888.jpg,Inocybe,Lactarius,False,0.2924572229385376,0.007021800000075018,MobileNetV2_Pretrained,test
data/processed/test\Inocybe\TAK2013PIC38129211.jpg,Inocybe,Russula,False,0.6184526085853577,0.0077003000005788635,MobileNetV2_Pretrained,test
data/processed/test\Inocybe\TAK2014PIC74058257.jpg,Inocybe,Inocybe,True,0.8347947597503662,0.007030199998553144,MobileNetV2_Pretrained,test
data/processed/test\Inocybe\TAK2015PIC12430189.jpg,Inocybe,Inocybe,True,0.37970292568206787,0.0071963999998843065,MobileNetV2_Pretrained,test
data/processed/test\Inocybe\TAK2017-9195726_SJBnA3Dm-.jpg,Inocybe,Amanita,False,0.5775082111358643,0.007093199999872013,MobileNetV2_Pretrained,test
data/processed/test\Inocybe\TB2010PIC30549452.jpg,Inocybe,Inocybe,True,0.9858618974685669,0.006954599999517086,MobileNetV2_Pretrained,test
data/processed/test\Inocybe\TKH2011PIC29550858.jpg,Inocybe,Lactarius,False,0.6198199987411499,0.006795100000090315,MobileNetV2_Pretrained,test
data/processed/test\Inocybe\TKH2012PIC24863747.jpg,Inocybe,Inocybe,True,0.2760137617588043,0.007890800001405296,MobileNetV2_Pretrained,test
data/processed/test\Inocybe\TKH2012PIC58539255.jpg,Inocybe,Lactarius,False,0.7480533123016357,0.007564200001070276,MobileNetV2_Pretrained,test
data/processed/test\Inocybe\TKH2013PIC15346099.jpg,Inocybe,Lactarius,False,0.5877866744995117,0.007587300000523101,MobileNetV2_Pretrained,test
data/processed/test\Inocybe\TKH2013PIC24960254.jpg,Inocybe,Boletus,False,0.2990850508213043,0.007515100000091479,MobileNetV2_Pretrained,test
data/processed/test\Inocybe\TKH2013PIC33707521.jpg,Inocybe,Inocybe,True,0.916315495967865,0.008099799999399693,MobileNetV2_Pretrained,test
data/processed/test\Inocybe\TKH2013PIC43429224.jpg,Inocybe,Entoloma,False,0.5839154124259949,0.00811740000062855,MobileNetV2_Pretrained,test
data/processed/test\Inocybe\TKH2013PIC89377657.jpg,Inocybe,Inocybe,True,0.9941629767417908,0.008161800000380026,MobileNetV2_Pretrained,test
data/processed/test\Inocybe\TKH2014PIC28133692.jpg,Inocybe,Inocybe,True,0.954384446144104,0.008149799999955576,MobileNetV2_Pretrained,test
data/processed/test\Inocybe\TOB2016-9177959_r1E_IZN1e.jpg,Inocybe,Inocybe,True,0.8085166811943054,0.008080399999016663,MobileNetV2_Pretrained,test
data/processed/test\Inocybe\TOB2017-9194552_ryHFsS3MZ.jpg,Inocybe,Lactarius,False,0.41355279088020325,0.00802289999955974,MobileNetV2_Pretrained,test
data/processed/test\Inocybe\TOB2017-9202157_SJH4BiA_P-.jpg,Inocybe,Boletus,False,0.518919050693512,0.00766730000032112,MobileNetV2_Pretrained,test
data/processed/test\Inocybe\TOB2017-9202157_rkQEriRdDb.jpg,Inocybe,Boletus,False,0.39475178718566895,0.008512300000802497,MobileNetV2_Pretrained,test
data/processed/test\Inocybe\TOB2017-9208818_BJI8SxBgcb.jpg,Inocybe,Inocybe,True,0.5872832536697388,0.008437500000582077,MobileNetV2_Pretrained,test
data/processed/test\Inocybe\TOB2017-9208818_Hy9LSxSe5Z.jpg,Inocybe,Inocybe,True,0.514462947845459,0.007036299999526818,MobileNetV2_Pretrained,test
data/processed/test\Inocybe\TOB2017-9208818_rJG8reBe5Z.jpg,Inocybe,Inocybe,True,0.5653851628303528,0.006942900001376984,MobileNetV2_Pretrained,test
data/processed/test\Inocybe\TOB2017-9208818_rk8Serx5W.jpg,Inocybe,Inocybe,True,0.6632528305053711,0.007320099999560625,MobileNetV2_Pretrained,test
data/processed/test\Inocybe\TS2010PIC72695117.jpg,Inocybe,Russula,False,0.2735828161239624,0.007225600000310806,MobileNetV2_Pretrained,test
data/processed/test\Inocybe\TS2011PIC26376558.jpg,Inocybe,Lactarius,False,0.3823976218700409,0.006932500000402797,MobileNetV2_Pretrained,test
data/processed/test\Inocybe\TS2011PIC53483517.jpg,Inocybe,Boletus,False,0.6765161156654358,0.007006699999692501,MobileNetV2_Pretrained,test
data/processed/test\Inocybe\TS2011PIC53751796.jpg,Inocybe,Russula,False,0.40817707777023315,0.007066899999699672,MobileNetV2_Pretrained,test
data/processed/test\Inocybe\TS2012PIC31340902.jpg,Inocybe,Inocybe,True,0.9501018524169922,0.007112100000085775,MobileNetV2_Pretrained,test
data/processed/test\Inocybe\TS2012PIC71517695.jpg,Inocybe,Inocybe,True,0.664361298084259,0.007725600000412669,MobileNetV2_Pretrained,test
data/processed/test\Inocybe\TS2012PIC76182348.jpg,Inocybe,Inocybe,True,0.7330963611602783,0.0071148000006360235,MobileNetV2_Pretrained,test
data/processed/test\Inocybe\TS2013PIC21993338.jpg,Inocybe,Inocybe,True,0.7361795902252197,0.007047600000078091,MobileNetV2_Pretrained,test
data/processed/test\Inocybe\TS2013PIC26765211.jpg,Inocybe,Inocybe,True,0.6130095720291138,0.00685209999937797,MobileNetV2_Pretrained,test
data/processed/test\Inocybe\TS2015PIC48470465.jpg,Inocybe,Inocybe,True,0.9187059998512268,0.007058500001221546,MobileNetV2_Pretrained,test
data/processed/test\Inocybe\TS2016-9180197_S1b2-Dmpye.jpg,Inocybe,Inocybe,True,0.7034645676612854,0.007356899999649613,MobileNetV2_Pretrained,test
data/processed/test\Lactarius\0000_av7f-8yVUNY.jpg,Lactarius,Lactarius,True,0.39778372645378113,0.006871800000226358,MobileNetV2_Pretrained,test
data/processed/test\Lactarius\0004_gigZhorw0Eo.jpg,Lactarius,Cortinarius,False,0.35492265224456787,0.006928199998583295,MobileNetV2_Pretrained,test
data/processed/test\Lactarius\0008_SSJpwPhX7Rs.jpg,Lactarius,Lactarius,True,0.3439139723777771,0.006907799999680719,MobileNetV2_Pretrained,test
data/processed/test\Lactarius\001_0eat5sScleY.jpg,Lactarius,Lactarius,True,0.5586591362953186,0.006948000000193133,MobileNetV2_Pretrained,test
data/processed/test\Lactarius\0024_UzDaRx13wVs.jpg,Lactarius,Lactarius,True,0.462876558303833,0.007123299999875599,MobileNetV2_Pretrained,test
data/processed/test\Lactarius\0026_autPTj6WXpU.jpg,Lactarius,Russula,False,0.6856683492660522,0.007037999999738531,MobileNetV2_Pretrained,test
data/processed/test\Lactarius\0036_UjqjlkUecEk.jpg,Lactarius,Lactarius,True,0.9392924904823303,0.006977099999858183,MobileNetV2_Pretrained,test
data/processed/test\Lactarius\0058_Ksaju-DFTOM.jpg,Lactarius,Lactarius,True,0.8759915232658386,0.007000300000072457,MobileNetV2_Pretrained,test
data/processed/test\Lactarius\0071_2YKUxBBp95A.jpg,Lactarius,Lactarius,True,0.5658623576164246,0.007119399999282905,MobileNetV2_Pretrained,test
data/processed/test\Lactarius\0078_67hlnzvWweg.jpg,Lactarius,Lactarius,True,0.542912483215332,0.006852200000139419,MobileNetV2_Pretrained,test
data/processed/test\Lactarius\0090_8gZ-MF4DF5c.jpg,Lactarius,Lactarius,True,0.6065919995307922,0.007376200001090183,MobileNetV2_Pretrained,test
data/processed/test\Lactarius\0091_GJfhcGAsQEs.jpg,Lactarius,Russula,False,0.8277027010917664,0.006525600001623388,MobileNetV2_Pretrained,test
data/processed/test\Lactarius\0092_lAL2nLK6Yqc.jpg,Lactarius,Russula,False,0.30842387676239014,0.007488499999453779,MobileNetV2_Pretrained,test
data/processed/test\Lactarius\0096_YCFCQKyiPFI.jpg,Lactarius,Lactarius,True,0.9477487802505493,0.007170899998527602,MobileNetV2_Pretrained,test
data/processed/test\Lactarius\0100_VP4M5qp5Xuw.jpg,Lactarius,Lactarius,True,0.5584617257118225,0.009804499999518157,MobileNetV2_Pretrained,test
data/processed/test\Lactarius\0108_bkdZqadlJYM.jpg,Lactarius,Lactarius,True,0.5924897193908691,0.009662800001024152,MobileNetV2_Pretrained,test
data/processed/test\Lactarius\0117_LS-tLCqWBuQ.jpg,Lactarius,Lactarius,True,0.798345685005188,0.009196199998768861,MobileNetV2_Pretrained,test
data/processed/test\Lactarius\0125_WOyBnDf1Lbs.jpg,Lactarius,Lactarius,True,0.918846607208252,0.0076636999983747955,MobileNetV2_Pretrained,test
data/processed/test\Lactarius\0147_ZAySZ3Wkn8k.jpg,Lactarius,Lactarius,True,0.6038164496421814,0.0075327999984438065,MobileNetV2_Pretrained,test
data/processed/test\Lactarius\0156_xCwDrPY72us.jpg,Lactarius,Lactarius,True,0.5375403761863708,0.007137000000511762,MobileNetV2_Pretrained,test
data/processed/test\Lactarius\0174_S-0siMhJtoc.jpg,Lactarius,Lactarius,True,0.4095511734485626,0.007034899999780464,MobileNetV2_Pretrained,test
data/processed/test\Lactarius\0180_j-oei6bAdy0.jpg,Lactarius,Russula,False,0.5583292245864868,0.008424999999988358,MobileNetV2_Pretrained,test
data/processed/test\Lactarius\0184_wNzoTeCzC5o.jpg,Lactarius,Lactarius,True,0.4568362534046173,0.007832699999198667,MobileNetV2_Pretrained,test
data/processed/test\Lactarius\0188_QDGj1_inixA.jpg,Lactarius,Inocybe,False,0.22214528918266296,0.006893399999171379,MobileNetV2_Pretrained,test
data/processed/test\Lactarius\0189_u2k3sXqag1M.jpg,Lactarius,Lactarius,True,0.6005534529685974,0.007945199999085162,MobileNetV2_Pretrained,test
data/processed/test\Lactarius\0192_st28pxbylcw.jpg,Lactarius,Inocybe,False,0.2738564610481262,0.008124899999529589,MobileNetV2_Pretrained,test
data/processed/test\Lactarius\0202_gGw05EbUi_w.jpg,Lactarius,Lactarius,True,0.5432494282722473,0.0070018000005802605,MobileNetV2_Pretrained,test
data/processed/test\Lactarius\0204_PNAIMfY3CWk.jpg,Lactarius,Lactarius,True,0.46881791949272156,0.0070601999996142695,MobileNetV2_Pretrained,test
data/processed/test\Lactarius\020_AhURHwS9I_c.jpg,Lactarius,Lactarius,True,0.8142428994178772,0.0070173999993130565,MobileNetV2_Pretrained,test
data/processed/test\Lactarius\0211_a-wtZr6fOMw.jpg,Lactarius,Lactarius,True,0.9805206656455994,0.006966499999180087,MobileNetV2_Pretrained,test
data/processed/test\Lactarius\0212_6r0AFhCvTk4.jpg,Lactarius,Lactarius,True,0.4806467294692993,0.00673330000063288,MobileNetV2_Pretrained,test
data/processed/test\Lactarius\0222_JO5jLmkfAw0.jpg,Lactarius,Russula,False,0.9418909549713135,0.007078900000124122,MobileNetV2_Pretrained,test
data/processed/test\Lactarius\0224_XrApvIigcOQ.jpg,Lactarius,Lactarius,True,0.5831582546234131,0.007034100000964827,MobileNetV2_Pretrained,test
data/processed/test\Lactarius\0228_HknGOROG6Cs.jpg,Lactarius,Lactarius,True,0.321639746427536,0.006911700000273413,MobileNetV2_Pretrained,test
data/processed/test\Lactarius\0233_YNlSVzp0Kjo.jpg,Lactarius,Boletus,False,0.29312148690223694,0.007276300000739866,MobileNetV2_Pretrained,test
data/processed/test\Lactarius\0237_zZdLcl0mkD0.jpg,Lactarius,Lactarius,True,0.529841423034668,0.007175899998401292,MobileNetV2_Pretrained,test
data/processed/test\Lactarius\0242_zOYn0DVnISo.jpg,Lactarius,Lactarius,True,0.9579080939292908,0.006867799998872215,MobileNetV2_Pretrained,test
data/processed/test\Lactarius\0251_wz4ikkhjBU8.jpg,Lactarius,Lactarius,True,0.6369709372520447,0.00756819999878644,MobileNetV2_Pretrained,test
data/processed/test\Lactarius\0256_AfKj-CzsmLI.jpg,Lactarius,Lactarius,True,0.8440844416618347,0.009336200000689132,MobileNetV2_Pretrained,test
data/processed/test\Lactarius\025_8bHMwyrm1xE.jpg,Lactarius,Lactarius,True,0.6622351408004761,0.0088938999997481,MobileNetV2_Pretrained,test
data/processed/test\Lactarius\0261_pUdRYRMfy7c.jpg,Lactarius,Lactarius,True,0.826139509677887,0.007519199998569093,MobileNetV2_Pretrained,test
data/processed/test\Lactarius\0264_9xkZs2wAZRQ.jpg,Lactarius,Lactarius,True,0.49109289050102234,0.006603099998756079,MobileNetV2_Pretrained,test
data/processed/test\Lactarius\0270_1nWaT7nSeDE.jpg,Lactarius,Lactarius,True,0.980674147605896,0.00800130000061472,MobileNetV2_Pretrained,test
data/processed/test\Lactarius\0271_kYpV1APLO9s.jpg,Lactarius,Lactarius,True,0.45979851484298706,0.007730499999524909,MobileNetV2_Pretrained,test
data/processed/test\Lactarius\0275_akjCXeShyUw.jpg,Lactarius,Lactarius,True,0.9852358102798462,0.00782220000110101,MobileNetV2_Pretrained,test
data/processed/test\Lactarius\0290_KNGFGvBuZbU.jpg,Lactarius,Lactarius,True,0.921190619468689,0.00805430000036722,MobileNetV2_Pretrained,test
data/processed/test\Lactarius\0307_MA7GubKH4ZM.jpg,Lactarius,Lactarius,True,0.6382542848587036,0.006995900001129485,MobileNetV2_Pretrained,test
data/processed/test\Lactarius\0313_CWX_V7CeQM4.jpg,Lactarius,Lactarius,True,0.6122819781303406,0.007630699999936041,MobileNetV2_Pretrained,test
data/processed/test\Lactarius\0322_2UpHsEF5Mzs.jpg,Lactarius,Lactarius,True,0.5992650985717773,0.008000499999980093,MobileNetV2_Pretrained,test
data/processed/test\Lactarius\0325_lAq1Din489Y.jpg,Lactarius,Agaricus,False,0.37370118498802185,0.007094499998856918,MobileNetV2_Pretrained,test
data/processed/test\Lactarius\0328_8IPggG6t9VY.jpg,Lactarius,Russula,False,0.37633123993873596,0.007949400000143214,MobileNetV2_Pretrained,test
data/processed/test\Lactarius\0335_dVTfQmjMltw.jpg,Lactarius,Russula,False,0.5432946681976318,0.007976900000358,MobileNetV2_Pretrained,test
data/processed/test\Lactarius\0340_0gzvFhGVf5M.jpg,Lactarius,Lactarius,True,0.5371896624565125,0.007224199998745462,MobileNetV2_Pretrained,test
data/processed/test\Lactarius\0348_OWdZuiQh9xc.jpg,Lactarius,Lactarius,True,0.9169057011604309,0.007238399999550893,MobileNetV2_Pretrained,test
data/processed/test\Lactarius\0356_gTCmsPnWyO4.jpg,Lactarius,Lactarius,True,0.8926485776901245,0.0069511000001512,MobileNetV2_Pretrained,test
data/processed/test\Lactarius\0360_Bfw8PtjOZoI.jpg,Lactarius,Lactarius,True,0.8344923853874207,0.006982900000366499,MobileNetV2_Pretrained,test
data/processed/test\Lactarius\036_Tku_ku-u_WQ.jpg,Lactarius,Lactarius,True,0.4613198935985565,0.007120000000213622,MobileNetV2_Pretrained,test
data/processed/test\Lactarius\0375_E_5sHNAa0DU.jpg,Lactarius,Inocybe,False,0.541092038154602,0.00802549999934854,MobileNetV2_Pretrained,test
data/processed/test\Lactarius\0385_zeoDavzC8Ec.jpg,Lactarius,Boletus,False,0.6428771018981934,0.008013599999685539,MobileNetV2_Pretrained,test
data/processed/test\Lactarius\0405_XQ5FsiWx3Sc.jpg,Lactarius,Lactarius,True,0.38481271266937256,0.008966299999883631,MobileNetV2_Pretrained,test
data/processed/test\Lactarius\0422_5SNHMw4kUg4.jpg,Lactarius,Russula,False,0.4831494092941284,0.007579600000099163,MobileNetV2_Pretrained,test
data/processed/test\Lactarius\0436_3AJoqSsMCPY.jpg,Lactarius,Lactarius,True,0.5400514006614685,0.007571099999040598,MobileNetV2_Pretrained,test
data/processed/test\Lactarius\0438_7Qg0kxIGbd4.jpg,Lactarius,Lactarius,True,0.9298200011253357,0.007483600000341539,MobileNetV2_Pretrained,test
data/processed/test\Lactarius\043_JIiImC3i_NQ.jpg,Lactarius,Russula,False,0.3035053610801697,0.006660199998805183,MobileNetV2_Pretrained,test
data/processed/test\Lactarius\0462_t7WHbpJLnZA.jpg,Lactarius,Russula,False,0.3186831474304199,0.008117199999105651,MobileNetV2_Pretrained,test
data/processed/test\Lactarius\0473_FeKBXttVCwg.jpg,Lactarius,Russula,False,0.8800923228263855,0.0077073000011296244,MobileNetV2_Pretrained,test
data/processed/test\Lactarius\0488_l_gNg2GDLEk.jpg,Lactarius,Lactarius,True,0.6875898241996765,0.007109799998943345,MobileNetV2_Pretrained,test
data/processed/test\Lactarius\0489_6GuHfi0wmko.jpg,Lactarius,Inocybe,False,0.4701051414012909,0.0077794999997422565,MobileNetV2_Pretrained,test
data/processed/test\Lactarius\0499_MWZEqXbgfwc.jpg,Lactarius,Lactarius,True,0.6364400386810303,0.007704699999521836,MobileNetV2_Pretrained,test
data/processed/test\Lactarius\0512_Sot3apiP2eQ.jpg,Lactarius,Lactarius,True,0.5191282629966736,0.007042799999908311,MobileNetV2_Pretrained,test
data/processed/test\Lactarius\0526_O8CTOvfgWXg.jpg,Lactarius,Entoloma,False,0.313128799200058,0.006727799998770934,MobileNetV2_Pretrained,test
data/processed/test\Lactarius\0532_7BfGW7kGfzM.jpg,Lactarius,Lactarius,True,0.7991697788238525,0.007114900001397473,MobileNetV2_Pretrained,test
data/processed/test\Lactarius\0537_q78Py0hHqVc.jpg,Lactarius,Lactarius,True,0.685170590877533,0.007834699999875738,MobileNetV2_Pretrained,test
data/processed/test\Lactarius\0545_ewwuwHvRvLc.jpg,Lactarius,Lactarius,True,0.4887465834617615,0.007605100001455867,MobileNetV2_Pretrained,test
data/processed/test\Lactarius\056_9JgBES16B_4.jpg,Lactarius,Lactarius,True,0.680707573890686,0.00751250000030268,MobileNetV2_Pretrained,test
data/processed/test\Lactarius\0571_3sjlFMXpK_0.jpg,Lactarius,Lactarius,True,0.4290202558040619,0.007182800000009593,MobileNetV2_Pretrained,test
data/processed/test\Lactarius\0576_5wNWaAeW6vo.jpg,Lactarius,Lactarius,True,0.44486531615257263,0.0077533999992738245,MobileNetV2_Pretrained,test
data/processed/test\Lactarius\0596_ROVmIKr9KjA.jpg,Lactarius,Lactarius,True,0.4861204922199249,0.007177299999966635,MobileNetV2_Pretrained,test
data/processed/test\Lactarius\0612_qfZxbbQUJ2o.jpg,Lactarius,Lactarius,True,0.5254843235015869,0.0066846000008808915,MobileNetV2_Pretrained,test
data/processed/test\Lactarius\0615_R0G-yDrCQ6U.jpg,Lactarius,Russula,False,0.3742516338825226,0.007421500000418746,MobileNetV2_Pretrained,test
data/processed/test\Lactarius\061_KShq81HACXk.jpg,Lactarius,Lactarius,True,0.7572956085205078,0.007748799998807954,MobileNetV2_Pretrained,test
data/processed/test\Lactarius\0628_7XDugUX8ezg.jpg,Lactarius,Lactarius,True,0.6842679977416992,0.00722940000014205,MobileNetV2_Pretrained,test
data/processed/test\Lactarius\0630_3idJVXnrBF4.jpg,Lactarius,Inocybe,False,0.3342365622520447,0.007788199998685741,MobileNetV2_Pretrained,test
data/processed/test\Lactarius\0645_Z6spVFbiuEY.jpg,Lactarius,Lactarius,True,0.5060299634933472,0.0075128000007680384,MobileNetV2_Pretrained,test
data/processed/test\Lactarius\0649_uwl8etw5T-s.jpg,Lactarius,Lactarius,True,0.7932614088058472,0.007316399998671841,MobileNetV2_Pretrained,test
data/processed/test\Lactarius\0651_vzBdVntLr8c.jpg,Lactarius,Lactarius,True,0.5453558564186096,0.007356300000537885,MobileNetV2_Pretrained,test
data/processed/test\Lactarius\0664_vTIkNBMlgC0.jpg,Lactarius,Lactarius,True,0.2448919117450714,0.007167600000684615,MobileNetV2_Pretrained,test
data/processed/test\Lactarius\0670_V1ZK2sFc-Ro.jpg,Lactarius,Lactarius,True,0.6586984395980835,0.006869300001199008,MobileNetV2_Pretrained,test
data/processed/test\Lactarius\0672_VwMevK3GQmI.jpg,Lactarius,Lactarius,True,0.9150446653366089,0.006593899999643327,MobileNetV2_Pretrained,test
data/processed/test\Lactarius\0674_jfw03-JCIg4.jpg,Lactarius,Lactarius,True,0.8171666860580444,0.0075718999996752245,MobileNetV2_Pretrained,test
data/processed/test\Lactarius\0675_t0wBJuQaX1I.jpg,Lactarius,Lactarius,True,0.7234099507331848,0.007905699998445925,MobileNetV2_Pretrained,test
data/processed/test\Lactarius\0680_9iK0lHxdnbE.jpg,Lactarius,Lactarius,True,0.6513950824737549,0.007574600000225473,MobileNetV2_Pretrained,test
data/processed/test\Lactarius\069_WjmaRv5colU.jpg,Lactarius,Russula,False,0.44585302472114563,0.007750199998554308,MobileNetV2_Pretrained,test
data/processed/test\Lactarius\0704_ylcLIXgu01w.jpg,Lactarius,Lactarius,True,0.8266263008117676,0.0074618999988160795,MobileNetV2_Pretrained,test
data/processed/test\Lactarius\0706_5KiNR80hz8c.jpg,Lactarius,Lactarius,True,0.4332793951034546,0.007596200000989484,MobileNetV2_Pretrained,test
data/processed/test\Lactarius\0709_rGbRBgcO1Bo.jpg,Lactarius,Lactarius,True,0.5689322352409363,0.006704699999318109,MobileNetV2_Pretrained,test
data/processed/test\Lactarius\0716_XAFN8ZsH8Oc.jpg,Lactarius,Lactarius,True,0.9421206116676331,0.006918000000950997,MobileNetV2_Pretrained,test
data/processed/test\Lactarius\0734_NI0Ax90MD5c.jpg,Lactarius,Lactarius,True,0.8629019260406494,0.006703000000925385,MobileNetV2_Pretrained,test
data/processed/test\Lactarius\0736_aLqBxhhsMow.jpg,Lactarius,Lactarius,True,0.8468842506408691,0.007796500000040396,MobileNetV2_Pretrained,test
data/processed/test\Lactarius\0745_ey3D5LyzKTY.jpg,Lactarius,Lactarius,True,0.8894089460372925,0.006758500001524226,MobileNetV2_Pretrained,test
data/processed/test\Lactarius\0747_adx1MMw58MI.jpg,Lactarius,Lactarius,True,0.5733281970024109,0.006384599999364582,MobileNetV2_Pretrained,test
data/processed/test\Lactarius\0756_C1Ll5LZF_Cg.jpg,Lactarius,Lactarius,True,0.675960123538971,0.007795800000167219,MobileNetV2_Pretrained,test
data/processed/test\Lactarius\0757_3LeqE6pda1M.jpg,Lactarius,Lactarius,True,0.6909364461898804,0.006754800000635441,MobileNetV2_Pretrained,test
data/processed/test\Lactarius\0759_oLEvM6Hhevs.jpg,Lactarius,Lactarius,True,0.43400588631629944,0.007102199999280856,MobileNetV2_Pretrained,test
data/processed/test\Lactarius\0762_KnQg1QaWm0A.jpg,Lactarius,Lactarius,True,0.7252898216247559,0.007255299999087583,MobileNetV2_Pretrained,test
data/processed/test\Lactarius\0773_7sw6xICACRk.jpg,Lactarius,Lactarius,True,0.7954327464103699,0.006927599999471568,MobileNetV2_Pretrained,test
data/processed/test\Lactarius\0782_4hQQMaTQWEI.jpg,Lactarius,Lactarius,True,0.8272179365158081,0.0073509000012563774,MobileNetV2_Pretrained,test
data/processed/test\Lactarius\0788_pRAv0S0JJWw.jpg,Lactarius,Russula,False,0.3805728554725647,0.0070381999994424405,MobileNetV2_Pretrained,test
data/processed/test\Lactarius\0789_YdasocklYzQ.jpg,Lactarius,Amanita,False,0.6338649988174438,0.006954700000278535,MobileNetV2_Pretrained,test
data/processed/test\Lactarius\0793_0GzeXD2rqQY.jpg,Lactarius,Russula,False,0.2583511471748352,0.00692220000019006,MobileNetV2_Pretrained,test
data/processed/test\Lactarius\0794_rAh-SYlXfxI.jpg,Lactarius,Lactarius,True,0.392443984746933,0.0068382999997993466,MobileNetV2_Pretrained,test
data/processed/test\Lactarius\0805_zrH6_rVsSM8.jpg,Lactarius,Agaricus,False,0.44591113924980164,0.0071066000000428176,MobileNetV2_Pretrained,test
data/processed/test\Lactarius\0809_nKVSQbfh_8Q.jpg,Lactarius,Boletus,False,0.4692842364311218,0.007083699998474913,MobileNetV2_Pretrained,test
data/processed/test\Lactarius\0810_HmCW6dmg8ww.jpg,Lactarius,Boletus,False,0.395769327878952,0.007020799999736482,MobileNetV2_Pretrained,test
data/processed/test\Lactarius\0811_fny9MwqLlJQ.jpg,Lactarius,Amanita,False,0.27736151218414307,0.00711579999915557,MobileNetV2_Pretrained,test
data/processed/test\Lactarius\0814_QfgRmQ7qhf4.jpg,Lactarius,Amanita,False,0.7387014627456665,0.007190599999375991,MobileNetV2_Pretrained,test
data/processed/test\Lactarius\0819_UXB8BitCLeg.jpg,Lactarius,Lactarius,True,0.9232540726661682,0.007055500000205939,MobileNetV2_Pretrained,test
data/processed/test\Lactarius\0823_Ux2nE3c9Um8.jpg,Lactarius,Lactarius,True,0.7174763083457947,0.007055099998979131,MobileNetV2_Pretrained,test
data/processed/test\Lactarius\0829_s0YUBr49gwI.jpg,Lactarius,Lactarius,True,0.8617890477180481,0.012371099999654689,MobileNetV2_Pretrained,test
data/processed/test\Lactarius\083_b-MWcypdVgI.jpg,Lactarius,Lactarius,True,0.7187666296958923,0.0068048000011913246,MobileNetV2_Pretrained,test
data/processed/test\Lactarius\0852_7k3Zyy3_DGE.jpg,Lactarius,Lactarius,True,0.7625495791435242,0.006992699998590979,MobileNetV2_Pretrained,test
data/processed/test\Lactarius\0861_R-QITvIdQ0I.jpg,Lactarius,Lactarius,True,0.8298590779304504,0.006735200000548502,MobileNetV2_Pretrained,test
data/processed/test\Lactarius\0863_vVoT2CYybJg.jpg,Lactarius,Lactarius,True,0.787430465221405,0.007124399999156594,MobileNetV2_Pretrained,test
data/processed/test\Lactarius\0868_VH-IjF4KU2A.jpg,Lactarius,Lactarius,True,0.9245265126228333,0.006786199999623932,MobileNetV2_Pretrained,test
data/processed/test\Lactarius\0874_2lGLHI_YG5k.jpg,Lactarius,Cortinarius,False,0.5206826329231262,0.006880599999931292,MobileNetV2_Pretrained,test
data/processed/test\Lactarius\087_L5ZS-DiYxEI.jpg,Lactarius,Lactarius,True,0.8654113411903381,0.0070190000005823094,MobileNetV2_Pretrained,test
data/processed/test\Lactarius\0881_3RtHEelIwJ0.jpg,Lactarius,Lactarius,True,0.8695447444915771,0.0069566000001941575,MobileNetV2_Pretrained,test
data/processed/test\Lactarius\0886_DVymd3ri6ok.jpg,Lactarius,Lactarius,True,0.9079786539077759,0.007097300000168616,MobileNetV2_Pretrained,test
data/processed/test\Lactarius\0890_Fm2kZLQ186E.jpg,Lactarius,Lactarius,True,0.9644088745117188,0.006982900000366499,MobileNetV2_Pretrained,test
data/processed/test\Lactarius\0891_y4giXhWdmzg.jpg,Lactarius,Lactarius,True,0.8365132212638855,0.007403399999020621,MobileNetV2_Pretrained,test
data/processed/test\Lactarius\0894_faLSlbF53CA.jpg,Lactarius,Lactarius,True,0.8186414241790771,0.00805439999930968,MobileNetV2_Pretrained,test
data/processed/test\Lactarius\0898_H5ncLRcbiOQ.jpg,Lactarius,Lactarius,True,0.8072496056556702,0.007736800000202493,MobileNetV2_Pretrained,test
data/processed/test\Lactarius\089_AJoVxJM23M4.jpg,Lactarius,Lactarius,True,0.8395707607269287,0.007557300001280964,MobileNetV2_Pretrained,test
data/processed/test\Lactarius\0904_Z0MfidvU7JU.jpg,Lactarius,Lactarius,True,0.39640551805496216,0.0074903999993694015,MobileNetV2_Pretrained,test
data/processed/test\Lactarius\0924_mvAXbhaPY-k.jpg,Lactarius,Russula,False,0.5915088057518005,0.007020799999736482,MobileNetV2_Pretrained,test
data/processed/test\Lactarius\0931_qYe0VtJnAhQ.jpg,Lactarius,Boletus,False,0.8758525848388672,0.00992979999864474,MobileNetV2_Pretrained,test
data/processed/test\Lactarius\0941_SIWGBlVT-DI.jpg,Lactarius,Lactarius,True,0.8345192670822144,0.010105299999850104,MobileNetV2_Pretrained,test
data/processed/test\Lactarius\0948_omWNNnbQkxU.jpg,Lactarius,Lactarius,True,0.7349387407302856,0.008079899998847395,MobileNetV2_Pretrained,test
data/processed/test\Lactarius\094_-2iyr_W_qvQ.jpg,Lactarius,Lactarius,True,0.495815247297287,0.007612999999764725,MobileNetV2_Pretrained,test
data/processed/test\Lactarius\0950_ijfkg6qgVms.jpg,Lactarius,Lactarius,True,0.5965051054954529,0.006886500001201057,MobileNetV2_Pretrained,test
data/processed/test\Lactarius\095_BtaRrYfMJVs.jpg,Lactarius,Lactarius,True,0.2865791916847229,0.006961699999010307,MobileNetV2_Pretrained,test
data/processed/test\Lactarius\0966_RRkmCZs4Hgk.jpg,Lactarius,Lactarius,True,0.8698922991752625,0.0069631000005756505,MobileNetV2_Pretrained,test
data/processed/test\Lactarius\0968_D_TOmURQt5M.jpg,Lactarius,Lactarius,True,0.4286099374294281,0.006749899999704212,MobileNetV2_Pretrained,test
data/processed/test\Lactarius\0975_TPuBswVPF4E.jpg,Lactarius,Lactarius,True,0.8248174786567688,0.006995899999310495,MobileNetV2_Pretrained,test
data/processed/test\Lactarius\0978_f0jCRe74OWg.jpg,Lactarius,Lactarius,True,0.7977434396743774,0.007047300001431722,MobileNetV2_Pretrained,test
data/processed/test\Lactarius\097_EnaERH1OSng.jpg,Lactarius,Lactarius,True,0.7243907451629639,0.007206999998743413,MobileNetV2_Pretrained,test
data/processed/test\Lactarius\0980_m_ohZyV7g-Y.jpg,Lactarius,Lactarius,True,0.6486082077026367,0.007025999999314081,MobileNetV2_Pretrained,test
data/processed/test\Lactarius\0990_eosoYFrwQLI.jpg,Lactarius,Lactarius,True,0.9371751546859741,0.006985300000451389,MobileNetV2_Pretrained,test
data/processed/test\Lactarius\0993_vWFD5m5EFdw.jpg,Lactarius,Lactarius,True,0.42221513390541077,0.007936900001368485,MobileNetV2_Pretrained,test
data/processed/test\Lactarius\0997_I_lCHDRsFnk.jpg,Lactarius,Lactarius,True,0.6195744276046753,0.00706729999910749,MobileNetV2_Pretrained,test
data/processed/test\Lactarius\099_tlQryExCSSc.jpg,Lactarius,Lactarius,True,0.7924686074256897,0.0067335999992792495,MobileNetV2_Pretrained,test
data/processed/test\Lactarius\1023_5KzdIbZlWao.jpg,Lactarius,Lactarius,True,0.6304304003715515,0.006774899999072659,MobileNetV2_Pretrained,test
data/processed/test\Lactarius\1031_-Xmag74uj8c.jpg,Lactarius,Lactarius,True,0.7477124929428101,0.006881400000565918,MobileNetV2_Pretrained,test
data/processed/test\Lactarius\1035_5IsEFXEEEaY.jpg,Lactarius,Lactarius,True,0.41654735803604126,0.007012599999143276,MobileNetV2_Pretrained,test
data/processed/test\Lactarius\1039_IeXUvS5caiU.jpg,Lactarius,Lactarius,True,0.7642461061477661,0.007601400000567082,MobileNetV2_Pretrained,test
data/processed/test\Lactarius\1051_OqWmAht3bQo.jpg,Lactarius,Lactarius,True,0.9338902831077576,0.007004500001130509,MobileNetV2_Pretrained,test
data/processed/test\Lactarius\1084__qV9VGarloM.jpg,Lactarius,Entoloma,False,0.3931194543838501,0.007558999999673688,MobileNetV2_Pretrained,test
data/processed/test\Lactarius\1087_T-XOvJDzPj4.jpg,Lactarius,Lactarius,True,0.701817512512207,0.007593799999085604,MobileNetV2_Pretrained,test
data/processed/test\Lactarius\108_M1XYdkUcelY.jpg,Lactarius,Amanita,False,0.2719354033470154,0.007056599999486934,MobileNetV2_Pretrained,test
data/processed/test\Lactarius\1095_DTLgzikyFDc.jpg,Lactarius,Lactarius,True,0.7437612414360046,0.007042499999442953,MobileNetV2_Pretrained,test
data/processed/test\Lactarius\1102_LESYYltPhNw.jpg,Lactarius,Lactarius,True,0.8446146249771118,0.0067050999987259274,MobileNetV2_Pretrained,test
data/processed/test\Lactarius\1104_Top2jkbHf3c.jpg,Lactarius,Lactarius,True,0.43811988830566406,0.006881499999508378,MobileNetV2_Pretrained,test
data/processed/test\Lactarius\1108_Drq20AGMUPU.jpg,Lactarius,Lactarius,True,0.862109899520874,0.006833600000391016,MobileNetV2_Pretrained,test
data/processed/test\Lactarius\1112_BjWWPLj9vfs.jpg,Lactarius,Lactarius,True,0.701817512512207,0.008015399998839712,MobileNetV2_Pretrained,test
data/processed/test\Lactarius\1119_97YWRRfAMdE.jpg,Lactarius,Lactarius,True,0.689177393913269,0.0076396000004024245,MobileNetV2_Pretrained,test
data/processed/test\Lactarius\1126_OzpDgrwjWNc.jpg,Lactarius,Russula,False,0.80626380443573,0.008481599999868195,MobileNetV2_Pretrained,test
data/processed/test\Lactarius\1133_HDYDTLTS4FA.jpg,Lactarius,Russula,False,0.6856683492660522,0.008307199999762815,MobileNetV2_Pretrained,test
data/processed/test\Lactarius\1140_L4hzKxVbQc0.jpg,Lactarius,Cortinarius,False,0.3540668785572052,0.0083520000007411,MobileNetV2_Pretrained,test
data/processed/test\Lactarius\1144_d52jIf1q8OQ.jpg,Lactarius,Lactarius,True,0.8549666404724121,0.007620899999892572,MobileNetV2_Pretrained,test
data/processed/test\Lactarius\1157_lIsQAIM1Bms.jpg,Lactarius,Lactarius,True,0.6161958575248718,0.008043300000281306,MobileNetV2_Pretrained,test
data/processed/test\Lactarius\1163_6urWblLWaP0.jpg,Lactarius,Lactarius,True,0.5652467012405396,0.007287899999937508,MobileNetV2_Pretrained,test
data/processed/test\Lactarius\1164_sa2vKVnzdDU.jpg,Lactarius,Lactarius,True,0.612798810005188,0.007570199999463512,MobileNetV2_Pretrained,test
data/processed/test\Lactarius\1168_liGHHAZOR28.jpg,Lactarius,Lactarius,True,0.38936176896095276,0.007770999998683692,MobileNetV2_Pretrained,test
data/processed/test\Lactarius\1185_l8CcBJMEx4U.jpg,Lactarius,Lactarius,True,0.5428478121757507,0.007186200000433018,MobileNetV2_Pretrained,test
data/processed/test\Lactarius\1187_SFmMgNJ91-I.jpg,Lactarius,Lactarius,True,0.8799131512641907,0.007579199998872355,MobileNetV2_Pretrained,test
data/processed/test\Lactarius\1194_Q_-2-NBIRlk.jpg,Lactarius,Lactarius,True,0.6844967603683472,0.007628900000781869,MobileNetV2_Pretrained,test
data/processed/test\Lactarius\1199_hy7BCb0o9Ss.jpg,Lactarius,Inocybe,False,0.3483017385005951,0.007830700000340585,MobileNetV2_Pretrained,test
data/processed/test\Lactarius\1205_V_YJfaEofno.jpg,Lactarius,Lactarius,True,0.35648390650749207,0.007453600001099403,MobileNetV2_Pretrained,test
data/processed/test\Lactarius\1209_-oHFXkHNN6c.jpg,Lactarius,Lactarius,True,0.7927848100662231,0.007594999999128049,MobileNetV2_Pretrained,test
data/processed/test\Lactarius\1210_5y8ObCFK_r4.jpg,Lactarius,Lactarius,True,0.5821680426597595,0.008147300000928226,MobileNetV2_Pretrained,test
data/processed/test\Lactarius\1213_E6SGc19pJFY.jpg,Lactarius,Suillus,False,0.36358267068862915,0.007487500000934233,MobileNetV2_Pretrained,test
data/processed/test\Lactarius\1223_6yV3bv_fpo8.jpg,Lactarius,Lactarius,True,0.8091945648193359,0.006685199999992619,MobileNetV2_Pretrained,test
data/processed/test\Lactarius\1224_Yn3W7OW8tkQ.jpg,Lactarius,Lactarius,True,0.9728058576583862,0.007108199999493081,MobileNetV2_Pretrained,test
data/processed/test\Lactarius\1226_nyvT8mRno3g.jpg,Lactarius,Boletus,False,0.4120691120624542,0.006827299999713432,MobileNetV2_Pretrained,test
data/processed/test\Lactarius\122_W_5GcNcAuN4.jpg,Lactarius,Lactarius,True,0.5562668442726135,0.007325700000365032,MobileNetV2_Pretrained,test
data/processed/test\Lactarius\1251_bPDEkspIv50.jpg,Lactarius,Lactarius,True,0.4748292565345764,0.013288899999679415,MobileNetV2_Pretrained,test
data/processed/test\Lactarius\1252_73K3pd3sWMQ.jpg,Lactarius,Lactarius,True,0.9144971370697021,0.007958799998959876,MobileNetV2_Pretrained,test
data/processed/test\Lactarius\128_dfE8pjx6FdQ.jpg,Lactarius,Amanita,False,0.6243615746498108,0.006939599999896018,MobileNetV2_Pretrained,test
data/processed/test\Lactarius\136_2lSzCzGC8cs.jpg,Lactarius,Lactarius,True,0.8397068977355957,0.007488799999919138,MobileNetV2_Pretrained,test
data/processed/test\Lactarius\140_exY6qQ3hXgY.jpg,Lactarius,Inocybe,False,0.40406954288482666,0.0069174000000202795,MobileNetV2_Pretrained,test
data/processed/test\Lactarius\149_CwuowlVAMxY.jpg,Lactarius,Lactarius,True,0.459496408700943,0.008306800000354997,MobileNetV2_Pretrained,test
data/processed/test\Lactarius\153_gN8-LTmbt4U.jpg,Lactarius,Lactarius,True,0.9158245921134949,0.007582299998830422,MobileNetV2_Pretrained,test
data/processed/test\Lactarius\164_YmyEAa79xJY.jpg,Lactarius,Russula,False,0.5248764753341675,0.007526200000938843,MobileNetV2_Pretrained,test
data/processed/test\Lactarius\166_m4APlqR5cX8.jpg,Lactarius,Lactarius,True,0.7020004391670227,0.006742199999280274,MobileNetV2_Pretrained,test
data/processed/test\Lactarius\167_sbpN5cmc4Qw.jpg,Lactarius,Lactarius,True,0.7376148104667664,0.00773279999884835,MobileNetV2_Pretrained,test
data/processed/test\Lactarius\172_AtgfiwOgTAk.jpg,Lactarius,Lactarius,True,0.9016285538673401,0.007233399999677204,MobileNetV2_Pretrained,test
data/processed/test\Lactarius\175_I_Sk3JdyB8Q.jpg,Lactarius,Lactarius,True,0.6778143048286438,0.0077305000013438985,MobileNetV2_Pretrained,test
data/processed/test\Lactarius\176_7c5SOZYoEEQ.jpg,Lactarius,Russula,False,0.48217031359672546,0.00754140000026382,MobileNetV2_Pretrained,test
data/processed/test\Lactarius\182_Z_eMo84pz4w.jpg,Lactarius,Lactarius,True,0.6812957525253296,0.007832999999664025,MobileNetV2_Pretrained,test
data/processed/test\Lactarius\186_vqv6RGdM7tQ.jpg,Lactarius,Lactarius,True,0.9180639386177063,0.007678800000576302,MobileNetV2_Pretrained,test
data/processed/test\Lactarius\187_9b5XfCCHe9s.jpg,Lactarius,Lactarius,True,0.6480776071548462,0.007145199999285978,MobileNetV2_Pretrained,test
data/processed/test\Lactarius\188__ssneZ3zq44.jpg,Lactarius,Lactarius,True,0.7232213020324707,0.007122299999537063,MobileNetV2_Pretrained,test
data/processed/test\Lactarius\200_h-AIr5ayQw8.jpg,Lactarius,Russula,False,0.7072005867958069,0.007329000000027008,MobileNetV2_Pretrained,test
data/processed/test\Lactarius\204_5earXwj40js.jpg,Lactarius,Boletus,False,0.7510106563568115,0.007881599998654565,MobileNetV2_Pretrained,test
data/processed/test\Lactarius\206_32LgeIY1Yeg.jpg,Lactarius,Lactarius,True,0.6285428404808044,0.009083999999347725,MobileNetV2_Pretrained,test
data/processed/test\Lactarius\216_XQewJ4iZ0SE.jpg,Lactarius,Lactarius,True,0.8773243427276611,0.0073916999990615295,MobileNetV2_Pretrained,test
data/processed/test\Lactarius\217_NouQvvUbzkI.jpg,Lactarius,Lactarius,True,0.6933431029319763,0.006562000000485568,MobileNetV2_Pretrained,test
data/processed/test\Lactarius\220_s7m6OJgigsQ.jpg,Lactarius,Lactarius,True,0.4327484965324402,0.008257299999968382,MobileNetV2_Pretrained,test
data/processed/test\Lactarius\221_gFGMtF63hew.jpg,Lactarius,Lactarius,True,0.5631297826766968,0.006756300001143245,MobileNetV2_Pretrained,test
data/processed/test\Lactarius\233_Zrhk_kzm9RI.jpg,Lactarius,Lactarius,True,0.7211258411407471,0.006678400000964757,MobileNetV2_Pretrained,test
data/processed/test\Lactarius\243_Kcz6T9Gexhs.jpg,Lactarius,Russula,False,0.37340807914733887,0.007157699999879696,MobileNetV2_Pretrained,test
data/processed/test\Lactarius\245_8a_KwW3R88w.jpg,Lactarius,Russula,False,0.4829590320587158,0.007820500000889297,MobileNetV2_Pretrained,test
data/processed/test\Lactarius\246_RXGb-uY_OT0.jpg,Lactarius,Lactarius,True,0.8556995987892151,0.007491099999242579,MobileNetV2_Pretrained,test
data/processed/test\Lactarius\253_04FkFVirQ7Y.jpg,Lactarius,Russula,False,0.9138267636299133,0.0070952000005490845,MobileNetV2_Pretrained,test
data/processed/test\Lactarius\263_q4EWqSw73ss.jpg,Lactarius,Entoloma,False,0.46442073583602905,0.006747600000380771,MobileNetV2_Pretrained,test
data/processed/test\Lactarius\276_hZykQcrhdmk.jpg,Lactarius,Lactarius,True,0.8928861021995544,0.006902999999510939,MobileNetV2_Pretrained,test
data/processed/test\Lactarius\288_q9eXJ9RotUs.jpg,Lactarius,Lactarius,True,0.42882874608039856,0.007074200000715791,MobileNetV2_Pretrained,test
data/processed/test\Lactarius\295_d1IVZwM135g.jpg,Lactarius,Russula,False,0.26350563764572144,0.007013799999185721,MobileNetV2_Pretrained,test
data/processed/test\Lactarius\310_MVmkt2VWorA.jpg,Lactarius,Russula,False,0.6808062195777893,0.007102700001269113,MobileNetV2_Pretrained,test
data/processed/test\Lactarius\312_Kxi6Fhuexdw.jpg,Lactarius,Lactarius,True,0.5689182281494141,0.007255700000314391,MobileNetV2_Pretrained,test
data/processed/test\Lactarius\327_Hk8VyUuKT-A.jpg,Lactarius,Lactarius,True,0.7260903120040894,0.006789900000512716,MobileNetV2_Pretrained,test
data/processed/test\Lactarius\333_NGUe2XVS3hk.jpg,Lactarius,Lactarius,True,0.6817501187324524,0.006978999999773805,MobileNetV2_Pretrained,test
data/processed/test\Lactarius\335_fqi3SPxPO_M.jpg,Lactarius,Cortinarius,False,0.5706067681312561,0.00823810000110825,MobileNetV2_Pretrained,test
data/processed/test\Lactarius\338_SSuhFw6v6bo.jpg,Lactarius,Cortinarius,False,0.33722418546676636,0.006873000000268803,MobileNetV2_Pretrained,test
data/processed/test\Lactarius\340_eLuW-nUYdC0.jpg,Lactarius,Suillus,False,0.4411267340183258,0.009282099999836646,MobileNetV2_Pretrained,test
data/processed/test\Lactarius\353_ZQcLrpjLWBc.jpg,Lactarius,Lactarius,True,0.7291664481163025,0.007127200000468292,MobileNetV2_Pretrained,test
data/processed/test\Lactarius\355_THNiI8IQ5e4.jpg,Lactarius,Lactarius,True,0.702049970626831,0.0074784999997064006,MobileNetV2_Pretrained,test
data/processed/test\Lactarius\364_TiFrgt8za6w.jpg,Lactarius,Lactarius,True,0.7828745245933533,0.007294000000911183,MobileNetV2_Pretrained,test
data/processed/test\Lactarius\365_gihWtePuGlo.jpg,Lactarius,Lactarius,True,0.9423390626907349,0.007690000000366126,MobileNetV2_Pretrained,test
data/processed/test\Lactarius\373_sb1ABlLL_Io.jpg,Lactarius,Lactarius,True,0.8143548369407654,0.006875100001707324,MobileNetV2_Pretrained,test
data/processed/test\Lactarius\381_70eN3baoMiU.jpg,Lactarius,Lactarius,True,0.47239983081817627,0.007062199998472352,MobileNetV2_Pretrained,test
data/processed/test\Lactarius\391_x5VHqfidZUA.jpg,Lactarius,Lactarius,True,0.9749300479888916,0.006774199999199482,MobileNetV2_Pretrained,test
data/processed/test\Lactarius\394_pA_n_Wu4_60.jpg,Lactarius,Lactarius,True,0.7717892527580261,0.00789950000034878,MobileNetV2_Pretrained,test
data/processed/test\Lactarius\410_gHeG6gEpGT8.jpg,Lactarius,Lactarius,True,0.7566201090812683,0.0076819999994768295,MobileNetV2_Pretrained,test
data/processed/test\Lactarius\412_r_okI2cO5S4.jpg,Lactarius,Lactarius,True,0.838919460773468,0.008088699998552329,MobileNetV2_Pretrained,test
data/processed/test\Russula\001_iKuK1p9EOJ0.jpg,Russula,Russula,True,0.7042583227157593,0.0073088999997708015,MobileNetV2_Pretrained,test
data/processed/test\Russula\007_gZhfQcNeM9U.jpg,Russula,Lactarius,False,0.721792995929718,0.008834599999318016,MobileNetV2_Pretrained,test
data/processed/test\Russula\008_Dz7lB9JtqxQ.jpg,Russula,Russula,True,0.7867493629455566,0.007864699999117875,MobileNetV2_Pretrained,test
data/processed/test\Russula\013_LGHqXuWMeHE.jpg,Russula,Russula,True,0.6224303245544434,0.006852500000604778,MobileNetV2_Pretrained,test
data/processed/test\Russula\014_a6ZorjAMstY.jpg,Russula,Lactarius,False,0.27005675435066223,0.006694199999401462,MobileNetV2_Pretrained,test
data/processed/test\Russula\019_EKkNgTevh1g.jpg,Russula,Lactarius,False,0.8180588483810425,0.00791639999988547,MobileNetV2_Pretrained,test
data/processed/test\Russula\024_rhgAyyNHSJo.jpg,Russula,Russula,True,0.2612219750881195,0.0074683999991975725,MobileNetV2_Pretrained,test
data/processed/test\Russula\025_k35cqXEzH7Y.jpg,Russula,Russula,True,0.6177784204483032,0.0074867000002996065,MobileNetV2_Pretrained,test
data/processed/test\Russula\030_sCKfBfNbOl4.jpg,Russula,Russula,True,0.4126211702823639,0.006891499999255757,MobileNetV2_Pretrained,test
data/processed/test\Russula\039_ikQwz6n6X4o.jpg,Russula,Russula,True,0.9672823548316956,0.0070964999995339895,MobileNetV2_Pretrained,test
data/processed/test\Russula\043_a_5lm55zCVc.jpg,Russula,Inocybe,False,0.4218488931655884,0.007031400000414578,MobileNetV2_Pretrained,test
data/processed/test\Russula\043_fOQ2ffx-cy8.jpg,Russula,Russula,True,0.8300074338912964,0.007359799999903771,MobileNetV2_Pretrained,test
data/processed/test\Russula\047_eHKYt6tnSCs.jpg,Russula,Russula,True,0.5648674368858337,0.007815999999365886,MobileNetV2_Pretrained,test
data/processed/test\Russula\050_MwOq3EeFUvc.jpg,Russula,Russula,True,0.5887424945831299,0.006974699999773293,MobileNetV2_Pretrained,test
data/processed/test\Russula\057_jOjOWsmPwSs.jpg,Russula,Inocybe,False,0.4283671975135803,0.008428799999819603,MobileNetV2_Pretrained,test
data/processed/test\Russula\058_rXtA5QC0tm0.jpg,Russula,Russula,True,0.30210980772972107,0.006746700000803685,MobileNetV2_Pretrained,test
data/processed/test\Russula\064_7LLSFgmojbg.jpg,Russula,Russula,True,0.8956303000450134,0.0069953000001987675,MobileNetV2_Pretrained,test
data/processed/test\Russula\066_QwlTSWbST_A.jpg,Russula,Russula,True,0.8624938130378723,0.007092499999998836,MobileNetV2_Pretrained,test
data/processed/test\Russula\067_1HwiqbR9nY4.jpg,Russula,Russula,True,0.7912821769714355,0.00697290000061912,MobileNetV2_Pretrained,test
data/processed/test\Russula\087_dkTD8ebKnDo.jpg,Russula,Russula,True,0.9786620736122131,0.007589799999550451,MobileNetV2_Pretrained,test
data/processed/test\Russula\090_wTqyZFVyKa4.jpg,Russula,Russula,True,0.8219115734100342,0.007935200001156772,MobileNetV2_Pretrained,test
data/processed/test\Russula\091_OhbGtsJOrac.jpg,Russula,Russula,True,0.7113556861877441,0.008114700000078301,MobileNetV2_Pretrained,test
data/processed/test\Russula\096_RZyKfwF8OnQ.jpg,Russula,Russula,True,0.9725154638290405,0.00692700000035984,MobileNetV2_Pretrained,test
data/processed/test\Russula\097_MDNp4nnFbsU.jpg,Russula,Russula,True,0.7129501104354858,0.007869499999287655,MobileNetV2_Pretrained,test
data/processed/test\Russula\097_vcRnfngKDrA.jpg,Russula,Russula,True,0.9161393642425537,0.007651399999303976,MobileNetV2_Pretrained,test
data/processed/test\Russula\102_ZPT8jUM20PQ.jpg,Russula,Lactarius,False,0.8056761026382446,0.00684479999836185,MobileNetV2_Pretrained,test
data/processed/test\Russula\104_Rsfyh5xO7v4.jpg,Russula,Lactarius,False,0.7860344648361206,0.0070190000005823094,MobileNetV2_Pretrained,test
data/processed/test\Russula\105_-Z8GVGlP6ZQ.jpg,Russula,Lactarius,False,0.5111750364303589,0.006846700000096462,MobileNetV2_Pretrained,test
data/processed/test\Russula\110_Dq7-S4a1PBA.jpg,Russula,Russula,True,0.4376949667930603,0.00806630000079167,MobileNetV2_Pretrained,test
data/processed/test\Russula\110_tI1gcfV67iM.jpg,Russula,Boletus,False,0.40920010209083557,0.008038199999646167,MobileNetV2_Pretrained,test
data/processed/test\Russula\112_LjHLUTH9Ofo.jpg,Russula,Russula,True,0.6543676853179932,0.006881699999212287,MobileNetV2_Pretrained,test
data/processed/test\Russula\115_421ZUjl0L6I.jpg,Russula,Lactarius,False,0.5384457111358643,0.007031200000710669,MobileNetV2_Pretrained,test
data/processed/test\Russula\116_1OsHlMx-dSQ.jpg,Russula,Lactarius,False,0.7146638631820679,0.006889800000863033,MobileNetV2_Pretrained,test
data/processed/test\Russula\121_G6PKJxVEa-M.jpg,Russula,Amanita,False,0.5210806727409363,0.0071690999993734295,MobileNetV2_Pretrained,test
data/processed/test\Russula\127_VbgJEufLv7I.jpg,Russula,Inocybe,False,0.3012270927429199,0.0076942000014241785,MobileNetV2_Pretrained,test
data/processed/test\Russula\139_H3FH6JjjTzg.jpg,Russula,Russula,True,0.9156378507614136,0.007356199999776436,MobileNetV2_Pretrained,test
data/processed/test\Russula\145_o2dRwsYbjMY.jpg,Russula,Russula,True,0.33191969990730286,0.008077000000412227,MobileNetV2_Pretrained,test
data/processed/test\Russula\150_HG0rdEL96d8.jpg,Russula,Russula,True,0.9959000945091248,0.0077807999987271614,MobileNetV2_Pretrained,test
data/processed/test\Russula\152_T7Jz4WBLsEQ.jpg,Russula,Russula,True,0.5916391015052795,0.007318799998756731,MobileNetV2_Pretrained,test
data/processed/test\Russula\165_iSv1-9PofVg.jpg,Russula,Russula,True,0.9325134754180908,0.006842099999630591,MobileNetV2_Pretrained,test
data/processed/test\Russula\167_9loyXWNmBDI.jpg,Russula,Lactarius,False,0.6871082186698914,0.007872599999245722,MobileNetV2_Pretrained,test
data/processed/test\Russula\170_8gD6VgBIRW8.jpg,Russula,Boletus,False,0.4338521659374237,0.007118999999875086,MobileNetV2_Pretrained,test
data/processed/test\Russula\174_ZHZm2cjKSd4.jpg,Russula,Russula,True,0.6533178687095642,0.007327499999519205,MobileNetV2_Pretrained,test
data/processed/test\Russula\183_7HPLUZ0JPGw.jpg,Russula,Russula,True,0.5861223340034485,0.007945399998789071,MobileNetV2_Pretrained,test
data/processed/test\Russula\187_eVoSi006rJc.jpg,Russula,Russula,True,0.5893211364746094,0.007636800000909716,MobileNetV2_Pretrained,test
data/processed/test\Russula\190_jB_ANV0GfGc.jpg,Russula,Lactarius,False,0.5126559734344482,0.008220100000471575,MobileNetV2_Pretrained,test
data/processed/test\Russula\193_0iPR4s0EgAE.jpg,Russula,Russula,True,0.4334661662578583,0.0070845999998709885,MobileNetV2_Pretrained,test
data/processed/test\Russula\194_NP3riIl0ZRw.jpg,Russula,Russula,True,0.5113806128501892,0.007465000000593136,MobileNetV2_Pretrained,test
data/processed/test\Russula\196_8vqiUiCZSf4.jpg,Russula,Lactarius,False,0.3553912937641144,0.007013599999481812,MobileNetV2_Pretrained,test
data/processed/test\Russula\197_8SaITt5hQBY.jpg,Russula,Amanita,False,0.7669507265090942,0.007105799999408191,MobileNetV2_Pretrained,test
data/processed/test\Russula\200_JMAjbr8Po8M.jpg,Russula,Russula,True,0.5953512191772461,0.007754899999781628,MobileNetV2_Pretrained,test
data/processed/test\Russula\203_7ZDu3mnm2D8.jpg,Russula,Lactarius,False,0.4350934624671936,0.007887800000389689,MobileNetV2_Pretrained,test
data/processed/test\Russula\212_mAsF0Tdhqu8.jpg,Russula,Hygrocybe,False,0.42779144644737244,0.007687699999223696,MobileNetV2_Pretrained,test
data/processed/test\Russula\218_zKx8R11Bjuo.jpg,Russula,Russula,True,0.9469301700592041,0.007803200000125798,MobileNetV2_Pretrained,test
data/processed/test\Russula\219_Tj5ZWF3-yCc.jpg,Russula,Russula,True,0.3598145842552185,0.00770830000146816,MobileNetV2_Pretrained,test
data/processed/test\Russula\220_LB02R316CKc.jpg,Russula,Russula,True,0.8547818064689636,0.007709099998464808,MobileNetV2_Pretrained,test
data/processed/test\Russula\221_GAqgMbeBJ_w.jpg,Russula,Russula,True,0.8776690363883972,0.007962000001498382,MobileNetV2_Pretrained,test
data/processed/test\Russula\222_l5ppfQIYS20.jpg,Russula,Russula,True,0.537376344203949,0.0072921000009955605,MobileNetV2_Pretrained,test
data/processed/test\Russula\229_GvS-zosxGjw.jpg,Russula,Russula,True,0.8747745752334595,0.0076832999984617345,MobileNetV2_Pretrained,test
data/processed/test\Russula\232_mX205dWbGSs.jpg,Russula,Russula,True,0.7570626139640808,0.00882399999863992,MobileNetV2_Pretrained,test
data/processed/test\Russula\237_ngiHar4V9OQ.jpg,Russula,Inocybe,False,0.44369491934776306,0.00872239999989688,MobileNetV2_Pretrained,test
data/processed/test\Russula\251_fEoTrBJW8cM.jpg,Russula,Russula,True,0.9927107095718384,0.007759599999189959,MobileNetV2_Pretrained,test
data/processed/test\Russula\255_Kb8wme58c30.jpg,Russula,Russula,True,0.9197632670402527,0.007047499999316642,MobileNetV2_Pretrained,test
data/processed/test\Russula\274_HgGEtks3OsI.jpg,Russula,Russula,True,0.5540047287940979,0.0066723999989335425,MobileNetV2_Pretrained,test
data/processed/test\Russula\275_pEbq4xW22Ag.jpg,Russula,Russula,True,0.6582162976264954,0.0070756000004621455,MobileNetV2_Pretrained,test
data/processed/test\Russula\280_dQwEUooNmxU.jpg,Russula,Russula,True,0.4983460307121277,0.007032999999864842,MobileNetV2_Pretrained,test
data/processed/test\Russula\284_mG2jZJaeiac.jpg,Russula,Russula,True,0.6105687618255615,0.008068499999353662,MobileNetV2_Pretrained,test
data/processed/test\Russula\285_rVkKIZjTiRM.jpg,Russula,Agaricus,False,0.4333271086215973,0.007004999999480788,MobileNetV2_Pretrained,test
data/processed/test\Russula\287_aSnnhXszXBg.jpg,Russula,Lactarius,False,0.7230852842330933,0.00707949999923585,MobileNetV2_Pretrained,test
data/processed/test\Russula\298_6kweHNZ0RfI.jpg,Russula,Russula,True,0.7323526740074158,0.0067853000000468455,MobileNetV2_Pretrained,test
data/processed/test\Russula\305_tdJxN8UQo7I.jpg,Russula,Russula,True,0.9781748056411743,0.007428599999911967,MobileNetV2_Pretrained,test
data/processed/test\Russula\317_8tQhlDlTHhY.jpg,Russula,Russula,True,0.8975117802619934,0.007884099999500904,MobileNetV2_Pretrained,test
data/processed/test\Russula\322_Ai1EXB8gNws.jpg,Russula,Russula,True,0.9878496527671814,0.007127999999283929,MobileNetV2_Pretrained,test
data/processed/test\Russula\329_PxteNH5w9Yk.jpg,Russula,Russula,True,0.9405602812767029,0.00716169999941485,MobileNetV2_Pretrained,test
data/processed/test\Russula\333_7pP8aVQf3Do.jpg,Russula,Russula,True,0.9565327763557434,0.007272200000443263,MobileNetV2_Pretrained,test
data/processed/test\Russula\338_HPnjALipi70.jpg,Russula,Russula,True,0.9438876509666443,0.007646800000657095,MobileNetV2_Pretrained,test
data/processed/test\Russula\342_CJXxi8f2DOI.jpg,Russula,Russula,True,0.5693586468696594,0.0076432000005297596,MobileNetV2_Pretrained,test
data/processed/test\Russula\349_YRE4p7LbKdg.jpg,Russula,Russula,True,0.43041616678237915,0.007954400000016904,MobileNetV2_Pretrained,test
data/processed/test\Russula\352_ykL56k89IoE.jpg,Russula,Russula,True,0.943411111831665,0.009132200000749435,MobileNetV2_Pretrained,test
data/processed/test\Russula\354_SXkK0j9UPcc.jpg,Russula,Inocybe,False,0.37463662028312683,0.007734300001175143,MobileNetV2_Pretrained,test
data/processed/test\Russula\366_Rmr_uH_m3Lc.jpg,Russula,Russula,True,0.4336928129196167,0.008917900000597001,MobileNetV2_Pretrained,test
data/processed/test\Russula\375_h9oJuORZEoQ.jpg,Russula,Russula,True,0.9545862674713135,0.006820299999162671,MobileNetV2_Pretrained,test
data/processed/test\Russula\382_etpGgqzjXAw.jpg,Russula,Russula,True,0.8856340646743774,0.009636000000682543,MobileNetV2_Pretrained,test
data/processed/test\Russula\391_FoHQbZ-kW6k.jpg,Russula,Russula,True,0.9134437441825867,0.007172499999796855,MobileNetV2_Pretrained,test
data/processed/test\Russula\396_vxteiV8es0s.jpg,Russula,Russula,True,0.8866695761680603,0.0074397999997017905,MobileNetV2_Pretrained,test
data/processed/test\Russula\398_0WzJw-BGE1E.jpg,Russula,Russula,True,0.6858293414115906,0.007620399999723304,MobileNetV2_Pretrained,test
data/processed/test\Russula\401_ZfuzzDXFsRU.jpg,Russula,Russula,True,0.3233509957790375,0.007637299999259994,MobileNetV2_Pretrained,test
data/processed/test\Russula\406_krT07UQMp10.jpg,Russula,Lactarius,False,0.5722950100898743,0.007691900000281748,MobileNetV2_Pretrained,test
data/processed/test\Russula\409_BMzCz6qsXNs.jpg,Russula,Russula,True,0.9585877656936646,0.0072350999998889165,MobileNetV2_Pretrained,test
data/processed/test\Russula\412_hK_N_vllKHo.jpg,Russula,Russula,True,0.8743041157722473,0.006889000000228407,MobileNetV2_Pretrained,test
data/processed/test\Russula\415_UJ1wPsUTn48.jpg,Russula,Russula,True,0.24811020493507385,0.0072636000004422385,MobileNetV2_Pretrained,test
data/processed/test\Russula\416_HL5U3TXaTig.jpg,Russula,Russula,True,0.8637246489524841,0.006575100000191014,MobileNetV2_Pretrained,test
data/processed/test\Russula\421_8j91Sr4g8Kc.jpg,Russula,Russula,True,0.39588168263435364,0.007453700000041863,MobileNetV2_Pretrained,test
data/processed/test\Russula\426_RHi0dlqqt8o.jpg,Russula,Inocybe,False,0.4068145453929901,0.0076771999993070494,MobileNetV2_Pretrained,test
data/processed/test\Russula\427_x9THSIBmhjg.jpg,Russula,Russula,True,0.5999507904052734,0.007697299999563256,MobileNetV2_Pretrained,test
data/processed/test\Russula\430_DSSYi6MPrgM.jpg,Russula,Russula,True,0.8207435607910156,0.006995899999310495,MobileNetV2_Pretrained,test
data/processed/test\Russula\431_6aLV-mYubzE.jpg,Russula,Russula,True,0.8568055033683777,0.00711570000021311,MobileNetV2_Pretrained,test
data/processed/test\Russula\437_CT0j4-xyw0U.jpg,Russula,Russula,True,0.9517461657524109,0.007121599999663886,MobileNetV2_Pretrained,test
data/processed/test\Russula\439_Qy56g_UefV0.jpg,Russula,Russula,True,0.76340252161026,0.006936100000530132,MobileNetV2_Pretrained,test
data/processed/test\Russula\441_OLHvhkXV5z4.jpg,Russula,Russula,True,0.9287149906158447,0.00725119999879098,MobileNetV2_Pretrained,test
data/processed/test\Russula\448_EjNRPvABLWs.jpg,Russula,Russula,True,0.8355013132095337,0.006944299999304349,MobileNetV2_Pretrained,test
data/processed/test\Russula\452_LFlsAAAX9hI.jpg,Russula,Russula,True,0.3061603605747223,0.007916900000054738,MobileNetV2_Pretrained,test
data/processed/test\Russula\454_uTMl-t0RwNE.jpg,Russula,Russula,True,0.8081480264663696,0.006887300000016694,MobileNetV2_Pretrained,test
data/processed/test\Russula\458_qK1_4b1eE6c.jpg,Russula,Russula,True,0.6929659843444824,0.007002500000453438,MobileNetV2_Pretrained,test
data/processed/test\Russula\462_gCvKxkgbErI.jpg,Russula,Amanita,False,0.41546931862831116,0.006828799998402246,MobileNetV2_Pretrained,test
data/processed/test\Russula\469_EEz8Pm-LqCM.jpg,Russula,Russula,True,0.8569998741149902,0.0074903999993694015,MobileNetV2_Pretrained,test
data/processed/test\Russula\473_-0mqqVq-2vk.jpg,Russula,Russula,True,0.8309147357940674,0.007847299999411916,MobileNetV2_Pretrained,test
data/processed/test\Russula\476_fuSt9QgGDIk.jpg,Russula,Lactarius,False,0.5381131172180176,0.006976099999519647,MobileNetV2_Pretrained,test
data/processed/test\Russula\480_74nq3Oj1T0M.jpg,Russula,Russula,True,0.84759920835495,0.0081679000013537,MobileNetV2_Pretrained,test
data/processed/test\Russula\483_iDdkz4PNlOg.jpg,Russula,Russula,True,0.7715581655502319,0.01270719999956782,MobileNetV2_Pretrained,test
data/processed/test\Russula\490_Y5gzpOreJV8.jpg,Russula,Russula,True,0.9199368357658386,0.0069716999987576855,MobileNetV2_Pretrained,test
data/processed/test\Russula\494_4l6A9UlJ6HY.jpg,Russula,Russula,True,0.9196838140487671,0.012048500000673812,MobileNetV2_Pretrained,test
data/processed/test\Russula\497_hMPS4Vhoqqk.jpg,Russula,Russula,True,0.7772473692893982,0.007951399999001296,MobileNetV2_Pretrained,test
data/processed/test\Russula\498_iH4yNw872aM.jpg,Russula,Russula,True,0.997021496295929,0.006979400001000613,MobileNetV2_Pretrained,test
data/processed/test\Russula\502_nJw7weRVBlc.jpg,Russula,Russula,True,0.8979610800743103,0.007107500001438893,MobileNetV2_Pretrained,test
data/processed/test\Russula\511_viHZPnkp9nI.jpg,Russula,Russula,True,0.8025873303413391,0.007907899998826906,MobileNetV2_Pretrained,test
data/processed/test\Russula\513_e8OAjXau1_g.jpg,Russula,Russula,True,0.6233018040657043,0.007111099999747239,MobileNetV2_Pretrained,test
data/processed/test\Russula\515_-fmv5frqmeQ.jpg,Russula,Russula,True,0.9339622259140015,0.006800699999075732,MobileNetV2_Pretrained,test
data/processed/test\Russula\517_0X-ur3MZ6-g.jpg,Russula,Cortinarius,False,0.5389351844787598,0.0071572999986528885,MobileNetV2_Pretrained,test
data/processed/test\Russula\518_ddwb9zDz0EA.jpg,Russula,Boletus,False,0.5073127150535583,0.00684709999950428,MobileNetV2_Pretrained,test
data/processed/test\Russula\519_MgcY6NzuGRg.jpg,Russula,Russula,True,0.36869722604751587,0.006849100000181352,MobileNetV2_Pretrained,test
data/processed/test\Russula\519__Yn0OFxI1q4.jpg,Russula,Russula,True,0.37915924191474915,0.007091399998898851,MobileNetV2_Pretrained,test
data/processed/test\Russula\521_PoCOMLLE194.jpg,Russula,Suillus,False,0.3216213583946228,0.00837630000023637,MobileNetV2_Pretrained,test
data/processed/test\Russula\522_HB75V6h0zHA.jpg,Russula,Russula,True,0.693092405796051,0.007896999999502441,MobileNetV2_Pretrained,test
data/processed/test\Russula\529_ailR88iHnVk.jpg,Russula,Russula,True,0.7625963091850281,0.008126000000629574,MobileNetV2_Pretrained,test
data/processed/test\Russula\530_0Er0JIn-St8.jpg,Russula,Amanita,False,0.6430593729019165,0.007415000000037253,MobileNetV2_Pretrained,test
data/processed/test\Russula\531_nA8Zxo2h3PI.jpg,Russula,Russula,True,0.5252125263214111,0.00761160000001837,MobileNetV2_Pretrained,test
data/processed/test\Russula\533_HFOAEH-GMI8.jpg,Russula,Amanita,False,0.3693317174911499,0.007467999999789754,MobileNetV2_Pretrained,test
data/processed/test\Russula\534_qpoLwy-f_Xo.jpg,Russula,Russula,True,0.8332605957984924,0.006740200000422192,MobileNetV2_Pretrained,test
data/processed/test\Russula\538_KQ94jYukaKU.jpg,Russula,Russula,True,0.49037179350852966,0.0072172000000136904,MobileNetV2_Pretrained,test
data/processed/test\Russula\538_tf4RCsz9upY.jpg,Russula,Russula,True,0.4984571933746338,0.007428200000504148,MobileNetV2_Pretrained,test
data/processed/test\Russula\548_28oWJjM1dis.jpg,Russula,Russula,True,0.6182840466499329,0.008004499999515247,MobileNetV2_Pretrained,test
data/processed/test\Russula\551_wGsl1ac6chs.jpg,Russula,Russula,True,0.7447069883346558,0.007804400000168243,MobileNetV2_Pretrained,test
data/processed/test\Russula\552_ihVJ4T4Sss8.jpg,Russula,Lactarius,False,0.4723615348339081,0.007682999999815365,MobileNetV2_Pretrained,test
data/processed/test\Russula\555_FEOGSD31AJA.jpg,Russula,Boletus,False,0.3810505270957947,0.007344800000282703,MobileNetV2_Pretrained,test
data/processed/test\Russula\556_ppbtXziu5ZQ.jpg,Russula,Lactarius,False,0.4555857181549072,0.006731499999659718,MobileNetV2_Pretrained,test
data/processed/test\Russula\557_QAd1lVBkjXU.jpg,Russula,Lactarius,False,0.5538103580474854,0.0068526999984896975,MobileNetV2_Pretrained,test
data/processed/test\Russula\560_cMc-iWHiAlE.jpg,Russula,Amanita,False,0.43213126063346863,0.0073683999999047955,MobileNetV2_Pretrained,test
data/processed/test\Russula\569_JW9oRUfkNN0.jpg,Russula,Cortinarius,False,0.5867632627487183,0.007542699999248725,MobileNetV2_Pretrained,test
data/processed/test\Russula\572_yBKxg92PsOQ.jpg,Russula,Russula,True,0.6433330178260803,0.007601299999805633,MobileNetV2_Pretrained,test
data/processed/test\Russula\575_gWC0enFjtPM.jpg,Russula,Russula,True,0.903593122959137,0.007661800000278163,MobileNetV2_Pretrained,test
data/processed/test\Russula\580_ntj_DGdqmvA.jpg,Russula,Russula,True,0.9283551573753357,0.007376800000201911,MobileNetV2_Pretrained,test
data/processed/test\Russula\588__rRMnuidFcw.jpg,Russula,Russula,True,0.9411585330963135,0.007563999999547377,MobileNetV2_Pretrained,test
data/processed/test\Russula\590_uV2vuMobSEM.jpg,Russula,Lactarius,False,0.8387720584869385,0.006783200000427314,MobileNetV2_Pretrained,test
data/processed/test\Russula\591_mUNB-xH-tCw.jpg,Russula,Russula,True,0.44270336627960205,0.0072481000006519025,MobileNetV2_Pretrained,test
data/processed/test\Russula\605_KtkMUv-JJ5I.jpg,Russula,Russula,True,0.8204885125160217,0.007487999999284511,MobileNetV2_Pretrained,test
data/processed/test\Russula\608_0aU_jR-I9JA.jpg,Russula,Russula,True,0.9466513395309448,0.007400999998935731,MobileNetV2_Pretrained,test
data/processed/test\Russula\619_iJOS5fLgNQU.jpg,Russula,Russula,True,0.8583669066429138,0.007113499999832129,MobileNetV2_Pretrained,test
data/processed/test\Russula\624_AB7Ht1J6_Ts.jpg,Russula,Russula,True,0.8940924406051636,0.007016899999143789,MobileNetV2_Pretrained,test
data/processed/test\Russula\635_CzRg4ZH0g3s.jpg,Russula,Lactarius,False,0.7037222385406494,0.007019099999524769,MobileNetV2_Pretrained,test
data/processed/test\Russula\650_p3glAsLgTMs.jpg,Russula,Amanita,False,0.6015399694442749,0.007015500001216424,MobileNetV2_Pretrained,test
data/processed/test\Russula\667_m3O20kXwdDE.jpg,Russula,Russula,True,0.9539896249771118,0.006964400001379545,MobileNetV2_Pretrained,test
data/processed/test\Russula\668_5paJFA7_Ua8.jpg,Russula,Russula,True,0.9531105160713196,0.0069777000007889,MobileNetV2_Pretrained,test
data/processed/test\Russula\674_hp6AgJkRPZQ.jpg,Russula,Russula,True,0.9175567030906677,0.007999899999049376,MobileNetV2_Pretrained,test
data/processed/test\Russula\681_EsZTIQlfMjc.jpg,Russula,Lactarius,False,0.3183664381504059,0.007121099999494618,MobileNetV2_Pretrained,test
data/processed/test\Russula\689_A6I1XAc367A.jpg,Russula,Russula,True,0.7965391874313354,0.007954400000016904,MobileNetV2_Pretrained,test
data/processed/test\Russula\703_Nptow3WB0qw.jpg,Russula,Russula,True,0.941654622554779,0.0072457000005670125,MobileNetV2_Pretrained,test
data/processed/test\Russula\705_zyUROKt6OHs.jpg,Russula,Lactarius,False,0.7680106163024902,0.008069500001511187,MobileNetV2_Pretrained,test
data/processed/test\Russula\719_RWQ7F3kVyZ8.jpg,Russula,Russula,True,0.9406387805938721,0.007692299999689567,MobileNetV2_Pretrained,test
data/processed/test\Russula\727_GqKz3HCWl0c.jpg,Russula,Russula,True,0.7177088856697083,0.007460099999661907,MobileNetV2_Pretrained,test
data/processed/test\Russula\728_GKNcKK0yCIc.jpg,Russula,Russula,True,0.7954029440879822,0.0070446999998239335,MobileNetV2_Pretrained,test
data/processed/test\Russula\737_CKVsLcd_U7c.jpg,Russula,Russula,True,0.9900840520858765,0.006687199998850701,MobileNetV2_Pretrained,test
data/processed/test\Russula\738_erZ8MolTf3U.jpg,Russula,Russula,True,0.9734782576560974,0.006960099999560043,MobileNetV2_Pretrained,test
data/processed/test\Russula\756_vp2vfTitRMQ.jpg,Russula,Russula,True,0.8296966552734375,0.007083000000420725,MobileNetV2_Pretrained,test
data/processed/test\Russula\757_iadA7ihhNeQ.jpg,Russula,Lactarius,False,0.4496929347515106,0.007211000000097556,MobileNetV2_Pretrained,test
data/processed/test\Russula\761_PoCeQSN4r0Y.jpg,Russula,Russula,True,0.9758473038673401,0.006900899999891408,MobileNetV2_Pretrained,test
data/processed/test\Russula\764_Km8WK13K9DM.jpg,Russula,Russula,True,0.7480775713920593,0.007093600001098821,MobileNetV2_Pretrained,test
data/processed/test\Russula\773_rvHJQsLi9cg.jpg,Russula,Russula,True,0.9893520474433899,0.0069399000003613764,MobileNetV2_Pretrained,test
data/processed/test\Russula\777_1makiuR24D8.jpg,Russula,Russula,True,0.4763450026512146,0.006955000000743894,MobileNetV2_Pretrained,test
data/processed/test\Russula\781_6bHC50w-YyU.jpg,Russula,Russula,True,0.7089751362800598,0.0071266000013565645,MobileNetV2_Pretrained,test
data/processed/test\Russula\789_ZOAABwfjsvE.jpg,Russula,Agaricus,False,0.3650752902030945,0.007099600001311046,MobileNetV2_Pretrained,test
data/processed/test\Russula\790_XgJL7jUO0n0.jpg,Russula,Russula,True,0.9500692486763,0.007444499999110121,MobileNetV2_Pretrained,test
data/processed/test\Russula\791_bmziJQYOR-0.jpg,Russula,Russula,True,0.7323701977729797,0.0077383000007102964,MobileNetV2_Pretrained,test
data/processed/test\Suillus\004_LMWP6X0bx7g.jpg,Suillus,Lactarius,False,0.7334895133972168,0.007560399999420042,MobileNetV2_Pretrained,test
data/processed/test\Suillus\005_4zrEN39EHeU.jpg,Suillus,Boletus,False,0.5079624056816101,0.006941999999980908,MobileNetV2_Pretrained,test
data/processed/test\Suillus\006_8Su_kJ43Mho.jpg,Suillus,Boletus,False,0.4345335364341736,0.00770600000032573,MobileNetV2_Pretrained,test
data/processed/test\Suillus\013_SzBeuYLeWzY.jpg,Suillus,Suillus,True,0.4354206919670105,0.0076134999999339925,MobileNetV2_Pretrained,test
data/processed/test\Suillus\020_qW3wRprNQuU.jpg,Suillus,Suillus,True,0.5265653133392334,0.009129600000960636,MobileNetV2_Pretrained,test
data/processed/test\Suillus\024_b9YCAgUxfLc.jpg,Suillus,Suillus,True,0.6650279760360718,0.009012200000142911,MobileNetV2_Pretrained,test
data/processed/test\Suillus\035_GGH3qG0fqcg.jpg,Suillus,Boletus,False,0.3004358112812042,0.007554699999673176,MobileNetV2_Pretrained,test
data/processed/test\Suillus\042_S8g3kuvZPb4.jpg,Suillus,Suillus,True,0.43076449632644653,0.007486399999834248,MobileNetV2_Pretrained,test
data/processed/test\Suillus\053_pR_9bsx0WUU.jpg,Suillus,Suillus,True,0.3527139723300934,0.007958899999721325,MobileNetV2_Pretrained,test
data/processed/test\Suillus\057_QjMKHaEMZBI.jpg,Suillus,Lactarius,False,0.6571630835533142,0.007159099999626051,MobileNetV2_Pretrained,test
data/processed/test\Suillus\059_JRPx07CUp9I.jpg,Suillus,Suillus,True,0.33884358406066895,0.0069191000002319925,MobileNetV2_Pretrained,test
data/processed/test\Suillus\060_HFmPuFBK7f4.jpg,Suillus,Suillus,True,0.3744319677352905,0.007016800000201329,MobileNetV2_Pretrained,test
data/processed/test\Suillus\063_DU3VJmB-I14.jpg,Suillus,Suillus,True,0.6073290109634399,0.007011100000454462,MobileNetV2_Pretrained,test
data/processed/test\Suillus\066_uFngOMLuPrE.jpg,Suillus,Hygrocybe,False,0.28985658288002014,0.007644999999683932,MobileNetV2_Pretrained,test
data/processed/test\Suillus\071_pDklNEHcmB8.jpg,Suillus,Boletus,False,0.4139693081378937,0.0069875000008323696,MobileNetV2_Pretrained,test
data/processed/test\Suillus\072_qfIXcNPk1eM.jpg,Suillus,Boletus,False,0.3834983706474304,0.0072754000011627795,MobileNetV2_Pretrained,test
data/processed/test\Suillus\076_eqA9_q6_9JU.jpg,Suillus,Suillus,True,0.7726695537567139,0.006918899998709094,MobileNetV2_Pretrained,test
data/processed/test\Suillus\103_jpMZm4FpWNQ.jpg,Suillus,Suillus,True,0.850786030292511,0.00697789999867382,MobileNetV2_Pretrained,test
data/processed/test\Suillus\105_ywBhq3G8x-g.jpg,Suillus,Suillus,True,0.7405678033828735,0.006956400000490248,MobileNetV2_Pretrained,test
data/processed/test\Suillus\109_BXGWNC8c4aw.jpg,Suillus,Boletus,False,0.9245783686637878,0.007042000001092674,MobileNetV2_Pretrained,test
data/processed/test\Suillus\110_GXWZjkiIn3U.jpg,Suillus,Boletus,False,0.5928303003311157,0.0074421999997866806,MobileNetV2_Pretrained,test
data/processed/test\Suillus\123_CK6TqHiLN8s.jpg,Suillus,Cortinarius,False,0.4060124158859253,0.007161999999880209,MobileNetV2_Pretrained,test
data/processed/test\Suillus\124_A3Rr6EGcEuc.jpg,Suillus,Cortinarius,False,0.5676408410072327,0.006935900000826223,MobileNetV2_Pretrained,test
data/processed/test\Suillus\135_jpc6hxtvXcY.jpg,Suillus,Boletus,False,0.44741904735565186,0.006913100000019767,MobileNetV2_Pretrained,test
data/processed/test\Suillus\140_AElK4TLjpHw.jpg,Suillus,Cortinarius,False,0.4227593243122101,0.007072500000504078,MobileNetV2_Pretrained,test
data/processed/test\Suillus\143_4I78Lp4NctA.jpg,Suillus,Suillus,True,0.276922345161438,0.006983999999647494,MobileNetV2_Pretrained,test
data/processed/test\Suillus\150_jLg9QQo1nOg.jpg,Suillus,Lactarius,False,0.3763880133628845,0.006937500000276486,MobileNetV2_Pretrained,test
data/processed/test\Suillus\152_uGhPmWPTFe8.jpg,Suillus,Inocybe,False,0.5914765000343323,0.007033199999568751,MobileNetV2_Pretrained,test
data/processed/test\Suillus\153_iWtEXcs9CUw.jpg,Suillus,Amanita,False,0.30815330147743225,0.0072350999998889165,MobileNetV2_Pretrained,test
data/processed/test\Suillus\159_8OhWm5aBdYo.jpg,Suillus,Suillus,True,0.8213067650794983,0.00696090000019467,MobileNetV2_Pretrained,test
data/processed/test\Suillus\174_G_tZXZc2BS8.jpg,Suillus,Agaricus,False,0.42654821276664734,0.007081200001266552,MobileNetV2_Pretrained,test
data/processed/test\Suillus\186_Zx-rs9g1O2M.jpg,Suillus,Suillus,True,0.5357680916786194,0.0068175999986124225,MobileNetV2_Pretrained,test
data/processed/test\Suillus\187_rbfGR0jzf1M.jpg,Suillus,Suillus,True,0.5998263955116272,0.00670689999969909,MobileNetV2_Pretrained,test
data/processed/test\Suillus\195_4bcpABEJmZ0.jpg,Suillus,Hygrocybe,False,0.43159911036491394,0.007712299999184324,MobileNetV2_Pretrained,test
data/processed/test\Suillus\197_0xmjWv0BbOU.jpg,Suillus,Suillus,True,0.9403436183929443,0.006942699999854085,MobileNetV2_Pretrained,test
data/processed/test\Suillus\209_7dBOxsmYgEg.jpg,Suillus,Suillus,True,0.6269991397857666,0.00757789999988745,MobileNetV2_Pretrained,test
data/processed/test\Suillus\217_ZAXchPHjhcE.jpg,Suillus,Lactarius,False,0.3358195722103119,0.008172599998943042,MobileNetV2_Pretrained,test
data/processed/test\Suillus\228_LjjB-u2A1pU.jpg,Suillus,Boletus,False,0.49216580390930176,0.007325700000365032,MobileNetV2_Pretrained,test
data/processed/test\Suillus\239_pLvnF05ewak.jpg,Suillus,Boletus,False,0.5135974287986755,0.007285499999852618,MobileNetV2_Pretrained,test
data/processed/test\Suillus\246_dDYtt6MpmiI.jpg,Suillus,Boletus,False,0.8598511219024658,0.007416099999318249,MobileNetV2_Pretrained,test
data/processed/test\Suillus\255_9-ELp1gnP9Q.jpg,Suillus,Lactarius,False,0.33343642950057983,0.00790900000174588,MobileNetV2_Pretrained,test
data/processed/test\Suillus\286_3SyGqemn_aQ.jpg,Suillus,Suillus,True,0.5628575086593628,0.00746640000033949,MobileNetV2_Pretrained,test
data/processed/test\Suillus\287_uBlS4Qgx1HQ.jpg,Suillus,Suillus,True,0.8400022983551025,0.008087800000794232,MobileNetV2_Pretrained,test
data/processed/test\Suillus\289_BYUT_xNeNAg.jpg,Suillus,Suillus,True,0.4756130874156952,0.007629699999597506,MobileNetV2_Pretrained,test
data/processed/test\Suillus\293_zL8A0olEfaA.jpg,Suillus,Cortinarius,False,0.3824412226676941,0.007840899999791873,MobileNetV2_Pretrained,test
data/processed/test\Suillus\294_BX6ekzpPLto.jpg,Suillus,Suillus,True,0.5125306844711304,0.007270800000696909,MobileNetV2_Pretrained,test
data/processed/test\Suillus\302_C8yj39nTbnM.jpg,Suillus,Lactarius,False,0.7876532077789307,0.00856250000106229,MobileNetV2_Pretrained,test
data/processed/test\Suillus\324_nslhbQyQ1Gk.jpg,Suillus,Lactarius,False,0.3898763060569763,0.008163899999999558,MobileNetV2_Pretrained,test
